ts,kind,level_2,variable,value
0,y,0,y__variance_larger_than_standard_deviation,1.0
0,y,1,y__has_duplicate_max,1.0
0,y,2,y__has_duplicate_min,1.0
0,y,3,y__has_duplicate,1.0
0,y,4,y__sum_values,22.478303863965564
0,y,5,y__abs_energy,5982.009516087036
0,y,6,y__mean_abs_change,0.12169093359471461
0,y,7,y__mean_change,-1.5134318138429928e-05
0,y,8,y__mean_second_derivative_central,1.0146495424221691e-05
0,y,9,y__median,-0.003397856043792306
0,y,10,y__mean,0.004495660772793113
0,y,11,y__length,5000.0
0,y,12,y__standard_deviation,1.0937923442096416
0,y,13,y__variation_coefficient,243.2995725186975
0,y,14,y__variance,1.196381692251623
0,y,15,y__skewness,0.003992943486512295
0,y,16,y__kurtosis,-1.516769084473559
0,y,17,y__root_mean_square,1.0938015831115837
0,y,18,y__absolute_sum_of_changes,608.3329770399783
0,y,19,y__longest_strike_below_mean,51.0
0,y,20,y__longest_strike_above_mean,51.0
0,y,21,y__count_above_mean,2493.0
0,y,22,y__count_below_mean,2507.0
0,y,23,y__last_location_of_maximum,0.988
0,y,24,y__first_location_of_maximum,0.0064
0,y,25,y__last_location_of_minimum,0.9706
0,y,26,y__first_location_of_minimum,0.0146
0,y,27,y__percentage_of_reoccurring_values_to_all_values,0.0004186728072011723
0,y,28,y__percentage_of_reoccurring_datapoints_to_all_datapoints,0.045
0,y,29,y__sum_of_reoccurring_values,0.028474532034622912
0,y,30,y__sum_of_reoccurring_data_points,36.618608727484286
0,y,31,y__ratio_value_number_to_time_series_length,0.9554
0,y,32,y__sample_entropy,0.22289565533454134
0,y,33,y__maximum,1.6054384028548938
0,y,34,y__absolute_maximum,1.6054384028548938
0,y,35,y__minimum,-1.576963870820271
0,y,36,y__benford_correlation,0.8516583405344357
0,y,37,y__time_reversal_asymmetry_statistic__lag_1,-0.0009319459030504276
0,y,38,y__time_reversal_asymmetry_statistic__lag_2,-0.0014137513874673837
0,y,39,y__time_reversal_asymmetry_statistic__lag_3,-0.0026908554437776507
0,y,40,y__c3__lag_1,0.010890411834445637
0,y,41,y__c3__lag_2,0.011086112573746249
0,y,42,y__c3__lag_3,0.010260535253486372
0,y,43,y__cid_ce__normalize_True,17.00360318766606
0,y,44,y__cid_ce__normalize_False,18.598410990647793
0,y,45,y__symmetry_looking__r_0.0,0.0
0,y,46,y__symmetry_looking__r_0.05,1.0
0,y,47,y__symmetry_looking__r_0.1,1.0
0,y,48,y__symmetry_looking__r_0.15000000000000002,1.0
0,y,49,y__symmetry_looking__r_0.2,1.0
0,y,50,y__symmetry_looking__r_0.25,1.0
0,y,51,y__symmetry_looking__r_0.30000000000000004,1.0
0,y,52,y__symmetry_looking__r_0.35000000000000003,1.0
0,y,53,y__symmetry_looking__r_0.4,1.0
0,y,54,y__symmetry_looking__r_0.45,1.0
0,y,55,y__symmetry_looking__r_0.5,1.0
0,y,56,y__symmetry_looking__r_0.55,1.0
0,y,57,y__symmetry_looking__r_0.6000000000000001,1.0
0,y,58,y__symmetry_looking__r_0.65,1.0
0,y,59,y__symmetry_looking__r_0.7000000000000001,1.0
0,y,60,y__symmetry_looking__r_0.75,1.0
0,y,61,y__symmetry_looking__r_0.8,1.0
0,y,62,y__symmetry_looking__r_0.8500000000000001,1.0
0,y,63,y__symmetry_looking__r_0.9,1.0
0,y,64,y__symmetry_looking__r_0.9500000000000001,1.0
0,y,65,y__large_standard_deviation__r_0.05,1.0
0,y,66,y__large_standard_deviation__r_0.1,1.0
0,y,67,y__large_standard_deviation__r_0.15000000000000002,1.0
0,y,68,y__large_standard_deviation__r_0.2,1.0
0,y,69,y__large_standard_deviation__r_0.25,1.0
0,y,70,y__large_standard_deviation__r_0.30000000000000004,1.0
0,y,71,y__large_standard_deviation__r_0.35000000000000003,0.0
0,y,72,y__large_standard_deviation__r_0.4,0.0
0,y,73,y__large_standard_deviation__r_0.45,0.0
0,y,74,y__large_standard_deviation__r_0.5,0.0
0,y,75,y__large_standard_deviation__r_0.55,0.0
0,y,76,y__large_standard_deviation__r_0.6000000000000001,0.0
0,y,77,y__large_standard_deviation__r_0.65,0.0
0,y,78,y__large_standard_deviation__r_0.7000000000000001,0.0
0,y,79,y__large_standard_deviation__r_0.75,0.0
0,y,80,y__large_standard_deviation__r_0.8,0.0
0,y,81,y__large_standard_deviation__r_0.8500000000000001,0.0
0,y,82,y__large_standard_deviation__r_0.9,0.0
0,y,83,y__large_standard_deviation__r_0.9500000000000001,0.0
0,y,84,y__quantile__q_0.1,-1.4444657251808026
0,y,85,y__quantile__q_0.2,-1.2506198570243225
0,y,86,y__quantile__q_0.3,-0.927851023261765
0,y,87,y__quantile__q_0.4,-0.4870017039743926
0,y,88,y__quantile__q_0.6,0.48594539676582527
0,y,89,y__quantile__q_0.7,0.926329980463293
0,y,90,y__quantile__q_0.8,1.2612189160204783
0,y,91,y__quantile__q_0.9,1.4491435392633476
0,y,92,y__autocorrelation__lag_0,1.0
0,y,93,y__autocorrelation__lag_1,0.9712817581369891
0,y,94,y__autocorrelation__lag_2,0.9660276268748202
0,y,95,y__autocorrelation__lag_3,0.9549841420050775
0,y,96,y__autocorrelation__lag_4,0.9415633371485518
0,y,97,y__autocorrelation__lag_5,0.9254579795383978
0,y,98,y__autocorrelation__lag_6,0.9041650532883352
0,y,99,y__autocorrelation__lag_7,0.8810273281989947
0,y,100,y__autocorrelation__lag_8,0.8532268067781971
0,y,101,y__autocorrelation__lag_9,0.8216908418601616
0,y,102,"y__agg_autocorrelation__f_agg_""mean""__maxlag_40",0.20740000483455487
0,y,103,"y__agg_autocorrelation__f_agg_""median""__maxlag_40",0.27348776057734814
0,y,104,"y__agg_autocorrelation__f_agg_""var""__maxlag_40",0.3361862113937145
0,y,105,y__partial_autocorrelation__lag_0,1.0
0,y,106,y__partial_autocorrelation__lag_1,0.9712817581369892
0,y,107,y__partial_autocorrelation__lag_2,0.3999059322607913
0,y,108,y__partial_autocorrelation__lag_3,0.07366849413399464
0,y,109,y__partial_autocorrelation__lag_4,-0.07015127577981164
0,y,110,y__partial_autocorrelation__lag_5,-0.123521059527782
0,y,111,y__partial_autocorrelation__lag_6,-0.1923055382530499
0,y,112,y__partial_autocorrelation__lag_7,-0.17463434481461673
0,y,113,y__partial_autocorrelation__lag_8,-0.19159321450776992
0,y,114,y__partial_autocorrelation__lag_9,-0.20404322072718617
0,y,115,y__number_cwt_peaks__n_1,296.0
0,y,116,y__number_cwt_peaks__n_5,256.0
0,y,117,y__number_peaks__n_1,697.0
0,y,118,y__number_peaks__n_3,155.0
0,y,119,y__number_peaks__n_5,115.0
0,y,120,y__number_peaks__n_10,73.0
0,y,121,y__number_peaks__n_50,16.0
0,y,122,y__binned_entropy__max_bins_10,2.2009203688130468
0,y,123,y__index_mass_quantile__q_0.1,0.1016
0,y,124,y__index_mass_quantile__q_0.2,0.2024
0,y,125,y__index_mass_quantile__q_0.3,0.3032
0,y,126,y__index_mass_quantile__q_0.4,0.4036
0,y,127,y__index_mass_quantile__q_0.6,0.6034
0,y,128,y__index_mass_quantile__q_0.7,0.7014
0,y,129,y__index_mass_quantile__q_0.8,0.7986
0,y,130,y__index_mass_quantile__q_0.9,0.899
0,y,131,"y__cwt_coefficients__coeff_0__w_2__widths_(2, 5, 10, 20)",-0.19003163488062202
0,y,132,"y__cwt_coefficients__coeff_0__w_5__widths_(2, 5, 10, 20)",-0.827722589624369
0,y,133,"y__cwt_coefficients__coeff_0__w_10__widths_(2, 5, 10, 20)",-1.7418804840520656
0,y,134,"y__cwt_coefficients__coeff_0__w_20__widths_(2, 5, 10, 20)",-0.5483194831525273
0,y,135,"y__cwt_coefficients__coeff_1__w_2__widths_(2, 5, 10, 20)",-0.20074797922429186
0,y,136,"y__cwt_coefficients__coeff_1__w_5__widths_(2, 5, 10, 20)",-0.8098689983721229
0,y,137,"y__cwt_coefficients__coeff_1__w_10__widths_(2, 5, 10, 20)",-1.6390032669631194
0,y,138,"y__cwt_coefficients__coeff_1__w_20__widths_(2, 5, 10, 20)",-0.22389010100619391
0,y,139,"y__cwt_coefficients__coeff_2__w_2__widths_(2, 5, 10, 20)",-0.17617803039766475
0,y,140,"y__cwt_coefficients__coeff_2__w_5__widths_(2, 5, 10, 20)",-0.7551755326804652
0,y,141,"y__cwt_coefficients__coeff_2__w_10__widths_(2, 5, 10, 20)",-1.507987579074275
0,y,142,"y__cwt_coefficients__coeff_2__w_20__widths_(2, 5, 10, 20)",0.09544384084277649
0,y,143,"y__cwt_coefficients__coeff_3__w_2__widths_(2, 5, 10, 20)",-0.12496984664817701
0,y,144,"y__cwt_coefficients__coeff_3__w_5__widths_(2, 5, 10, 20)",-0.6607606021417616
0,y,145,"y__cwt_coefficients__coeff_3__w_10__widths_(2, 5, 10, 20)",-1.342233704710996
0,y,146,"y__cwt_coefficients__coeff_3__w_20__widths_(2, 5, 10, 20)",0.47524934706049227
0,y,147,"y__cwt_coefficients__coeff_4__w_2__widths_(2, 5, 10, 20)",-0.06732456473037367
0,y,148,"y__cwt_coefficients__coeff_4__w_5__widths_(2, 5, 10, 20)",-0.5447398744428071
0,y,149,"y__cwt_coefficients__coeff_4__w_10__widths_(2, 5, 10, 20)",-1.149482231066035
0,y,150,"y__cwt_coefficients__coeff_4__w_20__widths_(2, 5, 10, 20)",0.8490581900039857
0,y,151,"y__cwt_coefficients__coeff_5__w_2__widths_(2, 5, 10, 20)",-0.01878195608334703
0,y,152,"y__cwt_coefficients__coeff_5__w_5__widths_(2, 5, 10, 20)",-0.4044566178062473
0,y,153,"y__cwt_coefficients__coeff_5__w_10__widths_(2, 5, 10, 20)",-0.9309687672092649
0,y,154,"y__cwt_coefficients__coeff_5__w_20__widths_(2, 5, 10, 20)",1.2293052838296812
0,y,155,"y__cwt_coefficients__coeff_6__w_2__widths_(2, 5, 10, 20)",0.01722066254409356
0,y,156,"y__cwt_coefficients__coeff_6__w_5__widths_(2, 5, 10, 20)",-0.25921934846779304
0,y,157,"y__cwt_coefficients__coeff_6__w_10__widths_(2, 5, 10, 20)",-0.690179197652336
0,y,158,"y__cwt_coefficients__coeff_6__w_20__widths_(2, 5, 10, 20)",1.6384545192204996
0,y,159,"y__cwt_coefficients__coeff_7__w_2__widths_(2, 5, 10, 20)",0.04225060008646886
0,y,160,"y__cwt_coefficients__coeff_7__w_5__widths_(2, 5, 10, 20)",-0.1160692436689441
0,y,161,"y__cwt_coefficients__coeff_7__w_10__widths_(2, 5, 10, 20)",-0.43037597579395365
0,y,162,"y__cwt_coefficients__coeff_7__w_20__widths_(2, 5, 10, 20)",2.0196835042773476
0,y,163,"y__cwt_coefficients__coeff_8__w_2__widths_(2, 5, 10, 20)",0.057887925008258456
0,y,164,"y__cwt_coefficients__coeff_8__w_5__widths_(2, 5, 10, 20)",0.016617634261933814
0,y,165,"y__cwt_coefficients__coeff_8__w_10__widths_(2, 5, 10, 20)",-0.15852053955753684
0,y,166,"y__cwt_coefficients__coeff_8__w_20__widths_(2, 5, 10, 20)",2.4618520131457293
0,y,167,"y__cwt_coefficients__coeff_9__w_2__widths_(2, 5, 10, 20)",0.06302748417916414
0,y,168,"y__cwt_coefficients__coeff_9__w_5__widths_(2, 5, 10, 20)",0.13203139631227817
0,y,169,"y__cwt_coefficients__coeff_9__w_10__widths_(2, 5, 10, 20)",0.12412062068274123
0,y,170,"y__cwt_coefficients__coeff_9__w_20__widths_(2, 5, 10, 20)",2.8862685474714933
0,y,171,"y__cwt_coefficients__coeff_10__w_2__widths_(2, 5, 10, 20)",0.0526751207258205
0,y,172,"y__cwt_coefficients__coeff_10__w_5__widths_(2, 5, 10, 20)",0.23107730235329146
0,y,173,"y__cwt_coefficients__coeff_10__w_10__widths_(2, 5, 10, 20)",0.41223786027467635
0,y,174,"y__cwt_coefficients__coeff_10__w_20__widths_(2, 5, 10, 20)",3.305916836437631
0,y,175,"y__cwt_coefficients__coeff_11__w_2__widths_(2, 5, 10, 20)",0.03170470467073651
0,y,176,"y__cwt_coefficients__coeff_11__w_5__widths_(2, 5, 10, 20)",0.30978251075281277
0,y,177,"y__cwt_coefficients__coeff_11__w_10__widths_(2, 5, 10, 20)",0.6974002752891884
0,y,178,"y__cwt_coefficients__coeff_11__w_20__widths_(2, 5, 10, 20)",3.7347764938803616
0,y,179,"y__cwt_coefficients__coeff_12__w_2__widths_(2, 5, 10, 20)",0.022783136928771843
0,y,180,"y__cwt_coefficients__coeff_12__w_5__widths_(2, 5, 10, 20)",0.3733732563352858
0,y,181,"y__cwt_coefficients__coeff_12__w_10__widths_(2, 5, 10, 20)",0.9844915626480608
0,y,182,"y__cwt_coefficients__coeff_12__w_20__widths_(2, 5, 10, 20)",4.121752483603765
0,y,183,"y__cwt_coefficients__coeff_13__w_2__widths_(2, 5, 10, 20)",0.039474939293405086
0,y,184,"y__cwt_coefficients__coeff_13__w_5__widths_(2, 5, 10, 20)",0.42270559121200213
0,y,185,"y__cwt_coefficients__coeff_13__w_10__widths_(2, 5, 10, 20)",1.2563870387125073
0,y,186,"y__cwt_coefficients__coeff_13__w_20__widths_(2, 5, 10, 20)",4.566578107784616
0,y,187,"y__cwt_coefficients__coeff_14__w_2__widths_(2, 5, 10, 20)",0.0626789708015123
0,y,188,"y__cwt_coefficients__coeff_14__w_5__widths_(2, 5, 10, 20)",0.46859387292202503
0,y,189,"y__cwt_coefficients__coeff_14__w_10__widths_(2, 5, 10, 20)",1.5215340374081978
0,y,190,"y__cwt_coefficients__coeff_14__w_20__widths_(2, 5, 10, 20)",4.976921241909232
0,y,191,y__spkt_welch_density__coeff_2,130.99468161919134
0,y,192,y__spkt_welch_density__coeff_5,0.14325107653483923
0,y,193,y__spkt_welch_density__coeff_8,0.1746474180560314
0,y,194,y__ar_coefficient__coeff_0__k_10,0.00013030877734134606
0,y,195,y__ar_coefficient__coeff_1__k_10,0.3917542347168207
0,y,196,y__ar_coefficient__coeff_2__k_10,0.33880408589704686
0,y,197,y__ar_coefficient__coeff_3__k_10,0.2029252879003779
0,y,198,y__ar_coefficient__coeff_4__k_10,0.1451622292998859
0,y,199,y__ar_coefficient__coeff_5__k_10,0.13317886450783087
0,y,200,y__ar_coefficient__coeff_6__k_10,0.042353053141439716
0,y,201,y__ar_coefficient__coeff_7__k_10,0.03383417799013645
0,y,202,y__ar_coefficient__coeff_8__k_10,-0.02945511441814644
0,y,203,y__ar_coefficient__coeff_9__k_10,-0.1208675307170919
0,y,204,y__ar_coefficient__coeff_10__k_10,-0.18332918600776524
0,y,205,"y__change_quantiles__f_agg_""mean""__isabs_False__qh_0.2__ql_0.0",-0.00047071796743673445
0,y,206,"y__change_quantiles__f_agg_""var""__isabs_False__qh_0.2__ql_0.0",0.004090418301292632
0,y,207,"y__change_quantiles__f_agg_""mean""__isabs_True__qh_0.2__ql_0.0",0.04690470074138331
0,y,208,"y__change_quantiles__f_agg_""var""__isabs_True__qh_0.2__ql_0.0",0.0018905889250587756
0,y,209,"y__change_quantiles__f_agg_""mean""__isabs_False__qh_0.4__ql_0.0",-0.0008025585248176526
0,y,210,"y__change_quantiles__f_agg_""var""__isabs_False__qh_0.4__ql_0.0",0.026643940114575583
0,y,211,"y__change_quantiles__f_agg_""mean""__isabs_True__qh_0.4__ql_0.0",0.08581694267136321
0,y,212,"y__change_quantiles__f_agg_""var""__isabs_True__qh_0.4__ql_0.0",0.0192800365653013
0,y,213,"y__change_quantiles__f_agg_""mean""__isabs_False__qh_0.6__ql_0.0",-0.0002729746078651163
0,y,214,"y__change_quantiles__f_agg_""var""__isabs_False__qh_0.6__ql_0.0",0.054826054659062734
0,y,215,"y__change_quantiles__f_agg_""mean""__isabs_True__qh_0.6__ql_0.0",0.11120005041404028
0,y,216,"y__change_quantiles__f_agg_""var""__isabs_True__qh_0.6__ql_0.0",0.042460677962114175
0,y,217,"y__change_quantiles__f_agg_""mean""__isabs_False__qh_0.8__ql_0.0",-0.0006281965342284878
0,y,218,"y__change_quantiles__f_agg_""var""__isabs_False__qh_0.8__ql_0.0",0.043342891275494205
0,y,219,"y__change_quantiles__f_agg_""mean""__isabs_True__qh_0.8__ql_0.0",0.10268900114817937
0,y,220,"y__change_quantiles__f_agg_""var""__isabs_True__qh_0.8__ql_0.0",0.03279825494956905
0,y,221,"y__change_quantiles__f_agg_""mean""__isabs_False__qh_1.0__ql_0.0",-1.5134318138430013e-05
0,y,222,"y__change_quantiles__f_agg_""var""__isabs_False__qh_1.0__ql_0.0",0.0691940168497779
0,y,223,"y__change_quantiles__f_agg_""mean""__isabs_True__qh_1.0__ql_0.0",0.12169093359471461
0,y,224,"y__change_quantiles__f_agg_""var""__isabs_True__qh_1.0__ql_0.0",0.05438533375967224
0,y,225,"y__change_quantiles__f_agg_""mean""__isabs_False__qh_0.4__ql_0.2",-0.0012808198400477999
0,y,226,"y__change_quantiles__f_agg_""var""__isabs_False__qh_0.4__ql_0.2",0.006754056599265169
0,y,227,"y__change_quantiles__f_agg_""mean""__isabs_True__qh_0.4__ql_0.2",0.07228628376969631
0,y,228,"y__change_quantiles__f_agg_""var""__isabs_True__qh_0.4__ql_0.2",0.0015303902774947678
0,y,229,"y__change_quantiles__f_agg_""mean""__isabs_False__qh_0.6__ql_0.2",-0.001154821189865435
0,y,230,"y__change_quantiles__f_agg_""var""__isabs_False__qh_0.6__ql_0.2",0.00862623832664222
0,y,231,"y__change_quantiles__f_agg_""mean""__isabs_True__qh_0.6__ql_0.2",0.08309549934123422
0,y,232,"y__change_quantiles__f_agg_""var""__isabs_True__qh_0.6__ql_0.2",0.0017227099278537248
0,y,233,"y__change_quantiles__f_agg_""mean""__isabs_False__qh_0.8__ql_0.2",-0.0013524185187832507
0,y,234,"y__change_quantiles__f_agg_""var""__isabs_False__qh_0.8__ql_0.2",0.008303199666011798
0,y,235,"y__change_quantiles__f_agg_""mean""__isabs_True__qh_0.8__ql_0.2",0.08075240252720499
0,y,236,"y__change_quantiles__f_agg_""var""__isabs_True__qh_0.8__ql_0.2",0.0017840781879460022
0,y,237,"y__change_quantiles__f_agg_""mean""__isabs_False__qh_1.0__ql_0.2",-0.00035076580229564155
0,y,238,"y__change_quantiles__f_agg_""var""__isabs_False__qh_1.0__ql_0.2",0.05185843962949825
0,y,239,"y__change_quantiles__f_agg_""mean""__isabs_True__qh_1.0__ql_0.2",0.11164924260287017
0,y,240,"y__change_quantiles__f_agg_""var""__isabs_True__qh_1.0__ql_0.2",0.03939300929235176
0,y,241,"y__change_quantiles__f_agg_""mean""__isabs_False__qh_0.6__ql_0.4",-0.0017544318336812899
0,y,242,"y__change_quantiles__f_agg_""var""__isabs_False__qh_0.6__ql_0.4",0.009997788739625363
0,y,243,"y__change_quantiles__f_agg_""mean""__isabs_True__qh_0.6__ql_0.4",0.09127883441042035
0,y,244,"y__change_quantiles__f_agg_""var""__isabs_True__qh_0.6__ql_0.4",0.0016690411593594556
0,y,245,"y__change_quantiles__f_agg_""mean""__isabs_False__qh_0.8__ql_0.4",-0.0017422368906917288
0,y,246,"y__change_quantiles__f_agg_""var""__isabs_False__qh_0.8__ql_0.4",0.008781266229413387
0,y,247,"y__change_quantiles__f_agg_""mean""__isabs_True__qh_0.8__ql_0.4",0.08338368410057992
0,y,248,"y__change_quantiles__f_agg_""var""__isabs_True__qh_0.8__ql_0.4",0.001831462844611369
0,y,249,"y__change_quantiles__f_agg_""mean""__isabs_False__qh_1.0__ql_0.4",-0.00026231622658494716
0,y,250,"y__change_quantiles__f_agg_""var""__isabs_False__qh_1.0__ql_0.4",0.06636687507890178
0,y,251,"y__change_quantiles__f_agg_""mean""__isabs_True__qh_1.0__ql_0.4",0.12334318528523565
0,y,252,"y__change_quantiles__f_agg_""var""__isabs_True__qh_1.0__ql_0.4",0.051153402532396544
0,y,253,"y__change_quantiles__f_agg_""mean""__isabs_False__qh_0.8__ql_0.6",-0.0016142633671359006
0,y,254,"y__change_quantiles__f_agg_""var""__isabs_False__qh_0.8__ql_0.6",0.00707089633227834
0,y,255,"y__change_quantiles__f_agg_""mean""__isabs_True__qh_0.8__ql_0.6",0.07288675324950206
0,y,256,"y__change_quantiles__f_agg_""var""__isabs_True__qh_0.8__ql_0.6",0.0017610233792430192
0,y,257,"y__change_quantiles__f_agg_""mean""__isabs_False__qh_1.0__ql_0.6",0.0005968876123445902
0,y,258,"y__change_quantiles__f_agg_""var""__isabs_False__qh_1.0__ql_0.6",0.03667191029144339
0,y,259,"y__change_quantiles__f_agg_""mean""__isabs_True__qh_1.0__ql_0.6",0.09851259373308231
0,y,260,"y__change_quantiles__f_agg_""var""__isabs_True__qh_1.0__ql_0.6",0.026967535442245828
0,y,261,"y__change_quantiles__f_agg_""mean""__isabs_False__qh_1.0__ql_0.8",-0.0021528101687785886
0,y,262,"y__change_quantiles__f_agg_""var""__isabs_False__qh_1.0__ql_0.8",0.0053246998939537864
0,y,263,"y__change_quantiles__f_agg_""mean""__isabs_True__qh_1.0__ql_0.8",0.0503237065643411
0,y,264,"y__change_quantiles__f_agg_""var""__isabs_True__qh_1.0__ql_0.8",0.0027968590432026754
0,y,265,"y__fft_coefficient__attr_""real""__coeff_0",22.47830386396557
0,y,266,"y__fft_coefficient__attr_""real""__coeff_1",8.60003903834304
0,y,267,"y__fft_coefficient__attr_""real""__coeff_2",-6.57298285037019
0,y,268,"y__fft_coefficient__attr_""real""__coeff_3",6.323387432586305
0,y,269,"y__fft_coefficient__attr_""real""__coeff_4",2.4303980948756267
0,y,270,"y__fft_coefficient__attr_""real""__coeff_5",1.0170469964993156
0,y,271,"y__fft_coefficient__attr_""real""__coeff_6",-0.024026813232457478
0,y,272,"y__fft_coefficient__attr_""real""__coeff_7",0.6234292941169328
0,y,273,"y__fft_coefficient__attr_""real""__coeff_8",5.313776787782159
0,y,274,"y__fft_coefficient__attr_""real""__coeff_9",-1.7635743489582505
0,y,275,"y__fft_coefficient__attr_""real""__coeff_10",4.257279236263667
0,y,276,"y__fft_coefficient__attr_""real""__coeff_11",2.4142928232298613
0,y,277,"y__fft_coefficient__attr_""real""__coeff_12",0.9403218925373773
0,y,278,"y__fft_coefficient__attr_""real""__coeff_13",8.00823830938539
0,y,279,"y__fft_coefficient__attr_""real""__coeff_14",-10.367631558145444
0,y,280,"y__fft_coefficient__attr_""real""__coeff_15",2.910702527871031
0,y,281,"y__fft_coefficient__attr_""real""__coeff_16",0.8061856516299035
0,y,282,"y__fft_coefficient__attr_""real""__coeff_17",16.635734879048183
0,y,283,"y__fft_coefficient__attr_""real""__coeff_18",-14.784040538419188
0,y,284,"y__fft_coefficient__attr_""real""__coeff_19",2.88377731682493
0,y,285,"y__fft_coefficient__attr_""real""__coeff_20",1.900391382633852
0,y,286,"y__fft_coefficient__attr_""real""__coeff_21",5.479779845752994
0,y,287,"y__fft_coefficient__attr_""real""__coeff_22",5.6822065816901075
0,y,288,"y__fft_coefficient__attr_""real""__coeff_23",15.896363781212512
0,y,289,"y__fft_coefficient__attr_""real""__coeff_24",-11.372448771913117
0,y,290,"y__fft_coefficient__attr_""real""__coeff_25",-13.35231761931043
0,y,291,"y__fft_coefficient__attr_""real""__coeff_26",-14.247968825774745
0,y,292,"y__fft_coefficient__attr_""real""__coeff_27",-0.518550199415527
0,y,293,"y__fft_coefficient__attr_""real""__coeff_28",-9.879426658292061
0,y,294,"y__fft_coefficient__attr_""real""__coeff_29",9.66910567455722
0,y,295,"y__fft_coefficient__attr_""real""__coeff_30",-3.3311385274564853
0,y,296,"y__fft_coefficient__attr_""real""__coeff_31",-14.853869818732617
0,y,297,"y__fft_coefficient__attr_""real""__coeff_32",-1.3615036588602587
0,y,298,"y__fft_coefficient__attr_""real""__coeff_33",13.663568739279755
0,y,299,"y__fft_coefficient__attr_""real""__coeff_34",4.340151066531709
0,y,300,"y__fft_coefficient__attr_""real""__coeff_35",7.836742631668721
0,y,301,"y__fft_coefficient__attr_""real""__coeff_36",12.419617222665725
0,y,302,"y__fft_coefficient__attr_""real""__coeff_37",-11.001110504017227
0,y,303,"y__fft_coefficient__attr_""real""__coeff_38",3.773325978113585
0,y,304,"y__fft_coefficient__attr_""real""__coeff_39",-12.68139452610481
0,y,305,"y__fft_coefficient__attr_""real""__coeff_40",1.268751955691923
0,y,306,"y__fft_coefficient__attr_""real""__coeff_41",-10.327375945250196
0,y,307,"y__fft_coefficient__attr_""real""__coeff_42",9.70544852092314
0,y,308,"y__fft_coefficient__attr_""real""__coeff_43",-1.7812804500167492
0,y,309,"y__fft_coefficient__attr_""real""__coeff_44",-3.586859902438175
0,y,310,"y__fft_coefficient__attr_""real""__coeff_45",-4.2718227011407075
0,y,311,"y__fft_coefficient__attr_""real""__coeff_46",-4.905105695641721
0,y,312,"y__fft_coefficient__attr_""real""__coeff_47",3.0752436020779763
0,y,313,"y__fft_coefficient__attr_""real""__coeff_48",7.36527192456283
0,y,314,"y__fft_coefficient__attr_""real""__coeff_49",-15.420202565022581
0,y,315,"y__fft_coefficient__attr_""real""__coeff_50",-1.7586990064024426
0,y,316,"y__fft_coefficient__attr_""real""__coeff_51",-4.749362784160424
0,y,317,"y__fft_coefficient__attr_""real""__coeff_52",5.413178521035446
0,y,318,"y__fft_coefficient__attr_""real""__coeff_53",3.8466716265722427
0,y,319,"y__fft_coefficient__attr_""real""__coeff_54",-2.3212513914407538
0,y,320,"y__fft_coefficient__attr_""real""__coeff_55",-2.943373160432226
0,y,321,"y__fft_coefficient__attr_""real""__coeff_56",3.2324857790404398
0,y,322,"y__fft_coefficient__attr_""real""__coeff_57",5.556314954798862
0,y,323,"y__fft_coefficient__attr_""real""__coeff_58",4.303236141404149
0,y,324,"y__fft_coefficient__attr_""real""__coeff_59",-16.858946300705732
0,y,325,"y__fft_coefficient__attr_""real""__coeff_60",-1.486936661643833
0,y,326,"y__fft_coefficient__attr_""real""__coeff_61",-6.400825244820566
0,y,327,"y__fft_coefficient__attr_""real""__coeff_62",-1.0885088344171834
0,y,328,"y__fft_coefficient__attr_""real""__coeff_63",-17.952490658734593
0,y,329,"y__fft_coefficient__attr_""real""__coeff_64",16.843500421914822
0,y,330,"y__fft_coefficient__attr_""real""__coeff_65",-6.786382465476572
0,y,331,"y__fft_coefficient__attr_""real""__coeff_66",3.2849450371502984
0,y,332,"y__fft_coefficient__attr_""real""__coeff_67",8.388995123343527
0,y,333,"y__fft_coefficient__attr_""real""__coeff_68",-3.31571078969123
0,y,334,"y__fft_coefficient__attr_""real""__coeff_69",-3.651747273445787
0,y,335,"y__fft_coefficient__attr_""real""__coeff_70",5.949525119966552
0,y,336,"y__fft_coefficient__attr_""real""__coeff_71",-4.459729146993148
0,y,337,"y__fft_coefficient__attr_""real""__coeff_72",0.43545243181153115
0,y,338,"y__fft_coefficient__attr_""real""__coeff_73",-6.221740540097575
0,y,339,"y__fft_coefficient__attr_""real""__coeff_74",-14.871844998886424
0,y,340,"y__fft_coefficient__attr_""real""__coeff_75",-5.852615362046172
0,y,341,"y__fft_coefficient__attr_""real""__coeff_76",0.2390620368041172
0,y,342,"y__fft_coefficient__attr_""real""__coeff_77",15.279072795036575
0,y,343,"y__fft_coefficient__attr_""real""__coeff_78",6.761204764659162
0,y,344,"y__fft_coefficient__attr_""real""__coeff_79",-4.415838382612274
0,y,345,"y__fft_coefficient__attr_""real""__coeff_80",4.216194396516951
0,y,346,"y__fft_coefficient__attr_""real""__coeff_81",5.9416430211497095
0,y,347,"y__fft_coefficient__attr_""real""__coeff_82",0.21589748423078925
0,y,348,"y__fft_coefficient__attr_""real""__coeff_83",18.022382267521063
0,y,349,"y__fft_coefficient__attr_""real""__coeff_84",1.5695874827376106
0,y,350,"y__fft_coefficient__attr_""real""__coeff_85",5.017944493941577
0,y,351,"y__fft_coefficient__attr_""real""__coeff_86",-16.231092364587795
0,y,352,"y__fft_coefficient__attr_""real""__coeff_87",14.318523493408886
0,y,353,"y__fft_coefficient__attr_""real""__coeff_88",0.37971559236893526
0,y,354,"y__fft_coefficient__attr_""real""__coeff_89",5.5870749933763975
0,y,355,"y__fft_coefficient__attr_""real""__coeff_90",10.170496997688625
0,y,356,"y__fft_coefficient__attr_""real""__coeff_91",-9.93085786519379
0,y,357,"y__fft_coefficient__attr_""real""__coeff_92",-3.9041259180001964
0,y,358,"y__fft_coefficient__attr_""real""__coeff_93",-0.1506820428178932
0,y,359,"y__fft_coefficient__attr_""real""__coeff_94",-0.6424299063250931
0,y,360,"y__fft_coefficient__attr_""real""__coeff_95",-3.1513224883123985
0,y,361,"y__fft_coefficient__attr_""real""__coeff_96",5.510316264291488
0,y,362,"y__fft_coefficient__attr_""real""__coeff_97",5.351161368524035
0,y,363,"y__fft_coefficient__attr_""real""__coeff_98",-11.194365669310448
0,y,364,"y__fft_coefficient__attr_""real""__coeff_99",-1.79170803645229
0,y,365,"y__fft_coefficient__attr_""imag""__coeff_0",0.0
0,y,366,"y__fft_coefficient__attr_""imag""__coeff_1",-2.1185018623067995
0,y,367,"y__fft_coefficient__attr_""imag""__coeff_2",-3.081499639987016
0,y,368,"y__fft_coefficient__attr_""imag""__coeff_3",-5.488218404149277
0,y,369,"y__fft_coefficient__attr_""imag""__coeff_4",-1.8466074055182968
0,y,370,"y__fft_coefficient__attr_""imag""__coeff_5",8.409742106592642
0,y,371,"y__fft_coefficient__attr_""imag""__coeff_6",-11.504356351885813
0,y,372,"y__fft_coefficient__attr_""imag""__coeff_7",2.30080081569447
0,y,373,"y__fft_coefficient__attr_""imag""__coeff_8",-10.735755985719386
0,y,374,"y__fft_coefficient__attr_""imag""__coeff_9",15.137287458694562
0,y,375,"y__fft_coefficient__attr_""imag""__coeff_10",-1.135069892107401
0,y,376,"y__fft_coefficient__attr_""imag""__coeff_11",22.412426267684445
0,y,377,"y__fft_coefficient__attr_""imag""__coeff_12",-4.7354952757679865
0,y,378,"y__fft_coefficient__attr_""imag""__coeff_13",-21.70735774552665
0,y,379,"y__fft_coefficient__attr_""imag""__coeff_14",-18.16702501254663
0,y,380,"y__fft_coefficient__attr_""imag""__coeff_15",-12.71798815908108
0,y,381,"y__fft_coefficient__attr_""imag""__coeff_16",-8.23624084584361
0,y,382,"y__fft_coefficient__attr_""imag""__coeff_17",-5.45787532927479
0,y,383,"y__fft_coefficient__attr_""imag""__coeff_18",-7.2007910997788755
0,y,384,"y__fft_coefficient__attr_""imag""__coeff_19",6.496373228218524
0,y,385,"y__fft_coefficient__attr_""imag""__coeff_20",5.1622154018608555
0,y,386,"y__fft_coefficient__attr_""imag""__coeff_21",0.4208074918442195
0,y,387,"y__fft_coefficient__attr_""imag""__coeff_22",12.338023037314585
0,y,388,"y__fft_coefficient__attr_""imag""__coeff_23",8.520076396636272
0,y,389,"y__fft_coefficient__attr_""imag""__coeff_24",3.328599476700364
0,y,390,"y__fft_coefficient__attr_""imag""__coeff_25",-6.570414523425937
0,y,391,"y__fft_coefficient__attr_""imag""__coeff_26",-4.950667224894406
0,y,392,"y__fft_coefficient__attr_""imag""__coeff_27",17.011232186699875
0,y,393,"y__fft_coefficient__attr_""imag""__coeff_28",-10.570097293171521
0,y,394,"y__fft_coefficient__attr_""imag""__coeff_29",4.028683423410852
0,y,395,"y__fft_coefficient__attr_""imag""__coeff_30",3.8238052275468517
0,y,396,"y__fft_coefficient__attr_""imag""__coeff_31",-8.159204949232418
0,y,397,"y__fft_coefficient__attr_""imag""__coeff_32",-23.21951746828714
0,y,398,"y__fft_coefficient__attr_""imag""__coeff_33",12.172007614522501
0,y,399,"y__fft_coefficient__attr_""imag""__coeff_34",11.090912368692148
0,y,400,"y__fft_coefficient__attr_""imag""__coeff_35",4.639400653797409
0,y,401,"y__fft_coefficient__attr_""imag""__coeff_36",3.9310800081129322
0,y,402,"y__fft_coefficient__attr_""imag""__coeff_37",-14.35727579213649
0,y,403,"y__fft_coefficient__attr_""imag""__coeff_38",-13.403510098715294
0,y,404,"y__fft_coefficient__attr_""imag""__coeff_39",7.942067612477937
0,y,405,"y__fft_coefficient__attr_""imag""__coeff_40",-5.825870221941606
0,y,406,"y__fft_coefficient__attr_""imag""__coeff_41",-2.346855298409428
0,y,407,"y__fft_coefficient__attr_""imag""__coeff_42",-1.6457139067798296
0,y,408,"y__fft_coefficient__attr_""imag""__coeff_43",3.1930691349989355
0,y,409,"y__fft_coefficient__attr_""imag""__coeff_44",2.589357540912215
0,y,410,"y__fft_coefficient__attr_""imag""__coeff_45",9.966407400438332
0,y,411,"y__fft_coefficient__attr_""imag""__coeff_46",-9.319465930142881
0,y,412,"y__fft_coefficient__attr_""imag""__coeff_47",-3.40370736189981
0,y,413,"y__fft_coefficient__attr_""imag""__coeff_48",7.593241026336132
0,y,414,"y__fft_coefficient__attr_""imag""__coeff_49",0.014137722788140739
0,y,415,"y__fft_coefficient__attr_""imag""__coeff_50",-3812.3159324655
0,y,416,"y__fft_coefficient__attr_""imag""__coeff_51",7.898530420678758
0,y,417,"y__fft_coefficient__attr_""imag""__coeff_52",3.858103143284035
0,y,418,"y__fft_coefficient__attr_""imag""__coeff_53",-2.685567486154656
0,y,419,"y__fft_coefficient__attr_""imag""__coeff_54",11.753785303379
0,y,420,"y__fft_coefficient__attr_""imag""__coeff_55",-2.272924588156325
0,y,421,"y__fft_coefficient__attr_""imag""__coeff_56",-7.481428899001809
0,y,422,"y__fft_coefficient__attr_""imag""__coeff_57",3.98901653552102
0,y,423,"y__fft_coefficient__attr_""imag""__coeff_58",11.712588009586124
0,y,424,"y__fft_coefficient__attr_""imag""__coeff_59",14.308995726950412
0,y,425,"y__fft_coefficient__attr_""imag""__coeff_60",17.704830587340144
0,y,426,"y__fft_coefficient__attr_""imag""__coeff_61",-2.276860552710091
0,y,427,"y__fft_coefficient__attr_""imag""__coeff_62",13.757021172495085
0,y,428,"y__fft_coefficient__attr_""imag""__coeff_63",0.6503785269919788
0,y,429,"y__fft_coefficient__attr_""imag""__coeff_64",-4.4262212339202245
0,y,430,"y__fft_coefficient__attr_""imag""__coeff_65",-8.28654780022652
0,y,431,"y__fft_coefficient__attr_""imag""__coeff_66",-2.9365147946706176
0,y,432,"y__fft_coefficient__attr_""imag""__coeff_67",-10.626401235162406
0,y,433,"y__fft_coefficient__attr_""imag""__coeff_68",18.662003856285757
0,y,434,"y__fft_coefficient__attr_""imag""__coeff_69",4.002794116161975
0,y,435,"y__fft_coefficient__attr_""imag""__coeff_70",0.47251768506793734
0,y,436,"y__fft_coefficient__attr_""imag""__coeff_71",-9.442449417477661
0,y,437,"y__fft_coefficient__attr_""imag""__coeff_72",8.86735793973615
0,y,438,"y__fft_coefficient__attr_""imag""__coeff_73",-1.6672288201814967
0,y,439,"y__fft_coefficient__attr_""imag""__coeff_74",-4.987720527760079
0,y,440,"y__fft_coefficient__attr_""imag""__coeff_75",13.42358832834819
0,y,441,"y__fft_coefficient__attr_""imag""__coeff_76",-7.065210622917519
0,y,442,"y__fft_coefficient__attr_""imag""__coeff_77",-2.4451719013170665
0,y,443,"y__fft_coefficient__attr_""imag""__coeff_78",2.856684805326047
0,y,444,"y__fft_coefficient__attr_""imag""__coeff_79",1.948574849400131
0,y,445,"y__fft_coefficient__attr_""imag""__coeff_80",-5.578819618273646
0,y,446,"y__fft_coefficient__attr_""imag""__coeff_81",1.0333324641778279
0,y,447,"y__fft_coefficient__attr_""imag""__coeff_82",4.241313108560313
0,y,448,"y__fft_coefficient__attr_""imag""__coeff_83",-8.422793991136729
0,y,449,"y__fft_coefficient__attr_""imag""__coeff_84",5.893835995337593
0,y,450,"y__fft_coefficient__attr_""imag""__coeff_85",1.7396594175474434
0,y,451,"y__fft_coefficient__attr_""imag""__coeff_86",18.88790890405557
0,y,452,"y__fft_coefficient__attr_""imag""__coeff_87",19.930445657232127
0,y,453,"y__fft_coefficient__attr_""imag""__coeff_88",11.555811313325
0,y,454,"y__fft_coefficient__attr_""imag""__coeff_89",-16.91234794873213
0,y,455,"y__fft_coefficient__attr_""imag""__coeff_90",4.045829111967084
0,y,456,"y__fft_coefficient__attr_""imag""__coeff_91",-6.181418097086945
0,y,457,"y__fft_coefficient__attr_""imag""__coeff_92",9.946632016832876
0,y,458,"y__fft_coefficient__attr_""imag""__coeff_93",-4.100934915485217
0,y,459,"y__fft_coefficient__attr_""imag""__coeff_94",14.66103249905602
0,y,460,"y__fft_coefficient__attr_""imag""__coeff_95",-3.0958323624053956
0,y,461,"y__fft_coefficient__attr_""imag""__coeff_96",-2.7626617988880984
0,y,462,"y__fft_coefficient__attr_""imag""__coeff_97",5.329268597963727
0,y,463,"y__fft_coefficient__attr_""imag""__coeff_98",-0.3190526452131861
0,y,464,"y__fft_coefficient__attr_""imag""__coeff_99",2.257664166523869
0,y,465,"y__fft_coefficient__attr_""abs""__coeff_0",22.47830386396557
0,y,466,"y__fft_coefficient__attr_""abs""__coeff_1",8.857128293167127
0,y,467,"y__fft_coefficient__attr_""abs""__coeff_2",7.2594589042504225
0,y,468,"y__fft_coefficient__attr_""abs""__coeff_3",8.372918838388037
0,y,469,"y__fft_coefficient__attr_""abs""__coeff_4",3.0523423480484775
0,y,470,"y__fft_coefficient__attr_""abs""__coeff_5",8.471018055256732
0,y,471,"y__fft_coefficient__attr_""abs""__coeff_6",11.504381441821613
0,y,472,"y__fft_coefficient__attr_""abs""__coeff_7",2.383767706439425
0,y,473,"y__fft_coefficient__attr_""abs""__coeff_8",11.97884302991245
0,y,474,"y__fft_coefficient__attr_""abs""__coeff_9",15.239674080880311
0,y,475,"y__fft_coefficient__attr_""abs""__coeff_10",4.405997067122317
0,y,476,"y__fft_coefficient__attr_""abs""__coeff_11",22.542086439384683
0,y,477,"y__fft_coefficient__attr_""abs""__coeff_12",4.827952026315713
0,y,478,"y__fft_coefficient__attr_""abs""__coeff_13",23.137442838658377
0,y,479,"y__fft_coefficient__attr_""abs""__coeff_14",20.917183891048726
0,y,480,"y__fft_coefficient__attr_""abs""__coeff_15",13.046816164117642
0,y,481,"y__fft_coefficient__attr_""abs""__coeff_16",8.275602611026983
0,y,482,"y__fft_coefficient__attr_""abs""__coeff_17",17.508171751381884
0,y,483,"y__fft_coefficient__attr_""abs""__coeff_18",16.44442905984506
0,y,484,"y__fft_coefficient__attr_""abs""__coeff_19",7.107674495455484
0,y,485,"y__fft_coefficient__attr_""abs""__coeff_20",5.500904949405911
0,y,486,"y__fft_coefficient__attr_""abs""__coeff_21",5.495913582209324
0,y,487,"y__fft_coefficient__attr_""abs""__coeff_22",13.58360350224887
0,y,488,"y__fft_coefficient__attr_""abs""__coeff_23",18.035689154261988
0,y,489,"y__fft_coefficient__attr_""abs""__coeff_24",11.849563939068734
0,y,490,"y__fft_coefficient__attr_""abs""__coeff_25",14.881355207661507
0,y,491,"y__fft_coefficient__attr_""abs""__coeff_26",15.08355798980773
0,y,492,"y__fft_coefficient__attr_""abs""__coeff_27",17.019133785804954
0,y,493,"y__fft_coefficient__attr_""abs""__coeff_28",14.468242045379382
0,y,494,"y__fft_coefficient__attr_""abs""__coeff_29",10.474821939862274
0,y,495,"y__fft_coefficient__attr_""abs""__coeff_30",5.071288821130147
0,y,496,"y__fft_coefficient__attr_""abs""__coeff_31",16.94727334987651
0,y,497,"y__fft_coefficient__attr_""abs""__coeff_32",23.25939989924894
0,y,498,"y__fft_coefficient__attr_""abs""__coeff_33",18.298931117992023
0,y,499,"y__fft_coefficient__attr_""abs""__coeff_34",11.909880286985459
0,y,500,"y__fft_coefficient__attr_""abs""__coeff_35",9.107061738094774
0,y,501,"y__fft_coefficient__attr_""abs""__coeff_36",13.02690607887077
0,y,502,"y__fft_coefficient__attr_""abs""__coeff_37",18.087448700495784
0,y,503,"y__fft_coefficient__attr_""abs""__coeff_38",13.924513345301149
0,y,504,"y__fft_coefficient__attr_""abs""__coeff_39",14.963094769729022
0,y,505,"y__fft_coefficient__attr_""abs""__coeff_40",5.962423615274078
0,y,506,"y__fft_coefficient__attr_""abs""__coeff_41",10.590676262930748
0,y,507,"y__fft_coefficient__attr_""abs""__coeff_42",9.843988279922812
0,y,508,"y__fft_coefficient__attr_""abs""__coeff_43",3.6563165265735305
0,y,509,"y__fft_coefficient__attr_""abs""__coeff_44",4.423837297459949
0,y,510,"y__fft_coefficient__attr_""abs""__coeff_45",10.843327241280374
0,y,511,"y__fft_coefficient__attr_""abs""__coeff_46",10.531500705431812
0,y,512,"y__fft_coefficient__attr_""abs""__coeff_47",4.587193806410679
0,y,513,"y__fft_coefficient__attr_""abs""__coeff_48",10.578494212636677
0,y,514,"y__fft_coefficient__attr_""abs""__coeff_49",15.42020904597388
0,y,515,"y__fft_coefficient__attr_""abs""__coeff_50",3812.3163381273193
0,y,516,"y__fft_coefficient__attr_""abs""__coeff_51",9.216465139192781
0,y,517,"y__fft_coefficient__attr_""abs""__coeff_52",6.647365009145928
0,y,518,"y__fft_coefficient__attr_""abs""__coeff_53",4.691391619271086
0,y,519,"y__fft_coefficient__attr_""abs""__coeff_54",11.980804521408144
0,y,520,"y__fft_coefficient__attr_""abs""__coeff_55",3.7188212843585786
0,y,521,"y__fft_coefficient__attr_""abs""__coeff_56",8.149892188398452
0,y,522,"y__fft_coefficient__attr_""abs""__coeff_57",6.839948011321548
0,y,523,"y__fft_coefficient__attr_""abs""__coeff_58",12.47808315291205
0,y,524,"y__fft_coefficient__attr_""abs""__coeff_59",22.11269836731747
0,y,525,"y__fft_coefficient__attr_""abs""__coeff_60",17.767160908883437
0,y,526,"y__fft_coefficient__attr_""abs""__coeff_61",6.793721939498228
0,y,527,"y__fft_coefficient__attr_""abs""__coeff_62",13.800017500825216
0,y,528,"y__fft_coefficient__attr_""abs""__coeff_63",17.96426767447883
0,y,529,"y__fft_coefficient__attr_""abs""__coeff_64",17.415365080142625
0,y,530,"y__fft_coefficient__attr_""abs""__coeff_65",10.710829165529942
0,y,531,"y__fft_coefficient__attr_""abs""__coeff_66",4.406130165623548
0,y,532,"y__fft_coefficient__attr_""abs""__coeff_67",13.538672105865574
0,y,533,"y__fft_coefficient__attr_""abs""__coeff_68",18.954269333659354
0,y,534,"y__fft_coefficient__attr_""abs""__coeff_69",5.418267147852685
0,y,535,"y__fft_coefficient__attr_""abs""__coeff_70",5.968259554997166
0,y,536,"y__fft_coefficient__attr_""abs""__coeff_71",10.44265459862407
0,y,537,"y__fft_coefficient__attr_""abs""__coeff_72",8.878043458542672
0,y,538,"y__fft_coefficient__attr_""abs""__coeff_73",6.441250444373161
0,y,539,"y__fft_coefficient__attr_""abs""__coeff_74",15.685953261881867
0,y,540,"y__fft_coefficient__attr_""abs""__coeff_75",14.643969072113768
0,y,541,"y__fft_coefficient__attr_""abs""__coeff_76",7.0692539778697645
0,y,542,"y__fft_coefficient__attr_""abs""__coeff_77",15.473491238341051
0,y,543,"y__fft_coefficient__attr_""abs""__coeff_78",7.3399276526836745
0,y,544,"y__fft_coefficient__attr_""abs""__coeff_79",4.826652314499826
0,y,545,"y__fft_coefficient__attr_""abs""__coeff_80",6.992819425843617
0,y,546,"y__fft_coefficient__attr_""abs""__coeff_81",6.030828945700654
0,y,547,"y__fft_coefficient__attr_""abs""__coeff_82",4.2468045173450975
0,y,548,"y__fft_coefficient__attr_""abs""__coeff_83",19.89345925709721
0,y,549,"y__fft_coefficient__attr_""abs""__coeff_84",6.0992546762619835
0,y,550,"y__fft_coefficient__attr_""abs""__coeff_85",5.3109492403279575
0,y,551,"y__fft_coefficient__attr_""abs""__coeff_86",24.903844324033223
0,y,552,"y__fft_coefficient__attr_""abs""__coeff_87",24.540635263317558
0,y,553,"y__fft_coefficient__attr_""abs""__coeff_88",11.562048219941747
0,y,554,"y__fft_coefficient__attr_""abs""__coeff_89",17.811314384980008
0,y,555,"y__fft_coefficient__attr_""abs""__coeff_90",10.94567231298442
0,y,556,"y__fft_coefficient__attr_""abs""__coeff_91",11.697515446866285
0,y,557,"y__fft_coefficient__attr_""abs""__coeff_92",10.685395999301369
0,y,558,"y__fft_coefficient__attr_""abs""__coeff_93",4.103702262478787
0,y,559,"y__fft_coefficient__attr_""abs""__coeff_94",14.67510102598676
0,y,560,"y__fft_coefficient__attr_""abs""__coeff_95",4.417579817214401
0,y,561,"y__fft_coefficient__attr_""abs""__coeff_96",6.1640802677732
0,y,562,"y__fft_coefficient__attr_""abs""__coeff_97",7.5522203212847465
0,y,563,"y__fft_coefficient__attr_""abs""__coeff_98",11.19891143498572
0,y,564,"y__fft_coefficient__attr_""abs""__coeff_99",2.88223267219939
0,y,565,"y__fft_coefficient__attr_""angle""__coeff_0",0.0
0,y,566,"y__fft_coefficient__attr_""angle""__coeff_1",-13.8385075744022
0,y,567,"y__fft_coefficient__attr_""angle""__coeff_2",-154.88220701376412
0,y,568,"y__fft_coefficient__attr_""angle""__coeff_3",-40.9554903920069
0,y,569,"y__fft_coefficient__attr_""angle""__coeff_4",-37.22743410062637
0,y,570,"y__fft_coefficient__attr_""angle""__coeff_5",83.10432175536083
0,y,571,"y__fft_coefficient__attr_""angle""__coeff_6",-90.11966188717754
0,y,572,"y__fft_coefficient__attr_""angle""__coeff_7",74.83907078643466
0,y,573,"y__fft_coefficient__attr_""angle""__coeff_8",-63.66640078779001
0,y,574,"y__fft_coefficient__attr_""angle""__coeff_9",96.6453038955484
0,y,575,"y__fft_coefficient__attr_""angle""__coeff_10",-14.92884675267631
0,y,576,"y__fft_coefficient__attr_""angle""__coeff_11",83.85173950694143
0,y,577,"y__fft_coefficient__attr_""angle""__coeff_12",-78.76893375224942
0,y,578,"y__fft_coefficient__attr_""angle""__coeff_13",-69.7500668160011
0,y,579,"y__fft_coefficient__attr_""angle""__coeff_14",-119.71271381384643
0,y,580,"y__fft_coefficient__attr_""angle""__coeff_15",-77.1090134858237
0,y,581,"y__fft_coefficient__attr_""angle""__coeff_16",-84.40954201160223
0,y,582,"y__fft_coefficient__attr_""angle""__coeff_17",-18.163701656743132
0,y,583,"y__fft_coefficient__attr_""angle""__coeff_18",-154.03090015643693
0,y,584,"y__fft_coefficient__attr_""angle""__coeff_19",66.06329081018696
0,y,585,"y__fft_coefficient__attr_""angle""__coeff_20",69.7895804245095
0,y,586,"y__fft_coefficient__attr_""angle""__coeff_21",4.391283354492524
0,y,587,"y__fft_coefficient__attr_""angle""__coeff_22",65.27183397031378
0,y,588,"y__fft_coefficient__attr_""angle""__coeff_23",28.190259539282593
0,y,589,"y__fft_coefficient__attr_""angle""__coeff_24",163.6857861421819
0,y,590,"y__fft_coefficient__attr_""angle""__coeff_25",-153.79910273234083
0,y,591,"y__fft_coefficient__attr_""angle""__coeff_26",-160.83946165800128
0,y,592,"y__fft_coefficient__attr_""angle""__coeff_27",91.7459958378747
0,y,593,"y__fft_coefficient__attr_""angle""__coeff_28",-133.0656040764269
0,y,594,"y__fft_coefficient__attr_""angle""__coeff_29",22.619306479053762
0,y,595,"y__fft_coefficient__attr_""angle""__coeff_30",131.0610120232464
0,y,596,"y__fft_coefficient__attr_""angle""__coeff_31",-151.22008399554113
0,y,597,"y__fft_coefficient__attr_""angle""__coeff_32",-93.35576286911223
0,y,598,"y__fft_coefficient__attr_""angle""__coeff_33",41.695819862145555
0,y,599,"y__fft_coefficient__attr_""angle""__coeff_34",68.62835254816102
0,y,600,"y__fft_coefficient__attr_""angle""__coeff_35",30.625798081090778
0,y,601,"y__fft_coefficient__attr_""angle""__coeff_36",17.56371640534001
0,y,602,"y__fft_coefficient__attr_""angle""__coeff_37",-127.4607585325031
0,y,603,"y__fft_coefficient__attr_""angle""__coeff_38",-74.27714686504366
0,y,604,"y__fft_coefficient__attr_""angle""__coeff_39",147.94202657995257
0,y,605,"y__fft_coefficient__attr_""angle""__coeff_40",-77.71401927170265
0,y,606,"y__fft_coefficient__attr_""angle""__coeff_41",-167.19718785021357
0,y,607,"y__fft_coefficient__attr_""angle""__coeff_42",-9.623874652441737
0,y,608,"y__fft_coefficient__attr_""angle""__coeff_43",119.15533024988424
0,y,609,"y__fft_coefficient__attr_""angle""__coeff_44",144.17444665924415
0,y,610,"y__fft_coefficient__attr_""angle""__coeff_45",113.20104434726944
0,y,611,"y__fft_coefficient__attr_""angle""__coeff_46",-117.75913578246062
0,y,612,"y__fft_coefficient__attr_""angle""__coeff_47",-47.90224278090544
0,y,613,"y__fft_coefficient__attr_""angle""__coeff_48",45.8731253125778
0,y,614,"y__fft_coefficient__attr_""angle""__coeff_49",179.94746945655834
0,y,615,"y__fft_coefficient__attr_""angle""__coeff_50",-90.02643170847787
0,y,616,"y__fft_coefficient__attr_""angle""__coeff_51",121.01836763808126
0,y,617,"y__fft_coefficient__attr_""angle""__coeff_52",35.47839026810061
0,y,618,"y__fft_coefficient__attr_""angle""__coeff_53",-34.92095638892282
0,y,619,"y__fft_coefficient__attr_""angle""__coeff_54",101.17156759357526
0,y,620,"y__fft_coefficient__attr_""angle""__coeff_55",-142.32404803864495
0,y,621,"y__fft_coefficient__attr_""angle""__coeff_56",-66.63237381083428
0,y,622,"y__fft_coefficient__attr_""angle""__coeff_57",35.67550551213857
0,y,623,"y__fft_coefficient__attr_""angle""__coeff_58",69.82653299236401
0,y,624,"y__fft_coefficient__attr_""angle""__coeff_59",139.6771370570669
0,y,625,"y__fft_coefficient__attr_""angle""__coeff_60",94.80070857333469
0,y,626,"y__fft_coefficient__attr_""angle""__coeff_61",-160.41883588113976
0,y,627,"y__fft_coefficient__attr_""angle""__coeff_62",94.52403880416466
0,y,628,"y__fft_coefficient__attr_""angle""__coeff_63",177.92520960718406
0,y,629,"y__fft_coefficient__attr_""angle""__coeff_64",-14.723585757338741
0,y,630,"y__fft_coefficient__attr_""angle""__coeff_65",-129.3162339042368
0,y,631,"y__fft_coefficient__attr_""angle""__coeff_66",-41.79452249666915
0,y,632,"y__fft_coefficient__attr_""angle""__coeff_67",-51.71073035858609
0,y,633,"y__fft_coefficient__attr_""angle""__coeff_68",100.07470877218053
0,y,634,"y__fft_coefficient__attr_""angle""__coeff_69",132.3741837722158
0,y,635,"y__fft_coefficient__attr_""angle""__coeff_70",4.540960766449955
0,y,636,"y__fft_coefficient__attr_""angle""__coeff_71",-115.28166501712695
0,y,637,"y__fft_coefficient__attr_""angle""__coeff_72",87.18861468235139
0,y,638,"y__fft_coefficient__attr_""angle""__coeff_73",-164.99898212741067
0,y,639,"y__fft_coefficient__attr_""angle""__coeff_74",-161.45957324182083
0,y,640,"y__fft_coefficient__attr_""angle""__coeff_75",113.55695368271093
0,y,641,"y__fft_coefficient__attr_""angle""__coeff_76",-88.06205041825918
0,y,642,"y__fft_coefficient__attr_""angle""__coeff_77",-9.092179141218024
0,y,643,"y__fft_coefficient__attr_""angle""__coeff_78",22.90460279516513
0,y,644,"y__fft_coefficient__attr_""angle""__coeff_79",156.18959427713543
0,y,645,"y__fft_coefficient__attr_""angle""__coeff_80",-52.919825560502765
0,y,646,"y__fft_coefficient__attr_""angle""__coeff_81",9.865837298533302
0,y,647,"y__fft_coefficient__attr_""angle""__coeff_82",87.08596213434231
0,y,648,"y__fft_coefficient__attr_""angle""__coeff_83",-25.049123288976997
0,y,649,"y__fft_coefficient__attr_""angle""__coeff_84",75.08766312596023
0,y,650,"y__fft_coefficient__attr_""angle""__coeff_85",19.120799933367135
0,y,651,"y__fft_coefficient__attr_""angle""__coeff_86",130.6737105588803
0,y,652,"y__fft_coefficient__attr_""angle""__coeff_87",54.30560182090508
0,y,653,"y__fft_coefficient__attr_""angle""__coeff_88",88.11797933660056
0,y,654,"y__fft_coefficient__attr_""angle""__coeff_89",-71.71878083479668
0,y,655,"y__fft_coefficient__attr_""angle""__coeff_90",21.692689005215346
0,y,656,"y__fft_coefficient__attr_""angle""__coeff_91",-148.09998549580925
0,y,657,"y__fft_coefficient__attr_""angle""__coeff_92",111.43037092897112
0,y,658,"y__fft_coefficient__attr_""angle""__coeff_93",-92.10429162217943
0,y,659,"y__fft_coefficient__attr_""angle""__coeff_94",92.50903139117072
0,y,660,"y__fft_coefficient__attr_""angle""__coeff_95",-135.50891429524233
0,y,661,"y__fft_coefficient__attr_""angle""__coeff_96",-26.62743514060689
0,y,662,"y__fft_coefficient__attr_""angle""__coeff_97",44.88255514037554
0,y,663,"y__fft_coefficient__attr_""angle""__coeff_98",-178.3674445570489
0,y,664,"y__fft_coefficient__attr_""angle""__coeff_99",128.43591690349757
0,y,665,"y__fft_aggregated__aggtype_""centroid""",1099.3322280136786
0,y,666,"y__fft_aggregated__aggtype_""variance""",616287.0960045096
0,y,667,"y__fft_aggregated__aggtype_""skew""",0.14951261033437827
0,y,668,"y__fft_aggregated__aggtype_""kurtosis""",13.230482168022878
0,y,669,y__value_count__value_0,0.0
0,y,670,y__value_count__value_1,0.0
0,y,671,y__value_count__value_-1,0.0
0,y,672,y__range_count__max_1__min_-1,2199.0
0,y,673,y__range_count__max_0__min_-1000000000000.0,2503.0
0,y,674,y__range_count__max_1000000000000.0__min_0,2497.0
0,y,675,y__approximate_entropy__m_2__r_0.1,0.5478228363732391
0,y,676,y__approximate_entropy__m_2__r_0.3,0.2564286116646133
0,y,677,y__approximate_entropy__m_2__r_0.5,0.16143096496160037
0,y,678,y__approximate_entropy__m_2__r_0.7,0.10427809096666318
0,y,679,y__approximate_entropy__m_2__r_0.9,0.0685851878118916
0,y,680,y__friedrich_coefficients__coeff_0__m_3__r_30,-0.12227649715224519
0,y,681,y__friedrich_coefficients__coeff_1__m_3__r_30,-0.007906037483754253
0,y,682,y__friedrich_coefficients__coeff_2__m_3__r_30,0.18853961774188888
0,y,683,y__friedrich_coefficients__coeff_3__m_3__r_30,0.01120384817755337
0,y,684,y__max_langevin_fixed_point__m_3__r_30,1.239243445515641
0,y,685,"y__linear_trend__attr_""pvalue""",0.2401214949151099
0,y,686,"y__linear_trend__attr_""rvalue""",-0.01661553638093983
0,y,687,"y__linear_trend__attr_""intercept""",0.03596756445445475
0,y,688,"y__linear_trend__attr_""slope""",-1.2591279728610379e-05
0,y,689,"y__linear_trend__attr_""stderr""",1.0717597013300915e-05
0,y,690,"y__agg_linear_trend__attr_""rvalue""__chunk_len_5__f_agg_""max""",-0.009326533113854408
0,y,691,"y__agg_linear_trend__attr_""rvalue""__chunk_len_5__f_agg_""min""",-0.02192838376687614
0,y,692,"y__agg_linear_trend__attr_""rvalue""__chunk_len_5__f_agg_""mean""",-0.016873554807885598
0,y,693,"y__agg_linear_trend__attr_""rvalue""__chunk_len_5__f_agg_""var""",0.044975849628916625
0,y,694,"y__agg_linear_trend__attr_""rvalue""__chunk_len_10__f_agg_""max""",-0.011178602246752331
0,y,695,"y__agg_linear_trend__attr_""rvalue""__chunk_len_10__f_agg_""min""",-0.0297661587275765
0,y,696,"y__agg_linear_trend__attr_""rvalue""__chunk_len_10__f_agg_""mean""",-0.01708754158675658
0,y,697,"y__agg_linear_trend__attr_""rvalue""__chunk_len_10__f_agg_""var""",0.038684537210167236
0,y,698,"y__agg_linear_trend__attr_""rvalue""__chunk_len_50__f_agg_""max""",-0.04855134999076927
0,y,699,"y__agg_linear_trend__attr_""rvalue""__chunk_len_50__f_agg_""min""",-0.05920668821280874
0,y,700,"y__agg_linear_trend__attr_""rvalue""__chunk_len_50__f_agg_""mean""",-0.01846722494535841
0,y,701,"y__agg_linear_trend__attr_""rvalue""__chunk_len_50__f_agg_""var""",0.01425624415092119
0,y,702,"y__agg_linear_trend__attr_""intercept""__chunk_len_5__f_agg_""max""",0.21014886366995258
0,y,703,"y__agg_linear_trend__attr_""intercept""__chunk_len_5__f_agg_""min""",-0.13656803037733695
0,y,704,"y__agg_linear_trend__attr_""intercept""__chunk_len_5__f_agg_""mean""",0.03594289958582468
0,y,705,"y__agg_linear_trend__attr_""intercept""__chunk_len_5__f_agg_""var""",0.029159943614434296
0,y,706,"y__agg_linear_trend__attr_""intercept""__chunk_len_10__f_agg_""max""",0.3832187246678763
0,y,707,"y__agg_linear_trend__attr_""intercept""__chunk_len_10__f_agg_""min""",-0.2881648602089931
0,y,708,"y__agg_linear_trend__attr_""intercept""__chunk_len_10__f_agg_""mean""",0.0359129841266751
0,y,709,"y__agg_linear_trend__attr_""intercept""__chunk_len_10__f_agg_""var""",0.05937877441784517
0,y,710,"y__agg_linear_trend__attr_""intercept""__chunk_len_50__f_agg_""max""",0.8831905616209368
0,y,711,"y__agg_linear_trend__attr_""intercept""__chunk_len_50__f_agg_""min""",-0.7849256583187213
0,y,712,"y__agg_linear_trend__attr_""intercept""__chunk_len_50__f_agg_""mean""",0.03565450433042364
0,y,713,"y__agg_linear_trend__attr_""intercept""__chunk_len_50__f_agg_""var""",0.22759054495120867
0,y,714,"y__agg_linear_trend__attr_""slope""__chunk_len_5__f_agg_""max""",-3.6187247495415015e-05
0,y,715,"y__agg_linear_trend__attr_""slope""__chunk_len_5__f_agg_""min""",-8.400055211776837e-05
0,y,716,"y__agg_linear_trend__attr_""slope""__chunk_len_5__f_agg_""mean""",-6.295743506112427e-05
0,y,717,"y__agg_linear_trend__attr_""slope""__chunk_len_5__f_agg_""var""",1.4237581619013486e-05
0,y,718,"y__agg_linear_trend__attr_""slope""__chunk_len_10__f_agg_""max""",-8.659807989766775e-05
0,y,719,"y__agg_linear_trend__attr_""slope""__chunk_len_10__f_agg_""min""",-0.00022667386927557913
0,y,720,"y__agg_linear_trend__attr_""slope""__chunk_len_10__f_agg_""mean""",-0.00012592113568690174
0,y,721,"y__agg_linear_trend__attr_""slope""__chunk_len_10__f_agg_""var""",2.267641521707222e-05
0,y,722,"y__agg_linear_trend__attr_""slope""__chunk_len_50__f_agg_""max""",-0.001340771843779688
0,y,723,"y__agg_linear_trend__attr_""slope""__chunk_len_50__f_agg_""min""",-0.0016026986714307266
0,y,724,"y__agg_linear_trend__attr_""slope""__chunk_len_50__f_agg_""mean""",-0.00062947158702284
0,y,725,"y__agg_linear_trend__attr_""slope""__chunk_len_50__f_agg_""var""",1.3778510855622235e-05
0,y,726,"y__agg_linear_trend__attr_""stderr""__chunk_len_5__f_agg_""max""",0.0001228149269693494
0,y,727,"y__agg_linear_trend__attr_""stderr""__chunk_len_5__f_agg_""min""",0.00012122879980666031
0,y,728,"y__agg_linear_trend__attr_""stderr""__chunk_len_5__f_agg_""mean""",0.00011809005769148573
0,y,729,"y__agg_linear_trend__attr_""stderr""__chunk_len_5__f_agg_""var""",1.0010410421168416e-05
0,y,730,"y__agg_linear_trend__attr_""stderr""__chunk_len_10__f_agg_""max""",0.0003471194517183454
0,y,731,"y__agg_linear_trend__attr_""stderr""__chunk_len_10__f_agg_""min""",0.00034109198176587917
0,y,732,"y__agg_linear_trend__attr_""stderr""__chunk_len_10__f_agg_""mean""",0.00033017254949187723
0,y,733,"y__agg_linear_trend__attr_""stderr""__chunk_len_10__f_agg_""var""",2.6248054593917057e-05
0,y,734,"y__agg_linear_trend__attr_""stderr""__chunk_len_50__f_agg_""max""",0.0027863012012225062
0,y,735,"y__agg_linear_trend__attr_""stderr""__chunk_len_50__f_agg_""min""",0.0027296410320364946
0,y,736,"y__agg_linear_trend__attr_""stderr""__chunk_len_50__f_agg_""mean""",0.0034426065164387433
0,y,737,"y__agg_linear_trend__attr_""stderr""__chunk_len_50__f_agg_""var""",9.76202651322426e-05
0,y,738,"y__augmented_dickey_fuller__attr_""teststat""__autolag_""AIC""",-27.7137276606059
0,y,739,"y__augmented_dickey_fuller__attr_""pvalue""__autolag_""AIC""",0.0
0,y,740,"y__augmented_dickey_fuller__attr_""usedlag""__autolag_""AIC""",32.0
0,y,741,y__number_crossing_m__m_0,99.0
0,y,742,y__number_crossing_m__m_-1,200.0
0,y,743,y__number_crossing_m__m_1,222.0
0,y,744,y__energy_ratio_by_chunks__num_segments_10__segment_focus_0,0.09908892097146628
0,y,745,y__energy_ratio_by_chunks__num_segments_10__segment_focus_1,0.09882292456968546
0,y,746,y__energy_ratio_by_chunks__num_segments_10__segment_focus_2,0.09845163065990288
0,y,747,y__energy_ratio_by_chunks__num_segments_10__segment_focus_3,0.09904396340661692
0,y,748,y__energy_ratio_by_chunks__num_segments_10__segment_focus_4,0.10051228668310702
0,y,749,y__energy_ratio_by_chunks__num_segments_10__segment_focus_5,0.10028163137115544
0,y,750,y__energy_ratio_by_chunks__num_segments_10__segment_focus_6,0.1029193854839218
0,y,751,y__energy_ratio_by_chunks__num_segments_10__segment_focus_7,0.10186276475757358
0,y,752,y__energy_ratio_by_chunks__num_segments_10__segment_focus_8,0.09947822776850988
0,y,753,y__energy_ratio_by_chunks__num_segments_10__segment_focus_9,0.09953826432806083
0,y,754,y__ratio_beyond_r_sigma__r_0.5,0.7762
0,y,755,y__ratio_beyond_r_sigma__r_1,0.5038
0,y,756,y__ratio_beyond_r_sigma__r_1.5,0.0
0,y,757,y__ratio_beyond_r_sigma__r_2,0.0
0,y,758,y__ratio_beyond_r_sigma__r_2.5,0.0
0,y,759,y__ratio_beyond_r_sigma__r_3,0.0
0,y,760,y__ratio_beyond_r_sigma__r_5,0.0
0,y,761,y__ratio_beyond_r_sigma__r_6,0.0
0,y,762,y__ratio_beyond_r_sigma__r_7,0.0
0,y,763,y__ratio_beyond_r_sigma__r_10,0.0
0,y,764,y__count_above__t_0,0.4994
0,y,765,y__count_below__t_0,0.5006
0,y,766,y__lempel_ziv_complexity__bins_2,0.0388
0,y,767,y__lempel_ziv_complexity__bins_3,0.0624
0,y,768,y__lempel_ziv_complexity__bins_5,0.098
0,y,769,y__lempel_ziv_complexity__bins_10,0.1468
0,y,770,y__lempel_ziv_complexity__bins_100,0.3834
0,y,771,y__fourier_entropy__bins_2,0.07998252574647073
0,y,772,y__fourier_entropy__bins_3,0.07998252574647073
0,y,773,y__fourier_entropy__bins_5,0.07998252574647073
0,y,774,y__fourier_entropy__bins_10,0.09072899366212879
0,y,775,y__fourier_entropy__bins_100,0.22636345757853585
0,y,776,y__permutation_entropy__dimension_3__tau_1,1.4822257496940234
0,y,777,y__permutation_entropy__dimension_4__tau_1,2.2603563707314853
0,y,778,y__permutation_entropy__dimension_5__tau_1,3.0189465609774477
0,y,779,y__permutation_entropy__dimension_6__tau_1,3.714441967340706
0,y,780,y__permutation_entropy__dimension_7__tau_1,4.275504710203453
0,y,781,y__query_similarity_count__query_None__threshold_0.0,
0,y,782,y__mean_n_absolute_max__number_of_maxima_7,1.6054384028548938
01,y,0,y__variance_larger_than_standard_deviation,1.0
01,y,1,y__has_duplicate_max,1.0
01,y,2,y__has_duplicate_min,1.0
01,y,3,y__has_duplicate,1.0
01,y,4,y__sum_values,29.743010202897615
01,y,5,y__abs_energy,5708.702550992655
01,y,6,y__mean_abs_change,0.11794089886708772
01,y,7,y__mean_change,-1.5134318138429928e-05
01,y,8,y__mean_second_derivative_central,1.0146495424221691e-05
01,y,9,y__median,-0.003397856043792306
01,y,10,y__mean,0.005948602040579523
01,y,11,y__length,5000.0
01,y,12,y__standard_deviation,1.068506024471689
01,y,13,y__variation_coefficient,179.62304709285837
01,y,14,y__variance,1.1417051243322938
01,y,15,y__skewness,0.002793888216017659
01,y,16,y__kurtosis,-1.4828048227712392
01,y,17,y__root_mean_square,1.06852258291462
01,y,18,y__absolute_sum_of_changes,589.5865534365715
01,y,19,y__longest_strike_below_mean,51.0
01,y,20,y__longest_strike_above_mean,51.0
01,y,21,y__count_above_mean,2490.0
01,y,22,y__count_below_mean,2510.0
01,y,23,y__last_location_of_maximum,0.9838
01,y,24,y__first_location_of_maximum,0.0064
01,y,25,y__last_location_of_minimum,0.9339999999999999
01,y,26,y__first_location_of_minimum,0.0528
01,y,27,y__percentage_of_reoccurring_values_to_all_values,0.0004089143324473523
01,y,28,y__percentage_of_reoccurring_datapoints_to_all_datapoints,0.0222
01,y,29,y__sum_of_reoccurring_values,0.028474532034622912
01,y,30,y__sum_of_reoccurring_data_points,44.5427672225363
01,y,31,y__ratio_value_number_to_time_series_length,0.9782
01,y,32,y__sample_entropy,0.24681160589256396
01,y,33,y__maximum,1.6054384028548938
01,y,34,y__absolute_maximum,1.6054384028548938
01,y,35,y__minimum,-1.576963870820271
01,y,36,y__benford_correlation,0.855840233124144
01,y,37,y__time_reversal_asymmetry_statistic__lag_1,-0.0015057572955227943
01,y,38,y__time_reversal_asymmetry_statistic__lag_2,-0.0017731060350059434
01,y,39,y__time_reversal_asymmetry_statistic__lag_3,-0.004750502325172826
01,y,40,y__c3__lag_1,0.017717198229415917
01,y,41,y__c3__lag_2,0.0202065699330082
01,y,42,y__c3__lag_3,0.017404114775491204
01,y,43,y__cid_ce__normalize_True,16.51271660357569
01,y,44,y__cid_ce__normalize_False,17.64393717131431
01,y,45,y__symmetry_looking__r_0.0,0.0
01,y,46,y__symmetry_looking__r_0.05,1.0
01,y,47,y__symmetry_looking__r_0.1,1.0
01,y,48,y__symmetry_looking__r_0.15000000000000002,1.0
01,y,49,y__symmetry_looking__r_0.2,1.0
01,y,50,y__symmetry_looking__r_0.25,1.0
01,y,51,y__symmetry_looking__r_0.30000000000000004,1.0
01,y,52,y__symmetry_looking__r_0.35000000000000003,1.0
01,y,53,y__symmetry_looking__r_0.4,1.0
01,y,54,y__symmetry_looking__r_0.45,1.0
01,y,55,y__symmetry_looking__r_0.5,1.0
01,y,56,y__symmetry_looking__r_0.55,1.0
01,y,57,y__symmetry_looking__r_0.6000000000000001,1.0
01,y,58,y__symmetry_looking__r_0.65,1.0
01,y,59,y__symmetry_looking__r_0.7000000000000001,1.0
01,y,60,y__symmetry_looking__r_0.75,1.0
01,y,61,y__symmetry_looking__r_0.8,1.0
01,y,62,y__symmetry_looking__r_0.8500000000000001,1.0
01,y,63,y__symmetry_looking__r_0.9,1.0
01,y,64,y__symmetry_looking__r_0.9500000000000001,1.0
01,y,65,y__large_standard_deviation__r_0.05,1.0
01,y,66,y__large_standard_deviation__r_0.1,1.0
01,y,67,y__large_standard_deviation__r_0.15000000000000002,1.0
01,y,68,y__large_standard_deviation__r_0.2,1.0
01,y,69,y__large_standard_deviation__r_0.25,1.0
01,y,70,y__large_standard_deviation__r_0.30000000000000004,1.0
01,y,71,y__large_standard_deviation__r_0.35000000000000003,0.0
01,y,72,y__large_standard_deviation__r_0.4,0.0
01,y,73,y__large_standard_deviation__r_0.45,0.0
01,y,74,y__large_standard_deviation__r_0.5,0.0
01,y,75,y__large_standard_deviation__r_0.55,0.0
01,y,76,y__large_standard_deviation__r_0.6000000000000001,0.0
01,y,77,y__large_standard_deviation__r_0.65,0.0
01,y,78,y__large_standard_deviation__r_0.7000000000000001,0.0
01,y,79,y__large_standard_deviation__r_0.75,0.0
01,y,80,y__large_standard_deviation__r_0.8,0.0
01,y,81,y__large_standard_deviation__r_0.8500000000000001,0.0
01,y,82,y__large_standard_deviation__r_0.9,0.0
01,y,83,y__large_standard_deviation__r_0.9500000000000001,0.0
01,y,84,y__quantile__q_0.1,-1.4262877336518103
01,y,85,y__quantile__q_0.2,-1.2193062124432699
01,y,86,y__quantile__q_0.3,-0.8719876267696539
01,y,87,y__quantile__q_0.4,-0.4516131854138506
01,y,88,y__quantile__q_0.6,0.46028118329752965
01,y,89,y__quantile__q_0.7,0.8871670979571761
01,y,90,y__quantile__q_0.8,1.2293045958734956
01,y,91,y__quantile__q_0.9,1.435915955440917
01,y,92,y__autocorrelation__lag_0,1.0
01,y,93,y__autocorrelation__lag_1,0.9729273495352362
01,y,94,y__autocorrelation__lag_2,0.9670686710899042
01,y,95,y__autocorrelation__lag_3,0.9569967762250029
01,y,96,y__autocorrelation__lag_4,0.943682343397849
01,y,97,y__autocorrelation__lag_5,0.9275159301198385
01,y,98,y__autocorrelation__lag_6,0.9060106282370399
01,y,99,y__autocorrelation__lag_7,0.8833084258261105
01,y,100,y__autocorrelation__lag_8,0.8552041338760328
01,y,101,y__autocorrelation__lag_9,0.8237735467938246
01,y,102,"y__agg_autocorrelation__f_agg_""mean""__maxlag_40",0.20790643597014052
01,y,103,"y__agg_autocorrelation__f_agg_""median""__maxlag_40",0.27489465214927294
01,y,104,"y__agg_autocorrelation__f_agg_""var""__maxlag_40",0.3377553973847951
01,y,105,y__partial_autocorrelation__lag_0,1.0
01,y,106,y__partial_autocorrelation__lag_1,0.9729273495352362
01,y,107,y__partial_autocorrelation__lag_2,0.38345129878183354
01,y,108,y__partial_autocorrelation__lag_3,0.08392473924410801
01,y,109,y__partial_autocorrelation__lag_4,-0.07456604694646404
01,y,110,y__partial_autocorrelation__lag_5,-0.1377885568057072
01,y,111,y__partial_autocorrelation__lag_6,-0.2114306214363513
01,y,112,y__partial_autocorrelation__lag_7,-0.1726767640077923
01,y,113,y__partial_autocorrelation__lag_8,-0.20542177504691145
01,y,114,y__partial_autocorrelation__lag_9,-0.2103067079530817
01,y,115,y__number_cwt_peaks__n_1,278.0
01,y,116,y__number_cwt_peaks__n_5,246.0
01,y,117,y__number_peaks__n_1,699.0
01,y,118,y__number_peaks__n_3,161.0
01,y,119,y__number_peaks__n_5,122.0
01,y,120,y__number_peaks__n_10,96.0
01,y,121,y__number_peaks__n_50,30.0
01,y,122,y__binned_entropy__max_bins_10,2.223847337590121
01,y,123,y__index_mass_quantile__q_0.1,0.1014
01,y,124,y__index_mass_quantile__q_0.2,0.2026
01,y,125,y__index_mass_quantile__q_0.3,0.3034
01,y,126,y__index_mass_quantile__q_0.4,0.4038
01,y,127,y__index_mass_quantile__q_0.6,0.603
01,y,128,y__index_mass_quantile__q_0.7,0.7016
01,y,129,y__index_mass_quantile__q_0.8,0.7992
01,y,130,y__index_mass_quantile__q_0.9,0.8992
01,y,131,"y__cwt_coefficients__coeff_0__w_2__widths_(2, 5, 10, 20)",-0.19003163488062202
01,y,132,"y__cwt_coefficients__coeff_0__w_5__widths_(2, 5, 10, 20)",-0.827722589624369
01,y,133,"y__cwt_coefficients__coeff_0__w_10__widths_(2, 5, 10, 20)",-1.7418512827586834
01,y,134,"y__cwt_coefficients__coeff_0__w_20__widths_(2, 5, 10, 20)",-0.4885965267878009
01,y,135,"y__cwt_coefficients__coeff_1__w_2__widths_(2, 5, 10, 20)",-0.20074797922429186
01,y,136,"y__cwt_coefficients__coeff_1__w_5__widths_(2, 5, 10, 20)",-0.8098689983721229
01,y,137,"y__cwt_coefficients__coeff_1__w_10__widths_(2, 5, 10, 20)",-1.638948853124518
01,y,138,"y__cwt_coefficients__coeff_1__w_20__widths_(2, 5, 10, 20)",-0.15875980513217855
01,y,139,"y__cwt_coefficients__coeff_2__w_2__widths_(2, 5, 10, 20)",-0.17617803039766475
01,y,140,"y__cwt_coefficients__coeff_2__w_5__widths_(2, 5, 10, 20)",-0.7551755326804652
01,y,141,"y__cwt_coefficients__coeff_2__w_10__widths_(2, 5, 10, 20)",-1.5079142969222556
01,y,142,"y__cwt_coefficients__coeff_2__w_20__widths_(2, 5, 10, 20)",0.19081518915239137
01,y,143,"y__cwt_coefficients__coeff_3__w_2__widths_(2, 5, 10, 20)",-0.12496984664817701
01,y,144,"y__cwt_coefficients__coeff_3__w_5__widths_(2, 5, 10, 20)",-0.6607606021417616
01,y,145,"y__cwt_coefficients__coeff_3__w_10__widths_(2, 5, 10, 20)",-1.3421233478179133
01,y,146,"y__cwt_coefficients__coeff_3__w_20__widths_(2, 5, 10, 20)",0.5507748198814731
01,y,147,"y__cwt_coefficients__coeff_4__w_2__widths_(2, 5, 10, 20)",-0.06732456473037367
01,y,148,"y__cwt_coefficients__coeff_4__w_5__widths_(2, 5, 10, 20)",-0.5447398744428071
01,y,149,"y__cwt_coefficients__coeff_4__w_10__widths_(2, 5, 10, 20)",-1.1492833639526367
01,y,150,"y__cwt_coefficients__coeff_4__w_20__widths_(2, 5, 10, 20)",0.9288946922599433
01,y,151,"y__cwt_coefficients__coeff_5__w_2__widths_(2, 5, 10, 20)",-0.01878195608334703
01,y,152,"y__cwt_coefficients__coeff_5__w_5__widths_(2, 5, 10, 20)",-0.4044566178062473
01,y,153,"y__cwt_coefficients__coeff_5__w_10__widths_(2, 5, 10, 20)",-0.9307096042090064
01,y,154,"y__cwt_coefficients__coeff_5__w_20__widths_(2, 5, 10, 20)",1.3107053522001302
01,y,155,"y__cwt_coefficients__coeff_6__w_2__widths_(2, 5, 10, 20)",0.01722066254409356
01,y,156,"y__cwt_coefficients__coeff_6__w_5__widths_(2, 5, 10, 20)",-0.25921934846779304
01,y,157,"y__cwt_coefficients__coeff_6__w_10__widths_(2, 5, 10, 20)",-0.6897228660696539
01,y,158,"y__cwt_coefficients__coeff_6__w_20__widths_(2, 5, 10, 20)",1.7261677631168493
01,y,159,"y__cwt_coefficients__coeff_7__w_2__widths_(2, 5, 10, 20)",0.04225060008646886
01,y,160,"y__cwt_coefficients__coeff_7__w_5__widths_(2, 5, 10, 20)",-0.1160692436689441
01,y,161,"y__cwt_coefficients__coeff_7__w_10__widths_(2, 5, 10, 20)",-0.4297946819435454
01,y,162,"y__cwt_coefficients__coeff_7__w_20__widths_(2, 5, 10, 20)",2.1459859212669876
01,y,163,"y__cwt_coefficients__coeff_8__w_2__widths_(2, 5, 10, 20)",0.057887925008258456
01,y,164,"y__cwt_coefficients__coeff_8__w_5__widths_(2, 5, 10, 20)",0.016617634261933814
01,y,165,"y__cwt_coefficients__coeff_8__w_10__widths_(2, 5, 10, 20)",-0.15768968635577177
01,y,166,"y__cwt_coefficients__coeff_8__w_20__widths_(2, 5, 10, 20)",2.55833671863552
01,y,167,"y__cwt_coefficients__coeff_9__w_2__widths_(2, 5, 10, 20)",0.06302748417916414
01,y,168,"y__cwt_coefficients__coeff_9__w_5__widths_(2, 5, 10, 20)",0.13203139631227817
01,y,169,"y__cwt_coefficients__coeff_9__w_10__widths_(2, 5, 10, 20)",0.12553427803737824
01,y,170,"y__cwt_coefficients__coeff_9__w_20__widths_(2, 5, 10, 20)",2.985760119193115
01,y,171,"y__cwt_coefficients__coeff_10__w_2__widths_(2, 5, 10, 20)",0.0526751207258205
01,y,172,"y__cwt_coefficients__coeff_10__w_5__widths_(2, 5, 10, 20)",0.23107730235388232
01,y,173,"y__cwt_coefficients__coeff_10__w_10__widths_(2, 5, 10, 20)",0.4139787590400987
01,y,174,"y__cwt_coefficients__coeff_10__w_20__widths_(2, 5, 10, 20)",3.4028863279209554
01,y,175,"y__cwt_coefficients__coeff_11__w_2__widths_(2, 5, 10, 20)",0.03170470467073651
01,y,176,"y__cwt_coefficients__coeff_11__w_5__widths_(2, 5, 10, 20)",0.30978251075395274
01,y,177,"y__cwt_coefficients__coeff_11__w_10__widths_(2, 5, 10, 20)",0.7002926016775407
01,y,178,"y__cwt_coefficients__coeff_11__w_20__widths_(2, 5, 10, 20)",3.8381918034474936
01,y,179,"y__cwt_coefficients__coeff_12__w_2__widths_(2, 5, 10, 20)",0.022783136928771843
01,y,180,"y__cwt_coefficients__coeff_12__w_5__widths_(2, 5, 10, 20)",0.3733732563405468
01,y,181,"y__cwt_coefficients__coeff_12__w_10__widths_(2, 5, 10, 20)",0.9879704626607886
01,y,182,"y__cwt_coefficients__coeff_12__w_20__widths_(2, 5, 10, 20)",4.268118749245127
01,y,183,"y__cwt_coefficients__coeff_13__w_2__widths_(2, 5, 10, 20)",0.039474939293405086
01,y,184,"y__cwt_coefficients__coeff_13__w_5__widths_(2, 5, 10, 20)",0.4227055912352536
01,y,185,"y__cwt_coefficients__coeff_13__w_10__widths_(2, 5, 10, 20)",1.2610987298165464
01,y,186,"y__cwt_coefficients__coeff_13__w_20__widths_(2, 5, 10, 20)",4.67266836860654
01,y,187,"y__cwt_coefficients__coeff_14__w_2__widths_(2, 5, 10, 20)",0.0626789708015123
01,y,188,"y__cwt_coefficients__coeff_14__w_5__widths_(2, 5, 10, 20)",0.46859387302047045
01,y,189,"y__cwt_coefficients__coeff_14__w_10__widths_(2, 5, 10, 20)",1.5290889574060997
01,y,190,"y__cwt_coefficients__coeff_14__w_20__widths_(2, 5, 10, 20)",5.082596596320485
01,y,191,y__spkt_welch_density__coeff_2,125.41007675042333
01,y,192,y__spkt_welch_density__coeff_5,0.16275469636692327
01,y,193,y__spkt_welch_density__coeff_8,0.09778767543558363
01,y,194,y__ar_coefficient__coeff_0__k_10,0.00020556332286197112
01,y,195,y__ar_coefficient__coeff_1__k_10,0.38921502665604135
01,y,196,y__ar_coefficient__coeff_2__k_10,0.31308473399696696
01,y,197,y__ar_coefficient__coeff_3__k_10,0.223576424842752
01,y,198,y__ar_coefficient__coeff_4__k_10,0.15983246330288525
01,y,199,y__ar_coefficient__coeff_5__k_10,0.14161265277053475
01,y,200,y__ar_coefficient__coeff_6__k_10,0.03551752936905744
01,y,201,y__ar_coefficient__coeff_7__k_10,0.0465175581464602
01,y,202,y__ar_coefficient__coeff_8__k_10,-0.040735774704063
01,y,203,y__ar_coefficient__coeff_9__k_10,-0.12286719689140799
01,y,204,y__ar_coefficient__coeff_10__k_10,-0.1918885368211887
01,y,205,"y__change_quantiles__f_agg_""mean""__isabs_False__qh_0.2__ql_0.0",-0.00032427758651563585
01,y,206,"y__change_quantiles__f_agg_""var""__isabs_False__qh_0.2__ql_0.0",0.003410907364508785
01,y,207,"y__change_quantiles__f_agg_""mean""__isabs_True__qh_0.2__ql_0.0",0.04459539584690186
01,y,208,"y__change_quantiles__f_agg_""var""__isabs_True__qh_0.2__ql_0.0",0.001422263189720029
01,y,209,"y__change_quantiles__f_agg_""mean""__isabs_False__qh_0.4__ql_0.0",-0.0004922264680758951
01,y,210,"y__change_quantiles__f_agg_""var""__isabs_False__qh_0.4__ql_0.0",0.02028814195257174
01,y,211,"y__change_quantiles__f_agg_""mean""__isabs_True__qh_0.4__ql_0.0",0.07874451883327906
01,y,212,"y__change_quantiles__f_agg_""var""__isabs_True__qh_0.4__ql_0.0",0.014087684993182973
01,y,213,"y__change_quantiles__f_agg_""mean""__isabs_False__qh_0.6__ql_0.0",-0.00027512236834724185
01,y,214,"y__change_quantiles__f_agg_""var""__isabs_False__qh_0.6__ql_0.0",0.05093985334732291
01,y,215,"y__change_quantiles__f_agg_""mean""__isabs_True__qh_0.6__ql_0.0",0.1089789034977438
01,y,216,"y__change_quantiles__f_agg_""var""__isabs_True__qh_0.6__ql_0.0",0.03906352763206991
01,y,217,"y__change_quantiles__f_agg_""mean""__isabs_False__qh_0.8__ql_0.0",-0.0007295240974117123
01,y,218,"y__change_quantiles__f_agg_""var""__isabs_False__qh_0.8__ql_0.0",0.04256825598963904
01,y,219,"y__change_quantiles__f_agg_""mean""__isabs_True__qh_0.8__ql_0.0",0.10497781536018413
01,y,220,"y__change_quantiles__f_agg_""var""__isabs_True__qh_0.8__ql_0.0",0.03154844647725083
01,y,221,"y__change_quantiles__f_agg_""mean""__isabs_False__qh_1.0__ql_0.0",-1.5134318138429347e-05
01,y,222,"y__change_quantiles__f_agg_""var""__isabs_False__qh_1.0__ql_0.0",0.06227415838373235
01,y,223,"y__change_quantiles__f_agg_""mean""__isabs_True__qh_1.0__ql_0.0",0.11794089886708772
01,y,224,"y__change_quantiles__f_agg_""var""__isabs_True__qh_1.0__ql_0.0",0.04836410298720331
01,y,225,"y__change_quantiles__f_agg_""mean""__isabs_False__qh_0.4__ql_0.2",-0.0034243223773986137
01,y,226,"y__change_quantiles__f_agg_""var""__isabs_False__qh_0.4__ql_0.2",0.012659316854591297
01,y,227,"y__change_quantiles__f_agg_""mean""__isabs_True__qh_0.4__ql_0.2",0.08355318869956997
01,y,228,"y__change_quantiles__f_agg_""var""__isabs_True__qh_0.4__ql_0.2",0.005689907496469702
01,y,229,"y__change_quantiles__f_agg_""mean""__isabs_False__qh_0.6__ql_0.2",-0.0021597446764887924
01,y,230,"y__change_quantiles__f_agg_""var""__isabs_False__qh_0.6__ql_0.2",0.012905546245160746
01,y,231,"y__change_quantiles__f_agg_""mean""__isabs_True__qh_0.6__ql_0.2",0.09125556521699354
01,y,232,"y__change_quantiles__f_agg_""var""__isabs_True__qh_0.6__ql_0.2",0.004582632559155405
01,y,233,"y__change_quantiles__f_agg_""mean""__isabs_False__qh_0.8__ql_0.2",-0.0021419676193802904
01,y,234,"y__change_quantiles__f_agg_""var""__isabs_False__qh_0.8__ql_0.2",0.014377484515093956
01,y,235,"y__change_quantiles__f_agg_""mean""__isabs_True__qh_0.8__ql_0.2",0.09180232352249575
01,y,236,"y__change_quantiles__f_agg_""var""__isabs_True__qh_0.8__ql_0.2",0.005954405936247455
01,y,237,"y__change_quantiles__f_agg_""mean""__isabs_False__qh_1.0__ql_0.2",-0.000821704516548193
01,y,238,"y__change_quantiles__f_agg_""var""__isabs_False__qh_1.0__ql_0.2",0.047711285786095105
01,y,239,"y__change_quantiles__f_agg_""mean""__isabs_True__qh_1.0__ql_0.2",0.1121900841801596
01,y,240,"y__change_quantiles__f_agg_""var""__isabs_True__qh_1.0__ql_0.2",0.03512534599605633
01,y,241,"y__change_quantiles__f_agg_""mean""__isabs_False__qh_0.6__ql_0.4",-0.0017974429077922092
01,y,242,"y__change_quantiles__f_agg_""var""__isabs_False__qh_0.6__ql_0.4",0.010394541027352834
01,y,243,"y__change_quantiles__f_agg_""mean""__isabs_True__qh_0.6__ql_0.4",0.09194978888784155
01,y,244,"y__change_quantiles__f_agg_""var""__isabs_True__qh_0.6__ql_0.4",0.0019430081518409768
01,y,245,"y__change_quantiles__f_agg_""mean""__isabs_False__qh_0.8__ql_0.4",-0.001964050568824606
01,y,246,"y__change_quantiles__f_agg_""var""__isabs_False__qh_0.8__ql_0.4",0.01402241440023402
01,y,247,"y__change_quantiles__f_agg_""mean""__isabs_True__qh_0.8__ql_0.4",0.092425435234837
01,y,248,"y__change_quantiles__f_agg_""var""__isabs_True__qh_0.8__ql_0.4",0.0054838108165218705
01,y,249,"y__change_quantiles__f_agg_""mean""__isabs_False__qh_1.0__ql_0.4",-0.00026427882092664736
01,y,250,"y__change_quantiles__f_agg_""var""__isabs_False__qh_1.0__ql_0.4",0.058797118612454846
01,y,251,"y__change_quantiles__f_agg_""mean""__isabs_True__qh_1.0__ql_0.4",0.11948894894274951
01,y,252,"y__change_quantiles__f_agg_""var""__isabs_True__qh_1.0__ql_0.4",0.04451957953630704
01,y,253,"y__change_quantiles__f_agg_""mean""__isabs_False__qh_0.8__ql_0.6",-0.00224863126663254
01,y,254,"y__change_quantiles__f_agg_""var""__isabs_False__qh_0.8__ql_0.6",0.015660099179082336
01,y,255,"y__change_quantiles__f_agg_""mean""__isabs_True__qh_0.8__ql_0.6",0.08675506069368162
01,y,256,"y__change_quantiles__f_agg_""var""__isabs_True__qh_0.8__ql_0.6",0.00813871496569123
01,y,257,"y__change_quantiles__f_agg_""mean""__isabs_False__qh_1.0__ql_0.6",-0.0029302674442486403
01,y,258,"y__change_quantiles__f_agg_""var""__isabs_False__qh_1.0__ql_0.6",0.03765847033390386
01,y,259,"y__change_quantiles__f_agg_""mean""__isabs_True__qh_1.0__ql_0.6",0.09773711549806806
01,y,260,"y__change_quantiles__f_agg_""var""__isabs_True__qh_1.0__ql_0.6",0.02811451305531599
01,y,261,"y__change_quantiles__f_agg_""mean""__isabs_False__qh_1.0__ql_0.8",-0.0017599530036025944
01,y,262,"y__change_quantiles__f_agg_""var""__isabs_False__qh_1.0__ql_0.8",0.004075102660105366
01,y,263,"y__change_quantiles__f_agg_""mean""__isabs_True__qh_1.0__ql_0.8",0.0462632415384184
01,y,264,"y__change_quantiles__f_agg_""var""__isabs_True__qh_1.0__ql_0.8",0.0019379125770382145
01,y,265,"y__fft_coefficient__attr_""real""__coeff_0",29.743010202897615
01,y,266,"y__fft_coefficient__attr_""real""__coeff_1",8.89757110626861
01,y,267,"y__fft_coefficient__attr_""real""__coeff_2",-3.304429520217578
01,y,268,"y__fft_coefficient__attr_""real""__coeff_3",4.7523040596342625
01,y,269,"y__fft_coefficient__attr_""real""__coeff_4",-10.9647338411317
01,y,270,"y__fft_coefficient__attr_""real""__coeff_5",0.8416643939168851
01,y,271,"y__fft_coefficient__attr_""real""__coeff_6",-9.909330611248931
01,y,272,"y__fft_coefficient__attr_""real""__coeff_7",-2.081128695032695
01,y,273,"y__fft_coefficient__attr_""real""__coeff_8",12.843497386196354
01,y,274,"y__fft_coefficient__attr_""real""__coeff_9",-9.508688589063519
01,y,275,"y__fft_coefficient__attr_""real""__coeff_10",1.1335958030653492
01,y,276,"y__fft_coefficient__attr_""real""__coeff_11",4.62308573445974
01,y,277,"y__fft_coefficient__attr_""real""__coeff_12",-1.8354716243271474
01,y,278,"y__fft_coefficient__attr_""real""__coeff_13",10.46589169953445
01,y,279,"y__fft_coefficient__attr_""real""__coeff_14",-4.117385194113257
01,y,280,"y__fft_coefficient__attr_""real""__coeff_15",-3.157499824229953
01,y,281,"y__fft_coefficient__attr_""real""__coeff_16",-8.785121314680916
01,y,282,"y__fft_coefficient__attr_""real""__coeff_17",12.957083268212362
01,y,283,"y__fft_coefficient__attr_""real""__coeff_18",-12.92318943583599
01,y,284,"y__fft_coefficient__attr_""real""__coeff_19",-0.37032292466719424
01,y,285,"y__fft_coefficient__attr_""real""__coeff_20",-0.7761122933142497
01,y,286,"y__fft_coefficient__attr_""real""__coeff_21",6.4924784353532905
01,y,287,"y__fft_coefficient__attr_""real""__coeff_22",-2.709109400317483
01,y,288,"y__fft_coefficient__attr_""real""__coeff_23",4.457325188863453
01,y,289,"y__fft_coefficient__attr_""real""__coeff_24",2.555927849164001
01,y,290,"y__fft_coefficient__attr_""real""__coeff_25",1.7680170970264024
01,y,291,"y__fft_coefficient__attr_""real""__coeff_26",-7.404212868913619
01,y,292,"y__fft_coefficient__attr_""real""__coeff_27",11.056178385706254
01,y,293,"y__fft_coefficient__attr_""real""__coeff_28",6.67344772711548
01,y,294,"y__fft_coefficient__attr_""real""__coeff_29",-3.762652071060578
01,y,295,"y__fft_coefficient__attr_""real""__coeff_30",-2.6350544439764434
01,y,296,"y__fft_coefficient__attr_""real""__coeff_31",-0.6477333145108233
01,y,297,"y__fft_coefficient__attr_""real""__coeff_32",6.802973115662818
01,y,298,"y__fft_coefficient__attr_""real""__coeff_33",1.4519770097277487
01,y,299,"y__fft_coefficient__attr_""real""__coeff_34",-5.96904398209599
01,y,300,"y__fft_coefficient__attr_""real""__coeff_35",0.5739013440140832
01,y,301,"y__fft_coefficient__attr_""real""__coeff_36",0.5318616960199591
01,y,302,"y__fft_coefficient__attr_""real""__coeff_37",-1.4093681764193304
01,y,303,"y__fft_coefficient__attr_""real""__coeff_38",-1.8218591430421682
01,y,304,"y__fft_coefficient__attr_""real""__coeff_39",-13.711241772404358
01,y,305,"y__fft_coefficient__attr_""real""__coeff_40",-4.5650401039151465
01,y,306,"y__fft_coefficient__attr_""real""__coeff_41",-10.481343811116258
01,y,307,"y__fft_coefficient__attr_""real""__coeff_42",12.459082108968953
01,y,308,"y__fft_coefficient__attr_""real""__coeff_43",4.585382959256657
01,y,309,"y__fft_coefficient__attr_""real""__coeff_44",-8.57495369810357
01,y,310,"y__fft_coefficient__attr_""real""__coeff_45",-4.899173752374455
01,y,311,"y__fft_coefficient__attr_""real""__coeff_46",-2.841292808503829
01,y,312,"y__fft_coefficient__attr_""real""__coeff_47",11.886598702449183
01,y,313,"y__fft_coefficient__attr_""real""__coeff_48",-2.404646466951956
01,y,314,"y__fft_coefficient__attr_""real""__coeff_49",-10.26640279215046
01,y,315,"y__fft_coefficient__attr_""real""__coeff_50",3.585989418429315
01,y,316,"y__fft_coefficient__attr_""real""__coeff_51",3.05399635904812
01,y,317,"y__fft_coefficient__attr_""real""__coeff_52",-5.1781362652180585
01,y,318,"y__fft_coefficient__attr_""real""__coeff_53",9.116496508223683
01,y,319,"y__fft_coefficient__attr_""real""__coeff_54",1.4401075241514336
01,y,320,"y__fft_coefficient__attr_""real""__coeff_55",-4.062968213803462
01,y,321,"y__fft_coefficient__attr_""real""__coeff_56",7.849534185303463
01,y,322,"y__fft_coefficient__attr_""real""__coeff_57",4.987709719470773
01,y,323,"y__fft_coefficient__attr_""real""__coeff_58",8.912371777729232
01,y,324,"y__fft_coefficient__attr_""real""__coeff_59",-3.692034667020419
01,y,325,"y__fft_coefficient__attr_""real""__coeff_60",0.15560422090569226
01,y,326,"y__fft_coefficient__attr_""real""__coeff_61",-3.6555664527978777
01,y,327,"y__fft_coefficient__attr_""real""__coeff_62",-3.021975618740351
01,y,328,"y__fft_coefficient__attr_""real""__coeff_63",-3.241736621602414
01,y,329,"y__fft_coefficient__attr_""real""__coeff_64",2.970381548126676
01,y,330,"y__fft_coefficient__attr_""real""__coeff_65",10.870838149777535
01,y,331,"y__fft_coefficient__attr_""real""__coeff_66",4.593140739241571
01,y,332,"y__fft_coefficient__attr_""real""__coeff_67",22.96852422733928
01,y,333,"y__fft_coefficient__attr_""real""__coeff_68",4.528638128392815
01,y,334,"y__fft_coefficient__attr_""real""__coeff_69",-11.062400162155864
01,y,335,"y__fft_coefficient__attr_""real""__coeff_70",-1.5336767869344246
01,y,336,"y__fft_coefficient__attr_""real""__coeff_71",2.227470185502667
01,y,337,"y__fft_coefficient__attr_""real""__coeff_72",7.175506863407611
01,y,338,"y__fft_coefficient__attr_""real""__coeff_73",-6.949782504363256
01,y,339,"y__fft_coefficient__attr_""real""__coeff_74",-16.53536050707993
01,y,340,"y__fft_coefficient__attr_""real""__coeff_75",-1.3256701839064124
01,y,341,"y__fft_coefficient__attr_""real""__coeff_76",12.226401167831341
01,y,342,"y__fft_coefficient__attr_""real""__coeff_77",3.0203127439100825
01,y,343,"y__fft_coefficient__attr_""real""__coeff_78",5.3028815994030065
01,y,344,"y__fft_coefficient__attr_""real""__coeff_79",10.786496828949588
01,y,345,"y__fft_coefficient__attr_""real""__coeff_80",-9.76851234423226
01,y,346,"y__fft_coefficient__attr_""real""__coeff_81",-5.125011501758856
01,y,347,"y__fft_coefficient__attr_""real""__coeff_82",1.254366963965777
01,y,348,"y__fft_coefficient__attr_""real""__coeff_83",7.6479242021807075
01,y,349,"y__fft_coefficient__attr_""real""__coeff_84",-9.965262423416045
01,y,350,"y__fft_coefficient__attr_""real""__coeff_85",5.092341422033779
01,y,351,"y__fft_coefficient__attr_""real""__coeff_86",-7.771946441762832
01,y,352,"y__fft_coefficient__attr_""real""__coeff_87",-9.568747573973031
01,y,353,"y__fft_coefficient__attr_""real""__coeff_88",-4.248655854447811
01,y,354,"y__fft_coefficient__attr_""real""__coeff_89",-6.378608005299091
01,y,355,"y__fft_coefficient__attr_""real""__coeff_90",-12.88959455295422
01,y,356,"y__fft_coefficient__attr_""real""__coeff_91",1.6721567114229794
01,y,357,"y__fft_coefficient__attr_""real""__coeff_92",-0.9251359293859829
01,y,358,"y__fft_coefficient__attr_""real""__coeff_93",-4.637794231784283
01,y,359,"y__fft_coefficient__attr_""real""__coeff_94",-6.55635626853908
01,y,360,"y__fft_coefficient__attr_""real""__coeff_95",-1.304309162608956
01,y,361,"y__fft_coefficient__attr_""real""__coeff_96",4.4121360841092105
01,y,362,"y__fft_coefficient__attr_""real""__coeff_97",4.5803268603264415
01,y,363,"y__fft_coefficient__attr_""real""__coeff_98",6.418300223001884
01,y,364,"y__fft_coefficient__attr_""real""__coeff_99",5.698776735913124
01,y,365,"y__fft_coefficient__attr_""imag""__coeff_0",0.0
01,y,366,"y__fft_coefficient__attr_""imag""__coeff_1",-5.679252757924854
01,y,367,"y__fft_coefficient__attr_""imag""__coeff_2",-0.7835238519323191
01,y,368,"y__fft_coefficient__attr_""imag""__coeff_3",0.4185895335732521
01,y,369,"y__fft_coefficient__attr_""imag""__coeff_4",-2.4922756444318512
01,y,370,"y__fft_coefficient__attr_""imag""__coeff_5",-5.239596353352374
01,y,371,"y__fft_coefficient__attr_""imag""__coeff_6",0.783473165498938
01,y,372,"y__fft_coefficient__attr_""imag""__coeff_7",-7.390198072298666
01,y,373,"y__fft_coefficient__attr_""imag""__coeff_8",-12.456852540060392
01,y,374,"y__fft_coefficient__attr_""imag""__coeff_9",17.234242281386344
01,y,375,"y__fft_coefficient__attr_""imag""__coeff_10",4.0076865267523
01,y,376,"y__fft_coefficient__attr_""imag""__coeff_11",10.645043676090488
01,y,377,"y__fft_coefficient__attr_""imag""__coeff_12",-5.52676987954737
01,y,378,"y__fft_coefficient__attr_""imag""__coeff_13",6.170043371075797
01,y,379,"y__fft_coefficient__attr_""imag""__coeff_14",-2.17193168848565
01,y,380,"y__fft_coefficient__attr_""imag""__coeff_15",-1.6103290478335115
01,y,381,"y__fft_coefficient__attr_""imag""__coeff_16",-3.5138460536614984
01,y,382,"y__fft_coefficient__attr_""imag""__coeff_17",0.8626496213716723
01,y,383,"y__fft_coefficient__attr_""imag""__coeff_18",-16.438887426709808
01,y,384,"y__fft_coefficient__attr_""imag""__coeff_19",1.5192891584510198
01,y,385,"y__fft_coefficient__attr_""imag""__coeff_20",-5.723670668357922
01,y,386,"y__fft_coefficient__attr_""imag""__coeff_21",-10.061613152906315
01,y,387,"y__fft_coefficient__attr_""imag""__coeff_22",4.145189641384373
01,y,388,"y__fft_coefficient__attr_""imag""__coeff_23",-9.134859770189822
01,y,389,"y__fft_coefficient__attr_""imag""__coeff_24",12.787675903385537
01,y,390,"y__fft_coefficient__attr_""imag""__coeff_25",-0.753821333419311
01,y,391,"y__fft_coefficient__attr_""imag""__coeff_26",-8.816160573498518
01,y,392,"y__fft_coefficient__attr_""imag""__coeff_27",5.974199780364349
01,y,393,"y__fft_coefficient__attr_""imag""__coeff_28",-12.253780379639565
01,y,394,"y__fft_coefficient__attr_""imag""__coeff_29",0.7126238012506532
01,y,395,"y__fft_coefficient__attr_""imag""__coeff_30",2.9657296981868404
01,y,396,"y__fft_coefficient__attr_""imag""__coeff_31",6.52674334481003
01,y,397,"y__fft_coefficient__attr_""imag""__coeff_32",-8.859689925437387
01,y,398,"y__fft_coefficient__attr_""imag""__coeff_33",-12.200388978682403
01,y,399,"y__fft_coefficient__attr_""imag""__coeff_34",-0.21023612850659434
01,y,400,"y__fft_coefficient__attr_""imag""__coeff_35",1.5690252821420545
01,y,401,"y__fft_coefficient__attr_""imag""__coeff_36",-7.9504648562488285
01,y,402,"y__fft_coefficient__attr_""imag""__coeff_37",0.56789203530594
01,y,403,"y__fft_coefficient__attr_""imag""__coeff_38",4.291210842375785
01,y,404,"y__fft_coefficient__attr_""imag""__coeff_39",11.628575336131014
01,y,405,"y__fft_coefficient__attr_""imag""__coeff_40",-6.441875129853733
01,y,406,"y__fft_coefficient__attr_""imag""__coeff_41",-13.306783991244334
01,y,407,"y__fft_coefficient__attr_""imag""__coeff_42",1.0630703916610718
01,y,408,"y__fft_coefficient__attr_""imag""__coeff_43",19.298113506490267
01,y,409,"y__fft_coefficient__attr_""imag""__coeff_44",6.650817357121121
01,y,410,"y__fft_coefficient__attr_""imag""__coeff_45",-19.84426575415572
01,y,411,"y__fft_coefficient__attr_""imag""__coeff_46",-2.9111603066134784
01,y,412,"y__fft_coefficient__attr_""imag""__coeff_47",1.2465414093342078
01,y,413,"y__fft_coefficient__attr_""imag""__coeff_48",-7.440422940776736
01,y,414,"y__fft_coefficient__attr_""imag""__coeff_49",5.060013983810149
01,y,415,"y__fft_coefficient__attr_""imag""__coeff_50",-3728.7550895916856
01,y,416,"y__fft_coefficient__attr_""imag""__coeff_51",-1.050061092961443
01,y,417,"y__fft_coefficient__attr_""imag""__coeff_52",2.229872544999794
01,y,418,"y__fft_coefficient__attr_""imag""__coeff_53",-1.203226012666204
01,y,419,"y__fft_coefficient__attr_""imag""__coeff_54",12.401945394757671
01,y,420,"y__fft_coefficient__attr_""imag""__coeff_55",7.310783108088003
01,y,421,"y__fft_coefficient__attr_""imag""__coeff_56",3.7540928497599504
01,y,422,"y__fft_coefficient__attr_""imag""__coeff_57",1.6823932830209323
01,y,423,"y__fft_coefficient__attr_""imag""__coeff_58",3.80772784865077
01,y,424,"y__fft_coefficient__attr_""imag""__coeff_59",-5.059758910431454
01,y,425,"y__fft_coefficient__attr_""imag""__coeff_60",7.4950492725626825
01,y,426,"y__fft_coefficient__attr_""imag""__coeff_61",4.432978528282728
01,y,427,"y__fft_coefficient__attr_""imag""__coeff_62",-4.583746411794131
01,y,428,"y__fft_coefficient__attr_""imag""__coeff_63",-7.19146978671675
01,y,429,"y__fft_coefficient__attr_""imag""__coeff_64",15.256376896816683
01,y,430,"y__fft_coefficient__attr_""imag""__coeff_65",-0.5452761395863339
01,y,431,"y__fft_coefficient__attr_""imag""__coeff_66",-5.771159528328399
01,y,432,"y__fft_coefficient__attr_""imag""__coeff_67",-7.577902502615719
01,y,433,"y__fft_coefficient__attr_""imag""__coeff_68",13.87368892543562
01,y,434,"y__fft_coefficient__attr_""imag""__coeff_69",-1.8215438918349314
01,y,435,"y__fft_coefficient__attr_""imag""__coeff_70",10.561582425592666
01,y,436,"y__fft_coefficient__attr_""imag""__coeff_71",-8.545534035492725
01,y,437,"y__fft_coefficient__attr_""imag""__coeff_72",-7.742865648376567
01,y,438,"y__fft_coefficient__attr_""imag""__coeff_73",-2.174885566681591
01,y,439,"y__fft_coefficient__attr_""imag""__coeff_74",-7.54099183980012
01,y,440,"y__fft_coefficient__attr_""imag""__coeff_75",6.339498676410845
01,y,441,"y__fft_coefficient__attr_""imag""__coeff_76",-5.251043902502577
01,y,442,"y__fft_coefficient__attr_""imag""__coeff_77",2.8484330622388803
01,y,443,"y__fft_coefficient__attr_""imag""__coeff_78",-5.009957959141448
01,y,444,"y__fft_coefficient__attr_""imag""__coeff_79",7.626707027143108
01,y,445,"y__fft_coefficient__attr_""imag""__coeff_80",-15.44099951745717
01,y,446,"y__fft_coefficient__attr_""imag""__coeff_81",-2.282919962721014
01,y,447,"y__fft_coefficient__attr_""imag""__coeff_82",-4.279908189345097
01,y,448,"y__fft_coefficient__attr_""imag""__coeff_83",2.8250245463826342
01,y,449,"y__fft_coefficient__attr_""imag""__coeff_84",6.478034127060821
01,y,450,"y__fft_coefficient__attr_""imag""__coeff_85",-0.8285410246659328
01,y,451,"y__fft_coefficient__attr_""imag""__coeff_86",3.5478244599578153
01,y,452,"y__fft_coefficient__attr_""imag""__coeff_87",9.508188240313226
01,y,453,"y__fft_coefficient__attr_""imag""__coeff_88",-2.1687396587946006
01,y,454,"y__fft_coefficient__attr_""imag""__coeff_89",-0.23995418329022883
01,y,455,"y__fft_coefficient__attr_""imag""__coeff_90",14.676509537350878
01,y,456,"y__fft_coefficient__attr_""imag""__coeff_91",-10.922827164612304
01,y,457,"y__fft_coefficient__attr_""imag""__coeff_92",3.557088841074874
01,y,458,"y__fft_coefficient__attr_""imag""__coeff_93",-6.885731658703689
01,y,459,"y__fft_coefficient__attr_""imag""__coeff_94",1.8911722734821446
01,y,460,"y__fft_coefficient__attr_""imag""__coeff_95",-0.12916636224950828
01,y,461,"y__fft_coefficient__attr_""imag""__coeff_96",0.22550373616385144
01,y,462,"y__fft_coefficient__attr_""imag""__coeff_97",-1.1892184076139838
01,y,463,"y__fft_coefficient__attr_""imag""__coeff_98",2.9124429932779665
01,y,464,"y__fft_coefficient__attr_""imag""__coeff_99",4.8682447717317565
01,y,465,"y__fft_coefficient__attr_""abs""__coeff_0",29.743010202897615
01,y,466,"y__fft_coefficient__attr_""abs""__coeff_1",10.555599626714868
01,y,467,"y__fft_coefficient__attr_""abs""__coeff_2",3.396051248234077
01,y,468,"y__fft_coefficient__attr_""abs""__coeff_3",4.770703414888979
01,y,469,"y__fft_coefficient__attr_""abs""__coeff_4",11.244413105835578
01,y,470,"y__fft_coefficient__attr_""abs""__coeff_5",5.306766331585646
01,y,471,"y__fft_coefficient__attr_""abs""__coeff_6",9.940254693119892
01,y,472,"y__fft_coefficient__attr_""abs""__coeff_7",7.677637930580955
01,y,473,"y__fft_coefficient__attr_""abs""__coeff_8",17.892137946987823
01,y,474,"y__fft_coefficient__attr_""abs""__coeff_9",19.683349961256887
01,y,475,"y__fft_coefficient__attr_""abs""__coeff_10",4.164923857820127
01,y,476,"y__fft_coefficient__attr_""abs""__coeff_11",11.605596778022198
01,y,477,"y__fft_coefficient__attr_""abs""__coeff_12",5.823584925557641
01,y,478,"y__fft_coefficient__attr_""abs""__coeff_13",12.149252004437988
01,y,479,"y__fft_coefficient__attr_""abs""__coeff_14",4.655120631750717
01,y,480,"y__fft_coefficient__attr_""abs""__coeff_15",3.5444272855157526
01,y,481,"y__fft_coefficient__attr_""abs""__coeff_16",9.461790031621577
01,y,482,"y__fft_coefficient__attr_""abs""__coeff_17",12.985768024596828
01,y,483,"y__fft_coefficient__attr_""abs""__coeff_18",20.9104243147417
01,y,484,"y__fft_coefficient__attr_""abs""__coeff_19",1.5637706403180973
01,y,485,"y__fft_coefficient__attr_""abs""__coeff_20",5.776050225859738
01,y,486,"y__fft_coefficient__attr_""abs""__coeff_21",11.974486856323525
01,y,487,"y__fft_coefficient__attr_""abs""__coeff_22",4.951956270599415
01,y,488,"y__fft_coefficient__attr_""abs""__coeff_23",10.164320481975617
01,y,489,"y__fft_coefficient__attr_""abs""__coeff_24",13.040606664575051
01,y,490,"y__fft_coefficient__attr_""abs""__coeff_25",1.9220122419214023
01,y,491,"y__fft_coefficient__attr_""abs""__coeff_26",11.512908210608462
01,y,492,"y__fft_coefficient__attr_""abs""__coeff_27",12.567026040884278
01,y,493,"y__fft_coefficient__attr_""abs""__coeff_28",13.953137215658074
01,y,494,"y__fft_coefficient__attr_""abs""__coeff_29",3.8295408719538933
01,y,495,"y__fft_coefficient__attr_""abs""__coeff_30",3.9672489921137304
01,y,496,"y__fft_coefficient__attr_""abs""__coeff_31",6.558806075479683
01,y,497,"y__fft_coefficient__attr_""abs""__coeff_32",11.1702528524348
01,y,498,"y__fft_coefficient__attr_""abs""__coeff_33",12.286485602804936
01,y,499,"y__fft_coefficient__attr_""abs""__coeff_34",5.972745205508586
01,y,500,"y__fft_coefficient__attr_""abs""__coeff_35",1.670689405204368
01,y,501,"y__fft_coefficient__attr_""abs""__coeff_36",7.968234954752585
01,y,502,"y__fft_coefficient__attr_""abs""__coeff_37",1.5194801810051595
01,y,503,"y__fft_coefficient__attr_""abs""__coeff_38",4.661937497522874
01,y,504,"y__fft_coefficient__attr_""abs""__coeff_39",17.978373544050108
01,y,505,"y__fft_coefficient__attr_""abs""__coeff_40",7.895400327974614
01,y,506,"y__fft_coefficient__attr_""abs""__coeff_41",16.938980733103794
01,y,507,"y__fft_coefficient__attr_""abs""__coeff_42",12.504353068258137
01,y,508,"y__fft_coefficient__attr_""abs""__coeff_43",19.835395680258646
01,y,509,"y__fft_coefficient__attr_""abs""__coeff_44",10.851875526488666
01,y,510,"y__fft_coefficient__attr_""abs""__coeff_45",20.44007795429147
01,y,511,"y__fft_coefficient__attr_""abs""__coeff_46",4.067898616541157
01,y,512,"y__fft_coefficient__attr_""abs""__coeff_47",11.951782051152518
01,y,513,"y__fft_coefficient__attr_""abs""__coeff_48",7.81934896066554
01,y,514,"y__fft_coefficient__attr_""abs""__coeff_49",11.445644053832401
01,y,515,"y__fft_coefficient__attr_""abs""__coeff_50",3728.756813936249
01,y,516,"y__fft_coefficient__attr_""abs""__coeff_51",3.229477056743174
01,y,517,"y__fft_coefficient__attr_""abs""__coeff_52",5.637856573921536
01,y,518,"y__fft_coefficient__attr_""abs""__coeff_53",9.195556612952323
01,y,519,"y__fft_coefficient__attr_""abs""__coeff_54",12.485277700382502
01,y,520,"y__fft_coefficient__attr_""abs""__coeff_55",8.36392613309576
01,y,521,"y__fft_coefficient__attr_""abs""__coeff_56",8.701057409928204
01,y,522,"y__fft_coefficient__attr_""abs""__coeff_57",5.263809970397599
01,y,523,"y__fft_coefficient__attr_""abs""__coeff_58",9.691705839214022
01,y,524,"y__fft_coefficient__attr_""abs""__coeff_59",6.263567690555525
01,y,525,"y__fft_coefficient__attr_""abs""__coeff_60",7.496664343006565
01,y,526,"y__fft_coefficient__attr_""abs""__coeff_61",5.74582150114646
01,y,527,"y__fft_coefficient__attr_""abs""__coeff_62",5.490270285504777
01,y,528,"y__fft_coefficient__attr_""abs""__coeff_63",7.888351793441903
01,y,529,"y__fft_coefficient__attr_""abs""__coeff_64",15.54285052875351
01,y,530,"y__fft_coefficient__attr_""abs""__coeff_65",10.884504956453501
01,y,531,"y__fft_coefficient__attr_""abs""__coeff_66",7.3758541303293335
01,y,532,"y__fft_coefficient__attr_""abs""__coeff_67",24.1863124829111
01,y,533,"y__fft_coefficient__attr_""abs""__coeff_68",14.594101811954312
01,y,534,"y__fft_coefficient__attr_""abs""__coeff_69",11.211365639276387
01,y,535,"y__fft_coefficient__attr_""abs""__coeff_70",10.672356244961529
01,y,536,"y__fft_coefficient__attr_""abs""__coeff_71",8.831068756332265
01,y,537,"y__fft_coefficient__attr_""abs""__coeff_72",10.556508286153125
01,y,538,"y__fft_coefficient__attr_""abs""__coeff_73",7.28214282241934
01,y,539,"y__fft_coefficient__attr_""abs""__coeff_74",18.173736683110345
01,y,540,"y__fft_coefficient__attr_""abs""__coeff_75",6.476622955268689
01,y,541,"y__fft_coefficient__attr_""abs""__coeff_76",13.306327351405312
01,y,542,"y__fft_coefficient__attr_""abs""__coeff_77",4.15160932423575
01,y,543,"y__fft_coefficient__attr_""abs""__coeff_78",7.295219805437786
01,y,544,"y__fft_coefficient__attr_""abs""__coeff_79",13.210419142435018
01,y,545,"y__fft_coefficient__attr_""abs""__coeff_80",18.271516070581846
01,y,546,"y__fft_coefficient__attr_""abs""__coeff_81",5.610478272781268
01,y,547,"y__fft_coefficient__attr_""abs""__coeff_82",4.4599384064706475
01,y,548,"y__fft_coefficient__attr_""abs""__coeff_83",8.153006089165261
01,y,549,"y__fft_coefficient__attr_""abs""__coeff_84",11.885763808813993
01,y,550,"y__fft_coefficient__attr_""abs""__coeff_85",5.159304351181027
01,y,551,"y__fft_coefficient__attr_""abs""__coeff_86",8.543430803389523
01,y,552,"y__fft_coefficient__attr_""abs""__coeff_87",13.48949864700855
01,y,553,"y__fft_coefficient__attr_""abs""__coeff_88",4.770168579532822
01,y,554,"y__fft_coefficient__attr_""abs""__coeff_89",6.383119777612207
01,y,555,"y__fft_coefficient__attr_""abs""__coeff_90",19.533089359840094
01,y,556,"y__fft_coefficient__attr_""abs""__coeff_91",11.050079698153738
01,y,557,"y__fft_coefficient__attr_""abs""__coeff_92",3.675426167281864
01,y,558,"y__fft_coefficient__attr_""abs""__coeff_93",8.301953734636555
01,y,559,"y__fft_coefficient__attr_""abs""__coeff_94",6.823660314523233
01,y,560,"y__fft_coefficient__attr_""abs""__coeff_95",1.3106892617254662
01,y,561,"y__fft_coefficient__attr_""abs""__coeff_96",4.417895059835896
01,y,562,"y__fft_coefficient__attr_""abs""__coeff_97",4.732191307252467
01,y,563,"y__fft_coefficient__attr_""abs""__coeff_98",7.048184301057965
01,y,564,"y__fft_coefficient__attr_""abs""__coeff_99",7.495055933298844
01,y,565,"y__fft_coefficient__attr_""angle""__coeff_0",0.0
01,y,566,"y__fft_coefficient__attr_""angle""__coeff_1",-32.549784110913926
01,y,567,"y__fft_coefficient__attr_""angle""__coeff_2",-166.66076215256965
01,y,568,"y__fft_coefficient__attr_""angle""__coeff_3",5.033700853341323
01,y,569,"y__fft_coefficient__attr_""angle""__coeff_4",-167.19428960752956
01,y,570,"y__fft_coefficient__attr_""angle""__coeff_5",-80.8742323817931
01,y,571,"y__fft_coefficient__attr_""angle""__coeff_6",175.47935986694935
01,y,572,"y__fft_coefficient__attr_""angle""__coeff_7",-105.72757106130815
01,y,573,"y__fft_coefficient__attr_""angle""__coeff_8",-44.12446295906195
01,y,574,"y__fft_coefficient__attr_""angle""__coeff_9",118.88694144795642
01,y,575,"y__fft_coefficient__attr_""angle""__coeff_10",74.20615749626499
01,y,576,"y__fft_coefficient__attr_""angle""__coeff_11",66.52495068151481
01,y,577,"y__fft_coefficient__attr_""angle""__coeff_12",-108.37161968816527
01,y,578,"y__fft_coefficient__attr_""angle""__coeff_13",30.52097555356748
01,y,579,"y__fft_coefficient__attr_""angle""__coeff_14",-152.18823339572552
01,y,580,"y__fft_coefficient__attr_""angle""__coeff_15",-152.9783588275788
01,y,581,"y__fft_coefficient__attr_""angle""__coeff_16",-158.19972888971515
01,y,582,"y__fft_coefficient__attr_""angle""__coeff_17",3.8089859390804146
01,y,583,"y__fft_coefficient__attr_""angle""__coeff_18",-128.17213773070011
01,y,584,"y__fft_coefficient__attr_""angle""__coeff_19",103.69858146316726
01,y,585,"y__fft_coefficient__attr_""angle""__coeff_20",-97.72203571338137
01,y,586,"y__fft_coefficient__attr_""angle""__coeff_21",-57.16697471644983
01,y,587,"y__fft_coefficient__attr_""angle""__coeff_22",123.16682398425377
01,y,588,"y__fft_coefficient__attr_""angle""__coeff_23",-63.9900880470561
01,y,589,"y__fft_coefficient__attr_""angle""__coeff_24",78.69699242791341
01,y,590,"y__fft_coefficient__attr_""angle""__coeff_25",-23.091722799889336
01,y,591,"y__fft_coefficient__attr_""angle""__coeff_26",-130.02506911848747
01,y,592,"y__fft_coefficient__attr_""angle""__coeff_27",28.384545220349732
01,y,593,"y__fft_coefficient__attr_""angle""__coeff_28",-61.42714841876114
01,y,594,"y__fft_coefficient__attr_""angle""__coeff_29",169.27554700919507
01,y,595,"y__fft_coefficient__attr_""angle""__coeff_30",131.62112886236216
01,y,596,"y__fft_coefficient__attr_""angle""__coeff_31",95.66764406346093
01,y,597,"y__fft_coefficient__attr_""angle""__coeff_32",-52.48089869808411
01,y,598,"y__fft_coefficient__attr_""angle""__coeff_33",-83.21311036022551
01,y,599,"y__fft_coefficient__attr_""angle""__coeff_34",-177.98281506461194
01,y,600,"y__fft_coefficient__attr_""angle""__coeff_35",69.90902964940764
01,y,601,"y__fft_coefficient__attr_""angle""__coeff_36",-86.17279058979074
01,y,602,"y__fft_coefficient__attr_""angle""__coeff_37",158.05347997748675
01,y,603,"y__fft_coefficient__attr_""angle""__coeff_38",113.00393933368478
01,y,604,"y__fft_coefficient__attr_""angle""__coeff_39",139.6985496751519
01,y,605,"y__fft_coefficient__attr_""angle""__coeff_40",-125.32332476736694
01,y,606,"y__fft_coefficient__attr_""angle""__coeff_41",-128.22641497277368
01,y,607,"y__fft_coefficient__attr_""angle""__coeff_42",4.876946363632009
01,y,608,"y__fft_coefficient__attr_""angle""__coeff_43",76.63393313366954
01,y,609,"y__fft_coefficient__attr_""angle""__coeff_44",142.20249700527452
01,y,610,"y__fft_coefficient__attr_""angle""__coeff_45",-103.86793127766835
01,y,611,"y__fft_coefficient__attr_""angle""__coeff_46",-134.30413758082466
01,y,612,"y__fft_coefficient__attr_""angle""__coeff_47",5.986696078134468
01,y,613,"y__fft_coefficient__attr_""angle""__coeff_48",-107.91014770163964
01,y,614,"y__fft_coefficient__attr_""angle""__coeff_49",153.762641057305
01,y,615,"y__fft_coefficient__attr_""angle""__coeff_50",-89.94489796439439
01,y,616,"y__fft_coefficient__attr_""angle""__coeff_51",-18.974599675776595
01,y,617,"y__fft_coefficient__attr_""angle""__coeff_52",156.70172909559295
01,y,618,"y__fft_coefficient__attr_""angle""__coeff_53",-7.518634311971704
01,y,619,"y__fft_coefficient__attr_""angle""__coeff_54",83.37650705046617
01,y,620,"y__fft_coefficient__attr_""angle""__coeff_55",119.06311968709387
01,y,621,"y__fft_coefficient__attr_""angle""__coeff_56",25.559773915686083
01,y,622,"y__fft_coefficient__attr_""angle""__coeff_57",18.639650895024772
01,y,623,"y__fft_coefficient__attr_""angle""__coeff_58",23.13414491146196
01,y,624,"y__fft_coefficient__attr_""angle""__coeff_59",-126.11770165579524
01,y,625,"y__fft_coefficient__attr_""angle""__coeff_60",88.81065697695894
01,y,626,"y__fft_coefficient__attr_""angle""__coeff_61",129.51001010492726
01,y,627,"y__fft_coefficient__attr_""angle""__coeff_62",-123.39609459272106
01,y,628,"y__fft_coefficient__attr_""angle""__coeff_63",-114.2646733080349
01,y,629,"y__fft_coefficient__attr_""angle""__coeff_64",78.9824777692825
01,y,630,"y__fft_coefficient__attr_""angle""__coeff_65",-2.8715227935043046
01,y,631,"y__fft_coefficient__attr_""angle""__coeff_66",-51.48447847633045
01,y,632,"y__fft_coefficient__attr_""angle""__coeff_67",-18.259042005381
01,y,633,"y__fft_coefficient__attr_""angle""__coeff_68",71.92232438043136
01,y,634,"y__fft_coefficient__attr_""angle""__coeff_69",-170.64953440896875
01,y,635,"y__fft_coefficient__attr_""angle""__coeff_70",98.26232743966379
01,y,636,"y__fft_coefficient__attr_""angle""__coeff_71",-75.3904234504754
01,y,637,"y__fft_coefficient__attr_""angle""__coeff_72",-47.177959099878834
01,y,638,"y__fft_coefficient__attr_""angle""__coeff_73",-162.62285608726617
01,y,639,"y__fft_coefficient__attr_""angle""__coeff_74",-155.48452590802364
01,y,640,"y__fft_coefficient__attr_""angle""__coeff_75",101.81108350225124
01,y,641,"y__fft_coefficient__attr_""angle""__coeff_76",-23.24274986824495
01,y,642,"y__fft_coefficient__attr_""angle""__coeff_77",43.3224412114544
01,y,643,"y__fft_coefficient__attr_""angle""__coeff_78",-43.37302064574791
01,y,644,"y__fft_coefficient__attr_""angle""__coeff_79",35.26262603319245
01,y,645,"y__fft_coefficient__attr_""angle""__coeff_80",-122.31886584675759
01,y,646,"y__fft_coefficient__attr_""angle""__coeff_81",-155.98957133975816
01,y,647,"y__fft_coefficient__attr_""angle""__coeff_82",-73.6650528909239
01,y,648,"y__fft_coefficient__attr_""angle""__coeff_83",20.27344772097943
01,y,649,"y__fft_coefficient__attr_""angle""__coeff_84",146.9736526213253
01,y,650,"y__fft_coefficient__attr_""angle""__coeff_85",-9.241237403227052
01,y,651,"y__fft_coefficient__attr_""angle""__coeff_86",155.4637237814956
01,y,652,"y__fft_coefficient__attr_""angle""__coeff_87",135.1818836424924
01,y,653,"y__fft_coefficient__attr_""angle""__coeff_88",-152.95781893265587
01,y,654,"y__fft_coefficient__attr_""angle""__coeff_89",-177.84562993960495
01,y,655,"y__fft_coefficient__attr_""angle""__coeff_90",131.2911101706888
01,y,656,"y__fft_coefficient__attr_""angle""__coeff_91",-81.2962621089461
01,y,657,"y__fft_coefficient__attr_""angle""__coeff_92",104.57863421381774
01,y,658,"y__fft_coefficient__attr_""angle""__coeff_93",-123.96172019317838
01,y,659,"y__fft_coefficient__attr_""angle""__coeff_94",163.9098640993409
01,y,660,"y__fft_coefficient__attr_""angle""__coeff_95",-174.3444115440247
01,y,661,"y__fft_coefficient__attr_""angle""__coeff_96",2.9258344218104804
01,y,662,"y__fft_coefficient__attr_""angle""__coeff_97",-14.554687144022632
01,y,663,"y__fft_coefficient__attr_""angle""__coeff_98",24.40720237357685
01,y,664,"y__fft_coefficient__attr_""angle""__coeff_99",40.50598514676089
01,y,665,"y__fft_aggregated__aggtype_""centroid""",1099.9813215114332
01,y,666,"y__fft_aggregated__aggtype_""variance""",605411.4142834835
01,y,667,"y__fft_aggregated__aggtype_""skew""",0.14151552763367775
01,y,668,"y__fft_aggregated__aggtype_""kurtosis""",13.698200881656716
01,y,669,y__value_count__value_0,0.0
01,y,670,y__value_count__value_1,0.0
01,y,671,y__value_count__value_-1,0.0
01,y,672,y__range_count__max_1__min_-1,2313.0
01,y,673,y__range_count__max_0__min_-1000000000000.0,2503.0
01,y,674,y__range_count__max_1000000000000.0__min_0,2497.0
01,y,675,y__approximate_entropy__m_2__r_0.1,0.5696625191132654
01,y,676,y__approximate_entropy__m_2__r_0.3,0.2852245183912221
01,y,677,y__approximate_entropy__m_2__r_0.5,0.18214395461361987
01,y,678,y__approximate_entropy__m_2__r_0.7,0.11278066429286149
01,y,679,y__approximate_entropy__m_2__r_0.9,0.06874945591078663
01,y,680,y__friedrich_coefficients__coeff_0__m_3__r_30,-0.0877412904767633
01,y,681,y__friedrich_coefficients__coeff_1__m_3__r_30,-0.005268298375345317
01,y,682,y__friedrich_coefficients__coeff_2__m_3__r_30,0.1252645858967561
01,y,683,y__friedrich_coefficients__coeff_3__m_3__r_30,0.007331883410806491
01,y,684,y__max_langevin_fixed_point__m_3__r_30,1.194125944002666
01,y,685,"y__linear_trend__attr_""pvalue""",0.2241947209806598
01,y,686,"y__linear_trend__attr_""rvalue""",-0.017192079087917676
01,y,687,"y__linear_trend__attr_""intercept""",0.03775973552064234
01,y,688,"y__linear_trend__attr_""slope""",-1.2726998791783483e-05
01,y,689,"y__linear_trend__attr_""stderr""",1.0469725262834289e-05
01,y,690,"y__agg_linear_trend__attr_""rvalue""__chunk_len_5__f_agg_""max""",-0.017678842351533018
01,y,691,"y__agg_linear_trend__attr_""rvalue""__chunk_len_5__f_agg_""min""",-0.018880987753319846
01,y,692,"y__agg_linear_trend__attr_""rvalue""__chunk_len_5__f_agg_""mean""",-0.0174491522308837
01,y,693,"y__agg_linear_trend__attr_""rvalue""__chunk_len_5__f_agg_""var""",0.016753178672017005
01,y,694,"y__agg_linear_trend__attr_""rvalue""__chunk_len_10__f_agg_""max""",-0.020212943557786946
01,y,695,"y__agg_linear_trend__attr_""rvalue""__chunk_len_10__f_agg_""min""",-0.025082418170519004
01,y,696,"y__agg_linear_trend__attr_""rvalue""__chunk_len_10__f_agg_""mean""",-0.017690334597815896
01,y,697,"y__agg_linear_trend__attr_""rvalue""__chunk_len_10__f_agg_""var""",0.019020355612086974
01,y,698,"y__agg_linear_trend__attr_""rvalue""__chunk_len_50__f_agg_""max""",-0.014611128421995984
01,y,699,"y__agg_linear_trend__attr_""rvalue""__chunk_len_50__f_agg_""min""",-0.05996502485806883
01,y,700,"y__agg_linear_trend__attr_""rvalue""__chunk_len_50__f_agg_""mean""",-0.019212146584031697
01,y,701,"y__agg_linear_trend__attr_""rvalue""__chunk_len_50__f_agg_""var""",0.07455375209924052
01,y,702,"y__agg_linear_trend__attr_""intercept""__chunk_len_5__f_agg_""max""",0.22386234674651467
01,y,703,"y__agg_linear_trend__attr_""intercept""__chunk_len_5__f_agg_""min""",-0.13834908491703068
01,y,704,"y__agg_linear_trend__attr_""intercept""__chunk_len_5__f_agg_""mean""",0.037742143444814934
01,y,705,"y__agg_linear_trend__attr_""intercept""__chunk_len_5__f_agg_""var""",0.030486578040433292
01,y,706,"y__agg_linear_trend__attr_""intercept""__chunk_len_10__f_agg_""max""",0.4121819424071015
01,y,707,"y__agg_linear_trend__attr_""intercept""__chunk_len_10__f_agg_""min""",-0.3009203016095988
01,y,708,"y__agg_linear_trend__attr_""intercept""__chunk_len_10__f_agg_""mean""",0.037704918166367625
01,y,709,"y__agg_linear_trend__attr_""intercept""__chunk_len_10__f_agg_""var""",0.060824522433488196
01,y,710,"y__agg_linear_trend__attr_""intercept""__chunk_len_50__f_agg_""max""",0.8165746160636419
01,y,711,"y__agg_linear_trend__attr_""intercept""__chunk_len_50__f_agg_""min""",-0.7775089759949799
01,y,712,"y__agg_linear_trend__attr_""intercept""__chunk_len_50__f_agg_""mean""",0.037433981207264246
01,y,713,"y__agg_linear_trend__attr_""intercept""__chunk_len_50__f_agg_""var""",0.22515350285650843
01,y,714,"y__agg_linear_trend__attr_""slope""__chunk_len_5__f_agg_""max""",-6.556423327639126e-05
01,y,715,"y__agg_linear_trend__attr_""slope""__chunk_len_5__f_agg_""min""",-6.930190620597362e-05
01,y,716,"y__agg_linear_trend__attr_""slope""__chunk_len_5__f_agg_""mean""",-6.365073354201283e-05
01,y,717,"y__agg_linear_trend__attr_""slope""__chunk_len_5__f_agg_""var""",4.7230145892187766e-06
01,y,718,"y__agg_linear_trend__attr_""slope""__chunk_len_10__f_agg_""max""",-0.00014611379248007114
01,y,719,"y__agg_linear_trend__attr_""slope""__chunk_len_10__f_agg_""min""",-0.00018023033342962476
01,y,720,"y__agg_linear_trend__attr_""slope""__chunk_len_10__f_agg_""mean""",-0.00012727982415145533
01,y,721,"y__agg_linear_trend__attr_""slope""__chunk_len_10__f_agg_""var""",9.701589328347928e-06
01,y,722,"y__agg_linear_trend__attr_""slope""__chunk_len_50__f_agg_""max""",-0.00040148903970080665
01,y,723,"y__agg_linear_trend__attr_""slope""__chunk_len_50__f_agg_""min""",-0.0016071439684562695
01,y,724,"y__agg_linear_trend__attr_""slope""__chunk_len_50__f_agg_""mean""",-0.0006360682659936316
01,y,725,"y__agg_linear_trend__attr_""slope""__chunk_len_50__f_agg_""var""",6.494417622099519e-05
01,y,726,"y__agg_linear_trend__attr_""stderr""__chunk_len_5__f_agg_""max""",0.00011737619180169761
01,y,727,"y__agg_linear_trend__attr_""stderr""__chunk_len_5__f_agg_""min""",0.00011616566267400517
01,y,728,"y__agg_linear_trend__attr_""stderr""__chunk_len_5__f_agg_""mean""",0.00011545099636479314
01,y,729,"y__agg_linear_trend__attr_""stderr""__chunk_len_5__f_agg_""var""",8.922690750818064e-06
01,y,730,"y__agg_linear_trend__attr_""stderr""__chunk_len_10__f_agg_""max""",0.0003238606939781046
01,y,731,"y__agg_linear_trend__attr_""stderr""__chunk_len_10__f_agg_""min""",0.0003218897550354224
01,y,732,"y__agg_linear_trend__attr_""stderr""__chunk_len_10__f_agg_""mean""",0.0003223598028721471
01,y,733,"y__agg_linear_trend__attr_""stderr""__chunk_len_10__f_agg_""var""",2.2852357558888104e-05
01,y,734,"y__agg_linear_trend__attr_""stderr""__chunk_len_50__f_agg_""max""",0.002775431643504737
01,y,735,"y__agg_linear_trend__attr_""stderr""__chunk_len_50__f_agg_""min""",0.0027024738524740735
01,y,736,"y__agg_linear_trend__attr_""stderr""__chunk_len_50__f_agg_""mean""",0.003343756427042033
01,y,737,"y__agg_linear_trend__attr_""stderr""__chunk_len_50__f_agg_""var""",8.775004366661864e-05
01,y,738,"y__augmented_dickey_fuller__attr_""teststat""__autolag_""AIC""",-28.76604927708873
01,y,739,"y__augmented_dickey_fuller__attr_""pvalue""__autolag_""AIC""",0.0
01,y,740,"y__augmented_dickey_fuller__attr_""usedlag""__autolag_""AIC""",32.0
01,y,741,y__number_crossing_m__m_0,99.0
01,y,742,y__number_crossing_m__m_-1,196.0
01,y,743,y__number_crossing_m__m_1,232.0
01,y,744,y__energy_ratio_by_chunks__num_segments_10__segment_focus_0,0.09952170331707622
01,y,745,y__energy_ratio_by_chunks__num_segments_10__segment_focus_1,0.09852349100516924
01,y,746,y__energy_ratio_by_chunks__num_segments_10__segment_focus_2,0.09850915860446496
01,y,747,y__energy_ratio_by_chunks__num_segments_10__segment_focus_3,0.09875753808260132
01,y,748,y__energy_ratio_by_chunks__num_segments_10__segment_focus_4,0.10160253829641866
01,y,749,y__energy_ratio_by_chunks__num_segments_10__segment_focus_5,0.10004373199950149
01,y,750,y__energy_ratio_by_chunks__num_segments_10__segment_focus_6,0.10245853182595427
01,y,751,y__energy_ratio_by_chunks__num_segments_10__segment_focus_7,0.10120474860436844
01,y,752,y__energy_ratio_by_chunks__num_segments_10__segment_focus_8,0.09971192530918846
01,y,753,y__energy_ratio_by_chunks__num_segments_10__segment_focus_9,0.09966663295525692
01,y,754,y__ratio_beyond_r_sigma__r_0.5,0.7596
01,y,755,y__ratio_beyond_r_sigma__r_1,0.4988
01,y,756,y__ratio_beyond_r_sigma__r_1.5,0.0
01,y,757,y__ratio_beyond_r_sigma__r_2,0.0
01,y,758,y__ratio_beyond_r_sigma__r_2.5,0.0
01,y,759,y__ratio_beyond_r_sigma__r_3,0.0
01,y,760,y__ratio_beyond_r_sigma__r_5,0.0
01,y,761,y__ratio_beyond_r_sigma__r_6,0.0
01,y,762,y__ratio_beyond_r_sigma__r_7,0.0
01,y,763,y__ratio_beyond_r_sigma__r_10,0.0
01,y,764,y__count_above__t_0,0.4994
01,y,765,y__count_below__t_0,0.5006
01,y,766,y__lempel_ziv_complexity__bins_2,0.0392
01,y,767,y__lempel_ziv_complexity__bins_3,0.0698
01,y,768,y__lempel_ziv_complexity__bins_5,0.1018
01,y,769,y__lempel_ziv_complexity__bins_10,0.1482
01,y,770,y__lempel_ziv_complexity__bins_100,0.3838
01,y,771,y__fourier_entropy__bins_2,0.07998252574647073
01,y,772,y__fourier_entropy__bins_3,0.07998252574647073
01,y,773,y__fourier_entropy__bins_5,0.07998252574647073
01,y,774,y__fourier_entropy__bins_10,0.09072899366212879
01,y,775,y__fourier_entropy__bins_100,0.22636345757853585
01,y,776,y__permutation_entropy__dimension_3__tau_1,1.480208417019397
01,y,777,y__permutation_entropy__dimension_4__tau_1,2.2463652925517135
01,y,778,y__permutation_entropy__dimension_5__tau_1,2.9992970175294436
01,y,779,y__permutation_entropy__dimension_6__tau_1,3.698045887898199
01,y,780,y__permutation_entropy__dimension_7__tau_1,4.259237985106159
01,y,781,y__query_similarity_count__query_None__threshold_0.0,
01,y,782,y__mean_n_absolute_max__number_of_maxima_7,1.6054384028548938
012,y,0,y__variance_larger_than_standard_deviation,1.0
012,y,1,y__has_duplicate_max,1.0
012,y,2,y__has_duplicate_min,1.0
012,y,3,y__has_duplicate,1.0
012,y,4,y__sum_values,26.982829046381497
012,y,5,y__abs_energy,5731.891475012792
012,y,6,y__mean_abs_change,0.11151201442054452
012,y,7,y__mean_change,-1.5134318138429928e-05
012,y,8,y__mean_second_derivative_central,1.0146495424221691e-05
012,y,9,y__median,-0.0030694815841654385
012,y,10,y__mean,0.0053965658092762995
012,y,11,y__length,5000.0
012,y,12,y__standard_deviation,1.0706769690621092
012,y,13,y__variation_coefficient,198.39968730144906
012,y,14,y__variance,1.1463491720800247
012,y,15,y__skewness,-0.003299569637376915
012,y,16,y__kurtosis,-1.5078892452696988
012,y,17,y__root_mean_square,1.0706905692134208
012,y,18,y__absolute_sum_of_changes,557.4485600883021
012,y,19,y__longest_strike_below_mean,51.0
012,y,20,y__longest_strike_above_mean,51.0
012,y,21,y__count_above_mean,2493.0
012,y,22,y__count_below_mean,2507.0
012,y,23,y__last_location_of_maximum,0.8896
012,y,24,y__first_location_of_maximum,0.0052
012,y,25,y__last_location_of_minimum,0.9598
012,y,26,y__first_location_of_minimum,0.0184
012,y,27,y__percentage_of_reoccurring_values_to_all_values,0.00040666937779585197
012,y,28,y__percentage_of_reoccurring_datapoints_to_all_datapoints,0.0168
012,y,29,y__sum_of_reoccurring_values,0.028474532034622912
012,y,30,y__sum_of_reoccurring_data_points,-11.53367874924649
012,y,31,y__ratio_value_number_to_time_series_length,0.9836
012,y,32,y__sample_entropy,0.24648189250785968
012,y,33,y__maximum,1.6054384028548938
012,y,34,y__absolute_maximum,1.6054384028548938
012,y,35,y__minimum,-1.576963870820271
012,y,36,y__benford_correlation,0.8552387564951214
012,y,37,y__time_reversal_asymmetry_statistic__lag_1,-0.0008519383931240779
012,y,38,y__time_reversal_asymmetry_statistic__lag_2,-0.0031950858288732667
012,y,39,y__time_reversal_asymmetry_statistic__lag_3,-0.0035017085717970863
012,y,40,y__c3__lag_1,0.016245009416263275
012,y,41,y__c3__lag_2,0.01536975430613466
012,y,42,y__c3__lag_3,0.015138838295064563
012,y,43,y__cid_ce__normalize_True,15.683170917913714
012,y,44,y__cid_ce__normalize_False,16.791609903674868
012,y,45,y__symmetry_looking__r_0.0,0.0
012,y,46,y__symmetry_looking__r_0.05,1.0
012,y,47,y__symmetry_looking__r_0.1,1.0
012,y,48,y__symmetry_looking__r_0.15000000000000002,1.0
012,y,49,y__symmetry_looking__r_0.2,1.0
012,y,50,y__symmetry_looking__r_0.25,1.0
012,y,51,y__symmetry_looking__r_0.30000000000000004,1.0
012,y,52,y__symmetry_looking__r_0.35000000000000003,1.0
012,y,53,y__symmetry_looking__r_0.4,1.0
012,y,54,y__symmetry_looking__r_0.45,1.0
012,y,55,y__symmetry_looking__r_0.5,1.0
012,y,56,y__symmetry_looking__r_0.55,1.0
012,y,57,y__symmetry_looking__r_0.6000000000000001,1.0
012,y,58,y__symmetry_looking__r_0.65,1.0
012,y,59,y__symmetry_looking__r_0.7000000000000001,1.0
012,y,60,y__symmetry_looking__r_0.75,1.0
012,y,61,y__symmetry_looking__r_0.8,1.0
012,y,62,y__symmetry_looking__r_0.8500000000000001,1.0
012,y,63,y__symmetry_looking__r_0.9,1.0
012,y,64,y__symmetry_looking__r_0.9500000000000001,1.0
012,y,65,y__large_standard_deviation__r_0.05,1.0
012,y,66,y__large_standard_deviation__r_0.1,1.0
012,y,67,y__large_standard_deviation__r_0.15000000000000002,1.0
012,y,68,y__large_standard_deviation__r_0.2,1.0
012,y,69,y__large_standard_deviation__r_0.25,1.0
012,y,70,y__large_standard_deviation__r_0.30000000000000004,1.0
012,y,71,y__large_standard_deviation__r_0.35000000000000003,0.0
012,y,72,y__large_standard_deviation__r_0.4,0.0
012,y,73,y__large_standard_deviation__r_0.45,0.0
012,y,74,y__large_standard_deviation__r_0.5,0.0
012,y,75,y__large_standard_deviation__r_0.55,0.0
012,y,76,y__large_standard_deviation__r_0.6000000000000001,0.0
012,y,77,y__large_standard_deviation__r_0.65,0.0
012,y,78,y__large_standard_deviation__r_0.7000000000000001,0.0
012,y,79,y__large_standard_deviation__r_0.75,0.0
012,y,80,y__large_standard_deviation__r_0.8,0.0
012,y,81,y__large_standard_deviation__r_0.8500000000000001,0.0
012,y,82,y__large_standard_deviation__r_0.9,0.0
012,y,83,y__large_standard_deviation__r_0.9500000000000001,0.0
012,y,84,y__quantile__q_0.1,-1.4253488037423554
012,y,85,y__quantile__q_0.2,-1.2173256450927277
012,y,86,y__quantile__q_0.3,-0.889987683691286
012,y,87,y__quantile__q_0.4,-0.467024611716578
012,y,88,y__quantile__q_0.6,0.46899478487497204
012,y,89,y__quantile__q_0.7,0.9165304887841127
012,y,90,y__quantile__q_0.8,1.2219917459344043
012,y,91,y__quantile__q_0.9,1.4266739588762447
012,y,92,y__autocorrelation__lag_0,1.0
012,y,93,y__autocorrelation__lag_1,0.9755986797858319
012,y,94,y__autocorrelation__lag_2,0.9668960495395149
012,y,95,y__autocorrelation__lag_3,0.9559627900911014
012,y,96,y__autocorrelation__lag_4,0.9413388591779976
012,y,97,y__autocorrelation__lag_5,0.9232307339009772
012,y,98,y__autocorrelation__lag_6,0.9024180225089424
012,y,99,y__autocorrelation__lag_7,0.8784090683845313
012,y,100,y__autocorrelation__lag_8,0.8495632493157343
012,y,101,y__autocorrelation__lag_9,0.8187495515250768
012,y,102,"y__agg_autocorrelation__f_agg_""mean""__maxlag_40",0.20736240949459583
012,y,103,"y__agg_autocorrelation__f_agg_""median""__maxlag_40",0.2728186673940429
012,y,104,"y__agg_autocorrelation__f_agg_""var""__maxlag_40",0.3347215340042466
012,y,105,y__partial_autocorrelation__lag_0,1.0
012,y,106,y__partial_autocorrelation__lag_1,0.9755986797858319
012,y,107,y__partial_autocorrelation__lag_2,0.313298854254777
012,y,108,y__partial_autocorrelation__lag_3,0.058468206274902734
012,y,109,y__partial_autocorrelation__lag_4,-0.08510185772792922
012,y,110,y__partial_autocorrelation__lag_5,-0.1473743438106779
012,y,111,y__partial_autocorrelation__lag_6,-0.15029534616956577
012,y,112,y__partial_autocorrelation__lag_7,-0.1496040288033141
012,y,113,y__partial_autocorrelation__lag_8,-0.18692509210505892
012,y,114,y__partial_autocorrelation__lag_9,-0.1493770132805525
012,y,115,y__number_cwt_peaks__n_1,331.0
012,y,116,y__number_cwt_peaks__n_5,242.0
012,y,117,y__number_peaks__n_1,683.0
012,y,118,y__number_peaks__n_3,147.0
012,y,119,y__number_peaks__n_5,107.0
012,y,120,y__number_peaks__n_10,85.0
012,y,121,y__number_peaks__n_50,37.0
012,y,122,y__binned_entropy__max_bins_10,2.2231158647689417
012,y,123,y__index_mass_quantile__q_0.1,0.1038
012,y,124,y__index_mass_quantile__q_0.2,0.2042
012,y,125,y__index_mass_quantile__q_0.3,0.304
012,y,126,y__index_mass_quantile__q_0.4,0.403
012,y,127,y__index_mass_quantile__q_0.6,0.603
012,y,128,y__index_mass_quantile__q_0.7,0.6962
012,y,129,y__index_mass_quantile__q_0.8,0.7968
012,y,130,y__index_mass_quantile__q_0.9,0.8976
012,y,131,"y__cwt_coefficients__coeff_0__w_2__widths_(2, 5, 10, 20)",-0.19003163488062202
012,y,132,"y__cwt_coefficients__coeff_0__w_5__widths_(2, 5, 10, 20)",-0.8277236044718078
012,y,133,"y__cwt_coefficients__coeff_0__w_10__widths_(2, 5, 10, 20)",-1.7468366252082965
012,y,134,"y__cwt_coefficients__coeff_0__w_20__widths_(2, 5, 10, 20)",-0.5187345747452181
012,y,135,"y__cwt_coefficients__coeff_1__w_2__widths_(2, 5, 10, 20)",-0.20074797922429186
012,y,136,"y__cwt_coefficients__coeff_1__w_5__widths_(2, 5, 10, 20)",-0.809871367162985
012,y,137,"y__cwt_coefficients__coeff_1__w_10__widths_(2, 5, 10, 20)",-1.6427183739033813
012,y,138,"y__cwt_coefficients__coeff_1__w_20__widths_(2, 5, 10, 20)",-0.18818496449484148
012,y,139,"y__cwt_coefficients__coeff_2__w_2__widths_(2, 5, 10, 20)",-0.17617803039766475
012,y,140,"y__cwt_coefficients__coeff_2__w_5__widths_(2, 5, 10, 20)",-0.7551818309012137
012,y,141,"y__cwt_coefficients__coeff_2__w_10__widths_(2, 5, 10, 20)",-1.5149675958731417
012,y,142,"y__cwt_coefficients__coeff_2__w_20__widths_(2, 5, 10, 20)",0.16064614933550725
012,y,143,"y__cwt_coefficients__coeff_3__w_2__widths_(2, 5, 10, 20)",-0.12496984664817701
012,y,144,"y__cwt_coefficients__coeff_3__w_5__widths_(2, 5, 10, 20)",-0.660775827450163
012,y,145,"y__cwt_coefficients__coeff_3__w_10__widths_(2, 5, 10, 20)",-1.347049973186055
012,y,146,"y__cwt_coefficients__coeff_3__w_20__widths_(2, 5, 10, 20)",0.5070812490192863
012,y,147,"y__cwt_coefficients__coeff_4__w_2__widths_(2, 5, 10, 20)",-0.06732456473037367
012,y,148,"y__cwt_coefficients__coeff_4__w_5__widths_(2, 5, 10, 20)",-0.5447750341288019
012,y,149,"y__cwt_coefficients__coeff_4__w_10__widths_(2, 5, 10, 20)",-1.1560352083096215
012,y,150,"y__cwt_coefficients__coeff_4__w_20__widths_(2, 5, 10, 20)",0.8970747268392942
012,y,151,"y__cwt_coefficients__coeff_5__w_2__widths_(2, 5, 10, 20)",-0.01878195608334703
012,y,152,"y__cwt_coefficients__coeff_5__w_5__widths_(2, 5, 10, 20)",-0.40452574024766613
012,y,153,"y__cwt_coefficients__coeff_5__w_10__widths_(2, 5, 10, 20)",-0.941535191321651
012,y,154,"y__cwt_coefficients__coeff_5__w_20__widths_(2, 5, 10, 20)",1.2818244163616517
012,y,155,"y__cwt_coefficients__coeff_6__w_2__widths_(2, 5, 10, 20)",0.01722066254409356
012,y,156,"y__cwt_coefficients__coeff_6__w_5__widths_(2, 5, 10, 20)",-0.25937330661833974
012,y,157,"y__cwt_coefficients__coeff_6__w_10__widths_(2, 5, 10, 20)",-0.6964037094045121
012,y,158,"y__cwt_coefficients__coeff_6__w_20__widths_(2, 5, 10, 20)",1.6939712742415063
012,y,159,"y__cwt_coefficients__coeff_7__w_2__widths_(2, 5, 10, 20)",0.04225060008646886
012,y,160,"y__cwt_coefficients__coeff_7__w_5__widths_(2, 5, 10, 20)",-0.1163794887616828
012,y,161,"y__cwt_coefficients__coeff_7__w_10__widths_(2, 5, 10, 20)",-0.44361754357307487
012,y,162,"y__cwt_coefficients__coeff_7__w_20__widths_(2, 5, 10, 20)",2.11350085203292
012,y,163,"y__cwt_coefficients__coeff_8__w_2__widths_(2, 5, 10, 20)",0.057887925008258456
012,y,164,"y__cwt_coefficients__coeff_8__w_5__widths_(2, 5, 10, 20)",0.016024298543094114
012,y,165,"y__cwt_coefficients__coeff_8__w_10__widths_(2, 5, 10, 20)",-0.1655539011091731
012,y,166,"y__cwt_coefficients__coeff_8__w_20__widths_(2, 5, 10, 20)",2.5257803809444423
012,y,167,"y__cwt_coefficients__coeff_9__w_2__widths_(2, 5, 10, 20)",0.06302748417916414
012,y,168,"y__cwt_coefficients__coeff_9__w_5__widths_(2, 5, 10, 20)",0.13095174774528764
012,y,169,"y__cwt_coefficients__coeff_9__w_10__widths_(2, 5, 10, 20)",0.1140380122508596
012,y,170,"y__cwt_coefficients__coeff_9__w_20__widths_(2, 5, 10, 20)",2.944874769867521
012,y,171,"y__cwt_coefficients__coeff_10__w_2__widths_(2, 5, 10, 20)",0.05267512072579443
012,y,172,"y__cwt_coefficients__coeff_10__w_5__widths_(2, 5, 10, 20)",0.22940174807618283
012,y,173,"y__cwt_coefficients__coeff_10__w_10__widths_(2, 5, 10, 20)",0.39537609602297746
012,y,174,"y__cwt_coefficients__coeff_10__w_20__widths_(2, 5, 10, 20)",3.3679506057289372
012,y,175,"y__cwt_coefficients__coeff_11__w_2__widths_(2, 5, 10, 20)",0.03170470467015384
012,y,176,"y__cwt_coefficients__coeff_11__w_5__widths_(2, 5, 10, 20)",0.3068346339813274
012,y,177,"y__cwt_coefficients__coeff_11__w_10__widths_(2, 5, 10, 20)",0.690567848198874
012,y,178,"y__cwt_coefficients__coeff_11__w_20__widths_(2, 5, 10, 20)",3.805955370118277
012,y,179,"y__cwt_coefficients__coeff_12__w_2__widths_(2, 5, 10, 20)",0.022783136908352163
012,y,180,"y__cwt_coefficients__coeff_12__w_5__widths_(2, 5, 10, 20)",0.36882119972310295
012,y,181,"y__cwt_coefficients__coeff_12__w_10__widths_(2, 5, 10, 20)",0.9676923151491473
012,y,182,"y__cwt_coefficients__coeff_12__w_20__widths_(2, 5, 10, 20)",4.236124279184419
012,y,183,"y__cwt_coefficients__coeff_13__w_2__widths_(2, 5, 10, 20)",0.03947493874031458
012,y,184,"y__cwt_coefficients__coeff_13__w_5__widths_(2, 5, 10, 20)",0.4160830933282985
012,y,185,"y__cwt_coefficients__coeff_13__w_10__widths_(2, 5, 10, 20)",1.2480035228241604
012,y,186,"y__cwt_coefficients__coeff_13__w_20__widths_(2, 5, 10, 20)",4.64115873408289
012,y,187,"y__cwt_coefficients__coeff_14__w_2__widths_(2, 5, 10, 20)",0.0626789592394268
012,y,188,"y__cwt_coefficients__coeff_14__w_5__widths_(2, 5, 10, 20)",0.4596043692632395
012,y,189,"y__cwt_coefficients__coeff_14__w_10__widths_(2, 5, 10, 20)",1.5118378754953303
012,y,190,"y__cwt_coefficients__coeff_14__w_20__widths_(2, 5, 10, 20)",5.052130193026856
012,y,191,y__spkt_welch_density__coeff_2,125.00261126353521
012,y,192,y__spkt_welch_density__coeff_5,0.21069741988509186
012,y,193,y__spkt_welch_density__coeff_8,0.2638214936453983
012,y,194,y__ar_coefficient__coeff_0__k_10,0.00013138348247148217
012,y,195,y__ar_coefficient__coeff_1__k_10,0.5321598619013324
012,y,196,y__ar_coefficient__coeff_2__k_10,0.27841357448584736
012,y,197,y__ar_coefficient__coeff_3__k_10,0.18703822709533946
012,y,198,y__ar_coefficient__coeff_4__k_10,0.10676305525841066
012,y,199,y__ar_coefficient__coeff_5__k_10,0.05058534487995897
012,y,200,y__ar_coefficient__coeff_6__k_10,0.0402389607403034
012,y,201,y__ar_coefficient__coeff_7__k_10,0.029919693969627542
012,y,202,y__ar_coefficient__coeff_8__k_10,-0.06410558151399992
012,y,203,y__ar_coefficient__coeff_9__k_10,-0.07935430383112813
012,y,204,y__ar_coefficient__coeff_10__k_10,-0.12146986241596922
012,y,205,"y__change_quantiles__f_agg_""mean""__isabs_False__qh_0.2__ql_0.0",-9.335647511917455e-05
012,y,206,"y__change_quantiles__f_agg_""var""__isabs_False__qh_0.2__ql_0.0",0.0036377162781366856
012,y,207,"y__change_quantiles__f_agg_""mean""__isabs_True__qh_0.2__ql_0.0",0.04555151447220027
012,y,208,"y__change_quantiles__f_agg_""var""__isabs_True__qh_0.2__ql_0.0",0.0015627845228570613
012,y,209,"y__change_quantiles__f_agg_""mean""__isabs_False__qh_0.4__ql_0.0",0.0005207261073058125
012,y,210,"y__change_quantiles__f_agg_""var""__isabs_False__qh_0.4__ql_0.0",0.01944398348111434
012,y,211,"y__change_quantiles__f_agg_""mean""__isabs_True__qh_0.4__ql_0.0",0.07984871240399735
012,y,212,"y__change_quantiles__f_agg_""var""__isabs_True__qh_0.4__ql_0.0",0.013068437764216892
012,y,213,"y__change_quantiles__f_agg_""mean""__isabs_False__qh_0.6__ql_0.0",-0.0004340953613288272
012,y,214,"y__change_quantiles__f_agg_""var""__isabs_False__qh_0.6__ql_0.0",0.05270178892704929
012,y,215,"y__change_quantiles__f_agg_""mean""__isabs_True__qh_0.6__ql_0.0",0.11119965051057344
012,y,216,"y__change_quantiles__f_agg_""var""__isabs_True__qh_0.6__ql_0.0",0.040336615092158336
012,y,217,"y__change_quantiles__f_agg_""mean""__isabs_False__qh_0.8__ql_0.0",-0.0010231115178696187
012,y,218,"y__change_quantiles__f_agg_""var""__isabs_False__qh_0.8__ql_0.0",0.04420765245546026
012,y,219,"y__change_quantiles__f_agg_""mean""__isabs_True__qh_0.8__ql_0.0",0.10640750646406465
012,y,220,"y__change_quantiles__f_agg_""var""__isabs_True__qh_0.8__ql_0.0",0.0328861417807383
012,y,221,"y__change_quantiles__f_agg_""mean""__isabs_False__qh_1.0__ql_0.0",-1.5134318138429481e-05
012,y,222,"y__change_quantiles__f_agg_""var""__isabs_False__qh_1.0__ql_0.0",0.056402912985033624
012,y,223,"y__change_quantiles__f_agg_""mean""__isabs_True__qh_1.0__ql_0.0",0.11151201442054452
012,y,224,"y__change_quantiles__f_agg_""var""__isabs_True__qh_1.0__ql_0.0",0.043967983853953486
012,y,225,"y__change_quantiles__f_agg_""mean""__isabs_False__qh_0.4__ql_0.2",-0.0019529229231313736
012,y,226,"y__change_quantiles__f_agg_""var""__isabs_False__qh_0.4__ql_0.2",0.013709462967522476
012,y,227,"y__change_quantiles__f_agg_""mean""__isabs_True__qh_0.4__ql_0.2",0.0847537575214049
012,y,228,"y__change_quantiles__f_agg_""var""__isabs_True__qh_0.4__ql_0.2",0.006530077461469069
012,y,229,"y__change_quantiles__f_agg_""mean""__isabs_False__qh_0.6__ql_0.2",-0.0022971714735548227
012,y,230,"y__change_quantiles__f_agg_""var""__isabs_False__qh_0.6__ql_0.2",0.014509909499636672
012,y,231,"y__change_quantiles__f_agg_""mean""__isabs_True__qh_0.6__ql_0.2",0.09199743349983042
012,y,232,"y__change_quantiles__f_agg_""var""__isabs_True__qh_0.6__ql_0.2",0.006051658725859867
012,y,233,"y__change_quantiles__f_agg_""mean""__isabs_False__qh_0.8__ql_0.2",-0.002470431804596148
012,y,234,"y__change_quantiles__f_agg_""var""__isabs_False__qh_0.8__ql_0.2",0.015965619839843338
012,y,235,"y__change_quantiles__f_agg_""mean""__isabs_True__qh_0.8__ql_0.2",0.09200055589080414
012,y,236,"y__change_quantiles__f_agg_""var""__isabs_True__qh_0.8__ql_0.2",0.00750762058892752
012,y,237,"y__change_quantiles__f_agg_""mean""__isabs_False__qh_1.0__ql_0.2",-0.0007610530277085694
012,y,238,"y__change_quantiles__f_agg_""var""__isabs_False__qh_1.0__ql_0.2",0.03972207336441974
012,y,239,"y__change_quantiles__f_agg_""mean""__isabs_True__qh_1.0__ql_0.2",0.10268335676797072
012,y,240,"y__change_quantiles__f_agg_""var""__isabs_True__qh_1.0__ql_0.2",0.02917878080899236
012,y,241,"y__change_quantiles__f_agg_""mean""__isabs_False__qh_0.6__ql_0.4",-0.0023112638645739134
012,y,242,"y__change_quantiles__f_agg_""var""__isabs_False__qh_0.6__ql_0.4",0.009906494244557015
012,y,243,"y__change_quantiles__f_agg_""mean""__isabs_True__qh_0.6__ql_0.4",0.0904229426287293
012,y,244,"y__change_quantiles__f_agg_""var""__isabs_True__qh_0.6__ql_0.4",0.0017355276315702297
012,y,245,"y__change_quantiles__f_agg_""mean""__isabs_False__qh_0.8__ql_0.4",-0.002570971820136826
012,y,246,"y__change_quantiles__f_agg_""var""__isabs_False__qh_0.8__ql_0.4",0.014633032578023689
012,y,247,"y__change_quantiles__f_agg_""mean""__isabs_True__qh_0.8__ql_0.4",0.09127623542023049
012,y,248,"y__change_quantiles__f_agg_""var""__isabs_True__qh_0.8__ql_0.4",0.006308291321634288
012,y,249,"y__change_quantiles__f_agg_""mean""__isabs_False__qh_1.0__ql_0.4",-0.0002500403176722132
012,y,250,"y__change_quantiles__f_agg_""var""__isabs_False__qh_1.0__ql_0.4",0.04686291729092907
012,y,251,"y__change_quantiles__f_agg_""mean""__isabs_True__qh_1.0__ql_0.4",0.10581764627035889
012,y,252,"y__change_quantiles__f_agg_""var""__isabs_True__qh_1.0__ql_0.4",0.03566560554889073
012,y,253,"y__change_quantiles__f_agg_""mean""__isabs_False__qh_0.8__ql_0.6",-0.0017209623081441286
012,y,254,"y__change_quantiles__f_agg_""var""__isabs_False__qh_0.8__ql_0.6",0.010378237470327912
012,y,255,"y__change_quantiles__f_agg_""mean""__isabs_True__qh_0.8__ql_0.6",0.07824786025456604
012,y,256,"y__change_quantiles__f_agg_""var""__isabs_True__qh_0.8__ql_0.6",0.004258471547175867
012,y,257,"y__change_quantiles__f_agg_""mean""__isabs_False__qh_1.0__ql_0.6",-0.0015904668140855067
012,y,258,"y__change_quantiles__f_agg_""var""__isabs_False__qh_1.0__ql_0.6",0.01354471878478593
012,y,259,"y__change_quantiles__f_agg_""mean""__isabs_True__qh_1.0__ql_0.6",0.07175787550997575
012,y,260,"y__change_quantiles__f_agg_""var""__isabs_True__qh_1.0__ql_0.6",0.008398055671767457
012,y,261,"y__change_quantiles__f_agg_""mean""__isabs_False__qh_1.0__ql_0.8",-0.0005035160969781679
012,y,262,"y__change_quantiles__f_agg_""var""__isabs_False__qh_1.0__ql_0.8",0.0034720442162171554
012,y,263,"y__change_quantiles__f_agg_""mean""__isabs_True__qh_1.0__ql_0.8",0.045015274188880024
012,y,264,"y__change_quantiles__f_agg_""var""__isabs_True__qh_1.0__ql_0.8",0.0014459228343770233
012,y,265,"y__fft_coefficient__attr_""real""__coeff_0",26.98282904638151
012,y,266,"y__fft_coefficient__attr_""real""__coeff_1",1.2693663840990415
012,y,267,"y__fft_coefficient__attr_""real""__coeff_2",-2.2987240109524008
012,y,268,"y__fft_coefficient__attr_""real""__coeff_3",-17.97690477659024
012,y,269,"y__fft_coefficient__attr_""real""__coeff_4",1.2532796396130443
012,y,270,"y__fft_coefficient__attr_""real""__coeff_5",5.554585727683268
012,y,271,"y__fft_coefficient__attr_""real""__coeff_6",-4.8485275800232355
012,y,272,"y__fft_coefficient__attr_""real""__coeff_7",5.957944274173454
012,y,273,"y__fft_coefficient__attr_""real""__coeff_8",0.4671855247162351
012,y,274,"y__fft_coefficient__attr_""real""__coeff_9",0.6200456603996232
012,y,275,"y__fft_coefficient__attr_""real""__coeff_10",-5.380250276550643
012,y,276,"y__fft_coefficient__attr_""real""__coeff_11",28.323259778102546
012,y,277,"y__fft_coefficient__attr_""real""__coeff_12",-0.8389249221447832
012,y,278,"y__fft_coefficient__attr_""real""__coeff_13",32.7600893189131
012,y,279,"y__fft_coefficient__attr_""real""__coeff_14",-20.141934851915572
012,y,280,"y__fft_coefficient__attr_""real""__coeff_15",-11.138502763713904
012,y,281,"y__fft_coefficient__attr_""real""__coeff_16",13.336133624257663
012,y,282,"y__fft_coefficient__attr_""real""__coeff_17",-2.891575622900892
012,y,283,"y__fft_coefficient__attr_""real""__coeff_18",-17.04921137814837
012,y,284,"y__fft_coefficient__attr_""real""__coeff_19",14.54853273717517
012,y,285,"y__fft_coefficient__attr_""real""__coeff_20",-13.70463355647563
012,y,286,"y__fft_coefficient__attr_""real""__coeff_21",-11.062733601003433
012,y,287,"y__fft_coefficient__attr_""real""__coeff_22",14.158050316212558
012,y,288,"y__fft_coefficient__attr_""real""__coeff_23",-1.2853374958161652
012,y,289,"y__fft_coefficient__attr_""real""__coeff_24",-0.7021866844796119
012,y,290,"y__fft_coefficient__attr_""real""__coeff_25",-3.8102837725519967
012,y,291,"y__fft_coefficient__attr_""real""__coeff_26",0.05525836776672316
012,y,292,"y__fft_coefficient__attr_""real""__coeff_27",0.045593399482970476
012,y,293,"y__fft_coefficient__attr_""real""__coeff_28",30.449411694777083
012,y,294,"y__fft_coefficient__attr_""real""__coeff_29",7.278978889027821
012,y,295,"y__fft_coefficient__attr_""real""__coeff_30",-17.193399503837604
012,y,296,"y__fft_coefficient__attr_""real""__coeff_31",-1.3749068972853005
012,y,297,"y__fft_coefficient__attr_""real""__coeff_32",16.39156490773093
012,y,298,"y__fft_coefficient__attr_""real""__coeff_33",-7.782755104243863
012,y,299,"y__fft_coefficient__attr_""real""__coeff_34",-10.730871686753133
012,y,300,"y__fft_coefficient__attr_""real""__coeff_35",3.823912651747228
012,y,301,"y__fft_coefficient__attr_""real""__coeff_36",-20.727306178743095
012,y,302,"y__fft_coefficient__attr_""real""__coeff_37",17.36320632803693
012,y,303,"y__fft_coefficient__attr_""real""__coeff_38",12.797073441779235
012,y,304,"y__fft_coefficient__attr_""real""__coeff_39",-8.254263974023402
012,y,305,"y__fft_coefficient__attr_""real""__coeff_40",-8.130903104682444
012,y,306,"y__fft_coefficient__attr_""real""__coeff_41",9.401223975936777
012,y,307,"y__fft_coefficient__attr_""real""__coeff_42",-44.80826555256589
012,y,308,"y__fft_coefficient__attr_""real""__coeff_43",-2.672604675526416
012,y,309,"y__fft_coefficient__attr_""real""__coeff_44",11.469885191317264
012,y,310,"y__fft_coefficient__attr_""real""__coeff_45",5.671920661216023
012,y,311,"y__fft_coefficient__attr_""real""__coeff_46",7.3753320471426385
012,y,312,"y__fft_coefficient__attr_""real""__coeff_47",-23.54460146948982
012,y,313,"y__fft_coefficient__attr_""real""__coeff_48",-4.504358399546588
012,y,314,"y__fft_coefficient__attr_""real""__coeff_49",-23.356112679189092
012,y,315,"y__fft_coefficient__attr_""real""__coeff_50",5.809168243240668
012,y,316,"y__fft_coefficient__attr_""real""__coeff_51",-4.422394413022975
012,y,317,"y__fft_coefficient__attr_""real""__coeff_52",0.3968253227288918
012,y,318,"y__fft_coefficient__attr_""real""__coeff_53",-1.2520298658837699
012,y,319,"y__fft_coefficient__attr_""real""__coeff_54",16.54890559350691
012,y,320,"y__fft_coefficient__attr_""real""__coeff_55",-0.47363377543404894
012,y,321,"y__fft_coefficient__attr_""real""__coeff_56",20.030133511095816
012,y,322,"y__fft_coefficient__attr_""real""__coeff_57",21.373168136589946
012,y,323,"y__fft_coefficient__attr_""real""__coeff_58",-8.668017949879319
012,y,324,"y__fft_coefficient__attr_""real""__coeff_59",7.461413007054298
012,y,325,"y__fft_coefficient__attr_""real""__coeff_60",-2.559557170318133
012,y,326,"y__fft_coefficient__attr_""real""__coeff_61",-5.662263016363548
012,y,327,"y__fft_coefficient__attr_""real""__coeff_62",-13.959907441374021
012,y,328,"y__fft_coefficient__attr_""real""__coeff_63",0.42125605598527116
012,y,329,"y__fft_coefficient__attr_""real""__coeff_64",-5.744408881897671
012,y,330,"y__fft_coefficient__attr_""real""__coeff_65",1.0756893331665065
012,y,331,"y__fft_coefficient__attr_""real""__coeff_66",18.363339693921116
012,y,332,"y__fft_coefficient__attr_""real""__coeff_67",-5.1257296925585845
012,y,333,"y__fft_coefficient__attr_""real""__coeff_68",15.410104271529356
012,y,334,"y__fft_coefficient__attr_""real""__coeff_69",2.626774635191523
012,y,335,"y__fft_coefficient__attr_""real""__coeff_70",-6.131007640865799
012,y,336,"y__fft_coefficient__attr_""real""__coeff_71",-9.182769460886094
012,y,337,"y__fft_coefficient__attr_""real""__coeff_72",31.81446089721871
012,y,338,"y__fft_coefficient__attr_""real""__coeff_73",7.945766287602631
012,y,339,"y__fft_coefficient__attr_""real""__coeff_74",-32.91203048295691
012,y,340,"y__fft_coefficient__attr_""real""__coeff_75",-0.31479148451062766
012,y,341,"y__fft_coefficient__attr_""real""__coeff_76",-8.12811949886661
012,y,342,"y__fft_coefficient__attr_""real""__coeff_77",-7.613227429743989
012,y,343,"y__fft_coefficient__attr_""real""__coeff_78",21.358165744188533
012,y,344,"y__fft_coefficient__attr_""real""__coeff_79",-14.21070189681714
012,y,345,"y__fft_coefficient__attr_""real""__coeff_80",-4.167079192619242
012,y,346,"y__fft_coefficient__attr_""real""__coeff_81",24.498425388501822
012,y,347,"y__fft_coefficient__attr_""real""__coeff_82",1.2833344570392935
012,y,348,"y__fft_coefficient__attr_""real""__coeff_83",8.915223621863777
012,y,349,"y__fft_coefficient__attr_""real""__coeff_84",29.32552503643732
012,y,350,"y__fft_coefficient__attr_""real""__coeff_85",-2.9461306029952734
012,y,351,"y__fft_coefficient__attr_""real""__coeff_86",-29.041661305947486
012,y,352,"y__fft_coefficient__attr_""real""__coeff_87",8.945275791338913
012,y,353,"y__fft_coefficient__attr_""real""__coeff_88",4.015244155287588
012,y,354,"y__fft_coefficient__attr_""real""__coeff_89",6.669033875787357
012,y,355,"y__fft_coefficient__attr_""real""__coeff_90",-1.4400827493670891
012,y,356,"y__fft_coefficient__attr_""real""__coeff_91",-25.652936797440006
012,y,357,"y__fft_coefficient__attr_""real""__coeff_92",-3.586257062437509
012,y,358,"y__fft_coefficient__attr_""real""__coeff_93",-1.2167253563951486
012,y,359,"y__fft_coefficient__attr_""real""__coeff_94",-1.5611646949056752
012,y,360,"y__fft_coefficient__attr_""real""__coeff_95",-12.009872371856542
012,y,361,"y__fft_coefficient__attr_""real""__coeff_96",14.124670997509511
012,y,362,"y__fft_coefficient__attr_""real""__coeff_97",-6.795433687422821
012,y,363,"y__fft_coefficient__attr_""real""__coeff_98",10.39348064811788
012,y,364,"y__fft_coefficient__attr_""real""__coeff_99",-5.336296558654581
012,y,365,"y__fft_coefficient__attr_""imag""__coeff_0",0.0
012,y,366,"y__fft_coefficient__attr_""imag""__coeff_1",10.892284506699799
012,y,367,"y__fft_coefficient__attr_""imag""__coeff_2",-28.247654692552434
012,y,368,"y__fft_coefficient__attr_""imag""__coeff_3",7.600065171671069
012,y,369,"y__fft_coefficient__attr_""imag""__coeff_4",2.165478116440653
012,y,370,"y__fft_coefficient__attr_""imag""__coeff_5",-1.3091009148886195
012,y,371,"y__fft_coefficient__attr_""imag""__coeff_6",0.8150489458654437
012,y,372,"y__fft_coefficient__attr_""imag""__coeff_7",-5.956018895174885
012,y,373,"y__fft_coefficient__attr_""imag""__coeff_8",-18.246031162538035
012,y,374,"y__fft_coefficient__attr_""imag""__coeff_9",1.417523270186753
012,y,375,"y__fft_coefficient__attr_""imag""__coeff_10",2.971197498584684
012,y,376,"y__fft_coefficient__attr_""imag""__coeff_11",23.084064605055723
012,y,377,"y__fft_coefficient__attr_""imag""__coeff_12",-4.086465478730416
012,y,378,"y__fft_coefficient__attr_""imag""__coeff_13",-2.001924136305467
012,y,379,"y__fft_coefficient__attr_""imag""__coeff_14",-3.6456628033799943
012,y,380,"y__fft_coefficient__attr_""imag""__coeff_15",-7.091064707084508
012,y,381,"y__fft_coefficient__attr_""imag""__coeff_16",12.622192795715147
012,y,382,"y__fft_coefficient__attr_""imag""__coeff_17",-26.23695418369237
012,y,383,"y__fft_coefficient__attr_""imag""__coeff_18",-3.0443855381464773
012,y,384,"y__fft_coefficient__attr_""imag""__coeff_19",-2.1354555716303976
012,y,385,"y__fft_coefficient__attr_""imag""__coeff_20",17.008367459676798
012,y,386,"y__fft_coefficient__attr_""imag""__coeff_21",-13.213300630868282
012,y,387,"y__fft_coefficient__attr_""imag""__coeff_22",14.173362330107812
012,y,388,"y__fft_coefficient__attr_""imag""__coeff_23",6.289976294170099
012,y,389,"y__fft_coefficient__attr_""imag""__coeff_24",-0.3481507796110206
012,y,390,"y__fft_coefficient__attr_""imag""__coeff_25",-4.106091772778434
012,y,391,"y__fft_coefficient__attr_""imag""__coeff_26",-3.382694302671592
012,y,392,"y__fft_coefficient__attr_""imag""__coeff_27",6.439676300406368
012,y,393,"y__fft_coefficient__attr_""imag""__coeff_28",-17.447114676428683
012,y,394,"y__fft_coefficient__attr_""imag""__coeff_29",-8.608707214069394
012,y,395,"y__fft_coefficient__attr_""imag""__coeff_30",-9.154766878673204
012,y,396,"y__fft_coefficient__attr_""imag""__coeff_31",3.289419212446676
012,y,397,"y__fft_coefficient__attr_""imag""__coeff_32",-7.182651818091191
012,y,398,"y__fft_coefficient__attr_""imag""__coeff_33",6.469969751636867
012,y,399,"y__fft_coefficient__attr_""imag""__coeff_34",-41.946808632162366
012,y,400,"y__fft_coefficient__attr_""imag""__coeff_35",-1.817987882500935
012,y,401,"y__fft_coefficient__attr_""imag""__coeff_36",19.138600877195547
012,y,402,"y__fft_coefficient__attr_""imag""__coeff_37",-7.443261898437019
012,y,403,"y__fft_coefficient__attr_""imag""__coeff_38",13.083031625698219
012,y,404,"y__fft_coefficient__attr_""imag""__coeff_39",3.941156802952809
012,y,405,"y__fft_coefficient__attr_""imag""__coeff_40",-20.421739737525066
012,y,406,"y__fft_coefficient__attr_""imag""__coeff_41",-12.060481529318585
012,y,407,"y__fft_coefficient__attr_""imag""__coeff_42",24.104551687241674
012,y,408,"y__fft_coefficient__attr_""imag""__coeff_43",-9.489116909505288
012,y,409,"y__fft_coefficient__attr_""imag""__coeff_44",6.105334590290838
012,y,410,"y__fft_coefficient__attr_""imag""__coeff_45",-14.733129758574625
012,y,411,"y__fft_coefficient__attr_""imag""__coeff_46",-13.468730606894407
012,y,412,"y__fft_coefficient__attr_""imag""__coeff_47",-3.0923282502320575
012,y,413,"y__fft_coefficient__attr_""imag""__coeff_48",26.285211801415095
012,y,414,"y__fft_coefficient__attr_""imag""__coeff_49",8.551606766790629
012,y,415,"y__fft_coefficient__attr_""imag""__coeff_50",-3726.087694400064
012,y,416,"y__fft_coefficient__attr_""imag""__coeff_51",28.118609833131465
012,y,417,"y__fft_coefficient__attr_""imag""__coeff_52",12.435643886219822
012,y,418,"y__fft_coefficient__attr_""imag""__coeff_53",-20.58589090648885
012,y,419,"y__fft_coefficient__attr_""imag""__coeff_54",28.00192271018224
012,y,420,"y__fft_coefficient__attr_""imag""__coeff_55",-7.769938572398792
012,y,421,"y__fft_coefficient__attr_""imag""__coeff_56",-17.808483075639856
012,y,422,"y__fft_coefficient__attr_""imag""__coeff_57",18.764302228906473
012,y,423,"y__fft_coefficient__attr_""imag""__coeff_58",-19.878770595443733
012,y,424,"y__fft_coefficient__attr_""imag""__coeff_59",-23.770116954376103
012,y,425,"y__fft_coefficient__attr_""imag""__coeff_60",14.818989003875188
012,y,426,"y__fft_coefficient__attr_""imag""__coeff_61",-21.57723880173763
012,y,427,"y__fft_coefficient__attr_""imag""__coeff_62",-9.323468356058283
012,y,428,"y__fft_coefficient__attr_""imag""__coeff_63",10.875809268991691
012,y,429,"y__fft_coefficient__attr_""imag""__coeff_64",10.17815691555238
012,y,430,"y__fft_coefficient__attr_""imag""__coeff_65",13.593667789278204
012,y,431,"y__fft_coefficient__attr_""imag""__coeff_66",22.388949803679076
012,y,432,"y__fft_coefficient__attr_""imag""__coeff_67",4.872800369215209
012,y,433,"y__fft_coefficient__attr_""imag""__coeff_68",-13.84283047080864
012,y,434,"y__fft_coefficient__attr_""imag""__coeff_69",3.352325433062991
012,y,435,"y__fft_coefficient__attr_""imag""__coeff_70",5.831951092467268
012,y,436,"y__fft_coefficient__attr_""imag""__coeff_71",-2.8810899936607166
012,y,437,"y__fft_coefficient__attr_""imag""__coeff_72",4.4730969717206985
012,y,438,"y__fft_coefficient__attr_""imag""__coeff_73",-21.81801688906703
012,y,439,"y__fft_coefficient__attr_""imag""__coeff_74",-2.6734295283026177
012,y,440,"y__fft_coefficient__attr_""imag""__coeff_75",8.144388765456604
012,y,441,"y__fft_coefficient__attr_""imag""__coeff_76",24.89825393315579
012,y,442,"y__fft_coefficient__attr_""imag""__coeff_77",3.584635760503196
012,y,443,"y__fft_coefficient__attr_""imag""__coeff_78",-8.525827620768219
012,y,444,"y__fft_coefficient__attr_""imag""__coeff_79",0.8613962286358721
012,y,445,"y__fft_coefficient__attr_""imag""__coeff_80",-15.039872073326068
012,y,446,"y__fft_coefficient__attr_""imag""__coeff_81",0.5873898027523983
012,y,447,"y__fft_coefficient__attr_""imag""__coeff_82",-4.029079103857115
012,y,448,"y__fft_coefficient__attr_""imag""__coeff_83",9.499293128127055
012,y,449,"y__fft_coefficient__attr_""imag""__coeff_84",-21.111333607939784
012,y,450,"y__fft_coefficient__attr_""imag""__coeff_85",-6.883866199805452
012,y,451,"y__fft_coefficient__attr_""imag""__coeff_86",-0.2892852109359909
012,y,452,"y__fft_coefficient__attr_""imag""__coeff_87",4.628195988971566
012,y,453,"y__fft_coefficient__attr_""imag""__coeff_88",19.628384659444187
012,y,454,"y__fft_coefficient__attr_""imag""__coeff_89",-17.83339359891612
012,y,455,"y__fft_coefficient__attr_""imag""__coeff_90",-13.294768609341661
012,y,456,"y__fft_coefficient__attr_""imag""__coeff_91",0.718822253508993
012,y,457,"y__fft_coefficient__attr_""imag""__coeff_92",30.22224882494146
012,y,458,"y__fft_coefficient__attr_""imag""__coeff_93",-9.171251565799817
012,y,459,"y__fft_coefficient__attr_""imag""__coeff_94",-3.662646818125742
012,y,460,"y__fft_coefficient__attr_""imag""__coeff_95",16.216269449320986
012,y,461,"y__fft_coefficient__attr_""imag""__coeff_96",-6.488101450885133
012,y,462,"y__fft_coefficient__attr_""imag""__coeff_97",-17.49947622354498
012,y,463,"y__fft_coefficient__attr_""imag""__coeff_98",0.3338232729041166
012,y,464,"y__fft_coefficient__attr_""imag""__coeff_99",1.6306770780306308
012,y,465,"y__fft_coefficient__attr_""abs""__coeff_0",26.98282904638151
012,y,466,"y__fft_coefficient__attr_""abs""__coeff_1",10.965999853728485
012,y,467,"y__fft_coefficient__attr_""abs""__coeff_2",28.341032580133856
012,y,468,"y__fft_coefficient__attr_""abs""__coeff_3",19.51743056757832
012,y,469,"y__fft_coefficient__attr_""abs""__coeff_4",2.5020002653580913
012,y,470,"y__fft_coefficient__attr_""abs""__coeff_5",5.706765091673643
012,y,471,"y__fft_coefficient__attr_""abs""__coeff_6",4.916556160403575
012,y,472,"y__fft_coefficient__attr_""abs""__coeff_7",8.42444425786274
012,y,473,"y__fft_coefficient__attr_""abs""__coeff_8",18.25201127270125
012,y,474,"y__fft_coefficient__attr_""abs""__coeff_9",1.5472003239727399
012,y,475,"y__fft_coefficient__attr_""abs""__coeff_10",6.146145752739611
012,y,476,"y__fft_coefficient__attr_""abs""__coeff_11",36.53876137950311
012,y,477,"y__fft_coefficient__attr_""abs""__coeff_12",4.1716897216656745
012,y,478,"y__fft_coefficient__attr_""abs""__coeff_13",32.82119974087917
012,y,479,"y__fft_coefficient__attr_""abs""__coeff_14",20.46920606312711
012,y,480,"y__fft_coefficient__attr_""abs""__coeff_15",13.204144898376486
012,y,481,"y__fft_coefficient__attr_""abs""__coeff_16",18.36224961752397
012,y,482,"y__fft_coefficient__attr_""abs""__coeff_17",26.39581357753777
012,y,483,"y__fft_coefficient__attr_""abs""__coeff_18",17.318888299243092
012,y,484,"y__fft_coefficient__attr_""abs""__coeff_19",14.704420264092867
012,y,485,"y__fft_coefficient__attr_""abs""__coeff_20",21.84265424715299
012,y,486,"y__fft_coefficient__attr_""abs""__coeff_21",17.232973866645143
012,y,487,"y__fft_coefficient__attr_""abs""__coeff_22",20.03333692865284
012,y,488,"y__fft_coefficient__attr_""abs""__coeff_23",6.419960611979857
012,y,489,"y__fft_coefficient__attr_""abs""__coeff_24",0.7837570447557275
012,y,490,"y__fft_coefficient__attr_""abs""__coeff_25",5.601629412398845
012,y,491,"y__fft_coefficient__attr_""abs""__coeff_26",3.383145612079842
012,y,492,"y__fft_coefficient__attr_""abs""__coeff_27",6.439837700757051
012,y,493,"y__fft_coefficient__attr_""abs""__coeff_28",35.093710021747206
012,y,494,"y__fft_coefficient__attr_""abs""__coeff_29",11.273569690407875
012,y,495,"y__fft_coefficient__attr_""abs""__coeff_30",19.47877673524226
012,y,496,"y__fft_coefficient__attr_""abs""__coeff_31",3.5651995359889748
012,y,497,"y__fft_coefficient__attr_""abs""__coeff_32",17.896197564406936
012,y,498,"y__fft_coefficient__attr_""abs""__coeff_33",10.120858935867544
012,y,499,"y__fft_coefficient__attr_""abs""__coeff_34",43.29764845324526
012,y,500,"y__fft_coefficient__attr_""abs""__coeff_35",4.234074622525299
012,y,501,"y__fft_coefficient__attr_""abs""__coeff_36",28.211828458360365
012,y,502,"y__fft_coefficient__attr_""abs""__coeff_37",18.89134938744996
012,y,503,"y__fft_coefficient__attr_""abs""__coeff_38",18.30111486203262
012,y,504,"y__fft_coefficient__attr_""abs""__coeff_39",9.146889673453039
012,y,505,"y__fft_coefficient__attr_""abs""__coeff_40",21.980878945232032
012,y,506,"y__fft_coefficient__attr_""abs""__coeff_41",15.291769909489327
012,y,507,"y__fft_coefficient__attr_""abs""__coeff_42",50.88035056750463
012,y,508,"y__fft_coefficient__attr_""abs""__coeff_43",9.858303884234086
012,y,509,"y__fft_coefficient__attr_""abs""__coeff_44",12.993589833506398
012,y,510,"y__fft_coefficient__attr_""abs""__coeff_45",15.787203567133934
012,y,511,"y__fft_coefficient__attr_""abs""__coeff_46",15.355853182637018
012,y,512,"y__fft_coefficient__attr_""abs""__coeff_47",23.746805098039726
012,y,513,"y__fft_coefficient__attr_""abs""__coeff_48",26.668363355047067
012,y,514,"y__fft_coefficient__attr_""abs""__coeff_49",24.872434094330146
012,y,515,"y__fft_coefficient__attr_""abs""__coeff_50",3726.092222797936
012,y,516,"y__fft_coefficient__attr_""abs""__coeff_51",28.4642546238649
012,y,517,"y__fft_coefficient__attr_""abs""__coeff_52",12.44197368594048
012,y,518,"y__fft_coefficient__attr_""abs""__coeff_53",20.62392986796952
012,y,519,"y__fft_coefficient__attr_""abs""__coeff_54",32.52651152229246
012,y,520,"y__fft_coefficient__attr_""abs""__coeff_55",7.784360883982865
012,y,521,"y__fft_coefficient__attr_""abs""__coeff_56",26.802020780673885
012,y,522,"y__fft_coefficient__attr_""abs""__coeff_57",28.441366956120238
012,y,523,"y__fft_coefficient__attr_""abs""__coeff_58",21.68640255011671
012,y,524,"y__fft_coefficient__attr_""abs""__coeff_59",24.91367383760487
012,y,525,"y__fft_coefficient__attr_""abs""__coeff_60",15.038409756523484
012,y,526,"y__fft_coefficient__attr_""abs""__coeff_61",22.307811563972166
012,y,527,"y__fft_coefficient__attr_""abs""__coeff_62",16.787080685996298
012,y,528,"y__fft_coefficient__attr_""abs""__coeff_63",10.883964531373202
012,y,529,"y__fft_coefficient__attr_""abs""__coeff_64",11.68730557485478
012,y,530,"y__fft_coefficient__attr_""abs""__coeff_65",13.636161905270411
012,y,531,"y__fft_coefficient__attr_""abs""__coeff_66",28.956472817420288
012,y,532,"y__fft_coefficient__attr_""abs""__coeff_67",7.072290174999934
012,y,533,"y__fft_coefficient__attr_""abs""__coeff_68",20.71461486735767
012,y,534,"y__fft_coefficient__attr_""abs""__coeff_69",4.258876705569971
012,y,535,"y__fft_coefficient__attr_""abs""__coeff_70",8.461731988032058
012,y,536,"y__fft_coefficient__attr_""abs""__coeff_71",9.624132923196468
012,y,537,"y__fft_coefficient__attr_""abs""__coeff_72",32.12737958033731
012,y,538,"y__fft_coefficient__attr_""abs""__coeff_73",23.219842007834956
012,y,539,"y__fft_coefficient__attr_""abs""__coeff_74",33.020432703916605
012,y,540,"y__fft_coefficient__attr_""abs""__coeff_75",8.150470050347781
012,y,541,"y__fft_coefficient__attr_""abs""__coeff_76",26.191398884133
012,y,542,"y__fft_coefficient__attr_""abs""__coeff_77",8.414918028863061
012,y,543,"y__fft_coefficient__attr_""abs""__coeff_78",22.996977640013544
012,y,544,"y__fft_coefficient__attr_""abs""__coeff_79",14.236785166002555
012,y,545,"y__fft_coefficient__attr_""abs""__coeff_80",15.606482658804754
012,y,546,"y__fft_coefficient__attr_""abs""__coeff_81",24.50546619218594
012,y,547,"y__fft_coefficient__attr_""abs""__coeff_82",4.228525245728396
012,y,548,"y__fft_coefficient__attr_""abs""__coeff_83",13.027577754975011
012,y,549,"y__fft_coefficient__attr_""abs""__coeff_84",36.1341227286403
012,y,550,"y__fft_coefficient__attr_""abs""__coeff_85",7.4878100527944245
012,y,551,"y__fft_coefficient__attr_""abs""__coeff_86",29.04310206129217
012,y,552,"y__fft_coefficient__attr_""abs""__coeff_87",10.07165116033347
012,y,553,"y__fft_coefficient__attr_""abs""__coeff_88",20.03486136627042
012,y,554,"y__fft_coefficient__attr_""abs""__coeff_89",19.039588758433357
012,y,555,"y__fft_coefficient__attr_""abs""__coeff_90",13.372535687032622
012,y,556,"y__fft_coefficient__attr_""abs""__coeff_91",25.663005898873017
012,y,557,"y__fft_coefficient__attr_""abs""__coeff_92",30.434282704781435
012,y,558,"y__fft_coefficient__attr_""abs""__coeff_93",9.251609366811836
012,y,559,"y__fft_coefficient__attr_""abs""__coeff_94",3.9814842607935237
012,y,560,"y__fft_coefficient__attr_""abs""__coeff_95",20.179306956416124
012,y,561,"y__fft_coefficient__attr_""abs""__coeff_96",15.543545001860553
012,y,562,"y__fft_coefficient__attr_""abs""__coeff_97",18.77257539866539
012,y,563,"y__fft_coefficient__attr_""abs""__coeff_98",10.398840221886923
012,y,564,"y__fft_coefficient__attr_""abs""__coeff_99",5.579889666895148
012,y,565,"y__fft_coefficient__attr_""angle""__coeff_0",0.0
012,y,566,"y__fft_coefficient__attr_""angle""__coeff_1",83.35284121010729
012,y,567,"y__fft_coefficient__attr_""angle""__coeff_2",-94.65233664330184
012,y,568,"y__fft_coefficient__attr_""angle""__coeff_3",157.0829002435077
012,y,569,"y__fft_coefficient__attr_""angle""__coeff_4",59.93970551379978
012,y,570,"y__fft_coefficient__attr_""angle""__coeff_5",-13.261430085921004
012,y,571,"y__fft_coefficient__attr_""angle""__coeff_6",170.45766032837713
012,y,572,"y__fft_coefficient__attr_""angle""__coeff_7",-44.9907406051158
012,y,573,"y__fft_coefficient__attr_""angle""__coeff_8",-88.533274924852
012,y,574,"y__fft_coefficient__attr_""angle""__coeff_9",66.37471965005473
012,y,575,"y__fft_coefficient__attr_""angle""__coeff_10",151.09069793880352
012,y,576,"y__fft_coefficient__attr_""angle""__coeff_11",39.180772985175395
012,y,577,"y__fft_coefficient__attr_""angle""__coeff_12",-101.60126503310202
012,y,578,"y__fft_coefficient__attr_""angle""__coeff_13",-3.4969180401701023
012,y,579,"y__fft_coefficient__attr_""angle""__coeff_14",-169.7406137974341
012,y,580,"y__fft_coefficient__attr_""angle""__coeff_15",-147.5180939549397
012,y,581,"y__fft_coefficient__attr_""angle""__coeff_16",43.42457151760133
012,y,582,"y__fft_coefficient__attr_""angle""__coeff_17",-96.28918843059535
012,y,583,"y__fft_coefficient__attr_""angle""__coeff_18",-169.87570773706898
012,y,584,"y__fft_coefficient__attr_""angle""__coeff_19",-8.35033283015548
012,y,585,"y__fft_coefficient__attr_""angle""__coeff_20",128.86041912368538
012,y,586,"y__fft_coefficient__attr_""angle""__coeff_21",-129.93749310709825
012,y,587,"y__fft_coefficient__attr_""angle""__coeff_22",45.03096611162936
012,y,588,"y__fft_coefficient__attr_""angle""__coeff_23",101.54921385402623
012,y,589,"y__fft_coefficient__attr_""angle""__coeff_24",-153.62735220405096
012,y,590,"y__fft_coefficient__attr_""angle""__coeff_25",-132.86004740981284
012,y,591,"y__fft_coefficient__attr_""angle""__coeff_26",-89.06412185276149
012,y,592,"y__fft_coefficient__attr_""angle""__coeff_27",89.59434828802176
012,y,593,"y__fft_coefficient__attr_""angle""__coeff_28",-29.81214469675287
012,y,594,"y__fft_coefficient__attr_""angle""__coeff_29",-49.78425035076719
012,y,595,"y__fft_coefficient__attr_""angle""__coeff_30",-151.96656385798627
012,y,596,"y__fft_coefficient__attr_""angle""__coeff_31",112.68388467389187
012,y,597,"y__fft_coefficient__attr_""angle""__coeff_32",-23.662645841772466
012,y,598,"y__fft_coefficient__attr_""angle""__coeff_33",140.2625324403125
012,y,599,"y__fft_coefficient__attr_""angle""__coeff_34",-104.3497073332439
012,y,600,"y__fft_coefficient__attr_""angle""__coeff_35",-25.427634278833096
012,y,601,"y__fft_coefficient__attr_""angle""__coeff_36",137.2820995293563
012,y,602,"y__fft_coefficient__attr_""angle""__coeff_37",-23.203852987863357
012,y,603,"y__fft_coefficient__attr_""angle""__coeff_38",45.633055016222116
012,y,604,"y__fft_coefficient__attr_""angle""__coeff_39",154.47696178912398
012,y,605,"y__fft_coefficient__attr_""angle""__coeff_40",-111.70994389936885
012,y,606,"y__fft_coefficient__attr_""angle""__coeff_41",-52.06335252353429
012,y,607,"y__fft_coefficient__attr_""angle""__coeff_42",151.72202459104233
012,y,608,"y__fft_coefficient__attr_""angle""__coeff_43",-105.72984539886322
012,y,609,"y__fft_coefficient__attr_""angle""__coeff_44",28.02604079058266
012,y,610,"y__fft_coefficient__attr_""angle""__coeff_45",-68.9444266399009
012,y,611,"y__fft_coefficient__attr_""angle""__coeff_46",-61.295361023363675
012,y,612,"y__fft_coefficient__attr_""angle""__coeff_47",-172.51764760176206
012,y,613,"y__fft_coefficient__attr_""angle""__coeff_48",99.7240254693012
012,y,614,"y__fft_coefficient__attr_""angle""__coeff_49",159.89030141916737
012,y,615,"y__fft_coefficient__attr_""angle""__coeff_50",-89.91067291474461
012,y,616,"y__fft_coefficient__attr_""angle""__coeff_51",98.93805836211392
012,y,617,"y__fft_coefficient__attr_""angle""__coeff_52",88.17229378238521
012,y,618,"y__fft_coefficient__attr_""angle""__coeff_53",-93.48043092111728
012,y,619,"y__fft_coefficient__attr_""angle""__coeff_54",59.41726250865169
012,y,620,"y__fft_coefficient__attr_""angle""__coeff_55",-93.48827456807886
012,y,621,"y__fft_coefficient__attr_""angle""__coeff_56",-41.6398025130112
012,y,622,"y__fft_coefficient__attr_""angle""__coeff_57",41.28110505597794
012,y,623,"y__fft_coefficient__attr_""angle""__coeff_58",-113.55931829682274
012,y,624,"y__fft_coefficient__attr_""angle""__coeff_59",-72.5729855086269
012,y,625,"y__fft_coefficient__attr_""angle""__coeff_60",99.79952434808926
012,y,626,"y__fft_coefficient__attr_""angle""__coeff_61",-104.70392622548175
012,y,627,"y__fft_coefficient__attr_""angle""__coeff_62",-146.262042775813
012,y,628,"y__fft_coefficient__attr_""angle""__coeff_63",87.78185382829658
012,y,629,"y__fft_coefficient__attr_""angle""__coeff_64",119.43977273497954
012,y,630,"y__fft_coefficient__attr_""angle""__coeff_65",85.47551865726061
012,y,631,"y__fft_coefficient__attr_""angle""__coeff_66",50.641513825977476
012,y,632,"y__fft_coefficient__attr_""angle""__coeff_67",136.4490822793956
012,y,633,"y__fft_coefficient__attr_""angle""__coeff_68",-41.93321705921673
012,y,634,"y__fft_coefficient__attr_""angle""__coeff_69",51.91888975243851
012,y,635,"y__fft_coefficient__attr_""angle""__coeff_70",136.43201280467753
012,y,636,"y__fft_coefficient__attr_""angle""__coeff_71",-162.58077303426302
012,y,637,"y__fft_coefficient__attr_""angle""__coeff_72",8.003295571501978
012,y,638,"y__fft_coefficient__attr_""angle""__coeff_73",-69.98920037903606
012,y,639,"y__fft_coefficient__attr_""angle""__coeff_74",-175.35608541298856
012,y,640,"y__fft_coefficient__attr_""angle""__coeff_75",92.2134564616943
012,y,641,"y__fft_coefficient__attr_""angle""__coeff_76",108.07944728375776
012,y,642,"y__fft_coefficient__attr_""angle""__coeff_77",154.78692140249538
012,y,643,"y__fft_coefficient__attr_""angle""__coeff_78",-21.76106943542555
012,y,644,"y__fft_coefficient__attr_""angle""__coeff_79",176.53120204486547
012,y,645,"y__fft_coefficient__attr_""angle""__coeff_80",-105.48639211005262
012,y,646,"y__fft_coefficient__attr_""angle""__coeff_81",1.3734968325720611
012,y,647,"y__fft_coefficient__attr_""angle""__coeff_82",-72.33238337848972
012,y,648,"y__fft_coefficient__attr_""angle""__coeff_83",46.81669183989142
012,y,649,"y__fft_coefficient__attr_""angle""__coeff_84",-35.74996968824565
012,y,650,"y__fft_coefficient__attr_""angle""__coeff_85",-113.16977016178053
012,y,651,"y__fft_coefficient__attr_""angle""__coeff_86",-179.42929320321684
012,y,652,"y__fft_coefficient__attr_""angle""__coeff_87",27.356592106566058
012,y,653,"y__fft_coefficient__attr_""angle""__coeff_88",78.43889616238785
012,y,654,"y__fft_coefficient__attr_""angle""__coeff_89",-69.49605032955382
012,y,655,"y__fft_coefficient__attr_""angle""__coeff_90",-96.18214702699892
012,y,656,"y__fft_coefficient__attr_""angle""__coeff_91",178.39493203380863
012,y,657,"y__fft_coefficient__attr_""angle""__coeff_92",96.7672339359114
012,y,658,"y__fft_coefficient__attr_""angle""__coeff_93",-97.55714683446982
012,y,659,"y__fft_coefficient__attr_""angle""__coeff_94",-113.08561743558751
012,y,660,"y__fft_coefficient__attr_""angle""__coeff_95",126.5238836685656
012,y,661,"y__fft_coefficient__attr_""angle""__coeff_96",-24.671462911377937
012,y,662,"y__fft_coefficient__attr_""angle""__coeff_97",-111.22229254090783
012,y,663,"y__fft_coefficient__attr_""angle""__coeff_98",1.839623542442721
012,y,664,"y__fft_coefficient__attr_""angle""__coeff_99",163.0077820769331
012,y,665,"y__fft_aggregated__aggtype_""centroid""",995.7627664466514
012,y,666,"y__fft_aggregated__aggtype_""variance""",601365.2642017608
012,y,667,"y__fft_aggregated__aggtype_""skew""",0.33971131175947056
012,y,668,"y__fft_aggregated__aggtype_""kurtosis""",9.944818895402296
012,y,669,y__value_count__value_0,0.0
012,y,670,y__value_count__value_1,0.0
012,y,671,y__value_count__value_-1,0.0
012,y,672,y__range_count__max_1__min_-1,2248.0
012,y,673,y__range_count__max_0__min_-1000000000000.0,2502.0
012,y,674,y__range_count__max_1000000000000.0__min_0,2498.0
012,y,675,y__approximate_entropy__m_2__r_0.1,0.555464915335139
012,y,676,y__approximate_entropy__m_2__r_0.3,0.27723852900548684
012,y,677,y__approximate_entropy__m_2__r_0.5,0.1736045296747546
012,y,678,y__approximate_entropy__m_2__r_0.7,0.11014868060919336
012,y,679,y__approximate_entropy__m_2__r_0.9,0.06841982148481163
012,y,680,y__friedrich_coefficients__coeff_0__m_3__r_30,-0.06932469464804039
012,y,681,y__friedrich_coefficients__coeff_1__m_3__r_30,0.005546522227746777
012,y,682,y__friedrich_coefficients__coeff_2__m_3__r_30,0.09427034751113822
012,y,683,y__friedrich_coefficients__coeff_3__m_3__r_30,-0.005877222180244701
012,y,684,y__max_langevin_fixed_point__m_3__r_30,1.1754845956221924
012,y,685,"y__linear_trend__attr_""pvalue""",0.25774445420116276
012,y,686,"y__linear_trend__attr_""rvalue""",-0.01600817423820797
012,y,687,"y__linear_trend__attr_""intercept""",0.03507725847382381
012,y,688,"y__linear_trend__attr_""slope""",-1.1874651996218247e-05
012,y,689,"y__linear_trend__attr_""stderr""",1.0491203438571426e-05
012,y,690,"y__agg_linear_trend__attr_""rvalue""__chunk_len_5__f_agg_""max""",-0.026881089958320007
012,y,691,"y__agg_linear_trend__attr_""rvalue""__chunk_len_5__f_agg_""min""",-0.0005247242822941001
012,y,692,"y__agg_linear_trend__attr_""rvalue""__chunk_len_5__f_agg_""mean""",-0.016215850775354246
012,y,693,"y__agg_linear_trend__attr_""rvalue""__chunk_len_5__f_agg_""var""",-0.07689884895198836
012,y,694,"y__agg_linear_trend__attr_""rvalue""__chunk_len_10__f_agg_""max""",-0.03656620749416229
012,y,695,"y__agg_linear_trend__attr_""rvalue""__chunk_len_10__f_agg_""min""",0.007050329281581247
012,y,696,"y__agg_linear_trend__attr_""rvalue""__chunk_len_10__f_agg_""mean""",-0.016422795420345724
012,y,697,"y__agg_linear_trend__attr_""rvalue""__chunk_len_10__f_agg_""var""",-0.11517811787059663
012,y,698,"y__agg_linear_trend__attr_""rvalue""__chunk_len_50__f_agg_""max""",-0.05276699921706286
012,y,699,"y__agg_linear_trend__attr_""rvalue""__chunk_len_50__f_agg_""min""",-0.014847575366291513
012,y,700,"y__agg_linear_trend__attr_""rvalue""__chunk_len_50__f_agg_""mean""",-0.017674171807195938
012,y,701,"y__agg_linear_trend__attr_""rvalue""__chunk_len_50__f_agg_""var""",-0.11787733612161964
012,y,702,"y__agg_linear_trend__attr_""intercept""__chunk_len_5__f_agg_""max""",0.22393146828774296
012,y,703,"y__agg_linear_trend__attr_""intercept""__chunk_len_5__f_agg_""min""",-0.17248120916305984
012,y,704,"y__agg_linear_trend__attr_""intercept""__chunk_len_5__f_agg_""mean""",0.03504702109417273
012,y,705,"y__agg_linear_trend__attr_""intercept""__chunk_len_5__f_agg_""var""",0.038630066565135776
012,y,706,"y__agg_linear_trend__attr_""intercept""__chunk_len_10__f_agg_""max""",0.41004349166249326
012,y,707,"y__agg_linear_trend__attr_""intercept""__chunk_len_10__f_agg_""min""",-0.3612084889904366
012,y,708,"y__agg_linear_trend__attr_""intercept""__chunk_len_10__f_agg_""mean""",0.03502263881855889
012,y,709,"y__agg_linear_trend__attr_""intercept""__chunk_len_10__f_agg_""var""",0.06796619218729494
012,y,710,"y__agg_linear_trend__attr_""intercept""__chunk_len_50__f_agg_""max""",0.8708192747470118
012,y,711,"y__agg_linear_trend__attr_""intercept""__chunk_len_50__f_agg_""min""",-0.7587053332367624
012,y,712,"y__agg_linear_trend__attr_""intercept""__chunk_len_50__f_agg_""mean""",0.034651240758381475
012,y,713,"y__agg_linear_trend__attr_""intercept""__chunk_len_50__f_agg_""var""",0.21924384090878535
012,y,714,"y__agg_linear_trend__attr_""slope""__chunk_len_5__f_agg_""max""",-9.850423787858496e-05
012,y,715,"y__agg_linear_trend__attr_""slope""__chunk_len_5__f_agg_""min""",-1.933287277044516e-06
012,y,716,"y__agg_linear_trend__attr_""slope""__chunk_len_5__f_agg_""mean""",-5.93602708406335e-05
012,y,717,"y__agg_linear_trend__attr_""slope""__chunk_len_5__f_agg_""var""",-1.794925744193412e-05
012,y,718,"y__agg_linear_trend__attr_""slope""__chunk_len_10__f_agg_""max""",-0.0002602637728038927
012,y,719,"y__agg_linear_trend__attr_""slope""__chunk_len_10__f_agg_""min""",5.0247256383786246e-05
012,y,720,"y__agg_linear_trend__attr_""slope""__chunk_len_10__f_agg_""mean""",-0.00011874177558830694
012,y,721,"y__agg_linear_trend__attr_""slope""__chunk_len_10__f_agg_""var""",-4.297589203974736e-05
012,y,722,"y__agg_linear_trend__attr_""slope""__chunk_len_50__f_agg_""max""",-0.0014325842333154028
012,y,723,"y__agg_linear_trend__attr_""slope""__chunk_len_50__f_agg_""min""",-0.00039886095181300977
012,y,724,"y__agg_linear_trend__attr_""slope""__chunk_len_50__f_agg_""mean""",-0.0005910035343253572
012,y,725,"y__agg_linear_trend__attr_""slope""__chunk_len_50__f_agg_""var""",-9.287525698118691e-05
012,y,726,"y__agg_linear_trend__attr_""stderr""__chunk_len_5__f_agg_""max""",0.00011595401861270054
012,y,727,"y__agg_linear_trend__attr_""stderr""__chunk_len_5__f_agg_""min""",0.00011662721371511642
012,y,728,"y__agg_linear_trend__attr_""stderr""__chunk_len_5__f_agg_""mean""",0.00011586006206508486
012,y,729,"y__agg_linear_trend__attr_""stderr""__chunk_len_5__f_agg_""var""",7.366708401543578e-06
012,y,730,"y__agg_linear_trend__attr_""stderr""__chunk_len_10__f_agg_""max""",0.00031873414545463725
012,y,731,"y__agg_linear_trend__attr_""stderr""__chunk_len_10__f_agg_""min""",0.0003193577698970185
012,y,732,"y__agg_linear_trend__attr_""stderr""__chunk_len_10__f_agg_""mean""",0.00032395389818315506
012,y,733,"y__agg_linear_trend__attr_""stderr""__chunk_len_10__f_agg_""var""",1.6608878111759278e-05
012,y,734,"y__agg_linear_trend__attr_""stderr""__chunk_len_50__f_agg_""max""",0.002738667282412418
012,y,735,"y__agg_linear_trend__attr_""stderr""__chunk_len_50__f_agg_""min""",0.0027133453248143103
012,y,736,"y__agg_linear_trend__attr_""stderr""__chunk_len_50__f_agg_""mean""",0.003377303776068409
012,y,737,"y__agg_linear_trend__attr_""stderr""__chunk_len_50__f_agg_""var""",7.903477907180467e-05
012,y,738,"y__augmented_dickey_fuller__attr_""teststat""__autolag_""AIC""",-27.35273362288558
012,y,739,"y__augmented_dickey_fuller__attr_""pvalue""__autolag_""AIC""",0.0
012,y,740,"y__augmented_dickey_fuller__attr_""usedlag""__autolag_""AIC""",32.0
012,y,741,y__number_crossing_m__m_0,99.0
012,y,742,y__number_crossing_m__m_-1,202.0
012,y,743,y__number_crossing_m__m_1,188.0
012,y,744,y__energy_ratio_by_chunks__num_segments_10__segment_focus_0,0.09577269659679859
012,y,745,y__energy_ratio_by_chunks__num_segments_10__segment_focus_1,0.09935746699942445
012,y,746,y__energy_ratio_by_chunks__num_segments_10__segment_focus_2,0.1008644098132835
012,y,747,y__energy_ratio_by_chunks__num_segments_10__segment_focus_3,0.10223493618048517
012,y,748,y__energy_ratio_by_chunks__num_segments_10__segment_focus_4,0.0982674983437669
012,y,749,y__energy_ratio_by_chunks__num_segments_10__segment_focus_5,0.10017568135373986
012,y,750,y__energy_ratio_by_chunks__num_segments_10__segment_focus_6,0.10824075253486311
012,y,751,y__energy_ratio_by_chunks__num_segments_10__segment_focus_7,0.09862087223387507
012,y,752,y__energy_ratio_by_chunks__num_segments_10__segment_focus_8,0.0988379085611419
012,y,753,y__energy_ratio_by_chunks__num_segments_10__segment_focus_9,0.09762777738262138
012,y,754,y__ratio_beyond_r_sigma__r_0.5,0.7702
012,y,755,y__ratio_beyond_r_sigma__r_1,0.5104
012,y,756,y__ratio_beyond_r_sigma__r_1.5,0.0
012,y,757,y__ratio_beyond_r_sigma__r_2,0.0
012,y,758,y__ratio_beyond_r_sigma__r_2.5,0.0
012,y,759,y__ratio_beyond_r_sigma__r_3,0.0
012,y,760,y__ratio_beyond_r_sigma__r_5,0.0
012,y,761,y__ratio_beyond_r_sigma__r_6,0.0
012,y,762,y__ratio_beyond_r_sigma__r_7,0.0
012,y,763,y__ratio_beyond_r_sigma__r_10,0.0
012,y,764,y__count_above__t_0,0.4996
012,y,765,y__count_below__t_0,0.5004
012,y,766,y__lempel_ziv_complexity__bins_2,0.0392
012,y,767,y__lempel_ziv_complexity__bins_3,0.0706
012,y,768,y__lempel_ziv_complexity__bins_5,0.0996
012,y,769,y__lempel_ziv_complexity__bins_10,0.1502
012,y,770,y__lempel_ziv_complexity__bins_100,0.3854
012,y,771,y__fourier_entropy__bins_2,0.07998252574647073
012,y,772,y__fourier_entropy__bins_3,0.07998252574647073
012,y,773,y__fourier_entropy__bins_5,0.07998252574647073
012,y,774,y__fourier_entropy__bins_10,0.09072899366212879
012,y,775,y__fourier_entropy__bins_100,0.22636345757853585
012,y,776,y__permutation_entropy__dimension_3__tau_1,1.4707318777024596
012,y,777,y__permutation_entropy__dimension_4__tau_1,2.232838684651193
012,y,778,y__permutation_entropy__dimension_5__tau_1,2.9827977138838593
012,y,779,y__permutation_entropy__dimension_6__tau_1,3.6777982063723984
012,y,780,y__permutation_entropy__dimension_7__tau_1,4.235074534741874
012,y,781,y__query_similarity_count__query_None__threshold_0.0,
012,y,782,y__mean_n_absolute_max__number_of_maxima_7,1.6054384028548938
0123,y,0,y__variance_larger_than_standard_deviation,1.0
0123,y,1,y__has_duplicate_max,1.0
0123,y,2,y__has_duplicate_min,1.0
0123,y,3,y__has_duplicate,1.0
0123,y,4,y__sum_values,20.741485227579012
0123,y,5,y__abs_energy,5711.16237812617
0123,y,6,y__mean_abs_change,0.10145797608396237
0123,y,7,y__mean_change,-1.5134318138429928e-05
0123,y,8,y__mean_second_derivative_central,1.0146495424221691e-05
0123,y,9,y__median,-0.0023132087060118937
0123,y,10,y__mean,0.0041482970455158025
0123,y,11,y__length,5000.0
0123,y,12,y__standard_deviation,1.0687447156626582
0123,y,13,y__variation_coefficient,257.63456761562975
0123,y,14,y__variance,1.1422152672568562
0123,y,15,y__skewness,-0.0032186016459520616
0123,y,16,y__kurtosis,-1.5018953550620149
0123,y,17,y__root_mean_square,1.0687527663707983
0123,y,18,y__absolute_sum_of_changes,507.18842244372786
0123,y,19,y__longest_strike_below_mean,51.0
0123,y,20,y__longest_strike_above_mean,51.0
0123,y,21,y__count_above_mean,2494.0
0123,y,22,y__count_below_mean,2506.0
0123,y,23,y__last_location_of_maximum,0.9662
0123,y,24,y__first_location_of_maximum,0.0008
0123,y,25,y__last_location_of_minimum,0.9996
0123,y,26,y__first_location_of_minimum,0.0178
0123,y,27,y__percentage_of_reoccurring_values_to_all_values,0.01002865329512894
0123,y,28,y__percentage_of_reoccurring_datapoints_to_all_datapoints,0.0326
0123,y,29,y__sum_of_reoccurring_values,1.6509750844042728
0123,y,30,y__sum_of_reoccurring_data_points,-3.728633224254125
0123,y,31,y__ratio_value_number_to_time_series_length,0.9772
0123,y,32,y__sample_entropy,0.2356288779285833
0123,y,33,y__maximum,1.6054384028548938
0123,y,34,y__absolute_maximum,1.6054384028548938
0123,y,35,y__minimum,-1.576963870820271
0123,y,36,y__benford_correlation,0.855044837900818
0123,y,37,y__time_reversal_asymmetry_statistic__lag_1,-0.0003652858253089877
0123,y,38,y__time_reversal_asymmetry_statistic__lag_2,-0.0017028219702486392
0123,y,39,y__time_reversal_asymmetry_statistic__lag_3,-0.003859844969205899
0123,y,40,y__c3__lag_1,0.010103573004338876
0123,y,41,y__c3__lag_2,0.01008163009594856
0123,y,42,y__c3__lag_3,0.007702333689401109
0123,y,43,y__cid_ce__normalize_True,13.885808455673235
0123,y,44,y__cid_ce__normalize_False,14.840384409704626
0123,y,45,y__symmetry_looking__r_0.0,0.0
0123,y,46,y__symmetry_looking__r_0.05,1.0
0123,y,47,y__symmetry_looking__r_0.1,1.0
0123,y,48,y__symmetry_looking__r_0.15000000000000002,1.0
0123,y,49,y__symmetry_looking__r_0.2,1.0
0123,y,50,y__symmetry_looking__r_0.25,1.0
0123,y,51,y__symmetry_looking__r_0.30000000000000004,1.0
0123,y,52,y__symmetry_looking__r_0.35000000000000003,1.0
0123,y,53,y__symmetry_looking__r_0.4,1.0
0123,y,54,y__symmetry_looking__r_0.45,1.0
0123,y,55,y__symmetry_looking__r_0.5,1.0
0123,y,56,y__symmetry_looking__r_0.55,1.0
0123,y,57,y__symmetry_looking__r_0.6000000000000001,1.0
0123,y,58,y__symmetry_looking__r_0.65,1.0
0123,y,59,y__symmetry_looking__r_0.7000000000000001,1.0
0123,y,60,y__symmetry_looking__r_0.75,1.0
0123,y,61,y__symmetry_looking__r_0.8,1.0
0123,y,62,y__symmetry_looking__r_0.8500000000000001,1.0
0123,y,63,y__symmetry_looking__r_0.9,1.0
0123,y,64,y__symmetry_looking__r_0.9500000000000001,1.0
0123,y,65,y__large_standard_deviation__r_0.05,1.0
0123,y,66,y__large_standard_deviation__r_0.1,1.0
0123,y,67,y__large_standard_deviation__r_0.15000000000000002,1.0
0123,y,68,y__large_standard_deviation__r_0.2,1.0
0123,y,69,y__large_standard_deviation__r_0.25,1.0
0123,y,70,y__large_standard_deviation__r_0.30000000000000004,1.0
0123,y,71,y__large_standard_deviation__r_0.35000000000000003,0.0
0123,y,72,y__large_standard_deviation__r_0.4,0.0
0123,y,73,y__large_standard_deviation__r_0.45,0.0
0123,y,74,y__large_standard_deviation__r_0.5,0.0
0123,y,75,y__large_standard_deviation__r_0.55,0.0
0123,y,76,y__large_standard_deviation__r_0.6000000000000001,0.0
0123,y,77,y__large_standard_deviation__r_0.65,0.0
0123,y,78,y__large_standard_deviation__r_0.7000000000000001,0.0
0123,y,79,y__large_standard_deviation__r_0.75,0.0
0123,y,80,y__large_standard_deviation__r_0.8,0.0
0123,y,81,y__large_standard_deviation__r_0.8500000000000001,0.0
0123,y,82,y__large_standard_deviation__r_0.9,0.0
0123,y,83,y__large_standard_deviation__r_0.9500000000000001,0.0
0123,y,84,y__quantile__q_0.1,-1.4267671725627595
0123,y,85,y__quantile__q_0.2,-1.2202262489069593
0123,y,86,y__quantile__q_0.3,-0.8830453151300881
0123,y,87,y__quantile__q_0.4,-0.4611209007285982
0123,y,88,y__quantile__q_0.6,0.4675095600962837
0123,y,89,y__quantile__q_0.7,0.911844677462101
0123,y,90,y__quantile__q_0.8,1.218347522635835
0123,y,91,y__quantile__q_0.9,1.4266739588762447
0123,y,92,y__autocorrelation__lag_0,1.0
0123,y,93,y__autocorrelation__lag_1,0.9809143566762588
0123,y,94,y__autocorrelation__lag_2,0.9739643232861567
0123,y,95,y__autocorrelation__lag_3,0.9628498018980285
0123,y,96,y__autocorrelation__lag_4,0.9485281789851021
0123,y,97,y__autocorrelation__lag_5,0.9298078173438703
0123,y,98,y__autocorrelation__lag_6,0.9080351058527362
0123,y,99,y__autocorrelation__lag_7,0.8824605834038963
0123,y,100,y__autocorrelation__lag_8,0.8535346529771288
0123,y,101,y__autocorrelation__lag_9,0.8205153130230743
0123,y,102,"y__agg_autocorrelation__f_agg_""mean""__maxlag_40",0.20013176753758305
0123,y,103,"y__agg_autocorrelation__f_agg_""median""__maxlag_40",0.25499513780077276
0123,y,104,"y__agg_autocorrelation__f_agg_""var""__maxlag_40",0.3383959597076059
0123,y,105,y__partial_autocorrelation__lag_0,1.0
0123,y,106,y__partial_autocorrelation__lag_1,0.9809143566762588
0123,y,107,y__partial_autocorrelation__lag_2,0.31135346391720153
0123,y,108,y__partial_autocorrelation__lag_3,-0.01398190706634782
0123,y,109,y__partial_autocorrelation__lag_4,-0.14069415381012898
0123,y,110,y__partial_autocorrelation__lag_5,-0.21107090514419183
0123,y,111,y__partial_autocorrelation__lag_6,-0.2000790721244318
0123,y,112,y__partial_autocorrelation__lag_7,-0.19464465023041366
0123,y,113,y__partial_autocorrelation__lag_8,-0.17797490118185824
0123,y,114,y__partial_autocorrelation__lag_9,-0.1877649897653916
0123,y,115,y__number_cwt_peaks__n_1,355.0
0123,y,116,y__number_cwt_peaks__n_5,275.0
0123,y,117,y__number_peaks__n_1,646.0
0123,y,118,y__number_peaks__n_3,144.0
0123,y,119,y__number_peaks__n_5,101.0
0123,y,120,y__number_peaks__n_10,72.0
0123,y,121,y__number_peaks__n_50,42.0
0123,y,122,y__binned_entropy__max_bins_10,2.224082695893893
0123,y,123,y__index_mass_quantile__q_0.1,0.1026
0123,y,124,y__index_mass_quantile__q_0.2,0.2028
0123,y,125,y__index_mass_quantile__q_0.3,0.303
0123,y,126,y__index_mass_quantile__q_0.4,0.4042
0123,y,127,y__index_mass_quantile__q_0.6,0.6024
0123,y,128,y__index_mass_quantile__q_0.7,0.699
0123,y,129,y__index_mass_quantile__q_0.8,0.799
0123,y,130,y__index_mass_quantile__q_0.9,0.9014
0123,y,131,"y__cwt_coefficients__coeff_0__w_2__widths_(2, 5, 10, 20)",-0.4276853394114663
0123,y,132,"y__cwt_coefficients__coeff_0__w_5__widths_(2, 5, 10, 20)",-0.766346599774371
0123,y,133,"y__cwt_coefficients__coeff_0__w_10__widths_(2, 5, 10, 20)",-1.4384833562994102
0123,y,134,"y__cwt_coefficients__coeff_0__w_20__widths_(2, 5, 10, 20)",-0.12607937288509166
0123,y,135,"y__cwt_coefficients__coeff_1__w_2__widths_(2, 5, 10, 20)",-0.5211431090263792
0123,y,136,"y__cwt_coefficients__coeff_1__w_5__widths_(2, 5, 10, 20)",-0.6175278610848719
0123,y,137,"y__cwt_coefficients__coeff_1__w_10__widths_(2, 5, 10, 20)",-1.2563862482463128
0123,y,138,"y__cwt_coefficients__coeff_1__w_20__widths_(2, 5, 10, 20)",0.20075173663698284
0123,y,139,"y__cwt_coefficients__coeff_2__w_2__widths_(2, 5, 10, 20)",-0.35398412222765857
0123,y,140,"y__cwt_coefficients__coeff_2__w_5__widths_(2, 5, 10, 20)",-0.4655859344125899
0123,y,141,"y__cwt_coefficients__coeff_2__w_10__widths_(2, 5, 10, 20)",-1.111257173507861
0123,y,142,"y__cwt_coefficients__coeff_2__w_20__widths_(2, 5, 10, 20)",0.6174700220946494
0123,y,143,"y__cwt_coefficients__coeff_3__w_2__widths_(2, 5, 10, 20)",0.11913542797597229
0123,y,144,"y__cwt_coefficients__coeff_3__w_5__widths_(2, 5, 10, 20)",-0.25060114797273675
0123,y,145,"y__cwt_coefficients__coeff_3__w_10__widths_(2, 5, 10, 20)",-0.8754339394718246
0123,y,146,"y__cwt_coefficients__coeff_3__w_20__widths_(2, 5, 10, 20)",0.9171122053531242
0123,y,147,"y__cwt_coefficients__coeff_4__w_2__widths_(2, 5, 10, 20)",0.5861318310431496
0123,y,148,"y__cwt_coefficients__coeff_4__w_5__widths_(2, 5, 10, 20)",-0.07829139594638511
0123,y,149,"y__cwt_coefficients__coeff_4__w_10__widths_(2, 5, 10, 20)",-0.7085087876860818
0123,y,150,"y__cwt_coefficients__coeff_4__w_20__widths_(2, 5, 10, 20)",1.2751216283750413
0123,y,151,"y__cwt_coefficients__coeff_5__w_2__widths_(2, 5, 10, 20)",0.6346744396901761
0123,y,152,"y__cwt_coefficients__coeff_5__w_5__widths_(2, 5, 10, 20)",0.0624173025909941
0123,y,153,"y__cwt_coefficients__coeff_5__w_10__widths_(2, 5, 10, 20)",-0.44966266798806476
0123,y,154,"y__cwt_coefficients__coeff_5__w_20__widths_(2, 5, 10, 20)",1.6365577742480408
0123,y,155,"y__cwt_coefficients__coeff_6__w_2__widths_(2, 5, 10, 20)",0.2613259371682424
0123,y,156,"y__cwt_coefficients__coeff_6__w_5__widths_(2, 5, 10, 20)",0.15267771627458324
0123,y,157,"y__cwt_coefficients__coeff_6__w_10__widths_(2, 5, 10, 20)",-0.1720773335311136
0123,y,158,"y__cwt_coefficients__coeff_6__w_20__widths_(2, 5, 10, 20)",2.0269754389840404
0123,y,159,"y__cwt_coefficients__coeff_7__w_2__widths_(2, 5, 10, 20)",-0.13555549174352477
0123,y,160,"y__cwt_coefficients__coeff_7__w_5__widths_(2, 5, 10, 20)",0.177333866887341
0123,y,161,"y__cwt_coefficients__coeff_7__w_10__widths_(2, 5, 10, 20)",0.06106362669962961
0123,y,162,"y__cwt_coefficients__coeff_7__w_20__widths_(2, 5, 10, 20)",2.4975418101125735
0123,y,163,"y__cwt_coefficients__coeff_8__w_2__widths_(2, 5, 10, 20)",-0.26250720479382894
0123,y,164,"y__cwt_coefficients__coeff_8__w_5__widths_(2, 5, 10, 20)",0.21642626199330703
0123,y,165,"y__cwt_coefficients__coeff_8__w_10__widths_(2, 5, 10, 20)",0.33793902663694086
0123,y,166,"y__cwt_coefficients__coeff_8__w_20__widths_(2, 5, 10, 20)",2.8149595505301708
0123,y,167,"y__cwt_coefficients__coeff_9__w_2__widths_(2, 5, 10, 20)",-0.17462622035167985
0123,y,168,"y__cwt_coefficients__coeff_9__w_5__widths_(2, 5, 10, 20)",0.2071513608845332
0123,y,169,"y__cwt_coefficients__coeff_9__w_10__widths_(2, 5, 10, 20)",0.5525094323466484
0123,y,170,"y__cwt_coefficients__coeff_9__w_20__widths_(2, 5, 10, 20)",3.215062326762028
0123,y,171,"y__cwt_coefficients__coeff_10__w_2__widths_(2, 5, 10, 20)",-0.0601017333390523
0123,y,172,"y__cwt_coefficients__coeff_10__w_5__widths_(2, 5, 10, 20)",0.1981211064867501
0123,y,173,"y__cwt_coefficients__coeff_10__w_10__widths_(2, 5, 10, 20)",0.8433401828665205
0123,y,174,"y__cwt_coefficients__coeff_10__w_20__widths_(2, 5, 10, 20)",3.606446429232136
0123,y,175,"y__cwt_coefficients__coeff_11__w_2__widths_(2, 5, 10, 20)",-0.0060205512191323545
0123,y,176,"y__cwt_coefficients__coeff_11__w_5__widths_(2, 5, 10, 20)",0.206610945546549
0123,y,177,"y__cwt_coefficients__coeff_11__w_10__widths_(2, 5, 10, 20)",1.0864685508926308
0123,y,178,"y__cwt_coefficients__coeff_11__w_20__widths_(2, 5, 10, 20)",4.005387497460362
0123,y,179,"y__cwt_coefficients__coeff_12__w_2__widths_(2, 5, 10, 20)",0.01353499492603028
0123,y,180,"y__cwt_coefficients__coeff_12__w_5__widths_(2, 5, 10, 20)",0.2567615896851463
0123,y,181,"y__cwt_coefficients__coeff_12__w_10__widths_(2, 5, 10, 20)",1.3065929103020426
0123,y,182,"y__cwt_coefficients__coeff_12__w_20__widths_(2, 5, 10, 20)",4.460341521327957
0123,y,183,"y__cwt_coefficients__coeff_13__w_2__widths_(2, 5, 10, 20)",0.037780230693664284
0123,y,184,"y__cwt_coefficients__coeff_13__w_5__widths_(2, 5, 10, 20)",0.3028054501454063
0123,y,185,"y__cwt_coefficients__coeff_13__w_10__widths_(2, 5, 10, 20)",1.5525175482137605
0123,y,186,"y__cwt_coefficients__coeff_13__w_20__widths_(2, 5, 10, 20)",4.771458156023617
0123,y,187,"y__cwt_coefficients__coeff_14__w_2__widths_(2, 5, 10, 20)",0.06244426422537235
0123,y,188,"y__cwt_coefficients__coeff_14__w_5__widths_(2, 5, 10, 20)",0.393504324853071
0123,y,189,"y__cwt_coefficients__coeff_14__w_10__widths_(2, 5, 10, 20)",1.7262672238380026
0123,y,190,"y__cwt_coefficients__coeff_14__w_20__widths_(2, 5, 10, 20)",5.107406547576541
0123,y,191,y__spkt_welch_density__coeff_2,122.43783318851736
0123,y,192,y__spkt_welch_density__coeff_5,2.2945100920907375
0123,y,193,y__spkt_welch_density__coeff_8,0.1670982038909515
0123,y,194,y__ar_coefficient__coeff_0__k_10,0.00012923877788158464
0123,y,195,y__ar_coefficient__coeff_1__k_10,0.48287531753336865
0123,y,196,y__ar_coefficient__coeff_2__k_10,0.3204532240561927
0123,y,197,y__ar_coefficient__coeff_3__k_10,0.1942286774528917
0123,y,198,y__ar_coefficient__coeff_4__k_10,0.13954519201776328
0123,y,199,y__ar_coefficient__coeff_5__k_10,0.058047348437145346
0123,y,200,y__ar_coefficient__coeff_6__k_10,0.0402968680444876
0123,y,201,y__ar_coefficient__coeff_7__k_10,0.003175074571653681
0123,y,202,y__ar_coefficient__coeff_8__k_10,-0.023001312163027744
0123,y,203,y__ar_coefficient__coeff_9__k_10,-0.10488375539320184
0123,y,204,y__ar_coefficient__coeff_10__k_10,-0.15306765274795014
0123,y,205,"y__change_quantiles__f_agg_""mean""__isabs_False__qh_0.2__ql_0.0",0.0010053433137706983
0123,y,206,"y__change_quantiles__f_agg_""var""__isabs_False__qh_0.2__ql_0.0",0.0036682435645815185
0123,y,207,"y__change_quantiles__f_agg_""mean""__isabs_True__qh_0.2__ql_0.0",0.04534066846644293
0123,y,208,"y__change_quantiles__f_agg_""var""__isabs_True__qh_0.2__ql_0.0",0.0016134780627761706
0123,y,209,"y__change_quantiles__f_agg_""mean""__isabs_False__qh_0.4__ql_0.0",-5.96954026756571e-05
0123,y,210,"y__change_quantiles__f_agg_""var""__isabs_False__qh_0.4__ql_0.0",0.016271391953563204
0123,y,211,"y__change_quantiles__f_agg_""mean""__isabs_True__qh_0.4__ql_0.0",0.07480703270989095
0123,y,212,"y__change_quantiles__f_agg_""var""__isabs_True__qh_0.4__ql_0.0",0.01067530337424561
0123,y,213,"y__change_quantiles__f_agg_""mean""__isabs_False__qh_0.6__ql_0.0",-0.0005033483850918915
0123,y,214,"y__change_quantiles__f_agg_""var""__isabs_False__qh_0.6__ql_0.0",0.040475815544564885
0123,y,215,"y__change_quantiles__f_agg_""mean""__isabs_True__qh_0.6__ql_0.0",0.10139699966695624
0123,y,216,"y__change_quantiles__f_agg_""var""__isabs_True__qh_0.6__ql_0.0",0.03019471736270095
0123,y,217,"y__change_quantiles__f_agg_""mean""__isabs_False__qh_0.8__ql_0.0",-0.0011761426638621398
0123,y,218,"y__change_quantiles__f_agg_""var""__isabs_False__qh_0.8__ql_0.0",0.03399177854342831
0123,y,219,"y__change_quantiles__f_agg_""mean""__isabs_True__qh_0.8__ql_0.0",0.0977486416656319
0123,y,220,"y__change_quantiles__f_agg_""var""__isabs_True__qh_0.8__ql_0.0",0.024438364907517954
0123,y,221,"y__change_quantiles__f_agg_""mean""__isabs_False__qh_1.0__ql_0.0",-1.5134318138429215e-05
0123,y,222,"y__change_quantiles__f_agg_""var""__isabs_False__qh_1.0__ql_0.0",0.044056212899138886
0123,y,223,"y__change_quantiles__f_agg_""mean""__isabs_True__qh_1.0__ql_0.0",0.10145797608396237
0123,y,224,"y__change_quantiles__f_agg_""var""__isabs_True__qh_1.0__ql_0.0",0.033762492217132595
0123,y,225,"y__change_quantiles__f_agg_""mean""__isabs_False__qh_0.4__ql_0.2",-0.0016689633402260503
0123,y,226,"y__change_quantiles__f_agg_""var""__isabs_False__qh_0.4__ql_0.2",0.013018565270889479
0123,y,227,"y__change_quantiles__f_agg_""mean""__isabs_True__qh_0.4__ql_0.2",0.08459007094149355
0123,y,228,"y__change_quantiles__f_agg_""var""__isabs_True__qh_0.4__ql_0.2",0.005865870607633581
0123,y,229,"y__change_quantiles__f_agg_""mean""__isabs_False__qh_0.6__ql_0.2",-0.0002958996068278323
0123,y,230,"y__change_quantiles__f_agg_""var""__isabs_False__qh_0.6__ql_0.2",0.013520555257181297
0123,y,231,"y__change_quantiles__f_agg_""mean""__isabs_True__qh_0.6__ql_0.2",0.09253468839137641
0123,y,232,"y__change_quantiles__f_agg_""var""__isabs_True__qh_0.6__ql_0.2",0.004957974258069484
0123,y,233,"y__change_quantiles__f_agg_""mean""__isabs_False__qh_0.8__ql_0.2",-0.0013019347785021525
0123,y,234,"y__change_quantiles__f_agg_""var""__isabs_False__qh_0.8__ql_0.2",0.013864710513766624
0123,y,235,"y__change_quantiles__f_agg_""mean""__isabs_True__qh_0.8__ql_0.2",0.09054226937295343
0123,y,236,"y__change_quantiles__f_agg_""var""__isabs_True__qh_0.8__ql_0.2",0.0056685030047296334
0123,y,237,"y__change_quantiles__f_agg_""mean""__isabs_False__qh_1.0__ql_0.2",0.000218568357184184
0123,y,238,"y__change_quantiles__f_agg_""var""__isabs_False__qh_1.0__ql_0.2",0.032398726889458246
0123,y,239,"y__change_quantiles__f_agg_""mean""__isabs_True__qh_1.0__ql_0.2",0.09731370384247434
0123,y,240,"y__change_quantiles__f_agg_""var""__isabs_True__qh_1.0__ql_0.2",0.0229288177060442
0123,y,241,"y__change_quantiles__f_agg_""mean""__isabs_False__qh_0.6__ql_0.4",-0.0017969278038767597
0123,y,242,"y__change_quantiles__f_agg_""var""__isabs_False__qh_0.6__ql_0.4",0.010472017474205285
0123,y,243,"y__change_quantiles__f_agg_""mean""__isabs_True__qh_0.6__ql_0.4",0.09243749306631438
0123,y,244,"y__change_quantiles__f_agg_""var""__isabs_True__qh_0.6__ql_0.4",0.0019305562993527092
0123,y,245,"y__change_quantiles__f_agg_""mean""__isabs_False__qh_0.8__ql_0.4",-0.002545528974737083
0123,y,246,"y__change_quantiles__f_agg_""var""__isabs_False__qh_0.8__ql_0.4",0.012629833448116554
0123,y,247,"y__change_quantiles__f_agg_""mean""__isabs_True__qh_0.8__ql_0.4",0.08941771437468993
0123,y,248,"y__change_quantiles__f_agg_""var""__isabs_True__qh_0.8__ql_0.4",0.004640785521884152
0123,y,249,"y__change_quantiles__f_agg_""mean""__isabs_False__qh_1.0__ql_0.4",-4.3359760110451316e-05
0123,y,250,"y__change_quantiles__f_agg_""var""__isabs_False__qh_1.0__ql_0.4",0.037893541694582575
0123,y,251,"y__change_quantiles__f_agg_""mean""__isabs_True__qh_1.0__ql_0.4",0.09890030658625422
0123,y,252,"y__change_quantiles__f_agg_""var""__isabs_True__qh_1.0__ql_0.4",0.02811227293179629
0123,y,253,"y__change_quantiles__f_agg_""mean""__isabs_False__qh_0.8__ql_0.6",-0.0044390752226871315
0123,y,254,"y__change_quantiles__f_agg_""var""__isabs_False__qh_0.8__ql_0.6",0.00876929502829042
0123,y,255,"y__change_quantiles__f_agg_""mean""__isabs_True__qh_0.8__ql_0.6",0.07664797531810288
0123,y,256,"y__change_quantiles__f_agg_""var""__isabs_True__qh_0.8__ql_0.6",0.0029140882967585873
0123,y,257,"y__change_quantiles__f_agg_""mean""__isabs_False__qh_1.0__ql_0.6",-0.000616467196739768
0123,y,258,"y__change_quantiles__f_agg_""var""__isabs_False__qh_1.0__ql_0.6",0.013994935690263968
0123,y,259,"y__change_quantiles__f_agg_""mean""__isabs_True__qh_1.0__ql_0.6",0.07258674577856204
0123,y,260,"y__change_quantiles__f_agg_""var""__isabs_True__qh_1.0__ql_0.6",0.008726480059347029
0123,y,261,"y__change_quantiles__f_agg_""mean""__isabs_False__qh_1.0__ql_0.8",0.0006241310063361752
0123,y,262,"y__change_quantiles__f_agg_""var""__isabs_False__qh_1.0__ql_0.8",0.003909091117145291
0123,y,263,"y__change_quantiles__f_agg_""mean""__isabs_True__qh_1.0__ql_0.8",0.046191798272812036
0123,y,264,"y__change_quantiles__f_agg_""var""__isabs_True__qh_1.0__ql_0.8",0.0017757984289822008
0123,y,265,"y__fft_coefficient__attr_""real""__coeff_0",20.74148522757899
0123,y,266,"y__fft_coefficient__attr_""real""__coeff_1",-13.131741927797897
0123,y,267,"y__fft_coefficient__attr_""real""__coeff_2",-12.408550033154762
0123,y,268,"y__fft_coefficient__attr_""real""__coeff_3",-23.88776225275677
0123,y,269,"y__fft_coefficient__attr_""real""__coeff_4",7.482494634459389
0123,y,270,"y__fft_coefficient__attr_""real""__coeff_5",-2.2812649604260504
0123,y,271,"y__fft_coefficient__attr_""real""__coeff_6",-10.804638432933157
0123,y,272,"y__fft_coefficient__attr_""real""__coeff_7",-3.680507234368502
0123,y,273,"y__fft_coefficient__attr_""real""__coeff_8",-8.47890092602644
0123,y,274,"y__fft_coefficient__attr_""real""__coeff_9",5.064328736553205
0123,y,275,"y__fft_coefficient__attr_""real""__coeff_10",-5.192153335457656
0123,y,276,"y__fft_coefficient__attr_""real""__coeff_11",6.42397866413827
0123,y,277,"y__fft_coefficient__attr_""real""__coeff_12",4.048871320454499
0123,y,278,"y__fft_coefficient__attr_""real""__coeff_13",-4.632331543884824
0123,y,279,"y__fft_coefficient__attr_""real""__coeff_14",-33.50978424832005
0123,y,280,"y__fft_coefficient__attr_""real""__coeff_15",9.329283976391011
0123,y,281,"y__fft_coefficient__attr_""real""__coeff_16",-2.247058137060611
0123,y,282,"y__fft_coefficient__attr_""real""__coeff_17",27.021117606793734
0123,y,283,"y__fft_coefficient__attr_""real""__coeff_18",-25.009737977341704
0123,y,284,"y__fft_coefficient__attr_""real""__coeff_19",-0.9338154444070126
0123,y,285,"y__fft_coefficient__attr_""real""__coeff_20",13.564899677256518
0123,y,286,"y__fft_coefficient__attr_""real""__coeff_21",-10.27122993776624
0123,y,287,"y__fft_coefficient__attr_""real""__coeff_22",21.990966828122506
0123,y,288,"y__fft_coefficient__attr_""real""__coeff_23",-17.074948771586826
0123,y,289,"y__fft_coefficient__attr_""real""__coeff_24",6.924152159275414
0123,y,290,"y__fft_coefficient__attr_""real""__coeff_25",9.81699623356636
0123,y,291,"y__fft_coefficient__attr_""real""__coeff_26",-37.70367939253856
0123,y,292,"y__fft_coefficient__attr_""real""__coeff_27",17.412356001395302
0123,y,293,"y__fft_coefficient__attr_""real""__coeff_28",1.5419754301978776
0123,y,294,"y__fft_coefficient__attr_""real""__coeff_29",10.63188907081495
0123,y,295,"y__fft_coefficient__attr_""real""__coeff_30",-1.3349160189963842
0123,y,296,"y__fft_coefficient__attr_""real""__coeff_31",-50.005569706972835
0123,y,297,"y__fft_coefficient__attr_""real""__coeff_32",52.30624794870108
0123,y,298,"y__fft_coefficient__attr_""real""__coeff_33",-28.480691270366698
0123,y,299,"y__fft_coefficient__attr_""real""__coeff_34",5.225569869546985
0123,y,300,"y__fft_coefficient__attr_""real""__coeff_35",7.870018968776092
0123,y,301,"y__fft_coefficient__attr_""real""__coeff_36",-51.98315003498965
0123,y,302,"y__fft_coefficient__attr_""real""__coeff_37",60.5531467671173
0123,y,303,"y__fft_coefficient__attr_""real""__coeff_38",-47.5678652978888
0123,y,304,"y__fft_coefficient__attr_""real""__coeff_39",36.68025970305025
0123,y,305,"y__fft_coefficient__attr_""real""__coeff_40",15.312080507531059
0123,y,306,"y__fft_coefficient__attr_""real""__coeff_41",-42.355934066937266
0123,y,307,"y__fft_coefficient__attr_""real""__coeff_42",56.659253698898766
0123,y,308,"y__fft_coefficient__attr_""real""__coeff_43",-59.68478844864996
0123,y,309,"y__fft_coefficient__attr_""real""__coeff_44",42.40925661791974
0123,y,310,"y__fft_coefficient__attr_""real""__coeff_45",10.852223207818259
0123,y,311,"y__fft_coefficient__attr_""real""__coeff_46",-58.33763752941002
0123,y,312,"y__fft_coefficient__attr_""real""__coeff_47",60.69822934205162
0123,y,313,"y__fft_coefficient__attr_""real""__coeff_48",-57.046048857320905
0123,y,314,"y__fft_coefficient__attr_""real""__coeff_49",27.187195659237986
0123,y,315,"y__fft_coefficient__attr_""real""__coeff_50",24.841675226884064
0123,y,316,"y__fft_coefficient__attr_""real""__coeff_51",-28.544413812246873
0123,y,317,"y__fft_coefficient__attr_""real""__coeff_52",77.01029081045276
0123,y,318,"y__fft_coefficient__attr_""real""__coeff_53",-77.29321241576767
0123,y,319,"y__fft_coefficient__attr_""real""__coeff_54",55.5261921037632
0123,y,320,"y__fft_coefficient__attr_""real""__coeff_55",-6.097602735415103
0123,y,321,"y__fft_coefficient__attr_""real""__coeff_56",-24.146081213050884
0123,y,322,"y__fft_coefficient__attr_""real""__coeff_57",92.08580422666051
0123,y,323,"y__fft_coefficient__attr_""real""__coeff_58",-96.68050254707973
0123,y,324,"y__fft_coefficient__attr_""real""__coeff_59",65.62431783994631
0123,y,325,"y__fft_coefficient__attr_""real""__coeff_60",-5.36353635899419
0123,y,326,"y__fft_coefficient__attr_""real""__coeff_61",-35.86263262951896
0123,y,327,"y__fft_coefficient__attr_""real""__coeff_62",72.24300387079306
0123,y,328,"y__fft_coefficient__attr_""real""__coeff_63",-78.82573307586811
0123,y,329,"y__fft_coefficient__attr_""real""__coeff_64",67.9184379446581
0123,y,330,"y__fft_coefficient__attr_""real""__coeff_65",-32.48295055896793
0123,y,331,"y__fft_coefficient__attr_""real""__coeff_66",-18.524480137043028
0123,y,332,"y__fft_coefficient__attr_""real""__coeff_67",81.90698889099328
0123,y,333,"y__fft_coefficient__attr_""real""__coeff_68",-87.59248403348619
0123,y,334,"y__fft_coefficient__attr_""real""__coeff_69",88.10164164094837
0123,y,335,"y__fft_coefficient__attr_""real""__coeff_70",-38.89528001093478
0123,y,336,"y__fft_coefficient__attr_""real""__coeff_71",-25.944744009785936
0123,y,337,"y__fft_coefficient__attr_""real""__coeff_72",92.45662632975132
0123,y,338,"y__fft_coefficient__attr_""real""__coeff_73",-102.84353559734521
0123,y,339,"y__fft_coefficient__attr_""real""__coeff_74",72.33482309354929
0123,y,340,"y__fft_coefficient__attr_""real""__coeff_75",-56.64452682599991
0123,y,341,"y__fft_coefficient__attr_""real""__coeff_76",2.5568375849767
0123,y,342,"y__fft_coefficient__attr_""real""__coeff_77",61.28209190440481
0123,y,343,"y__fft_coefficient__attr_""real""__coeff_78",-87.53219585276582
0123,y,344,"y__fft_coefficient__attr_""real""__coeff_79",88.63141081391316
0123,y,345,"y__fft_coefficient__attr_""real""__coeff_80",-57.17236359316185
0123,y,346,"y__fft_coefficient__attr_""real""__coeff_81",2.54313465760805
0123,y,347,"y__fft_coefficient__attr_""real""__coeff_82",60.89614859466052
0123,y,348,"y__fft_coefficient__attr_""real""__coeff_83",-80.82869764844367
0123,y,349,"y__fft_coefficient__attr_""real""__coeff_84",96.85270362592016
0123,y,350,"y__fft_coefficient__attr_""real""__coeff_85",-47.988972299256346
0123,y,351,"y__fft_coefficient__attr_""real""__coeff_86",-11.601054401270527
0123,y,352,"y__fft_coefficient__attr_""real""__coeff_87",53.35734562904395
0123,y,353,"y__fft_coefficient__attr_""real""__coeff_88",-58.20944781310513
0123,y,354,"y__fft_coefficient__attr_""real""__coeff_89",95.08238115272749
0123,y,355,"y__fft_coefficient__attr_""real""__coeff_90",-64.85950975804866
0123,y,356,"y__fft_coefficient__attr_""real""__coeff_91",20.788618132868717
0123,y,357,"y__fft_coefficient__attr_""real""__coeff_92",28.58441538128499
0123,y,358,"y__fft_coefficient__attr_""real""__coeff_93",-67.26947785042128
0123,y,359,"y__fft_coefficient__attr_""real""__coeff_94",88.44463649205403
0123,y,360,"y__fft_coefficient__attr_""real""__coeff_95",-82.4485431100872
0123,y,361,"y__fft_coefficient__attr_""real""__coeff_96",40.35250067392473
0123,y,362,"y__fft_coefficient__attr_""real""__coeff_97",14.834149761509131
0123,y,363,"y__fft_coefficient__attr_""real""__coeff_98",-46.80076380950459
0123,y,364,"y__fft_coefficient__attr_""real""__coeff_99",70.19015061068905
0123,y,365,"y__fft_coefficient__attr_""imag""__coeff_0",0.0
0123,y,366,"y__fft_coefficient__attr_""imag""__coeff_1",-2.602173434229633
0123,y,367,"y__fft_coefficient__attr_""imag""__coeff_2",-19.77803513981506
0123,y,368,"y__fft_coefficient__attr_""imag""__coeff_3",11.663460532253794
0123,y,369,"y__fft_coefficient__attr_""imag""__coeff_4",6.966622378728186
0123,y,370,"y__fft_coefficient__attr_""imag""__coeff_5",10.00753377159965
0123,y,371,"y__fft_coefficient__attr_""imag""__coeff_6",-6.586811108720164
0123,y,372,"y__fft_coefficient__attr_""imag""__coeff_7",8.984985991211792
0123,y,373,"y__fft_coefficient__attr_""imag""__coeff_8",-10.622197614426184
0123,y,374,"y__fft_coefficient__attr_""imag""__coeff_9",-2.833002814587175
0123,y,375,"y__fft_coefficient__attr_""imag""__coeff_10",7.571273365068581
0123,y,376,"y__fft_coefficient__attr_""imag""__coeff_11",4.022598659619082
0123,y,377,"y__fft_coefficient__attr_""imag""__coeff_12",-29.118101015976414
0123,y,378,"y__fft_coefficient__attr_""imag""__coeff_13",6.833598829316676
0123,y,379,"y__fft_coefficient__attr_""imag""__coeff_14",-17.54755387084103
0123,y,380,"y__fft_coefficient__attr_""imag""__coeff_15",12.258871986761822
0123,y,381,"y__fft_coefficient__attr_""imag""__coeff_16",1.8740196138712053
0123,y,382,"y__fft_coefficient__attr_""imag""__coeff_17",-6.232216992520324
0123,y,383,"y__fft_coefficient__attr_""imag""__coeff_18",18.097808726540258
0123,y,384,"y__fft_coefficient__attr_""imag""__coeff_19",-15.808012627119425
0123,y,385,"y__fft_coefficient__attr_""imag""__coeff_20",35.14533405426633
0123,y,386,"y__fft_coefficient__attr_""imag""__coeff_21",-28.34807605276631
0123,y,387,"y__fft_coefficient__attr_""imag""__coeff_22",2.8992367155702894
0123,y,388,"y__fft_coefficient__attr_""imag""__coeff_23",9.119028007983719
0123,y,389,"y__fft_coefficient__attr_""imag""__coeff_24",-44.17899111289409
0123,y,390,"y__fft_coefficient__attr_""imag""__coeff_25",22.11052312923683
0123,y,391,"y__fft_coefficient__attr_""imag""__coeff_26",3.5372127868554553
0123,y,392,"y__fft_coefficient__attr_""imag""__coeff_27",6.793884468482526
0123,y,393,"y__fft_coefficient__attr_""imag""__coeff_28",15.68946973803449
0123,y,394,"y__fft_coefficient__attr_""imag""__coeff_29",-47.94155433572361
0123,y,395,"y__fft_coefficient__attr_""imag""__coeff_30",29.56724459772073
0123,y,396,"y__fft_coefficient__attr_""imag""__coeff_31",-4.4083014349599825
0123,y,397,"y__fft_coefficient__attr_""imag""__coeff_32",5.981213009427453
0123,y,398,"y__fft_coefficient__attr_""imag""__coeff_33",18.668122908650037
0123,y,399,"y__fft_coefficient__attr_""imag""__coeff_34",-68.45811523832288
0123,y,400,"y__fft_coefficient__attr_""imag""__coeff_35",58.86444041465026
0123,y,401,"y__fft_coefficient__attr_""imag""__coeff_36",-33.931998103348896
0123,y,402,"y__fft_coefficient__attr_""imag""__coeff_37",7.860926144504874
0123,y,403,"y__fft_coefficient__attr_""imag""__coeff_38",43.80203771576852
0123,y,404,"y__fft_coefficient__attr_""imag""__coeff_39",-44.01576392121599
0123,y,405,"y__fft_coefficient__attr_""imag""__coeff_40",36.75430279495687
0123,y,406,"y__fft_coefficient__attr_""imag""__coeff_41",-53.530058938597094
0123,y,407,"y__fft_coefficient__attr_""imag""__coeff_42",9.727672038650672
0123,y,408,"y__fft_coefficient__attr_""imag""__coeff_43",30.549918550478992
0123,y,409,"y__fft_coefficient__attr_""imag""__coeff_44",-53.655936562919294
0123,y,410,"y__fft_coefficient__attr_""imag""__coeff_45",55.48614477047261
0123,y,411,"y__fft_coefficient__attr_""imag""__coeff_46",-61.12668138597486
0123,y,412,"y__fft_coefficient__attr_""imag""__coeff_47",15.962243348481389
0123,y,413,"y__fft_coefficient__attr_""imag""__coeff_48",36.57471458027908
0123,y,414,"y__fft_coefficient__attr_""imag""__coeff_49",-62.47580538614051
0123,y,415,"y__fft_coefficient__attr_""imag""__coeff_50",-3665.664024713009
0123,y,416,"y__fft_coefficient__attr_""imag""__coeff_51",-47.09199648371785
0123,y,417,"y__fft_coefficient__attr_""imag""__coeff_52",16.32057994152808
0123,y,418,"y__fft_coefficient__attr_""imag""__coeff_53",14.615254820094028
0123,y,419,"y__fft_coefficient__attr_""imag""__coeff_54",-62.4374897658319
0123,y,420,"y__fft_coefficient__attr_""imag""__coeff_55",89.77253299156465
0123,y,421,"y__fft_coefficient__attr_""imag""__coeff_56",-71.78285256250294
0123,y,422,"y__fft_coefficient__attr_""imag""__coeff_57",38.04928020317088
0123,y,423,"y__fft_coefficient__attr_""imag""__coeff_58",4.531046180391019
0123,y,424,"y__fft_coefficient__attr_""imag""__coeff_59",-39.10483619248414
0123,y,425,"y__fft_coefficient__attr_""imag""__coeff_60",99.34809225611619
0123,y,426,"y__fft_coefficient__attr_""imag""__coeff_61",-77.91290041476631
0123,y,427,"y__fft_coefficient__attr_""imag""__coeff_62",36.929558996311
0123,y,428,"y__fft_coefficient__attr_""imag""__coeff_63",6.852517275159725
0123,y,429,"y__fft_coefficient__attr_""imag""__coeff_64",-38.34117425158763
0123,y,430,"y__fft_coefficient__attr_""imag""__coeff_65",84.41483211121522
0123,y,431,"y__fft_coefficient__attr_""imag""__coeff_66",-80.46988504135697
0123,y,432,"y__fft_coefficient__attr_""imag""__coeff_67",56.98632930438581
0123,y,433,"y__fft_coefficient__attr_""imag""__coeff_68",-0.3814029575992821
0123,y,434,"y__fft_coefficient__attr_""imag""__coeff_69",-52.1584706206587
0123,y,435,"y__fft_coefficient__attr_""imag""__coeff_70",89.97548674091004
0123,y,436,"y__fft_coefficient__attr_""imag""__coeff_71",-94.1574418643574
0123,y,437,"y__fft_coefficient__attr_""imag""__coeff_72",77.81196550186158
0123,y,438,"y__fft_coefficient__attr_""imag""__coeff_73",-27.834876395639235
0123,y,439,"y__fft_coefficient__attr_""imag""__coeff_74",-55.62767851836729
0123,y,440,"y__fft_coefficient__attr_""imag""__coeff_75",86.52792857034991
0123,y,441,"y__fft_coefficient__attr_""imag""__coeff_76",-89.69377002211542
0123,y,442,"y__fft_coefficient__attr_""imag""__coeff_77",88.65075389988894
0123,y,443,"y__fft_coefficient__attr_""imag""__coeff_78",-37.73542449372982
0123,y,444,"y__fft_coefficient__attr_""imag""__coeff_79",-38.61269636100219
0123,y,445,"y__fft_coefficient__attr_""imag""__coeff_80",92.05750978727633
0123,y,446,"y__fft_coefficient__attr_""imag""__coeff_81",-91.8034216602486
0123,y,447,"y__fft_coefficient__attr_""imag""__coeff_82",78.61928085375857
0123,y,448,"y__fft_coefficient__attr_""imag""__coeff_83",-20.283185375752392
0123,y,449,"y__fft_coefficient__attr_""imag""__coeff_84",-28.21714060495372
0123,y,450,"y__fft_coefficient__attr_""imag""__coeff_85",64.56675548333419
0123,y,451,"y__fft_coefficient__attr_""imag""__coeff_86",-77.31852808042906
0123,y,452,"y__fft_coefficient__attr_""imag""__coeff_87",84.3003707861842
0123,y,453,"y__fft_coefficient__attr_""imag""__coeff_88",-29.600564853993774
0123,y,454,"y__fft_coefficient__attr_""imag""__coeff_89",-12.324842756287152
0123,y,455,"y__fft_coefficient__attr_""imag""__coeff_90",44.450291790964485
0123,y,456,"y__fft_coefficient__attr_""imag""__coeff_91",-77.51329125664398
0123,y,457,"y__fft_coefficient__attr_""imag""__coeff_92",96.60614213951584
0123,y,458,"y__fft_coefficient__attr_""imag""__coeff_93",-56.53314625438724
0123,y,459,"y__fft_coefficient__attr_""imag""__coeff_94",7.189258859446355
0123,y,460,"y__fft_coefficient__attr_""imag""__coeff_95",27.631757159825188
0123,y,461,"y__fft_coefficient__attr_""imag""__coeff_96",-58.859079351862675
0123,y,462,"y__fft_coefficient__attr_""imag""__coeff_97",70.86542607902427
0123,y,463,"y__fft_coefficient__attr_""imag""__coeff_98",-45.046375131369466
0123,y,464,"y__fft_coefficient__attr_""imag""__coeff_99",14.747593972041862
0123,y,465,"y__fft_coefficient__attr_""abs""__coeff_0",20.74148522757899
0123,y,466,"y__fft_coefficient__attr_""abs""__coeff_1",13.387081557983265
0123,y,467,"y__fft_coefficient__attr_""abs""__coeff_2",23.348293040757056
0123,y,468,"y__fft_coefficient__attr_""abs""__coeff_3",26.583105481332936
0123,y,469,"y__fft_coefficient__attr_""abs""__coeff_4",10.223578303241478
0123,y,470,"y__fft_coefficient__attr_""abs""__coeff_5",10.264253602156137
0123,y,471,"y__fft_coefficient__attr_""abs""__coeff_6",12.65410179540119
0123,y,472,"y__fft_coefficient__attr_""abs""__coeff_7",9.709588393156066
0123,y,473,"y__fft_coefficient__attr_""abs""__coeff_8",13.591278198657157
0123,y,474,"y__fft_coefficient__attr_""abs""__coeff_9",5.802872607539944
0123,y,475,"y__fft_coefficient__attr_""abs""__coeff_10",9.180557533586999
0123,y,476,"y__fft_coefficient__attr_""abs""__coeff_11",7.579498786441814
0123,y,477,"y__fft_coefficient__attr_""abs""__coeff_12",29.39825106611286
0123,y,478,"y__fft_coefficient__attr_""abs""__coeff_13",8.25569915225286
0123,y,479,"y__fft_coefficient__attr_""abs""__coeff_14",37.826211642444804
0123,y,480,"y__fft_coefficient__attr_""abs""__coeff_15",15.405047286521384
0123,y,481,"y__fft_coefficient__attr_""abs""__coeff_16",2.9259562171201887
0123,y,482,"y__fft_coefficient__attr_""abs""__coeff_17",27.730512533345603
0123,y,483,"y__fft_coefficient__attr_""abs""__coeff_18",30.870984344489642
0123,y,484,"y__fft_coefficient__attr_""abs""__coeff_19",15.83556991406941
0123,y,485,"y__fft_coefficient__attr_""abs""__coeff_20",37.67228436184892
0123,y,486,"y__fft_coefficient__attr_""abs""__coeff_21",30.1514772495128
0123,y,487,"y__fft_coefficient__attr_""abs""__coeff_22",22.181257754430774
0123,y,488,"y__fft_coefficient__attr_""abs""__coeff_23",19.35744165334629
0123,y,489,"y__fft_coefficient__attr_""abs""__coeff_24",44.71830876585085
0123,y,490,"y__fft_coefficient__attr_""abs""__coeff_25",24.19191286563287
0123,y,491,"y__fft_coefficient__attr_""abs""__coeff_26",37.869239681235086
0123,y,492,"y__fft_coefficient__attr_""abs""__coeff_27",18.690826832711682
0123,y,493,"y__fft_coefficient__attr_""abs""__coeff_28",15.765061017580425
0123,y,494,"y__fft_coefficient__attr_""abs""__coeff_29",49.10631015805661
0123,y,495,"y__fft_coefficient__attr_""abs""__coeff_30",29.59736396842156
0123,y,496,"y__fft_coefficient__attr_""abs""__coeff_31",50.1995032172669
0123,y,497,"y__fft_coefficient__attr_""abs""__coeff_32",52.647112774919954
0123,y,498,"y__fft_coefficient__attr_""abs""__coeff_33",34.05361343778963
0123,y,499,"y__fft_coefficient__attr_""abs""__coeff_34",68.65726562021686
0123,y,500,"y__fft_coefficient__attr_""abs""__coeff_35",59.388210479006744
0123,y,501,"y__fft_coefficient__attr_""abs""__coeff_36",62.07759968656905
0123,y,502,"y__fft_coefficient__attr_""abs""__coeff_37",61.061262214675914
0123,y,503,"y__fft_coefficient__attr_""abs""__coeff_38",64.66312950245836
0123,y,504,"y__fft_coefficient__attr_""abs""__coeff_39",57.29597652061994
0123,y,505,"y__fft_coefficient__attr_""abs""__coeff_40",39.816310519842084
0123,y,506,"y__fft_coefficient__attr_""abs""__coeff_41",68.26047436586136
0123,y,507,"y__fft_coefficient__attr_""abs""__coeff_42",57.488247781678986
0123,y,508,"y__fft_coefficient__attr_""abs""__coeff_43",67.04902307715602
0123,y,509,"y__fft_coefficient__attr_""abs""__coeff_44",68.39228447221652
0123,y,510,"y__fft_coefficient__attr_""abs""__coeff_45",56.537447855754465
0123,y,511,"y__fft_coefficient__attr_""abs""__coeff_46",84.4970480536173
0123,y,512,"y__fft_coefficient__attr_""abs""__coeff_47",62.76199692470304
0123,y,513,"y__fft_coefficient__attr_""abs""__coeff_48",67.76401284502508
0123,y,514,"y__fft_coefficient__attr_""abs""__coeff_49",68.13493866189792
0123,y,515,"y__fft_coefficient__attr_""abs""__coeff_50",3665.748197967675
0123,y,516,"y__fft_coefficient__attr_""abs""__coeff_51",55.067592036580685
0123,y,517,"y__fft_coefficient__attr_""abs""__coeff_52",78.72068483148705
0123,y,518,"y__fft_coefficient__attr_""abs""__coeff_53",78.66286518431212
0123,y,519,"y__fft_coefficient__attr_""abs""__coeff_54",83.55595812269989
0123,y,520,"y__fft_coefficient__attr_""abs""__coeff_55",89.97937785315312
0123,y,521,"y__fft_coefficient__attr_""abs""__coeff_56",75.7351382117791
0123,y,522,"y__fft_coefficient__attr_""abs""__coeff_57",99.63705668098721
0123,y,523,"y__fft_coefficient__attr_""abs""__coeff_58",96.78662072954468
0123,y,524,"y__fft_coefficient__attr_""abs""__coeff_59",76.39201074457534
0123,y,525,"y__fft_coefficient__attr_""abs""__coeff_60",99.49276836636935
0123,y,526,"y__fft_coefficient__attr_""abs""__coeff_61",85.77032394809484
0123,y,527,"y__fft_coefficient__attr_""abs""__coeff_62",81.13472706515648
0123,y,528,"y__fft_coefficient__attr_""abs""__coeff_63",79.12302564964493
0123,y,529,"y__fft_coefficient__attr_""abs""__coeff_64",77.99333212418212
0123,y,530,"y__fft_coefficient__attr_""abs""__coeff_65",90.44891352239122
0123,y,531,"y__fft_coefficient__attr_""abs""__coeff_66",82.57456486665194
0123,y,532,"y__fft_coefficient__attr_""abs""__coeff_67",99.78074241444186
0123,y,533,"y__fft_coefficient__attr_""abs""__coeff_68",87.59331439883182
0123,y,534,"y__fft_coefficient__attr_""abs""__coeff_69",102.3836184031225
0123,y,535,"y__fft_coefficient__attr_""abs""__coeff_70",98.0226046450139
0123,y,536,"y__fft_coefficient__attr_""abs""__coeff_71",97.66654289045542
0123,y,537,"y__fft_coefficient__attr_""abs""__coeff_72",120.84258242665192
0123,y,538,"y__fft_coefficient__attr_""abs""__coeff_73",106.54376170439508
0123,y,539,"y__fft_coefficient__attr_""abs""__coeff_74",91.25111094840376
0123,y,540,"y__fft_coefficient__attr_""abs""__coeff_75",103.41994412112685
0123,y,541,"y__fft_coefficient__attr_""abs""__coeff_76",89.73020561224676
0123,y,542,"y__fft_coefficient__attr_""abs""__coeff_77",107.77036213727126
0123,y,543,"y__fft_coefficient__attr_""abs""__coeff_78",95.31971240267639
0123,y,544,"y__fft_coefficient__attr_""abs""__coeff_79",96.6771291626494
0123,y,545,"y__fft_coefficient__attr_""abs""__coeff_80",108.3663428702066
0123,y,546,"y__fft_coefficient__attr_""abs""__coeff_81",91.83863981144391
0123,y,547,"y__fft_coefficient__attr_""abs""__coeff_82",99.4451217286456
0123,y,548,"y__fft_coefficient__attr_""abs""__coeff_83",83.3347824892503
0123,y,549,"y__fft_coefficient__attr_""abs""__coeff_84",100.87939940131511
0123,y,550,"y__fft_coefficient__attr_""abs""__coeff_85",80.447544250794
0123,y,551,"y__fft_coefficient__attr_""abs""__coeff_86",78.18400890044802
0123,y,552,"y__fft_coefficient__attr_""abs""__coeff_87",99.76752401089944
0123,y,553,"y__fft_coefficient__attr_""abs""__coeff_88",65.30339389635198
0123,y,554,"y__fft_coefficient__attr_""abs""__coeff_89",95.87784391943612
0123,y,555,"y__fft_coefficient__attr_""abs""__coeff_90",78.62941209468816
0123,y,556,"y__fft_coefficient__attr_""abs""__coeff_91",80.252582296843
0123,y,557,"y__fft_coefficient__attr_""abs""__coeff_92",100.74629274454807
0123,y,558,"y__fft_coefficient__attr_""abs""__coeff_93",87.87024112683575
0123,y,559,"y__fft_coefficient__attr_""abs""__coeff_94",88.73634637035549
0123,y,560,"y__fft_coefficient__attr_""abs""__coeff_95",86.95559938678738
0123,y,561,"y__fft_coefficient__attr_""abs""__coeff_96",71.36326458891831
0123,y,562,"y__fft_coefficient__attr_""abs""__coeff_97",72.40138543224526
0123,y,563,"y__fft_coefficient__attr_""abs""__coeff_98",64.95758158697949
0123,y,564,"y__fft_coefficient__attr_""abs""__coeff_99",71.72272143969035
0123,y,565,"y__fft_coefficient__attr_""angle""__coeff_0",0.0
0123,y,566,"y__fft_coefficient__attr_""angle""__coeff_1",-168.79152543064126
0123,y,567,"y__fft_coefficient__attr_""angle""__coeff_2",-122.10376674702873
0123,y,568,"y__fft_coefficient__attr_""angle""__coeff_3",153.97555158502843
0123,y,569,"y__fft_coefficient__attr_""angle""__coeff_4",42.95525540601905
0123,y,570,"y__fft_coefficient__attr_""angle""__coeff_5",102.84141885610927
0123,y,571,"y__fft_coefficient__attr_""angle""__coeff_6",-148.63234155985901
0123,y,572,"y__fft_coefficient__attr_""angle""__coeff_7",112.27540947396727
0123,y,573,"y__fft_coefficient__attr_""angle""__coeff_8",-128.59773322892966
0123,y,574,"y__fft_coefficient__attr_""angle""__coeff_9",-29.22279846154179
0123,y,575,"y__fft_coefficient__attr_""angle""__coeff_10",124.44116668694859
0123,y,576,"y__fft_coefficient__attr_""angle""__coeff_11",32.05417824472931
0123,y,577,"y__fft_coefficient__attr_""angle""__coeff_12",-82.0837824142383
0123,y,578,"y__fft_coefficient__attr_""angle""__coeff_13",124.13239683361574
0123,y,579,"y__fft_coefficient__attr_""angle""__coeff_14",-152.36098881600822
0123,y,580,"y__fft_coefficient__attr_""angle""__coeff_15",52.728029381367286
0123,y,581,"y__fft_coefficient__attr_""angle""__coeff_16",140.17229781148632
0123,y,582,"y__fft_coefficient__attr_""angle""__coeff_17",-12.987720333328351
0123,y,583,"y__fft_coefficient__attr_""angle""__coeff_18",144.1093547268468
0123,y,584,"y__fft_coefficient__attr_""angle""__coeff_19",-93.38066401648216
0123,y,585,"y__fft_coefficient__attr_""angle""__coeff_20",68.89511331220969
0123,y,586,"y__fft_coefficient__attr_""angle""__coeff_21",-109.91674167950835
0123,y,587,"y__fft_coefficient__attr_""angle""__coeff_22",7.510425743088825
0123,y,588,"y__fft_coefficient__attr_""angle""__coeff_23",151.89515805861694
0123,y,589,"y__fft_coefficient__attr_""angle""__coeff_24",-81.09252300689957
0123,y,590,"y__fft_coefficient__attr_""angle""__coeff_25",66.05894353384132
0123,y,591,"y__fft_coefficient__attr_""angle""__coeff_26",174.64041977564898
0123,y,592,"y__fft_coefficient__attr_""angle""__coeff_27",21.314538866330903
0123,y,593,"y__fft_coefficient__attr_""angle""__coeff_28",84.38694451557788
0123,y,594,"y__fft_coefficient__attr_""angle""__coeff_29",-77.49601042067928
0123,y,595,"y__fft_coefficient__attr_""angle""__coeff_30",92.58506160251079
0123,y,596,"y__fft_coefficient__attr_""angle""__coeff_31",-174.9620452220361
0123,y,597,"y__fft_coefficient__attr_""angle""__coeff_32",6.523430570183249
0123,y,598,"y__fft_coefficient__attr_""angle""__coeff_33",146.75652387748954
0123,y,599,"y__fft_coefficient__attr_""angle""__coeff_34",-85.63494234624198
0123,y,600,"y__fft_coefficient__attr_""angle""__coeff_35",82.38486599077666
0123,y,601,"y__fft_coefficient__attr_""angle""__coeff_36",-146.86550884807275
0123,y,602,"y__fft_coefficient__attr_""angle""__coeff_37",7.396692475361531
0123,y,603,"y__fft_coefficient__attr_""angle""__coeff_38",137.36012046390803
0123,y,604,"y__fft_coefficient__attr_""angle""__coeff_39",-50.19407826557627
0123,y,605,"y__fft_coefficient__attr_""angle""__coeff_40",67.38307370412458
0123,y,606,"y__fft_coefficient__attr_""angle""__coeff_41",-128.3529878327264
0123,y,607,"y__fft_coefficient__attr_""angle""__coeff_42",9.7419765681834
0123,y,608,"y__fft_coefficient__attr_""angle""__coeff_43",152.89416586613135
0123,y,609,"y__fft_coefficient__attr_""angle""__coeff_44",-51.67741581765973
0123,y,610,"y__fft_coefficient__attr_""angle""__coeff_45",78.93353858222682
0123,y,611,"y__fft_coefficient__attr_""angle""__coeff_46",-133.66260135359556
0123,y,612,"y__fft_coefficient__attr_""angle""__coeff_47",14.733873670863623
0123,y,613,"y__fft_coefficient__attr_""angle""__coeff_48",147.33429346156282
0123,y,614,"y__fft_coefficient__attr_""angle""__coeff_49",-66.48307870763021
0123,y,615,"y__fft_coefficient__attr_""angle""__coeff_50",-89.61172072823106
0123,y,616,"y__fft_coefficient__attr_""angle""__coeff_51",-121.221792803736
0123,y,617,"y__fft_coefficient__attr_""angle""__coeff_52",11.965497888602899
0123,y,618,"y__fft_coefficient__attr_""angle""__coeff_53",169.29244877763813
0123,y,619,"y__fft_coefficient__attr_""angle""__coeff_54",-48.35303224341581
0123,y,620,"y__fft_coefficient__attr_""angle""__coeff_55",93.88572209758668
0123,y,621,"y__fft_coefficient__attr_""angle""__coeff_56",-108.59174168082606
0123,y,622,"y__fft_coefficient__attr_""angle""__coeff_57",22.45010885414352
0123,y,623,"y__fft_coefficient__attr_""angle""__coeff_58",177.3167288772411
0123,y,624,"y__fft_coefficient__attr_""angle""__coeff_59",-30.790266464097204
0123,y,625,"y__fft_coefficient__attr_""angle""__coeff_60",93.0902450936798
0123,y,626,"y__fft_coefficient__attr_""angle""__coeff_61",-114.71620555549855
0123,y,627,"y__fft_coefficient__attr_""angle""__coeff_62",27.07544877263803
0123,y,628,"y__fft_coefficient__attr_""angle""__coeff_63",175.03162584216514
0123,y,629,"y__fft_coefficient__attr_""angle""__coeff_64",-29.445505864007387
0123,y,630,"y__fft_coefficient__attr_""angle""__coeff_65",111.04679784816874
0123,y,631,"y__fft_coefficient__attr_""angle""__coeff_66",-102.96385883555428
0123,y,632,"y__fft_coefficient__attr_""angle""__coeff_67",34.82805014280908
0123,y,633,"y__fft_coefficient__attr_""angle""__coeff_68",-179.75051921522015
0123,y,634,"y__fft_coefficient__attr_""angle""__coeff_69",-30.62663971462791
0123,y,635,"y__fft_coefficient__attr_""angle""__coeff_70",113.37822583164211
0123,y,636,"y__fft_coefficient__attr_""angle""__coeff_71",-105.40535243177916
0123,y,637,"y__fft_coefficient__attr_""angle""__coeff_72",40.08413537877463
0123,y,638,"y__fft_coefficient__attr_""angle""__coeff_73",-164.85557682586798
0123,y,639,"y__fft_coefficient__attr_""angle""__coeff_74",-37.56137908191079
0123,y,640,"y__fft_coefficient__attr_""angle""__coeff_75",123.21030854274852
0123,y,641,"y__fft_coefficient__attr_""angle""__coeff_76",-88.36715147008337
0123,y,642,"y__fft_coefficient__attr_""angle""__coeff_77",55.34484561767664
0123,y,643,"y__fft_coefficient__attr_""angle""__coeff_78",-156.67896322697294
0123,y,644,"y__fft_coefficient__attr_""angle""__coeff_79",-23.540578601771106
0123,y,645,"y__fft_coefficient__attr_""angle""__coeff_80",121.84236962301759
0123,y,646,"y__fft_coefficient__attr_""angle""__coeff_81",-88.4132004629148
0123,y,647,"y__fft_coefficient__attr_""angle""__coeff_82",52.239705559279415
0123,y,648,"y__fft_coefficient__attr_""angle""__coeff_83",-165.91305650959077
0123,y,649,"y__fft_coefficient__attr_""angle""__coeff_84",-16.24299426966898
0123,y,650,"y__fft_coefficient__attr_""angle""__coeff_85",126.62142326745598
0123,y,651,"y__fft_coefficient__attr_""angle""__coeff_86",-98.53313922033095
0123,y,652,"y__fft_coefficient__attr_""angle""__coeff_87",57.66851347296914
0123,y,653,"y__fft_coefficient__attr_""angle""__coeff_88",-153.04583415652795
0123,y,654,"y__fft_coefficient__attr_""angle""__coeff_89",-7.385657289832705
0123,y,655,"y__fft_coefficient__attr_""angle""__coeff_90",145.57591497938432
0123,y,656,"y__fft_coefficient__attr_""angle""__coeff_91",-74.9869011985282
0123,y,657,"y__fft_coefficient__attr_""angle""__coeff_92",73.51724634206565
0123,y,658,"y__fft_coefficient__attr_""angle""__coeff_93",-139.9563676430864
0123,y,659,"y__fft_coefficient__attr_""angle""__coeff_94",4.647094163852015
0123,y,660,"y__fft_coefficient__attr_""angle""__coeff_95",161.47196851321593
0123,y,661,"y__fft_coefficient__attr_""angle""__coeff_96",-55.56631512979867
0123,y,662,"y__fft_coefficient__attr_""angle""__coeff_97",78.17707769742914
0123,y,663,"y__fft_coefficient__attr_""angle""__coeff_98",-136.094283891191
0123,y,664,"y__fft_coefficient__attr_""angle""__coeff_99",11.865769529730999
0123,y,665,"y__fft_aggregated__aggtype_""centroid""",848.9435111834558
0123,y,666,"y__fft_aggregated__aggtype_""variance""",642527.2622486224
0123,y,667,"y__fft_aggregated__aggtype_""skew""",0.5788479649935437
0123,y,668,"y__fft_aggregated__aggtype_""kurtosis""",5.6804987664537485
0123,y,669,y__value_count__value_0,0.0
0123,y,670,y__value_count__value_1,0.0
0123,y,671,y__value_count__value_-1,0.0
0123,y,672,y__range_count__max_1__min_-1,2271.0
0123,y,673,y__range_count__max_0__min_-1000000000000.0,2502.0
0123,y,674,y__range_count__max_1000000000000.0__min_0,2498.0
0123,y,675,y__approximate_entropy__m_2__r_0.1,0.5262164050596465
0123,y,676,y__approximate_entropy__m_2__r_0.3,0.2489019894853619
0123,y,677,y__approximate_entropy__m_2__r_0.5,0.15195929551013831
0123,y,678,y__approximate_entropy__m_2__r_0.7,0.09587585596593984
0123,y,679,y__approximate_entropy__m_2__r_0.9,0.0610380353635217
0123,y,680,y__friedrich_coefficients__coeff_0__m_3__r_30,-0.052266425369571094
0123,y,681,y__friedrich_coefficients__coeff_1__m_3__r_30,0.002291172892197307
0123,y,682,y__friedrich_coefficients__coeff_2__m_3__r_30,0.07039966951037145
0123,y,683,y__friedrich_coefficients__coeff_3__m_3__r_30,-0.0023984703350501107
0123,y,684,y__max_langevin_fixed_point__m_3__r_30,1.1656183476286053
0123,y,685,"y__linear_trend__attr_""pvalue""",0.21652939172076885
0123,y,686,"y__linear_trend__attr_""rvalue""",-0.017480020556860577
0123,y,687,"y__linear_trend__attr_""intercept""",0.03649944440650142
0123,y,688,"y__linear_trend__attr_""slope""",-1.2943047553905029e-05
0123,y,689,"y__linear_trend__attr_""stderr""",1.0472011781843646e-05
0123,y,690,"y__agg_linear_trend__attr_""rvalue""__chunk_len_5__f_agg_""max""",-0.02240789636273202
0123,y,691,"y__agg_linear_trend__attr_""rvalue""__chunk_len_5__f_agg_""min""",-0.012207250401205755
0123,y,692,"y__agg_linear_trend__attr_""rvalue""__chunk_len_5__f_agg_""mean""",-0.017675775802077045
0123,y,693,"y__agg_linear_trend__attr_""rvalue""__chunk_len_5__f_agg_""var""",-0.03220208575042795
0123,y,694,"y__agg_linear_trend__attr_""rvalue""__chunk_len_10__f_agg_""max""",-0.02371023824031498
0123,y,695,"y__agg_linear_trend__attr_""rvalue""__chunk_len_10__f_agg_""min""",-0.011475560182155387
0123,y,696,"y__agg_linear_trend__attr_""rvalue""__chunk_len_10__f_agg_""mean""",-0.017902903162071656
0123,y,697,"y__agg_linear_trend__attr_""rvalue""__chunk_len_10__f_agg_""var""",0.001583126214276295
0123,y,698,"y__agg_linear_trend__attr_""rvalue""__chunk_len_50__f_agg_""max""",-0.010301576309139221
0123,y,699,"y__agg_linear_trend__attr_""rvalue""__chunk_len_50__f_agg_""min""",-0.0318886259116072
0123,y,700,"y__agg_linear_trend__attr_""rvalue""__chunk_len_50__f_agg_""mean""",-0.01966886891038183
0123,y,701,"y__agg_linear_trend__attr_""rvalue""__chunk_len_50__f_agg_""var""",0.05602771704183918
0123,y,702,"y__agg_linear_trend__attr_""intercept""__chunk_len_5__f_agg_""max""",0.20711978343412674
0123,y,703,"y__agg_linear_trend__attr_""intercept""__chunk_len_5__f_agg_""min""",-0.14137629745308217
0123,y,704,"y__agg_linear_trend__attr_""intercept""__chunk_len_5__f_agg_""mean""",0.03647377866344916
0123,y,705,"y__agg_linear_trend__attr_""intercept""__chunk_len_5__f_agg_""var""",0.028399431348726453
0123,y,706,"y__agg_linear_trend__attr_""intercept""__chunk_len_10__f_agg_""max""",0.36831875494356753
0123,y,707,"y__agg_linear_trend__attr_""intercept""__chunk_len_10__f_agg_""min""",-0.3121464785510469
0123,y,708,"y__agg_linear_trend__attr_""intercept""__chunk_len_10__f_agg_""mean""",0.03643781349246163
0123,y,709,"y__agg_linear_trend__attr_""intercept""__chunk_len_10__f_agg_""var""",0.05341218693442621
0123,y,710,"y__agg_linear_trend__attr_""intercept""__chunk_len_50__f_agg_""max""",0.815058767659755
0123,y,711,"y__agg_linear_trend__attr_""intercept""__chunk_len_50__f_agg_""min""",-0.7632467369482858
0123,y,712,"y__agg_linear_trend__attr_""intercept""__chunk_len_50__f_agg_""mean""",0.03624329418144752
0123,y,713,"y__agg_linear_trend__attr_""intercept""__chunk_len_50__f_agg_""var""",0.2246571722055858
0123,y,714,"y__agg_linear_trend__attr_""slope""__chunk_len_5__f_agg_""max""",-8.246488561026854e-05
0123,y,715,"y__agg_linear_trend__attr_""slope""__chunk_len_5__f_agg_""min""",-4.498109216404181e-05
0123,y,716,"y__agg_linear_trend__attr_""slope""__chunk_len_5__f_agg_""mean""",-6.47156789147815e-05
0123,y,717,"y__agg_linear_trend__attr_""slope""__chunk_len_5__f_agg_""var""",-6.514768572689423e-06
0123,y,718,"y__agg_linear_trend__attr_""slope""__chunk_len_10__f_agg_""max""",-0.0001701173399368891
0123,y,719,"y__agg_linear_trend__attr_""slope""__chunk_len_10__f_agg_""min""",-8.208018111670083e-05
0123,y,720,"y__agg_linear_trend__attr_""slope""__chunk_len_10__f_agg_""mean""",-0.0001294168995869572
0123,y,721,"y__agg_linear_trend__attr_""slope""__chunk_len_10__f_agg_""var""",5.753089618768778e-07
0123,y,722,"y__agg_linear_trend__attr_""slope""__chunk_len_50__f_agg_""max""",-0.0002789408713911022
0123,y,723,"y__agg_linear_trend__attr_""slope""__chunk_len_50__f_agg_""min""",-0.000853785916152492
0123,y,724,"y__agg_linear_trend__attr_""slope""__chunk_len_50__f_agg_""mean""",-0.0006483837805238748
0123,y,725,"y__agg_linear_trend__attr_""slope""__chunk_len_50__f_agg_""var""",0.00024391881135510211
0123,y,726,"y__agg_linear_trend__attr_""stderr""__chunk_len_5__f_agg_""max""",0.00011646452051644879
0123,y,727,"y__agg_linear_trend__attr_""stderr""__chunk_len_5__f_agg_""min""",0.00011663113750186378
0123,y,728,"y__agg_linear_trend__attr_""stderr""__chunk_len_5__f_agg_""mean""",0.00011587717583388149
0123,y,729,"y__agg_linear_trend__attr_""stderr""__chunk_len_5__f_agg_""var""",6.400655116346786e-06
0123,y,730,"y__agg_linear_trend__attr_""stderr""__chunk_len_10__f_agg_""max""",0.00032142221149283515
0123,y,731,"y__agg_linear_trend__attr_""stderr""__chunk_len_10__f_agg_""min""",0.00032049491407966894
0123,y,732,"y__agg_linear_trend__attr_""stderr""__chunk_len_10__f_agg_""mean""",0.00032387934142368664
0123,y,733,"y__agg_linear_trend__attr_""stderr""__chunk_len_10__f_agg_""var""",1.62843483251377e-05
0123,y,734,"y__agg_linear_trend__attr_""stderr""__chunk_len_50__f_agg_""max""",0.002735094814117428
0123,y,735,"y__agg_linear_trend__attr_""stderr""__chunk_len_50__f_agg_""min""",0.0027032064614978747
0123,y,736,"y__agg_linear_trend__attr_""stderr""__chunk_len_50__f_agg_""mean""",0.003329321197133299
0123,y,737,"y__agg_linear_trend__attr_""stderr""__chunk_len_50__f_agg_""var""",0.00043908298739478495
0123,y,738,"y__augmented_dickey_fuller__attr_""teststat""__autolag_""AIC""",-21.786211724562577
0123,y,739,"y__augmented_dickey_fuller__attr_""pvalue""__autolag_""AIC""",0.0
0123,y,740,"y__augmented_dickey_fuller__attr_""usedlag""__autolag_""AIC""",25.0
0123,y,741,y__number_crossing_m__m_0,103.0
0123,y,742,y__number_crossing_m__m_-1,174.0
0123,y,743,y__number_crossing_m__m_1,164.0
0123,y,744,y__energy_ratio_by_chunks__num_segments_10__segment_focus_0,0.0971521891162241
0123,y,745,y__energy_ratio_by_chunks__num_segments_10__segment_focus_1,0.10038892301912604
0123,y,746,y__energy_ratio_by_chunks__num_segments_10__segment_focus_2,0.09972390505319734
0123,y,747,y__energy_ratio_by_chunks__num_segments_10__segment_focus_3,0.09763576016000057
0123,y,748,y__energy_ratio_by_chunks__num_segments_10__segment_focus_4,0.10022721296929091
0123,y,749,y__energy_ratio_by_chunks__num_segments_10__segment_focus_5,0.10041293260338208
0123,y,750,y__energy_ratio_by_chunks__num_segments_10__segment_focus_6,0.10464550774243792
0123,y,751,y__energy_ratio_by_chunks__num_segments_10__segment_focus_7,0.10014864771334
0123,y,752,y__energy_ratio_by_chunks__num_segments_10__segment_focus_8,0.09896470599037219
0123,y,753,y__energy_ratio_by_chunks__num_segments_10__segment_focus_9,0.10070021563262888
0123,y,754,y__ratio_beyond_r_sigma__r_0.5,0.7682
0123,y,755,y__ratio_beyond_r_sigma__r_1,0.506
0123,y,756,y__ratio_beyond_r_sigma__r_1.5,0.0
0123,y,757,y__ratio_beyond_r_sigma__r_2,0.0
0123,y,758,y__ratio_beyond_r_sigma__r_2.5,0.0
0123,y,759,y__ratio_beyond_r_sigma__r_3,0.0
0123,y,760,y__ratio_beyond_r_sigma__r_5,0.0
0123,y,761,y__ratio_beyond_r_sigma__r_6,0.0
0123,y,762,y__ratio_beyond_r_sigma__r_7,0.0
0123,y,763,y__ratio_beyond_r_sigma__r_10,0.0
0123,y,764,y__count_above__t_0,0.4996
0123,y,765,y__count_below__t_0,0.5004
0123,y,766,y__lempel_ziv_complexity__bins_2,0.04
0123,y,767,y__lempel_ziv_complexity__bins_3,0.0672
0123,y,768,y__lempel_ziv_complexity__bins_5,0.0956
0123,y,769,y__lempel_ziv_complexity__bins_10,0.148
0123,y,770,y__lempel_ziv_complexity__bins_100,0.3836
0123,y,771,y__fourier_entropy__bins_2,0.07998252574647073
0123,y,772,y__fourier_entropy__bins_3,0.07998252574647073
0123,y,773,y__fourier_entropy__bins_5,0.07998252574647073
0123,y,774,y__fourier_entropy__bins_10,0.09072899366212879
0123,y,775,y__fourier_entropy__bins_100,0.2607041092304532
0123,y,776,y__permutation_entropy__dimension_3__tau_1,1.4433402450299935
0123,y,777,y__permutation_entropy__dimension_4__tau_1,2.157221543675831
0123,y,778,y__permutation_entropy__dimension_5__tau_1,2.8611545141504187
0123,y,779,y__permutation_entropy__dimension_6__tau_1,3.509272585720275
0123,y,780,y__permutation_entropy__dimension_7__tau_1,4.023137970014217
0123,y,781,y__query_similarity_count__query_None__threshold_0.0,
0123,y,782,y__mean_n_absolute_max__number_of_maxima_7,1.6054384028548938
01234,y,0,y__variance_larger_than_standard_deviation,1.0
01234,y,1,y__has_duplicate_max,1.0
01234,y,2,y__has_duplicate_min,1.0
01234,y,3,y__has_duplicate,1.0
01234,y,4,y__sum_values,-4912.787435834286
01234,y,5,y__abs_energy,39052.70614840886
01234,y,6,y__mean_abs_change,0.1881895875136678
01234,y,7,y__mean_change,-1.5134318138429928e-05
01234,y,8,y__mean_second_derivative_central,1.0146495424221703e-05
01234,y,9,y__median,-1.127629011005176
01234,y,10,y__mean,-0.9825574871668572
01234,y,11,y__length,5000.0
01234,y,12,y__standard_deviation,2.616318408392626
01234,y,13,y__variation_coefficient,-2.662763698373126
01234,y,14,y__variance,6.845122014094124
01234,y,15,y__skewness,0.06894508731608683
01234,y,16,y__kurtosis,-1.2339230328828001
01234,y,17,y__root_mean_square,2.794734554422257
01234,y,18,y__absolute_sum_of_changes,940.7597479808253
01234,y,19,y__longest_strike_below_mean,235.0
01234,y,20,y__longest_strike_above_mean,476.0
01234,y,21,y__count_above_mean,2456.0
01234,y,22,y__count_below_mean,2544.0
01234,y,23,y__last_location_of_maximum,0.9272
01234,y,24,y__first_location_of_maximum,0.0008
01234,y,25,y__last_location_of_minimum,0.9914
01234,y,26,y__first_location_of_minimum,0.0178
01234,y,27,y__percentage_of_reoccurring_values_to_all_values,0.0004045307443365696
01234,y,28,y__percentage_of_reoccurring_datapoints_to_all_datapoints,0.0116
01234,y,29,y__sum_of_reoccurring_values,-1.8054802290542336
01234,y,30,y__sum_of_reoccurring_data_points,-78.0042691803317
01234,y,31,y__ratio_value_number_to_time_series_length,0.9888
01234,y,32,y__sample_entropy,0.11863029483520868
01234,y,33,y__maximum,3.371483641766037
01234,y,34,y__absolute_maximum,5.176963870820271
01234,y,35,y__minimum,-5.176963870820271
01234,y,36,y__benford_correlation,0.648848450670151
01234,y,37,y__time_reversal_asymmetry_statistic__lag_1,0.009098198753229201
01234,y,38,y__time_reversal_asymmetry_statistic__lag_2,-6.444238650986462e-05
01234,y,39,y__time_reversal_asymmetry_statistic__lag_3,-0.015777344083417
01234,y,40,y__c3__lag_1,-18.88400096312153
01234,y,41,y__c3__lag_2,-18.806784754686262
01234,y,42,y__c3__lag_3,-18.77186295199918
01234,y,43,y__cid_ce__normalize_True,19.592321153852257
01234,y,44,y__cid_ce__normalize_False,51.25975049796391
01234,y,45,y__symmetry_looking__r_0.0,0.0
01234,y,46,y__symmetry_looking__r_0.05,1.0
01234,y,47,y__symmetry_looking__r_0.1,1.0
01234,y,48,y__symmetry_looking__r_0.15000000000000002,1.0
01234,y,49,y__symmetry_looking__r_0.2,1.0
01234,y,50,y__symmetry_looking__r_0.25,1.0
01234,y,51,y__symmetry_looking__r_0.30000000000000004,1.0
01234,y,52,y__symmetry_looking__r_0.35000000000000003,1.0
01234,y,53,y__symmetry_looking__r_0.4,1.0
01234,y,54,y__symmetry_looking__r_0.45,1.0
01234,y,55,y__symmetry_looking__r_0.5,1.0
01234,y,56,y__symmetry_looking__r_0.55,1.0
01234,y,57,y__symmetry_looking__r_0.6000000000000001,1.0
01234,y,58,y__symmetry_looking__r_0.65,1.0
01234,y,59,y__symmetry_looking__r_0.7000000000000001,1.0
01234,y,60,y__symmetry_looking__r_0.75,1.0
01234,y,61,y__symmetry_looking__r_0.8,1.0
01234,y,62,y__symmetry_looking__r_0.8500000000000001,1.0
01234,y,63,y__symmetry_looking__r_0.9,1.0
01234,y,64,y__symmetry_looking__r_0.9500000000000001,1.0
01234,y,65,y__large_standard_deviation__r_0.05,1.0
01234,y,66,y__large_standard_deviation__r_0.1,1.0
01234,y,67,y__large_standard_deviation__r_0.15000000000000002,1.0
01234,y,68,y__large_standard_deviation__r_0.2,1.0
01234,y,69,y__large_standard_deviation__r_0.25,1.0
01234,y,70,y__large_standard_deviation__r_0.30000000000000004,1.0
01234,y,71,y__large_standard_deviation__r_0.35000000000000003,0.0
01234,y,72,y__large_standard_deviation__r_0.4,0.0
01234,y,73,y__large_standard_deviation__r_0.45,0.0
01234,y,74,y__large_standard_deviation__r_0.5,0.0
01234,y,75,y__large_standard_deviation__r_0.55,0.0
01234,y,76,y__large_standard_deviation__r_0.6000000000000001,0.0
01234,y,77,y__large_standard_deviation__r_0.65,0.0
01234,y,78,y__large_standard_deviation__r_0.7000000000000001,0.0
01234,y,79,y__large_standard_deviation__r_0.75,0.0
01234,y,80,y__large_standard_deviation__r_0.8,0.0
01234,y,81,y__large_standard_deviation__r_0.8500000000000001,0.0
01234,y,82,y__large_standard_deviation__r_0.9,0.0
01234,y,83,y__large_standard_deviation__r_0.9500000000000001,0.0
01234,y,84,y__quantile__q_0.1,-4.645739831329753
01234,y,85,y__quantile__q_0.2,-3.4825259808338602
01234,y,86,y__quantile__q_0.3,-2.7837083182125464
01234,y,87,y__quantile__q_0.4,-2.1912816488647238
01234,y,88,y__quantile__q_0.6,0.2746135347682624
01234,y,89,y__quantile__q_0.7,0.7618561628257097
01234,y,90,y__quantile__q_0.8,1.6377583207899102
01234,y,91,y__quantile__q_0.9,2.8457350283491483
01234,y,92,y__autocorrelation__lag_0,1.0
01234,y,93,y__autocorrelation__lag_1,0.9617775719403089
01234,y,94,y__autocorrelation__lag_2,0.9594543310257131
01234,y,95,y__autocorrelation__lag_3,0.9569587083568047
01234,y,96,y__autocorrelation__lag_4,0.9548116257273941
01234,y,97,y__autocorrelation__lag_5,0.952428893995709
01234,y,98,y__autocorrelation__lag_6,0.9478929908552185
01234,y,99,y__autocorrelation__lag_7,0.9438630139212261
01234,y,100,y__autocorrelation__lag_8,0.9387874866573889
01234,y,101,y__autocorrelation__lag_9,0.9327497387128101
01234,y,102,"y__agg_autocorrelation__f_agg_""mean""__maxlag_40",0.8197154004260006
01234,y,103,"y__agg_autocorrelation__f_agg_""median""__maxlag_40",0.8319155794497771
01234,y,104,"y__agg_autocorrelation__f_agg_""var""__maxlag_40",0.011380463534920709
01234,y,105,y__partial_autocorrelation__lag_0,1.0
01234,y,106,y__partial_autocorrelation__lag_1,0.9617775719403087
01234,y,107,y__partial_autocorrelation__lag_2,0.4592750199449668
01234,y,108,y__partial_autocorrelation__lag_3,0.2749357632494773
01234,y,109,y__partial_autocorrelation__lag_4,0.1842805305869175
01234,y,110,y__partial_autocorrelation__lag_5,0.12323955072217528
01234,y,111,y__partial_autocorrelation__lag_6,0.04216486185233996
01234,y,112,y__partial_autocorrelation__lag_7,0.009396398407280758
01234,y,113,y__partial_autocorrelation__lag_8,-0.026876907392707667
01234,y,114,y__partial_autocorrelation__lag_9,-0.0594917428865986
01234,y,115,y__number_cwt_peaks__n_1,318.0
01234,y,116,y__number_cwt_peaks__n_5,246.0
01234,y,117,y__number_peaks__n_1,637.0
01234,y,118,y__number_peaks__n_3,137.0
01234,y,119,y__number_peaks__n_5,101.0
01234,y,120,y__number_peaks__n_10,81.0
01234,y,121,y__number_peaks__n_50,44.0
01234,y,122,y__binned_entropy__max_bins_10,2.2584336433720664
01234,y,123,y__index_mass_quantile__q_0.1,0.133
01234,y,124,y__index_mass_quantile__q_0.2,0.1992
01234,y,125,y__index_mass_quantile__q_0.3,0.2694
01234,y,126,y__index_mass_quantile__q_0.4,0.3354
01234,y,127,y__index_mass_quantile__q_0.6,0.472
01234,y,128,y__index_mass_quantile__q_0.7,0.587
01234,y,129,y__index_mass_quantile__q_0.8,0.7228
01234,y,130,y__index_mass_quantile__q_0.9,0.8506
01234,y,131,"y__cwt_coefficients__coeff_0__w_2__widths_(2, 5, 10, 20)",-0.7755739423280018
01234,y,132,"y__cwt_coefficients__coeff_0__w_5__widths_(2, 5, 10, 20)",-0.6763446112020134
01234,y,133,"y__cwt_coefficients__coeff_0__w_10__widths_(2, 5, 10, 20)",-0.6846200238852918
01234,y,134,"y__cwt_coefficients__coeff_0__w_20__widths_(2, 5, 10, 20)",3.822544758280594
01234,y,135,"y__cwt_coefficients__coeff_1__w_2__widths_(2, 5, 10, 20)",-0.990152478386511
01234,y,136,"y__cwt_coefficients__coeff_1__w_5__widths_(2, 5, 10, 20)",-0.3356158291189446
01234,y,137,"y__cwt_coefficients__coeff_1__w_10__widths_(2, 5, 10, 20)",-0.2844389996687414
01234,y,138,"y__cwt_coefficients__coeff_1__w_20__widths_(2, 5, 10, 20)",4.255544566052123
01234,y,139,"y__cwt_coefficients__coeff_2__w_2__widths_(2, 5, 10, 20)",-0.6142649918185535
01234,y,140,"y__cwt_coefficients__coeff_2__w_5__widths_(2, 5, 10, 20)",-0.04091074144167303
01234,y,141,"y__cwt_coefficients__coeff_2__w_10__widths_(2, 5, 10, 20)",-0.06466692925161104
01234,y,142,"y__cwt_coefficients__coeff_2__w_20__widths_(2, 5, 10, 20)",4.86996933753629
01234,y,143,"y__cwt_coefficients__coeff_3__w_2__widths_(2, 5, 10, 20)",0.476468140803644
01234,y,144,"y__cwt_coefficients__coeff_3__w_5__widths_(2, 5, 10, 20)",0.35140334503994614
01234,y,145,"y__cwt_coefficients__coeff_3__w_10__widths_(2, 5, 10, 20)",0.41243827540693373
01234,y,146,"y__cwt_coefficients__coeff_3__w_20__widths_(2, 5, 10, 20)",5.094366648984184
01234,y,147,"y__cwt_coefficients__coeff_4__w_2__widths_(2, 5, 10, 20)",1.5426918520253663
01234,y,148,"y__cwt_coefficients__coeff_4__w_5__widths_(2, 5, 10, 20)",0.6077290595854561
01234,y,149,"y__cwt_coefficients__coeff_4__w_10__widths_(2, 5, 10, 20)",0.6634217194461618
01234,y,150,"y__cwt_coefficients__coeff_4__w_20__widths_(2, 5, 10, 20)",5.550376083513814
01234,y,151,"y__cwt_coefficients__coeff_5__w_2__widths_(2, 5, 10, 20)",1.5912344606723934
01234,y,152,"y__cwt_coefficients__coeff_5__w_5__widths_(2, 5, 10, 20)",0.7522771789159796
01234,y,153,"y__cwt_coefficients__coeff_5__w_10__widths_(2, 5, 10, 20)",1.0558732446932408
01234,y,154,"y__cwt_coefficients__coeff_5__w_20__widths_(2, 5, 10, 20)",5.959425244452075
01234,y,155,"y__cwt_coefficients__coeff_6__w_2__widths_(2, 5, 10, 20)",0.6186586499959604
01234,y,156,"y__cwt_coefficients__coeff_6__w_5__widths_(2, 5, 10, 20)",0.7670084660913129
01234,y,157,"y__cwt_coefficients__coeff_6__w_10__widths_(2, 5, 10, 20)",1.5820824467056473
01234,y,158,"y__cwt_coefficients__coeff_6__w_20__widths_(2, 5, 10, 20)",6.368713674003206
01234,y,159,"y__cwt_coefficients__coeff_7__w_2__widths_(2, 5, 10, 20)",-0.39583636133328615
01234,y,160,"y__cwt_coefficients__coeff_7__w_5__widths_(2, 5, 10, 20)",0.6267151133662631
01234,y,161,"y__cwt_coefficients__coeff_7__w_10__widths_(2, 5, 10, 20)",1.8653471301316475
01234,y,162,"y__cwt_coefficients__coeff_7__w_20__widths_(2, 5, 10, 20)",6.941382593496144
01234,y,163,"y__cwt_coefficients__coeff_8__w_2__widths_(2, 5, 10, 20)",-0.7315165741153062
01234,y,164,"y__cwt_coefficients__coeff_8__w_5__widths_(2, 5, 10, 20)",0.5424360679260416
01234,y,165,"y__cwt_coefficients__coeff_8__w_10__widths_(2, 5, 10, 20)",2.3726065649739208
01234,y,166,"y__cwt_coefficients__coeff_8__w_20__widths_(2, 5, 10, 20)",7.130794804286366
01234,y,167,"y__cwt_coefficients__coeff_9__w_2__widths_(2, 5, 10, 20)",-0.5225148222051258
01234,y,168,"y__cwt_coefficients__coeff_9__w_5__widths_(2, 5, 10, 20)",0.3714564775570695
01234,y,169,"y__cwt_coefficients__coeff_9__w_10__widths_(2, 5, 10, 20)",2.6631035136331875
01234,y,170,"y__cwt_coefficients__coeff_9__w_20__widths_(2, 5, 10, 20)",7.460635463659127
01234,y,171,"y__cwt_coefficients__coeff_10__w_2__widths_(2, 5, 10, 20)",-0.2251897418783986
01234,y,172,"y__cwt_coefficients__coeff_10__w_5__widths_(2, 5, 10, 20)",0.239611042963005
01234,y,173,"y__cwt_coefficients__coeff_10__w_10__widths_(2, 5, 10, 20)",3.0485584831546264
01234,y,174,"y__cwt_coefficients__coeff_10__w_20__widths_(2, 5, 10, 20)",7.811696040307257
01234,y,175,"y__cwt_coefficients__coeff_11__w_2__widths_(2, 5, 10, 20)",-0.0612441678624534
01234,y,176,"y__cwt_coefficients__coeff_11__w_5__widths_(2, 5, 10, 20)",0.1834884583582362
01234,y,177,"y__cwt_coefficients__coeff_11__w_10__widths_(2, 5, 10, 20)",3.470361582591294
01234,y,178,"y__cwt_coefficients__coeff_11__w_20__widths_(2, 5, 10, 20)",8.117089091212417
01234,y,179,"y__cwt_coefficients__coeff_12__w_2__widths_(2, 5, 10, 20)",1.972350820168223e-06
01234,y,180,"y__cwt_coefficients__coeff_12__w_5__widths_(2, 5, 10, 20)",0.2688383098875953
01234,y,181,"y__cwt_coefficients__coeff_12__w_10__widths_(2, 5, 10, 20)",3.723901845974849
01234,y,182,"y__cwt_coefficients__coeff_12__w_20__widths_(2, 5, 10, 20)",8.53808080125955
01234,y,183,"y__cwt_coefficients__coeff_13__w_2__widths_(2, 5, 10, 20)",0.035347659199525365
01234,y,184,"y__cwt_coefficients__coeff_13__w_5__widths_(2, 5, 10, 20)",0.38050724449069634
01234,y,185,"y__cwt_coefficients__coeff_13__w_10__widths_(2, 5, 10, 20)",4.056952766803659
01234,y,186,"y__cwt_coefficients__coeff_13__w_20__widths_(2, 5, 10, 20)",8.621879481927278
01234,y,187,"y__cwt_coefficients__coeff_14__w_2__widths_(2, 5, 10, 20)",0.06247295644142726
01234,y,188,"y__cwt_coefficients__coeff_14__w_5__widths_(2, 5, 10, 20)",0.6241718006831223
01234,y,189,"y__cwt_coefficients__coeff_14__w_10__widths_(2, 5, 10, 20)",4.272425852084585
01234,y,190,"y__cwt_coefficients__coeff_14__w_20__widths_(2, 5, 10, 20)",8.81793847573216
01234,y,191,y__spkt_welch_density__coeff_2,141.2880303317558
01234,y,192,y__spkt_welch_density__coeff_5,0.8418930750250362
01234,y,193,y__spkt_welch_density__coeff_8,0.8662055715859577
01234,y,194,y__ar_coefficient__coeff_0__k_10,-0.012356256934391324
01234,y,195,y__ar_coefficient__coeff_1__k_10,0.31692632494144407
01234,y,196,y__ar_coefficient__coeff_2__k_10,0.22919532789967495
01234,y,197,y__ar_coefficient__coeff_3__k_10,0.16858117047253954
01234,y,198,y__ar_coefficient__coeff_4__k_10,0.1414619878205646
01234,y,199,y__ar_coefficient__coeff_5__k_10,0.12681064390220945
01234,y,200,y__ar_coefficient__coeff_6__k_10,0.06243609721322881
01234,y,201,y__ar_coefficient__coeff_7__k_10,0.04128063282298136
01234,y,202,y__ar_coefficient__coeff_8__k_10,0.006937371542767536
01234,y,203,y__ar_coefficient__coeff_9__k_10,-0.03733258231874975
01234,y,204,y__ar_coefficient__coeff_10__k_10,-0.0684408725379476
01234,y,205,"y__change_quantiles__f_agg_""mean""__isabs_False__qh_0.2__ql_0.0",-0.0006224985133873474
01234,y,206,"y__change_quantiles__f_agg_""var""__isabs_False__qh_0.2__ql_0.0",0.025295609171688323
01234,y,207,"y__change_quantiles__f_agg_""mean""__isabs_True__qh_0.2__ql_0.0",0.08363374553207512
01234,y,208,"y__change_quantiles__f_agg_""var""__isabs_True__qh_0.2__ql_0.0",0.018301393284363605
01234,y,209,"y__change_quantiles__f_agg_""mean""__isabs_False__qh_0.4__ql_0.0",-0.00046518593132767363
01234,y,210,"y__change_quantiles__f_agg_""var""__isabs_False__qh_0.4__ql_0.0",0.03375032088167103
01234,y,211,"y__change_quantiles__f_agg_""mean""__isabs_True__qh_0.4__ql_0.0",0.0854369435010758
01234,y,212,"y__change_quantiles__f_agg_""var""__isabs_True__qh_0.4__ql_0.0",0.026451065964815706
01234,y,213,"y__change_quantiles__f_agg_""mean""__isabs_False__qh_0.6__ql_0.0",0.0002748361053705086
01234,y,214,"y__change_quantiles__f_agg_""var""__isabs_False__qh_0.6__ql_0.0",0.2952339165008529
01234,y,215,"y__change_quantiles__f_agg_""mean""__isabs_True__qh_0.6__ql_0.0",0.1493402106555107
01234,y,216,"y__change_quantiles__f_agg_""var""__isabs_True__qh_0.6__ql_0.0",0.2729314935171055
01234,y,217,"y__change_quantiles__f_agg_""mean""__isabs_False__qh_0.8__ql_0.0",0.0010862609395564597
01234,y,218,"y__change_quantiles__f_agg_""var""__isabs_False__qh_0.8__ql_0.0",0.43074374811458477
01234,y,219,"y__change_quantiles__f_agg_""mean""__isabs_True__qh_0.8__ql_0.0",0.16908869530736292
01234,y,220,"y__change_quantiles__f_agg_""var""__isabs_True__qh_0.8__ql_0.0",0.40215394119666736
01234,y,221,"y__change_quantiles__f_agg_""mean""__isabs_False__qh_1.0__ql_0.0",-1.513431813843068e-05
01234,y,222,"y__change_quantiles__f_agg_""var""__isabs_False__qh_1.0__ql_0.0",0.5256175274992003
01234,y,223,"y__change_quantiles__f_agg_""mean""__isabs_True__qh_1.0__ql_0.0",0.1881895875136678
01234,y,224,"y__change_quantiles__f_agg_""var""__isabs_True__qh_1.0__ql_0.0",0.4902022068796835
01234,y,225,"y__change_quantiles__f_agg_""mean""__isabs_False__qh_0.4__ql_0.2",0.0006759654021624554
01234,y,226,"y__change_quantiles__f_agg_""var""__isabs_False__qh_0.4__ql_0.2",0.007180640455080575
01234,y,227,"y__change_quantiles__f_agg_""mean""__isabs_True__qh_0.4__ql_0.2",0.07067354806690539
01234,y,228,"y__change_quantiles__f_agg_""var""__isabs_True__qh_0.4__ql_0.2",0.0021863469879403103
01234,y,229,"y__change_quantiles__f_agg_""mean""__isabs_False__qh_0.6__ql_0.2",0.0006917466252703619
01234,y,230,"y__change_quantiles__f_agg_""var""__isabs_False__qh_0.6__ql_0.2",0.07504343554752019
01234,y,231,"y__change_quantiles__f_agg_""mean""__isabs_True__qh_0.6__ql_0.2",0.09688354181969873
01234,y,232,"y__change_quantiles__f_agg_""var""__isabs_True__qh_0.6__ql_0.2",0.06565749338538446
01234,y,233,"y__change_quantiles__f_agg_""mean""__isabs_False__qh_0.8__ql_0.2",-0.000597390573761557
01234,y,234,"y__change_quantiles__f_agg_""var""__isabs_False__qh_0.8__ql_0.2",0.07873816790076807
01234,y,235,"y__change_quantiles__f_agg_""mean""__isabs_True__qh_0.8__ql_0.2",0.09976003743797292
01234,y,236,"y__change_quantiles__f_agg_""var""__isabs_True__qh_0.8__ql_0.2",0.06878645970663992
01234,y,237,"y__change_quantiles__f_agg_""mean""__isabs_False__qh_1.0__ql_0.2",0.0020080297872305405
01234,y,238,"y__change_quantiles__f_agg_""var""__isabs_False__qh_1.0__ql_0.2",0.24297687858196976
01234,y,239,"y__change_quantiles__f_agg_""mean""__isabs_True__qh_1.0__ql_0.2",0.13528105192040835
01234,y,240,"y__change_quantiles__f_agg_""var""__isabs_True__qh_1.0__ql_0.2",0.22467994775690392
01234,y,241,"y__change_quantiles__f_agg_""mean""__isabs_False__qh_0.6__ql_0.4",0.00045365966522292116
01234,y,242,"y__change_quantiles__f_agg_""var""__isabs_False__qh_0.6__ql_0.4",0.08444442557411085
01234,y,243,"y__change_quantiles__f_agg_""mean""__isabs_True__qh_0.6__ql_0.4",0.10192921358800545
01234,y,244,"y__change_quantiles__f_agg_""var""__isabs_True__qh_0.6__ql_0.4",0.07405506679853345
01234,y,245,"y__change_quantiles__f_agg_""mean""__isabs_False__qh_0.8__ql_0.4",-0.0012633623646431346
01234,y,246,"y__change_quantiles__f_agg_""var""__isabs_False__qh_0.8__ql_0.4",0.06398454005692121
01234,y,247,"y__change_quantiles__f_agg_""mean""__isabs_True__qh_0.8__ql_0.4",0.09719714394620455
01234,y,248,"y__change_quantiles__f_agg_""var""__isabs_True__qh_0.8__ql_0.4",0.05453885135008639
01234,y,249,"y__change_quantiles__f_agg_""mean""__isabs_False__qh_1.0__ql_0.4",0.0002915403605265404
01234,y,250,"y__change_quantiles__f_agg_""var""__isabs_False__qh_1.0__ql_0.4",0.20599599980124914
01234,y,251,"y__change_quantiles__f_agg_""mean""__isabs_True__qh_1.0__ql_0.4",0.1320403916823486
01234,y,252,"y__change_quantiles__f_agg_""var""__isabs_True__qh_1.0__ql_0.4",0.1885614197614029
01234,y,253,"y__change_quantiles__f_agg_""mean""__isabs_False__qh_0.8__ql_0.6",-0.0004479778998107993
01234,y,254,"y__change_quantiles__f_agg_""var""__isabs_False__qh_0.8__ql_0.6",0.009910702666392207
01234,y,255,"y__change_quantiles__f_agg_""mean""__isabs_True__qh_0.8__ql_0.6",0.06811612191643691
01234,y,256,"y__change_quantiles__f_agg_""var""__isabs_True__qh_0.8__ql_0.6",0.005271097285656031
01234,y,257,"y__change_quantiles__f_agg_""mean""__isabs_False__qh_1.0__ql_0.6",-0.0009566575006281158
01234,y,258,"y__change_quantiles__f_agg_""var""__isabs_False__qh_1.0__ql_0.6",0.038653751434572205
01234,y,259,"y__change_quantiles__f_agg_""mean""__isabs_True__qh_1.0__ql_0.6",0.08514903937400166
01234,y,260,"y__change_quantiles__f_agg_""var""__isabs_True__qh_1.0__ql_0.6",0.031404307721830435
01234,y,261,"y__change_quantiles__f_agg_""mean""__isabs_False__qh_1.0__ql_0.8",0.0005342418012389557
01234,y,262,"y__change_quantiles__f_agg_""var""__isabs_False__qh_1.0__ql_0.8",0.019435515162337744
01234,y,263,"y__change_quantiles__f_agg_""mean""__isabs_True__qh_1.0__ql_0.8",0.08209410255851286
01234,y,264,"y__change_quantiles__f_agg_""var""__isabs_True__qh_1.0__ql_0.8",0.012696358901752308
01234,y,265,"y__fft_coefficient__attr_""real""__coeff_0",-4912.787435834285
01234,y,266,"y__fft_coefficient__attr_""real""__coeff_1",2070.635811920173
01234,y,267,"y__fft_coefficient__attr_""real""__coeff_2",-660.3925717678649
01234,y,268,"y__fft_coefficient__attr_""real""__coeff_3",892.0779654186638
01234,y,269,"y__fft_coefficient__attr_""real""__coeff_4",-851.0852185690807
01234,y,270,"y__fft_coefficient__attr_""real""__coeff_5",-96.18688588129692
01234,y,271,"y__fft_coefficient__attr_""real""__coeff_6",-551.5409003262967
01234,y,272,"y__fft_coefficient__attr_""real""__coeff_7",-322.39426165985594
01234,y,273,"y__fft_coefficient__attr_""real""__coeff_8",-62.42248998874787
01234,y,274,"y__fft_coefficient__attr_""real""__coeff_9",-45.42483473209657
01234,y,275,"y__fft_coefficient__attr_""real""__coeff_10",119.28771178481401
01234,y,276,"y__fft_coefficient__attr_""real""__coeff_11",56.03829999860221
01234,y,277,"y__fft_coefficient__attr_""real""__coeff_12",-82.20378425438892
01234,y,278,"y__fft_coefficient__attr_""real""__coeff_13",-115.7992185295519
01234,y,279,"y__fft_coefficient__attr_""real""__coeff_14",-87.54245243724124
01234,y,280,"y__fft_coefficient__attr_""real""__coeff_15",-8.200433613482094
01234,y,281,"y__fft_coefficient__attr_""real""__coeff_16",195.37744155347656
01234,y,282,"y__fft_coefficient__attr_""real""__coeff_17",83.21476391772333
01234,y,283,"y__fft_coefficient__attr_""real""__coeff_18",241.5749010778761
01234,y,284,"y__fft_coefficient__attr_""real""__coeff_19",91.48514267987926
01234,y,285,"y__fft_coefficient__attr_""real""__coeff_20",49.43176333133556
01234,y,286,"y__fft_coefficient__attr_""real""__coeff_21",146.7004875895542
01234,y,287,"y__fft_coefficient__attr_""real""__coeff_22",-72.67147180591006
01234,y,288,"y__fft_coefficient__attr_""real""__coeff_23",254.21200938618313
01234,y,289,"y__fft_coefficient__attr_""real""__coeff_24",15.026882001601642
01234,y,290,"y__fft_coefficient__attr_""real""__coeff_25",279.5084193499556
01234,y,291,"y__fft_coefficient__attr_""real""__coeff_26",23.305267517806875
01234,y,292,"y__fft_coefficient__attr_""real""__coeff_27",64.57879370328017
01234,y,293,"y__fft_coefficient__attr_""real""__coeff_28",80.98623086734025
01234,y,294,"y__fft_coefficient__attr_""real""__coeff_29",-33.07459681714591
01234,y,295,"y__fft_coefficient__attr_""real""__coeff_30",43.86788481301036
01234,y,296,"y__fft_coefficient__attr_""real""__coeff_31",-24.873893299063578
01234,y,297,"y__fft_coefficient__attr_""real""__coeff_32",49.50320951978592
01234,y,298,"y__fft_coefficient__attr_""real""__coeff_33",68.31722977242899
01234,y,299,"y__fft_coefficient__attr_""real""__coeff_34",14.793008337567333
01234,y,300,"y__fft_coefficient__attr_""real""__coeff_35",-39.94648678219932
01234,y,301,"y__fft_coefficient__attr_""real""__coeff_36",-30.802568420924054
01234,y,302,"y__fft_coefficient__attr_""real""__coeff_37",-30.616110351829473
01234,y,303,"y__fft_coefficient__attr_""real""__coeff_38",-52.762537231013496
01234,y,304,"y__fft_coefficient__attr_""real""__coeff_39",35.37631564053616
01234,y,305,"y__fft_coefficient__attr_""real""__coeff_40",12.133329747747377
01234,y,306,"y__fft_coefficient__attr_""real""__coeff_41",97.85914488715889
01234,y,307,"y__fft_coefficient__attr_""real""__coeff_42",-11.426791315493748
01234,y,308,"y__fft_coefficient__attr_""real""__coeff_43",94.33708916864788
01234,y,309,"y__fft_coefficient__attr_""real""__coeff_44",-54.52424491675528
01234,y,310,"y__fft_coefficient__attr_""real""__coeff_45",86.58163661107096
01234,y,311,"y__fft_coefficient__attr_""real""__coeff_46",-8.297100278525761
01234,y,312,"y__fft_coefficient__attr_""real""__coeff_47",76.99642876267364
01234,y,313,"y__fft_coefficient__attr_""real""__coeff_48",139.51052584162352
01234,y,314,"y__fft_coefficient__attr_""real""__coeff_49",53.99250225367538
01234,y,315,"y__fft_coefficient__attr_""real""__coeff_50",156.30536291104477
01234,y,316,"y__fft_coefficient__attr_""real""__coeff_51",86.31743573666193
01234,y,317,"y__fft_coefficient__attr_""real""__coeff_52",28.37035037197297
01234,y,318,"y__fft_coefficient__attr_""real""__coeff_53",33.62516722872261
01234,y,319,"y__fft_coefficient__attr_""real""__coeff_54",4.31520561116306
01234,y,320,"y__fft_coefficient__attr_""real""__coeff_55",119.77714303633661
01234,y,321,"y__fft_coefficient__attr_""real""__coeff_56",67.81703935368722
01234,y,322,"y__fft_coefficient__attr_""real""__coeff_57",120.32345351989285
01234,y,323,"y__fft_coefficient__attr_""real""__coeff_58",-26.347084003888106
01234,y,324,"y__fft_coefficient__attr_""real""__coeff_59",51.788670663016454
01234,y,325,"y__fft_coefficient__attr_""real""__coeff_60",-25.39338034666976
01234,y,326,"y__fft_coefficient__attr_""real""__coeff_61",65.96904498758329
01234,y,327,"y__fft_coefficient__attr_""real""__coeff_62",-56.70181207732503
01234,y,328,"y__fft_coefficient__attr_""real""__coeff_63",51.568804782614926
01234,y,329,"y__fft_coefficient__attr_""real""__coeff_64",4.711373542261404
01234,y,330,"y__fft_coefficient__attr_""real""__coeff_65",0.918811708228148
01234,y,331,"y__fft_coefficient__attr_""real""__coeff_66",-14.325980916654913
01234,y,332,"y__fft_coefficient__attr_""real""__coeff_67",-9.56837942257573
01234,y,333,"y__fft_coefficient__attr_""real""__coeff_68",16.34628554360092
01234,y,334,"y__fft_coefficient__attr_""real""__coeff_69",-42.36731751880146
01234,y,335,"y__fft_coefficient__attr_""real""__coeff_70",27.938678542812802
01234,y,336,"y__fft_coefficient__attr_""real""__coeff_71",19.51253000960684
01234,y,337,"y__fft_coefficient__attr_""real""__coeff_72",49.788841407994155
01234,y,338,"y__fft_coefficient__attr_""real""__coeff_73",43.5628217003405
01234,y,339,"y__fft_coefficient__attr_""real""__coeff_74",-38.251981573404734
01234,y,340,"y__fft_coefficient__attr_""real""__coeff_75",28.498595729992577
01234,y,341,"y__fft_coefficient__attr_""real""__coeff_76",-15.829583286231015
01234,y,342,"y__fft_coefficient__attr_""real""__coeff_77",94.46162529714353
01234,y,343,"y__fft_coefficient__attr_""real""__coeff_78",-4.483471169480735
01234,y,344,"y__fft_coefficient__attr_""real""__coeff_79",81.15364969554878
01234,y,345,"y__fft_coefficient__attr_""real""__coeff_80",36.70729175157123
01234,y,346,"y__fft_coefficient__attr_""real""__coeff_81",17.965520177846216
01234,y,347,"y__fft_coefficient__attr_""real""__coeff_82",35.28513119663977
01234,y,348,"y__fft_coefficient__attr_""real""__coeff_83",27.29651517521833
01234,y,349,"y__fft_coefficient__attr_""real""__coeff_84",-30.068239788154035
01234,y,350,"y__fft_coefficient__attr_""real""__coeff_85",41.286004853614
01234,y,351,"y__fft_coefficient__attr_""real""__coeff_86",0.9639309148608461
01234,y,352,"y__fft_coefficient__attr_""real""__coeff_87",43.54614275723948
01234,y,353,"y__fft_coefficient__attr_""real""__coeff_88",31.50915805448944
01234,y,354,"y__fft_coefficient__attr_""real""__coeff_89",4.41384631789815
01234,y,355,"y__fft_coefficient__attr_""real""__coeff_90",38.40684689902122
01234,y,356,"y__fft_coefficient__attr_""real""__coeff_91",-38.61774377743815
01234,y,357,"y__fft_coefficient__attr_""real""__coeff_92",-25.12625347659945
01234,y,358,"y__fft_coefficient__attr_""real""__coeff_93",8.12640233070034
01234,y,359,"y__fft_coefficient__attr_""real""__coeff_94",-24.91869671581499
01234,y,360,"y__fft_coefficient__attr_""real""__coeff_95",17.846379749410676
01234,y,361,"y__fft_coefficient__attr_""real""__coeff_96",-35.225605957381156
01234,y,362,"y__fft_coefficient__attr_""real""__coeff_97",13.659768300122117
01234,y,363,"y__fft_coefficient__attr_""real""__coeff_98",-44.53224469407442
01234,y,364,"y__fft_coefficient__attr_""real""__coeff_99",-2.9470533716898597
01234,y,365,"y__fft_coefficient__attr_""imag""__coeff_0",0.0
01234,y,366,"y__fft_coefficient__attr_""imag""__coeff_1",7604.495879811722
01234,y,367,"y__fft_coefficient__attr_""imag""__coeff_2",-197.0605026359487
01234,y,368,"y__fft_coefficient__attr_""imag""__coeff_3",1063.25183663407
01234,y,369,"y__fft_coefficient__attr_""imag""__coeff_4",96.92156855204661
01234,y,370,"y__fft_coefficient__attr_""imag""__coeff_5",225.1876185157866
01234,y,371,"y__fft_coefficient__attr_""imag""__coeff_6",377.4818657246689
01234,y,372,"y__fft_coefficient__attr_""imag""__coeff_7",333.10759095595495
01234,y,373,"y__fft_coefficient__attr_""imag""__coeff_8",284.2845984766735
01234,y,374,"y__fft_coefficient__attr_""imag""__coeff_9",281.06885983394
01234,y,375,"y__fft_coefficient__attr_""imag""__coeff_10",-155.36200307573716
01234,y,376,"y__fft_coefficient__attr_""imag""__coeff_11",68.3298549898073
01234,y,377,"y__fft_coefficient__attr_""imag""__coeff_12",-302.1399842010468
01234,y,378,"y__fft_coefficient__attr_""imag""__coeff_13",37.278823186039645
01234,y,379,"y__fft_coefficient__attr_""imag""__coeff_14",-43.65493679892711
01234,y,380,"y__fft_coefficient__attr_""imag""__coeff_15",115.4797118018854
01234,y,381,"y__fft_coefficient__attr_""imag""__coeff_16",31.097375831769405
01234,y,382,"y__fft_coefficient__attr_""imag""__coeff_17",118.91456715237749
01234,y,383,"y__fft_coefficient__attr_""imag""__coeff_18",-172.34831590192283
01234,y,384,"y__fft_coefficient__attr_""imag""__coeff_19",111.5037014117277
01234,y,385,"y__fft_coefficient__attr_""imag""__coeff_20",-232.1482757986035
01234,y,386,"y__fft_coefficient__attr_""imag""__coeff_21",197.94785302143663
01234,y,387,"y__fft_coefficient__attr_""imag""__coeff_22",0.8768168897268858
01234,y,388,"y__fft_coefficient__attr_""imag""__coeff_23",159.51890683510044
01234,y,389,"y__fft_coefficient__attr_""imag""__coeff_24",99.87252798411649
01234,y,390,"y__fft_coefficient__attr_""imag""__coeff_25",40.46493251350647
01234,y,391,"y__fft_coefficient__attr_""imag""__coeff_26",93.3144053905112
01234,y,392,"y__fft_coefficient__attr_""imag""__coeff_27",-25.387886285675243
01234,y,393,"y__fft_coefficient__attr_""imag""__coeff_28",67.09920054087851
01234,y,394,"y__fft_coefficient__attr_""imag""__coeff_29",66.45739448963808
01234,y,395,"y__fft_coefficient__attr_""imag""__coeff_30",81.61348722292928
01234,y,396,"y__fft_coefficient__attr_""imag""__coeff_31",169.9949579203166
01234,y,397,"y__fft_coefficient__attr_""imag""__coeff_32",15.892696058131971
01234,y,398,"y__fft_coefficient__attr_""imag""__coeff_33",103.8407141575496
01234,y,399,"y__fft_coefficient__attr_""imag""__coeff_34",-68.92831544353467
01234,y,400,"y__fft_coefficient__attr_""imag""__coeff_35",-17.5665953942578
01234,y,401,"y__fft_coefficient__attr_""imag""__coeff_36",-66.57255498653497
01234,y,402,"y__fft_coefficient__attr_""imag""__coeff_37",36.11578826561539
01234,y,403,"y__fft_coefficient__attr_""imag""__coeff_38",36.64521805747093
01234,y,404,"y__fft_coefficient__attr_""imag""__coeff_39",115.22374721820904
01234,y,405,"y__fft_coefficient__attr_""imag""__coeff_40",-73.89079522543852
01234,y,406,"y__fft_coefficient__attr_""imag""__coeff_41",-10.606764428550216
01234,y,407,"y__fft_coefficient__attr_""imag""__coeff_42",-156.18111541595798
01234,y,408,"y__fft_coefficient__attr_""imag""__coeff_43",-17.65535052219481
01234,y,409,"y__fft_coefficient__attr_""imag""__coeff_44",-80.4762594377118
01234,y,410,"y__fft_coefficient__attr_""imag""__coeff_45",-9.156373063836966
01234,y,411,"y__fft_coefficient__attr_""imag""__coeff_46",17.91717057501986
01234,y,412,"y__fft_coefficient__attr_""imag""__coeff_47",-36.869451724623815
01234,y,413,"y__fft_coefficient__attr_""imag""__coeff_48",21.69857347466212
01234,y,414,"y__fft_coefficient__attr_""imag""__coeff_49",-29.34251469621674
01234,y,415,"y__fft_coefficient__attr_""imag""__coeff_50",-3877.2772462069697
01234,y,416,"y__fft_coefficient__attr_""imag""__coeff_51",36.58823644549597
01234,y,417,"y__fft_coefficient__attr_""imag""__coeff_52",-62.72896505488971
01234,y,418,"y__fft_coefficient__attr_""imag""__coeff_53",24.35299847688229
01234,y,419,"y__fft_coefficient__attr_""imag""__coeff_54",10.980590274264193
01234,y,420,"y__fft_coefficient__attr_""imag""__coeff_55",45.0961141844141
01234,y,421,"y__fft_coefficient__attr_""imag""__coeff_56",38.49570948483865
01234,y,422,"y__fft_coefficient__attr_""imag""__coeff_57",36.96945730081713
01234,y,423,"y__fft_coefficient__attr_""imag""__coeff_58",-73.33172299746191
01234,y,424,"y__fft_coefficient__attr_""imag""__coeff_59",34.744258570099134
01234,y,425,"y__fft_coefficient__attr_""imag""__coeff_60",13.779763754132642
01234,y,426,"y__fft_coefficient__attr_""imag""__coeff_61",88.16908865520962
01234,y,427,"y__fft_coefficient__attr_""imag""__coeff_62",-4.483153953567091
01234,y,428,"y__fft_coefficient__attr_""imag""__coeff_63",43.757169086482236
01234,y,429,"y__fft_coefficient__attr_""imag""__coeff_64",10.731425980846769
01234,y,430,"y__fft_coefficient__attr_""imag""__coeff_65",19.410711514711004
01234,y,431,"y__fft_coefficient__attr_""imag""__coeff_66",-26.486235280350314
01234,y,432,"y__fft_coefficient__attr_""imag""__coeff_67",-71.68901602289851
01234,y,433,"y__fft_coefficient__attr_""imag""__coeff_68",30.209005920738438
01234,y,434,"y__fft_coefficient__attr_""imag""__coeff_69",-6.263902725019287
01234,y,435,"y__fft_coefficient__attr_""imag""__coeff_70",14.983720674549541
01234,y,436,"y__fft_coefficient__attr_""imag""__coeff_71",63.68647250341602
01234,y,437,"y__fft_coefficient__attr_""imag""__coeff_72",-81.16684353412873
01234,y,438,"y__fft_coefficient__attr_""imag""__coeff_73",-31.673075496020317
01234,y,439,"y__fft_coefficient__attr_""imag""__coeff_74",-92.6149594968772
01234,y,440,"y__fft_coefficient__attr_""imag""__coeff_75",-6.568531870212529
01234,y,441,"y__fft_coefficient__attr_""imag""__coeff_76",-93.37157839122044
01234,y,442,"y__fft_coefficient__attr_""imag""__coeff_77",29.383489210282896
01234,y,443,"y__fft_coefficient__attr_""imag""__coeff_78",-15.381812544682074
01234,y,444,"y__fft_coefficient__attr_""imag""__coeff_79",-4.7890989763035705
01234,y,445,"y__fft_coefficient__attr_""imag""__coeff_80",13.135563646664794
01234,y,446,"y__fft_coefficient__attr_""imag""__coeff_81",-83.02363199714311
01234,y,447,"y__fft_coefficient__attr_""imag""__coeff_82",-36.63873262543747
01234,y,448,"y__fft_coefficient__attr_""imag""__coeff_83",3.4849783051788386
01234,y,449,"y__fft_coefficient__attr_""imag""__coeff_84",-36.07881736786729
01234,y,450,"y__fft_coefficient__attr_""imag""__coeff_85",41.3863336378151
01234,y,451,"y__fft_coefficient__attr_""imag""__coeff_86",49.464693973370714
01234,y,452,"y__fft_coefficient__attr_""imag""__coeff_87",55.151620488632936
01234,y,453,"y__fft_coefficient__attr_""imag""__coeff_88",2.7625305330726295
01234,y,454,"y__fft_coefficient__attr_""imag""__coeff_89",-30.65503340253725
01234,y,455,"y__fft_coefficient__attr_""imag""__coeff_90",-14.869126674305893
01234,y,456,"y__fft_coefficient__attr_""imag""__coeff_91",36.483775920068425
01234,y,457,"y__fft_coefficient__attr_""imag""__coeff_92",19.41786470850101
01234,y,458,"y__fft_coefficient__attr_""imag""__coeff_93",38.013126944316625
01234,y,459,"y__fft_coefficient__attr_""imag""__coeff_94",-19.75753833655847
01234,y,460,"y__fft_coefficient__attr_""imag""__coeff_95",6.947952944801045
01234,y,461,"y__fft_coefficient__attr_""imag""__coeff_96",12.956748066381062
01234,y,462,"y__fft_coefficient__attr_""imag""__coeff_97",-10.186255204172873
01234,y,463,"y__fft_coefficient__attr_""imag""__coeff_98",-20.195148192364705
01234,y,464,"y__fft_coefficient__attr_""imag""__coeff_99",-34.17065118329302
01234,y,465,"y__fft_coefficient__attr_""abs""__coeff_0",4912.787435834285
01234,y,466,"y__fft_coefficient__attr_""abs""__coeff_1",7881.363476688521
01234,y,467,"y__fft_coefficient__attr_""abs""__coeff_2",689.1670265946473
01234,y,468,"y__fft_coefficient__attr_""abs""__coeff_3",1387.9148260938875
01234,y,469,"y__fft_coefficient__attr_""abs""__coeff_4",856.5861542876869
01234,y,470,"y__fft_coefficient__attr_""abs""__coeff_5",244.87012996352385
01234,y,471,"y__fft_coefficient__attr_""abs""__coeff_6",668.3486542843629
01234,y,472,"y__fft_coefficient__attr_""abs""__coeff_7",463.57170653921867
01234,y,473,"y__fft_coefficient__attr_""abs""__coeff_8",291.05721119298664
01234,y,474,"y__fft_coefficient__attr_""abs""__coeff_9",284.7158576173608
01234,y,475,"y__fft_coefficient__attr_""abs""__coeff_10",195.87473084234784
01234,y,476,"y__fft_coefficient__attr_""abs""__coeff_11",88.3700183866759
01234,y,477,"y__fft_coefficient__attr_""abs""__coeff_12",313.12303045089305
01234,y,478,"y__fft_coefficient__attr_""abs""__coeff_13",121.65183792360443
01234,y,479,"y__fft_coefficient__attr_""abs""__coeff_14",97.823486370324
01234,y,480,"y__fft_coefficient__attr_""abs""__coeff_15",115.77050984294593
01234,y,481,"y__fft_coefficient__attr_""abs""__coeff_16",197.8367798251995
01234,y,482,"y__fft_coefficient__attr_""abs""__coeff_17",145.13914432336895
01234,y,483,"y__fft_coefficient__attr_""abs""__coeff_18",296.7530536068915
01234,y,484,"y__fft_coefficient__attr_""abs""__coeff_19",144.23108804856736
01234,y,485,"y__fft_coefficient__attr_""abs""__coeff_20",237.35273578012465
01234,y,486,"y__fft_coefficient__attr_""abs""__coeff_21",246.382599983865
01234,y,487,"y__fft_coefficient__attr_""abs""__coeff_22",72.67676122596062
01234,y,488,"y__fft_coefficient__attr_""abs""__coeff_23",300.1166895626205
01234,y,489,"y__fft_coefficient__attr_""abs""__coeff_24",100.99667830492342
01234,y,490,"y__fft_coefficient__attr_""abs""__coeff_25",282.422320737638
01234,y,491,"y__fft_coefficient__attr_""abs""__coeff_26",96.18063083314232
01234,y,492,"y__fft_coefficient__attr_""abs""__coeff_27",69.3899514787638
01234,y,493,"y__fft_coefficient__attr_""abs""__coeff_28",105.17163259797371
01234,y,494,"y__fft_coefficient__attr_""abs""__coeff_29",74.23283799618693
01234,y,495,"y__fft_coefficient__attr_""abs""__coeff_30",92.6560986371366
01234,y,496,"y__fft_coefficient__attr_""abs""__coeff_31",171.80511135057483
01234,y,497,"y__fft_coefficient__attr_""abs""__coeff_32",51.99178339657129
01234,y,498,"y__fft_coefficient__attr_""abs""__coeff_33",124.29858326034444
01234,y,499,"y__fft_coefficient__attr_""abs""__coeff_34",70.49784227590769
01234,y,500,"y__fft_coefficient__attr_""abs""__coeff_35",43.63836706369734
01234,y,501,"y__fft_coefficient__attr_""abs""__coeff_36",73.35327735528202
01234,y,502,"y__fft_coefficient__attr_""abs""__coeff_37",47.34655610624877
01234,y,503,"y__fft_coefficient__attr_""abs""__coeff_38",64.23984232183076
01234,y,504,"y__fft_coefficient__attr_""abs""__coeff_39",120.53213526402234
01234,y,505,"y__fft_coefficient__attr_""abs""__coeff_40",74.88035329654409
01234,y,506,"y__fft_coefficient__attr_""abs""__coeff_41",98.43228987323577
01234,y,507,"y__fft_coefficient__attr_""abs""__coeff_42",156.598570786392
01234,y,508,"y__fft_coefficient__attr_""abs""__coeff_43",95.9749852559248
01234,y,509,"y__fft_coefficient__attr_""abs""__coeff_44",97.20762118696358
01234,y,510,"y__fft_coefficient__attr_""abs""__coeff_45",87.06445294111543
01234,y,511,"y__fft_coefficient__attr_""abs""__coeff_46",19.745046833225537
01234,y,512,"y__fft_coefficient__attr_""abs""__coeff_47",85.36865064342908
01234,y,513,"y__fft_coefficient__attr_""abs""__coeff_48",141.1878709785002
01234,y,514,"y__fft_coefficient__attr_""abs""__coeff_49",61.450577444893355
01234,y,515,"y__fft_coefficient__attr_""abs""__coeff_50",3880.4265500623837
01234,y,516,"y__fft_coefficient__attr_""abs""__coeff_51",93.75179336068341
01234,y,517,"y__fft_coefficient__attr_""abs""__coeff_52",68.8462042315049
01234,y,518,"y__fft_coefficient__attr_""abs""__coeff_53",41.51771195495474
01234,y,519,"y__fft_coefficient__attr_""abs""__coeff_54",11.79806603803685
01234,y,520,"y__fft_coefficient__attr_""abs""__coeff_55",127.98524722983018
01234,y,521,"y__fft_coefficient__attr_""abs""__coeff_56",77.98121873528687
01234,y,522,"y__fft_coefficient__attr_""abs""__coeff_57",125.87483561089864
01234,y,523,"y__fft_coefficient__attr_""abs""__coeff_58",77.92118090278419
01234,y,524,"y__fft_coefficient__attr_""abs""__coeff_59",62.36369065913505
01234,y,525,"y__fft_coefficient__attr_""abs""__coeff_60",28.89127298251743
01234,y,526,"y__fft_coefficient__attr_""abs""__coeff_61",110.11677025260049
01234,y,527,"y__fft_coefficient__attr_""abs""__coeff_62",56.878767235442666
01234,y,528,"y__fft_coefficient__attr_""abs""__coeff_63",67.63158635704507
01234,y,529,"y__fft_coefficient__attr_""abs""__coeff_64",11.720091477335568
01234,y,530,"y__fft_coefficient__attr_""abs""__coeff_65",19.43244545759775
01234,y,531,"y__fft_coefficient__attr_""abs""__coeff_66",30.11236271949504
01234,y,532,"y__fft_coefficient__attr_""abs""__coeff_67",72.32474613232853
01234,y,533,"y__fft_coefficient__attr_""abs""__coeff_68",34.34799979317786
01234,y,534,"y__fft_coefficient__attr_""abs""__coeff_69",42.82786559107802
01234,y,535,"y__fft_coefficient__attr_""abs""__coeff_70",31.703022631470834
01234,y,536,"y__fft_coefficient__attr_""abs""__coeff_71",66.60860010016854
01234,y,537,"y__fft_coefficient__attr_""abs""__coeff_72",95.22071842852337
01234,y,538,"y__fft_coefficient__attr_""abs""__coeff_73",53.86003291748214
01234,y,539,"y__fft_coefficient__attr_""abs""__coeff_74",100.2035169886781
01234,y,540,"y__fft_coefficient__attr_""abs""__coeff_75",29.24577866139913
01234,y,541,"y__fft_coefficient__attr_""abs""__coeff_76",94.70389304713692
01234,y,542,"y__fft_coefficient__attr_""abs""__coeff_77",98.9261749586466
01234,y,543,"y__fft_coefficient__attr_""abs""__coeff_78",16.02191221069769
01234,y,544,"y__fft_coefficient__attr_""abs""__coeff_79",81.29483580100691
01234,y,545,"y__fft_coefficient__attr_""abs""__coeff_80",38.986770833842485
01234,y,546,"y__fft_coefficient__attr_""abs""__coeff_81",84.94517870519577
01234,y,547,"y__fft_coefficient__attr_""abs""__coeff_82",50.86685769695605
01234,y,548,"y__fft_coefficient__attr_""abs""__coeff_83",27.51808159190048
01234,y,549,"y__fft_coefficient__attr_""abs""__coeff_84",46.96573332358233
01234,y,550,"y__fft_coefficient__attr_""abs""__coeff_85",58.45821421111993
01234,y,551,"y__fft_coefficient__attr_""abs""__coeff_86",49.474085263780694
01234,y,552,"y__fft_coefficient__attr_""abs""__coeff_87",70.27067518927134
01234,y,553,"y__fft_coefficient__attr_""abs""__coeff_88",31.63002713006986
01234,y,554,"y__fft_coefficient__attr_""abs""__coeff_89",30.971165819657124
01234,y,555,"y__fft_coefficient__attr_""abs""__coeff_90",41.18466725349873
01234,y,556,"y__fft_coefficient__attr_""abs""__coeff_91",53.12622741966182
01234,y,557,"y__fft_coefficient__attr_""abs""__coeff_92",31.755032413902136
01234,y,558,"y__fft_coefficient__attr_""abs""__coeff_93",38.87204953337478
01234,y,559,"y__fft_coefficient__attr_""abs""__coeff_94",31.800971166543736
01234,y,560,"y__fft_coefficient__attr_""abs""__coeff_95",19.151170206630848
01234,y,561,"y__fft_coefficient__attr_""abs""__coeff_96",37.53292735079901
01234,y,562,"y__fft_coefficient__attr_""abs""__coeff_97",17.03963218786016
01234,y,563,"y__fft_coefficient__attr_""abs""__coeff_98",48.89749306461928
01234,y,564,"y__fft_coefficient__attr_""abs""__coeff_99",34.297500285966514
01234,y,565,"y__fft_coefficient__attr_""angle""__coeff_0",180.0
01234,y,566,"y__fft_coefficient__attr_""angle""__coeff_1",74.76814975516497
01234,y,567,"y__fft_coefficient__attr_""angle""__coeff_2",-163.38494770361248
01234,y,568,"y__fft_coefficient__attr_""angle""__coeff_3",50.00304405922264
01234,y,569,"y__fft_coefficient__attr_""angle""__coeff_4",173.503146383177
01234,y,570,"y__fft_coefficient__attr_""angle""__coeff_5",113.12931928241385
01234,y,571,"y__fft_coefficient__attr_""angle""__coeff_6",145.6117469623549
01234,y,572,"y__fft_coefficient__attr_""angle""__coeff_7",134.06365801273157
01234,y,573,"y__fft_coefficient__attr_""angle""__coeff_8",102.38432436807001
01234,y,574,"y__fft_coefficient__attr_""angle""__coeff_9",99.18045543213438
01234,y,575,"y__fft_coefficient__attr_""angle""__coeff_10",-52.48276821541367
01234,y,576,"y__fft_coefficient__attr_""angle""__coeff_11",50.64432730525989
01234,y,577,"y__fft_coefficient__attr_""angle""__coeff_12",-105.22015971861195
01234,y,578,"y__fft_coefficient__attr_""angle""__coeff_13",162.15526340167116
01234,y,579,"y__fft_coefficient__attr_""angle""__coeff_14",-153.49586950740832
01234,y,580,"y__fft_coefficient__attr_""angle""__coeff_15",94.06186368336319
01234,y,581,"y__fft_coefficient__attr_""angle""__coeff_16",9.043658911968247
01234,y,582,"y__fft_coefficient__attr_""angle""__coeff_17",55.01620495569424
01234,y,583,"y__fft_coefficient__attr_""angle""__coeff_18",-35.5054407660789
01234,y,584,"y__fft_coefficient__attr_""angle""__coeff_19",50.63224095766959
01234,y,585,"y__fft_coefficient__attr_""angle""__coeff_20",-77.97942827313007
01234,y,586,"y__fft_coefficient__attr_""angle""__coeff_21",53.45760653414663
01234,y,587,"y__fft_coefficient__attr_""angle""__coeff_22",179.30873190896213
01234,y,588,"y__fft_coefficient__attr_""angle""__coeff_23",32.10841198278078
01234,y,589,"y__fft_coefficient__attr_""angle""__coeff_24",81.44342556687745
01234,y,590,"y__fft_coefficient__attr_""angle""__coeff_25",8.237580258503666
01234,y,591,"y__fft_coefficient__attr_""angle""__coeff_26",75.9772417066145
01234,y,592,"y__fft_coefficient__attr_""angle""__coeff_27",-21.461297700171848
01234,y,593,"y__fft_coefficient__attr_""angle""__coeff_28",39.64263269868925
01234,y,594,"y__fft_coefficient__attr_""angle""__coeff_29",116.45866733888157
01234,y,595,"y__fft_coefficient__attr_""angle""__coeff_30",61.74162428167338
01234,y,596,"y__fft_coefficient__attr_""angle""__coeff_31",98.32452259158495
01234,y,597,"y__fft_coefficient__attr_""angle""__coeff_32",17.798902740323484
01234,y,598,"y__fft_coefficient__attr_""angle""__coeff_33",56.65891894185105
01234,y,599,"y__fft_coefficient__attr_""angle""__coeff_34",-77.8872391914732
01234,y,600,"y__fft_coefficient__attr_""angle""__coeff_35",-156.2623535973198
01234,y,601,"y__fft_coefficient__attr_""angle""__coeff_36",-114.82958866521902
01234,y,602,"y__fft_coefficient__attr_""angle""__coeff_37",130.28864288980265
01234,y,603,"y__fft_coefficient__attr_""angle""__coeff_38",145.21882277751092
01234,y,604,"y__fft_coefficient__attr_""angle""__coeff_39",72.93232081262104
01234,y,605,"y__fft_coefficient__attr_""angle""__coeff_40",-80.67489421517107
01234,y,606,"y__fft_coefficient__attr_""angle""__coeff_41",-6.1860302851803795
01234,y,607,"y__fft_coefficient__attr_""angle""__coeff_42",-94.18451649317473
01234,y,608,"y__fft_coefficient__attr_""angle""__coeff_43",-10.600377990685729
01234,y,609,"y__fft_coefficient__attr_""angle""__coeff_44",-124.11841061061575
01234,y,610,"y__fft_coefficient__attr_""angle""__coeff_45",-6.036831731265569
01234,y,611,"y__fft_coefficient__attr_""angle""__coeff_46",114.84795557640614
01234,y,612,"y__fft_coefficient__attr_""angle""__coeff_47",-25.587255543917923
01234,y,613,"y__fft_coefficient__attr_""angle""__coeff_48",8.840585976016852
01234,y,614,"y__fft_coefficient__attr_""angle""__coeff_49",-28.522105618672327
01234,y,615,"y__fft_coefficient__attr_""angle""__coeff_50",-87.69147514041228
01234,y,616,"y__fft_coefficient__attr_""angle""__coeff_51",22.97111746076063
01234,y,617,"y__fft_coefficient__attr_""angle""__coeff_52",-65.66424706812387
01234,y,618,"y__fft_coefficient__attr_""angle""__coeff_53",35.9139028343398
01234,y,619,"y__fft_coefficient__attr_""angle""__coeff_54",68.54592522214638
01234,y,620,"y__fft_coefficient__attr_""angle""__coeff_55",20.63136421967401
01234,y,621,"y__fft_coefficient__attr_""angle""__coeff_56",29.581006429792737
01234,y,622,"y__fft_coefficient__attr_""angle""__coeff_57",17.079608657836786
01234,y,623,"y__fft_coefficient__attr_""angle""__coeff_58",-109.76266809877362
01234,y,624,"y__fft_coefficient__attr_""angle""__coeff_59",33.85708002846422
01234,y,625,"y__fft_coefficient__attr_""angle""__coeff_60",151.51344911963807
01234,y,626,"y__fft_coefficient__attr_""angle""__coeff_61",53.19577549916517
01234,y,627,"y__fft_coefficient__attr_""angle""__coeff_62",-175.479288270281
01234,y,628,"y__fft_coefficient__attr_""angle""__coeff_63",40.315275566278494
01234,y,629,"y__fft_coefficient__attr_""angle""__coeff_64",66.29728334793273
01234,y,630,"y__fft_coefficient__attr_""angle""__coeff_65",87.28991040926674
01234,y,631,"y__fft_coefficient__attr_""angle""__coeff_66",-118.40824637116546
01234,y,632,"y__fft_coefficient__attr_""angle""__coeff_67",-97.60237335550796
01234,y,633,"y__fft_coefficient__attr_""angle""__coeff_68",61.581897478708015
01234,y,634,"y__fft_coefficient__attr_""angle""__coeff_69",-171.58988664101363
01234,y,635,"y__fft_coefficient__attr_""angle""__coeff_70",28.204989571691247
01234,y,636,"y__fft_coefficient__attr_""angle""__coeff_71",72.9657622628138
01234,y,637,"y__fft_coefficient__attr_""angle""__coeff_72",-58.47448324850369
01234,y,638,"y__fft_coefficient__attr_""angle""__coeff_73",-36.01965054368422
01234,y,639,"y__fft_coefficient__attr_""angle""__coeff_74",-112.44168400511963
01234,y,640,"y__fft_coefficient__attr_""angle""__coeff_75",-12.97921707878495
01234,y,641,"y__fft_coefficient__attr_""angle""__coeff_76",-99.6220493666847
01234,y,642,"y__fft_coefficient__attr_""angle""__coeff_77",17.278969916793862
01234,y,643,"y__fft_coefficient__attr_""angle""__coeff_78",-106.25028038329165
01234,y,644,"y__fft_coefficient__attr_""angle""__coeff_79",-3.3772639508051037
01234,y,645,"y__fft_coefficient__attr_""angle""__coeff_80",19.689554321173485
01234,y,646,"y__fft_coefficient__attr_""angle""__coeff_81",-77.78999520582445
01234,y,647,"y__fft_coefficient__attr_""angle""__coeff_82",-46.078174758334335
01234,y,648,"y__fft_coefficient__attr_""angle""__coeff_83",7.275659247999144
01234,y,649,"y__fft_coefficient__attr_""angle""__coeff_84",-129.80796903300103
01234,y,650,"y__fft_coefficient__attr_""angle""__coeff_85",45.069532484278234
01234,y,651,"y__fft_coefficient__attr_""angle""__coeff_86",88.88360405830738
01234,y,652,"y__fft_coefficient__attr_""angle""__coeff_87",51.706387586083586
01234,y,653,"y__fft_coefficient__attr_""angle""__coeff_88",5.010532047182593
01234,y,654,"y__fft_coefficient__attr_""angle""__coeff_89",-81.80661282473027
01234,y,655,"y__fft_coefficient__attr_""angle""__coeff_90",-21.163802856355883
01234,y,656,"y__fft_coefficient__attr_""angle""__coeff_91",136.62758973239167
01234,y,657,"y__fft_coefficient__attr_""angle""__coeff_92",142.3027279333759
01234,y,658,"y__fft_coefficient__attr_""angle""__coeff_93",77.93301234495753
01234,y,659,"y__fft_coefficient__attr_""angle""__coeff_94",-141.589801708108
01234,y,660,"y__fft_coefficient__attr_""angle""__coeff_95",21.271959407247103
01234,y,661,"y__fft_coefficient__attr_""angle""__coeff_96",159.80537441919915
01234,y,662,"y__fft_coefficient__attr_""angle""__coeff_97",-36.71234135623231
01234,y,663,"y__fft_coefficient__attr_""angle""__coeff_98",-155.60594789603397
01234,y,664,"y__fft_coefficient__attr_""angle""__coeff_99",-94.92928625711654
01234,y,665,"y__fft_aggregated__aggtype_""centroid""",932.4362590560944
01234,y,666,"y__fft_aggregated__aggtype_""variance""",667185.078634852
01234,y,667,"y__fft_aggregated__aggtype_""skew""",0.3579298916833629
01234,y,668,"y__fft_aggregated__aggtype_""kurtosis""",6.82853949548726
01234,y,669,y__value_count__value_0,0.0
01234,y,670,y__value_count__value_1,0.0
01234,y,671,y__value_count__value_-1,0.0
01234,y,672,y__range_count__max_1__min_-1,1105.0
01234,y,673,y__range_count__max_0__min_-1000000000000.0,2944.0
01234,y,674,y__range_count__max_1000000000000.0__min_0,2056.0
01234,y,675,y__approximate_entropy__m_2__r_0.1,0.319317840349429
01234,y,676,y__approximate_entropy__m_2__r_0.3,0.1600060942609407
01234,y,677,y__approximate_entropy__m_2__r_0.5,0.11730737635443544
01234,y,678,y__approximate_entropy__m_2__r_0.7,0.09867740878364883
01234,y,679,y__approximate_entropy__m_2__r_0.9,0.0728829876847421
01234,y,680,y__friedrich_coefficients__coeff_0__m_3__r_30,-0.0025893638600603228
01234,y,681,y__friedrich_coefficients__coeff_1__m_3__r_30,-0.0017161421220060029
01234,y,682,y__friedrich_coefficients__coeff_2__m_3__r_30,-0.0035702916740288
01234,y,683,y__friedrich_coefficients__coeff_3__m_3__r_30,-0.04159251966230064
01234,y,684,y__max_langevin_fixed_point__m_3__r_30,0.9514248434460072
01234,y,685,"y__linear_trend__attr_""pvalue""",0.0
01234,y,686,"y__linear_trend__attr_""rvalue""",0.6761549645754452
01234,y,687,"y__linear_trend__attr_""intercept""",-4.04600614765653
01234,y,688,"y__linear_trend__attr_""slope""",0.0012256245891136919
01234,y,689,"y__linear_trend__attr_""stderr""",1.889029778194088e-05
01234,y,690,"y__agg_linear_trend__attr_""rvalue""__chunk_len_5__f_agg_""max""",0.6475591007693297
01234,y,691,"y__agg_linear_trend__attr_""rvalue""__chunk_len_5__f_agg_""min""",0.6549875249438261
01234,y,692,"y__agg_linear_trend__attr_""rvalue""__chunk_len_5__f_agg_""mean""",0.6874689300288167
01234,y,693,"y__agg_linear_trend__attr_""rvalue""__chunk_len_5__f_agg_""var""",-0.0003938840589473664
01234,y,694,"y__agg_linear_trend__attr_""rvalue""__chunk_len_10__f_agg_""max""",0.6166780985389156
01234,y,695,"y__agg_linear_trend__attr_""rvalue""__chunk_len_10__f_agg_""min""",0.6271652367177025
01234,y,696,"y__agg_linear_trend__attr_""rvalue""__chunk_len_10__f_agg_""mean""",0.690291028236318
01234,y,697,"y__agg_linear_trend__attr_""rvalue""__chunk_len_10__f_agg_""var""",0.004277259366670934
01234,y,698,"y__agg_linear_trend__attr_""rvalue""__chunk_len_50__f_agg_""max""",0.4434928822834592
01234,y,699,"y__agg_linear_trend__attr_""rvalue""__chunk_len_50__f_agg_""min""",0.4945025602939135
01234,y,700,"y__agg_linear_trend__attr_""rvalue""__chunk_len_50__f_agg_""mean""",0.7023229319835709
01234,y,701,"y__agg_linear_trend__attr_""rvalue""__chunk_len_50__f_agg_""var""",-0.016390466803072254
01234,y,702,"y__agg_linear_trend__attr_""intercept""__chunk_len_5__f_agg_""max""",-3.6227366086162367
01234,y,703,"y__agg_linear_trend__attr_""intercept""__chunk_len_5__f_agg_""min""",-4.235705694427062
01234,y,704,"y__agg_linear_trend__attr_""intercept""__chunk_len_5__f_agg_""mean""",-4.043543319195733
01234,y,705,"y__agg_linear_trend__attr_""intercept""__chunk_len_5__f_agg_""var""",0.2241383196555883
01234,y,706,"y__agg_linear_trend__attr_""intercept""__chunk_len_10__f_agg_""max""",-3.1774890943329357
01234,y,707,"y__agg_linear_trend__attr_""intercept""__chunk_len_10__f_agg_""min""",-4.362274488731977
01234,y,708,"y__agg_linear_trend__attr_""intercept""__chunk_len_10__f_agg_""mean""",-4.040496451853372
01234,y,709,"y__agg_linear_trend__attr_""intercept""__chunk_len_10__f_agg_""var""",0.2720279286772568
01234,y,710,"y__agg_linear_trend__attr_""intercept""__chunk_len_50__f_agg_""max""",-0.8681040918086345
01234,y,711,"y__agg_linear_trend__attr_""intercept""__chunk_len_50__f_agg_""min""",-4.7171329872026835
01234,y,712,"y__agg_linear_trend__attr_""intercept""__chunk_len_50__f_agg_""mean""",-4.016143090240612
01234,y,713,"y__agg_linear_trend__attr_""intercept""__chunk_len_50__f_agg_""var""",0.510898598934138
01234,y,714,"y__agg_linear_trend__attr_""slope""__chunk_len_5__f_agg_""max""",0.005860802328062686
01234,y,715,"y__agg_linear_trend__attr_""slope""__chunk_len_5__f_agg_""min""",0.005986040995332654
01234,y,716,"y__agg_linear_trend__attr_""slope""__chunk_len_5__f_agg_""mean""",0.0061280997638215725
01234,y,717,"y__agg_linear_trend__attr_""slope""__chunk_len_5__f_agg_""var""",-1.2607360346964685e-06
01234,y,718,"y__agg_linear_trend__attr_""slope""__chunk_len_10__f_agg_""max""",0.011060369531591589
01234,y,719,"y__agg_linear_trend__attr_""slope""__chunk_len_10__f_agg_""min""",0.01147723575551182
01234,y,720,"y__agg_linear_trend__attr_""slope""__chunk_len_10__f_agg_""mean""",0.012256268395537132
01234,y,721,"y__agg_linear_trend__attr_""slope""__chunk_len_10__f_agg_""var""",2.1874963062764696e-05
01234,y,722,"y__agg_linear_trend__attr_""slope""__chunk_len_50__f_agg_""max""",0.034470622910959314
01234,y,723,"y__agg_linear_trend__attr_""slope""__chunk_len_50__f_agg_""min""",0.04286063623484473
01234,y,724,"y__agg_linear_trend__attr_""slope""__chunk_len_50__f_agg_""mean""",0.061284557637853634
01234,y,725,"y__agg_linear_trend__attr_""slope""__chunk_len_50__f_agg_""var""",-0.00020947704400974535
01234,y,726,"y__agg_linear_trend__attr_""stderr""__chunk_len_5__f_agg_""max""",0.00021831121335428403
01234,y,727,"y__agg_linear_trend__attr_""stderr""__chunk_len_5__f_agg_""min""",0.0002186030159209247
01234,y,728,"y__agg_linear_trend__attr_""stderr""__chunk_len_5__f_agg_""mean""",0.00020491416143414182
01234,y,729,"y__agg_linear_trend__attr_""stderr""__chunk_len_5__f_agg_""var""",0.00010131889791525563
01234,y,730,"y__agg_linear_trend__attr_""stderr""__chunk_len_10__f_agg_""max""",0.0006326886382146132
01234,y,731,"y__agg_linear_trend__attr_""stderr""__chunk_len_10__f_agg_""min""",0.0006387261278415803
01234,y,732,"y__agg_linear_trend__attr_""stderr""__chunk_len_10__f_agg_""mean""",0.0005756639043952381
01234,y,733,"y__agg_linear_trend__attr_""stderr""__chunk_len_10__f_agg_""var""",0.00022917281440181083
01234,y,734,"y__agg_linear_trend__attr_""stderr""__chunk_len_50__f_agg_""max""",0.007037074106994673
01234,y,735,"y__agg_linear_trend__attr_""stderr""__chunk_len_50__f_agg_""min""",0.007610003263521704
01234,y,736,"y__agg_linear_trend__attr_""stderr""__chunk_len_50__f_agg_""mean""",0.006274726969411709
01234,y,737,"y__agg_linear_trend__attr_""stderr""__chunk_len_50__f_agg_""var""",0.0012908439171569707
01234,y,738,"y__augmented_dickey_fuller__attr_""teststat""__autolag_""AIC""",-4.764925865533994
01234,y,739,"y__augmented_dickey_fuller__attr_""pvalue""__autolag_""AIC""",6.344135445668069e-05
01234,y,740,"y__augmented_dickey_fuller__attr_""usedlag""__autolag_""AIC""",32.0
01234,y,741,y__number_crossing_m__m_0,99.0
01234,y,742,y__number_crossing_m__m_-1,132.0
01234,y,743,y__number_crossing_m__m_1,102.0
01234,y,744,y__energy_ratio_by_chunks__num_segments_10__segment_focus_0,0.056509443359642246
01234,y,745,y__energy_ratio_by_chunks__num_segments_10__segment_focus_1,0.14622534497781683
01234,y,746,y__energy_ratio_by_chunks__num_segments_10__segment_focus_2,0.1782973966733865
01234,y,747,y__energy_ratio_by_chunks__num_segments_10__segment_focus_3,0.17901018939835034
01234,y,748,y__energy_ratio_by_chunks__num_segments_10__segment_focus_4,0.17856633379605638
01234,y,749,y__energy_ratio_by_chunks__num_segments_10__segment_focus_5,0.03771027982427916
01234,y,750,y__energy_ratio_by_chunks__num_segments_10__segment_focus_6,0.06182461669012792
01234,y,751,y__energy_ratio_by_chunks__num_segments_10__segment_focus_7,0.05817274850980556
01234,y,752,y__energy_ratio_by_chunks__num_segments_10__segment_focus_8,0.05656977340858913
01234,y,753,y__energy_ratio_by_chunks__num_segments_10__segment_focus_9,0.047113873361946085
01234,y,754,y__ratio_beyond_r_sigma__r_0.5,0.7606
01234,y,755,y__ratio_beyond_r_sigma__r_1,0.3914
01234,y,756,y__ratio_beyond_r_sigma__r_1.5,0.155
01234,y,757,y__ratio_beyond_r_sigma__r_2,0.0
01234,y,758,y__ratio_beyond_r_sigma__r_2.5,0.0
01234,y,759,y__ratio_beyond_r_sigma__r_3,0.0
01234,y,760,y__ratio_beyond_r_sigma__r_5,0.0
01234,y,761,y__ratio_beyond_r_sigma__r_6,0.0
01234,y,762,y__ratio_beyond_r_sigma__r_7,0.0
01234,y,763,y__ratio_beyond_r_sigma__r_10,0.0
01234,y,764,y__count_above__t_0,0.4112
01234,y,765,y__count_below__t_0,0.5888
01234,y,766,y__lempel_ziv_complexity__bins_2,0.0404
01234,y,767,y__lempel_ziv_complexity__bins_3,0.0572
01234,y,768,y__lempel_ziv_complexity__bins_5,0.0686
01234,y,769,y__lempel_ziv_complexity__bins_10,0.11
01234,y,770,y__lempel_ziv_complexity__bins_100,0.3344
01234,y,771,y__fourier_entropy__bins_2,0.07998252574647073
01234,y,772,y__fourier_entropy__bins_3,0.07998252574647073
01234,y,773,y__fourier_entropy__bins_5,0.07998252574647073
01234,y,774,y__fourier_entropy__bins_10,0.09072899366212879
01234,y,775,y__fourier_entropy__bins_100,0.22636345757853585
01234,y,776,y__permutation_entropy__dimension_3__tau_1,1.437335651242043
01234,y,777,y__permutation_entropy__dimension_4__tau_1,2.135123647578122
01234,y,778,y__permutation_entropy__dimension_5__tau_1,2.8203254984013446
01234,y,779,y__permutation_entropy__dimension_6__tau_1,3.445029766733203
01234,y,780,y__permutation_entropy__dimension_7__tau_1,3.945341554626422
01234,y,781,y__query_similarity_count__query_None__threshold_0.0,
01234,y,782,y__mean_n_absolute_max__number_of_maxima_7,5.176963870820271
1,y,0,y__variance_larger_than_standard_deviation,1.0
1,y,1,y__has_duplicate_max,0.0
1,y,2,y__has_duplicate_min,0.0
1,y,3,y__has_duplicate,0.0
1,y,4,y__sum_values,-4.959885270985652
1,y,5,y__abs_energy,5443.182059619069
1,y,6,y__mean_abs_change,0.10731350290944468
1,y,7,y__mean_change,-1.5134318138429928e-05
1,y,8,y__mean_second_derivative_central,1.0146495424221691e-05
1,y,9,y__median,-0.002955316083659511
1,y,10,y__mean,-0.0009919770541971303
1,y,11,y__length,5000.0
1,y,12,y__standard_deviation,1.043376934719825
1,y,13,y__variation_coefficient,-1051.8155942269207
1,y,14,y__variance,1.0886354279053378
1,y,15,y__skewness,0.0021911715590121157
1,y,16,y__kurtosis,-1.450613946737693
1,y,17,y__root_mean_square,1.0433774062743615
1,y,18,y__absolute_sum_of_changes,536.460201044314
1,y,19,y__longest_strike_below_mean,51.0
1,y,20,y__longest_strike_above_mean,51.0
1,y,21,y__count_above_mean,2498.0
1,y,22,y__count_below_mean,2502.0
1,y,23,y__last_location_of_maximum,0.04520000000000002
1,y,24,y__first_location_of_maximum,0.045
1,y,25,y__last_location_of_minimum,0.19540000000000002
1,y,26,y__first_location_of_minimum,0.1952
1,y,27,y__percentage_of_reoccurring_values_to_all_values,0.0
1,y,28,y__percentage_of_reoccurring_datapoints_to_all_datapoints,0.0
1,y,29,y__sum_of_reoccurring_values,0.0
1,y,30,y__sum_of_reoccurring_data_points,0.0
1,y,31,y__ratio_value_number_to_time_series_length,1.0
1,y,32,y__sample_entropy,0.26488565107618817
1,y,33,y__maximum,1.573481059471842
1,y,34,y__absolute_maximum,1.576963870820271
1,y,35,y__minimum,-1.576963870820271
1,y,36,y__benford_correlation,0.8604966793893624
1,y,37,y__time_reversal_asymmetry_statistic__lag_1,-0.00017261161601572915
1,y,38,y__time_reversal_asymmetry_statistic__lag_2,4.09000408060604e-05
1,y,39,y__time_reversal_asymmetry_statistic__lag_3,-0.0003528931560216572
1,y,40,y__c3__lag_1,-0.001648165031805541
1,y,41,y__c3__lag_2,-0.0003261735152155863
1,y,42,y__c3__lag_3,-0.0024093731836617458
1,y,43,y__cid_ce__normalize_True,14.69637450416086
1,y,44,y__cid_ce__normalize_False,15.333858181645946
1,y,45,y__symmetry_looking__r_0.0,0.0
1,y,46,y__symmetry_looking__r_0.05,1.0
1,y,47,y__symmetry_looking__r_0.1,1.0
1,y,48,y__symmetry_looking__r_0.15000000000000002,1.0
1,y,49,y__symmetry_looking__r_0.2,1.0
1,y,50,y__symmetry_looking__r_0.25,1.0
1,y,51,y__symmetry_looking__r_0.30000000000000004,1.0
1,y,52,y__symmetry_looking__r_0.35000000000000003,1.0
1,y,53,y__symmetry_looking__r_0.4,1.0
1,y,54,y__symmetry_looking__r_0.45,1.0
1,y,55,y__symmetry_looking__r_0.5,1.0
1,y,56,y__symmetry_looking__r_0.55,1.0
1,y,57,y__symmetry_looking__r_0.6000000000000001,1.0
1,y,58,y__symmetry_looking__r_0.65,1.0
1,y,59,y__symmetry_looking__r_0.7000000000000001,1.0
1,y,60,y__symmetry_looking__r_0.75,1.0
1,y,61,y__symmetry_looking__r_0.8,1.0
1,y,62,y__symmetry_looking__r_0.8500000000000001,1.0
1,y,63,y__symmetry_looking__r_0.9,1.0
1,y,64,y__symmetry_looking__r_0.9500000000000001,1.0
1,y,65,y__large_standard_deviation__r_0.05,1.0
1,y,66,y__large_standard_deviation__r_0.1,1.0
1,y,67,y__large_standard_deviation__r_0.15000000000000002,1.0
1,y,68,y__large_standard_deviation__r_0.2,1.0
1,y,69,y__large_standard_deviation__r_0.25,1.0
1,y,70,y__large_standard_deviation__r_0.30000000000000004,1.0
1,y,71,y__large_standard_deviation__r_0.35000000000000003,0.0
1,y,72,y__large_standard_deviation__r_0.4,0.0
1,y,73,y__large_standard_deviation__r_0.45,0.0
1,y,74,y__large_standard_deviation__r_0.5,0.0
1,y,75,y__large_standard_deviation__r_0.55,0.0
1,y,76,y__large_standard_deviation__r_0.6000000000000001,0.0
1,y,77,y__large_standard_deviation__r_0.65,0.0
1,y,78,y__large_standard_deviation__r_0.7000000000000001,0.0
1,y,79,y__large_standard_deviation__r_0.75,0.0
1,y,80,y__large_standard_deviation__r_0.8,0.0
1,y,81,y__large_standard_deviation__r_0.8500000000000001,0.0
1,y,82,y__large_standard_deviation__r_0.9,0.0
1,y,83,y__large_standard_deviation__r_0.9500000000000001,0.0
1,y,84,y__quantile__q_0.1,-1.4187649581939148
1,y,85,y__quantile__q_0.2,-1.1962003352480548
1,y,86,y__quantile__q_0.3,-0.8399158623166824
1,y,87,y__quantile__q_0.4,-0.43244936732823575
1,y,88,y__quantile__q_0.6,0.422527511269984
1,y,89,y__quantile__q_0.7,0.8360912305716188
1,y,90,y__quantile__q_0.8,1.1895295589727177
1,y,91,y__quantile__q_0.9,1.4187233481861845
1,y,92,y__autocorrelation__lag_0,1.0
1,y,93,y__autocorrelation__lag_1,0.9785970881773645
1,y,94,y__autocorrelation__lag_2,0.9728893166283364
1,y,95,y__autocorrelation__lag_3,0.9631482155533346
1,y,96,y__autocorrelation__lag_4,0.9504788232615659
1,y,97,y__autocorrelation__lag_5,0.9330196060056074
1,y,98,y__autocorrelation__lag_6,0.9122917251081767
1,y,99,y__autocorrelation__lag_7,0.8879780680099211
1,y,100,y__autocorrelation__lag_8,0.860511124234396
1,y,101,y__autocorrelation__lag_9,0.8286415121139068
1,y,102,"y__agg_autocorrelation__f_agg_""mean""__maxlag_40",0.20934913628457705
1,y,103,"y__agg_autocorrelation__f_agg_""median""__maxlag_40",0.27627196344007343
1,y,104,"y__agg_autocorrelation__f_agg_""var""__maxlag_40",0.34188925329063713
1,y,105,y__partial_autocorrelation__lag_0,1.0
1,y,106,y__partial_autocorrelation__lag_1,0.9785970881773647
1,y,107,y__partial_autocorrelation__lag_2,0.3598080085276756
1,y,108,y__partial_autocorrelation__lag_3,0.041657029625554995
1,y,109,y__partial_autocorrelation__lag_4,-0.10641920669092422
1,y,110,y__partial_autocorrelation__lag_5,-0.21238486602715712
1,y,111,y__partial_autocorrelation__lag_6,-0.2304488019628653
1,y,112,y__partial_autocorrelation__lag_7,-0.22644796473776602
1,y,113,y__partial_autocorrelation__lag_8,-0.20491579223781034
1,y,114,y__partial_autocorrelation__lag_9,-0.22196070053997133
1,y,115,y__number_cwt_peaks__n_1,331.0
1,y,116,y__number_cwt_peaks__n_5,237.0
1,y,117,y__number_peaks__n_1,696.0
1,y,118,y__number_peaks__n_3,131.0
1,y,119,y__number_peaks__n_5,90.0
1,y,120,y__number_peaks__n_10,77.0
1,y,121,y__number_peaks__n_50,49.0
1,y,122,y__binned_entropy__max_bins_10,2.236126068271776
1,y,123,y__index_mass_quantile__q_0.1,0.1018
1,y,124,y__index_mass_quantile__q_0.2,0.2016
1,y,125,y__index_mass_quantile__q_0.3,0.3026
1,y,126,y__index_mass_quantile__q_0.4,0.403
1,y,127,y__index_mass_quantile__q_0.6,0.602
1,y,128,y__index_mass_quantile__q_0.7,0.7026
1,y,129,y__index_mass_quantile__q_0.8,0.8024
1,y,130,y__index_mass_quantile__q_0.9,0.9014
1,y,131,"y__cwt_coefficients__coeff_0__w_2__widths_(2, 5, 10, 20)",-0.19003163488062202
1,y,132,"y__cwt_coefficients__coeff_0__w_5__widths_(2, 5, 10, 20)",-0.8277225752663705
1,y,133,"y__cwt_coefficients__coeff_0__w_10__widths_(2, 5, 10, 20)",-1.72657853188148
1,y,134,"y__cwt_coefficients__coeff_0__w_20__widths_(2, 5, 10, 20)",-0.39095131436390457
1,y,135,"y__cwt_coefficients__coeff_1__w_2__widths_(2, 5, 10, 20)",-0.20074797922429186
1,y,136,"y__cwt_coefficients__coeff_1__w_5__widths_(2, 5, 10, 20)",-0.8098689491949603
1,y,137,"y__cwt_coefficients__coeff_1__w_10__widths_(2, 5, 10, 20)",-1.6159418116728277
1,y,138,"y__cwt_coefficients__coeff_1__w_20__widths_(2, 5, 10, 20)",-0.06324938626619872
1,y,139,"y__cwt_coefficients__coeff_2__w_2__widths_(2, 5, 10, 20)",-0.17617803039766475
1,y,140,"y__cwt_coefficients__coeff_2__w_5__widths_(2, 5, 10, 20)",-0.7551753914807565
1,y,141,"y__cwt_coefficients__coeff_2__w_10__widths_(2, 5, 10, 20)",-1.4828154749118925
1,y,142,"y__cwt_coefficients__coeff_2__w_20__widths_(2, 5, 10, 20)",0.2833735868633033
1,y,143,"y__cwt_coefficients__coeff_3__w_2__widths_(2, 5, 10, 20)",-0.12496984664817701
1,y,144,"y__cwt_coefficients__coeff_3__w_5__widths_(2, 5, 10, 20)",-0.6607601377767445
1,y,145,"y__cwt_coefficients__coeff_3__w_10__widths_(2, 5, 10, 20)",-1.305312325377333
1,y,146,"y__cwt_coefficients__coeff_3__w_20__widths_(2, 5, 10, 20)",0.63952931606704
1,y,147,"y__cwt_coefficients__coeff_4__w_2__widths_(2, 5, 10, 20)",-0.06732456473037367
1,y,148,"y__cwt_coefficients__coeff_4__w_5__widths_(2, 5, 10, 20)",-0.5447384743866288
1,y,149,"y__cwt_coefficients__coeff_4__w_10__widths_(2, 5, 10, 20)",-1.1101941531135144
1,y,150,"y__cwt_coefficients__coeff_4__w_20__widths_(2, 5, 10, 20)",1.0129666530076185
1,y,151,"y__cwt_coefficients__coeff_5__w_2__widths_(2, 5, 10, 20)",-0.01878195608334703
1,y,152,"y__cwt_coefficients__coeff_5__w_5__widths_(2, 5, 10, 20)",-0.4044525783634399
1,y,153,"y__cwt_coefficients__coeff_5__w_10__widths_(2, 5, 10, 20)",-0.8836453056439797
1,y,154,"y__cwt_coefficients__coeff_5__w_20__widths_(2, 5, 10, 20)",1.413959529921453
1,y,155,"y__cwt_coefficients__coeff_6__w_2__widths_(2, 5, 10, 20)",0.01722066254409356
1,y,156,"y__cwt_coefficients__coeff_6__w_5__widths_(2, 5, 10, 20)",-0.2592081981564961
1,y,157,"y__cwt_coefficients__coeff_6__w_10__widths_(2, 5, 10, 20)",-0.6234923236266713
1,y,158,"y__cwt_coefficients__coeff_6__w_20__widths_(2, 5, 10, 20)",1.7957994185629897
1,y,159,"y__cwt_coefficients__coeff_7__w_2__widths_(2, 5, 10, 20)",0.04225060008646886
1,y,160,"y__cwt_coefficients__coeff_7__w_5__widths_(2, 5, 10, 20)",-0.11604318015534708
1,y,161,"y__cwt_coefficients__coeff_7__w_10__widths_(2, 5, 10, 20)",-0.36236295359025106
1,y,162,"y__cwt_coefficients__coeff_7__w_20__widths_(2, 5, 10, 20)",2.2079141527846335
1,y,163,"y__cwt_coefficients__coeff_8__w_2__widths_(2, 5, 10, 20)",0.057887925008258456
1,y,164,"y__cwt_coefficients__coeff_8__w_5__widths_(2, 5, 10, 20)",0.016686956268003324
1,y,165,"y__cwt_coefficients__coeff_8__w_10__widths_(2, 5, 10, 20)",-0.06564926467816287
1,y,166,"y__cwt_coefficients__coeff_8__w_20__widths_(2, 5, 10, 20)",2.6116659451403277
1,y,167,"y__cwt_coefficients__coeff_9__w_2__widths_(2, 5, 10, 20)",0.06302748417916414
1,y,168,"y__cwt_coefficients__coeff_9__w_5__widths_(2, 5, 10, 20)",0.13219926417155098
1,y,169,"y__cwt_coefficients__coeff_9__w_10__widths_(2, 5, 10, 20)",0.2163415902401419
1,y,170,"y__cwt_coefficients__coeff_9__w_20__widths_(2, 5, 10, 20)",3.0296210726747925
1,y,171,"y__cwt_coefficients__coeff_10__w_2__widths_(2, 5, 10, 20)",0.0526751207258205
1,y,172,"y__cwt_coefficients__coeff_10__w_5__widths_(2, 5, 10, 20)",0.23146572228537166
1,y,173,"y__cwt_coefficients__coeff_10__w_10__widths_(2, 5, 10, 20)",0.5158398275165684
1,y,174,"y__cwt_coefficients__coeff_10__w_20__widths_(2, 5, 10, 20)",3.445190409212362
1,y,175,"y__cwt_coefficients__coeff_11__w_2__widths_(2, 5, 10, 20)",0.03170470467073651
1,y,176,"y__cwt_coefficients__coeff_11__w_5__widths_(2, 5, 10, 20)",0.3105491240288541
1,y,177,"y__cwt_coefficients__coeff_11__w_10__widths_(2, 5, 10, 20)",0.8325593298178197
1,y,178,"y__cwt_coefficients__coeff_11__w_20__widths_(2, 5, 10, 20)",3.856780960553159
1,y,179,"y__cwt_coefficients__coeff_12__w_2__widths_(2, 5, 10, 20)",0.022783136928771843
1,y,180,"y__cwt_coefficients__coeff_12__w_5__widths_(2, 5, 10, 20)",0.3750857807512335
1,y,181,"y__cwt_coefficients__coeff_12__w_10__widths_(2, 5, 10, 20)",1.111782408770207
1,y,182,"y__cwt_coefficients__coeff_12__w_20__widths_(2, 5, 10, 20)",4.274649731037935
1,y,183,"y__cwt_coefficients__coeff_13__w_2__widths_(2, 5, 10, 20)",0.039474939293405086
1,y,184,"y__cwt_coefficients__coeff_13__w_5__widths_(2, 5, 10, 20)",0.4261643887273659
1,y,185,"y__cwt_coefficients__coeff_13__w_10__widths_(2, 5, 10, 20)",1.41552934590157
1,y,186,"y__cwt_coefficients__coeff_13__w_20__widths_(2, 5, 10, 20)",4.6665036453215905
1,y,187,"y__cwt_coefficients__coeff_14__w_2__widths_(2, 5, 10, 20)",0.0626789708015123
1,y,188,"y__cwt_coefficients__coeff_14__w_5__widths_(2, 5, 10, 20)",0.47525323645609346
1,y,189,"y__cwt_coefficients__coeff_14__w_10__widths_(2, 5, 10, 20)",1.6674439015279698
1,y,190,"y__cwt_coefficients__coeff_14__w_20__widths_(2, 5, 10, 20)",5.063190621115219
1,y,191,y__spkt_welch_density__coeff_2,120.55785165662823
1,y,192,y__spkt_welch_density__coeff_5,0.14457762322182433
1,y,193,y__spkt_welch_density__coeff_8,0.04721693715249001
1,y,194,y__ar_coefficient__coeff_0__k_10,-9.969025817018466e-05
1,y,195,y__ar_coefficient__coeff_1__k_10,0.3765207650891086
1,y,196,y__ar_coefficient__coeff_2__k_10,0.3128765141554655
1,y,197,y__ar_coefficient__coeff_3__k_10,0.23530294400608026
1,y,198,y__ar_coefficient__coeff_4__k_10,0.210058252293176
1,y,199,y__ar_coefficient__coeff_5__k_10,0.12114680854150635
1,y,200,y__ar_coefficient__coeff_6__k_10,0.06051274763568446
1,y,201,y__ar_coefficient__coeff_7__k_10,-0.002005390654080094
1,y,202,y__ar_coefficient__coeff_8__k_10,-0.042846309949808994
1,y,203,y__ar_coefficient__coeff_9__k_10,-0.1427165974312597
1,y,204,y__ar_coefficient__coeff_10__k_10,-0.17452771249513202
1,y,205,"y__change_quantiles__f_agg_""mean""__isabs_False__qh_0.2__ql_0.0",-0.00017354177299814432
1,y,206,"y__change_quantiles__f_agg_""var""__isabs_False__qh_0.2__ql_0.0",0.002741061310473953
1,y,207,"y__change_quantiles__f_agg_""mean""__isabs_True__qh_0.2__ql_0.0",0.042253694868686485
1,y,208,"y__change_quantiles__f_agg_""var""__isabs_True__qh_0.2__ql_0.0",0.0009557166971648669
1,y,209,"y__change_quantiles__f_agg_""mean""__isabs_False__qh_0.4__ql_0.0",-0.00037660623934117034
1,y,210,"y__change_quantiles__f_agg_""var""__isabs_False__qh_0.4__ql_0.0",0.013586055457598011
1,y,211,"y__change_quantiles__f_agg_""mean""__isabs_True__qh_0.4__ql_0.0",0.07277610734712628
1,y,212,"y__change_quantiles__f_agg_""var""__isabs_True__qh_0.4__ql_0.0",0.008289835489257075
1,y,213,"y__change_quantiles__f_agg_""mean""__isabs_False__qh_0.6__ql_0.0",-0.00028764066444946163
1,y,214,"y__change_quantiles__f_agg_""var""__isabs_False__qh_0.6__ql_0.0",0.041235721376959134
1,y,215,"y__change_quantiles__f_agg_""mean""__isabs_True__qh_0.6__ql_0.0",0.10290123394080913
1,y,216,"y__change_quantiles__f_agg_""var""__isabs_True__qh_0.6__ql_0.0",0.030647140167569847
1,y,217,"y__change_quantiles__f_agg_""mean""__isabs_False__qh_0.8__ql_0.0",-0.00013761640477819885
1,y,218,"y__change_quantiles__f_agg_""var""__isabs_False__qh_0.8__ql_0.0",0.03684538249289137
1,y,219,"y__change_quantiles__f_agg_""mean""__isabs_True__qh_0.8__ql_0.0",0.10442374294438314
1,y,220,"y__change_quantiles__f_agg_""var""__isabs_True__qh_0.8__ql_0.0",0.025941083340651625
1,y,221,"y__change_quantiles__f_agg_""mean""__isabs_False__qh_1.0__ql_0.0",-1.5134318138429525e-05
1,y,222,"y__change_quantiles__f_agg_""var""__isabs_False__qh_1.0__ql_0.0",0.0470348480875818
1,y,223,"y__change_quantiles__f_agg_""mean""__isabs_True__qh_1.0__ql_0.0",0.10731350290944468
1,y,224,"y__change_quantiles__f_agg_""var""__isabs_True__qh_1.0__ql_0.0",0.035518660409934
1,y,225,"y__change_quantiles__f_agg_""mean""__isabs_False__qh_0.4__ql_0.2",-0.0019090457647125774
1,y,226,"y__change_quantiles__f_agg_""var""__isabs_False__qh_0.4__ql_0.2",0.018775752007842438
1,y,227,"y__change_quantiles__f_agg_""mean""__isabs_True__qh_0.4__ql_0.2",0.09595776589828867
1,y,228,"y__change_quantiles__f_agg_""var""__isabs_True__qh_0.4__ql_0.2",0.00957150362738343
1,y,229,"y__change_quantiles__f_agg_""mean""__isabs_False__qh_0.6__ql_0.2",-0.0015416028880782604
1,y,230,"y__change_quantiles__f_agg_""var""__isabs_False__qh_0.6__ql_0.2",0.015697462340725856
1,y,231,"y__change_quantiles__f_agg_""mean""__isabs_True__qh_0.6__ql_0.2",0.0972023318934276
1,y,232,"y__change_quantiles__f_agg_""var""__isabs_True__qh_0.6__ql_0.2",0.006251545554670333
1,y,233,"y__change_quantiles__f_agg_""mean""__isabs_False__qh_0.8__ql_0.2",-0.0008904149792233092
1,y,234,"y__change_quantiles__f_agg_""var""__isabs_False__qh_0.8__ql_0.2",0.018663756426695755
1,y,235,"y__change_quantiles__f_agg_""mean""__isabs_True__qh_0.8__ql_0.2",0.10132436559241866
1,y,236,"y__change_quantiles__f_agg_""var""__isabs_True__qh_0.8__ql_0.2",0.008397922202824868
1,y,237,"y__change_quantiles__f_agg_""mean""__isabs_False__qh_1.0__ql_0.2",-0.0005244228434480171
1,y,238,"y__change_quantiles__f_agg_""var""__isabs_False__qh_1.0__ql_0.2",0.03673227391257385
1,y,239,"y__change_quantiles__f_agg_""mean""__isabs_True__qh_1.0__ql_0.2",0.10587563716666834
1,y,240,"y__change_quantiles__f_agg_""var""__isabs_True__qh_1.0__ql_0.2",0.025522898386444583
1,y,241,"y__change_quantiles__f_agg_""mean""__isabs_False__qh_0.6__ql_0.4",-0.00045919518878567456
1,y,242,"y__change_quantiles__f_agg_""var""__isabs_False__qh_0.6__ql_0.4",0.01059292617851706
1,y,243,"y__change_quantiles__f_agg_""mean""__isabs_True__qh_0.6__ql_0.4",0.09276672668317937
1,y,244,"y__change_quantiles__f_agg_""var""__isabs_True__qh_0.6__ql_0.4",0.0019874714592267614
1,y,245,"y__change_quantiles__f_agg_""mean""__isabs_False__qh_0.8__ql_0.4",-4.279445739473671e-05
1,y,246,"y__change_quantiles__f_agg_""var""__isabs_False__qh_0.8__ql_0.4",0.018002461246067632
1,y,247,"y__change_quantiles__f_agg_""mean""__isabs_True__qh_0.8__ql_0.4",0.10160434890493594
1,y,248,"y__change_quantiles__f_agg_""var""__isabs_True__qh_0.8__ql_0.4",0.007679019361037259
1,y,249,"y__change_quantiles__f_agg_""mean""__isabs_False__qh_1.0__ql_0.4",0.00013200362110641226
1,y,250,"y__change_quantiles__f_agg_""var""__isabs_False__qh_1.0__ql_0.4",0.04256262796932816
1,y,251,"y__change_quantiles__f_agg_""mean""__isabs_True__qh_1.0__ql_0.4",0.10762354126576715
1,y,252,"y__change_quantiles__f_agg_""var""__isabs_True__qh_1.0__ql_0.4",0.03097981875969986
1,y,253,"y__change_quantiles__f_agg_""mean""__isabs_False__qh_0.8__ql_0.6",-0.00028448583450125956
1,y,254,"y__change_quantiles__f_agg_""var""__isabs_False__qh_0.8__ql_0.6",0.0231406159706226
1,y,255,"y__change_quantiles__f_agg_""mean""__isabs_True__qh_0.8__ql_0.6",0.10261217547013822
1,y,256,"y__change_quantiles__f_agg_""var""__isabs_True__qh_0.8__ql_0.6",0.01261143834809819
1,y,257,"y__change_quantiles__f_agg_""mean""__isabs_False__qh_1.0__ql_0.6",0.000268458780361372
1,y,258,"y__change_quantiles__f_agg_""var""__isabs_False__qh_1.0__ql_0.6",0.022075199155119497
1,y,259,"y__change_quantiles__f_agg_""mean""__isabs_True__qh_1.0__ql_0.6",0.08342492557732233
1,y,260,"y__change_quantiles__f_agg_""var""__isabs_True__qh_1.0__ql_0.6",0.015115553017654482
1,y,261,"y__change_quantiles__f_agg_""mean""__isabs_False__qh_1.0__ql_0.8",-0.0011382759896584977
1,y,262,"y__change_quantiles__f_agg_""var""__isabs_False__qh_1.0__ql_0.8",0.002756337668424817
1,y,263,"y__change_quantiles__f_agg_""mean""__isabs_True__qh_1.0__ql_0.8",0.04211831009236739
1,y,264,"y__change_quantiles__f_agg_""var""__isabs_True__qh_1.0__ql_0.8",0.0009836812956166342
1,y,265,"y__fft_coefficient__attr_""real""__coeff_0",-4.959885270985668
1,y,266,"y__fft_coefficient__attr_""real""__coeff_1",-5.556708597642089
1,y,267,"y__fft_coefficient__attr_""real""__coeff_2",-4.630786938069031
1,y,268,"y__fft_coefficient__attr_""real""__coeff_3",0.3040769196726423
1,y,269,"y__fft_coefficient__attr_""real""__coeff_4",-13.491024170172295
1,y,270,"y__fft_coefficient__attr_""real""__coeff_5",-4.3475092019482835
1,y,271,"y__fft_coefficient__attr_""real""__coeff_6",3.3147769810938197
1,y,272,"y__fft_coefficient__attr_""real""__coeff_7",-9.505793645569135
1,y,273,"y__fft_coefficient__attr_""real""__coeff_8",-5.250275202095153
1,y,274,"y__fft_coefficient__attr_""real""__coeff_9",-4.756982613672097
1,y,275,"y__fft_coefficient__attr_""real""__coeff_10",8.305683459290236
1,y,276,"y__fft_coefficient__attr_""real""__coeff_11",4.026010814658371
1,y,277,"y__fft_coefficient__attr_""real""__coeff_12",1.6265189913324578
1,y,278,"y__fft_coefficient__attr_""real""__coeff_13",3.960682402369781
1,y,279,"y__fft_coefficient__attr_""real""__coeff_14",-2.8515756342656777
1,y,280,"y__fft_coefficient__attr_""real""__coeff_15",2.132077280332644
1,y,281,"y__fft_coefficient__attr_""real""__coeff_16",0.6467522716686931
1,y,282,"y__fft_coefficient__attr_""real""__coeff_17",-2.1009163983660453
1,y,283,"y__fft_coefficient__attr_""real""__coeff_18",10.344759741400273
1,y,284,"y__fft_coefficient__attr_""real""__coeff_19",11.370371575203269
1,y,285,"y__fft_coefficient__attr_""real""__coeff_20",2.907810964885053
1,y,286,"y__fft_coefficient__attr_""real""__coeff_21",0.27839268441085807
1,y,287,"y__fft_coefficient__attr_""real""__coeff_22",-4.9060776110465385
1,y,288,"y__fft_coefficient__attr_""real""__coeff_23",4.28530458244183
1,y,289,"y__fft_coefficient__attr_""real""__coeff_24",1.4319583358597343
1,y,290,"y__fft_coefficient__attr_""real""__coeff_25",8.759845042376789
1,y,291,"y__fft_coefficient__attr_""real""__coeff_26",8.860792652983745
1,y,292,"y__fft_coefficient__attr_""real""__coeff_27",4.97060718118934
1,y,293,"y__fft_coefficient__attr_""real""__coeff_28",4.552750004032214
1,y,294,"y__fft_coefficient__attr_""real""__coeff_29",-10.097037531098621
1,y,295,"y__fft_coefficient__attr_""real""__coeff_30",-8.14652161859619
1,y,296,"y__fft_coefficient__attr_""real""__coeff_31",15.452896303626881
1,y,297,"y__fft_coefficient__attr_""real""__coeff_32",-2.004726036876836
1,y,298,"y__fft_coefficient__attr_""real""__coeff_33",-15.311031658267346
1,y,299,"y__fft_coefficient__attr_""real""__coeff_34",-5.584455331878875
1,y,300,"y__fft_coefficient__attr_""real""__coeff_35",-10.370367293849164
1,y,301,"y__fft_coefficient__attr_""real""__coeff_36",-2.5746187299497296
1,y,302,"y__fft_coefficient__attr_""real""__coeff_37",1.2477860549013293
1,y,303,"y__fft_coefficient__attr_""real""__coeff_38",-4.42377399834308
1,y,304,"y__fft_coefficient__attr_""real""__coeff_39",3.619995396075978
1,y,305,"y__fft_coefficient__attr_""real""__coeff_40",1.8468076777900015
1,y,306,"y__fft_coefficient__attr_""real""__coeff_41",-3.113610070356586
1,y,307,"y__fft_coefficient__attr_""real""__coeff_42",-1.9171020169134083
1,y,308,"y__fft_coefficient__attr_""real""__coeff_43",-0.10075470114274432
1,y,309,"y__fft_coefficient__attr_""real""__coeff_44",-6.425211771324802
1,y,310,"y__fft_coefficient__attr_""real""__coeff_45",-3.8039931458428633
1,y,311,"y__fft_coefficient__attr_""real""__coeff_46",4.022484727906405
1,y,312,"y__fft_coefficient__attr_""real""__coeff_47",5.9344160449524255
1,y,313,"y__fft_coefficient__attr_""real""__coeff_48",-6.107340182835825
1,y,314,"y__fft_coefficient__attr_""real""__coeff_49",-10.047661620270546
1,y,315,"y__fft_coefficient__attr_""real""__coeff_50",-4.187139666074939
1,y,316,"y__fft_coefficient__attr_""real""__coeff_51",8.879726258126912
1,y,317,"y__fft_coefficient__attr_""real""__coeff_52",0.42565826061441037
1,y,318,"y__fft_coefficient__attr_""real""__coeff_53",-1.5327742425634483
1,y,319,"y__fft_coefficient__attr_""real""__coeff_54",3.9957507210888243
1,y,320,"y__fft_coefficient__attr_""real""__coeff_55",-2.609757801030023
1,y,321,"y__fft_coefficient__attr_""real""__coeff_56",6.54932245479979
1,y,322,"y__fft_coefficient__attr_""real""__coeff_57",-1.566424778650605
1,y,323,"y__fft_coefficient__attr_""real""__coeff_58",9.089280442518486
1,y,324,"y__fft_coefficient__attr_""real""__coeff_59",6.53195063979034
1,y,325,"y__fft_coefficient__attr_""real""__coeff_60",7.450899825611304
1,y,326,"y__fft_coefficient__attr_""real""__coeff_61",-1.1510468524161654
1,y,327,"y__fft_coefficient__attr_""real""__coeff_62",1.9382273584774605
1,y,328,"y__fft_coefficient__attr_""real""__coeff_63",3.2137988618213154
1,y,329,"y__fft_coefficient__attr_""real""__coeff_64",-1.4081649608127789
1,y,330,"y__fft_coefficient__attr_""real""__coeff_65",14.248633697123305
1,y,331,"y__fft_coefficient__attr_""real""__coeff_66",8.260653888606198
1,y,332,"y__fft_coefficient__attr_""real""__coeff_67",9.369851410857367
1,y,333,"y__fft_coefficient__attr_""real""__coeff_68",4.187061563992197
1,y,334,"y__fft_coefficient__attr_""real""__coeff_69",-13.560681913131086
1,y,335,"y__fft_coefficient__attr_""real""__coeff_70",5.222472714987866
1,y,336,"y__fft_coefficient__attr_""real""__coeff_71",7.96041564847793
1,y,337,"y__fft_coefficient__attr_""real""__coeff_72",-4.249418942177723
1,y,338,"y__fft_coefficient__attr_""real""__coeff_73",10.098259113152753
1,y,339,"y__fft_coefficient__attr_""real""__coeff_74",-6.2408979472608035
1,y,340,"y__fft_coefficient__attr_""real""__coeff_75",0.9957784763305786
1,y,341,"y__fft_coefficient__attr_""real""__coeff_76",6.720444182485082
1,y,342,"y__fft_coefficient__attr_""real""__coeff_77",-4.210500966561199
1,y,343,"y__fft_coefficient__attr_""real""__coeff_78",1.6603927878903928
1,y,344,"y__fft_coefficient__attr_""real""__coeff_79",11.508346137058027
1,y,345,"y__fft_coefficient__attr_""real""__coeff_80",-5.463934347671549
1,y,346,"y__fft_coefficient__attr_""real""__coeff_81",3.8178316308840694
1,y,347,"y__fft_coefficient__attr_""real""__coeff_82",-6.1109582661265005
1,y,348,"y__fft_coefficient__attr_""real""__coeff_83",0.3717997823491197
1,y,349,"y__fft_coefficient__attr_""real""__coeff_84",-10.05659912756932
1,y,350,"y__fft_coefficient__attr_""real""__coeff_85",-6.613437554615612
1,y,351,"y__fft_coefficient__attr_""real""__coeff_86",1.5862636680754614
1,y,352,"y__fft_coefficient__attr_""real""__coeff_87",-1.8514646682045237
1,y,353,"y__fft_coefficient__attr_""real""__coeff_88",-5.006831695847712
1,y,354,"y__fft_coefficient__attr_""real""__coeff_89",-12.57157993653822
1,y,355,"y__fft_coefficient__attr_""real""__coeff_90",-14.166710080385503
1,y,356,"y__fft_coefficient__attr_""real""__coeff_91",1.6540187224503624
1,y,357,"y__fft_coefficient__attr_""real""__coeff_92",5.833693480466179
1,y,358,"y__fft_coefficient__attr_""real""__coeff_93",3.371677151362962
1,y,359,"y__fft_coefficient__attr_""real""__coeff_94",2.4731860738418936
1,y,360,"y__fft_coefficient__attr_""real""__coeff_95",8.34943226972526
1,y,361,"y__fft_coefficient__attr_""real""__coeff_96",16.37416414771527
1,y,362,"y__fft_coefficient__attr_""real""__coeff_97",-7.610265867693046
1,y,363,"y__fft_coefficient__attr_""real""__coeff_98",16.88329266431363
1,y,364,"y__fft_coefficient__attr_""real""__coeff_99",10.670232622018792
1,y,365,"y__fft_coefficient__attr_""imag""__coeff_0",0.0
1,y,366,"y__fft_coefficient__attr_""imag""__coeff_1",-2.700041609983012
1,y,367,"y__fft_coefficient__attr_""imag""__coeff_2",2.754763438385581
1,y,368,"y__fft_coefficient__attr_""imag""__coeff_3",11.722981840461884
1,y,369,"y__fft_coefficient__attr_""imag""__coeff_4",-1.0883123570072644
1,y,370,"y__fft_coefficient__attr_""imag""__coeff_5",-8.420071871862994
1,y,371,"y__fft_coefficient__attr_""imag""__coeff_6",6.797891516085389
1,y,372,"y__fft_coefficient__attr_""imag""__coeff_7",-15.304965679058114
1,y,373,"y__fft_coefficient__attr_""imag""__coeff_8",-2.0091062226280734
1,y,374,"y__fft_coefficient__attr_""imag""__coeff_9",2.900775077966941
1,y,375,"y__fft_coefficient__attr_""imag""__coeff_10",1.9657957504001629
1,y,376,"y__fft_coefficient__attr_""imag""__coeff_11",-8.903275933420895
1,y,377,"y__fft_coefficient__attr_""imag""__coeff_12",-2.8635317099241964
1,y,378,"y__fft_coefficient__attr_""imag""__coeff_13",20.964299586838685
1,y,379,"y__fft_coefficient__attr_""imag""__coeff_14",3.9310173476184023
1,y,380,"y__fft_coefficient__attr_""imag""__coeff_15",3.2187463295355894
1,y,381,"y__fft_coefficient__attr_""imag""__coeff_16",19.12722944058227
1,y,382,"y__fft_coefficient__attr_""imag""__coeff_17",2.272240622422875
1,y,383,"y__fft_coefficient__attr_""imag""__coeff_18",-6.510892308721511
1,y,384,"y__fft_coefficient__attr_""imag""__coeff_19",-4.317542372031851
1,y,385,"y__fft_coefficient__attr_""imag""__coeff_20",-2.0317012403685837
1,y,386,"y__fft_coefficient__attr_""imag""__coeff_21",-3.497394622706029
1,y,387,"y__fft_coefficient__attr_""imag""__coeff_22",-7.576007017196451
1,y,388,"y__fft_coefficient__attr_""imag""__coeff_23",-8.358344617278782
1,y,389,"y__fft_coefficient__attr_""imag""__coeff_24",3.861949291570544
1,y,390,"y__fft_coefficient__attr_""imag""__coeff_25",-5.318794947062133
1,y,391,"y__fft_coefficient__attr_""imag""__coeff_26",-9.315122329779035
1,y,392,"y__fft_coefficient__attr_""imag""__coeff_27",-9.165073285486802
1,y,393,"y__fft_coefficient__attr_""imag""__coeff_28",-11.99202601220507
1,y,394,"y__fft_coefficient__attr_""imag""__coeff_29",1.8930897077371225
1,y,395,"y__fft_coefficient__attr_""imag""__coeff_30",2.857447955116815
1,y,396,"y__fft_coefficient__attr_""imag""__coeff_31",8.704304334600533
1,y,397,"y__fft_coefficient__attr_""imag""__coeff_32",-7.599045618047354
1,y,398,"y__fft_coefficient__attr_""imag""__coeff_33",-8.806080357442365
1,y,399,"y__fft_coefficient__attr_""imag""__coeff_34",-13.780858772635483
1,y,400,"y__fft_coefficient__attr_""imag""__coeff_35",6.806097288588999
1,y,401,"y__fft_coefficient__attr_""imag""__coeff_36",-2.8227233829275447
1,y,402,"y__fft_coefficient__attr_""imag""__coeff_37",13.971952802732716
1,y,403,"y__fft_coefficient__attr_""imag""__coeff_38",-2.002537781840924
1,y,404,"y__fft_coefficient__attr_""imag""__coeff_39",1.5773421517185224
1,y,405,"y__fft_coefficient__attr_""imag""__coeff_40",-11.576165234960106
1,y,406,"y__fft_coefficient__attr_""imag""__coeff_41",-12.154300032609406
1,y,407,"y__fft_coefficient__attr_""imag""__coeff_42",2.5576849772028227
1,y,408,"y__fft_coefficient__attr_""imag""__coeff_43",-1.1524290528115484
1,y,409,"y__fft_coefficient__attr_""imag""__coeff_44",10.233736045962612
1,y,410,"y__fft_coefficient__attr_""imag""__coeff_45",-3.7762317112645185
1,y,411,"y__fft_coefficient__attr_""imag""__coeff_46",5.437159064388683
1,y,412,"y__fft_coefficient__attr_""imag""__coeff_47",11.904639765293176
1,y,413,"y__fft_coefficient__attr_""imag""__coeff_48",-3.2675421708180794
1,y,414,"y__fft_coefficient__attr_""imag""__coeff_49",-0.6836321098349543
1,y,415,"y__fft_coefficient__attr_""imag""__coeff_50",-3652.129550190117
1,y,416,"y__fft_coefficient__attr_""imag""__coeff_51",-1.712755289657221
1,y,417,"y__fft_coefficient__attr_""imag""__coeff_52",-3.4037226558290357
1,y,418,"y__fft_coefficient__attr_""imag""__coeff_53",9.40589058286114
1,y,419,"y__fft_coefficient__attr_""imag""__coeff_54",3.826218204552645
1,y,420,"y__fft_coefficient__attr_""imag""__coeff_55",-9.975330386166503
1,y,421,"y__fft_coefficient__attr_""imag""__coeff_56",8.553529145885832
1,y,422,"y__fft_coefficient__attr_""imag""__coeff_57",-1.6982358823031958
1,y,423,"y__fft_coefficient__attr_""imag""__coeff_58",8.45508341358337
1,y,424,"y__fft_coefficient__attr_""imag""__coeff_59",-12.910684797886912
1,y,425,"y__fft_coefficient__attr_""imag""__coeff_60",-7.775729490443371
1,y,426,"y__fft_coefficient__attr_""imag""__coeff_61",7.001903053696979
1,y,427,"y__fft_coefficient__attr_""imag""__coeff_62",0.5115343690171135
1,y,428,"y__fft_coefficient__attr_""imag""__coeff_63",2.258584128559348
1,y,429,"y__fft_coefficient__attr_""imag""__coeff_64",10.371796740934919
1,y,430,"y__fft_coefficient__attr_""imag""__coeff_65",8.167749048887327
1,y,431,"y__fft_coefficient__attr_""imag""__coeff_66",-3.120507187752545
1,y,432,"y__fft_coefficient__attr_""imag""__coeff_67",-3.262919367783363
1,y,433,"y__fft_coefficient__attr_""imag""__coeff_68",-14.000986012204502
1,y,434,"y__fft_coefficient__attr_""imag""__coeff_69",-0.0006380959814551446
1,y,435,"y__fft_coefficient__attr_""imag""__coeff_70",-0.9026762937202646
1,y,436,"y__fft_coefficient__attr_""imag""__coeff_71",2.9002700808257798
1,y,437,"y__fft_coefficient__attr_""imag""__coeff_72",-8.937098306646382
1,y,438,"y__fft_coefficient__attr_""imag""__coeff_73",-6.806162146719354
1,y,439,"y__fft_coefficient__attr_""imag""__coeff_74",-8.815833184450064
1,y,440,"y__fft_coefficient__attr_""imag""__coeff_75",-0.589621942248284
1,y,441,"y__fft_coefficient__attr_""imag""__coeff_76",-4.289015214713374
1,y,442,"y__fft_coefficient__attr_""imag""__coeff_77",2.0326230754501178
1,y,443,"y__fft_coefficient__attr_""imag""__coeff_78",-1.1883303372219407
1,y,444,"y__fft_coefficient__attr_""imag""__coeff_79",-3.9049345185183637
1,y,445,"y__fft_coefficient__attr_""imag""__coeff_80",-3.8168490432401
1,y,446,"y__fft_coefficient__attr_""imag""__coeff_81",-2.452791534797287
1,y,447,"y__fft_coefficient__attr_""imag""__coeff_82",-3.362321544333745
1,y,448,"y__fft_coefficient__attr_""imag""__coeff_83",2.1617783627857654
1,y,449,"y__fft_coefficient__attr_""imag""__coeff_84",7.75290698749642
1,y,450,"y__fft_coefficient__attr_""imag""__coeff_85",5.8875150452928295
1,y,451,"y__fft_coefficient__attr_""imag""__coeff_86",4.467189553611802
1,y,452,"y__fft_coefficient__attr_""imag""__coeff_87",3.303540109994538
1,y,453,"y__fft_coefficient__attr_""imag""__coeff_88",-1.0795020697068267
1,y,454,"y__fft_coefficient__attr_""imag""__coeff_89",-11.475910737193917
1,y,455,"y__fft_coefficient__attr_""imag""__coeff_90",8.789726957384962
1,y,456,"y__fft_coefficient__attr_""imag""__coeff_91",4.459113345433678
1,y,457,"y__fft_coefficient__attr_""imag""__coeff_92",-5.111539013496085
1,y,458,"y__fft_coefficient__attr_""imag""__coeff_93",-5.430401092459334
1,y,459,"y__fft_coefficient__attr_""imag""__coeff_94",-0.6598027212673536
1,y,460,"y__fft_coefficient__attr_""imag""__coeff_95",-7.096609281037024
1,y,461,"y__fft_coefficient__attr_""imag""__coeff_96",4.988805855933041
1,y,462,"y__fft_coefficient__attr_""imag""__coeff_97",0.8245382643443453
1,y,463,"y__fft_coefficient__attr_""imag""__coeff_98",2.2430298954781205
1,y,464,"y__fft_coefficient__attr_""imag""__coeff_99",-0.8800465658674219
1,y,465,"y__fft_coefficient__attr_""abs""__coeff_0",4.959885270985668
1,y,466,"y__fft_coefficient__attr_""abs""__coeff_1",6.177963672177845
1,y,467,"y__fft_coefficient__attr_""abs""__coeff_2",5.388219489521256
1,y,468,"y__fft_coefficient__attr_""abs""__coeff_3",11.726924831552248
1,y,469,"y__fft_coefficient__attr_""abs""__coeff_4",13.534849720133126
1,y,470,"y__fft_coefficient__attr_""abs""__coeff_5",9.476204228928554
1,y,471,"y__fft_coefficient__attr_""abs""__coeff_6",7.56300704077784
1,y,472,"y__fft_coefficient__attr_""abs""__coeff_7",18.016716883752416
1,y,473,"y__fft_coefficient__attr_""abs""__coeff_8",5.62155650256565
1,y,474,"y__fft_coefficient__attr_""abs""__coeff_9",5.571658607608037
1,y,475,"y__fft_coefficient__attr_""abs""__coeff_10",8.53514678597965
1,y,476,"y__fft_coefficient__attr_""abs""__coeff_11",9.771237660930057
1,y,477,"y__fft_coefficient__attr_""abs""__coeff_12",3.2932321331644006
1,y,478,"y__fft_coefficient__attr_""abs""__coeff_13",21.335155548042444
1,y,479,"y__fft_coefficient__attr_""abs""__coeff_14",4.856375292871682
1,y,480,"y__fft_coefficient__attr_""abs""__coeff_15",3.8608394764881737
1,y,481,"y__fft_coefficient__attr_""abs""__coeff_16",19.138160689407584
1,y,482,"y__fft_coefficient__attr_""abs""__coeff_17",3.0946610733830044
1,y,483,"y__fft_coefficient__attr_""abs""__coeff_18",12.22316541502506
1,y,484,"y__fft_coefficient__attr_""abs""__coeff_19",12.162504754057894
1,y,485,"y__fft_coefficient__attr_""abs""__coeff_20",3.547277059607973
1,y,486,"y__fft_coefficient__attr_""abs""__coeff_21",3.5084571585907285
1,y,487,"y__fft_coefficient__attr_""abs""__coeff_22",9.025822945871584
1,y,488,"y__fft_coefficient__attr_""abs""__coeff_23",9.392856866017395
1,y,489,"y__fft_coefficient__attr_""abs""__coeff_24",4.11887812472042
1,y,490,"y__fft_coefficient__attr_""abs""__coeff_25",10.248144459137317
1,y,491,"y__fft_coefficient__attr_""abs""__coeff_26",12.856327253843483
1,y,492,"y__fft_coefficient__attr_""abs""__coeff_27",10.426193172871624
1,y,493,"y__fft_coefficient__attr_""abs""__coeff_28",12.827167281852155
1,y,494,"y__fft_coefficient__attr_""abs""__coeff_29",10.27297208922298
1,y,495,"y__fft_coefficient__attr_""abs""__coeff_30",8.63312361190643
1,y,496,"y__fft_coefficient__attr_""abs""__coeff_31",17.735752538868795
1,y,497,"y__fft_coefficient__attr_""abs""__coeff_32",7.859034341959361
1,y,498,"y__fft_coefficient__attr_""abs""__coeff_33",17.662806733421423
1,y,499,"y__fft_coefficient__attr_""abs""__coeff_34",14.869371535645842
1,y,500,"y__fft_coefficient__attr_""abs""__coeff_35",12.404333037736246
1,y,501,"y__fft_coefficient__attr_""abs""__coeff_36",3.820527306686065
1,y,502,"y__fft_coefficient__attr_""abs""__coeff_37",14.027559843415276
1,y,503,"y__fft_coefficient__attr_""abs""__coeff_38",4.855917416525603
1,y,504,"y__fft_coefficient__attr_""abs""__coeff_39",3.9487181377251144
1,y,505,"y__fft_coefficient__attr_""abs""__coeff_40",11.722555188432388
1,y,506,"y__fft_coefficient__attr_""abs""__coeff_41",12.54677555999608
1,y,507,"y__fft_coefficient__attr_""abs""__coeff_42",3.1964093270203144
1,y,508,"y__fft_coefficient__attr_""abs""__coeff_43",1.1568250652395486
1,y,509,"y__fft_coefficient__attr_""abs""__coeff_44",12.083571482173856
1,y,510,"y__fft_coefficient__attr_""abs""__coeff_45",5.36006434576855
1,y,511,"y__fft_coefficient__attr_""abs""__coeff_46",6.763363222369791
1,y,512,"y__fft_coefficient__attr_""abs""__coeff_47",13.301794681019114
1,y,513,"y__fft_coefficient__attr_""abs""__coeff_48",6.926502432465874
1,y,514,"y__fft_coefficient__attr_""abs""__coeff_49",10.070891564159309
1,y,515,"y__fft_coefficient__attr_""abs""__coeff_50",3652.1319504517423
1,y,516,"y__fft_coefficient__attr_""abs""__coeff_51",9.043399200605784
1,y,517,"y__fft_coefficient__attr_""abs""__coeff_52",3.430235104571281
1,y,518,"y__fft_coefficient__attr_""abs""__coeff_53",9.529961937774035
1,y,519,"y__fft_coefficient__attr_""abs""__coeff_54",5.532266224065137
1,y,520,"y__fft_coefficient__attr_""abs""__coeff_55",10.311064547039448
1,y,521,"y__fft_coefficient__attr_""abs""__coeff_56",10.772951567071262
1,y,522,"y__fft_coefficient__attr_""abs""__coeff_57",2.3103444979294125
1,y,523,"y__fft_coefficient__attr_""abs""__coeff_58",12.413841246503907
1,y,524,"y__fft_coefficient__attr_""abs""__coeff_59",14.469006915163378
1,y,525,"y__fft_coefficient__attr_""abs""__coeff_60",10.769302545654725
1,y,526,"y__fft_coefficient__attr_""abs""__coeff_61",7.095882977461525
1,y,527,"y__fft_coefficient__attr_""abs""__coeff_62",2.0045929022712445
1,y,528,"y__fft_coefficient__attr_""abs""__coeff_63",3.9280663678232544
1,y,529,"y__fft_coefficient__attr_""abs""__coeff_64",10.466952574275334
1,y,530,"y__fft_coefficient__attr_""abs""__coeff_65",16.423631960087196
1,y,531,"y__fft_coefficient__attr_""abs""__coeff_66",8.830400204756293
1,y,532,"y__fft_coefficient__attr_""abs""__coeff_67",9.921731616114274
1,y,533,"y__fft_coefficient__attr_""abs""__coeff_68",14.613661206371486
1,y,534,"y__fft_coefficient__attr_""abs""__coeff_69",13.560681928143843
1,y,535,"y__fft_coefficient__attr_""abs""__coeff_70",5.299909975654048
1,y,536,"y__fft_coefficient__attr_""abs""__coeff_71",8.472295075023384
1,y,537,"y__fft_coefficient__attr_""abs""__coeff_72",9.895922770959789
1,y,538,"y__fft_coefficient__attr_""abs""__coeff_73",12.177794557464338
1,y,539,"y__fft_coefficient__attr_""abs""__coeff_74",10.80128334616656
1,y,540,"y__fft_coefficient__attr_""abs""__coeff_75",1.157250538433181
1,y,541,"y__fft_coefficient__attr_""abs""__coeff_76",7.972453920966894
1,y,542,"y__fft_coefficient__attr_""abs""__coeff_77",4.675454518682123
1,y,543,"y__fft_coefficient__attr_""abs""__coeff_78",2.041821050053222
1,y,544,"y__fft_coefficient__attr_""abs""__coeff_79",12.15279985864388
1,y,545,"y__fft_coefficient__attr_""abs""__coeff_80",6.665051775833987
1,y,546,"y__fft_coefficient__attr_""abs""__coeff_81",4.537843615083285
1,y,547,"y__fft_coefficient__attr_""abs""__coeff_82",6.97488473724338
1,y,548,"y__fft_coefficient__attr_""abs""__coeff_83",2.193517897798775
1,y,549,"y__fft_coefficient__attr_""abs""__coeff_84",12.698139736567668
1,y,550,"y__fft_coefficient__attr_""abs""__coeff_85",8.85439945435881
1,y,551,"y__fft_coefficient__attr_""abs""__coeff_86",4.740465687309068
1,y,552,"y__fft_coefficient__attr_""abs""__coeff_87",3.7869907150602327
1,y,553,"y__fft_coefficient__attr_""abs""__coeff_88",5.121883281474363
1,y,554,"y__fft_coefficient__attr_""abs""__coeff_89",17.02178455241438
1,y,555,"y__fft_coefficient__attr_""abs""__coeff_90",16.671981720451715
1,y,556,"y__fft_coefficient__attr_""abs""__coeff_91",4.7559930363322716
1,y,557,"y__fft_coefficient__attr_""abs""__coeff_92",7.756275569532463
1,y,558,"y__fft_coefficient__attr_""abs""__coeff_93",6.391984264530583
1,y,559,"y__fft_coefficient__attr_""abs""__coeff_94",2.559685329652316
1,y,560,"y__fft_coefficient__attr_""abs""__coeff_95",10.95786852058512
1,y,561,"y__fft_coefficient__attr_""abs""__coeff_96",17.11728469718594
1,y,562,"y__fft_coefficient__attr_""abs""__coeff_97",7.654803062544573
1,y,563,"y__fft_coefficient__attr_""abs""__coeff_98",17.031639800702543
1,y,564,"y__fft_coefficient__attr_""abs""__coeff_99",10.70646282233722
1,y,565,"y__fft_coefficient__attr_""angle""__coeff_0",180.0
1,y,566,"y__fft_coefficient__attr_""angle""__coeff_1",-154.0845752984493
1,y,567,"y__fft_coefficient__attr_""angle""__coeff_2",149.25242426785897
1,y,568,"y__fft_coefficient__attr_""angle""__coeff_3",88.5141648542229
1,y,569,"y__fft_coefficient__attr_""angle""__coeff_4",-175.38797285750204
1,y,570,"y__fft_coefficient__attr_""angle""__coeff_5",-117.3085215249319
1,y,571,"y__fft_coefficient__attr_""angle""__coeff_6",64.00528551171237
1,y,572,"y__fft_coefficient__attr_""angle""__coeff_7",-121.8440901634831
1,y,573,"y__fft_coefficient__attr_""angle""__coeff_8",-159.05980874813503
1,y,574,"y__fft_coefficient__attr_""angle""__coeff_9",148.62545026115555
1,y,575,"y__fft_coefficient__attr_""angle""__coeff_10",13.315779365836319
1,y,576,"y__fft_coefficient__attr_""angle""__coeff_11",-65.66778729540383
1,y,577,"y__fft_coefficient__attr_""angle""__coeff_12",-60.40292603892671
1,y,578,"y__fft_coefficient__attr_""angle""__coeff_13",79.3014859911374
1,y,579,"y__fft_coefficient__attr_""angle""__coeff_14",125.95728072117785
1,y,580,"y__fft_coefficient__attr_""angle""__coeff_15",56.47975984299823
1,y,581,"y__fft_coefficient__attr_""angle""__coeff_16",88.06338587263853
1,y,582,"y__fft_coefficient__attr_""angle""__coeff_17",132.75650916592824
1,y,583,"y__fft_coefficient__attr_""angle""__coeff_18",-32.18591661872877
1,y,584,"y__fft_coefficient__attr_""angle""__coeff_19",-20.792704568469926
1,y,585,"y__fft_coefficient__attr_""angle""__coeff_20",-34.94218170284471
1,y,586,"y__fft_coefficient__attr_""angle""__coeff_21",-85.44885085105835
1,y,587,"y__fft_coefficient__attr_""angle""__coeff_22",-122.92632366090903
1,y,588,"y__fft_coefficient__attr_""angle""__coeff_23",-62.855887199429475
1,y,589,"y__fft_coefficient__attr_""angle""__coeff_24",69.65590383375572
1,y,590,"y__fft_coefficient__attr_""angle""__coeff_25",-31.265249499197733
1,y,591,"y__fft_coefficient__attr_""angle""__coeff_26",-46.43188133917049
1,y,592,"y__fft_coefficient__attr_""angle""__coeff_27",-61.527149077520676
1,y,593,"y__fft_coefficient__attr_""angle""__coeff_28",-69.21082887432276
1,y,594,"y__fft_coefficient__attr_""angle""__coeff_29",169.3809193778494
1,y,595,"y__fft_coefficient__attr_""angle""__coeff_30",160.6713329166803
1,y,596,"y__fft_coefficient__attr_""angle""__coeff_31",29.391682539702384
1,y,597,"y__fft_coefficient__attr_""angle""__coeff_32",-104.77865398989765
1,y,598,"y__fft_coefficient__attr_""angle""__coeff_33",-150.09480699826514
1,y,599,"y__fft_coefficient__attr_""angle""__coeff_34",-112.05940310612984
1,y,600,"y__fft_coefficient__attr_""angle""__coeff_35",146.72301219912757
1,y,601,"y__fft_coefficient__attr_""angle""__coeff_36",-132.36808427438154
1,y,602,"y__fft_coefficient__attr_""angle""__coeff_37",84.89665383749855
1,y,603,"y__fft_coefficient__attr_""angle""__coeff_38",-155.64486276337834
1,y,604,"y__fft_coefficient__attr_""angle""__coeff_39",23.544222289089745
1,y,605,"y__fft_coefficient__attr_""angle""__coeff_40",-80.93568241076235
1,y,606,"y__fft_coefficient__attr_""angle""__coeff_41",-104.36866773293805
1,y,607,"y__fft_coefficient__attr_""angle""__coeff_42",126.85323859694913
1,y,608,"y__fft_coefficient__attr_""angle""__coeff_43",-94.99655722749192
1,y,609,"y__fft_coefficient__attr_""angle""__coeff_44",122.12249874689019
1,y,610,"y__fft_coefficient__attr_""angle""__coeff_45",-135.20983624537283
1,y,611,"y__fft_coefficient__attr_""angle""__coeff_46",53.505457008645145
1,y,612,"y__fft_coefficient__attr_""angle""__coeff_47",63.5039257151029
1,y,613,"y__fft_coefficient__attr_""angle""__coeff_48",-151.85237874416686
1,y,614,"y__fft_coefficient__attr_""angle""__coeff_49",-176.10765554683115
1,y,615,"y__fft_coefficient__attr_""angle""__coeff_50",-90.06568916099138
1,y,616,"y__fft_coefficient__attr_""angle""__coeff_51",-10.917354659795572
1,y,617,"y__fft_coefficient__attr_""angle""__coeff_52",-82.8717860171389
1,y,618,"y__fft_coefficient__attr_""angle""__coeff_53",99.25550489040344
1,y,619,"y__fft_coefficient__attr_""angle""__coeff_54",43.75837180995238
1,y,620,"y__fft_coefficient__attr_""angle""__coeff_55",-104.66118752074419
1,y,621,"y__fft_coefficient__attr_""angle""__coeff_56",52.559204212336525
1,y,622,"y__fft_coefficient__attr_""angle""__coeff_57",-132.68793115985184
1,y,623,"y__fft_coefficient__attr_""angle""__coeff_58",42.929762582000556
1,y,624,"y__fft_coefficient__attr_""angle""__coeff_59",-63.16361369987344
1,y,625,"y__fft_coefficient__attr_""angle""__coeff_60",-46.22210542562767
1,y,626,"y__fft_coefficient__attr_""angle""__coeff_61",99.3353895928538
1,y,627,"y__fft_coefficient__attr_""angle""__coeff_62",14.784320788237132
1,y,628,"y__fft_coefficient__attr_""angle""__coeff_63",35.09866888755007
1,y,629,"y__fft_coefficient__attr_""angle""__coeff_64",97.73169613181616
1,y,630,"y__fft_coefficient__attr_""angle""__coeff_65",29.82264297648177
1,y,631,"y__fft_coefficient__attr_""angle""__coeff_66",-20.69433218691754
1,y,632,"y__fft_coefficient__attr_""angle""__coeff_67",-19.199955736325386
1,y,633,"y__fft_coefficient__attr_""angle""__coeff_68",-73.3504549660647
1,y,634,"y__fft_coefficient__attr_""angle""__coeff_69",-179.99730395515
1,y,635,"y__fft_coefficient__attr_""angle""__coeff_70",-9.806377067830427
1,y,636,"y__fft_coefficient__attr_""angle""__coeff_71",20.018529130715905
1,y,637,"y__fft_coefficient__attr_""angle""__coeff_72",-115.43019197610026
1,y,638,"y__fft_coefficient__attr_""angle""__coeff_73",-33.97971847137736
1,y,639,"y__fft_coefficient__attr_""angle""__coeff_74",-125.2954115229933
1,y,640,"y__fft_coefficient__attr_""angle""__coeff_75",-30.630691432440447
1,y,641,"y__fft_coefficient__attr_""angle""__coeff_76",-32.54618700087207
1,y,642,"y__fft_coefficient__attr_""angle""__coeff_77",154.23103174378522
1,y,643,"y__fft_coefficient__attr_""angle""__coeff_78",-35.59100698034758
1,y,644,"y__fft_coefficient__attr_""angle""__coeff_79",-18.74275608965949
1,y,645,"y__fft_coefficient__attr_""angle""__coeff_80",-145.06365066018003
1,y,646,"y__fft_coefficient__attr_""angle""__coeff_81",-32.71898904924307
1,y,647,"y__fft_coefficient__attr_""angle""__coeff_82",-151.17988878484113
1,y,648,"y__fft_coefficient__attr_""angle""__coeff_83",80.24129050964473
1,y,649,"y__fft_coefficient__attr_""angle""__coeff_84",142.3703886802961
1,y,650,"y__fft_coefficient__attr_""angle""__coeff_85",138.32339792498513
1,y,651,"y__fft_coefficient__attr_""angle""__coeff_86",70.45045205262801
1,y,652,"y__fft_coefficient__attr_""angle""__coeff_87",119.26839249542239
1,y,653,"y__fft_coefficient__attr_""angle""__coeff_88",-167.83294647645803
1,y,654,"y__fft_coefficient__attr_""angle""__coeff_89",-137.6087476113729
1,y,655,"y__fft_coefficient__attr_""angle""__coeff_90",148.18249117644152
1,y,656,"y__fft_coefficient__attr_""angle""__coeff_91",69.64867389259533
1,y,657,"y__fft_coefficient__attr_""angle""__coeff_92",-41.22515836638203
1,y,658,"y__fft_coefficient__attr_""angle""__coeff_93",-58.16430257294948
1,y,659,"y__fft_coefficient__attr_""angle""__coeff_94",-14.93761222703411
1,y,660,"y__fft_coefficient__attr_""angle""__coeff_95",-40.3629105195288
1,y,661,"y__fft_coefficient__attr_""angle""__coeff_96",16.944691693430666
1,y,662,"y__fft_coefficient__attr_""angle""__coeff_97",173.8163793062444
1,y,663,"y__fft_coefficient__attr_""angle""__coeff_98",7.567714079641408
1,y,664,"y__fft_coefficient__attr_""angle""__coeff_99",-4.7149005502544705
1,y,665,"y__fft_aggregated__aggtype_""centroid""",1084.8802630894186
1,y,666,"y__fft_aggregated__aggtype_""variance""",620122.6961269144
1,y,667,"y__fft_aggregated__aggtype_""skew""",0.1579023477050014
1,y,668,"y__fft_aggregated__aggtype_""kurtosis""",12.51272377975235
1,y,669,y__value_count__value_0,0.0
1,y,670,y__value_count__value_1,0.0
1,y,671,y__value_count__value_-1,0.0
1,y,672,y__range_count__max_1__min_-1,2423.0
1,y,673,y__range_count__max_0__min_-1000000000000.0,2503.0
1,y,674,y__range_count__max_1000000000000.0__min_0,2497.0
1,y,675,y__approximate_entropy__m_2__r_0.1,0.556932556279174
1,y,676,y__approximate_entropy__m_2__r_0.3,0.25120253214400945
1,y,677,y__approximate_entropy__m_2__r_0.5,0.1545827307848533
1,y,678,y__approximate_entropy__m_2__r_0.7,0.10191810433950166
1,y,679,y__approximate_entropy__m_2__r_0.9,0.06347761031201771
1,y,680,y__friedrich_coefficients__coeff_0__m_3__r_30,-0.043968224607209824
1,y,681,y__friedrich_coefficients__coeff_1__m_3__r_30,-0.0006713711186103414
1,y,682,y__friedrich_coefficients__coeff_2__m_3__r_30,0.05250964322718178
1,y,683,y__friedrich_coefficients__coeff_3__m_3__r_30,0.0007433956800525578
1,y,684,y__max_langevin_fixed_point__m_3__r_30,1.0922747903296472
1,y,685,"y__linear_trend__attr_""pvalue""",0.2698588772587703
1,y,686,"y__linear_trend__attr_""rvalue""",-0.015607209077138124
1,y,687,"y__linear_trend__attr_""intercept""",0.02720744766333789
1,y,688,"y__linear_trend__attr_""slope""",-1.1282026292272463e-05
1,y,689,"y__linear_trend__attr_""stderr""",1.0223764403547865e-05
1,y,690,"y__agg_linear_trend__attr_""rvalue""__chunk_len_5__f_agg_""max""",-0.02203083346475805
1,y,691,"y__agg_linear_trend__attr_""rvalue""__chunk_len_5__f_agg_""min""",-0.009115167153978948
1,y,692,"y__agg_linear_trend__attr_""rvalue""__chunk_len_5__f_agg_""mean""",-0.015796785440811808
1,y,693,"y__agg_linear_trend__attr_""rvalue""__chunk_len_5__f_agg_""var""",-0.05639982192974299
1,y,694,"y__agg_linear_trend__attr_""rvalue""__chunk_len_10__f_agg_""max""",-0.024913522653307426
1,y,695,"y__agg_linear_trend__attr_""rvalue""__chunk_len_10__f_agg_""min""",-0.008057965649803722
1,y,696,"y__agg_linear_trend__attr_""rvalue""__chunk_len_10__f_agg_""mean""",-0.01600972482442659
1,y,697,"y__agg_linear_trend__attr_""rvalue""__chunk_len_10__f_agg_""var""",-0.07853234611565062
1,y,698,"y__agg_linear_trend__attr_""rvalue""__chunk_len_50__f_agg_""max""",-0.017180296965033037
1,y,699,"y__agg_linear_trend__attr_""rvalue""__chunk_len_50__f_agg_""min""",-0.017859222444106412
1,y,700,"y__agg_linear_trend__attr_""rvalue""__chunk_len_50__f_agg_""mean""",-0.01750427847438157
1,y,701,"y__agg_linear_trend__attr_""rvalue""__chunk_len_50__f_agg_""var""",-0.006176366577312412
1,y,702,"y__agg_linear_trend__attr_""intercept""__chunk_len_5__f_agg_""max""",0.20441387189092403
1,y,703,"y__agg_linear_trend__attr_""intercept""__chunk_len_5__f_agg_""min""",-0.15485034153739374
1,y,704,"y__agg_linear_trend__attr_""intercept""__chunk_len_5__f_agg_""mean""",0.027192519846037714
1,y,705,"y__agg_linear_trend__attr_""intercept""__chunk_len_5__f_agg_""var""",0.0306233125823887
1,y,706,"y__agg_linear_trend__attr_""intercept""__chunk_len_10__f_agg_""max""",0.38113013606715707
1,y,707,"y__agg_linear_trend__attr_""intercept""__chunk_len_10__f_agg_""min""",-0.32106642248978934
1,y,708,"y__agg_linear_trend__attr_""intercept""__chunk_len_10__f_agg_""mean""",0.027161285828847286
1,y,709,"y__agg_linear_trend__attr_""intercept""__chunk_len_10__f_agg_""var""",0.05942250979703247
1,y,710,"y__agg_linear_trend__attr_""intercept""__chunk_len_50__f_agg_""max""",0.7915547595301747
1,y,711,"y__agg_linear_trend__attr_""intercept""__chunk_len_50__f_agg_""min""",-0.7431730240040051
1,y,712,"y__agg_linear_trend__attr_""intercept""__chunk_len_50__f_agg_""mean""",0.026951534639948527
1,y,713,"y__agg_linear_trend__attr_""intercept""__chunk_len_50__f_agg_""var""",0.2220601969772413
1,y,714,"y__agg_linear_trend__attr_""slope""__chunk_len_5__f_agg_""max""",-7.76662244918313e-05
1,y,715,"y__agg_linear_trend__attr_""slope""__chunk_len_5__f_agg_""min""",-3.202599122522089e-05
1,y,716,"y__agg_linear_trend__attr_""slope""__chunk_len_5__f_agg_""mean""",-5.642541921968939e-05
1,y,717,"y__agg_linear_trend__attr_""slope""__chunk_len_5__f_agg_""var""",-1.0462132702780733e-05
1,y,718,"y__agg_linear_trend__attr_""slope""__chunk_len_10__f_agg_""max""",-0.00016667902515671035
1,y,719,"y__agg_linear_trend__attr_""slope""__chunk_len_10__f_agg_""min""",-5.4211751114013075e-05
1,y,720,"y__agg_linear_trend__attr_""slope""__chunk_len_10__f_agg_""mean""",-0.00011283872899015801
1,y,721,"y__agg_linear_trend__attr_""slope""__chunk_len_10__f_agg_""var""",-2.2863399978774058e-05
1,y,722,"y__agg_linear_trend__attr_""slope""__chunk_len_50__f_agg_""max""",-0.00045552280714598555
1,y,723,"y__agg_linear_trend__attr_""slope""__chunk_len_50__f_agg_""min""",-0.0004725210188881392
1,y,724,"y__agg_linear_trend__attr_""slope""__chunk_len_50__f_agg_""mean""",-0.0005645153877605191
1,y,725,"y__agg_linear_trend__attr_""slope""__chunk_len_50__f_agg_""var""",-1.2977268192107563e-06
1,y,726,"y__agg_linear_trend__attr_""stderr""__chunk_len_5__f_agg_""max""",0.0001115656694801247
1,y,727,"y__agg_linear_trend__attr_""stderr""__chunk_len_5__f_agg_""min""",0.00011121276279555077
1,y,728,"y__agg_linear_trend__attr_""stderr""__chunk_len_5__f_agg_""mean""",0.00011305417653449914
1,y,729,"y__agg_linear_trend__attr_""stderr""__chunk_len_5__f_agg_""var""",5.8625341786701414e-06
1,y,730,"y__agg_linear_trend__attr_""stderr""__chunk_len_10__f_agg_""max""",0.0002997066088870597
1,y,731,"y__agg_linear_trend__attr_""stderr""__chunk_len_10__f_agg_""min""",0.00030146663457578956
1,y,732,"y__agg_linear_trend__attr_""stderr""__chunk_len_10__f_agg_""mean""",0.00031579407870890473
1,y,733,"y__agg_linear_trend__attr_""stderr""__chunk_len_10__f_agg_""var""",1.3005714176833008e-05
1,y,734,"y__agg_linear_trend__attr_""stderr""__chunk_len_50__f_agg_""max""",0.0026779491035236794
1,y,735,"y__agg_linear_trend__attr_""stderr""__chunk_len_50__f_agg_""min""",0.00267224502205458
1,y,736,"y__agg_linear_trend__attr_""stderr""__chunk_len_50__f_agg_""mean""",0.003257256720441926
1,y,737,"y__agg_linear_trend__attr_""stderr""__chunk_len_50__f_agg_""var""",2.1224080988254923e-05
1,y,738,"y__augmented_dickey_fuller__attr_""teststat""__autolag_""AIC""",-28.872009358305213
1,y,739,"y__augmented_dickey_fuller__attr_""pvalue""__autolag_""AIC""",0.0
1,y,740,"y__augmented_dickey_fuller__attr_""usedlag""__autolag_""AIC""",32.0
1,y,741,y__number_crossing_m__m_0,99.0
1,y,742,y__number_crossing_m__m_-1,178.0
1,y,743,y__number_crossing_m__m_1,198.0
1,y,744,y__energy_ratio_by_chunks__num_segments_10__segment_focus_0,0.09902965631218158
1,y,745,y__energy_ratio_by_chunks__num_segments_10__segment_focus_1,0.10021305617984871
1,y,746,y__energy_ratio_by_chunks__num_segments_10__segment_focus_2,0.09895153527104505
1,y,747,y__energy_ratio_by_chunks__num_segments_10__segment_focus_3,0.0992133108759746
1,y,748,y__energy_ratio_by_chunks__num_segments_10__segment_focus_4,0.10074096954549085
1,y,749,y__energy_ratio_by_chunks__num_segments_10__segment_focus_5,0.10038973390324968
1,y,750,y__energy_ratio_by_chunks__num_segments_10__segment_focus_6,0.09952755543777206
1,y,751,y__energy_ratio_by_chunks__num_segments_10__segment_focus_7,0.10037064790606663
1,y,752,y__energy_ratio_by_chunks__num_segments_10__segment_focus_8,0.10096461450455459
1,y,753,y__energy_ratio_by_chunks__num_segments_10__segment_focus_9,0.1005989200638162
1,y,754,y__ratio_beyond_r_sigma__r_0.5,0.7454
1,y,755,y__ratio_beyond_r_sigma__r_1,0.4912
1,y,756,y__ratio_beyond_r_sigma__r_1.5,0.0008
1,y,757,y__ratio_beyond_r_sigma__r_2,0.0
1,y,758,y__ratio_beyond_r_sigma__r_2.5,0.0
1,y,759,y__ratio_beyond_r_sigma__r_3,0.0
1,y,760,y__ratio_beyond_r_sigma__r_5,0.0
1,y,761,y__ratio_beyond_r_sigma__r_6,0.0
1,y,762,y__ratio_beyond_r_sigma__r_7,0.0
1,y,763,y__ratio_beyond_r_sigma__r_10,0.0
1,y,764,y__count_above__t_0,0.4994
1,y,765,y__count_below__t_0,0.5006
1,y,766,y__lempel_ziv_complexity__bins_2,0.0388
1,y,767,y__lempel_ziv_complexity__bins_3,0.0756
1,y,768,y__lempel_ziv_complexity__bins_5,0.101
1,y,769,y__lempel_ziv_complexity__bins_10,0.1506
1,y,770,y__lempel_ziv_complexity__bins_100,0.3858
1,y,771,y__fourier_entropy__bins_2,0.07998252574647073
1,y,772,y__fourier_entropy__bins_3,0.07998252574647073
1,y,773,y__fourier_entropy__bins_5,0.07998252574647073
1,y,774,y__fourier_entropy__bins_10,0.09072899366212879
1,y,775,y__fourier_entropy__bins_100,0.22636345757853585
1,y,776,y__permutation_entropy__dimension_3__tau_1,1.4776225333844604
1,y,777,y__permutation_entropy__dimension_4__tau_1,2.230230863191271
1,y,778,y__permutation_entropy__dimension_5__tau_1,2.9704023005553637
1,y,779,y__permutation_entropy__dimension_6__tau_1,3.6647577459658
1,y,780,y__permutation_entropy__dimension_7__tau_1,4.226186587319239
1,y,781,y__query_similarity_count__query_None__threshold_0.0,
1,y,782,y__mean_n_absolute_max__number_of_maxima_7,1.5677826960900456
12,y,0,y__variance_larger_than_standard_deviation,1.0
12,y,1,y__has_duplicate_max,0.0
12,y,2,y__has_duplicate_min,0.0
12,y,3,y__has_duplicate,0.0
12,y,4,y__sum_values,40.026259366791976
12,y,5,y__abs_energy,5599.383948540754
12,y,6,y__mean_abs_change,0.09867496062000501
12,y,7,y__mean_change,-1.5134318138429928e-05
12,y,8,y__mean_second_derivative_central,1.0146495424221691e-05
12,y,9,y__median,-0.0026388868950288336
12,y,10,y__mean,0.008005251873358396
12,y,11,y__length,5000.0
12,y,12,y__standard_deviation,1.05821203246353
12,y,13,y__variation_coefficient,132.18972359698967
12,y,14,y__variance,1.1198127056505949
12,y,15,y__skewness,-0.005259159800851628
12,y,16,y__kurtosis,-1.500347068473131
12,y,17,y__root_mean_square,1.0582423114335162
12,y,18,y__absolute_sum_of_changes,493.27612813940505
12,y,19,y__longest_strike_below_mean,51.0
12,y,20,y__longest_strike_above_mean,51.0
12,y,21,y__count_above_mean,2489.0
12,y,22,y__count_below_mean,2511.0
12,y,23,y__last_location_of_maximum,0.04520000000000002
12,y,24,y__first_location_of_maximum,0.045
12,y,25,y__last_location_of_minimum,0.19540000000000002
12,y,26,y__first_location_of_minimum,0.1952
12,y,27,y__percentage_of_reoccurring_values_to_all_values,0.0
12,y,28,y__percentage_of_reoccurring_datapoints_to_all_datapoints,0.0
12,y,29,y__sum_of_reoccurring_values,0.0
12,y,30,y__sum_of_reoccurring_data_points,0.0
12,y,31,y__ratio_value_number_to_time_series_length,1.0
12,y,32,y__sample_entropy,0.24401732905542994
12,y,33,y__maximum,1.573481059471842
12,y,34,y__absolute_maximum,1.576963870820271
12,y,35,y__minimum,-1.576963870820271
12,y,36,y__benford_correlation,0.8569631975340474
12,y,37,y__time_reversal_asymmetry_statistic__lag_1,-0.0007762894557949255
12,y,38,y__time_reversal_asymmetry_statistic__lag_2,-0.003179299818459954
12,y,39,y__time_reversal_asymmetry_statistic__lag_3,-0.0029475654971541643
12,y,40,y__c3__lag_1,0.014865438824158377
12,y,41,y__c3__lag_2,0.015716829459951193
12,y,42,y__c3__lag_3,0.014567190873899682
12,y,43,y__cid_ce__normalize_True,13.520778088560204
12,y,44,y__cid_ce__normalize_False,14.307850061583654
12,y,45,y__symmetry_looking__r_0.0,0.0
12,y,46,y__symmetry_looking__r_0.05,1.0
12,y,47,y__symmetry_looking__r_0.1,1.0
12,y,48,y__symmetry_looking__r_0.15000000000000002,1.0
12,y,49,y__symmetry_looking__r_0.2,1.0
12,y,50,y__symmetry_looking__r_0.25,1.0
12,y,51,y__symmetry_looking__r_0.30000000000000004,1.0
12,y,52,y__symmetry_looking__r_0.35000000000000003,1.0
12,y,53,y__symmetry_looking__r_0.4,1.0
12,y,54,y__symmetry_looking__r_0.45,1.0
12,y,55,y__symmetry_looking__r_0.5,1.0
12,y,56,y__symmetry_looking__r_0.55,1.0
12,y,57,y__symmetry_looking__r_0.6000000000000001,1.0
12,y,58,y__symmetry_looking__r_0.65,1.0
12,y,59,y__symmetry_looking__r_0.7000000000000001,1.0
12,y,60,y__symmetry_looking__r_0.75,1.0
12,y,61,y__symmetry_looking__r_0.8,1.0
12,y,62,y__symmetry_looking__r_0.8500000000000001,1.0
12,y,63,y__symmetry_looking__r_0.9,1.0
12,y,64,y__symmetry_looking__r_0.9500000000000001,1.0
12,y,65,y__large_standard_deviation__r_0.05,1.0
12,y,66,y__large_standard_deviation__r_0.1,1.0
12,y,67,y__large_standard_deviation__r_0.15000000000000002,1.0
12,y,68,y__large_standard_deviation__r_0.2,1.0
12,y,69,y__large_standard_deviation__r_0.25,1.0
12,y,70,y__large_standard_deviation__r_0.30000000000000004,1.0
12,y,71,y__large_standard_deviation__r_0.35000000000000003,0.0
12,y,72,y__large_standard_deviation__r_0.4,0.0
12,y,73,y__large_standard_deviation__r_0.45,0.0
12,y,74,y__large_standard_deviation__r_0.5,0.0
12,y,75,y__large_standard_deviation__r_0.55,0.0
12,y,76,y__large_standard_deviation__r_0.6000000000000001,0.0
12,y,77,y__large_standard_deviation__r_0.65,0.0
12,y,78,y__large_standard_deviation__r_0.7000000000000001,0.0
12,y,79,y__large_standard_deviation__r_0.75,0.0
12,y,80,y__large_standard_deviation__r_0.8,0.0
12,y,81,y__large_standard_deviation__r_0.8500000000000001,0.0
12,y,82,y__large_standard_deviation__r_0.9,0.0
12,y,83,y__large_standard_deviation__r_0.9500000000000001,0.0
12,y,84,y__quantile__q_0.1,-1.4156848617918887
12,y,85,y__quantile__q_0.2,-1.2022931465776978
12,y,86,y__quantile__q_0.3,-0.8677298423848887
12,y,87,y__quantile__q_0.4,-0.4467282282097323
12,y,88,y__quantile__q_0.6,0.4628336267334222
12,y,89,y__quantile__q_0.7,0.9122620070468915
12,y,90,y__quantile__q_0.8,1.2073304760771166
12,y,91,y__quantile__q_0.9,1.4166987667746127
12,y,92,y__autocorrelation__lag_0,1.0
12,y,93,y__autocorrelation__lag_1,0.9819149819116043
12,y,94,y__autocorrelation__lag_2,0.9732970453333694
12,y,95,y__autocorrelation__lag_3,0.9621044882647841
12,y,96,y__autocorrelation__lag_4,0.947001580038622
12,y,97,y__autocorrelation__lag_5,0.9285028097800195
12,y,98,y__autocorrelation__lag_6,0.9076502491436379
12,y,99,y__autocorrelation__lag_7,0.8826102215919476
12,y,100,y__autocorrelation__lag_8,0.8555147244510052
12,y,101,y__autocorrelation__lag_9,0.8241478239903123
12,y,102,"y__agg_autocorrelation__f_agg_""mean""__maxlag_40",0.2087595318557242
12,y,103,"y__agg_autocorrelation__f_agg_""median""__maxlag_40",0.27442388767523757
12,y,104,"y__agg_autocorrelation__f_agg_""var""__maxlag_40",0.3387053353860056
12,y,105,y__partial_autocorrelation__lag_0,1.0
12,y,106,y__partial_autocorrelation__lag_1,0.9819149819116045
12,y,107,y__partial_autocorrelation__lag_2,0.25500158231961295
12,y,108,y__partial_autocorrelation__lag_3,-0.008254051942625485
12,y,109,y__partial_autocorrelation__lag_4,-0.14298329046770386
12,y,110,y__partial_autocorrelation__lag_5,-0.17822419841801607
12,y,111,y__partial_autocorrelation__lag_6,-0.14668005372378853
12,y,112,y__partial_autocorrelation__lag_7,-0.17236911634912766
12,y,113,y__partial_autocorrelation__lag_8,-0.12462049172145141
12,y,114,y__partial_autocorrelation__lag_9,-0.15789186401999797
12,y,115,y__number_cwt_peaks__n_1,348.0
12,y,116,y__number_cwt_peaks__n_5,253.0
12,y,117,y__number_peaks__n_1,662.0
12,y,118,y__number_peaks__n_3,142.0
12,y,119,y__number_peaks__n_5,103.0
12,y,120,y__number_peaks__n_10,79.0
12,y,121,y__number_peaks__n_50,49.0
12,y,122,y__binned_entropy__max_bins_10,2.225474489001094
12,y,123,y__index_mass_quantile__q_0.1,0.1042
12,y,124,y__index_mass_quantile__q_0.2,0.2056
12,y,125,y__index_mass_quantile__q_0.3,0.3056
12,y,126,y__index_mass_quantile__q_0.4,0.4054
12,y,127,y__index_mass_quantile__q_0.6,0.6048
12,y,128,y__index_mass_quantile__q_0.7,0.698
12,y,129,y__index_mass_quantile__q_0.8,0.798
12,y,130,y__index_mass_quantile__q_0.9,0.9008
12,y,131,"y__cwt_coefficients__coeff_0__w_2__widths_(2, 5, 10, 20)",-0.19003163488062202
12,y,132,"y__cwt_coefficients__coeff_0__w_5__widths_(2, 5, 10, 20)",-0.8277225864379648
12,y,133,"y__cwt_coefficients__coeff_0__w_10__widths_(2, 5, 10, 20)",-1.735230021151417
12,y,134,"y__cwt_coefficients__coeff_0__w_20__widths_(2, 5, 10, 20)",-0.4116750608022633
12,y,135,"y__cwt_coefficients__coeff_1__w_2__widths_(2, 5, 10, 20)",-0.20074797922429186
12,y,136,"y__cwt_coefficients__coeff_1__w_5__widths_(2, 5, 10, 20)",-0.8098689874547798
12,y,137,"y__cwt_coefficients__coeff_1__w_10__widths_(2, 5, 10, 20)",-1.6301060178127214
12,y,138,"y__cwt_coefficients__coeff_1__w_20__widths_(2, 5, 10, 20)",-0.08182566170017379
12,y,139,"y__cwt_coefficients__coeff_2__w_2__widths_(2, 5, 10, 20)",-0.17617803039766475
12,y,140,"y__cwt_coefficients__coeff_2__w_5__widths_(2, 5, 10, 20)",-0.7551755011572823
12,y,141,"y__cwt_coefficients__coeff_2__w_10__widths_(2, 5, 10, 20)",-1.4964670283077224
12,y,142,"y__cwt_coefficients__coeff_2__w_20__widths_(2, 5, 10, 20)",0.2671938033316595
12,y,143,"y__cwt_coefficients__coeff_3__w_2__widths_(2, 5, 10, 20)",-0.12496984664817701
12,y,144,"y__cwt_coefficients__coeff_3__w_5__widths_(2, 5, 10, 20)",-0.6607604982003713
12,y,145,"y__cwt_coefficients__coeff_3__w_10__widths_(2, 5, 10, 20)",-1.3273217912342927
12,y,146,"y__cwt_coefficients__coeff_3__w_20__widths_(2, 5, 10, 20)",0.6447032394850163
12,y,147,"y__cwt_coefficients__coeff_4__w_2__widths_(2, 5, 10, 20)",-0.06732456473037367
12,y,148,"y__cwt_coefficients__coeff_4__w_5__widths_(2, 5, 10, 20)",-0.544739559786455
12,y,149,"y__cwt_coefficients__coeff_4__w_10__widths_(2, 5, 10, 20)",-1.1320956415707097
12,y,150,"y__cwt_coefficients__coeff_4__w_20__widths_(2, 5, 10, 20)",1.0022442819094945
12,y,151,"y__cwt_coefficients__coeff_5__w_2__widths_(2, 5, 10, 20)",-0.01878195608334703
12,y,152,"y__cwt_coefficients__coeff_5__w_5__widths_(2, 5, 10, 20)",-0.40445570557983307
12,y,153,"y__cwt_coefficients__coeff_5__w_10__widths_(2, 5, 10, 20)",-0.9074057874431615
12,y,154,"y__cwt_coefficients__coeff_5__w_20__widths_(2, 5, 10, 20)",1.3870456960536277
12,y,155,"y__cwt_coefficients__coeff_6__w_2__widths_(2, 5, 10, 20)",0.01722066254409356
12,y,156,"y__cwt_coefficients__coeff_6__w_5__widths_(2, 5, 10, 20)",-0.25921682731451035
12,y,157,"y__cwt_coefficients__coeff_6__w_10__widths_(2, 5, 10, 20)",-0.6610410158685753
12,y,158,"y__cwt_coefficients__coeff_6__w_20__widths_(2, 5, 10, 20)",1.7934546009134607
12,y,159,"y__cwt_coefficients__coeff_7__w_2__widths_(2, 5, 10, 20)",0.04225060008646886
12,y,160,"y__cwt_coefficients__coeff_7__w_5__widths_(2, 5, 10, 20)",-0.11606327465889274
12,y,161,"y__cwt_coefficients__coeff_7__w_10__widths_(2, 5, 10, 20)",-0.3942323946857961
12,y,162,"y__cwt_coefficients__coeff_7__w_20__widths_(2, 5, 10, 20)",2.209350736320064
12,y,163,"y__cwt_coefficients__coeff_8__w_2__widths_(2, 5, 10, 20)",0.057887925008258456
12,y,164,"y__cwt_coefficients__coeff_8__w_5__widths_(2, 5, 10, 20)",0.016633603450300394
12,y,165,"y__cwt_coefficients__coeff_8__w_10__widths_(2, 5, 10, 20)",-0.11545250085456073
12,y,166,"y__cwt_coefficients__coeff_8__w_20__widths_(2, 5, 10, 20)",2.617200321668912
12,y,167,"y__cwt_coefficients__coeff_9__w_2__widths_(2, 5, 10, 20)",0.06302748417916414
12,y,168,"y__cwt_coefficients__coeff_9__w_5__widths_(2, 5, 10, 20)",0.1320704335298722
12,y,169,"y__cwt_coefficients__coeff_9__w_10__widths_(2, 5, 10, 20)",0.17200657434601543
12,y,170,"y__cwt_coefficients__coeff_9__w_20__widths_(2, 5, 10, 20)",3.0532991549562523
12,y,171,"y__cwt_coefficients__coeff_10__w_2__widths_(2, 5, 10, 20)",0.0526751207258205
12,y,172,"y__cwt_coefficients__coeff_10__w_5__widths_(2, 5, 10, 20)",0.23116864747561525
12,y,173,"y__cwt_coefficients__coeff_10__w_10__widths_(2, 5, 10, 20)",0.4737000746474255
12,y,174,"y__cwt_coefficients__coeff_10__w_20__widths_(2, 5, 10, 20)",3.4510977427315144
12,y,175,"y__cwt_coefficients__coeff_11__w_2__widths_(2, 5, 10, 20)",0.03170470467073651
12,y,176,"y__cwt_coefficients__coeff_11__w_5__widths_(2, 5, 10, 20)",0.30996508799119094
12,y,177,"y__cwt_coefficients__coeff_11__w_10__widths_(2, 5, 10, 20)",0.7673479928526822
12,y,178,"y__cwt_coefficients__coeff_11__w_20__widths_(2, 5, 10, 20)",3.876815873254484
12,y,179,"y__cwt_coefficients__coeff_12__w_2__widths_(2, 5, 10, 20)",0.022783136928771843
12,y,180,"y__cwt_coefficients__coeff_12__w_5__widths_(2, 5, 10, 20)",0.3737873838098883
12,y,181,"y__cwt_coefficients__coeff_12__w_10__widths_(2, 5, 10, 20)",1.0670781173880461
12,y,182,"y__cwt_coefficients__coeff_12__w_20__widths_(2, 5, 10, 20)",4.299125285264761
12,y,183,"y__cwt_coefficients__coeff_13__w_2__widths_(2, 5, 10, 20)",0.039474939293405086
12,y,184,"y__cwt_coefficients__coeff_13__w_5__widths_(2, 5, 10, 20)",0.42355774759540343
12,y,185,"y__cwt_coefficients__coeff_13__w_10__widths_(2, 5, 10, 20)",1.346211529268005
12,y,186,"y__cwt_coefficients__coeff_13__w_20__widths_(2, 5, 10, 20)",4.695560804034672
12,y,187,"y__cwt_coefficients__coeff_14__w_2__widths_(2, 5, 10, 20)",0.0626789708015123
12,y,188,"y__cwt_coefficients__coeff_14__w_5__widths_(2, 5, 10, 20)",0.47027141340826023
12,y,189,"y__cwt_coefficients__coeff_14__w_10__widths_(2, 5, 10, 20)",1.616922717052513
12,y,190,"y__cwt_coefficients__coeff_14__w_20__widths_(2, 5, 10, 20)",5.101513220336116
12,y,191,y__spkt_welch_density__coeff_2,122.99544821504416
12,y,192,y__spkt_welch_density__coeff_5,0.2257711012291985
12,y,193,y__spkt_welch_density__coeff_8,0.2238355815541112
12,y,194,y__ar_coefficient__coeff_0__k_10,0.00022315004641405893
12,y,195,y__ar_coefficient__coeff_1__k_10,0.6009747769501668
12,y,196,y__ar_coefficient__coeff_2__k_10,0.2775141529935772
12,y,197,y__ar_coefficient__coeff_3__k_10,0.16663431127544803
12,y,198,y__ar_coefficient__coeff_4__k_10,0.07289225074572506
12,y,199,y__ar_coefficient__coeff_5__k_10,0.012694795908862053
12,y,200,y__ar_coefficient__coeff_6__k_10,0.044081204620122785
12,y,201,y__ar_coefficient__coeff_7__k_10,-0.020408996362936506
12,y,202,y__ar_coefficient__coeff_8__k_10,0.013910732989933007
12,y,203,y__ar_coefficient__coeff_9__k_10,-0.07412704559388611
12,y,204,y__ar_coefficient__coeff_10__k_10,-0.1304315171084809
12,y,205,"y__change_quantiles__f_agg_""mean""__isabs_False__qh_0.2__ql_0.0",-0.0005573440394969913
12,y,206,"y__change_quantiles__f_agg_""var""__isabs_False__qh_0.2__ql_0.0",0.002728153948337811
12,y,207,"y__change_quantiles__f_agg_""mean""__isabs_True__qh_0.2__ql_0.0",0.04212986817323146
12,y,208,"y__change_quantiles__f_agg_""var""__isabs_True__qh_0.2__ql_0.0",0.0009535387884223131
12,y,209,"y__change_quantiles__f_agg_""mean""__isabs_False__qh_0.4__ql_0.0",-0.0010717472961318678
12,y,210,"y__change_quantiles__f_agg_""var""__isabs_False__qh_0.4__ql_0.0",0.01054828659276645
12,y,211,"y__change_quantiles__f_agg_""mean""__isabs_True__qh_0.4__ql_0.0",0.06830787893423668
12,y,212,"y__change_quantiles__f_agg_""var""__isabs_True__qh_0.4__ql_0.0",0.005883468910538878
12,y,213,"y__change_quantiles__f_agg_""mean""__isabs_False__qh_0.6__ql_0.0",-0.0003278812392313764
12,y,214,"y__change_quantiles__f_agg_""var""__isabs_False__qh_0.6__ql_0.0",0.033081657737004326
12,y,215,"y__change_quantiles__f_agg_""mean""__isabs_True__qh_0.6__ql_0.0",0.0955787499349797
12,y,216,"y__change_quantiles__f_agg_""var""__isabs_True__qh_0.6__ql_0.0",0.023946467803977994
12,y,217,"y__change_quantiles__f_agg_""mean""__isabs_False__qh_0.8__ql_0.0",-0.00033568423549898484
12,y,218,"y__change_quantiles__f_agg_""var""__isabs_False__qh_0.8__ql_0.0",0.02992656673656746
12,y,219,"y__change_quantiles__f_agg_""mean""__isabs_True__qh_0.8__ql_0.0",0.09530143279707164
12,y,220,"y__change_quantiles__f_agg_""var""__isabs_True__qh_0.8__ql_0.0",0.020844316327298665
12,y,221,"y__change_quantiles__f_agg_""mean""__isabs_False__qh_1.0__ql_0.0",-1.5134318138429437e-05
12,y,222,"y__change_quantiles__f_agg_""var""__isabs_False__qh_1.0__ql_0.0",0.04095110466888388
12,y,223,"y__change_quantiles__f_agg_""mean""__isabs_True__qh_1.0__ql_0.0",0.09867496062000501
12,y,224,"y__change_quantiles__f_agg_""var""__isabs_True__qh_1.0__ql_0.0",0.03121435704457192
12,y,225,"y__change_quantiles__f_agg_""mean""__isabs_False__qh_0.4__ql_0.2",-0.0031805662747008264
12,y,226,"y__change_quantiles__f_agg_""var""__isabs_False__qh_0.4__ql_0.2",0.016093221864506492
12,y,227,"y__change_quantiles__f_agg_""mean""__isabs_True__qh_0.4__ql_0.2",0.08944374015336706
12,y,228,"y__change_quantiles__f_agg_""var""__isabs_True__qh_0.4__ql_0.2",0.008103155213711206
12,y,229,"y__change_quantiles__f_agg_""mean""__isabs_False__qh_0.6__ql_0.2",-0.0020262219442148087
12,y,230,"y__change_quantiles__f_agg_""var""__isabs_False__qh_0.6__ql_0.2",0.015273726996486818
12,y,231,"y__change_quantiles__f_agg_""mean""__isabs_True__qh_0.6__ql_0.2",0.09439895124075251
12,y,232,"y__change_quantiles__f_agg_""var""__isabs_True__qh_0.6__ql_0.2",0.006366670576500071
12,y,233,"y__change_quantiles__f_agg_""mean""__isabs_False__qh_0.8__ql_0.2",-0.0014455082884932365
12,y,234,"y__change_quantiles__f_agg_""var""__isabs_False__qh_0.8__ql_0.2",0.01709809356330642
12,y,235,"y__change_quantiles__f_agg_""mean""__isabs_True__qh_0.8__ql_0.2",0.09442500033393747
12,y,236,"y__change_quantiles__f_agg_""var""__isabs_True__qh_0.8__ql_0.2",0.008184102369454433
12,y,237,"y__change_quantiles__f_agg_""mean""__isabs_False__qh_1.0__ql_0.2",-0.0007219351768857036
12,y,238,"y__change_quantiles__f_agg_""var""__isabs_False__qh_1.0__ql_0.2",0.034818201355546634
12,y,239,"y__change_quantiles__f_agg_""mean""__isabs_True__qh_1.0__ql_0.2",0.09898485712019937
12,y,240,"y__change_quantiles__f_agg_""var""__isabs_True__qh_1.0__ql_0.2",0.025020720606839974
12,y,241,"y__change_quantiles__f_agg_""mean""__isabs_False__qh_0.6__ql_0.4",-0.0016683687570114558
12,y,242,"y__change_quantiles__f_agg_""var""__isabs_False__qh_0.6__ql_0.4",0.010083535081835005
12,y,243,"y__change_quantiles__f_agg_""mean""__isabs_True__qh_0.6__ql_0.4",0.09033748039860887
12,y,244,"y__change_quantiles__f_agg_""var""__isabs_True__qh_0.6__ql_0.4",0.0019254581713753366
12,y,245,"y__change_quantiles__f_agg_""mean""__isabs_False__qh_0.8__ql_0.4",-0.0009623647612049776
12,y,246,"y__change_quantiles__f_agg_""var""__isabs_False__qh_0.8__ql_0.4",0.015705592348917847
12,y,247,"y__change_quantiles__f_agg_""mean""__isabs_True__qh_0.8__ql_0.4",0.0925676816784975
12,y,248,"y__change_quantiles__f_agg_""var""__isabs_True__qh_0.8__ql_0.4",0.007137742803519816
12,y,249,"y__change_quantiles__f_agg_""mean""__isabs_False__qh_1.0__ql_0.4",-0.00017568289063738261
12,y,250,"y__change_quantiles__f_agg_""var""__isabs_False__qh_1.0__ql_0.4",0.03998291016140514
12,y,251,"y__change_quantiles__f_agg_""mean""__isabs_True__qh_1.0__ql_0.4",0.09938323833510714
12,y,252,"y__change_quantiles__f_agg_""var""__isabs_True__qh_1.0__ql_0.4",0.0301059129639105
12,y,253,"y__change_quantiles__f_agg_""mean""__isabs_False__qh_0.8__ql_0.6",-0.0021452866888823884
12,y,254,"y__change_quantiles__f_agg_""var""__isabs_False__qh_0.8__ql_0.6",0.011791511617292754
12,y,255,"y__change_quantiles__f_agg_""mean""__isabs_True__qh_0.8__ql_0.6",0.0806991587557394
12,y,256,"y__change_quantiles__f_agg_""var""__isabs_True__qh_0.8__ql_0.6",0.005283759648386219
12,y,257,"y__change_quantiles__f_agg_""mean""__isabs_False__qh_1.0__ql_0.6",-0.0004362462022360079
12,y,258,"y__change_quantiles__f_agg_""var""__isabs_False__qh_1.0__ql_0.6",0.008079552900555087
12,y,259,"y__change_quantiles__f_agg_""mean""__isabs_True__qh_1.0__ql_0.6",0.06483679959989164
12,y,260,"y__change_quantiles__f_agg_""var""__isabs_True__qh_1.0__ql_0.6",0.003875932628947544
12,y,261,"y__change_quantiles__f_agg_""mean""__isabs_False__qh_1.0__ql_0.8",-0.000518594471541289
12,y,262,"y__change_quantiles__f_agg_""var""__isabs_False__qh_1.0__ql_0.8",0.002718848442406313
12,y,263,"y__change_quantiles__f_agg_""mean""__isabs_True__qh_1.0__ql_0.8",0.041871073164232955
12,y,264,"y__change_quantiles__f_agg_""var""__isabs_True__qh_1.0__ql_0.8",0.0009659306147076771
12,y,265,"y__fft_coefficient__attr_""real""__coeff_0",40.02625936679195
12,y,266,"y__fft_coefficient__attr_""real""__coeff_1",1.0909206965475842
12,y,267,"y__fft_coefficient__attr_""real""__coeff_2",-14.390954178584614
12,y,268,"y__fft_coefficient__attr_""real""__coeff_3",-26.176062852038736
12,y,269,"y__fft_coefficient__attr_""real""__coeff_4",1.373597632368119
12,y,270,"y__fft_coefficient__attr_""real""__coeff_5",27.18368000166238
12,y,271,"y__fft_coefficient__attr_""real""__coeff_6",-9.119766321404162
12,y,272,"y__fft_coefficient__attr_""real""__coeff_7",5.019688692751623
12,y,273,"y__fft_coefficient__attr_""real""__coeff_8",-2.250774418892167
12,y,274,"y__fft_coefficient__attr_""real""__coeff_9",1.9016275787771468
12,y,275,"y__fft_coefficient__attr_""real""__coeff_10",0.03667375512006821
12,y,276,"y__fft_coefficient__attr_""real""__coeff_11",11.377594872869356
12,y,277,"y__fft_coefficient__attr_""real""__coeff_12",-10.801201310572509
12,y,278,"y__fft_coefficient__attr_""real""__coeff_13",16.197003234068653
12,y,279,"y__fft_coefficient__attr_""real""__coeff_14",-10.77611887605202
12,y,280,"y__fft_coefficient__attr_""real""__coeff_15",-4.844566303303006
12,y,281,"y__fft_coefficient__attr_""real""__coeff_16",10.730094883457248
12,y,282,"y__fft_coefficient__attr_""real""__coeff_17",0.14917568506331835
12,y,283,"y__fft_coefficient__attr_""real""__coeff_18",-33.723038412357916
12,y,284,"y__fft_coefficient__attr_""real""__coeff_19",13.12403635852491
12,y,285,"y__fft_coefficient__attr_""real""__coeff_20",0.3775215234707381
12,y,286,"y__fft_coefficient__attr_""real""__coeff_21",-7.12796529242725
12,y,287,"y__fft_coefficient__attr_""real""__coeff_22",11.36278603830134
12,y,288,"y__fft_coefficient__attr_""real""__coeff_23",-3.477162292182788
12,y,289,"y__fft_coefficient__attr_""real""__coeff_24",15.694388572201305
12,y,290,"y__fft_coefficient__attr_""real""__coeff_25",-6.606459115615077
12,y,291,"y__fft_coefficient__attr_""real""__coeff_26",-17.748467012596038
12,y,292,"y__fft_coefficient__attr_""real""__coeff_27",-7.611910799116393
12,y,293,"y__fft_coefficient__attr_""real""__coeff_28",23.859893306848456
12,y,294,"y__fft_coefficient__attr_""real""__coeff_29",13.945072122168714
12,y,295,"y__fft_coefficient__attr_""real""__coeff_30",-13.015812787001831
12,y,296,"y__fft_coefficient__attr_""real""__coeff_31",-16.376942627511404
12,y,297,"y__fft_coefficient__attr_""real""__coeff_32",21.945355881566254
12,y,298,"y__fft_coefficient__attr_""real""__coeff_33",-4.900809536774556
12,y,299,"y__fft_coefficient__attr_""real""__coeff_34",-8.173521834824701
12,y,300,"y__fft_coefficient__attr_""real""__coeff_35",1.8571260669255734
12,y,301,"y__fft_coefficient__attr_""real""__coeff_36",-25.252711105181803
12,y,302,"y__fft_coefficient__attr_""real""__coeff_37",14.259312625594642
12,y,303,"y__fft_coefficient__attr_""real""__coeff_38",2.5869678771818503
12,y,304,"y__fft_coefficient__attr_""real""__coeff_39",17.21342668978772
12,y,305,"y__fft_coefficient__attr_""real""__coeff_40",-0.20020575563766507
12,y,306,"y__fft_coefficient__attr_""real""__coeff_41",-0.9041898321534718
12,y,307,"y__fft_coefficient__attr_""real""__coeff_42",-27.165548564048613
12,y,308,"y__fft_coefficient__attr_""real""__coeff_43",-5.11256179583037
12,y,309,"y__fft_coefficient__attr_""real""__coeff_44",14.514275516722858
12,y,310,"y__fft_coefficient__attr_""real""__coeff_45",-7.669388114900441
12,y,311,"y__fft_coefficient__attr_""real""__coeff_46",-14.43376367154109
12,y,312,"y__fft_coefficient__attr_""real""__coeff_47",-15.82372147858604
12,y,313,"y__fft_coefficient__attr_""real""__coeff_48",-4.716577254519274
12,y,314,"y__fft_coefficient__attr_""real""__coeff_49",-11.524301276297823
12,y,315,"y__fft_coefficient__attr_""real""__coeff_50",1.3388276199267701
12,y,316,"y__fft_coefficient__attr_""real""__coeff_51",22.262150098500243
12,y,317,"y__fft_coefficient__attr_""real""__coeff_52",18.86123468488119
12,y,318,"y__fft_coefficient__attr_""real""__coeff_53",5.6467583851008705
12,y,319,"y__fft_coefficient__attr_""real""__coeff_54",20.48831319893236
12,y,320,"y__fft_coefficient__attr_""real""__coeff_55",-23.1040917118414
12,y,321,"y__fft_coefficient__attr_""real""__coeff_56",19.374711690010223
12,y,322,"y__fft_coefficient__attr_""real""__coeff_57",27.977293889440805
12,y,323,"y__fft_coefficient__attr_""real""__coeff_58",-13.91592905417115
12,y,324,"y__fft_coefficient__attr_""real""__coeff_59",-0.581113471069405
12,y,325,"y__fft_coefficient__attr_""real""__coeff_60",1.776351670945973
12,y,326,"y__fft_coefficient__attr_""real""__coeff_61",-5.781658884682839
12,y,327,"y__fft_coefficient__attr_""real""__coeff_62",2.8145668404187605
12,y,328,"y__fft_coefficient__attr_""real""__coeff_63",-5.723784939330874
12,y,329,"y__fft_coefficient__attr_""real""__coeff_64",-5.309601364783834
12,y,330,"y__fft_coefficient__attr_""real""__coeff_65",2.998495803277256
12,y,331,"y__fft_coefficient__attr_""real""__coeff_66",23.937572556310304
12,y,332,"y__fft_coefficient__attr_""real""__coeff_67",7.537728904665637
12,y,333,"y__fft_coefficient__attr_""real""__coeff_68",-8.095811707077898
12,y,334,"y__fft_coefficient__attr_""real""__coeff_69",7.869115327785738
12,y,335,"y__fft_coefficient__attr_""real""__coeff_70",-12.438503720419185
12,y,336,"y__fft_coefficient__attr_""real""__coeff_71",-3.9339620092727037
12,y,337,"y__fft_coefficient__attr_""real""__coeff_72",27.14058562989533
12,y,338,"y__fft_coefficient__attr_""real""__coeff_73",-2.889602838706166
12,y,339,"y__fft_coefficient__attr_""real""__coeff_74",-22.736508704024992
12,y,340,"y__fft_coefficient__attr_""real""__coeff_75",8.922349641321254
12,y,341,"y__fft_coefficient__attr_""real""__coeff_76",16.523475596104078
12,y,342,"y__fft_coefficient__attr_""real""__coeff_77",-14.644619761263368
12,y,343,"y__fft_coefficient__attr_""real""__coeff_78",12.435504058222246
12,y,344,"y__fft_coefficient__attr_""real""__coeff_79",-20.07340438570894
12,y,345,"y__fft_coefficient__attr_""real""__coeff_80",-6.1125111735657285
12,y,346,"y__fft_coefficient__attr_""real""__coeff_81",31.713457359797566
12,y,347,"y__fft_coefficient__attr_""real""__coeff_82",5.61903223555391
12,y,348,"y__fft_coefficient__attr_""real""__coeff_83",-4.019036333431137
12,y,349,"y__fft_coefficient__attr_""real""__coeff_84",12.868744136213337
12,y,350,"y__fft_coefficient__attr_""real""__coeff_85",-1.324142639160121
12,y,351,"y__fft_coefficient__attr_""real""__coeff_86",-23.92133053737257
12,y,352,"y__fft_coefficient__attr_""real""__coeff_87",1.7140930976142963
12,y,353,"y__fft_coefficient__attr_""real""__coeff_88",-10.35705251758763
12,y,354,"y__fft_coefficient__attr_""real""__coeff_89",12.337704366783143
12,y,355,"y__fft_coefficient__attr_""real""__coeff_90",11.224107841758604
12,y,356,"y__fft_coefficient__attr_""real""__coeff_91",-16.881053459950746
12,y,357,"y__fft_coefficient__attr_""real""__coeff_92",-12.683951786364027
12,y,358,"y__fft_coefficient__attr_""real""__coeff_93",-4.293931600545735
12,y,359,"y__fft_coefficient__attr_""real""__coeff_94",8.837751054965661
12,y,360,"y__fft_coefficient__attr_""real""__coeff_95",-7.822429919343918
12,y,361,"y__fft_coefficient__attr_""real""__coeff_96",18.038781371701837
12,y,362,"y__fft_coefficient__attr_""real""__coeff_97",-6.747948734825394
12,y,363,"y__fft_coefficient__attr_""real""__coeff_98",8.855193157380013
12,y,364,"y__fft_coefficient__attr_""real""__coeff_99",-3.027902860063361
12,y,365,"y__fft_coefficient__attr_""imag""__coeff_0",0.0
12,y,366,"y__fft_coefficient__attr_""imag""__coeff_1",1.8751122004536767
12,y,367,"y__fft_coefficient__attr_""imag""__coeff_2",-31.60112453990381
12,y,368,"y__fft_coefficient__attr_""imag""__coeff_3",-4.100099521443451
12,y,369,"y__fft_coefficient__attr_""imag""__coeff_4",15.453318569977998
12,y,370,"y__fft_coefficient__attr_""imag""__coeff_5",7.088479272315326
12,y,371,"y__fft_coefficient__attr_""imag""__coeff_6",15.724361606234696
12,y,372,"y__fft_coefficient__attr_""imag""__coeff_7",14.261063092714553
12,y,373,"y__fft_coefficient__attr_""imag""__coeff_8",-33.38985698120691
12,y,374,"y__fft_coefficient__attr_""imag""__coeff_9",4.187413138840271
12,y,375,"y__fft_coefficient__attr_""imag""__coeff_10",-1.088992258240034
12,y,376,"y__fft_coefficient__attr_""imag""__coeff_11",17.201831995489655
12,y,377,"y__fft_coefficient__attr_""imag""__coeff_12",0.15217906303566242
12,y,378,"y__fft_coefficient__attr_""imag""__coeff_13",-23.996793561133586
12,y,379,"y__fft_coefficient__attr_""imag""__coeff_14",3.204668958148505
12,y,380,"y__fft_coefficient__attr_""imag""__coeff_15",-4.705652147738238
12,y,381,"y__fft_coefficient__attr_""imag""__coeff_16",8.637946044481275
12,y,382,"y__fft_coefficient__attr_""imag""__coeff_17",-10.791533830843948
12,y,383,"y__fft_coefficient__attr_""imag""__coeff_18",-22.825982446916658
12,y,384,"y__fft_coefficient__attr_""imag""__coeff_19",3.8651298405175947
12,y,385,"y__fft_coefficient__attr_""imag""__coeff_20",27.71006031784959
12,y,386,"y__fft_coefficient__attr_""imag""__coeff_21",-9.945723795834931
12,y,387,"y__fft_coefficient__attr_""imag""__coeff_22",13.232746223848476
12,y,388,"y__fft_coefficient__attr_""imag""__coeff_23",-8.662367120715237
12,y,389,"y__fft_coefficient__attr_""imag""__coeff_24",-0.05630916418443466
12,y,390,"y__fft_coefficient__attr_""imag""__coeff_25",-0.89992716361852
12,y,391,"y__fft_coefficient__attr_""imag""__coeff_26",8.584789423582407
12,y,392,"y__fft_coefficient__attr_""imag""__coeff_27",5.928639902290991
12,y,393,"y__fft_coefficient__attr_""imag""__coeff_28",-5.567754251741148
12,y,394,"y__fft_coefficient__attr_""imag""__coeff_29",-10.818080283065754
12,y,395,"y__fft_coefficient__attr_""imag""__coeff_30",-11.914933949185563
12,y,396,"y__fft_coefficient__attr_""imag""__coeff_31",6.923314759517239
12,y,397,"y__fft_coefficient__attr_""imag""__coeff_32",-16.89907315722813
12,y,398,"y__fft_coefficient__attr_""imag""__coeff_33",5.4484888142534755
12,y,399,"y__fft_coefficient__attr_""imag""__coeff_34",-15.550353454437696
12,y,400,"y__fft_coefficient__attr_""imag""__coeff_35",20.945664843748517
12,y,401,"y__fft_coefficient__attr_""imag""__coeff_36",15.371373117338027
12,y,402,"y__fft_coefficient__attr_""imag""__coeff_37",-23.248068204336576
12,y,403,"y__fft_coefficient__attr_""imag""__coeff_38",15.232749105667214
12,y,404,"y__fft_coefficient__attr_""imag""__coeff_39",21.18684030300648
12,y,405,"y__fft_coefficient__attr_""imag""__coeff_40",-28.073538615008133
12,y,406,"y__fft_coefficient__attr_""imag""__coeff_41",-20.451074535770726
12,y,407,"y__fft_coefficient__attr_""imag""__coeff_42",9.503267350466144
12,y,408,"y__fft_coefficient__attr_""imag""__coeff_43",3.509451966772144
12,y,409,"y__fft_coefficient__attr_""imag""__coeff_44",24.42879368564987
12,y,410,"y__fft_coefficient__attr_""imag""__coeff_45",-13.21392241056015
12,y,411,"y__fft_coefficient__attr_""imag""__coeff_46",-16.308486937083043
12,y,412,"y__fft_coefficient__attr_""imag""__coeff_47",-13.832708611872393
12,y,413,"y__fft_coefficient__attr_""imag""__coeff_48",25.52389924638479
12,y,414,"y__fft_coefficient__attr_""imag""__coeff_49",12.936128215718817
12,y,415,"y__fft_coefficient__attr_""imag""__coeff_50",-3693.2393624716274
12,y,416,"y__fft_coefficient__attr_""imag""__coeff_51",23.12695237907482
12,y,417,"y__fft_coefficient__attr_""imag""__coeff_52",-14.915629709128396
12,y,418,"y__fft_coefficient__attr_""imag""__coeff_53",-15.159933601068936
12,y,419,"y__fft_coefficient__attr_""imag""__coeff_54",7.68095579224056
12,y,420,"y__fft_coefficient__attr_""imag""__coeff_55",-2.8957309726092064
12,y,421,"y__fft_coefficient__attr_""imag""__coeff_56",-15.456887213310532
12,y,422,"y__fft_coefficient__attr_""imag""__coeff_57",9.95485287689829
12,y,423,"y__fft_coefficient__attr_""imag""__coeff_58",-0.1635274394253492
12,y,424,"y__fft_coefficient__attr_""imag""__coeff_59",-9.417743395473702
12,y,425,"y__fft_coefficient__attr_""imag""__coeff_60",9.000114178495402
12,y,426,"y__fft_coefficient__attr_""imag""__coeff_61",-17.94968420721758
12,y,427,"y__fft_coefficient__attr_""imag""__coeff_62",-3.9335538957709577
12,y,428,"y__fft_coefficient__attr_""imag""__coeff_63",19.937767826173737
12,y,429,"y__fft_coefficient__attr_""imag""__coeff_64",5.344919266137291
12,y,430,"y__fft_coefficient__attr_""imag""__coeff_65",-1.9826580225127954
12,y,431,"y__fft_coefficient__attr_""imag""__coeff_66",14.061402925592546
12,y,432,"y__fft_coefficient__attr_""imag""__coeff_67",-7.155332753778562
12,y,433,"y__fft_coefficient__attr_""imag""__coeff_68",1.8456913538767452
12,y,434,"y__fft_coefficient__attr_""imag""__coeff_69",-14.07270735690237
12,y,435,"y__fft_coefficient__attr_""imag""__coeff_70",-6.772296145895595
12,y,436,"y__fft_coefficient__attr_""imag""__coeff_71",-8.36819403115187
12,y,437,"y__fft_coefficient__attr_""imag""__coeff_72",12.490994698915989
12,y,438,"y__fft_coefficient__attr_""imag""__coeff_73",-0.724469608978205
12,y,439,"y__fft_coefficient__attr_""imag""__coeff_74",-17.604717004042506
12,y,440,"y__fft_coefficient__attr_""imag""__coeff_75",7.594966578010778
12,y,441,"y__fft_coefficient__attr_""imag""__coeff_76",7.374768101936962
12,y,442,"y__fft_coefficient__attr_""imag""__coeff_77",11.317313137214427
12,y,443,"y__fft_coefficient__attr_""imag""__coeff_78",2.708678838940801
12,y,444,"y__fft_coefficient__attr_""imag""__coeff_79",-15.05070195435352
12,y,445,"y__fft_coefficient__attr_""imag""__coeff_80",8.880609627436787
12,y,446,"y__fft_coefficient__attr_""imag""__coeff_81",4.389984003664347
12,y,447,"y__fft_coefficient__attr_""imag""__coeff_82",-0.32951062749498794
12,y,448,"y__fft_coefficient__attr_""imag""__coeff_83",2.663746727761979
12,y,449,"y__fft_coefficient__attr_""imag""__coeff_84",-28.851508884761472
12,y,450,"y__fft_coefficient__attr_""imag""__coeff_85",-11.662562296186438
12,y,451,"y__fft_coefficient__attr_""imag""__coeff_86",-2.538962416861238
12,y,452,"y__fft_coefficient__attr_""imag""__coeff_87",24.456461792293965
12,y,453,"y__fft_coefficient__attr_""imag""__coeff_88",13.36389833934721
12,y,454,"y__fft_coefficient__attr_""imag""__coeff_89",-18.25845348316872
12,y,455,"y__fft_coefficient__attr_""imag""__coeff_90",-3.6705627919516735
12,y,456,"y__fft_coefficient__attr_""imag""__coeff_91",-5.4943088270627305
12,y,457,"y__fft_coefficient__attr_""imag""__coeff_92",26.86637366997737
12,y,458,"y__fft_coefficient__attr_""imag""__coeff_93",-9.063757467065924
12,y,459,"y__fft_coefficient__attr_""imag""__coeff_94",-4.719931868138664
12,y,460,"y__fft_coefficient__attr_""imag""__coeff_95",19.01499345169715
12,y,461,"y__fft_coefficient__attr_""imag""__coeff_96",-1.3699737127721479
12,y,462,"y__fft_coefficient__attr_""imag""__coeff_97",-15.420954605140405
12,y,463,"y__fft_coefficient__attr_""imag""__coeff_98",-18.490925366394336
12,y,464,"y__fft_coefficient__attr_""imag""__coeff_99",1.4057799044784982
12,y,465,"y__fft_coefficient__attr_""abs""__coeff_0",40.02625936679195
12,y,466,"y__fft_coefficient__attr_""abs""__coeff_1",2.1693671267091
12,y,467,"y__fft_coefficient__attr_""abs""__coeff_2",34.72363221721819
12,y,468,"y__fft_coefficient__attr_""abs""__coeff_3",26.49522754232586
12,y,469,"y__fft_coefficient__attr_""abs""__coeff_4",15.514245881797613
12,y,470,"y__fft_coefficient__attr_""abs""__coeff_5",28.092685824371145
12,y,471,"y__fft_coefficient__attr_""abs""__coeff_6",18.17761496128261
12,y,472,"y__fft_coefficient__attr_""abs""__coeff_7",15.118703486295498
12,y,473,"y__fft_coefficient__attr_""abs""__coeff_8",33.465632142695156
12,y,474,"y__fft_coefficient__attr_""abs""__coeff_9",4.598979913382745
12,y,475,"y__fft_coefficient__attr_""abs""__coeff_10",1.0896096102831212
12,y,476,"y__fft_coefficient__attr_""abs""__coeff_11",20.624080321124495
12,y,477,"y__fft_coefficient__attr_""abs""__coeff_12",10.802273289393288
12,y,478,"y__fft_coefficient__attr_""abs""__coeff_13",28.951494175259636
12,y,479,"y__fft_coefficient__attr_""abs""__coeff_14",11.242537131898889
12,y,480,"y__fft_coefficient__attr_""abs""__coeff_15",6.753738579676625
12,y,481,"y__fft_coefficient__attr_""abs""__coeff_16",13.774942761237345
12,y,482,"y__fft_coefficient__attr_""abs""__coeff_17",10.792564839150309
12,y,483,"y__fft_coefficient__attr_""abs""__coeff_18",40.721846648062446
12,y,484,"y__fft_coefficient__attr_""abs""__coeff_19",13.681358084047918
12,y,485,"y__fft_coefficient__attr_""abs""__coeff_20",27.712631872839975
12,y,486,"y__fft_coefficient__attr_""abs""__coeff_21",12.236229445098056
12,y,487,"y__fft_coefficient__attr_""abs""__coeff_22",17.441859968965232
12,y,488,"y__fft_coefficient__attr_""abs""__coeff_23",9.334198505507917
12,y,489,"y__fft_coefficient__attr_""abs""__coeff_24",15.69448958638713
12,y,490,"y__fft_coefficient__attr_""abs""__coeff_25",6.667471105757565
12,y,491,"y__fft_coefficient__attr_""abs""__coeff_26",19.715645836351953
12,y,492,"y__fft_coefficient__attr_""abs""__coeff_27",9.648313692285388
12,y,493,"y__fft_coefficient__attr_""abs""__coeff_28",24.500906024512098
12,y,494,"y__fft_coefficient__attr_""abs""__coeff_29",17.649246372107314
12,y,495,"y__fft_coefficient__attr_""abs""__coeff_30",17.645878655361287
12,y,496,"y__fft_coefficient__attr_""abs""__coeff_31",17.78022882541587
12,y,497,"y__fft_coefficient__attr_""abs""__coeff_32",27.697965960372308
12,y,498,"y__fft_coefficient__attr_""abs""__coeff_33",7.328298880012038
12,y,499,"y__fft_coefficient__attr_""abs""__coeff_34",17.567582410289088
12,y,500,"y__fft_coefficient__attr_""abs""__coeff_35",21.027833768010844
12,y,501,"y__fft_coefficient__attr_""abs""__coeff_36",29.56312787365698
12,y,502,"y__fft_coefficient__attr_""abs""__coeff_37",27.272709285803053
12,y,503,"y__fft_coefficient__attr_""abs""__coeff_38",15.450859138370786
12,y,504,"y__fft_coefficient__attr_""abs""__coeff_39",27.298063309139643
12,y,505,"y__fft_coefficient__attr_""abs""__coeff_40",28.074252487162383
12,y,506,"y__fft_coefficient__attr_""abs""__coeff_41",20.47105295094074
12,y,507,"y__fft_coefficient__attr_""abs""__coeff_42",28.77983876119044
12,y,508,"y__fft_coefficient__attr_""abs""__coeff_43",6.201172568415196
12,y,509,"y__fft_coefficient__attr_""abs""__coeff_44",28.41531549554549
12,y,510,"y__fft_coefficient__attr_""abs""__coeff_45",15.278326463630757
12,y,511,"y__fft_coefficient__attr_""abs""__coeff_46",21.778436121606795
12,y,512,"y__fft_coefficient__attr_""abs""__coeff_47",21.017468662349273
12,y,513,"y__fft_coefficient__attr_""abs""__coeff_48",25.95603077778748
12,y,514,"y__fft_coefficient__attr_""abs""__coeff_49",17.324922312102764
12,y,515,"y__fft_coefficient__attr_""abs""__coeff_50",3693.2396051392643
12,y,516,"y__fft_coefficient__attr_""abs""__coeff_51",32.10076717700293
12,y,517,"y__fft_coefficient__attr_""abs""__coeff_52",24.046250923127264
12,y,518,"y__fft_coefficient__attr_""abs""__coeff_53",16.17743697402422
12,y,519,"y__fft_coefficient__attr_""abs""__coeff_54",21.880769173406584
12,y,520,"y__fft_coefficient__attr_""abs""__coeff_55",23.284851549771727
12,y,521,"y__fft_coefficient__attr_""abs""__coeff_56",24.784971563349053
12,y,522,"y__fft_coefficient__attr_""abs""__coeff_57",29.695590062782586
12,y,523,"y__fft_coefficient__attr_""abs""__coeff_58",13.916889834448275
12,y,524,"y__fft_coefficient__attr_""abs""__coeff_59",9.435654907278394
12,y,525,"y__fft_coefficient__attr_""abs""__coeff_60",9.173738631813452
12,y,526,"y__fft_coefficient__attr_""abs""__coeff_61",18.857856256681675
12,y,527,"y__fft_coefficient__attr_""abs""__coeff_62",4.836799845984918
12,y,528,"y__fft_coefficient__attr_""abs""__coeff_63",20.74310246617221
12,y,529,"y__fft_coefficient__attr_""abs""__coeff_64",7.533925179774481
12,y,530,"y__fft_coefficient__attr_""abs""__coeff_65",3.5947058177972875
12,y,531,"y__fft_coefficient__attr_""abs""__coeff_66",27.76203220451419
12,y,532,"y__fft_coefficient__attr_""abs""__coeff_67",10.39308153809678
12,y,533,"y__fft_coefficient__attr_""abs""__coeff_68",8.30353802726494
12,y,534,"y__fft_coefficient__attr_""abs""__coeff_69",16.123401266327356
12,y,535,"y__fft_coefficient__attr_""abs""__coeff_70",14.162639933663295
12,y,536,"y__fft_coefficient__attr_""abs""__coeff_71",9.246768540058019
12,y,537,"y__fft_coefficient__attr_""abs""__coeff_72",29.87702021457341
12,y,538,"y__fft_coefficient__attr_""abs""__coeff_73",2.9790368879541864
12,y,539,"y__fft_coefficient__attr_""abs""__coeff_74",28.75543233618002
12,y,540,"y__fft_coefficient__attr_""abs""__coeff_75",11.717160084384195
12,y,541,"y__fft_coefficient__attr_""abs""__coeff_76",18.09454200394124
12,y,542,"y__fft_coefficient__attr_""abs""__coeff_77",18.508010822283193
12,y,543,"y__fft_coefficient__attr_""abs""__coeff_78",12.727085378616254
12,y,544,"y__fft_coefficient__attr_""abs""__coeff_79",25.08914492267482
12,y,545,"y__fft_coefficient__attr_""abs""__coeff_80",10.780909989508716
12,y,546,"y__fft_coefficient__attr_""abs""__coeff_81",32.01586071409181
12,y,547,"y__fft_coefficient__attr_""abs""__coeff_82",5.628685505322368
12,y,548,"y__fft_coefficient__attr_""abs""__coeff_83",4.821638692301844
12,y,549,"y__fft_coefficient__attr_""abs""__coeff_84",31.59136180304349
12,y,550,"y__fft_coefficient__attr_""abs""__coeff_85",11.737491769593342
12,y,551,"y__fft_coefficient__attr_""abs""__coeff_86",24.05569339745723
12,y,552,"y__fft_coefficient__attr_""abs""__coeff_87",24.516456484272428
12,y,553,"y__fft_coefficient__attr_""abs""__coeff_88",16.907463312882726
12,y,554,"y__fft_coefficient__attr_""abs""__coeff_89",22.03610838236134
12,y,555,"y__fft_coefficient__attr_""abs""__coeff_90",11.809048566801943
12,y,556,"y__fft_coefficient__attr_""abs""__coeff_91",17.75267290874404
12,y,557,"y__fft_coefficient__attr_""abs""__coeff_92",29.710009543816383
12,y,558,"y__fft_coefficient__attr_""abs""__coeff_93",10.029434082337774
12,y,559,"y__fft_coefficient__attr_""abs""__coeff_94",10.019161668992952
12,y,560,"y__fft_coefficient__attr_""abs""__coeff_95",20.56113775575497
12,y,561,"y__fft_coefficient__attr_""abs""__coeff_96",18.090728601959178
12,y,562,"y__fft_coefficient__attr_""abs""__coeff_97",16.832725657528933
12,y,563,"y__fft_coefficient__attr_""abs""__coeff_98",20.501921050479034
12,y,564,"y__fft_coefficient__attr_""abs""__coeff_99",3.338324859838458
12,y,565,"y__fft_coefficient__attr_""angle""__coeff_0",0.0
12,y,566,"y__fft_coefficient__attr_""angle""__coeff_1",59.8096023530586
12,y,567,"y__fft_coefficient__attr_""angle""__coeff_2",-114.48422244950885
12,y,568,"y__fft_coefficient__attr_""angle""__coeff_3",-171.09778349259105
12,y,569,"y__fft_coefficient__attr_""angle""__coeff_4",84.9205050177971
12,y,570,"y__fft_coefficient__attr_""angle""__coeff_5",14.615120283163192
12,y,571,"y__fft_coefficient__attr_""angle""__coeff_6",120.11274228566818
12,y,572,"y__fft_coefficient__attr_""angle""__coeff_7",70.608666153402
12,y,573,"y__fft_coefficient__attr_""angle""__coeff_8",-93.8564129244757
12,y,574,"y__fft_coefficient__attr_""angle""__coeff_9",65.57580276378374
12,y,575,"y__fft_coefficient__attr_""angle""__coeff_10",-88.07119146123482
12,y,576,"y__fft_coefficient__attr_""angle""__coeff_11",56.518647280661035
12,y,577,"y__fft_coefficient__attr_""angle""__coeff_12",179.192808194965
12,y,578,"y__fft_coefficient__attr_""angle""__coeff_13",-55.98201543955854
12,y,579,"y__fft_coefficient__attr_""angle""__coeff_14",163.43824905781065
12,y,580,"y__fft_coefficient__attr_""angle""__coeff_15",-135.8333457099094
12,y,581,"y__fft_coefficient__attr_""angle""__coeff_16",38.83477667255873
12,y,582,"y__fft_coefficient__attr_""angle""__coeff_17",-89.20802798354251
12,y,583,"y__fft_coefficient__attr_""angle""__coeff_18",-145.9072596961799
12,y,584,"y__fft_coefficient__attr_""angle""__coeff_19",16.410107531412653
12,y,585,"y__fft_coefficient__attr_""angle""__coeff_20",89.2194512903625
12,y,586,"y__fft_coefficient__attr_""angle""__coeff_21",-125.62865544317332
12,y,587,"y__fft_coefficient__attr_""angle""__coeff_22",49.3477450333917
12,y,588,"y__fft_coefficient__attr_""angle""__coeff_23",-111.87102819535004
12,y,589,"y__fft_coefficient__attr_""angle""__coeff_24",-0.20556797082710238
12,y,590,"y__fft_coefficient__attr_""angle""__coeff_25",-172.2429536497889
12,y,591,"y__fft_coefficient__attr_""angle""__coeff_26",154.18732281499183
12,y,592,"y__fft_coefficient__attr_""angle""__coeff_27",142.0862748570628
12,y,593,"y__fft_coefficient__attr_""angle""__coeff_28",-13.135037577040485
12,y,594,"y__fft_coefficient__attr_""angle""__coeff_29",-37.80301032404211
12,y,595,"y__fft_coefficient__attr_""angle""__coeff_30",-137.52839447534433
12,y,596,"y__fft_coefficient__attr_""angle""__coeff_31",157.08390096891026
12,y,597,"y__fft_coefficient__attr_""angle""__coeff_32",-37.59815457539863
12,y,598,"y__fft_coefficient__attr_""angle""__coeff_33",131.97076395459587
12,y,599,"y__fft_coefficient__attr_""angle""__coeff_34",-117.72715489650804
12,y,600,"y__fft_coefficient__attr_""angle""__coeff_35",84.93317754597042
12,y,601,"y__fft_coefficient__attr_""angle""__coeff_36",148.67104612159756
12,y,602,"y__fft_coefficient__attr_""angle""__coeff_37",-58.47693188089401
12,y,603,"y__fft_coefficient__attr_""angle""__coeff_38",80.36145785082824
12,y,604,"y__fft_coefficient__attr_""angle""__coeff_39",50.907576338887836
12,y,605,"y__fft_coefficient__attr_""angle""__coeff_40",-90.40859652687946
12,y,606,"y__fft_coefficient__attr_""angle""__coeff_41",-92.53153177546
12,y,607,"y__fft_coefficient__attr_""angle""__coeff_42",160.7187377321151
12,y,608,"y__fft_coefficient__attr_""angle""__coeff_43",145.53285212619656
12,y,609,"y__fft_coefficient__attr_""angle""__coeff_44",59.283495682958666
12,y,610,"y__fft_coefficient__attr_""angle""__coeff_45",-120.13096881346952
12,y,611,"y__fft_coefficient__attr_""angle""__coeff_46",-131.51031154410066
12,y,612,"y__fft_coefficient__attr_""angle""__coeff_47",-138.84084347784284
12,y,613,"y__fft_coefficient__attr_""angle""__coeff_48",100.46961830656221
12,y,614,"y__fft_coefficient__attr_""angle""__coeff_49",131.69662076161157
12,y,615,"y__fft_coefficient__attr_""angle""__coeff_50",-89.97922984100715
12,y,616,"y__fft_coefficient__attr_""angle""__coeff_51",46.091529102149835
12,y,617,"y__fft_coefficient__attr_""angle""__coeff_52",-38.33725634790151
12,y,618,"y__fft_coefficient__attr_""angle""__coeff_53",-69.5706893761936
12,y,619,"y__fft_coefficient__attr_""angle""__coeff_54",20.55074522456947
12,y,620,"y__fft_coefficient__attr_""angle""__coeff_55",-172.85613535340664
12,y,621,"y__fft_coefficient__attr_""angle""__coeff_56",-38.58239971829832
12,y,622,"y__fft_coefficient__attr_""angle""__coeff_57",19.58652517917715
12,y,623,"y__fft_coefficient__attr_""angle""__coeff_58",-179.32674269585004
12,y,624,"y__fft_coefficient__attr_""angle""__coeff_59",-93.5309084117127
12,y,625,"y__fft_coefficient__attr_""angle""__coeff_60",78.83503804434041
12,y,626,"y__fft_coefficient__attr_""angle""__coeff_61",-107.85393943766631
12,y,627,"y__fft_coefficient__attr_""angle""__coeff_62",-54.415229404574326
12,y,628,"y__fft_coefficient__attr_""angle""__coeff_63",106.01784801415948
12,y,629,"y__fft_coefficient__attr_""angle""__coeff_64",134.810075051966
12,y,630,"y__fft_coefficient__attr_""angle""__coeff_65",-33.47337689200132
12,y,631,"y__fft_coefficient__attr_""angle""__coeff_66",30.43081752287842
12,y,632,"y__fft_coefficient__attr_""angle""__coeff_67",-43.50917791358658
12,y,633,"y__fft_coefficient__attr_""angle""__coeff_68",167.15715127585705
12,y,634,"y__fft_coefficient__attr_""angle""__coeff_69",-60.78714214231999
12,y,635,"y__fft_coefficient__attr_""angle""__coeff_70",-151.43337478339808
12,y,636,"y__fft_coefficient__attr_""angle""__coeff_71",-115.17863219179678
12,y,637,"y__fft_coefficient__attr_""angle""__coeff_72",24.71345037709674
12,y,638,"y__fft_coefficient__attr_""angle""__coeff_73",-165.9251534777459
12,y,639,"y__fft_coefficient__attr_""angle""__coeff_74",-142.2496360312193
12,y,640,"y__fft_coefficient__attr_""angle""__coeff_75",40.40540640828179
12,y,641,"y__fft_coefficient__attr_""angle""__coeff_76",24.05219258983512
12,y,642,"y__fft_coefficient__attr_""angle""__coeff_77",142.3032706160498
12,y,643,"y__fft_coefficient__attr_""angle""__coeff_78",12.288126023830584
12,y,644,"y__fft_coefficient__attr_""angle""__coeff_79",-143.13805202731388
12,y,645,"y__fft_coefficient__attr_""angle""__coeff_80",124.5395820698526
12,y,646,"y__fft_coefficient__attr_""angle""__coeff_81",7.881171462667052
12,y,647,"y__fft_coefficient__attr_""angle""__coeff_82",-3.35608883361409
12,y,648,"y__fft_coefficient__attr_""angle""__coeff_83",146.4642815406072
12,y,649,"y__fft_coefficient__attr_""angle""__coeff_84",-65.96151993185106
12,y,650,"y__fft_coefficient__attr_""angle""__coeff_85",-96.47750306844456
12,y,651,"y__fft_coefficient__attr_""angle""__coeff_86",-173.94142256219695
12,y,652,"y__fft_coefficient__attr_""angle""__coeff_87",85.99083621572143
12,y,653,"y__fft_coefficient__attr_""angle""__coeff_88",127.77576815680091
12,y,654,"y__fft_coefficient__attr_""angle""__coeff_89",-55.9520989640662
12,y,655,"y__fft_coefficient__attr_""angle""__coeff_90",-18.109033800956883
12,y,656,"y__fft_coefficient__attr_""angle""__coeff_91",-161.97138608119147
12,y,657,"y__fft_coefficient__attr_""angle""__coeff_92",115.27258331622544
12,y,658,"y__fft_coefficient__attr_""angle""__coeff_93",-115.34913321856953
12,y,659,"y__fft_coefficient__attr_""angle""__coeff_94",-28.105106479071058
12,y,660,"y__fft_coefficient__attr_""angle""__coeff_95",112.3613939303675
12,y,661,"y__fft_coefficient__attr_""angle""__coeff_96",-4.3430494730704226
12,y,662,"y__fft_coefficient__attr_""angle""__coeff_97",-113.63337275667963
12,y,663,"y__fft_coefficient__attr_""angle""__coeff_98",-64.41051940275337
12,y,664,"y__fft_coefficient__attr_""angle""__coeff_99",155.09573148018035
12,y,665,"y__fft_aggregated__aggtype_""centroid""",940.7273493842167
12,y,666,"y__fft_aggregated__aggtype_""variance""",602044.7299931891
12,y,667,"y__fft_aggregated__aggtype_""skew""",0.4449474459165888
12,y,668,"y__fft_aggregated__aggtype_""kurtosis""",8.342394992678095
12,y,669,y__value_count__value_0,0.0
12,y,670,y__value_count__value_1,0.0
12,y,671,y__value_count__value_-1,0.0
12,y,672,y__range_count__max_1__min_-1,2288.0
12,y,673,y__range_count__max_0__min_-1000000000000.0,2501.0
12,y,674,y__range_count__max_1000000000000.0__min_0,2499.0
12,y,675,y__approximate_entropy__m_2__r_0.1,0.5167837963805155
12,y,676,y__approximate_entropy__m_2__r_0.3,0.23586048177964059
12,y,677,y__approximate_entropy__m_2__r_0.5,0.14628804971784004
12,y,678,y__approximate_entropy__m_2__r_0.7,0.09491578850221005
12,y,679,y__approximate_entropy__m_2__r_0.9,0.06164053466261099
12,y,680,y__friedrich_coefficients__coeff_0__m_3__r_30,-0.03522846490008433
12,y,681,y__friedrich_coefficients__coeff_1__m_3__r_30,-0.004526490157256343
12,y,682,y__friedrich_coefficients__coeff_2__m_3__r_30,0.04082507876837008
12,y,683,y__friedrich_coefficients__coeff_3__m_3__r_30,0.005445348453064623
12,y,684,y__max_langevin_fixed_point__m_3__r_30,1.0786859173942398
12,y,685,"y__linear_trend__attr_""pvalue""",0.21730800774159703
12,y,686,"y__linear_trend__attr_""rvalue""",-0.017450441852505893
12,y,687,"y__linear_trend__attr_""intercept""",0.03998336921585938
12,y,688,"y__linear_trend__attr_""slope""",-1.279380569814002e-05
12,y,689,"y__linear_trend__attr_""stderr""",1.0368813464748821e-05
12,y,690,"y__agg_linear_trend__attr_""rvalue""__chunk_len_5__f_agg_""max""",-0.02754051256039296
12,y,691,"y__agg_linear_trend__attr_""rvalue""__chunk_len_5__f_agg_""min""",-0.007170338264606104
12,y,692,"y__agg_linear_trend__attr_""rvalue""__chunk_len_5__f_agg_""mean""",-0.017634581360385378
12,y,693,"y__agg_linear_trend__attr_""rvalue""__chunk_len_5__f_agg_""var""",-0.07010114108961887
12,y,694,"y__agg_linear_trend__attr_""rvalue""__chunk_len_10__f_agg_""max""",-0.03594951571165364
12,y,695,"y__agg_linear_trend__attr_""rvalue""__chunk_len_10__f_agg_""min""",-0.004020824138763682
12,y,696,"y__agg_linear_trend__attr_""rvalue""__chunk_len_10__f_agg_""mean""",-0.017861830983080158
12,y,697,"y__agg_linear_trend__attr_""rvalue""__chunk_len_10__f_agg_""var""",-0.09656752510608747
12,y,698,"y__agg_linear_trend__attr_""rvalue""__chunk_len_50__f_agg_""max""",-0.015731820721034774
12,y,699,"y__agg_linear_trend__attr_""rvalue""__chunk_len_50__f_agg_""min""",-0.020586398017839846
12,y,700,"y__agg_linear_trend__attr_""rvalue""__chunk_len_50__f_agg_""mean""",-0.019343753246514384
12,y,701,"y__agg_linear_trend__attr_""rvalue""__chunk_len_50__f_agg_""var""",-0.056088067003742643
12,y,702,"y__agg_linear_trend__attr_""intercept""__chunk_len_5__f_agg_""max""",0.21569079426435825
12,y,703,"y__agg_linear_trend__attr_""intercept""__chunk_len_5__f_agg_""min""",-0.14098089967784694
12,y,704,"y__agg_linear_trend__attr_""intercept""__chunk_len_5__f_agg_""mean""",0.03995439345399328
12,y,705,"y__agg_linear_trend__attr_""intercept""__chunk_len_5__f_agg_""var""",0.029861953603339764
12,y,706,"y__agg_linear_trend__attr_""intercept""__chunk_len_10__f_agg_""max""",0.3876228265764854
12,y,707,"y__agg_linear_trend__attr_""intercept""__chunk_len_10__f_agg_""min""",-0.3181861782823621
12,y,708,"y__agg_linear_trend__attr_""intercept""__chunk_len_10__f_agg_""mean""",0.03991960397405172
12,y,709,"y__agg_linear_trend__attr_""intercept""__chunk_len_10__f_agg_""var""",0.058809109538170104
12,y,710,"y__agg_linear_trend__attr_""intercept""__chunk_len_50__f_agg_""max""",0.7895136864733794
12,y,711,"y__agg_linear_trend__attr_""intercept""__chunk_len_50__f_agg_""min""",-0.7364692035580779
12,y,712,"y__agg_linear_trend__attr_""intercept""__chunk_len_50__f_agg_""mean""",0.03961348261247004
12,y,713,"y__agg_linear_trend__attr_""intercept""__chunk_len_50__f_agg_""var""",0.21364706503776548
12,y,714,"y__agg_linear_trend__attr_""slope""__chunk_len_5__f_agg_""max""",-9.904901147443415e-05
12,y,715,"y__agg_linear_trend__attr_""slope""__chunk_len_5__f_agg_""min""",-2.572483221401868e-05
12,y,716,"y__agg_linear_trend__attr_""slope""__chunk_len_5__f_agg_""mean""",-6.396224540667643e-05
12,y,717,"y__agg_linear_trend__attr_""slope""__chunk_len_5__f_agg_""var""",-1.2741529526842261e-05
12,y,718,"y__agg_linear_trend__attr_""slope""__chunk_len_10__f_agg_""max""",-0.00024907327404251236
12,y,719,"y__agg_linear_trend__attr_""slope""__chunk_len_10__f_agg_""min""",-2.7439032411098148e-05
12,y,720,"y__agg_linear_trend__attr_""slope""__chunk_len_10__f_agg_""mean""",-0.00012791323487251833
12,y,721,"y__agg_linear_trend__attr_""slope""__chunk_len_10__f_agg_""var""",-2.966619708255409e-05
12,y,722,"y__agg_linear_trend__attr_""slope""__chunk_len_50__f_agg_""max""",-0.00041677830073789544
12,y,723,"y__agg_linear_trend__attr_""slope""__chunk_len_50__f_agg_""min""",-0.0005441288588125151
12,y,724,"y__agg_linear_trend__attr_""slope""__chunk_len_50__f_agg_""mean""",-0.0006385501159416499
12,y,725,"y__agg_linear_trend__attr_""slope""__chunk_len_50__f_agg_""var""",-3.697172011009117e-05
12,y,726,"y__agg_linear_trend__attr_""stderr""__chunk_len_5__f_agg_""max""",0.00011380152763130939
12,y,727,"y__agg_linear_trend__attr_""stderr""__chunk_len_5__f_agg_""min""",0.00011356289920375439
12,y,728,"y__agg_linear_trend__attr_""stderr""__chunk_len_5__f_agg_""mean""",0.00011479573101481976
12,y,729,"y__agg_linear_trend__attr_""stderr""__chunk_len_5__f_agg_""var""",5.739333719044292e-06
12,y,730,"y__agg_linear_trend__attr_""stderr""__chunk_len_10__f_agg_""max""",0.00031026915175183707
12,y,731,"y__agg_linear_trend__attr_""stderr""__chunk_len_10__f_agg_""min""",0.0003057986276900583
12,y,732,"y__agg_linear_trend__attr_""stderr""__chunk_len_10__f_agg_""mean""",0.0003208525863788979
12,y,733,"y__agg_linear_trend__attr_""stderr""__chunk_len_10__f_agg_""var""",1.3701926827039835e-05
12,y,734,"y__agg_linear_trend__attr_""stderr""__chunk_len_50__f_agg_""max""",0.002675834967651158
12,y,735,"y__agg_linear_trend__attr_""stderr""__chunk_len_50__f_agg_""min""",0.0026694163157224325
12,y,736,"y__agg_linear_trend__attr_""stderr""__chunk_len_50__f_agg_""mean""",0.0033339565773485825
12,y,737,"y__agg_linear_trend__attr_""stderr""__chunk_len_50__f_agg_""var""",6.648167482997627e-05
12,y,738,"y__augmented_dickey_fuller__attr_""teststat""__autolag_""AIC""",-26.70165730358983
12,y,739,"y__augmented_dickey_fuller__attr_""pvalue""__autolag_""AIC""",0.0
12,y,740,"y__augmented_dickey_fuller__attr_""usedlag""__autolag_""AIC""",32.0
12,y,741,y__number_crossing_m__m_0,99.0
12,y,742,y__number_crossing_m__m_-1,166.0
12,y,743,y__number_crossing_m__m_1,170.0
12,y,744,y__energy_ratio_by_chunks__num_segments_10__segment_focus_0,0.09480883629733135
12,y,745,y__energy_ratio_by_chunks__num_segments_10__segment_focus_1,0.09668104615803279
12,y,746,y__energy_ratio_by_chunks__num_segments_10__segment_focus_2,0.1007111177798913
12,y,747,y__energy_ratio_by_chunks__num_segments_10__segment_focus_3,0.10037953478390409
12,y,748,y__energy_ratio_by_chunks__num_segments_10__segment_focus_4,0.10084721337326487
12,y,749,y__energy_ratio_by_chunks__num_segments_10__segment_focus_5,0.10037968936247027
12,y,750,y__energy_ratio_by_chunks__num_segments_10__segment_focus_6,0.10721759945718869
12,y,751,y__energy_ratio_by_chunks__num_segments_10__segment_focus_7,0.10015559165685778
12,y,752,y__energy_ratio_by_chunks__num_segments_10__segment_focus_8,0.09840181558515826
12,y,753,y__energy_ratio_by_chunks__num_segments_10__segment_focus_9,0.10041755554590055
12,y,754,y__ratio_beyond_r_sigma__r_0.5,0.7642
12,y,755,y__ratio_beyond_r_sigma__r_1,0.5092
12,y,756,y__ratio_beyond_r_sigma__r_1.5,0.0
12,y,757,y__ratio_beyond_r_sigma__r_2,0.0
12,y,758,y__ratio_beyond_r_sigma__r_2.5,0.0
12,y,759,y__ratio_beyond_r_sigma__r_3,0.0
12,y,760,y__ratio_beyond_r_sigma__r_5,0.0
12,y,761,y__ratio_beyond_r_sigma__r_6,0.0
12,y,762,y__ratio_beyond_r_sigma__r_7,0.0
12,y,763,y__ratio_beyond_r_sigma__r_10,0.0
12,y,764,y__count_above__t_0,0.4998
12,y,765,y__count_below__t_0,0.5002
12,y,766,y__lempel_ziv_complexity__bins_2,0.0388
12,y,767,y__lempel_ziv_complexity__bins_3,0.0702
12,y,768,y__lempel_ziv_complexity__bins_5,0.0972
12,y,769,y__lempel_ziv_complexity__bins_10,0.1488
12,y,770,y__lempel_ziv_complexity__bins_100,0.3832
12,y,771,y__fourier_entropy__bins_2,0.07998252574647073
12,y,772,y__fourier_entropy__bins_3,0.07998252574647073
12,y,773,y__fourier_entropy__bins_5,0.07998252574647073
12,y,774,y__fourier_entropy__bins_10,0.09072899366212879
12,y,775,y__fourier_entropy__bins_100,0.22636345757853585
12,y,776,y__permutation_entropy__dimension_3__tau_1,1.4546237928532864
12,y,777,y__permutation_entropy__dimension_4__tau_1,2.1870655273382824
12,y,778,y__permutation_entropy__dimension_5__tau_1,2.900459911522502
12,y,779,y__permutation_entropy__dimension_6__tau_1,3.5625955589803002
12,y,780,y__permutation_entropy__dimension_7__tau_1,4.0914008347707504
12,y,781,y__query_similarity_count__query_None__threshold_0.0,
12,y,782,y__mean_n_absolute_max__number_of_maxima_7,1.5677826960900456
123,y,0,y__variance_larger_than_standard_deviation,1.0
123,y,1,y__has_duplicate_max,0.0
123,y,2,y__has_duplicate_min,0.0
123,y,3,y__has_duplicate,1.0
123,y,4,y__sum_values,33.37103203020681
123,y,5,y__abs_energy,5626.676363370126
123,y,6,y__mean_abs_change,0.09101087466694052
123,y,7,y__mean_change,-1.5134318138429928e-05
123,y,8,y__mean_second_derivative_central,5.104799286149564e-07
123,y,9,y__median,-0.0002926224398134842
123,y,10,y__mean,0.006674206406041362
123,y,11,y__length,5000.0
123,y,12,y__standard_deviation,1.0607972132518424
123,y,13,y__variation_coefficient,158.93982725671015
123,y,14,y__variance,1.1252907276428747
123,y,15,y__skewness,-0.0038521730272866946
123,y,16,y__kurtosis,-1.5062977392542929
123,y,17,y__root_mean_square,1.060818209060358
123,y,18,y__absolute_sum_of_changes,454.9633624600357
123,y,19,y__longest_strike_below_mean,51.0
123,y,20,y__longest_strike_above_mean,51.0
123,y,21,y__count_above_mean,2492.0
123,y,22,y__count_below_mean,2508.0
123,y,23,y__last_location_of_maximum,0.04520000000000002
123,y,24,y__first_location_of_maximum,0.045
123,y,25,y__last_location_of_minimum,0.19540000000000002
123,y,26,y__first_location_of_minimum,0.1952
123,y,27,y__percentage_of_reoccurring_values_to_all_values,0.007455168245013097
123,y,28,y__percentage_of_reoccurring_datapoints_to_all_datapoints,0.0148
123,y,29,y__sum_of_reoccurring_values,13.601463474514361
123,y,30,y__sum_of_reoccurring_data_points,27.202926949028722
123,y,31,y__ratio_value_number_to_time_series_length,0.9926
123,y,32,y__sample_entropy,0.2317396652415917
123,y,33,y__maximum,1.573481059471842
123,y,34,y__absolute_maximum,1.576963870820271
123,y,35,y__minimum,-1.576963870820271
123,y,36,y__benford_correlation,0.8545801561806562
123,y,37,y__time_reversal_asymmetry_statistic__lag_1,-0.0011760209985751118
123,y,38,y__time_reversal_asymmetry_statistic__lag_2,-0.00427270075529821
123,y,39,y__time_reversal_asymmetry_statistic__lag_3,-0.005595164586682501
123,y,40,y__c3__lag_1,0.0160851413687636
123,y,41,y__c3__lag_2,0.01569595866355571
123,y,42,y__c3__lag_3,0.015782143783273004
123,y,43,y__cid_ce__normalize_True,12.129221982251442
123,y,44,y__cid_ce__normalize_False,12.866644877685316
123,y,45,y__symmetry_looking__r_0.0,0.0
123,y,46,y__symmetry_looking__r_0.05,1.0
123,y,47,y__symmetry_looking__r_0.1,1.0
123,y,48,y__symmetry_looking__r_0.15000000000000002,1.0
123,y,49,y__symmetry_looking__r_0.2,1.0
123,y,50,y__symmetry_looking__r_0.25,1.0
123,y,51,y__symmetry_looking__r_0.30000000000000004,1.0
123,y,52,y__symmetry_looking__r_0.35000000000000003,1.0
123,y,53,y__symmetry_looking__r_0.4,1.0
123,y,54,y__symmetry_looking__r_0.45,1.0
123,y,55,y__symmetry_looking__r_0.5,1.0
123,y,56,y__symmetry_looking__r_0.55,1.0
123,y,57,y__symmetry_looking__r_0.6000000000000001,1.0
123,y,58,y__symmetry_looking__r_0.65,1.0
123,y,59,y__symmetry_looking__r_0.7000000000000001,1.0
123,y,60,y__symmetry_looking__r_0.75,1.0
123,y,61,y__symmetry_looking__r_0.8,1.0
123,y,62,y__symmetry_looking__r_0.8500000000000001,1.0
123,y,63,y__symmetry_looking__r_0.9,1.0
123,y,64,y__symmetry_looking__r_0.9500000000000001,1.0
123,y,65,y__large_standard_deviation__r_0.05,1.0
123,y,66,y__large_standard_deviation__r_0.1,1.0
123,y,67,y__large_standard_deviation__r_0.15000000000000002,1.0
123,y,68,y__large_standard_deviation__r_0.2,1.0
123,y,69,y__large_standard_deviation__r_0.25,1.0
123,y,70,y__large_standard_deviation__r_0.30000000000000004,1.0
123,y,71,y__large_standard_deviation__r_0.35000000000000003,0.0
123,y,72,y__large_standard_deviation__r_0.4,0.0
123,y,73,y__large_standard_deviation__r_0.45,0.0
123,y,74,y__large_standard_deviation__r_0.5,0.0
123,y,75,y__large_standard_deviation__r_0.55,0.0
123,y,76,y__large_standard_deviation__r_0.6000000000000001,0.0
123,y,77,y__large_standard_deviation__r_0.65,0.0
123,y,78,y__large_standard_deviation__r_0.7000000000000001,0.0
123,y,79,y__large_standard_deviation__r_0.75,0.0
123,y,80,y__large_standard_deviation__r_0.8,0.0
123,y,81,y__large_standard_deviation__r_0.8500000000000001,0.0
123,y,82,y__large_standard_deviation__r_0.9,0.0
123,y,83,y__large_standard_deviation__r_0.9500000000000001,0.0
123,y,84,y__quantile__q_0.1,-1.4170637784341384
123,y,85,y__quantile__q_0.2,-1.2054137661542712
123,y,86,y__quantile__q_0.3,-0.8788952229562147
123,y,87,y__quantile__q_0.4,-0.4577661435357463
123,y,88,y__quantile__q_0.6,0.4677487690477816
123,y,89,y__quantile__q_0.7,0.9128289303377213
123,y,90,y__quantile__q_0.8,1.211882232686383
123,y,91,y__quantile__q_0.9,1.4181195815986603
123,y,92,y__autocorrelation__lag_0,1.0000000000000002
123,y,93,y__autocorrelation__lag_1,0.9854850369110847
123,y,94,y__autocorrelation__lag_2,0.9776759769756744
123,y,95,y__autocorrelation__lag_3,0.9655383338621568
123,y,96,y__autocorrelation__lag_4,0.9501605137710964
123,y,97,y__autocorrelation__lag_5,0.9306862415760552
123,y,98,y__autocorrelation__lag_6,0.9087501803382205
123,y,99,y__autocorrelation__lag_7,0.8829674133508169
123,y,100,y__autocorrelation__lag_8,0.8544208340452212
123,y,101,y__autocorrelation__lag_9,0.8217884743612
123,y,102,"y__agg_autocorrelation__f_agg_""mean""__maxlag_40",0.20498243945512576
123,y,103,"y__agg_autocorrelation__f_agg_""median""__maxlag_40",0.2622905712656733
123,y,104,"y__agg_autocorrelation__f_agg_""var""__maxlag_40",0.337342796582946
123,y,105,y__partial_autocorrelation__lag_0,1.0
123,y,106,y__partial_autocorrelation__lag_1,0.9854850369110847
123,y,107,y__partial_autocorrelation__lag_2,0.22537785672996913
123,y,108,y__partial_autocorrelation__lag_3,-0.10619574248645988
123,y,109,y__partial_autocorrelation__lag_4,-0.18375795971367048
123,y,110,y__partial_autocorrelation__lag_5,-0.2154677874976423
123,y,111,y__partial_autocorrelation__lag_6,-0.1566485517636324
123,y,112,y__partial_autocorrelation__lag_7,-0.1599013324127151
123,y,113,y__partial_autocorrelation__lag_8,-0.12939106784546586
123,y,114,y__partial_autocorrelation__lag_9,-0.15830546832144293
123,y,115,y__number_cwt_peaks__n_1,368.0
123,y,116,y__number_cwt_peaks__n_5,278.0
123,y,117,y__number_peaks__n_1,629.0
123,y,118,y__number_peaks__n_3,130.0
123,y,119,y__number_peaks__n_5,94.0
123,y,120,y__number_peaks__n_10,75.0
123,y,121,y__number_peaks__n_50,49.0
123,y,122,y__binned_entropy__max_bins_10,2.223296018201241
123,y,123,y__index_mass_quantile__q_0.1,0.1032
123,y,124,y__index_mass_quantile__q_0.2,0.2042
123,y,125,y__index_mass_quantile__q_0.3,0.3042
123,y,126,y__index_mass_quantile__q_0.4,0.4042
123,y,127,y__index_mass_quantile__q_0.6,0.6036
123,y,128,y__index_mass_quantile__q_0.7,0.6968
123,y,129,y__index_mass_quantile__q_0.8,0.7976
123,y,130,y__index_mass_quantile__q_0.9,0.8992
123,y,131,"y__cwt_coefficients__coeff_0__w_2__widths_(2, 5, 10, 20)",-0.4318699892379678
123,y,132,"y__cwt_coefficients__coeff_0__w_5__widths_(2, 5, 10, 20)",-1.2357121605264452
123,y,133,"y__cwt_coefficients__coeff_0__w_10__widths_(2, 5, 10, 20)",-0.4106022584596398
123,y,134,"y__cwt_coefficients__coeff_0__w_20__widths_(2, 5, 10, 20)",1.9450156370171017
123,y,135,"y__cwt_coefficients__coeff_1__w_2__widths_(2, 5, 10, 20)",-0.4096642739360358
123,y,136,"y__cwt_coefficients__coeff_1__w_5__widths_(2, 5, 10, 20)",-1.075754602259299
123,y,137,"y__cwt_coefficients__coeff_1__w_10__widths_(2, 5, 10, 20)",0.05199552734043893
123,y,138,"y__cwt_coefficients__coeff_1__w_20__widths_(2, 5, 10, 20)",2.132702966781165
123,y,139,"y__cwt_coefficients__coeff_2__w_2__widths_(2, 5, 10, 20)",-0.27589632614626547
123,y,140,"y__cwt_coefficients__coeff_2__w_5__widths_(2, 5, 10, 20)",-0.8262812951664749
123,y,141,"y__cwt_coefficients__coeff_2__w_10__widths_(2, 5, 10, 20)",0.5557471610333322
123,y,142,"y__cwt_coefficients__coeff_2__w_20__widths_(2, 5, 10, 20)",2.303530894134647
123,y,143,"y__cwt_coefficients__coeff_3__w_2__widths_(2, 5, 10, 20)",-0.09505924168794284
123,y,144,"y__cwt_coefficients__coeff_3__w_5__widths_(2, 5, 10, 20)",-0.5053738024854775
123,y,145,"y__cwt_coefficients__coeff_3__w_10__widths_(2, 5, 10, 20)",1.0939471612133906
123,y,146,"y__cwt_coefficients__coeff_3__w_20__widths_(2, 5, 10, 20)",2.406547950703883
123,y,147,"y__cwt_coefficients__coeff_4__w_2__widths_(2, 5, 10, 20)",0.05483649277164547
123,y,148,"y__cwt_coefficients__coeff_4__w_5__widths_(2, 5, 10, 20)",-0.13019331279694724
123,y,149,"y__cwt_coefficients__coeff_4__w_10__widths_(2, 5, 10, 20)",1.6636861205592732
123,y,150,"y__cwt_coefficients__coeff_4__w_20__widths_(2, 5, 10, 20)",2.5941972194160114
123,y,151,"y__cwt_coefficients__coeff_5__w_2__widths_(2, 5, 10, 20)",0.14268393240100796
123,y,152,"y__cwt_coefficients__coeff_5__w_5__widths_(2, 5, 10, 20)",0.2681992561912743
123,y,153,"y__cwt_coefficients__coeff_5__w_10__widths_(2, 5, 10, 20)",2.232621781702054
123,y,154,"y__cwt_coefficients__coeff_5__w_20__widths_(2, 5, 10, 20)",2.676315735013805
123,y,155,"y__cwt_coefficients__coeff_6__w_2__widths_(2, 5, 10, 20)",0.18467857264012963
123,y,156,"y__cwt_coefficients__coeff_6__w_5__widths_(2, 5, 10, 20)",0.6704536892080221
123,y,157,"y__cwt_coefficients__coeff_6__w_10__widths_(2, 5, 10, 20)",2.8058789668583777
123,y,158,"y__cwt_coefficients__coeff_6__w_20__widths_(2, 5, 10, 20)",2.7630293602351625
123,y,159,"y__cwt_coefficients__coeff_7__w_2__widths_(2, 5, 10, 20)",0.2046238971801376
123,y,160,"y__cwt_coefficients__coeff_7__w_5__widths_(2, 5, 10, 20)",1.0519913326746144
123,y,161,"y__cwt_coefficients__coeff_7__w_10__widths_(2, 5, 10, 20)",3.3352998803878036
123,y,162,"y__cwt_coefficients__coeff_7__w_20__widths_(2, 5, 10, 20)",2.822217129565009
123,y,163,"y__cwt_coefficients__coeff_8__w_2__widths_(2, 5, 10, 20)",0.21286377881850857
123,y,164,"y__cwt_coefficients__coeff_8__w_5__widths_(2, 5, 10, 20)",1.3945052400096278
123,y,165,"y__cwt_coefficients__coeff_8__w_10__widths_(2, 5, 10, 20)",3.842187435638555
123,y,166,"y__cwt_coefficients__coeff_8__w_20__widths_(2, 5, 10, 20)",2.8612421134541925
123,y,167,"y__cwt_coefficients__coeff_9__w_2__widths_(2, 5, 10, 20)",0.21814620274385613
123,y,168,"y__cwt_coefficients__coeff_9__w_5__widths_(2, 5, 10, 20)",1.6843435723612
123,y,169,"y__cwt_coefficients__coeff_9__w_10__widths_(2, 5, 10, 20)",4.282100431195863
123,y,170,"y__cwt_coefficients__coeff_9__w_20__widths_(2, 5, 10, 20)",2.834745078964877
123,y,171,"y__cwt_coefficients__coeff_10__w_2__widths_(2, 5, 10, 20)",0.23654197054636508
123,y,172,"y__cwt_coefficients__coeff_10__w_5__widths_(2, 5, 10, 20)",1.915818691433163
123,y,173,"y__cwt_coefficients__coeff_10__w_10__widths_(2, 5, 10, 20)",4.632810423436424
123,y,174,"y__cwt_coefficients__coeff_10__w_20__widths_(2, 5, 10, 20)",2.8737213334002734
123,y,175,"y__cwt_coefficients__coeff_11__w_2__widths_(2, 5, 10, 20)",0.2734913902397532
123,y,176,"y__cwt_coefficients__coeff_11__w_5__widths_(2, 5, 10, 20)",2.0889685646889156
123,y,177,"y__cwt_coefficients__coeff_11__w_10__widths_(2, 5, 10, 20)",4.928503516191459
123,y,178,"y__cwt_coefficients__coeff_11__w_20__widths_(2, 5, 10, 20)",2.8029075124158114
123,y,179,"y__cwt_coefficients__coeff_12__w_2__widths_(2, 5, 10, 20)",0.3083627159489953
123,y,180,"y__cwt_coefficients__coeff_12__w_5__widths_(2, 5, 10, 20)",2.201610202158023
123,y,181,"y__cwt_coefficients__coeff_12__w_10__widths_(2, 5, 10, 20)",5.064993526810306
123,y,182,"y__cwt_coefficients__coeff_12__w_20__widths_(2, 5, 10, 20)",2.740895683907522
123,y,183,"y__cwt_coefficients__coeff_13__w_2__widths_(2, 5, 10, 20)",0.3144868205192477
123,y,184,"y__cwt_coefficients__coeff_13__w_5__widths_(2, 5, 10, 20)",2.2588066897559544
123,y,185,"y__cwt_coefficients__coeff_13__w_10__widths_(2, 5, 10, 20)",5.150036079760498
123,y,186,"y__cwt_coefficients__coeff_13__w_20__widths_(2, 5, 10, 20)",2.6531262787816967
123,y,187,"y__cwt_coefficients__coeff_14__w_2__widths_(2, 5, 10, 20)",0.28888147789191
123,y,188,"y__cwt_coefficients__coeff_14__w_5__widths_(2, 5, 10, 20)",2.262830699959526
123,y,189,"y__cwt_coefficients__coeff_14__w_10__widths_(2, 5, 10, 20)",5.073869546492478
123,y,190,"y__cwt_coefficients__coeff_14__w_20__widths_(2, 5, 10, 20)",2.5300975899915388
123,y,191,y__spkt_welch_density__coeff_2,123.60973401133005
123,y,192,y__spkt_welch_density__coeff_5,0.30399876493858874
123,y,193,y__spkt_welch_density__coeff_8,0.18849500047325551
123,y,194,y__ar_coefficient__coeff_0__k_10,7.621636869413096e-05
123,y,195,y__ar_coefficient__coeff_1__k_10,0.6135005663128741
123,y,196,y__ar_coefficient__coeff_2__k_10,0.3270885402602379
123,y,197,y__ar_coefficient__coeff_3__k_10,0.1286643675383414
123,y,198,y__ar_coefficient__coeff_4__k_10,0.06570162746995822
123,y,199,y__ar_coefficient__coeff_5__k_10,-0.016059027624266822
123,y,200,y__ar_coefficient__coeff_6__k_10,0.030303552241804553
123,y,201,y__ar_coefficient__coeff_7__k_10,0.0006124035878271686
123,y,202,y__ar_coefficient__coeff_8__k_10,0.021102475742488882
123,y,203,y__ar_coefficient__coeff_9__k_10,-0.06738062156759661
123,y,204,y__ar_coefficient__coeff_10__k_10,-0.13942162733667318
123,y,205,"y__change_quantiles__f_agg_""mean""__isabs_False__qh_0.2__ql_0.0",-0.0004006985544200115
123,y,206,"y__change_quantiles__f_agg_""var""__isabs_False__qh_0.2__ql_0.0",0.002781226220568642
123,y,207,"y__change_quantiles__f_agg_""mean""__isabs_True__qh_0.2__ql_0.0",0.04224873732206162
123,y,208,"y__change_quantiles__f_agg_""var""__isabs_True__qh_0.2__ql_0.0",0.000996430974591594
123,y,209,"y__change_quantiles__f_agg_""mean""__isabs_False__qh_0.4__ql_0.0",-0.0016913796052323816
123,y,210,"y__change_quantiles__f_agg_""var""__isabs_False__qh_0.4__ql_0.0",0.00916884575350322
123,y,211,"y__change_quantiles__f_agg_""mean""__isabs_True__qh_0.4__ql_0.0",0.06621586372883131
123,y,212,"y__change_quantiles__f_agg_""var""__isabs_True__qh_0.4__ql_0.0",0.004787165909117057
123,y,213,"y__change_quantiles__f_agg_""mean""__isabs_False__qh_0.6__ql_0.0",-0.0004501189736216031
123,y,214,"y__change_quantiles__f_agg_""var""__isabs_False__qh_0.6__ql_0.0",0.029474046254904622
123,y,215,"y__change_quantiles__f_agg_""mean""__isabs_True__qh_0.6__ql_0.0",0.09144304334669764
123,y,216,"y__change_quantiles__f_agg_""var""__isabs_True__qh_0.6__ql_0.0",0.021112418685489017
123,y,217,"y__change_quantiles__f_agg_""mean""__isabs_False__qh_0.8__ql_0.0",-0.0006042349486463231
123,y,218,"y__change_quantiles__f_agg_""var""__isabs_False__qh_0.8__ql_0.0",0.026293799092236926
123,y,219,"y__change_quantiles__f_agg_""mean""__isabs_True__qh_0.8__ql_0.0",0.09104621023545824
123,y,220,"y__change_quantiles__f_agg_""var""__isabs_True__qh_0.8__ql_0.0",0.018004751793870826
123,y,221,"y__change_quantiles__f_agg_""mean""__isabs_False__qh_1.0__ql_0.0",-1.5134318138429747e-05
123,y,222,"y__change_quantiles__f_agg_""var""__isabs_False__qh_1.0__ql_0.0",0.033116733199331255
123,y,223,"y__change_quantiles__f_agg_""mean""__isabs_True__qh_1.0__ql_0.0",0.09101087466694052
123,y,224,"y__change_quantiles__f_agg_""var""__isabs_True__qh_1.0__ql_0.0",0.024833754120737284
123,y,225,"y__change_quantiles__f_agg_""mean""__isabs_False__qh_0.4__ql_0.2",-0.0028366895340020716
123,y,226,"y__change_quantiles__f_agg_""var""__isabs_False__qh_0.4__ql_0.2",0.014390270763194539
123,y,227,"y__change_quantiles__f_agg_""mean""__isabs_True__qh_0.4__ql_0.2",0.08673954523358764
123,y,228,"y__change_quantiles__f_agg_""var""__isabs_True__qh_0.4__ql_0.2",0.00687456886337726
123,y,229,"y__change_quantiles__f_agg_""mean""__isabs_False__qh_0.6__ql_0.2",-0.002333588335808207
123,y,230,"y__change_quantiles__f_agg_""var""__isabs_False__qh_0.6__ql_0.2",0.014791215313336853
123,y,231,"y__change_quantiles__f_agg_""mean""__isabs_True__qh_0.6__ql_0.2",0.09390133368077924
123,y,232,"y__change_quantiles__f_agg_""var""__isabs_True__qh_0.6__ql_0.2",0.005979200480828829
123,y,233,"y__change_quantiles__f_agg_""mean""__isabs_False__qh_0.8__ql_0.2",-0.0018953431835223601
123,y,234,"y__change_quantiles__f_agg_""var""__isabs_False__qh_0.8__ql_0.2",0.015474226739866889
123,y,235,"y__change_quantiles__f_agg_""mean""__isabs_True__qh_0.8__ql_0.2",0.0925032494193934
123,y,236,"y__change_quantiles__f_agg_""var""__isabs_True__qh_0.8__ql_0.2",0.006920967912503708
123,y,237,"y__change_quantiles__f_agg_""mean""__isabs_False__qh_1.0__ql_0.2",-0.0007837192179273028
123,y,238,"y__change_quantiles__f_agg_""var""__isabs_False__qh_1.0__ql_0.2",0.027196134083599728
123,y,239,"y__change_quantiles__f_agg_""mean""__isabs_True__qh_1.0__ql_0.2",0.09205129828105395
123,y,240,"y__change_quantiles__f_agg_""var""__isabs_True__qh_1.0__ql_0.2",0.018723306784184712
123,y,241,"y__change_quantiles__f_agg_""mean""__isabs_False__qh_0.6__ql_0.4",-0.00263902728258877
123,y,242,"y__change_quantiles__f_agg_""var""__isabs_False__qh_0.6__ql_0.4",0.01032952907989961
123,y,243,"y__change_quantiles__f_agg_""mean""__isabs_True__qh_0.6__ql_0.4",0.09159673514687107
123,y,244,"y__change_quantiles__f_agg_""var""__isabs_True__qh_0.6__ql_0.4",0.0019465316553318088
123,y,245,"y__change_quantiles__f_agg_""mean""__isabs_False__qh_0.8__ql_0.4",-0.0017987349636361101
123,y,246,"y__change_quantiles__f_agg_""var""__isabs_False__qh_0.8__ql_0.4",0.013768215119611663
123,y,247,"y__change_quantiles__f_agg_""mean""__isabs_True__qh_0.8__ql_0.4",0.0906675971725419
123,y,248,"y__change_quantiles__f_agg_""var""__isabs_True__qh_0.8__ql_0.4",0.005550837390038739
123,y,249,"y__change_quantiles__f_agg_""mean""__isabs_False__qh_1.0__ql_0.4",-0.00034425768308796504
123,y,250,"y__change_quantiles__f_agg_""var""__isabs_False__qh_1.0__ql_0.4",0.030125092324424414
123,y,251,"y__change_quantiles__f_agg_""mean""__isabs_True__qh_1.0__ql_0.4",0.09074897159007726
123,y,252,"y__change_quantiles__f_agg_""var""__isabs_True__qh_1.0__ql_0.4",0.021889834993120128
123,y,253,"y__change_quantiles__f_agg_""mean""__isabs_False__qh_0.8__ql_0.6",-0.0021144570020647856
123,y,254,"y__change_quantiles__f_agg_""var""__isabs_False__qh_0.8__ql_0.6",0.00943524836210714
123,y,255,"y__change_quantiles__f_agg_""mean""__isabs_True__qh_0.8__ql_0.6",0.07796797266785414
123,y,256,"y__change_quantiles__f_agg_""var""__isabs_True__qh_0.8__ql_0.6",0.0033607145285854687
123,y,257,"y__change_quantiles__f_agg_""mean""__isabs_False__qh_1.0__ql_0.6",-0.0010395193707321711
123,y,258,"y__change_quantiles__f_agg_""var""__isabs_False__qh_1.0__ql_0.6",0.006779526651390559
123,y,259,"y__change_quantiles__f_agg_""mean""__isabs_True__qh_1.0__ql_0.6",0.06292927040503059
123,y,260,"y__change_quantiles__f_agg_""var""__isabs_True__qh_1.0__ql_0.6",0.002820514178203228
123,y,261,"y__change_quantiles__f_agg_""mean""__isabs_False__qh_1.0__ql_0.8",-0.0008620400741497
123,y,262,"y__change_quantiles__f_agg_""var""__isabs_False__qh_1.0__ql_0.8",0.0027310163198488715
123,y,263,"y__change_quantiles__f_agg_""mean""__isabs_True__qh_1.0__ql_0.8",0.04207520215708524
123,y,264,"y__change_quantiles__f_agg_""var""__isabs_True__qh_1.0__ql_0.8",0.0009614367963787211
123,y,265,"y__fft_coefficient__attr_""real""__coeff_0",33.37103203020681
123,y,266,"y__fft_coefficient__attr_""real""__coeff_1",-0.523894630377679
123,y,267,"y__fft_coefficient__attr_""real""__coeff_2",-3.9161669468549953
123,y,268,"y__fft_coefficient__attr_""real""__coeff_3",-18.204754321884447
123,y,269,"y__fft_coefficient__attr_""real""__coeff_4",9.432174459638052
123,y,270,"y__fft_coefficient__attr_""real""__coeff_5",12.90684443683486
123,y,271,"y__fft_coefficient__attr_""real""__coeff_6",1.7756553915018651
123,y,272,"y__fft_coefficient__attr_""real""__coeff_7",7.64695071667131
123,y,273,"y__fft_coefficient__attr_""real""__coeff_8",4.083848475461272
123,y,274,"y__fft_coefficient__attr_""real""__coeff_9",-6.545891836134826
123,y,275,"y__fft_coefficient__attr_""real""__coeff_10",-4.948008552340987
123,y,276,"y__fft_coefficient__attr_""real""__coeff_11",15.069415044129059
123,y,277,"y__fft_coefficient__attr_""real""__coeff_12",-14.664937108816567
123,y,278,"y__fft_coefficient__attr_""real""__coeff_13",1.099972502044267
123,y,279,"y__fft_coefficient__attr_""real""__coeff_14",-29.73142695883797
123,y,280,"y__fft_coefficient__attr_""real""__coeff_15",-15.592975326476648
123,y,281,"y__fft_coefficient__attr_""real""__coeff_16",7.295511844235218
123,y,282,"y__fft_coefficient__attr_""real""__coeff_17",-6.731818242166415
123,y,283,"y__fft_coefficient__attr_""real""__coeff_18",-37.204440811026174
123,y,284,"y__fft_coefficient__attr_""real""__coeff_19",-1.3897682039238273
123,y,285,"y__fft_coefficient__attr_""real""__coeff_20",-10.48407078244578
123,y,286,"y__fft_coefficient__attr_""real""__coeff_21",-14.327576345052833
123,y,287,"y__fft_coefficient__attr_""real""__coeff_22",-3.206869087603642
123,y,288,"y__fft_coefficient__attr_""real""__coeff_23",-24.02484432674631
123,y,289,"y__fft_coefficient__attr_""real""__coeff_24",-9.399756939677083
123,y,290,"y__fft_coefficient__attr_""real""__coeff_25",-27.50682862615665
123,y,291,"y__fft_coefficient__attr_""real""__coeff_26",-26.53264268546068
123,y,292,"y__fft_coefficient__attr_""real""__coeff_27",-30.24724478641545
123,y,293,"y__fft_coefficient__attr_""real""__coeff_28",-2.8710165423076925
123,y,294,"y__fft_coefficient__attr_""real""__coeff_29",-24.821293339874778
123,y,295,"y__fft_coefficient__attr_""real""__coeff_30",-41.85897907764205
123,y,296,"y__fft_coefficient__attr_""real""__coeff_31",-34.37339055517311
123,y,297,"y__fft_coefficient__attr_""real""__coeff_32",-5.655744598598604
123,y,298,"y__fft_coefficient__attr_""real""__coeff_33",-26.17125488885658
123,y,299,"y__fft_coefficient__attr_""real""__coeff_34",-32.37894810723604
123,y,300,"y__fft_coefficient__attr_""real""__coeff_35",-17.034659007203015
123,y,301,"y__fft_coefficient__attr_""real""__coeff_36",-47.487626175032275
123,y,302,"y__fft_coefficient__attr_""real""__coeff_37",-13.59673286890845
123,y,303,"y__fft_coefficient__attr_""real""__coeff_38",-21.721970558136157
123,y,304,"y__fft_coefficient__attr_""real""__coeff_39",-14.569018737903543
123,y,305,"y__fft_coefficient__attr_""real""__coeff_40",-20.52656546170055
123,y,306,"y__fft_coefficient__attr_""real""__coeff_41",-18.425841641126507
123,y,307,"y__fft_coefficient__attr_""real""__coeff_42",-39.50627845714387
123,y,308,"y__fft_coefficient__attr_""real""__coeff_43",-21.001183891283738
123,y,309,"y__fft_coefficient__attr_""real""__coeff_44",-8.447077380208583
123,y,310,"y__fft_coefficient__attr_""real""__coeff_45",-19.53461836876437
123,y,311,"y__fft_coefficient__attr_""real""__coeff_46",-23.524286559765134
123,y,312,"y__fft_coefficient__attr_""real""__coeff_47",-33.77010804632022
123,y,313,"y__fft_coefficient__attr_""real""__coeff_48",-13.447338992471613
123,y,314,"y__fft_coefficient__attr_""real""__coeff_49",-25.256428131780073
123,y,315,"y__fft_coefficient__attr_""real""__coeff_50",-2.4022910740474814
123,y,316,"y__fft_coefficient__attr_""real""__coeff_51",6.513748650074386
123,y,317,"y__fft_coefficient__attr_""real""__coeff_52",-2.5238623512690026
123,y,318,"y__fft_coefficient__attr_""real""__coeff_53",-2.3210645986680056
123,y,319,"y__fft_coefficient__attr_""real""__coeff_54",7.7823263416586
123,y,320,"y__fft_coefficient__attr_""real""__coeff_55",-13.216761244697608
123,y,321,"y__fft_coefficient__attr_""real""__coeff_56",13.5840002022345
123,y,322,"y__fft_coefficient__attr_""real""__coeff_57",21.712182265266705
123,y,323,"y__fft_coefficient__attr_""real""__coeff_58",-17.904292862373353
123,y,324,"y__fft_coefficient__attr_""real""__coeff_59",11.020807659571016
123,y,325,"y__fft_coefficient__attr_""real""__coeff_60",25.621437466681964
123,y,326,"y__fft_coefficient__attr_""real""__coeff_61",6.018302917618632
123,y,327,"y__fft_coefficient__attr_""real""__coeff_62",11.108617389359935
123,y,328,"y__fft_coefficient__attr_""real""__coeff_63",17.164925369118663
123,y,329,"y__fft_coefficient__attr_""real""__coeff_64",18.80591678881582
123,y,330,"y__fft_coefficient__attr_""real""__coeff_65",35.49855424565462
123,y,331,"y__fft_coefficient__attr_""real""__coeff_66",35.81014960033294
123,y,332,"y__fft_coefficient__attr_""real""__coeff_67",36.079393819371155
123,y,333,"y__fft_coefficient__attr_""real""__coeff_68",23.686489715859572
123,y,334,"y__fft_coefficient__attr_""real""__coeff_69",50.22391605450812
123,y,335,"y__fft_coefficient__attr_""real""__coeff_70",32.734174180112916
123,y,336,"y__fft_coefficient__attr_""real""__coeff_71",31.201817062040483
123,y,337,"y__fft_coefficient__attr_""real""__coeff_72",70.23505326954236
123,y,338,"y__fft_coefficient__attr_""real""__coeff_73",38.831954860766814
123,y,339,"y__fft_coefficient__attr_""real""__coeff_74",24.65663468209067
123,y,340,"y__fft_coefficient__attr_""real""__coeff_75",52.20328926383695
123,y,341,"y__fft_coefficient__attr_""real""__coeff_76",58.341605622952045
123,y,342,"y__fft_coefficient__attr_""real""__coeff_77",38.69317982349948
123,y,343,"y__fft_coefficient__attr_""real""__coeff_78",66.46817996008289
123,y,344,"y__fft_coefficient__attr_""real""__coeff_79",37.05883669143983
123,y,345,"y__fft_coefficient__attr_""real""__coeff_80",40.75898414983587
123,y,346,"y__fft_coefficient__attr_""real""__coeff_81",71.90438290500526
123,y,347,"y__fft_coefficient__attr_""real""__coeff_82",58.43747443182066
123,y,348,"y__fft_coefficient__attr_""real""__coeff_83",60.41701345527304
123,y,349,"y__fft_coefficient__attr_""real""__coeff_84",72.06040006105178
123,y,350,"y__fft_coefficient__attr_""real""__coeff_85",57.96417900884967
123,y,351,"y__fft_coefficient__attr_""real""__coeff_86",31.9852393882899
123,y,352,"y__fft_coefficient__attr_""real""__coeff_87",72.18215493665987
123,y,353,"y__fft_coefficient__attr_""real""__coeff_88",51.78523544573966
123,y,354,"y__fft_coefficient__attr_""real""__coeff_89",63.154539193560076
123,y,355,"y__fft_coefficient__attr_""real""__coeff_90",54.41921202605697
123,y,356,"y__fft_coefficient__attr_""real""__coeff_91",37.56188862423335
123,y,357,"y__fft_coefficient__attr_""real""__coeff_92",50.096020648524075
123,y,358,"y__fft_coefficient__attr_""real""__coeff_93",46.00676408833333
123,y,359,"y__fft_coefficient__attr_""real""__coeff_94",59.99917033632396
123,y,360,"y__fft_coefficient__attr_""real""__coeff_95",36.894679481541345
123,y,361,"y__fft_coefficient__attr_""real""__coeff_96",58.95267993270297
123,y,362,"y__fft_coefficient__attr_""real""__coeff_97",48.152751907950275
123,y,363,"y__fft_coefficient__attr_""real""__coeff_98",50.45679888970151
123,y,364,"y__fft_coefficient__attr_""real""__coeff_99",44.99302322467038
123,y,365,"y__fft_coefficient__attr_""imag""__coeff_0",0.0
123,y,366,"y__fft_coefficient__attr_""imag""__coeff_1",-5.662513789580597
123,y,367,"y__fft_coefficient__attr_""imag""__coeff_2",-31.518112343629106
123,y,368,"y__fft_coefficient__attr_""imag""__coeff_3",10.667519198448225
123,y,369,"y__fft_coefficient__attr_""imag""__coeff_4",15.67035262346975
123,y,370,"y__fft_coefficient__attr_""imag""__coeff_5",-6.485982022395819
123,y,371,"y__fft_coefficient__attr_""imag""__coeff_6",-0.24140317839604153
123,y,372,"y__fft_coefficient__attr_""imag""__coeff_7",1.6879970570133083
123,y,373,"y__fft_coefficient__attr_""imag""__coeff_8",-31.345412577020518
123,y,374,"y__fft_coefficient__attr_""imag""__coeff_9",-3.325855555270114
123,y,375,"y__fft_coefficient__attr_""imag""__coeff_10",-11.754206275274736
123,y,376,"y__fft_coefficient__attr_""imag""__coeff_11",3.1715397515190666
123,y,377,"y__fft_coefficient__attr_""imag""__coeff_12",-18.43799962644361
123,y,378,"y__fft_coefficient__attr_""imag""__coeff_13",-18.498966071768542
123,y,379,"y__fft_coefficient__attr_""imag""__coeff_14",-7.671805927683179
123,y,380,"y__fft_coefficient__attr_""imag""__coeff_15",-13.455746161412751
123,y,381,"y__fft_coefficient__attr_""imag""__coeff_16",-5.2608036347528975
123,y,382,"y__fft_coefficient__attr_""imag""__coeff_17",-13.93128522034377
123,y,383,"y__fft_coefficient__attr_""imag""__coeff_18",-15.058524187913928
123,y,384,"y__fft_coefficient__attr_""imag""__coeff_19",-5.636465073942505
123,y,385,"y__fft_coefficient__attr_""imag""__coeff_20",16.955490160021668
123,y,386,"y__fft_coefficient__attr_""imag""__coeff_21",-26.161474668274877
123,y,387,"y__fft_coefficient__attr_""imag""__coeff_22",5.694347779754123
123,y,388,"y__fft_coefficient__attr_""imag""__coeff_23",-8.296967814022773
123,y,389,"y__fft_coefficient__attr_""imag""__coeff_24",-14.372996246316294
123,y,390,"y__fft_coefficient__attr_""imag""__coeff_25",-11.001219196066579
123,y,391,"y__fft_coefficient__attr_""imag""__coeff_26",0.30026569350093735
123,y,392,"y__fft_coefficient__attr_""imag""__coeff_27",12.135196097820312
123,y,393,"y__fft_coefficient__attr_""imag""__coeff_28",-2.040247368024628
123,y,394,"y__fft_coefficient__attr_""imag""__coeff_29",-17.474388566548512
123,y,395,"y__fft_coefficient__attr_""imag""__coeff_30",-5.3965981181253015
123,y,396,"y__fft_coefficient__attr_""imag""__coeff_31",14.72745068286016
123,y,397,"y__fft_coefficient__attr_""imag""__coeff_32",2.566652756469178
123,y,398,"y__fft_coefficient__attr_""imag""__coeff_33",16.488603631168075
123,y,399,"y__fft_coefficient__attr_""imag""__coeff_34",-16.216142262485953
123,y,400,"y__fft_coefficient__attr_""imag""__coeff_35",31.593291700089658
123,y,401,"y__fft_coefficient__attr_""imag""__coeff_36",30.894063994210654
123,y,402,"y__fft_coefficient__attr_""imag""__coeff_37",7.110679736908297
123,y,403,"y__fft_coefficient__attr_""imag""__coeff_38",29.776936383058754
123,y,404,"y__fft_coefficient__attr_""imag""__coeff_39",34.34611458800388
123,y,405,"y__fft_coefficient__attr_""imag""__coeff_40",-4.1328159893757945
123,y,406,"y__fft_coefficient__attr_""imag""__coeff_41",9.681423926562113
123,y,407,"y__fft_coefficient__attr_""imag""__coeff_42",38.05655692843739
123,y,408,"y__fft_coefficient__attr_""imag""__coeff_43",23.891168896441627
123,y,409,"y__fft_coefficient__attr_""imag""__coeff_44",42.587513051350875
123,y,410,"y__fft_coefficient__attr_""imag""__coeff_45",25.329295258576877
123,y,411,"y__fft_coefficient__attr_""imag""__coeff_46",12.396745019542646
123,y,412,"y__fft_coefficient__attr_""imag""__coeff_47",28.915214912195445
123,y,413,"y__fft_coefficient__attr_""imag""__coeff_48",47.33570773818459
123,y,414,"y__fft_coefficient__attr_""imag""__coeff_49",36.676668385142364
123,y,415,"y__fft_coefficient__attr_""imag""__coeff_50",-3676.3703571547794
123,y,416,"y__fft_coefficient__attr_""imag""__coeff_51",61.96211086144521
123,y,417,"y__fft_coefficient__attr_""imag""__coeff_52",26.57833006502215
123,y,418,"y__fft_coefficient__attr_""imag""__coeff_53",22.9958872812306
123,y,419,"y__fft_coefficient__attr_""imag""__coeff_54",47.11086138801748
123,y,420,"y__fft_coefficient__attr_""imag""__coeff_55",47.261445028296485
123,y,421,"y__fft_coefficient__attr_""imag""__coeff_56",29.918462302628733
123,y,422,"y__fft_coefficient__attr_""imag""__coeff_57",55.37138672298538
123,y,423,"y__fft_coefficient__attr_""imag""__coeff_58",32.53714194396788
123,y,424,"y__fft_coefficient__attr_""imag""__coeff_59",45.826832653935604
123,y,425,"y__fft_coefficient__attr_""imag""__coeff_60",56.592924544931506
123,y,426,"y__fft_coefficient__attr_""imag""__coeff_61",34.56580393472486
123,y,427,"y__fft_coefficient__attr_""imag""__coeff_62",38.99253288440731
123,y,428,"y__fft_coefficient__attr_""imag""__coeff_63",63.0313276727636
123,y,429,"y__fft_coefficient__attr_""imag""__coeff_64",50.76516711810156
123,y,430,"y__fft_coefficient__attr_""imag""__coeff_65",45.65035404725759
123,y,431,"y__fft_coefficient__attr_""imag""__coeff_66",52.07001176940736
123,y,432,"y__fft_coefficient__attr_""imag""__coeff_67",33.40157767210276
123,y,433,"y__fft_coefficient__attr_""imag""__coeff_68",36.31423488649229
123,y,434,"y__fft_coefficient__attr_""imag""__coeff_69",34.12157142986715
123,y,435,"y__fft_coefficient__attr_""imag""__coeff_70",37.578554159588805
123,y,436,"y__fft_coefficient__attr_""imag""__coeff_71",26.174004025790378
123,y,437,"y__fft_coefficient__attr_""imag""__coeff_72",43.16003793101996
123,y,438,"y__fft_coefficient__attr_""imag""__coeff_73",18.912590595894606
123,y,439,"y__fft_coefficient__attr_""imag""__coeff_74",17.095332749571963
123,y,440,"y__fft_coefficient__attr_""imag""__coeff_75",34.2154116423027
123,y,441,"y__fft_coefficient__attr_""imag""__coeff_76",34.25435979379328
123,y,442,"y__fft_coefficient__attr_""imag""__coeff_77",25.703801209468164
123,y,443,"y__fft_coefficient__attr_""imag""__coeff_78",15.41017938515683
123,y,444,"y__fft_coefficient__attr_""imag""__coeff_79",14.7087439533453
123,y,445,"y__fft_coefficient__attr_""imag""__coeff_80",23.152785038689586
123,y,446,"y__fft_coefficient__attr_""imag""__coeff_81",21.05816385062382
123,y,447,"y__fft_coefficient__attr_""imag""__coeff_82",5.751652795384678
123,y,448,"y__fft_coefficient__attr_""imag""__coeff_83",13.827384986054314
123,y,449,"y__fft_coefficient__attr_""imag""__coeff_84",-11.434038224291852
123,y,450,"y__fft_coefficient__attr_""imag""__coeff_85",-12.394052621408639
123,y,451,"y__fft_coefficient__attr_""imag""__coeff_86",-7.194610126661532
123,y,452,"y__fft_coefficient__attr_""imag""__coeff_87",8.983890696086014
123,y,453,"y__fft_coefficient__attr_""imag""__coeff_88",4.416069869312855
123,y,454,"y__fft_coefficient__attr_""imag""__coeff_89",-18.879165856209948
123,y,455,"y__fft_coefficient__attr_""imag""__coeff_90",-20.414067563951196
123,y,456,"y__fft_coefficient__attr_""imag""__coeff_91",-25.576563228501218
123,y,457,"y__fft_coefficient__attr_""imag""__coeff_92",-0.5541504550108307
123,y,458,"y__fft_coefficient__attr_""imag""__coeff_93",-25.44377673227355
123,y,459,"y__fft_coefficient__attr_""imag""__coeff_94",-23.435945107926692
123,y,460,"y__fft_coefficient__attr_""imag""__coeff_95",-20.27479583237713
123,y,461,"y__fft_coefficient__attr_""imag""__coeff_96",-29.19645191882842
123,y,462,"y__fft_coefficient__attr_""imag""__coeff_97",-42.11237073731604
123,y,463,"y__fft_coefficient__attr_""imag""__coeff_98",-35.17415056650701
123,y,464,"y__fft_coefficient__attr_""imag""__coeff_99",-33.10510131650009
123,y,465,"y__fft_coefficient__attr_""abs""__coeff_0",33.37103203020681
123,y,466,"y__fft_coefficient__attr_""abs""__coeff_1",5.686697459943598
123,y,467,"y__fft_coefficient__attr_""abs""__coeff_2",31.76047495333256
123,y,468,"y__fft_coefficient__attr_""abs""__coeff_3",21.099977387889115
123,y,469,"y__fft_coefficient__attr_""abs""__coeff_4",18.29004828809737
123,y,470,"y__fft_coefficient__attr_""abs""__coeff_5",14.444881311782963
123,y,471,"y__fft_coefficient__attr_""abs""__coeff_6",1.7919898336512272
123,y,472,"y__fft_coefficient__attr_""abs""__coeff_7",7.83104011786975
123,y,473,"y__fft_coefficient__attr_""abs""__coeff_8",31.610325971020345
123,y,474,"y__fft_coefficient__attr_""abs""__coeff_9",7.342343978927823
123,y,475,"y__fft_coefficient__attr_""abs""__coeff_10",12.753201707639834
123,y,476,"y__fft_coefficient__attr_""abs""__coeff_11",15.39954331036115
123,y,477,"y__fft_coefficient__attr_""abs""__coeff_12",23.558866921613184
123,y,478,"y__fft_coefficient__attr_""abs""__coeff_13",18.531640111703474
123,y,479,"y__fft_coefficient__attr_""abs""__coeff_14",30.705282203568043
123,y,480,"y__fft_coefficient__attr_""abs""__coeff_15",20.59606720450493
123,y,481,"y__fft_coefficient__attr_""abs""__coeff_16",8.994473189287167
123,y,482,"y__fft_coefficient__attr_""abs""__coeff_17",15.472494457460094
123,y,483,"y__fft_coefficient__attr_""abs""__coeff_18",40.13638706683922
123,y,484,"y__fft_coefficient__attr_""abs""__coeff_19",5.805272964332628
123,y,485,"y__fft_coefficient__attr_""abs""__coeff_20",19.935004056631765
123,y,486,"y__fft_coefficient__attr_""abs""__coeff_21",29.827876235865432
123,y,487,"y__fft_coefficient__attr_""abs""__coeff_22",6.5352586774984305
123,y,488,"y__fft_coefficient__attr_""abs""__coeff_23",25.417175685573802
123,y,489,"y__fft_coefficient__attr_""abs""__coeff_24",17.17377220128501
123,y,490,"y__fft_coefficient__attr_""abs""__coeff_25",29.625199490782418
123,y,491,"y__fft_coefficient__attr_""abs""__coeff_26",26.534341660591913
123,y,492,"y__fft_coefficient__attr_""abs""__coeff_27",32.59077785972421
123,y,493,"y__fft_coefficient__attr_""abs""__coeff_28",3.5221222734220685
123,y,494,"y__fft_coefficient__attr_""abs""__coeff_29",30.35540905405219
123,y,495,"y__fft_coefficient__attr_""abs""__coeff_30",42.20541909128528
123,y,496,"y__fft_coefficient__attr_""abs""__coeff_31",37.39555831745987
123,y,497,"y__fft_coefficient__attr_""abs""__coeff_32",6.210889898949112
123,y,498,"y__fft_coefficient__attr_""abs""__coeff_33",30.93232342006123
123,y,499,"y__fft_coefficient__attr_""abs""__coeff_34",36.212698745167664
123,y,500,"y__fft_coefficient__attr_""abs""__coeff_35",35.893114770644196
123,y,501,"y__fft_coefficient__attr_""abs""__coeff_36",56.65260655802162
123,y,502,"y__fft_coefficient__attr_""abs""__coeff_37",15.343823220740445
123,y,503,"y__fft_coefficient__attr_""abs""__coeff_38",36.85796990189859
123,y,504,"y__fft_coefficient__attr_""abs""__coeff_39",37.30833545305495
123,y,505,"y__fft_coefficient__attr_""abs""__coeff_40",20.938482697070434
123,y,506,"y__fft_coefficient__attr_""abs""__coeff_41",20.81445674116144
123,y,507,"y__fft_coefficient__attr_""abs""__coeff_42",54.85478614287714
123,y,508,"y__fft_coefficient__attr_""abs""__coeff_43",31.809396034408064
123,y,509,"y__fft_coefficient__attr_""abs""__coeff_44",43.41715541311076
123,y,510,"y__fft_coefficient__attr_""abs""__coeff_45",31.98709916684274
123,y,511,"y__fft_coefficient__attr_""abs""__coeff_46",26.59081317345338
123,y,512,"y__fft_coefficient__attr_""abs""__coeff_47",44.45795599078517
123,y,513,"y__fft_coefficient__attr_""abs""__coeff_48",49.20874061641159
123,y,514,"y__fft_coefficient__attr_""abs""__coeff_49",44.53161984264072
123,y,515,"y__fft_coefficient__attr_""abs""__coeff_50",3676.3711420324203
123,y,516,"y__fft_coefficient__attr_""abs""__coeff_51",62.30354808421727
123,y,517,"y__fft_coefficient__attr_""abs""__coeff_52",26.69789336658257
123,y,518,"y__fft_coefficient__attr_""abs""__coeff_53",23.112727505040446
123,y,519,"y__fft_coefficient__attr_""abs""__coeff_54",47.74932317854432
123,y,520,"y__fft_coefficient__attr_""abs""__coeff_55",49.074707986518185
123,y,521,"y__fft_coefficient__attr_""abs""__coeff_56",32.85786736914196
123,y,522,"y__fft_coefficient__attr_""abs""__coeff_57",59.47612400238068
123,y,523,"y__fft_coefficient__attr_""abs""__coeff_58",37.13797663825464
123,y,524,"y__fft_coefficient__attr_""abs""__coeff_59",47.133393603273234
123,y,525,"y__fft_coefficient__attr_""abs""__coeff_60",62.1225978723315
123,y,526,"y__fft_coefficient__attr_""abs""__coeff_61",35.08582009390771
123,y,527,"y__fft_coefficient__attr_""abs""__coeff_62",40.544037798975765
123,y,528,"y__fft_coefficient__attr_""abs""__coeff_63",65.32673978639
123,y,529,"y__fft_coefficient__attr_""abs""__coeff_64",54.13653755825768
123,y,530,"y__fft_coefficient__attr_""abs""__coeff_65",57.828212648945424
123,y,531,"y__fft_coefficient__attr_""abs""__coeff_66",63.19535536781518
123,y,532,"y__fft_coefficient__attr_""abs""__coeff_67",49.166940614184966
123,y,533,"y__fft_coefficient__attr_""abs""__coeff_68",43.356354210782705
123,y,534,"y__fft_coefficient__attr_""abs""__coeff_69",60.71839408856105
123,y,535,"y__fft_coefficient__attr_""abs""__coeff_70",49.836471504101496
123,y,536,"y__fft_coefficient__attr_""abs""__coeff_71",40.72630445688795
123,y,537,"y__fft_coefficient__attr_""abs""__coeff_72",82.43634866964048
123,y,538,"y__fft_coefficient__attr_""abs""__coeff_73",43.19267069025198
123,y,539,"y__fft_coefficient__attr_""abs""__coeff_74",30.00333374251375
123,y,540,"y__fft_coefficient__attr_""abs""__coeff_75",62.416967275061175
123,y,541,"y__fft_coefficient__attr_""abs""__coeff_76",67.654298544488
123,y,542,"y__fft_coefficient__attr_""abs""__coeff_77",46.452637831123475
123,y,543,"y__fft_coefficient__attr_""abs""__coeff_78",68.23117011959181
123,y,544,"y__fft_coefficient__attr_""abs""__coeff_79",39.87109887635251
123,y,545,"y__fft_coefficient__attr_""abs""__coeff_80",46.87585992783855
123,y,546,"y__fft_coefficient__attr_""abs""__coeff_81",74.92453900898778
123,y,547,"y__fft_coefficient__attr_""abs""__coeff_82",58.7198427096697
123,y,548,"y__fft_coefficient__attr_""abs""__coeff_83",61.97912624752953
123,y,549,"y__fft_coefficient__attr_""abs""__coeff_84",72.9618975018701
123,y,550,"y__fft_coefficient__attr_""abs""__coeff_85",59.27443452747749
123,y,551,"y__fft_coefficient__attr_""abs""__coeff_86",32.784416322406486
123,y,552,"y__fft_coefficient__attr_""abs""__coeff_87",72.73908016561104
123,y,553,"y__fft_coefficient__attr_""abs""__coeff_88",51.97318811908063
123,y,554,"y__fft_coefficient__attr_""abs""__coeff_89",65.91599748298738
123,y,555,"y__fft_coefficient__attr_""abs""__coeff_90",58.12215405542457
123,y,556,"y__fft_coefficient__attr_""abs""__coeff_91",45.44288793200572
123,y,557,"y__fft_coefficient__attr_""abs""__coeff_92",50.09908549608605
123,y,558,"y__fft_coefficient__attr_""abs""__coeff_93",52.57383490179637
123,y,559,"y__fft_coefficient__attr_""abs""__coeff_94",64.41384916420513
123,y,560,"y__fft_coefficient__attr_""abs""__coeff_95",42.09851208879293
123,y,561,"y__fft_coefficient__attr_""abs""__coeff_96",65.7864064674168
123,y,562,"y__fft_coefficient__attr_""abs""__coeff_97",63.96983105672361
123,y,563,"y__fft_coefficient__attr_""abs""__coeff_98",61.506986776065446
123,y,564,"y__fft_coefficient__attr_""abs""__coeff_99",55.85982341604263
123,y,565,"y__fft_coefficient__attr_""angle""__coeff_0",0.0
123,y,566,"y__fft_coefficient__attr_""angle""__coeff_1",-95.28594579281939
123,y,567,"y__fft_coefficient__attr_""angle""__coeff_2",-97.08277599450518
123,y,568,"y__fft_coefficient__attr_""angle""__coeff_3",149.63079102863927
123,y,569,"y__fft_coefficient__attr_""angle""__coeff_4",58.955757141724234
123,y,570,"y__fft_coefficient__attr_""angle""__coeff_5",-26.680565469971654
123,y,571,"y__fft_coefficient__attr_""angle""__coeff_6",-7.741987357292236
123,y,572,"y__fft_coefficient__attr_""angle""__coeff_7",12.447919163359899
123,y,573,"y__fft_coefficient__attr_""angle""__coeff_8",-82.577010052385
123,y,574,"y__fft_coefficient__attr_""angle""__coeff_9",-153.06565615104216
123,y,575,"y__fft_coefficient__attr_""angle""__coeff_10",-112.8289714488928
123,y,576,"y__fft_coefficient__attr_""angle""__coeff_11",11.885131266502261
123,y,577,"y__fft_coefficient__attr_""angle""__coeff_12",-128.4975065975922
123,y,578,"y__fft_coefficient__attr_""angle""__coeff_13",-86.59712535895481
123,y,579,"y__fft_coefficient__attr_""angle""__coeff_14",-165.53118816757487
123,y,580,"y__fft_coefficient__attr_""angle""__coeff_15",-139.20789508991777
123,y,581,"y__fft_coefficient__attr_""angle""__coeff_16",-35.79542524664784
123,y,582,"y__fft_coefficient__attr_""angle""__coeff_17",-115.79057103861149
123,y,583,"y__fft_coefficient__attr_""angle""__coeff_18",-157.96432371412155
123,y,584,"y__fft_coefficient__attr_""angle""__coeff_19",-103.85098681957867
123,y,585,"y__fft_coefficient__attr_""angle""__coeff_20",121.72970264635815
123,y,586,"y__fft_coefficient__attr_""angle""__coeff_21",-118.7077291666561
123,y,587,"y__fft_coefficient__attr_""angle""__coeff_22",119.38677856954688
123,y,588,"y__fft_coefficient__attr_""angle""__coeff_23",-160.94767298770287
123,y,589,"y__fft_coefficient__attr_""angle""__coeff_24",-123.18417624770805
123,y,590,"y__fft_coefficient__attr_""angle""__coeff_25",-158.20130605993714
123,y,591,"y__fft_coefficient__attr_""angle""__coeff_26",179.35162046281852
123,y,592,"y__fft_coefficient__attr_""angle""__coeff_27",158.13934112439395
123,y,593,"y__fft_coefficient__attr_""angle""__coeff_28",-144.60103279465983
123,y,594,"y__fft_coefficient__attr_""angle""__coeff_29",-144.85414882319068
123,y,595,"y__fft_coefficient__attr_""angle""__coeff_30",-172.65376078575588
123,y,596,"y__fft_coefficient__attr_""angle""__coeff_31",156.80704597283548
123,y,597,"y__fft_coefficient__attr_""angle""__coeff_32",155.59081571720935
123,y,598,"y__fft_coefficient__attr_""angle""__coeff_33",147.7879547747628
123,y,599,"y__fft_coefficient__attr_""angle""__coeff_34",-153.39720893435856
123,y,600,"y__fft_coefficient__attr_""angle""__coeff_35",118.3329225028708
123,y,601,"y__fft_coefficient__attr_""angle""__coeff_36",146.9531467432287
123,y,602,"y__fft_coefficient__attr_""angle""__coeff_37",152.39179461185705
123,y,603,"y__fft_coefficient__attr_""angle""__coeff_38",126.11036855682035
123,y,604,"y__fft_coefficient__attr_""angle""__coeff_39",112.98580418141212
123,y,605,"y__fft_coefficient__attr_""angle""__coeff_40",-168.6162704221334
123,y,606,"y__fft_coefficient__attr_""angle""__coeff_41",152.28137773803522
123,y,607,"y__fft_coefficient__attr_""angle""__coeff_42",136.0707867237792
123,y,608,"y__fft_coefficient__attr_""angle""__coeff_43",131.31661608717408
123,y,609,"y__fft_coefficient__attr_""angle""__coeff_44",101.21880002230743
123,y,610,"y__fft_coefficient__attr_""angle""__coeff_45",127.6403539572749
123,y,611,"y__fft_coefficient__attr_""angle""__coeff_46",152.21182548759205
123,y,612,"y__fft_coefficient__attr_""angle""__coeff_47",139.42863967454247
123,y,613,"y__fft_coefficient__attr_""angle""__coeff_48",105.85902437862255
123,y,614,"y__fft_coefficient__attr_""angle""__coeff_49",124.55222454413307
123,y,615,"y__fft_coefficient__attr_""angle""__coeff_50",-90.03743940537622
123,y,616,"y__fft_coefficient__attr_""angle""__coeff_51",83.99883996516463
123,y,617,"y__fft_coefficient__attr_""angle""__coeff_52",95.42450724823006
123,y,618,"y__fft_coefficient__attr_""angle""__coeff_53",95.76356699338643
123,y,619,"y__fft_coefficient__attr_""angle""__coeff_54",80.61991911190184
123,y,620,"y__fft_coefficient__attr_""angle""__coeff_55",105.62375949188845
123,y,621,"y__fft_coefficient__attr_""angle""__coeff_56",65.5803345157017
123,y,622,"y__fft_coefficient__attr_""angle""__coeff_57",68.58890227357367
123,y,623,"y__fft_coefficient__attr_""angle""__coeff_58",118.82277725563752
123,y,624,"y__fft_coefficient__attr_""angle""__coeff_59",76.47782699462252
123,y,625,"y__fft_coefficient__attr_""angle""__coeff_60",65.64220762897665
123,y,626,"y__fft_coefficient__attr_""angle""__coeff_61",80.12315822096068
123,y,627,"y__fft_coefficient__attr_""angle""__coeff_62",74.0982301529496
123,y,628,"y__fft_coefficient__attr_""angle""__coeff_63",74.76640484356054
123,y,629,"y__fft_coefficient__attr_""angle""__coeff_64",69.67289026027008
123,y,630,"y__fft_coefficient__attr_""angle""__coeff_65",52.13070732777315
123,y,631,"y__fft_coefficient__attr_""angle""__coeff_66",55.482499312254994
123,y,632,"y__fft_coefficient__attr_""angle""__coeff_67",42.79289691583142
123,y,633,"y__fft_coefficient__attr_""angle""__coeff_68",56.88501293108924
123,y,634,"y__fft_coefficient__attr_""angle""__coeff_69",34.191753141891645
123,y,635,"y__fft_coefficient__attr_""angle""__coeff_70",48.941314677586625
123,y,636,"y__fft_coefficient__attr_""angle""__coeff_71",39.991993522535616
123,y,637,"y__fft_coefficient__attr_""angle""__coeff_72",31.57107892067619
123,y,638,"y__fft_coefficient__attr_""angle""__coeff_73",25.967785873944674
123,y,639,"y__fft_coefficient__attr_""angle""__coeff_74",34.73496317396819
123,y,640,"y__fft_coefficient__attr_""angle""__coeff_75",33.24188990426518
123,y,641,"y__fft_coefficient__attr_""angle""__coeff_76",30.41865805886118
123,y,642,"y__fft_coefficient__attr_""angle""__coeff_77",33.5960077367497
123,y,643,"y__fft_coefficient__attr_""angle""__coeff_78",13.053012451746731
123,y,644,"y__fft_coefficient__attr_""angle""__coeff_79",21.64825040885652
123,y,645,"y__fft_coefficient__attr_""angle""__coeff_80",29.5983627263053
123,y,646,"y__fft_coefficient__attr_""angle""__coeff_81",16.323377737256138
123,y,647,"y__fft_coefficient__attr_""angle""__coeff_82",5.621177880417525
123,y,648,"y__fft_coefficient__attr_""angle""__coeff_83",12.89102652853088
123,y,649,"y__fft_coefficient__attr_""angle""__coeff_84",-9.016126666828491
123,y,650,"y__fft_coefficient__attr_""angle""__coeff_85",-12.069386201754485
123,y,651,"y__fft_coefficient__attr_""angle""__coeff_86",-12.676856241178836
123,y,652,"y__fft_coefficient__attr_""angle""__coeff_87",7.094628527343775
123,y,653,"y__fft_coefficient__attr_""angle""__coeff_88",4.874198048094553
123,y,654,"y__fft_coefficient__attr_""angle""__coeff_89",-16.643299216873736
123,y,655,"y__fft_coefficient__attr_""angle""__coeff_90",-20.562379932187298
123,y,656,"y__fft_coefficient__attr_""angle""__coeff_91",-34.25165039098905
123,y,657,"y__fft_coefficient__attr_""angle""__coeff_92",-0.6337666534563169
123,y,658,"y__fft_coefficient__attr_""angle""__coeff_93",-28.944535714946753
123,y,659,"y__fft_coefficient__attr_""angle""__coeff_94",-21.335839537611584
123,y,660,"y__fft_coefficient__attr_""angle""__coeff_95",-28.790189458152312
123,y,661,"y__fft_coefficient__attr_""angle""__coeff_96",-26.347020871961785
123,y,662,"y__fft_coefficient__attr_""angle""__coeff_97",-41.171576339530944
123,y,663,"y__fft_coefficient__attr_""angle""__coeff_98",-34.88090012682812
123,y,664,"y__fft_coefficient__attr_""angle""__coeff_99",-36.34500260164107
123,y,665,"y__fft_aggregated__aggtype_""centroid""",812.25344030619
123,y,666,"y__fft_aggregated__aggtype_""variance""",612198.7783228348
123,y,667,"y__fft_aggregated__aggtype_""skew""",0.6914669106015078
123,y,668,"y__fft_aggregated__aggtype_""kurtosis""",5.559312798869775
123,y,669,y__value_count__value_0,0.0
123,y,670,y__value_count__value_1,0.0
123,y,671,y__value_count__value_-1,0.0
123,y,672,y__range_count__max_1__min_-1,2277.0
123,y,673,y__range_count__max_0__min_-1000000000000.0,2500.0
123,y,674,y__range_count__max_1000000000000.0__min_0,2500.0
123,y,675,y__approximate_entropy__m_2__r_0.1,0.4915484171586879
123,y,676,y__approximate_entropy__m_2__r_0.3,0.21379855252469504
123,y,677,y__approximate_entropy__m_2__r_0.5,0.1288552680439634
123,y,678,y__approximate_entropy__m_2__r_0.7,0.0854753608387091
123,y,679,y__approximate_entropy__m_2__r_0.9,0.057399349217013174
123,y,680,y__friedrich_coefficients__coeff_0__m_3__r_30,-0.026068228769987663
123,y,681,y__friedrich_coefficients__coeff_1__m_3__r_30,0.00015906963109409554
123,y,682,y__friedrich_coefficients__coeff_2__m_3__r_30,0.02910034257871686
123,y,683,y__friedrich_coefficients__coeff_3__m_3__r_30,7.588303613756403e-05
123,y,684,y__max_langevin_fixed_point__m_3__r_30,1.060910964248876
123,y,685,"y__linear_trend__attr_""pvalue""",0.18450489389781866
123,y,686,"y__linear_trend__attr_""rvalue""",-0.018769815835459894
123,y,687,"y__linear_trend__attr_""intercept""",0.04115411851194758
123,y,688,"y__linear_trend__attr_""slope""",-1.3794723787119911e-05
123,y,689,"y__linear_trend__attr_""stderr""",1.0393895733620215e-05
123,y,690,"y__agg_linear_trend__attr_""rvalue""__chunk_len_5__f_agg_""max""",-0.02849030977729243
123,y,691,"y__agg_linear_trend__attr_""rvalue""__chunk_len_5__f_agg_""min""",-0.009572931291964267
123,y,692,"y__agg_linear_trend__attr_""rvalue""__chunk_len_5__f_agg_""mean""",-0.01894023107234543
123,y,693,"y__agg_linear_trend__attr_""rvalue""__chunk_len_5__f_agg_""var""",-0.07315425007901442
123,y,694,"y__agg_linear_trend__attr_""rvalue""__chunk_len_10__f_agg_""max""",-0.037336291257729366
123,y,695,"y__agg_linear_trend__attr_""rvalue""__chunk_len_10__f_agg_""min""",-0.00747150730401468
123,y,696,"y__agg_linear_trend__attr_""rvalue""__chunk_len_10__f_agg_""mean""",-0.019184445943615385
123,y,697,"y__agg_linear_trend__attr_""rvalue""__chunk_len_10__f_agg_""var""",-0.11922006431199474
123,y,698,"y__agg_linear_trend__attr_""rvalue""__chunk_len_50__f_agg_""max""",-0.04963990723665103
123,y,699,"y__agg_linear_trend__attr_""rvalue""__chunk_len_50__f_agg_""min""",0.01510242661922137
123,y,700,"y__agg_linear_trend__attr_""rvalue""__chunk_len_50__f_agg_""mean""",-0.020817460486737285
123,y,701,"y__agg_linear_trend__attr_""rvalue""__chunk_len_50__f_agg_""var""",-0.23540385998894578
123,y,702,"y__agg_linear_trend__attr_""intercept""__chunk_len_5__f_agg_""max""",0.20837033736988264
123,y,703,"y__agg_linear_trend__attr_""intercept""__chunk_len_5__f_agg_""min""",-0.12936264271463682
123,y,704,"y__agg_linear_trend__attr_""intercept""__chunk_len_5__f_agg_""mean""",0.04112323883729384
123,y,705,"y__agg_linear_trend__attr_""intercept""__chunk_len_5__f_agg_""var""",0.02671779922690891
123,y,706,"y__agg_linear_trend__attr_""intercept""__chunk_len_10__f_agg_""max""",0.3822252781024146
123,y,707,"y__agg_linear_trend__attr_""intercept""__chunk_len_10__f_agg_""min""",-0.2973411266947739
123,y,708,"y__agg_linear_trend__attr_""intercept""__chunk_len_10__f_agg_""mean""",0.041080887190194156
123,y,709,"y__agg_linear_trend__attr_""intercept""__chunk_len_10__f_agg_""var""",0.05815360741351623
123,y,710,"y__agg_linear_trend__attr_""intercept""__chunk_len_50__f_agg_""max""",0.8482952647699858
123,y,711,"y__agg_linear_trend__attr_""intercept""__chunk_len_50__f_agg_""min""",-0.7992556065859368
123,y,712,"y__agg_linear_trend__attr_""intercept""__chunk_len_50__f_agg_""mean""",0.0405630504564931
123,y,713,"y__agg_linear_trend__attr_""intercept""__chunk_len_50__f_agg_""var""",0.26255159417341567
123,y,714,"y__agg_linear_trend__attr_""slope""__chunk_len_5__f_agg_""max""",-0.00010310264162428262
123,y,715,"y__agg_linear_trend__attr_""slope""__chunk_len_5__f_agg_""min""",-3.4631367061361985e-05
123,y,716,"y__agg_linear_trend__attr_""slope""__chunk_len_5__f_agg_""mean""",-6.896703189439935e-05
123,y,717,"y__agg_linear_trend__attr_""slope""__chunk_len_5__f_agg_""var""",-1.2706902650052495e-05
123,y,718,"y__agg_linear_trend__attr_""slope""__chunk_len_10__f_agg_""max""",-0.0002615439782154348
123,y,719,"y__agg_linear_trend__attr_""slope""__chunk_len_10__f_agg_""min""",-5.2028462035559095e-05
123,y,720,"y__agg_linear_trend__attr_""slope""__chunk_len_10__f_agg_""mean""",-0.00013790252819299715
123,y,721,"y__agg_linear_trend__attr_""slope""__chunk_len_10__f_agg_""var""",-3.7416552051507524e-05
123,y,722,"y__agg_linear_trend__attr_""slope""__chunk_len_50__f_agg_""max""",-0.001316381225317325
123,y,723,"y__agg_linear_trend__attr_""slope""__chunk_len_50__f_agg_""min""",0.00039761674082362054
123,y,724,"y__agg_linear_trend__attr_""slope""__chunk_len_50__f_agg_""mean""",-0.0006846231121303387
123,y,725,"y__agg_linear_trend__attr_""slope""__chunk_len_50__f_agg_""var""",-0.0007770607317232218
123,y,726,"y__agg_linear_trend__attr_""stderr""__chunk_len_5__f_agg_""max""",0.00011450673224443416
123,y,727,"y__agg_linear_trend__attr_""stderr""__chunk_len_5__f_agg_""min""",0.00011450897376376245
123,y,728,"y__agg_linear_trend__attr_""stderr""__chunk_len_5__f_agg_""mean""",0.00011524260861644319
123,y,729,"y__agg_linear_trend__attr_""stderr""__chunk_len_5__f_agg_""var""",5.483649344962198e-06
123,y,730,"y__agg_linear_trend__attr_""stderr""__chunk_len_10__f_agg_""max""",0.0003136865978244211
123,y,731,"y__agg_linear_trend__attr_""stderr""__chunk_len_10__f_agg_""min""",0.0003120369105562736
123,y,732,"y__agg_linear_trend__attr_""stderr""__chunk_len_10__f_agg_""mean""",0.000322053750828952
123,y,733,"y__agg_linear_trend__attr_""stderr""__chunk_len_10__f_agg_""var""",1.396340039568997e-05
123,y,734,"y__agg_linear_trend__attr_""stderr""__chunk_len_50__f_agg_""max""",0.00267548144398178
123,y,735,"y__agg_linear_trend__attr_""stderr""__chunk_len_50__f_agg_""min""",0.0026592266579418588
123,y,736,"y__agg_linear_trend__attr_""stderr""__chunk_len_50__f_agg_""mean""",0.0033213653051952065
123,y,737,"y__agg_linear_trend__attr_""stderr""__chunk_len_50__f_agg_""var""",0.0003240774945248231
123,y,738,"y__augmented_dickey_fuller__attr_""teststat""__autolag_""AIC""",-22.52839070805593
123,y,739,"y__augmented_dickey_fuller__attr_""pvalue""__autolag_""AIC""",0.0
123,y,740,"y__augmented_dickey_fuller__attr_""usedlag""__autolag_""AIC""",32.0
123,y,741,y__number_crossing_m__m_0,103.0
123,y,742,y__number_crossing_m__m_-1,152.0
123,y,743,y__number_crossing_m__m_1,148.0
123,y,744,y__energy_ratio_by_chunks__num_segments_10__segment_focus_0,0.09658793126211701
123,y,745,y__energy_ratio_by_chunks__num_segments_10__segment_focus_1,0.09804638200874179
123,y,746,y__energy_ratio_by_chunks__num_segments_10__segment_focus_2,0.1004308792026346
123,y,747,y__energy_ratio_by_chunks__num_segments_10__segment_focus_3,0.09986525211337842
123,y,748,y__energy_ratio_by_chunks__num_segments_10__segment_focus_4,0.09908119210771359
123,y,749,y__energy_ratio_by_chunks__num_segments_10__segment_focus_5,0.10192450557983479
123,y,750,y__energy_ratio_by_chunks__num_segments_10__segment_focus_6,0.10686699552595177
123,y,751,y__energy_ratio_by_chunks__num_segments_10__segment_focus_7,0.09879301431602354
123,y,752,y__energy_ratio_by_chunks__num_segments_10__segment_focus_8,0.09846871991711463
123,y,753,y__energy_ratio_by_chunks__num_segments_10__segment_focus_9,0.09993512796648975
123,y,754,y__ratio_beyond_r_sigma__r_0.5,0.7682
123,y,755,y__ratio_beyond_r_sigma__r_1,0.509
123,y,756,y__ratio_beyond_r_sigma__r_1.5,0.0
123,y,757,y__ratio_beyond_r_sigma__r_2,0.0
123,y,758,y__ratio_beyond_r_sigma__r_2.5,0.0
123,y,759,y__ratio_beyond_r_sigma__r_3,0.0
123,y,760,y__ratio_beyond_r_sigma__r_5,0.0
123,y,761,y__ratio_beyond_r_sigma__r_6,0.0
123,y,762,y__ratio_beyond_r_sigma__r_7,0.0
123,y,763,y__ratio_beyond_r_sigma__r_10,0.0
123,y,764,y__count_above__t_0,0.5
123,y,765,y__count_below__t_0,0.5
123,y,766,y__lempel_ziv_complexity__bins_2,0.0394
123,y,767,y__lempel_ziv_complexity__bins_3,0.0674
123,y,768,y__lempel_ziv_complexity__bins_5,0.0934
123,y,769,y__lempel_ziv_complexity__bins_10,0.1442
123,y,770,y__lempel_ziv_complexity__bins_100,0.3824
123,y,771,y__fourier_entropy__bins_2,0.07998252574647073
123,y,772,y__fourier_entropy__bins_3,0.07998252574647073
123,y,773,y__fourier_entropy__bins_5,0.07998252574647073
123,y,774,y__fourier_entropy__bins_10,0.09072899366212879
123,y,775,y__fourier_entropy__bins_100,0.22636345757853585
123,y,776,y__permutation_entropy__dimension_3__tau_1,1.4315359744047222
123,y,777,y__permutation_entropy__dimension_4__tau_1,2.125570632726311
123,y,778,y__permutation_entropy__dimension_5__tau_1,2.800495016377904
123,y,779,y__permutation_entropy__dimension_6__tau_1,3.425167432220907
123,y,780,y__permutation_entropy__dimension_7__tau_1,3.920758894397942
123,y,781,y__query_similarity_count__query_None__threshold_0.0,
123,y,782,y__mean_n_absolute_max__number_of_maxima_7,1.5677826960900456
1234,y,0,y__variance_larger_than_standard_deviation,1.0
1234,y,1,y__has_duplicate_max,0.0
1234,y,2,y__has_duplicate_min,0.0
1234,y,3,y__has_duplicate,1.0
1234,y,4,y__sum_values,-4607.466603825811
1234,y,5,y__abs_energy,18331.83979563357
1234,y,6,y__mean_abs_change,0.11316716038935241
1234,y,7,y__mean_change,-9.515032133906999e-05
1234,y,8,y__mean_second_derivative_central,3.0154498625502256e-05
1234,y,9,y__median,-0.962845724180035
1234,y,10,y__mean,-0.9214933207651622
1234,y,11,y__length,5000.0
1234,y,12,y__standard_deviation,1.6784570351700714
1234,y,13,y__variation_coefficient,-1.8214532838679331
1234,y,14,y__variance,2.8172180189119063
1234,y,15,y__skewness,0.5129799638755924
1234,y,16,y__kurtosis,-0.31866644489325546
1234,y,17,y__root_mean_square,1.914776216461525
1234,y,18,y__absolute_sum_of_changes,565.7226347863727
1234,y,19,y__longest_strike_below_mean,71.0
1234,y,20,y__longest_strike_above_mean,671.0
1234,y,21,y__count_above_mean,2451.0
1234,y,22,y__count_below_mean,2549.0
1234,y,23,y__last_location_of_maximum,0.8456
1234,y,24,y__first_location_of_maximum,0.8454
1234,y,25,y__last_location_of_minimum,0.19540000000000002
1234,y,26,y__first_location_of_minimum,0.1952
1234,y,27,y__percentage_of_reoccurring_values_to_all_values,0.010101010101010102
1234,y,28,y__percentage_of_reoccurring_datapoints_to_all_datapoints,0.02
1234,y,29,y__sum_of_reoccurring_values,-89.91811411945123
1234,y,30,y__sum_of_reoccurring_data_points,-179.83622823890246
1234,y,31,y__ratio_value_number_to_time_series_length,0.99
1234,y,32,y__sample_entropy,0.16458407409965536
1234,y,33,y__maximum,3.371483641766037
1234,y,34,y__absolute_maximum,3.376963870820271
1234,y,35,y__minimum,-3.376963870820271
1234,y,36,y__benford_correlation,0.8979182521000553
1234,y,37,y__time_reversal_asymmetry_statistic__lag_1,0.00010168218241894814
1234,y,38,y__time_reversal_asymmetry_statistic__lag_2,-0.0013987378967685615
1234,y,39,y__time_reversal_asymmetry_statistic__lag_3,-0.0032240320356997643
1234,y,40,y__c3__lag_1,-6.031376121379162
1234,y,41,y__c3__lag_2,-5.9820684560901745
1234,y,42,y__c3__lag_3,-5.914882377555171
1234,y,43,y__cid_ce__normalize_True,13.133660125122407
1234,y,44,y__cid_ce__normalize_False,22.044284234544342
1234,y,45,y__symmetry_looking__r_0.0,0.0
1234,y,46,y__symmetry_looking__r_0.05,1.0
1234,y,47,y__symmetry_looking__r_0.1,1.0
1234,y,48,y__symmetry_looking__r_0.15000000000000002,1.0
1234,y,49,y__symmetry_looking__r_0.2,1.0
1234,y,50,y__symmetry_looking__r_0.25,1.0
1234,y,51,y__symmetry_looking__r_0.30000000000000004,1.0
1234,y,52,y__symmetry_looking__r_0.35000000000000003,1.0
1234,y,53,y__symmetry_looking__r_0.4,1.0
1234,y,54,y__symmetry_looking__r_0.45,1.0
1234,y,55,y__symmetry_looking__r_0.5,1.0
1234,y,56,y__symmetry_looking__r_0.55,1.0
1234,y,57,y__symmetry_looking__r_0.6000000000000001,1.0
1234,y,58,y__symmetry_looking__r_0.65,1.0
1234,y,59,y__symmetry_looking__r_0.7000000000000001,1.0
1234,y,60,y__symmetry_looking__r_0.75,1.0
1234,y,61,y__symmetry_looking__r_0.8,1.0
1234,y,62,y__symmetry_looking__r_0.8500000000000001,1.0
1234,y,63,y__symmetry_looking__r_0.9,1.0
1234,y,64,y__symmetry_looking__r_0.9500000000000001,1.0
1234,y,65,y__large_standard_deviation__r_0.05,1.0
1234,y,66,y__large_standard_deviation__r_0.1,1.0
1234,y,67,y__large_standard_deviation__r_0.15000000000000002,1.0
1234,y,68,y__large_standard_deviation__r_0.2,1.0
1234,y,69,y__large_standard_deviation__r_0.25,0.0
1234,y,70,y__large_standard_deviation__r_0.30000000000000004,0.0
1234,y,71,y__large_standard_deviation__r_0.35000000000000003,0.0
1234,y,72,y__large_standard_deviation__r_0.4,0.0
1234,y,73,y__large_standard_deviation__r_0.45,0.0
1234,y,74,y__large_standard_deviation__r_0.5,0.0
1234,y,75,y__large_standard_deviation__r_0.55,0.0
1234,y,76,y__large_standard_deviation__r_0.6000000000000001,0.0
1234,y,77,y__large_standard_deviation__r_0.65,0.0
1234,y,78,y__large_standard_deviation__r_0.7000000000000001,0.0
1234,y,79,y__large_standard_deviation__r_0.75,0.0
1234,y,80,y__large_standard_deviation__r_0.8,0.0
1234,y,81,y__large_standard_deviation__r_0.8500000000000001,0.0
1234,y,82,y__large_standard_deviation__r_0.9,0.0
1234,y,83,y__large_standard_deviation__r_0.9500000000000001,0.0
1234,y,84,y__quantile__q_0.1,-3.1238111949823626
1234,y,85,y__quantile__q_0.2,-2.6698445383750444
1234,y,86,y__quantile__q_0.3,-1.9797506732632348
1234,y,87,y__quantile__q_0.4,-1.4118539700866022
1234,y,88,y__quantile__q_0.6,-0.5746119060362566
1234,y,89,y__quantile__q_0.7,-0.3323852146203092
1234,y,90,y__quantile__q_0.8,0.47592889922402076
1234,y,91,y__quantile__q_0.9,1.4110457752208494
1234,y,92,y__autocorrelation__lag_0,1.0
1234,y,93,y__autocorrelation__lag_1,0.9829051823986721
1234,y,94,y__autocorrelation__lag_2,0.9794207456789371
1234,y,95,y__autocorrelation__lag_3,0.9745929963964794
1234,y,96,y__autocorrelation__lag_4,0.9678621220510837
1234,y,97,y__autocorrelation__lag_5,0.9595954633645115
1234,y,98,y__autocorrelation__lag_6,0.9503319073686131
1234,y,99,y__autocorrelation__lag_7,0.937877152365983
1234,y,100,y__autocorrelation__lag_8,0.9252065901425097
1234,y,101,y__autocorrelation__lag_9,0.9100216308712606
1234,y,102,"y__agg_autocorrelation__f_agg_""mean""__maxlag_40",0.6384060223989644
1234,y,103,"y__agg_autocorrelation__f_agg_""median""__maxlag_40",0.6609762155010075
1234,y,104,"y__agg_autocorrelation__f_agg_""var""__maxlag_40",0.06500949532053506
1234,y,105,y__partial_autocorrelation__lag_0,1.0
1234,y,106,y__partial_autocorrelation__lag_1,0.982905182398672
1234,y,107,y__partial_autocorrelation__lag_2,0.3928958310780644
1234,y,108,y__partial_autocorrelation__lag_3,0.1384273593234024
1234,y,109,y__partial_autocorrelation__lag_4,-0.023652999956418824
1234,y,110,y__partial_autocorrelation__lag_5,-0.10455843630118229
1234,y,111,y__partial_autocorrelation__lag_6,-0.11908600221586374
1234,y,112,y__partial_autocorrelation__lag_7,-0.18912142057783007
1234,y,113,y__partial_autocorrelation__lag_8,-0.14734484909469914
1234,y,114,y__partial_autocorrelation__lag_9,-0.16565764093546237
1234,y,115,y__number_cwt_peaks__n_1,310.0
1234,y,116,y__number_cwt_peaks__n_5,279.0
1234,y,117,y__number_peaks__n_1,606.0
1234,y,118,y__number_peaks__n_3,136.0
1234,y,119,y__number_peaks__n_5,101.0
1234,y,120,y__number_peaks__n_10,86.0
1234,y,121,y__number_peaks__n_50,48.0
1234,y,122,y__binned_entropy__max_bins_10,2.1245289414524846
1234,y,123,y__index_mass_quantile__q_0.1,0.0938
1234,y,124,y__index_mass_quantile__q_0.2,0.1802
1234,y,125,y__index_mass_quantile__q_0.3,0.275
1234,y,126,y__index_mass_quantile__q_0.4,0.3668
1234,y,127,y__index_mass_quantile__q_0.6,0.5574
1234,y,128,y__index_mass_quantile__q_0.7,0.6522
1234,y,129,y__index_mass_quantile__q_0.8,0.7862
1234,y,130,y__index_mass_quantile__q_0.9,0.8808
1234,y,131,"y__cwt_coefficients__coeff_0__w_2__widths_(2, 5, 10, 20)",-0.15735124792231675
1234,y,132,"y__cwt_coefficients__coeff_0__w_5__widths_(2, 5, 10, 20)",-0.8359730260716132
1234,y,133,"y__cwt_coefficients__coeff_0__w_10__widths_(2, 5, 10, 20)",-1.2577963352389039
1234,y,134,"y__cwt_coefficients__coeff_0__w_20__widths_(2, 5, 10, 20)",3.382887629264543
1234,y,135,"y__cwt_coefficients__coeff_1__w_2__widths_(2, 5, 10, 20)",-0.15668960091220563
1234,y,136,"y__cwt_coefficients__coeff_1__w_5__widths_(2, 5, 10, 20)",-0.835888058960969
1234,y,137,"y__cwt_coefficients__coeff_1__w_10__widths_(2, 5, 10, 20)",-1.0534975112637746
1234,y,138,"y__cwt_coefficients__coeff_1__w_20__widths_(2, 5, 10, 20)",3.80046413809862
1234,y,139,"y__cwt_coefficients__coeff_2__w_2__widths_(2, 5, 10, 20)",-0.15172744631769317
1234,y,140,"y__cwt_coefficients__coeff_2__w_5__widths_(2, 5, 10, 20)",-0.7940347016756681
1234,y,141,"y__cwt_coefficients__coeff_2__w_10__widths_(2, 5, 10, 20)",-0.7882795160389228
1234,y,142,"y__cwt_coefficients__coeff_2__w_20__widths_(2, 5, 10, 20)",4.215498169932196
1234,y,143,"y__cwt_coefficients__coeff_3__w_2__widths_(2, 5, 10, 20)",-0.15853740600530528
1234,y,144,"y__cwt_coefficients__coeff_3__w_5__widths_(2, 5, 10, 20)",-0.7150779753133892
1234,y,145,"y__cwt_coefficients__coeff_3__w_10__widths_(2, 5, 10, 20)",-0.48697137233467613
1234,y,146,"y__cwt_coefficients__coeff_3__w_20__widths_(2, 5, 10, 20)",4.645671353000364
1234,y,147,"y__cwt_coefficients__coeff_4__w_2__widths_(2, 5, 10, 20)",-0.15718307510544177
1234,y,148,"y__cwt_coefficients__coeff_4__w_5__widths_(2, 5, 10, 20)",-0.6045351782360009
1234,y,149,"y__cwt_coefficients__coeff_4__w_10__widths_(2, 5, 10, 20)",-0.12705490634348016
1234,y,150,"y__cwt_coefficients__coeff_4__w_20__widths_(2, 5, 10, 20)",5.066754321338334
1234,y,151,"y__cwt_coefficients__coeff_5__w_2__widths_(2, 5, 10, 20)",-0.10864046645841545
1234,y,152,"y__cwt_coefficients__coeff_5__w_5__widths_(2, 5, 10, 20)",-0.4599870275300271
1234,y,153,"y__cwt_coefficients__coeff_5__w_10__widths_(2, 5, 10, 20)",0.2723659663954345
1234,y,154,"y__cwt_coefficients__coeff_5__w_20__widths_(2, 5, 10, 20)",5.473536863744329
1234,y,155,"y__cwt_coefficients__coeff_6__w_2__widths_(2, 5, 10, 20)",-0.01634689681298809
1234,y,156,"y__cwt_coefficients__coeff_6__w_5__widths_(2, 5, 10, 20)",-0.29947273064466134
1234,y,157,"y__cwt_coefficients__coeff_6__w_10__widths_(2, 5, 10, 20)",0.6945372387161934
1234,y,158,"y__cwt_coefficients__coeff_6__w_20__widths_(2, 5, 10, 20)",5.882831114278087
1234,y,159,"y__cwt_coefficients__coeff_7__w_2__widths_(2, 5, 10, 20)",0.06670118416757373
1234,y,160,"y__cwt_coefficients__coeff_7__w_5__widths_(2, 5, 10, 20)",-0.12640842939833524
1234,y,161,"y__cwt_coefficients__coeff_7__w_10__widths_(2, 5, 10, 20)",1.1654126311429744
1234,y,162,"y__cwt_coefficients__coeff_7__w_20__widths_(2, 5, 10, 20)",6.275791053810926
1234,y,163,"y__cwt_coefficients__coeff_8__w_2__widths_(2, 5, 10, 20)",0.10194630335899958
1234,y,164,"y__cwt_coefficients__coeff_8__w_5__widths_(2, 5, 10, 20)",0.04216509943155792
1234,y,165,"y__cwt_coefficients__coeff_8__w_10__widths_(2, 5, 10, 20)",1.6327021984017143
1234,y,166,"y__cwt_coefficients__coeff_8__w_20__widths_(2, 5, 10, 20)",6.660368104115982
1234,y,167,"y__cwt_coefficients__coeff_9__w_2__widths_(2, 5, 10, 20)",0.09570787220055944
1234,y,168,"y__cwt_coefficients__coeff_9__w_5__widths_(2, 5, 10, 20)",0.21183170254992362
1234,y,169,"y__cwt_coefficients__coeff_9__w_10__widths_(2, 5, 10, 20)",2.127110027416032
1234,y,170,"y__cwt_coefficients__coeff_9__w_20__widths_(2, 5, 10, 20)",7.02321192984717
1234,y,171,"y__cwt_coefficients__coeff_10__w_2__widths_(2, 5, 10, 20)",0.0681833857335573
1234,y,172,"y__cwt_coefficients__coeff_10__w_5__widths_(2, 5, 10, 20)",0.3818041603446908
1234,y,173,"y__cwt_coefficients__coeff_10__w_10__widths_(2, 5, 10, 20)",2.621563511992385
1234,y,174,"y__cwt_coefficients__coeff_10__w_20__widths_(2, 5, 10, 20)",7.362237205288117
1234,y,175,"y__cwt_coefficients__coeff_11__w_2__widths_(2, 5, 10, 20)",0.03689278057625371
1234,y,176,"y__cwt_coefficients__coeff_11__w_5__widths_(2, 5, 10, 20)",0.5517761727579544
1234,y,177,"y__cwt_coefficients__coeff_11__w_10__widths_(2, 5, 10, 20)",3.0895865308881283
1234,y,178,"y__cwt_coefficients__coeff_11__w_20__widths_(2, 5, 10, 20)",7.680275309691509
1234,y,179,"y__cwt_coefficients__coeff_12__w_2__widths_(2, 5, 10, 20)",0.024059713987125128
1234,y,180,"y__cwt_coefficients__coeff_12__w_5__widths_(2, 5, 10, 20)",0.730162438600811
1234,y,181,"y__cwt_coefficients__coeff_12__w_10__widths_(2, 5, 10, 20)",3.5408850310481514
1234,y,182,"y__cwt_coefficients__coeff_12__w_20__widths_(2, 5, 10, 20)",7.971687115193266
1234,y,183,"y__cwt_coefficients__coeff_13__w_2__widths_(2, 5, 10, 20)",0.03975622302234688
1234,y,184,"y__cwt_coefficients__coeff_13__w_5__widths_(2, 5, 10, 20)",0.9288840355411109
1234,y,185,"y__cwt_coefficients__coeff_13__w_10__widths_(2, 5, 10, 20)",3.9593320156738625
1234,y,186,"y__cwt_coefficients__coeff_13__w_20__widths_(2, 5, 10, 20)",8.231362231029815
1234,y,187,"y__cwt_coefficients__coeff_14__w_2__widths_(2, 5, 10, 20)",0.06308388268643525
1234,y,188,"y__cwt_coefficients__coeff_14__w_5__widths_(2, 5, 10, 20)",1.1537439102116755
1234,y,189,"y__cwt_coefficients__coeff_14__w_10__widths_(2, 5, 10, 20)",4.317910869975118
1234,y,190,"y__cwt_coefficients__coeff_14__w_20__widths_(2, 5, 10, 20)",8.456626983858984
1234,y,191,y__spkt_welch_density__coeff_2,130.95830285121068
1234,y,192,y__spkt_welch_density__coeff_5,2.900929645957248
1234,y,193,y__spkt_welch_density__coeff_8,0.3512156736504649
1234,y,194,y__ar_coefficient__coeff_0__k_10,-0.018666697738105344
1234,y,195,y__ar_coefficient__coeff_1__k_10,0.44672574169620755
1234,y,196,y__ar_coefficient__coeff_2__k_10,0.30009472666787584
1234,y,197,y__ar_coefficient__coeff_3__k_10,0.21692529604377103
1234,y,198,y__ar_coefficient__coeff_4__k_10,0.14017560977803264
1234,y,199,y__ar_coefficient__coeff_5__k_10,0.08186662285008153
1234,y,200,y__ar_coefficient__coeff_6__k_10,0.07998408180069182
1234,y,201,y__ar_coefficient__coeff_7__k_10,-0.033275987346557886
1234,y,202,y__ar_coefficient__coeff_8__k_10,-0.0292064575473162
1234,y,203,y__ar_coefficient__coeff_9__k_10,-0.1078509461815206
1234,y,204,y__ar_coefficient__coeff_10__k_10,-0.11575975101264048
1234,y,205,"y__change_quantiles__f_agg_""mean""__isabs_False__qh_0.2__ql_0.0",-0.00045546465927510964
1234,y,206,"y__change_quantiles__f_agg_""var""__isabs_False__qh_0.2__ql_0.0",0.004251708013643616
1234,y,207,"y__change_quantiles__f_agg_""mean""__isabs_True__qh_0.2__ql_0.0",0.05271907537840618
1234,y,208,"y__change_quantiles__f_agg_""var""__isabs_True__qh_0.2__ql_0.0",0.001472614552945391
1234,y,209,"y__change_quantiles__f_agg_""mean""__isabs_False__qh_0.4__ql_0.0",0.00023455060090231167
1234,y,210,"y__change_quantiles__f_agg_""var""__isabs_False__qh_0.4__ql_0.0",0.008632769856075022
1234,y,211,"y__change_quantiles__f_agg_""mean""__isabs_True__qh_0.4__ql_0.0",0.07213297135005198
1234,y,212,"y__change_quantiles__f_agg_""var""__isabs_True__qh_0.4__ql_0.0",0.003429659314271987
1234,y,213,"y__change_quantiles__f_agg_""mean""__isabs_False__qh_0.6__ql_0.0",-0.0005955781525520022
1234,y,214,"y__change_quantiles__f_agg_""var""__isabs_False__qh_0.6__ql_0.0",0.008995431830525553
1234,y,215,"y__change_quantiles__f_agg_""mean""__isabs_True__qh_0.6__ql_0.0",0.07430416616206058
1234,y,216,"y__change_quantiles__f_agg_""var""__isabs_True__qh_0.6__ql_0.0",0.003474677434822242
1234,y,217,"y__change_quantiles__f_agg_""mean""__isabs_False__qh_0.8__ql_0.0",-0.00020965104265833657
1234,y,218,"y__change_quantiles__f_agg_""var""__isabs_False__qh_0.8__ql_0.0",0.0847439660558521
1234,y,219,"y__change_quantiles__f_agg_""mean""__isabs_True__qh_0.8__ql_0.0",0.10702358848883109
1234,y,220,"y__change_quantiles__f_agg_""var""__isabs_True__qh_0.8__ql_0.0",0.07328996151638513
1234,y,221,"y__change_quantiles__f_agg_""mean""__isabs_False__qh_1.0__ql_0.0",-9.515032133907053e-05
1234,y,222,"y__change_quantiles__f_agg_""var""__isabs_False__qh_1.0__ql_0.0",0.09720952633617035
1234,y,223,"y__change_quantiles__f_agg_""mean""__isabs_True__qh_1.0__ql_0.0",0.11316716038935241
1234,y,224,"y__change_quantiles__f_agg_""var""__isabs_True__qh_1.0__ql_0.0",0.08440272919916456
1234,y,225,"y__change_quantiles__f_agg_""mean""__isabs_False__qh_0.4__ql_0.2",-0.00026896707969730816
1234,y,226,"y__change_quantiles__f_agg_""var""__isabs_False__qh_0.4__ql_0.2",0.010103791343086116
1234,y,227,"y__change_quantiles__f_agg_""mean""__isabs_True__qh_0.4__ql_0.2",0.08755157883309043
1234,y,228,"y__change_quantiles__f_agg_""var""__isabs_True__qh_0.4__ql_0.2",0.0024385847302092266
1234,y,229,"y__change_quantiles__f_agg_""mean""__isabs_False__qh_0.6__ql_0.2",-0.0012877748785861556
1234,y,230,"y__change_quantiles__f_agg_""var""__isabs_False__qh_0.6__ql_0.2",0.009894307058491699
1234,y,231,"y__change_quantiles__f_agg_""mean""__isabs_True__qh_0.6__ql_0.2",0.082850729187963
1234,y,232,"y__change_quantiles__f_agg_""var""__isabs_True__qh_0.6__ql_0.2",0.0030317220956524306
1234,y,233,"y__change_quantiles__f_agg_""mean""__isabs_False__qh_0.8__ql_0.2",0.0010294012356825927
1234,y,234,"y__change_quantiles__f_agg_""var""__isabs_False__qh_0.8__ql_0.2",0.06466370112951529
1234,y,235,"y__change_quantiles__f_agg_""mean""__isabs_True__qh_0.8__ql_0.2",0.10672876660854598
1234,y,236,"y__change_quantiles__f_agg_""var""__isabs_True__qh_0.8__ql_0.2",0.05327373117463784
1234,y,237,"y__change_quantiles__f_agg_""mean""__isabs_False__qh_1.0__ql_0.2",0.0008492474792313837
1234,y,238,"y__change_quantiles__f_agg_""var""__isabs_False__qh_1.0__ql_0.2",0.08568485950186497
1234,y,239,"y__change_quantiles__f_agg_""mean""__isabs_True__qh_1.0__ql_0.2",0.1145713573090673
1234,y,240,"y__change_quantiles__f_agg_""var""__isabs_True__qh_1.0__ql_0.2",0.07255898480750399
1234,y,241,"y__change_quantiles__f_agg_""mean""__isabs_False__qh_0.6__ql_0.4",-0.0012025937595943237
1234,y,242,"y__change_quantiles__f_agg_""var""__isabs_False__qh_0.6__ql_0.4",0.007964462581046742
1234,y,243,"y__change_quantiles__f_agg_""mean""__isabs_True__qh_0.6__ql_0.4",0.07455012995322598
1234,y,244,"y__change_quantiles__f_agg_""var""__isabs_True__qh_0.6__ql_0.4",0.0024081869367544757
1234,y,245,"y__change_quantiles__f_agg_""mean""__isabs_False__qh_0.8__ql_0.4",-0.001070464988274324
1234,y,246,"y__change_quantiles__f_agg_""var""__isabs_False__qh_0.8__ql_0.4",0.015010950951494401
1234,y,247,"y__change_quantiles__f_agg_""mean""__isabs_True__qh_0.8__ql_0.4",0.07693120240299747
1234,y,248,"y__change_quantiles__f_agg_""var""__isabs_True__qh_0.8__ql_0.4",0.009093686943614558
1234,y,249,"y__change_quantiles__f_agg_""mean""__isabs_False__qh_1.0__ql_0.4",-0.000569077867302801
1234,y,250,"y__change_quantiles__f_agg_""var""__isabs_False__qh_1.0__ql_0.4",0.061085405894488194
1234,y,251,"y__change_quantiles__f_agg_""mean""__isabs_True__qh_1.0__ql_0.4",0.09812131886491246
1234,y,252,"y__change_quantiles__f_agg_""var""__isabs_True__qh_1.0__ql_0.4",0.05145793652831742
1234,y,253,"y__change_quantiles__f_agg_""mean""__isabs_False__qh_0.8__ql_0.6",-0.00032564158904942935
1234,y,254,"y__change_quantiles__f_agg_""var""__isabs_False__qh_0.8__ql_0.6",0.014459869862470292
1234,y,255,"y__change_quantiles__f_agg_""mean""__isabs_True__qh_0.8__ql_0.6",0.06866302845841721
1234,y,256,"y__change_quantiles__f_agg_""var""__isabs_True__qh_0.8__ql_0.6",0.0097453644278334
1234,y,257,"y__change_quantiles__f_agg_""mean""__isabs_False__qh_1.0__ql_0.6",0.0005965475428793988
1234,y,258,"y__change_quantiles__f_agg_""var""__isabs_False__qh_1.0__ql_0.6",0.07354612645792784
1234,y,259,"y__change_quantiles__f_agg_""mean""__isabs_True__qh_1.0__ql_0.6",0.09711616516458788
1234,y,260,"y__change_quantiles__f_agg_""var""__isabs_True__qh_1.0__ql_0.6",0.06411493279062322
1234,y,261,"y__change_quantiles__f_agg_""mean""__isabs_False__qh_1.0__ql_0.8",-0.0017999220901658535
1234,y,262,"y__change_quantiles__f_agg_""var""__isabs_False__qh_1.0__ql_0.8",0.030662851265757504
1234,y,263,"y__change_quantiles__f_agg_""mean""__isabs_True__qh_1.0__ql_0.8",0.0802095244948851
1234,y,264,"y__change_quantiles__f_agg_""var""__isabs_True__qh_1.0__ql_0.8",0.024232523165592594
1234,y,265,"y__fft_coefficient__attr_""real""__coeff_0",-4607.466603825809
1234,y,266,"y__fft_coefficient__attr_""real""__coeff_1",1121.026834714894
1234,y,267,"y__fft_coefficient__attr_""real""__coeff_2",-1242.8827132370668
1234,y,268,"y__fft_coefficient__attr_""real""__coeff_3",-1206.614981204878
1234,y,269,"y__fft_coefficient__attr_""real""__coeff_4",-16.57228980221995
1234,y,270,"y__fft_coefficient__attr_""real""__coeff_5",-212.71729243028298
1234,y,271,"y__fft_coefficient__attr_""real""__coeff_6",276.0352673331745
1234,y,272,"y__fft_coefficient__attr_""real""__coeff_7",-17.244823329566323
1234,y,273,"y__fft_coefficient__attr_""real""__coeff_8",-349.6631963433209
1234,y,274,"y__fft_coefficient__attr_""real""__coeff_9",282.205022392595
1234,y,275,"y__fft_coefficient__attr_""real""__coeff_10",-207.03881085269563
1234,y,276,"y__fft_coefficient__attr_""real""__coeff_11",-177.877246168385
1234,y,277,"y__fft_coefficient__attr_""real""__coeff_12",-319.39789826913227
1234,y,278,"y__fft_coefficient__attr_""real""__coeff_13",241.18350347665125
1234,y,279,"y__fft_coefficient__attr_""real""__coeff_14",-149.0330776534733
1234,y,280,"y__fft_coefficient__attr_""real""__coeff_15",340.1105282105593
1234,y,281,"y__fft_coefficient__attr_""real""__coeff_16",-73.65933574681426
1234,y,282,"y__fft_coefficient__attr_""real""__coeff_17",238.2319781675683
1234,y,283,"y__fft_coefficient__attr_""real""__coeff_18",158.69263628317742
1234,y,284,"y__fft_coefficient__attr_""real""__coeff_19",47.467594082292806
1234,y,285,"y__fft_coefficient__attr_""real""__coeff_20",-50.67600773472053
1234,y,286,"y__fft_coefficient__attr_""real""__coeff_21",76.63177006492819
1234,y,287,"y__fft_coefficient__attr_""real""__coeff_22",200.5081372218683
1234,y,288,"y__fft_coefficient__attr_""real""__coeff_23",22.073646052567383
1234,y,289,"y__fft_coefficient__attr_""real""__coeff_24",233.367902273567
1234,y,290,"y__fft_coefficient__attr_""real""__coeff_25",34.25220468003235
1234,y,291,"y__fft_coefficient__attr_""real""__coeff_26",187.88155730616745
1234,y,292,"y__fft_coefficient__attr_""real""__coeff_27",113.58209385367203
1234,y,293,"y__fft_coefficient__attr_""real""__coeff_28",-36.0379248772266
1234,y,294,"y__fft_coefficient__attr_""real""__coeff_29",-11.296355217024743
1234,y,295,"y__fft_coefficient__attr_""real""__coeff_30",73.03735573130663
1234,y,296,"y__fft_coefficient__attr_""real""__coeff_31",-27.857017851811808
1234,y,297,"y__fft_coefficient__attr_""real""__coeff_32",46.617358117306615
1234,y,298,"y__fft_coefficient__attr_""real""__coeff_33",8.330823156802827
1234,y,299,"y__fft_coefficient__attr_""real""__coeff_34",55.61458571920288
1234,y,300,"y__fft_coefficient__attr_""real""__coeff_35",85.59494672847933
1234,y,301,"y__fft_coefficient__attr_""real""__coeff_36",-31.810696140141147
1234,y,302,"y__fft_coefficient__attr_""real""__coeff_37",-59.297449194506555
1234,y,303,"y__fft_coefficient__attr_""real""__coeff_38",18.066011701824383
1234,y,304,"y__fft_coefficient__attr_""real""__coeff_39",-1.1518819460018022
1234,y,305,"y__fft_coefficient__attr_""real""__coeff_40",10.301675879068515
1234,y,306,"y__fft_coefficient__attr_""real""__coeff_41",-71.20105234782815
1234,y,307,"y__fft_coefficient__attr_""real""__coeff_42",147.96516844319336
1234,y,308,"y__fft_coefficient__attr_""real""__coeff_43",-23.150032944264268
1234,y,309,"y__fft_coefficient__attr_""real""__coeff_44",158.65745325059476
1234,y,310,"y__fft_coefficient__attr_""real""__coeff_45",-12.585463190866346
1234,y,311,"y__fft_coefficient__attr_""real""__coeff_46",-48.49210319161597
1234,y,312,"y__fft_coefficient__attr_""real""__coeff_47",153.4568679711358
1234,y,313,"y__fft_coefficient__attr_""real""__coeff_48",-51.13204042100381
1234,y,314,"y__fft_coefficient__attr_""real""__coeff_49",88.89522840667789
1234,y,315,"y__fft_coefficient__attr_""real""__coeff_50",58.009653620286386
1234,y,316,"y__fft_coefficient__attr_""real""__coeff_51",81.95756488799
1234,y,317,"y__fft_coefficient__attr_""real""__coeff_52",98.90256932820292
1234,y,318,"y__fft_coefficient__attr_""real""__coeff_53",26.106350227820947
1234,y,319,"y__fft_coefficient__attr_""real""__coeff_54",41.81729037753327
1234,y,320,"y__fft_coefficient__attr_""real""__coeff_55",88.78984034033739
1234,y,321,"y__fft_coefficient__attr_""real""__coeff_56",-9.203294164624669
1234,y,322,"y__fft_coefficient__attr_""real""__coeff_57",75.67810581025415
1234,y,323,"y__fft_coefficient__attr_""real""__coeff_58",-130.4336911898164
1234,y,324,"y__fft_coefficient__attr_""real""__coeff_59",141.496782309622
1234,y,325,"y__fft_coefficient__attr_""real""__coeff_60",17.340606923382943
1234,y,326,"y__fft_coefficient__attr_""real""__coeff_61",4.783236725120048
1234,y,327,"y__fft_coefficient__attr_""real""__coeff_62",79.64372236683336
1234,y,328,"y__fft_coefficient__attr_""real""__coeff_63",-96.06600447943072
1234,y,329,"y__fft_coefficient__attr_""real""__coeff_64",72.2714388599594
1234,y,330,"y__fft_coefficient__attr_""real""__coeff_65",-16.223246393560075
1234,y,331,"y__fft_coefficient__attr_""real""__coeff_66",-95.37956571470376
1234,y,332,"y__fft_coefficient__attr_""real""__coeff_67",107.13387310327953
1234,y,333,"y__fft_coefficient__attr_""real""__coeff_68",-92.30331043276601
1234,y,334,"y__fft_coefficient__attr_""real""__coeff_69",127.07375261466447
1234,y,335,"y__fft_coefficient__attr_""real""__coeff_70",-50.21317198438323
1234,y,336,"y__fft_coefficient__attr_""real""__coeff_71",32.42957472945433
1234,y,337,"y__fft_coefficient__attr_""real""__coeff_72",106.82637415238919
1234,y,338,"y__fft_coefficient__attr_""real""__coeff_73",-57.19607531249038
1234,y,339,"y__fft_coefficient__attr_""real""__coeff_74",64.12439350315674
1234,y,340,"y__fft_coefficient__attr_""real""__coeff_75",-76.70876157922706
1234,y,341,"y__fft_coefficient__attr_""real""__coeff_76",63.025567127323505
1234,y,342,"y__fft_coefficient__attr_""real""__coeff_77",75.55219812087928
1234,y,343,"y__fft_coefficient__attr_""real""__coeff_78",-28.29851398082716
1234,y,344,"y__fft_coefficient__attr_""real""__coeff_79",108.11000591619774
1234,y,345,"y__fft_coefficient__attr_""real""__coeff_80",14.07005272964578
1234,y,346,"y__fft_coefficient__attr_""real""__coeff_81",22.86642272050576
1234,y,347,"y__fft_coefficient__attr_""real""__coeff_82",92.77181251486365
1234,y,348,"y__fft_coefficient__attr_""real""__coeff_83",-110.57360531744241
1234,y,349,"y__fft_coefficient__attr_""real""__coeff_84",94.77822931261024
1234,y,350,"y__fft_coefficient__attr_""real""__coeff_85",-23.85456317257253
1234,y,351,"y__fft_coefficient__attr_""real""__coeff_86",-1.8541419317901273
1234,y,352,"y__fft_coefficient__attr_""real""__coeff_87",27.647290622921684
1234,y,353,"y__fft_coefficient__attr_""real""__coeff_88",-24.408110623946047
1234,y,354,"y__fft_coefficient__attr_""real""__coeff_89",116.78852926465663
1234,y,355,"y__fft_coefficient__attr_""real""__coeff_90",-59.24354209321831
1234,y,356,"y__fft_coefficient__attr_""real""__coeff_91",7.330268557038529
1234,y,357,"y__fft_coefficient__attr_""real""__coeff_92",-25.115698389851985
1234,y,358,"y__fft_coefficient__attr_""real""__coeff_93",-86.97772787899386
1234,y,359,"y__fft_coefficient__attr_""real""__coeff_94",97.50363263833435
1234,y,360,"y__fft_coefficient__attr_""real""__coeff_95",-114.16298598475387
1234,y,361,"y__fft_coefficient__attr_""real""__coeff_96",56.265781640225555
1234,y,362,"y__fft_coefficient__attr_""real""__coeff_97",23.753552735601332
1234,y,363,"y__fft_coefficient__attr_""real""__coeff_98",-41.27630324293168
1234,y,364,"y__fft_coefficient__attr_""real""__coeff_99",72.96217736931014
1234,y,365,"y__fft_coefficient__attr_""imag""__coeff_0",0.0
1234,y,366,"y__fft_coefficient__attr_""imag""__coeff_1",3239.7862607959405
1234,y,367,"y__fft_coefficient__attr_""imag""__coeff_2",1581.5375090890766
1234,y,368,"y__fft_coefficient__attr_""imag""__coeff_3",-19.652570253728904
1234,y,369,"y__fft_coefficient__attr_""imag""__coeff_4",-391.5744255784229
1234,y,370,"y__fft_coefficient__attr_""imag""__coeff_5",68.11370483852707
1234,y,371,"y__fft_coefficient__attr_""imag""__coeff_6",-333.729340802714
1234,y,372,"y__fft_coefficient__attr_""imag""__coeff_7",588.196002891568
1234,y,373,"y__fft_coefficient__attr_""imag""__coeff_8",-318.77161481244775
1234,y,374,"y__fft_coefficient__attr_""imag""__coeff_9",93.91224658611934
1234,y,375,"y__fft_coefficient__attr_""imag""__coeff_10",118.92549437229974
1234,y,376,"y__fft_coefficient__attr_""imag""__coeff_11",104.01577260601117
1234,y,377,"y__fft_coefficient__attr_""imag""__coeff_12",-403.750025391398
1234,y,378,"y__fft_coefficient__attr_""imag""__coeff_13",-187.49685536081404
1234,y,379,"y__fft_coefficient__attr_""imag""__coeff_14",-170.16041249812162
1234,y,380,"y__fft_coefficient__attr_""imag""__coeff_15",-178.00635647418449
1234,y,381,"y__fft_coefficient__attr_""imag""__coeff_16",98.6643438978434
1234,y,382,"y__fft_coefficient__attr_""imag""__coeff_17",-294.5776850552178
1234,y,383,"y__fft_coefficient__attr_""imag""__coeff_18",162.42803309094893
1234,y,384,"y__fft_coefficient__attr_""imag""__coeff_19",-13.449307985506152
1234,y,385,"y__fft_coefficient__attr_""imag""__coeff_20",71.82573323356709
1234,y,386,"y__fft_coefficient__attr_""imag""__coeff_21",-266.4783387964623
1234,y,387,"y__fft_coefficient__attr_""imag""__coeff_22",82.18680039458982
1234,y,388,"y__fft_coefficient__attr_""imag""__coeff_23",-110.6396998942435
1234,y,389,"y__fft_coefficient__attr_""imag""__coeff_24",19.248466789519128
1234,y,390,"y__fft_coefficient__attr_""imag""__coeff_25",-16.042543348607566
1234,y,391,"y__fft_coefficient__attr_""imag""__coeff_26",11.740834179226852
1234,y,392,"y__fft_coefficient__attr_""imag""__coeff_27",152.08453375997854
1234,y,393,"y__fft_coefficient__attr_""imag""__coeff_28",118.32079777385898
1234,y,394,"y__fft_coefficient__attr_""imag""__coeff_29",-79.8543722863533
1234,y,395,"y__fft_coefficient__attr_""imag""__coeff_30",41.05414843242128
1234,y,396,"y__fft_coefficient__attr_""imag""__coeff_31",0.7359321948822597
1234,y,397,"y__fft_coefficient__attr_""imag""__coeff_32",-19.897285505700097
1234,y,398,"y__fft_coefficient__attr_""imag""__coeff_33",-7.204188198004335
1234,y,399,"y__fft_coefficient__attr_""imag""__coeff_34",-38.708716679576526
1234,y,400,"y__fft_coefficient__attr_""imag""__coeff_35",29.079969570363573
1234,y,401,"y__fft_coefficient__attr_""imag""__coeff_36",87.92990405762066
1234,y,402,"y__fft_coefficient__attr_""imag""__coeff_37",-50.603502057225455
1234,y,403,"y__fft_coefficient__attr_""imag""__coeff_38",7.843856806856185
1234,y,404,"y__fft_coefficient__attr_""imag""__coeff_39",-51.09733473939875
1234,y,405,"y__fft_coefficient__attr_""imag""__coeff_40",-0.04599703884969131
1234,y,406,"y__fft_coefficient__attr_""imag""__coeff_41",-147.94950823784097
1234,y,407,"y__fft_coefficient__attr_""imag""__coeff_42",-81.96307913102105
1234,y,408,"y__fft_coefficient__attr_""imag""__coeff_43",5.824116411981118
1234,y,409,"y__fft_coefficient__attr_""imag""__coeff_44",-97.5822516420386
1234,y,410,"y__fft_coefficient__attr_""imag""__coeff_45",126.7333867692542
1234,y,411,"y__fft_coefficient__attr_""imag""__coeff_46",-186.02723048647383
1234,y,412,"y__fft_coefficient__attr_""imag""__coeff_47",35.05462593469372
1234,y,413,"y__fft_coefficient__attr_""imag""__coeff_48",-18.80129589073801
1234,y,414,"y__fft_coefficient__attr_""imag""__coeff_49",-107.00893703723862
1234,y,415,"y__fft_coefficient__attr_""imag""__coeff_50",-3766.4264060502674
1234,y,416,"y__fft_coefficient__attr_""imag""__coeff_51",-70.57690849398541
1234,y,417,"y__fft_coefficient__attr_""imag""__coeff_52",-15.674595432348669
1234,y,418,"y__fft_coefficient__attr_""imag""__coeff_53",20.410326888157186
1234,y,419,"y__fft_coefficient__attr_""imag""__coeff_54",-54.3281131612589
1234,y,420,"y__fft_coefficient__attr_""imag""__coeff_55",49.77047640844073
1234,y,421,"y__fft_coefficient__attr_""imag""__coeff_56",-34.76924560599285
1234,y,422,"y__fft_coefficient__attr_""imag""__coeff_57",22.43426241375768
1234,y,423,"y__fft_coefficient__attr_""imag""__coeff_58",-36.134741678676626
1234,y,424,"y__fft_coefficient__attr_""imag""__coeff_59",-110.34951544350125
1234,y,425,"y__fft_coefficient__attr_""imag""__coeff_60",78.00877444495342
1234,y,426,"y__fft_coefficient__attr_""imag""__coeff_61",-91.64042662734559
1234,y,427,"y__fft_coefficient__attr_""imag""__coeff_62",23.616430789297276
1234,y,428,"y__fft_coefficient__attr_""imag""__coeff_63",-2.42599498855734
1234,y,429,"y__fft_coefficient__attr_""imag""__coeff_64",-68.95434250433897
1234,y,430,"y__fft_coefficient__attr_""imag""__coeff_65",101.94801507832491
1234,y,431,"y__fft_coefficient__attr_""imag""__coeff_66",-135.2509722373909
1234,y,432,"y__fft_coefficient__attr_""imag""__coeff_67",-15.680563440858942
1234,y,433,"y__fft_coefficient__attr_""imag""__coeff_68",-50.27728196645347
1234,y,434,"y__fft_coefficient__attr_""imag""__coeff_69",-108.64083456965406
1234,y,435,"y__fft_coefficient__attr_""imag""__coeff_70",65.03270105298611
1234,y,436,"y__fft_coefficient__attr_""imag""__coeff_71",-171.29914770385477
1234,y,437,"y__fft_coefficient__attr_""imag""__coeff_72",51.74600122177499
1234,y,438,"y__fft_coefficient__attr_""imag""__coeff_73",-88.79887023883418
1234,y,439,"y__fft_coefficient__attr_""imag""__coeff_74",-40.810133028946034
1234,y,440,"y__fft_coefficient__attr_""imag""__coeff_75",-17.715916701637283
1234,y,441,"y__fft_coefficient__attr_""imag""__coeff_76",-131.5126106926393
1234,y,442,"y__fft_coefficient__attr_""imag""__coeff_77",23.173608716416595
1234,y,443,"y__fft_coefficient__attr_""imag""__coeff_78",-93.14915946619956
1234,y,444,"y__fft_coefficient__attr_""imag""__coeff_79",-77.3892905382931
1234,y,445,"y__fft_coefficient__attr_""imag""__coeff_80",47.7572189866743
1234,y,446,"y__fft_coefficient__attr_""imag""__coeff_81",-100.09156988668376
1234,y,447,"y__fft_coefficient__attr_""imag""__coeff_82",62.81467571143381
1234,y,448,"y__fft_coefficient__attr_""imag""__coeff_83",-33.0345424430067
1234,y,449,"y__fft_coefficient__attr_""imag""__coeff_84",-109.6180118898964
1234,y,450,"y__fft_coefficient__attr_""imag""__coeff_85",85.9610562575549
1234,y,451,"y__fft_coefficient__attr_""imag""__coeff_86",-125.78678028101359
1234,y,452,"y__fft_coefficient__attr_""imag""__coeff_87",53.96443974419233
1234,y,453,"y__fft_coefficient__attr_""imag""__coeff_88",-72.69351420897806
1234,y,454,"y__fft_coefficient__attr_""imag""__coeff_89",-9.1655137767202
1234,y,455,"y__fft_coefficient__attr_""imag""__coeff_90",23.67488080551151
1234,y,456,"y__fft_coefficient__attr_""imag""__coeff_91",-64.88130141950488
1234,y,457,"y__fft_coefficient__attr_""imag""__coeff_92",71.25754203871836
1234,y,458,"y__fft_coefficient__attr_""imag""__coeff_93",-88.21049695233967
1234,y,459,"y__fft_coefficient__attr_""imag""__coeff_94",-23.82687169338734
1234,y,460,"y__fft_coefficient__attr_""imag""__coeff_95",8.190364946918873
1234,y,461,"y__fft_coefficient__attr_""imag""__coeff_96",-147.3430590672399
1234,y,462,"y__fft_coefficient__attr_""imag""__coeff_97",66.86722397865762
1234,y,463,"y__fft_coefficient__attr_""imag""__coeff_98",-100.4687429064744
1234,y,464,"y__fft_coefficient__attr_""imag""__coeff_99",10.572282154999574
1234,y,465,"y__fft_coefficient__attr_""abs""__coeff_0",4607.466603825809
1234,y,466,"y__fft_coefficient__attr_""abs""__coeff_1",3428.252642351937
1234,y,467,"y__fft_coefficient__attr_""abs""__coeff_2",2011.4716830020782
1234,y,468,"y__fft_coefficient__attr_""abs""__coeff_3",1206.7750148166085
1234,y,469,"y__fft_coefficient__attr_""abs""__coeff_4",391.92495653678475
1234,y,470,"y__fft_coefficient__attr_""abs""__coeff_5",223.35649371733186
1234,y,471,"y__fft_coefficient__attr_""abs""__coeff_6",433.0943796960555
1234,y,472,"y__fft_coefficient__attr_""abs""__coeff_7",588.4487418197829
1234,y,473,"y__fft_coefficient__attr_""abs""__coeff_8",473.1592684151536
1234,y,474,"y__fft_coefficient__attr_""abs""__coeff_9",297.4208881744138
1234,y,475,"y__fft_coefficient__attr_""abs""__coeff_10",238.76419834429572
1234,y,476,"y__fft_coefficient__attr_""abs""__coeff_11",206.05726304907006
1234,y,477,"y__fft_coefficient__attr_""abs""__coeff_12",514.8097711021942
1234,y,478,"y__fft_coefficient__attr_""abs""__coeff_13",305.4906759943188
1234,y,479,"y__fft_coefficient__attr_""abs""__coeff_14",226.19775466701057
1234,y,480,"y__fft_coefficient__attr_""abs""__coeff_15",383.8768478885906
1234,y,481,"y__fft_coefficient__attr_""abs""__coeff_16",123.12737510177749
1234,y,482,"y__fft_coefficient__attr_""abs""__coeff_17",378.854177691264
1234,y,483,"y__fft_coefficient__attr_""abs""__coeff_18",227.08196481512846
1234,y,484,"y__fft_coefficient__attr_""abs""__coeff_19",49.33615685529547
1234,y,485,"y__fft_coefficient__attr_""abs""__coeff_20",87.90332026987946
1234,y,486,"y__fft_coefficient__attr_""abs""__coeff_21",277.2780792471813
1234,y,487,"y__fft_coefficient__attr_""abs""__coeff_22",216.69836928616635
1234,y,488,"y__fft_coefficient__attr_""abs""__coeff_23",112.82016239459278
1234,y,489,"y__fft_coefficient__attr_""abs""__coeff_24",234.16037513916044
1234,y,490,"y__fft_coefficient__attr_""abs""__coeff_25",37.822965543896515
1234,y,491,"y__fft_coefficient__attr_""abs""__coeff_26",188.24804584115816
1234,y,492,"y__fft_coefficient__attr_""abs""__coeff_27",189.81727385349947
1234,y,493,"y__fft_coefficient__attr_""abs""__coeff_28",123.6872799252173
1234,y,494,"y__fft_coefficient__attr_""abs""__coeff_29",80.64941670239601
1234,y,495,"y__fft_coefficient__attr_""abs""__coeff_30",83.7848341630674
1234,y,496,"y__fft_coefficient__attr_""abs""__coeff_31",27.86673715725661
1234,y,497,"y__fft_coefficient__attr_""abs""__coeff_32",50.686093243931865
1234,y,498,"y__fft_coefficient__attr_""abs""__coeff_33",11.013761485622755
1234,y,499,"y__fft_coefficient__attr_""abs""__coeff_34",67.75947824251816
1234,y,500,"y__fft_coefficient__attr_""abs""__coeff_35",90.39988681223271
1234,y,501,"y__fft_coefficient__attr_""abs""__coeff_36",93.50715703358095
1234,y,502,"y__fft_coefficient__attr_""abs""__coeff_37",77.95448608919635
1234,y,503,"y__fft_coefficient__attr_""abs""__coeff_38",19.695351441823007
1234,y,504,"y__fft_coefficient__attr_""abs""__coeff_39",51.11031646827958
1234,y,505,"y__fft_coefficient__attr_""abs""__coeff_40",10.301778567071077
1234,y,506,"y__fft_coefficient__attr_""abs""__coeff_41",164.19088538422935
1234,y,507,"y__fft_coefficient__attr_""abs""__coeff_42",169.14974848654253
1234,y,508,"y__fft_coefficient__attr_""abs""__coeff_43",23.87141297244109
1234,y,509,"y__fft_coefficient__attr_""abs""__coeff_44",186.26455193486174
1234,y,510,"y__fft_coefficient__attr_""abs""__coeff_45",127.35676348641256
1234,y,511,"y__fft_coefficient__attr_""abs""__coeff_46",192.24363332608442
1234,y,512,"y__fft_coefficient__attr_""abs""__coeff_47",157.40977455968832
1234,y,513,"y__fft_coefficient__attr_""abs""__coeff_48",54.47911787819485
1234,y,514,"y__fft_coefficient__attr_""abs""__coeff_49",139.11604594479795
1234,y,515,"y__fft_coefficient__attr_""abs""__coeff_50",3766.873105389386
1234,y,516,"y__fft_coefficient__attr_""abs""__coeff_51",108.15795141799553
1234,y,517,"y__fft_coefficient__attr_""abs""__coeff_52",100.13696201547054
1234,y,518,"y__fft_coefficient__attr_""abs""__coeff_53",33.137938467851
1234,y,519,"y__fft_coefficient__attr_""abs""__coeff_54",68.55822090881216
1234,y,520,"y__fft_coefficient__attr_""abs""__coeff_55",101.78770097406543
1234,y,521,"y__fft_coefficient__attr_""abs""__coeff_56",35.966666004655856
1234,y,522,"y__fft_coefficient__attr_""abs""__coeff_57",78.93333788126132
1234,y,523,"y__fft_coefficient__attr_""abs""__coeff_58",135.34647152247848
1234,y,524,"y__fft_coefficient__attr_""abs""__coeff_59",179.43900067318722
1234,y,525,"y__fft_coefficient__attr_""abs""__coeff_60",79.91286216170019
1234,y,526,"y__fft_coefficient__attr_""abs""__coeff_61",91.76517392786029
1234,y,527,"y__fft_coefficient__attr_""abs""__coeff_62",83.07140492173527
1234,y,528,"y__fft_coefficient__attr_""abs""__coeff_63",96.0966319301905
1234,y,529,"y__fft_coefficient__attr_""abs""__coeff_64",99.88924979743584
1234,y,530,"y__fft_coefficient__attr_""abs""__coeff_65",103.23076819416062
1234,y,531,"y__fft_coefficient__attr_""abs""__coeff_66",165.49950769438857
1234,y,532,"y__fft_coefficient__attr_""abs""__coeff_67",108.27532884241174
1234,y,533,"y__fft_coefficient__attr_""abs""__coeff_68",105.10806914210649
1234,y,534,"y__fft_coefficient__attr_""abs""__coeff_69",167.18423831080455
1234,y,535,"y__fft_coefficient__attr_""abs""__coeff_70",82.16212538013066
1234,y,536,"y__fft_coefficient__attr_""abs""__coeff_71",174.3418346846227
1234,y,537,"y__fft_coefficient__attr_""abs""__coeff_72",118.6992959414258
1234,y,538,"y__fft_coefficient__attr_""abs""__coeff_73",105.62495153535164
1234,y,539,"y__fft_coefficient__attr_""abs""__coeff_74",76.00924154330158
1234,y,540,"y__fft_coefficient__attr_""abs""__coeff_75",78.72793536984221
1234,y,541,"y__fft_coefficient__attr_""abs""__coeff_76",145.83479997214133
1234,y,542,"y__fft_coefficient__attr_""abs""__coeff_77",79.02626640452006
1234,y,543,"y__fft_coefficient__attr_""abs""__coeff_78",97.35282123689352
1234,y,544,"y__fft_coefficient__attr_""abs""__coeff_79",132.95441199606972
1234,y,545,"y__fft_coefficient__attr_""abs""__coeff_80",49.78672864485251
1234,y,546,"y__fft_coefficient__attr_""abs""__coeff_81",102.67032507211496
1234,y,547,"y__fft_coefficient__attr_""abs""__coeff_82",112.03701478540744
1234,y,548,"y__fft_coefficient__attr_""abs""__coeff_83",115.40278673981985
1234,y,549,"y__fft_coefficient__attr_""abs""__coeff_84",144.9103905257563
1234,y,550,"y__fft_coefficient__attr_""abs""__coeff_85",89.20954756677544
1234,y,551,"y__fft_coefficient__attr_""abs""__coeff_86",125.80044489494945
1234,y,552,"y__fft_coefficient__attr_""abs""__coeff_87",60.63442451028012
1234,y,553,"y__fft_coefficient__attr_""abs""__coeff_88",76.68182882718489
1234,y,554,"y__fft_coefficient__attr_""abs""__coeff_89",117.1476299828247
1234,y,555,"y__fft_coefficient__attr_""abs""__coeff_90",63.79888134525641
1234,y,556,"y__fft_coefficient__attr_""abs""__coeff_91",65.29407408798255
1234,y,557,"y__fft_coefficient__attr_""abs""__coeff_92",75.5541898441756
1234,y,558,"y__fft_coefficient__attr_""abs""__coeff_93",123.8798487227484
1234,y,559,"y__fft_coefficient__attr_""abs""__coeff_94",100.37269644860798
1234,y,560,"y__fft_coefficient__attr_""abs""__coeff_95",114.4564085008735
1234,y,561,"y__fft_coefficient__attr_""abs""__coeff_96",157.72068741568967
1234,y,562,"y__fft_coefficient__attr_""abs""__coeff_97",70.96095341929221
1234,y,563,"y__fft_coefficient__attr_""abs""__coeff_98",108.61722474179545
1234,y,564,"y__fft_coefficient__attr_""abs""__coeff_99",73.72416480663308
1234,y,565,"y__fft_coefficient__attr_""angle""__coeff_0",180.0
1234,y,566,"y__fft_coefficient__attr_""angle""__coeff_1",70.91341981930302
1234,y,567,"y__fft_coefficient__attr_""angle""__coeff_2",128.16273868473382
1234,y,568,"y__fft_coefficient__attr_""angle""__coeff_3",-179.06688562881084
1234,y,569,"y__fft_coefficient__attr_""angle""__coeff_4",-92.42343700448943
1234,y,570,"y__fft_coefficient__attr_""angle""__coeff_5",162.24453656606613
1234,y,571,"y__fft_coefficient__attr_""angle""__coeff_6",-50.40506142976561
1234,y,572,"y__fft_coefficient__attr_""angle""__coeff_7",91.67932566771756
1234,y,573,"y__fft_coefficient__attr_""angle""__coeff_8",-137.6460302947399
1234,y,574,"y__fft_coefficient__attr_""angle""__coeff_9",18.406421617011755
1234,y,575,"y__fft_coefficient__attr_""angle""__coeff_10",150.12644074307295
1234,y,576,"y__fft_coefficient__attr_""angle""__coeff_11",149.68254607071887
1234,y,577,"y__fft_coefficient__attr_""angle""__coeff_12",-128.34675767528927
1234,y,578,"y__fft_coefficient__attr_""angle""__coeff_13",-37.86161305913652
1234,y,579,"y__fft_coefficient__attr_""angle""__coeff_14",-131.21313086998805
1234,y,580,"y__fft_coefficient__attr_""angle""__coeff_15",-27.626569145939712
1234,y,581,"y__fft_coefficient__attr_""angle""__coeff_16",126.74372699708918
1234,y,582,"y__fft_coefficient__attr_""angle""__coeff_17",-51.036708252867555
1234,y,583,"y__fft_coefficient__attr_""angle""__coeff_18",45.66645607026367
1234,y,584,"y__fft_coefficient__attr_""angle""__coeff_19",-15.81936862169346
1234,y,585,"y__fft_coefficient__attr_""angle""__coeff_20",125.20454139569776
1234,y,586,"y__fft_coefficient__attr_""angle""__coeff_21",-73.95623426200545
1234,y,587,"y__fft_coefficient__attr_""angle""__coeff_22",22.28836063129008
1234,y,588,"y__fft_coefficient__attr_""angle""__coeff_23",-78.71710527343902
1234,y,589,"y__fft_coefficient__attr_""angle""__coeff_24",4.715151882706989
1234,y,590,"y__fft_coefficient__attr_""angle""__coeff_25",-25.09676014931379
1234,y,591,"y__fft_coefficient__attr_""angle""__coeff_26",3.5757987813322982
1234,y,592,"y__fft_coefficient__attr_""angle""__coeff_27",53.24632717405587
1234,y,593,"y__fft_coefficient__attr_""angle""__coeff_28",106.93958800159115
1234,y,594,"y__fft_coefficient__attr_""angle""__coeff_29",-98.05174720719404
1234,y,595,"y__fft_coefficient__attr_""angle""__coeff_30",29.340251854930365
1234,y,596,"y__fft_coefficient__attr_""angle""__coeff_31",178.48670077915105
1234,y,597,"y__fft_coefficient__attr_""angle""__coeff_32",-23.113826064934894
1234,y,598,"y__fft_coefficient__attr_""angle""__coeff_33",-40.85203940950302
1234,y,599,"y__fft_coefficient__attr_""angle""__coeff_34",-34.8385865527804
1234,y,600,"y__fft_coefficient__attr_""angle""__coeff_35",18.76464431391538
1234,y,601,"y__fft_coefficient__attr_""angle""__coeff_36",109.88877376602281
1234,y,602,"y__fft_coefficient__attr_""angle""__coeff_37",-139.5230844285293
1234,y,603,"y__fft_coefficient__attr_""angle""__coeff_38",23.4694037006821
1234,y,604,"y__fft_coefficient__attr_""angle""__coeff_39",-91.2913941222598
1234,y,605,"y__fft_coefficient__attr_""angle""__coeff_40",-0.25582426721059287
1234,y,606,"y__fft_coefficient__attr_""angle""__coeff_41",-115.69929645006981
1234,y,607,"y__fft_coefficient__attr_""angle""__coeff_42",-28.9836012028853
1234,y,608,"y__fft_coefficient__attr_""angle""__coeff_43",165.878513618193
1234,y,609,"y__fft_coefficient__attr_""angle""__coeff_44",-31.59359033739108
1234,y,610,"y__fft_coefficient__attr_""angle""__coeff_45",95.67125555144057
1234,y,611,"y__fft_coefficient__attr_""angle""__coeff_46",-104.61027881586857
1234,y,612,"y__fft_coefficient__attr_""angle""__coeff_47",12.867468448628323
1234,y,613,"y__fft_coefficient__attr_""angle""__coeff_48",-159.81148085534227
1234,y,614,"y__fft_coefficient__attr_""angle""__coeff_49",-50.28266744487131
1234,y,615,"y__fft_coefficient__attr_""angle""__coeff_50",-89.11761303905739
1234,y,616,"y__fft_coefficient__attr_""angle""__coeff_51",-40.733045516530474
1234,y,617,"y__fft_coefficient__attr_""angle""__coeff_52",-9.005632841574284
1234,y,618,"y__fft_coefficient__attr_""angle""__coeff_53",38.01881675885107
1234,y,619,"y__fft_coefficient__attr_""angle""__coeff_54",-52.41389762084281
1234,y,620,"y__fft_coefficient__attr_""angle""__coeff_55",29.272481976885754
1234,y,621,"y__fft_coefficient__attr_""angle""__coeff_56",-104.82597227999528
1234,y,622,"y__fft_coefficient__attr_""angle""__coeff_57",16.51210051327843
1234,y,623,"y__fft_coefficient__attr_""angle""__coeff_58",-164.5153880619693
1234,y,624,"y__fft_coefficient__attr_""angle""__coeff_59",-37.949705320512514
1234,y,625,"y__fft_coefficient__attr_""angle""__coeff_60",77.46746619810453
1234,y,626,"y__fft_coefficient__attr_""angle""__coeff_61",-87.01211778169645
1234,y,627,"y__fft_coefficient__attr_""angle""__coeff_62",16.51645709923507
1234,y,628,"y__fft_coefficient__attr_""angle""__coeff_63",-178.55339318233973
1234,y,629,"y__fft_coefficient__attr_""angle""__coeff_64",-43.6544901284691
1234,y,630,"y__fft_coefficient__attr_""angle""__coeff_65",99.04180907662705
1234,y,631,"y__fft_coefficient__attr_""angle""__coeff_66",-125.19165464170204
1234,y,632,"y__fft_coefficient__attr_""angle""__coeff_67",-8.326925624126888
1234,y,633,"y__fft_coefficient__attr_""angle""__coeff_68",-151.42302859976945
1234,y,634,"y__fft_coefficient__attr_""angle""__coeff_69",-40.52856083076983
1234,y,635,"y__fft_coefficient__attr_""angle""__coeff_70",127.67251613423223
1234,y,636,"y__fft_coefficient__attr_""angle""__coeff_71",-79.27989307239463
1234,y,637,"y__fft_coefficient__attr_""angle""__coeff_72",25.845246069877675
1234,y,638,"y__fft_coefficient__attr_""angle""__coeff_73",-122.7859146899791
1234,y,639,"y__fft_coefficient__attr_""angle""__coeff_74",-32.47354582245014
1234,y,640,"y__fft_coefficient__attr_""angle""__coeff_75",-166.99552996076093
1234,y,641,"y__fft_coefficient__attr_""angle""__coeff_76",-64.39458548049832
1234,y,642,"y__fft_coefficient__attr_""angle""__coeff_77",17.051989352124128
1234,y,643,"y__fft_coefficient__attr_""angle""__coeff_78",-106.89866849105265
1234,y,644,"y__fft_coefficient__attr_""angle""__coeff_79",-35.59654094336759
1234,y,645,"y__fft_coefficient__attr_""angle""__coeff_80",73.58416992455547
1234,y,646,"y__fft_coefficient__attr_""angle""__coeff_81",-77.13133655350829
1234,y,647,"y__fft_coefficient__attr_""angle""__coeff_82",34.10145529055136
1234,y,648,"y__fft_coefficient__attr_""angle""__coeff_83",-163.36616205735587
1234,y,649,"y__fft_coefficient__attr_""angle""__coeff_84",-49.15256002525131
1234,y,650,"y__fft_coefficient__attr_""angle""__coeff_85",105.50956354384036
1234,y,651,"y__fft_coefficient__attr_""angle""__coeff_86",-90.84449903186584
1234,y,652,"y__fft_coefficient__attr_""angle""__coeff_87",62.87283640301263
1234,y,653,"y__fft_coefficient__attr_""angle""__coeff_88",-108.56037144697311
1234,y,654,"y__fft_coefficient__attr_""angle""__coeff_89",-4.487350733066579
1234,y,655,"y__fft_coefficient__attr_""angle""__coeff_90",158.21738186565867
1234,y,656,"y__fft_coefficient__attr_""angle""__coeff_91",-83.55407467152364
1234,y,657,"y__fft_coefficient__attr_""angle""__coeff_92",109.4157052050228
1234,y,658,"y__fft_coefficient__attr_""angle""__coeff_93",-134.59682621771225
1234,y,659,"y__fft_coefficient__attr_""angle""__coeff_94",-13.732192912806802
1234,y,660,"y__fft_coefficient__attr_""angle""__coeff_95",175.89647469729422
1234,y,661,"y__fft_coefficient__attr_""angle""__coeff_96",-69.09968146192452
1234,y,662,"y__fft_coefficient__attr_""angle""__coeff_97",70.44320046056748
1234,y,663,"y__fft_coefficient__attr_""angle""__coeff_98",-112.33468512392854
1234,y,664,"y__fft_coefficient__attr_""angle""__coeff_99",8.244823744371281
1234,y,665,"y__fft_aggregated__aggtype_""centroid""",675.6922359710234
1234,y,666,"y__fft_aggregated__aggtype_""variance""",631383.8260617764
1234,y,667,"y__fft_aggregated__aggtype_""skew""",0.87217982357818
1234,y,668,"y__fft_aggregated__aggtype_""kurtosis""",3.8754642687316894
1234,y,669,y__value_count__value_0,0.0
1234,y,670,y__value_count__value_1,0.0
1234,y,671,y__value_count__value_-1,0.0
1234,y,672,y__range_count__max_1__min_-1,1774.0
1234,y,673,y__range_count__max_0__min_-1000000000000.0,3778.0
1234,y,674,y__range_count__max_1000000000000.0__min_0,1222.0
1234,y,675,y__approximate_entropy__m_2__r_0.1,0.4431688536511591
1234,y,676,y__approximate_entropy__m_2__r_0.3,0.16322184420861663
1234,y,677,y__approximate_entropy__m_2__r_0.5,0.10594806326604855
1234,y,678,y__approximate_entropy__m_2__r_0.7,0.06977318050862769
1234,y,679,y__approximate_entropy__m_2__r_0.9,0.04999805299652815
1234,y,680,y__friedrich_coefficients__coeff_0__m_3__r_30,3.718977196321515e-05
1234,y,681,y__friedrich_coefficients__coeff_1__m_3__r_30,0.0008850980069225908
1234,y,682,y__friedrich_coefficients__coeff_2__m_3__r_30,-0.016946385135686193
1234,y,683,y__friedrich_coefficients__coeff_3__m_3__r_30,-0.018728532614198237
1234,y,684,y__max_langevin_fixed_point__m_3__r_30,13.302142735691666
1234,y,685,"y__linear_trend__attr_""pvalue""",1.262847277685907e-307
1234,y,686,"y__linear_trend__attr_""rvalue""",0.4951472857364518
1234,y,687,"y__linear_trend__attr_""intercept""",-2.3606842061964675
1234,y,688,"y__linear_trend__attr_""slope""",0.0005757915124750172
1234,y,689,"y__linear_trend__attr_""stderr""",1.4290817277167417e-05
1234,y,690,"y__agg_linear_trend__attr_""rvalue""__chunk_len_5__f_agg_""max""",0.4948373005146453
1234,y,691,"y__agg_linear_trend__attr_""rvalue""__chunk_len_5__f_agg_""min""",0.4924063797352265
1234,y,692,"y__agg_linear_trend__attr_""rvalue""__chunk_len_5__f_agg_""mean""",0.4995176704802669
1234,y,693,"y__agg_linear_trend__attr_""rvalue""__chunk_len_5__f_agg_""var""",0.03319940685745182
1234,y,694,"y__agg_linear_trend__attr_""rvalue""__chunk_len_10__f_agg_""max""",0.4948961184864591
1234,y,695,"y__agg_linear_trend__attr_""rvalue""__chunk_len_10__f_agg_""min""",0.49167834764521867
1234,y,696,"y__agg_linear_trend__attr_""rvalue""__chunk_len_10__f_agg_""mean""",0.50278732761013
1234,y,697,"y__agg_linear_trend__attr_""rvalue""__chunk_len_10__f_agg_""var""",0.059921203608366023
1234,y,698,"y__agg_linear_trend__attr_""rvalue""__chunk_len_50__f_agg_""max""",0.5530989704254924
1234,y,699,"y__agg_linear_trend__attr_""rvalue""__chunk_len_50__f_agg_""min""",0.5418700309709873
1234,y,700,"y__agg_linear_trend__attr_""rvalue""__chunk_len_50__f_agg_""mean""",0.5259799441850957
1234,y,701,"y__agg_linear_trend__attr_""rvalue""__chunk_len_50__f_agg_""var""",0.1284980733873625
1234,y,702,"y__agg_linear_trend__attr_""intercept""__chunk_len_5__f_agg_""max""",-2.152436128318458
1234,y,703,"y__agg_linear_trend__attr_""intercept""__chunk_len_5__f_agg_""min""",-2.4986897865539817
1234,y,704,"y__agg_linear_trend__attr_""intercept""__chunk_len_5__f_agg_""mean""",-2.3595346266442037
1234,y,705,"y__agg_linear_trend__attr_""intercept""__chunk_len_5__f_agg_""var""",0.038693179479439
1234,y,706,"y__agg_linear_trend__attr_""intercept""__chunk_len_10__f_agg_""max""",-1.9163718358975128
1234,y,707,"y__agg_linear_trend__attr_""intercept""__chunk_len_10__f_agg_""min""",-2.629052666427964
1234,y,708,"y__agg_linear_trend__attr_""intercept""__chunk_len_10__f_agg_""mean""",-2.358116943562726
1234,y,709,"y__agg_linear_trend__attr_""intercept""__chunk_len_10__f_agg_""var""",0.06960509150593654
1234,y,710,"y__agg_linear_trend__attr_""intercept""__chunk_len_50__f_agg_""max""",-0.9295444461834265
1234,y,711,"y__agg_linear_trend__attr_""intercept""__chunk_len_50__f_agg_""min""",-3.1194084924786076
1234,y,712,"y__agg_linear_trend__attr_""intercept""__chunk_len_50__f_agg_""mean""",-2.3468673233937767
1234,y,713,"y__agg_linear_trend__attr_""intercept""__chunk_len_50__f_agg_""var""",0.2723087111277711
1234,y,714,"y__agg_linear_trend__attr_""slope""__chunk_len_5__f_agg_""max""",0.00285963510491719
1234,y,715,"y__agg_linear_trend__attr_""slope""__chunk_len_5__f_agg_""min""",0.002815750883810091
1234,y,716,"y__agg_linear_trend__attr_""slope""__chunk_len_5__f_agg_""mean""",0.002878961573331415
1234,y,717,"y__agg_linear_trend__attr_""slope""__chunk_len_5__f_agg_""var""",2.078673031185431e-05
1234,y,718,"y__agg_linear_trend__attr_""slope""__chunk_len_10__f_agg_""max""",0.005615181698835426
1234,y,719,"y__agg_linear_trend__attr_""slope""__chunk_len_10__f_agg_""min""",0.005460513334118057
1234,y,720,"y__agg_linear_trend__attr_""slope""__chunk_len_10__f_agg_""mean""",0.005758010512214686
1234,y,721,"y__agg_linear_trend__attr_""slope""__chunk_len_10__f_agg_""var""",6.125079902606649e-05
1234,y,722,"y__agg_linear_trend__attr_""slope""__chunk_len_50__f_agg_""max""",0.024401649489729803
1234,y,723,"y__agg_linear_trend__attr_""slope""__chunk_len_50__f_agg_""min""",0.02532806701938993
1234,y,724,"y__agg_linear_trend__attr_""slope""__chunk_len_50__f_agg_""mean""",0.028795434396537672
1234,y,725,"y__agg_linear_trend__attr_""slope""__chunk_len_50__f_agg_""var""",0.0009602353584203036
1234,y,726,"y__agg_linear_trend__attr_""stderr""__chunk_len_5__f_agg_""max""",0.0001589628062365145
1234,y,727,"y__agg_linear_trend__attr_""stderr""__chunk_len_5__f_agg_""min""",0.00015754583026720257
1234,y,728,"y__agg_linear_trend__attr_""stderr""__chunk_len_5__f_agg_""mean""",0.00015804832943625908
1234,y,729,"y__agg_linear_trend__attr_""stderr""__chunk_len_5__f_agg_""var""",1.9808478317519965e-05
1234,y,730,"y__agg_linear_trend__attr_""stderr""__chunk_len_10__f_agg_""max""",0.00044180533413145577
1234,y,731,"y__agg_linear_trend__attr_""stderr""__chunk_len_10__f_agg_""min""",0.00043335580116660903
1234,y,732,"y__agg_linear_trend__attr_""stderr""__chunk_len_10__f_agg_""mean""",0.00044360181613640147
1234,y,733,"y__agg_linear_trend__attr_""stderr""__chunk_len_10__f_agg_""var""",4.572307999528733e-05
1234,y,734,"y__agg_linear_trend__attr_""stderr""__chunk_len_50__f_agg_""max""",0.0037128597132216634
1234,y,735,"y__agg_linear_trend__attr_""stderr""__chunk_len_50__f_agg_""min""",0.003968369576111873
1234,y,736,"y__agg_linear_trend__attr_""stderr""__chunk_len_50__f_agg_""mean""",0.004703424568979594
1234,y,737,"y__agg_linear_trend__attr_""stderr""__chunk_len_50__f_agg_""var""",0.0007486048328530346
1234,y,738,"y__augmented_dickey_fuller__attr_""teststat""__autolag_""AIC""",-6.235868192238783
1234,y,739,"y__augmented_dickey_fuller__attr_""pvalue""__autolag_""AIC""",4.827427855805156e-08
1234,y,740,"y__augmented_dickey_fuller__attr_""usedlag""__autolag_""AIC""",31.0
1234,y,741,y__number_crossing_m__m_0,67.0
1234,y,742,y__number_crossing_m__m_-1,156.0
1234,y,743,y__number_crossing_m__m_1,60.0
1234,y,744,y__energy_ratio_by_chunks__num_segments_10__segment_focus_0,0.11829376837951354
1234,y,745,y__energy_ratio_by_chunks__num_segments_10__segment_focus_1,0.11770376267691095
1234,y,746,y__energy_ratio_by_chunks__num_segments_10__segment_focus_2,0.11683082221715285
1234,y,747,y__energy_ratio_by_chunks__num_segments_10__segment_focus_3,0.11770032917827089
1234,y,748,y__energy_ratio_by_chunks__num_segments_10__segment_focus_4,0.11653296191965756
1234,y,749,y__energy_ratio_by_chunks__num_segments_10__segment_focus_5,0.08854634547980092
1234,y,750,y__energy_ratio_by_chunks__num_segments_10__segment_focus_6,0.07994043051323513
1234,y,751,y__energy_ratio_by_chunks__num_segments_10__segment_focus_7,0.06438560630426202
1234,y,752,y__energy_ratio_by_chunks__num_segments_10__segment_focus_8,0.1158845796394434
1234,y,753,y__energy_ratio_by_chunks__num_segments_10__segment_focus_9,0.06418139369175273
1234,y,754,y__ratio_beyond_r_sigma__r_0.5,0.58
1234,y,755,y__ratio_beyond_r_sigma__r_1,0.3818
1234,y,756,y__ratio_beyond_r_sigma__r_1.5,0.0724
1234,y,757,y__ratio_beyond_r_sigma__r_2,0.0492
1234,y,758,y__ratio_beyond_r_sigma__r_2.5,0.0068
1234,y,759,y__ratio_beyond_r_sigma__r_3,0.0
1234,y,760,y__ratio_beyond_r_sigma__r_5,0.0
1234,y,761,y__ratio_beyond_r_sigma__r_6,0.0
1234,y,762,y__ratio_beyond_r_sigma__r_7,0.0
1234,y,763,y__ratio_beyond_r_sigma__r_10,0.0
1234,y,764,y__count_above__t_0,0.2444
1234,y,765,y__count_below__t_0,0.7556
1234,y,766,y__lempel_ziv_complexity__bins_2,0.033
1234,y,767,y__lempel_ziv_complexity__bins_3,0.0562
1234,y,768,y__lempel_ziv_complexity__bins_5,0.0768
1234,y,769,y__lempel_ziv_complexity__bins_10,0.1192
1234,y,770,y__lempel_ziv_complexity__bins_100,0.3354
1234,y,771,y__fourier_entropy__bins_2,0.07998252574647073
1234,y,772,y__fourier_entropy__bins_3,0.07998252574647073
1234,y,773,y__fourier_entropy__bins_5,0.07998252574647073
1234,y,774,y__fourier_entropy__bins_10,0.09072899366212879
1234,y,775,y__fourier_entropy__bins_100,0.3057282042176629
1234,y,776,y__permutation_entropy__dimension_3__tau_1,1.4147213994821968
1234,y,777,y__permutation_entropy__dimension_4__tau_1,2.0871229306980497
1234,y,778,y__permutation_entropy__dimension_5__tau_1,2.741225511437092
1234,y,779,y__permutation_entropy__dimension_6__tau_1,3.344099474847754
1234,y,780,y__permutation_entropy__dimension_7__tau_1,3.8221183007327966
1234,y,781,y__query_similarity_count__query_None__threshold_0.0,
1234,y,782,y__mean_n_absolute_max__number_of_maxima_7,3.3625432034783467
2,y,0,y__variance_larger_than_standard_deviation,1.0
2,y,1,y__has_duplicate_max,0.0
2,y,2,y__has_duplicate_min,0.0
2,y,3,y__has_duplicate,0.0
2,y,4,y__sum_values,47.054791088348246
2,y,5,y__abs_energy,5786.814201820599
2,y,6,y__mean_abs_change,0.07353717918233198
2,y,7,y__mean_change,-1.5134318138429928e-05
2,y,8,y__mean_second_derivative_central,1.0146495424221691e-05
2,y,9,y__median,0.0021154798346315292
2,y,10,y__mean,0.009410958217669648
2,y,11,y__length,5000.0
2,y,12,y__standard_deviation,1.0757668307907367
2,y,13,y__variation_coefficient,114.31002092549075
2,y,14,y__variance,1.1572742742295452
2,y,15,y__skewness,-0.006475200294790548
2,y,16,y__kurtosis,-1.5433014823567985
2,y,17,y__root_mean_square,1.075807994190469
2,y,18,y__absolute_sum_of_changes,367.61235873247756
2,y,19,y__longest_strike_below_mean,51.0
2,y,20,y__longest_strike_above_mean,51.0
2,y,21,y__count_above_mean,2487.0
2,y,22,y__count_below_mean,2513.0
2,y,23,y__last_location_of_maximum,0.04520000000000002
2,y,24,y__first_location_of_maximum,0.045
2,y,25,y__last_location_of_minimum,0.19540000000000002
2,y,26,y__first_location_of_minimum,0.1952
2,y,27,y__percentage_of_reoccurring_values_to_all_values,0.0
2,y,28,y__percentage_of_reoccurring_datapoints_to_all_datapoints,0.0
2,y,29,y__sum_of_reoccurring_values,0.0
2,y,30,y__sum_of_reoccurring_data_points,0.0
2,y,31,y__ratio_value_number_to_time_series_length,1.0
2,y,32,y__sample_entropy,0.1954779974379152
2,y,33,y__maximum,1.573481059471842
2,y,34,y__absolute_maximum,1.576963870820271
2,y,35,y__minimum,-1.576963870820271
2,y,36,y__benford_correlation,0.8530041308374398
2,y,37,y__time_reversal_asymmetry_statistic__lag_1,-0.00033676213388383436
2,y,38,y__time_reversal_asymmetry_statistic__lag_2,-0.0014633619724767266
2,y,39,y__time_reversal_asymmetry_statistic__lag_3,-0.0022252137554668104
2,y,40,y__c3__lag_1,0.021727028140117347
2,y,41,y__c3__lag_2,0.020164178383298523
2,y,42,y__c3__lag_3,0.01852142704110583
2,y,43,y__cid_ce__normalize_True,7.845890202691556
2,y,44,y__cid_ce__normalize_False,8.440348438081587
2,y,45,y__symmetry_looking__r_0.0,0.0
2,y,46,y__symmetry_looking__r_0.05,1.0
2,y,47,y__symmetry_looking__r_0.1,1.0
2,y,48,y__symmetry_looking__r_0.15000000000000002,1.0
2,y,49,y__symmetry_looking__r_0.2,1.0
2,y,50,y__symmetry_looking__r_0.25,1.0
2,y,51,y__symmetry_looking__r_0.30000000000000004,1.0
2,y,52,y__symmetry_looking__r_0.35000000000000003,1.0
2,y,53,y__symmetry_looking__r_0.4,1.0
2,y,54,y__symmetry_looking__r_0.45,1.0
2,y,55,y__symmetry_looking__r_0.5,1.0
2,y,56,y__symmetry_looking__r_0.55,1.0
2,y,57,y__symmetry_looking__r_0.6000000000000001,1.0
2,y,58,y__symmetry_looking__r_0.65,1.0
2,y,59,y__symmetry_looking__r_0.7000000000000001,1.0
2,y,60,y__symmetry_looking__r_0.75,1.0
2,y,61,y__symmetry_looking__r_0.8,1.0
2,y,62,y__symmetry_looking__r_0.8500000000000001,1.0
2,y,63,y__symmetry_looking__r_0.9,1.0
2,y,64,y__symmetry_looking__r_0.9500000000000001,1.0
2,y,65,y__large_standard_deviation__r_0.05,1.0
2,y,66,y__large_standard_deviation__r_0.1,1.0
2,y,67,y__large_standard_deviation__r_0.15000000000000002,1.0
2,y,68,y__large_standard_deviation__r_0.2,1.0
2,y,69,y__large_standard_deviation__r_0.25,1.0
2,y,70,y__large_standard_deviation__r_0.30000000000000004,1.0
2,y,71,y__large_standard_deviation__r_0.35000000000000003,0.0
2,y,72,y__large_standard_deviation__r_0.4,0.0
2,y,73,y__large_standard_deviation__r_0.45,0.0
2,y,74,y__large_standard_deviation__r_0.5,0.0
2,y,75,y__large_standard_deviation__r_0.55,0.0
2,y,76,y__large_standard_deviation__r_0.6000000000000001,0.0
2,y,77,y__large_standard_deviation__r_0.65,0.0
2,y,78,y__large_standard_deviation__r_0.7000000000000001,0.0
2,y,79,y__large_standard_deviation__r_0.75,0.0
2,y,80,y__large_standard_deviation__r_0.8,0.0
2,y,81,y__large_standard_deviation__r_0.8500000000000001,0.0
2,y,82,y__large_standard_deviation__r_0.9,0.0
2,y,83,y__large_standard_deviation__r_0.9500000000000001,0.0
2,y,84,y__quantile__q_0.1,-1.4203803547099865
2,y,85,y__quantile__q_0.2,-1.2156331223084715
2,y,86,y__quantile__q_0.3,-0.9197227884654375
2,y,87,y__quantile__q_0.4,-0.4828569365183574
2,y,88,y__quantile__q_0.6,0.5110533960776141
2,y,89,y__quantile__q_0.7,0.9661731668144772
2,y,90,y__quantile__q_0.8,1.2242038130005826
2,y,91,y__quantile__q_0.9,1.420775727291252
2,y,92,y__autocorrelation__lag_0,1.0
2,y,93,y__autocorrelation__lag_1,0.9940427615598602
2,y,94,y__autocorrelation__lag_2,0.9848883094750556
2,y,95,y__autocorrelation__lag_3,0.9733300618938313
2,y,96,y__autocorrelation__lag_4,0.9578305209482554
2,y,97,y__autocorrelation__lag_5,0.9392671762092522
2,y,98,y__autocorrelation__lag_6,0.9175340553374883
2,y,99,y__autocorrelation__lag_7,0.8922175406085644
2,y,100,y__autocorrelation__lag_8,0.8636331295622289
2,y,101,y__autocorrelation__lag_9,0.8319623059472627
2,y,102,"y__agg_autocorrelation__f_agg_""mean""__maxlag_40",0.21080756039808182
2,y,103,"y__agg_autocorrelation__f_agg_""median""__maxlag_40",0.2771683280514048
2,y,104,"y__agg_autocorrelation__f_agg_""var""__maxlag_40",0.3457998167522754
2,y,105,y__partial_autocorrelation__lag_0,1.0
2,y,106,y__partial_autocorrelation__lag_1,0.99404276155986
2,y,107,y__partial_autocorrelation__lag_2,-0.27213616872667934
2,y,108,y__partial_autocorrelation__lag_3,-0.1457457428179469
2,y,109,y__partial_autocorrelation__lag_4,-0.2799840651445086
2,y,110,y__partial_autocorrelation__lag_5,-0.13833980249346134
2,y,111,y__partial_autocorrelation__lag_6,-0.16227599752115424
2,y,112,y__partial_autocorrelation__lag_7,-0.1693303560645481
2,y,113,y__partial_autocorrelation__lag_8,-0.1407215634485845
2,y,114,y__partial_autocorrelation__lag_9,-0.12178686850620106
2,y,115,y__number_cwt_peaks__n_1,403.0
2,y,116,y__number_cwt_peaks__n_5,312.0
2,y,117,y__number_peaks__n_1,627.0
2,y,118,y__number_peaks__n_3,118.0
2,y,119,y__number_peaks__n_5,77.0
2,y,120,y__number_peaks__n_10,62.0
2,y,121,y__number_peaks__n_50,49.0
2,y,122,y__binned_entropy__max_bins_10,2.2083653424198952
2,y,123,y__index_mass_quantile__q_0.1,0.1038
2,y,124,y__index_mass_quantile__q_0.2,0.2048
2,y,125,y__index_mass_quantile__q_0.3,0.3032
2,y,126,y__index_mass_quantile__q_0.4,0.403
2,y,127,y__index_mass_quantile__q_0.6,0.6026
2,y,128,y__index_mass_quantile__q_0.7,0.6964
2,y,129,y__index_mass_quantile__q_0.8,0.7962
2,y,130,y__index_mass_quantile__q_0.9,0.8972
2,y,131,"y__cwt_coefficients__coeff_0__w_2__widths_(2, 5, 10, 20)",-0.19003163488062202
2,y,132,"y__cwt_coefficients__coeff_0__w_5__widths_(2, 5, 10, 20)",-0.8277225864806693
2,y,133,"y__cwt_coefficients__coeff_0__w_10__widths_(2, 5, 10, 20)",-1.7385073479162592
2,y,134,"y__cwt_coefficients__coeff_0__w_20__widths_(2, 5, 10, 20)",-0.46298897182370546
2,y,135,"y__cwt_coefficients__coeff_1__w_2__widths_(2, 5, 10, 20)",-0.20074797922429186
2,y,136,"y__cwt_coefficients__coeff_1__w_5__widths_(2, 5, 10, 20)",-0.8098689876047327
2,y,137,"y__cwt_coefficients__coeff_1__w_10__widths_(2, 5, 10, 20)",-1.633911530384175
2,y,138,"y__cwt_coefficients__coeff_1__w_20__widths_(2, 5, 10, 20)",-0.13412267850950924
2,y,139,"y__cwt_coefficients__coeff_2__w_2__widths_(2, 5, 10, 20)",-0.17617803039766475
2,y,140,"y__cwt_coefficients__coeff_2__w_5__widths_(2, 5, 10, 20)",-0.7551755017646402
2,y,141,"y__cwt_coefficients__coeff_2__w_10__widths_(2, 5, 10, 20)",-1.5024190088935097
2,y,142,"y__cwt_coefficients__coeff_2__w_20__widths_(2, 5, 10, 20)",0.21533286502227175
2,y,143,"y__cwt_coefficients__coeff_3__w_2__widths_(2, 5, 10, 20)",-0.12496984664817701
2,y,144,"y__cwt_coefficients__coeff_3__w_5__widths_(2, 5, 10, 20)",-0.6607605004685555
2,y,145,"y__cwt_coefficients__coeff_3__w_10__widths_(2, 5, 10, 20)",-1.334063724599767
2,y,146,"y__cwt_coefficients__coeff_3__w_20__widths_(2, 5, 10, 20)",0.5751461844213227
2,y,147,"y__cwt_coefficients__coeff_4__w_2__widths_(2, 5, 10, 20)",-0.06732456473037367
2,y,148,"y__cwt_coefficients__coeff_4__w_5__widths_(2, 5, 10, 20)",-0.544739567899038
2,y,149,"y__cwt_coefficients__coeff_4__w_10__widths_(2, 5, 10, 20)",-1.140725080248016
2,y,150,"y__cwt_coefficients__coeff_4__w_20__widths_(2, 5, 10, 20)",0.9529670575952606
2,y,151,"y__cwt_coefficients__coeff_5__w_2__widths_(2, 5, 10, 20)",-0.01878195608334703
2,y,152,"y__cwt_coefficients__coeff_5__w_5__widths_(2, 5, 10, 20)",-0.40445573336600865
2,y,153,"y__cwt_coefficients__coeff_5__w_10__widths_(2, 5, 10, 20)",-0.9204052695635422
2,y,154,"y__cwt_coefficients__coeff_5__w_20__widths_(2, 5, 10, 20)",1.3422040166465
2,y,155,"y__cwt_coefficients__coeff_6__w_2__widths_(2, 5, 10, 20)",0.01722066254409356
2,y,156,"y__cwt_coefficients__coeff_6__w_5__widths_(2, 5, 10, 20)",-0.25921690709544326
2,y,157,"y__cwt_coefficients__coeff_6__w_10__widths_(2, 5, 10, 20)",-0.6752223986832397
2,y,158,"y__cwt_coefficients__coeff_6__w_20__widths_(2, 5, 10, 20)",1.7491340915147444
2,y,159,"y__cwt_coefficients__coeff_7__w_2__widths_(2, 5, 10, 20)",0.04225060008646886
2,y,160,"y__cwt_coefficients__coeff_7__w_5__widths_(2, 5, 10, 20)",-0.11606353703531279
2,y,161,"y__cwt_coefficients__coeff_7__w_10__widths_(2, 5, 10, 20)",-0.4150314262847707
2,y,162,"y__cwt_coefficients__coeff_7__w_20__widths_(2, 5, 10, 20)",2.16825846451008
2,y,163,"y__cwt_coefficients__coeff_8__w_2__widths_(2, 5, 10, 20)",0.057887925008258456
2,y,164,"y__cwt_coefficients__coeff_8__w_5__widths_(2, 5, 10, 20)",0.016632812387850162
2,y,165,"y__cwt_coefficients__coeff_8__w_10__widths_(2, 5, 10, 20)",-0.1375387560475895
2,y,166,"y__cwt_coefficients__coeff_8__w_20__widths_(2, 5, 10, 20)",2.5799513877730176
2,y,167,"y__cwt_coefficients__coeff_9__w_2__widths_(2, 5, 10, 20)",0.06302748417916414
2,y,168,"y__cwt_coefficients__coeff_9__w_5__widths_(2, 5, 10, 20)",0.1320681511560815
2,y,169,"y__cwt_coefficients__coeff_9__w_10__widths_(2, 5, 10, 20)",0.14541422724529593
2,y,170,"y__cwt_coefficients__coeff_9__w_20__widths_(2, 5, 10, 20)",3.006593366178518
2,y,171,"y__cwt_coefficients__coeff_10__w_2__widths_(2, 5, 10, 20)",0.0526751207258205
2,y,172,"y__cwt_coefficients__coeff_10__w_5__widths_(2, 5, 10, 20)",0.23116234730515695
2,y,173,"y__cwt_coefficients__coeff_10__w_10__widths_(2, 5, 10, 20)",0.436278387456257
2,y,174,"y__cwt_coefficients__coeff_10__w_20__widths_(2, 5, 10, 20)",3.4294276482715595
2,y,175,"y__cwt_coefficients__coeff_11__w_2__widths_(2, 5, 10, 20)",0.03170470467073651
2,y,176,"y__cwt_coefficients__coeff_11__w_5__widths_(2, 5, 10, 20)",0.3099503615343181
2,y,177,"y__cwt_coefficients__coeff_11__w_10__widths_(2, 5, 10, 20)",0.7292476345997569
2,y,178,"y__cwt_coefficients__coeff_11__w_20__widths_(2, 5, 10, 20)",3.857032772984022
2,y,179,"y__cwt_coefficients__coeff_12__w_2__widths_(2, 5, 10, 20)",0.022783136928771843
2,y,180,"y__cwt_coefficients__coeff_12__w_5__widths_(2, 5, 10, 20)",0.3737482153559157
2,y,181,"y__cwt_coefficients__coeff_12__w_10__widths_(2, 5, 10, 20)",1.0150733335981494
2,y,182,"y__cwt_coefficients__coeff_12__w_20__widths_(2, 5, 10, 20)",4.286008320934708
2,y,183,"y__cwt_coefficients__coeff_13__w_2__widths_(2, 5, 10, 20)",0.039474939293405086
2,y,184,"y__cwt_coefficients__coeff_13__w_5__widths_(2, 5, 10, 20)",0.4234628985728165
2,y,185,"y__cwt_coefficients__coeff_13__w_10__widths_(2, 5, 10, 20)",1.29490353192342
2,y,186,"y__cwt_coefficients__coeff_13__w_20__widths_(2, 5, 10, 20)",4.689763993045182
2,y,187,"y__cwt_coefficients__coeff_14__w_2__widths_(2, 5, 10, 20)",0.0626789708015123
2,y,188,"y__cwt_coefficients__coeff_14__w_5__widths_(2, 5, 10, 20)",0.47005194762717023
2,y,189,"y__cwt_coefficients__coeff_14__w_10__widths_(2, 5, 10, 20)",1.5593692410625974
2,y,190,"y__cwt_coefficients__coeff_14__w_20__widths_(2, 5, 10, 20)",5.098870854754489
2,y,191,y__spkt_welch_density__coeff_2,128.49135015228975
2,y,192,y__spkt_welch_density__coeff_5,0.25710699309582563
2,y,193,y__spkt_welch_density__coeff_8,0.2750791270715906
2,y,194,y__ar_coefficient__coeff_0__k_10,0.00020659077719891575
2,y,195,y__ar_coefficient__coeff_1__k_10,1.0422522197715836
2,y,196,y__ar_coefficient__coeff_2__k_10,-0.09148535347825967
2,y,197,y__ar_coefficient__coeff_3__k_10,0.1843783239954297
2,y,198,y__ar_coefficient__coeff_4__k_10,-0.09276155163776512
2,y,199,y__ar_coefficient__coeff_5__k_10,0.045331981805666034
2,y,200,y__ar_coefficient__coeff_6__k_10,0.026511221662218358
2,y,201,y__ar_coefficient__coeff_7__k_10,-0.005549588422699181
2,y,202,y__ar_coefficient__coeff_8__k_10,-0.019415514200726736
2,y,203,y__ar_coefficient__coeff_9__k_10,-0.006532944750011157
2,y,204,y__ar_coefficient__coeff_10__k_10,-0.10722048009211756
2,y,205,"y__change_quantiles__f_agg_""mean""__isabs_False__qh_0.2__ql_0.0",4.973467971264576e-05
2,y,206,"y__change_quantiles__f_agg_""var""__isabs_False__qh_0.2__ql_0.0",0.002645049952572068
2,y,207,"y__change_quantiles__f_agg_""mean""__isabs_True__qh_0.2__ql_0.0",0.04143279132510335
2,y,208,"y__change_quantiles__f_agg_""var""__isabs_True__qh_0.2__ql_0.0",0.0009283762291208749
2,y,209,"y__change_quantiles__f_agg_""mean""__isabs_False__qh_0.4__ql_0.0",-0.0007164858706337628
2,y,210,"y__change_quantiles__f_agg_""var""__isabs_False__qh_0.4__ql_0.0",0.0056624381299447656
2,y,211,"y__change_quantiles__f_agg_""mean""__isabs_True__qh_0.4__ql_0.0",0.05993777083376314
2,y,212,"y__change_quantiles__f_agg_""var""__isabs_True__qh_0.4__ql_0.0",0.002070415109426875
2,y,213,"y__change_quantiles__f_agg_""mean""__isabs_False__qh_0.6__ql_0.0",-0.00017862842513296915
2,y,214,"y__change_quantiles__f_agg_""var""__isabs_False__qh_0.6__ql_0.0",0.012037689283037716
2,y,215,"y__change_quantiles__f_agg_""mean""__isabs_True__qh_0.6__ql_0.0",0.07472117591029212
2,y,216,"y__change_quantiles__f_agg_""var""__isabs_True__qh_0.6__ql_0.0",0.006454467061735164
2,y,217,"y__change_quantiles__f_agg_""mean""__isabs_False__qh_0.8__ql_0.0",-0.0001526661814794928
2,y,218,"y__change_quantiles__f_agg_""var""__isabs_False__qh_0.8__ql_0.0",0.012777724697068372
2,y,219,"y__change_quantiles__f_agg_""mean""__isabs_True__qh_0.8__ql_0.0",0.07643769489627093
2,y,220,"y__change_quantiles__f_agg_""var""__isabs_True__qh_0.8__ql_0.0",0.006935026802975936
2,y,221,"y__change_quantiles__f_agg_""mean""__isabs_False__qh_1.0__ql_0.0",-1.5134318138429525e-05
2,y,222,"y__change_quantiles__f_agg_""var""__isabs_False__qh_1.0__ql_0.0",0.01425074627149778
2,y,223,"y__change_quantiles__f_agg_""mean""__isabs_True__qh_1.0__ql_0.0",0.07353717918233198
2,y,224,"y__change_quantiles__f_agg_""var""__isabs_True__qh_1.0__ql_0.0",0.008843029778450964
2,y,225,"y__change_quantiles__f_agg_""mean""__isabs_False__qh_0.4__ql_0.2",-0.0009670496100571105
2,y,226,"y__change_quantiles__f_agg_""var""__isabs_False__qh_0.4__ql_0.2",0.00784271650110486
2,y,227,"y__change_quantiles__f_agg_""mean""__isabs_True__qh_0.4__ql_0.2",0.07402200446116414
2,y,228,"y__change_quantiles__f_agg_""var""__isabs_True__qh_0.4__ql_0.2",0.0023643945416045656
2,y,229,"y__change_quantiles__f_agg_""mean""__isabs_False__qh_0.6__ql_0.2",-0.00081957503164334
2,y,230,"y__change_quantiles__f_agg_""var""__isabs_False__qh_0.6__ql_0.2",0.00918077449530136
2,y,231,"y__change_quantiles__f_agg_""mean""__isabs_True__qh_0.6__ql_0.2",0.08420740137776221
2,y,232,"y__change_quantiles__f_agg_""var""__isabs_True__qh_0.6__ql_0.2",0.0020905597517383054
2,y,233,"y__change_quantiles__f_agg_""mean""__isabs_False__qh_0.8__ql_0.2",-0.000566204853922534
2,y,234,"y__change_quantiles__f_agg_""var""__isabs_False__qh_0.8__ql_0.2",0.011171161364877833
2,y,235,"y__change_quantiles__f_agg_""mean""__isabs_True__qh_0.8__ql_0.2",0.08335433408683032
2,y,236,"y__change_quantiles__f_agg_""var""__isabs_True__qh_0.8__ql_0.2",0.004223536941755514
2,y,237,"y__change_quantiles__f_agg_""mean""__isabs_False__qh_1.0__ql_0.2",-0.0002760921210620679
2,y,238,"y__change_quantiles__f_agg_""var""__isabs_False__qh_1.0__ql_0.2",0.013493942221738884
2,y,239,"y__change_quantiles__f_agg_""mean""__isabs_True__qh_1.0__ql_0.2",0.07773758723055488
2,y,240,"y__change_quantiles__f_agg_""var""__isabs_True__qh_1.0__ql_0.2",0.007450885980170068
2,y,241,"y__change_quantiles__f_agg_""mean""__isabs_False__qh_0.6__ql_0.4",-0.0010974527495264646
2,y,242,"y__change_quantiles__f_agg_""var""__isabs_False__qh_0.6__ql_0.4",0.01002240357154295
2,y,243,"y__change_quantiles__f_agg_""mean""__isabs_True__qh_0.6__ql_0.4",0.09151314452294407
2,y,244,"y__change_quantiles__f_agg_""var""__isabs_True__qh_0.6__ql_0.4",0.001648952353603144
2,y,245,"y__change_quantiles__f_agg_""mean""__isabs_False__qh_0.8__ql_0.4",-0.0005662562814594413
2,y,246,"y__change_quantiles__f_agg_""var""__isabs_False__qh_0.8__ql_0.4",0.012626846195588954
2,y,247,"y__change_quantiles__f_agg_""mean""__isabs_True__qh_0.8__ql_0.4",0.08642111346732902
2,y,248,"y__change_quantiles__f_agg_""var""__isabs_True__qh_0.8__ql_0.4",0.005158557988832289
2,y,249,"y__change_quantiles__f_agg_""mean""__isabs_False__qh_1.0__ql_0.4",-0.00017971568949742551
2,y,250,"y__change_quantiles__f_agg_""var""__isabs_False__qh_1.0__ql_0.4",0.015182397114336912
2,y,251,"y__change_quantiles__f_agg_""mean""__isabs_True__qh_1.0__ql_0.4",0.0778021088118622
2,y,252,"y__change_quantiles__f_agg_""var""__isabs_True__qh_1.0__ql_0.4",0.009129261276493116
2,y,253,"y__change_quantiles__f_agg_""mean""__isabs_False__qh_0.8__ql_0.6",-0.00040857474568953197
2,y,254,"y__change_quantiles__f_agg_""var""__isabs_False__qh_0.8__ql_0.6",0.007360491258710999
2,y,255,"y__change_quantiles__f_agg_""mean""__isabs_True__qh_0.8__ql_0.6",0.07187035046728707
2,y,256,"y__change_quantiles__f_agg_""var""__isabs_True__qh_0.8__ql_0.6",0.002195310915743142
2,y,257,"y__change_quantiles__f_agg_""mean""__isabs_False__qh_1.0__ql_0.6",0.00026537258554490395
2,y,258,"y__change_quantiles__f_agg_""var""__isabs_False__qh_1.0__ql_0.6",0.005839011010844535
2,y,259,"y__change_quantiles__f_agg_""mean""__isabs_True__qh_1.0__ql_0.6",0.060577469478225815
2,y,260,"y__change_quantiles__f_agg_""var""__isabs_True__qh_1.0__ql_0.6",0.0021694516250683137
2,y,261,"y__change_quantiles__f_agg_""mean""__isabs_False__qh_1.0__ql_0.8",-0.0005226476956771212
2,y,262,"y__change_quantiles__f_agg_""var""__isabs_False__qh_1.0__ql_0.8",0.0026703287064191806
2,y,263,"y__change_quantiles__f_agg_""mean""__isabs_True__qh_1.0__ql_0.8",0.04118623696977062
2,y,264,"y__change_quantiles__f_agg_""var""__isabs_True__qh_1.0__ql_0.8",0.000974295751302877
2,y,265,"y__fft_coefficient__attr_""real""__coeff_0",47.054791088348246
2,y,266,"y__fft_coefficient__attr_""real""__coeff_1",-10.284674781758175
2,y,267,"y__fft_coefficient__attr_""real""__coeff_2",-9.559363219665293
2,y,268,"y__fft_coefficient__attr_""real""__coeff_3",-26.413728008856573
2,y,269,"y__fft_coefficient__attr_""real""__coeff_4",11.27379688860083
2,y,270,"y__fft_coefficient__attr_""real""__coeff_5",19.75491106941791
2,y,271,"y__fft_coefficient__attr_""real""__coeff_6",5.9622380642907435
2,y,272,"y__fft_coefficient__attr_""real""__coeff_7",-8.920891711657024
2,y,273,"y__fft_coefficient__attr_""real""__coeff_8",-6.63590504551848
2,y,274,"y__fft_coefficient__attr_""real""__coeff_9",9.197398318572631
2,y,275,"y__fft_coefficient__attr_""real""__coeff_10",5.477358429422952
2,y,276,"y__fft_coefficient__attr_""real""__coeff_11",0.361756618010421
2,y,277,"y__fft_coefficient__attr_""real""__coeff_12",-11.86616271966523
2,y,278,"y__fft_coefficient__attr_""real""__coeff_13",24.147513225122182
2,y,279,"y__fft_coefficient__attr_""real""__coeff_14",-23.645251685328013
2,y,280,"y__fft_coefficient__attr_""real""__coeff_15",-9.998164773886359
2,y,281,"y__fft_coefficient__attr_""real""__coeff_16",1.2432008905984004
2,y,282,"y__fft_coefficient__attr_""real""__coeff_17",20.127364773003933
2,y,283,"y__fft_coefficient__attr_""real""__coeff_18",-32.299549507633046
2,y,284,"y__fft_coefficient__attr_""real""__coeff_19",14.917522154619638
2,y,285,"y__fft_coefficient__attr_""real""__coeff_20",6.228858476403747
2,y,286,"y__fft_coefficient__attr_""real""__coeff_21",-6.958287148531414
2,y,287,"y__fft_coefficient__attr_""real""__coeff_22",11.698386096200387
2,y,288,"y__fft_coefficient__attr_""real""__coeff_23",-7.616632151427146
2,y,289,"y__fft_coefficient__attr_""real""__coeff_24",11.00203754838612
2,y,290,"y__fft_coefficient__attr_""real""__coeff_25",0.1205536488920958
2,y,291,"y__fft_coefficient__attr_""real""__coeff_26",-7.63061497401423
2,y,292,"y__fft_coefficient__attr_""real""__coeff_27",-1.0856336068250854
2,y,293,"y__fft_coefficient__attr_""real""__coeff_28",20.340959829366632
2,y,294,"y__fft_coefficient__attr_""real""__coeff_29",-9.107212565725446
2,y,295,"y__fft_coefficient__attr_""real""__coeff_30",-16.58908465513104
2,y,296,"y__fft_coefficient__attr_""real""__coeff_31",-13.31634138303816
2,y,297,"y__fft_coefficient__attr_""real""__coeff_32",23.495128496819525
2,y,298,"y__fft_coefficient__attr_""real""__coeff_33",-6.850704071977439
2,y,299,"y__fft_coefficient__attr_""real""__coeff_34",2.0287640962934783
2,y,300,"y__fft_coefficient__attr_""real""__coeff_35",9.707767741888059
2,y,301,"y__fft_coefficient__attr_""real""__coeff_36",-20.401109677522513
2,y,302,"y__fft_coefficient__attr_""real""__coeff_37",6.343518096038384
2,y,303,"y__fft_coefficient__attr_""real""__coeff_38",15.574897170733337
2,y,304,"y__fft_coefficient__attr_""real""__coeff_39",9.756989965011797
2,y,305,"y__fft_coefficient__attr_""real""__coeff_40",1.3121271205436411
2,y,306,"y__fft_coefficient__attr_""real""__coeff_41",-7.445107933443986
2,y,307,"y__fft_coefficient__attr_""real""__coeff_42",-16.68347584437392
2,y,308,"y__fft_coefficient__attr_""real""__coeff_43",18.778088126121585
2,y,309,"y__fft_coefficient__attr_""real""__coeff_44",10.30604269361896
2,y,310,"y__fft_coefficient__attr_""real""__coeff_45",-25.288684303740293
2,y,311,"y__fft_coefficient__attr_""real""__coeff_46",2.3299860383641007
2,y,312,"y__fft_coefficient__attr_""real""__coeff_47",0.5870865421145961
2,y,313,"y__fft_coefficient__attr_""real""__coeff_48",-5.982296529138014
2,y,314,"y__fft_coefficient__attr_""real""__coeff_49",1.301056065070512
2,y,315,"y__fft_coefficient__attr_""real""__coeff_50",-6.754943520819739
2,y,316,"y__fft_coefficient__attr_""real""__coeff_51",8.238140721259422
2,y,317,"y__fft_coefficient__attr_""real""__coeff_52",4.131634629128747
2,y,318,"y__fft_coefficient__attr_""real""__coeff_53",17.810980333348617
2,y,319,"y__fft_coefficient__attr_""real""__coeff_54",-3.594913282398287
2,y,320,"y__fft_coefficient__attr_""real""__coeff_55",-25.998895804348727
2,y,321,"y__fft_coefficient__attr_""real""__coeff_56",24.773998737508812
2,y,322,"y__fft_coefficient__attr_""real""__coeff_57",26.366874133455603
2,y,323,"y__fft_coefficient__attr_""real""__coeff_58",-27.944628005336206
2,y,324,"y__fft_coefficient__attr_""real""__coeff_59",-7.981635389073507
2,y,325,"y__fft_coefficient__attr_""real""__coeff_60",-0.5431098081093436
2,y,326,"y__fft_coefficient__attr_""real""__coeff_61",11.073629504924163
2,y,327,"y__fft_coefficient__attr_""real""__coeff_62",-6.533370784740098
2,y,328,"y__fft_coefficient__attr_""real""__coeff_63",-12.868827561046679
2,y,329,"y__fft_coefficient__attr_""real""__coeff_64",0.8107109507714236
2,y,330,"y__fft_coefficient__attr_""real""__coeff_65",0.4646099811941943
2,y,331,"y__fft_coefficient__attr_""real""__coeff_66",17.530312987899702
2,y,332,"y__fft_coefficient__attr_""real""__coeff_67",-3.950445290384768
2,y,333,"y__fft_coefficient__attr_""real""__coeff_68",-1.5509229975449244
2,y,334,"y__fft_coefficient__attr_""real""__coeff_69",10.140404335896037
2,y,335,"y__fft_coefficient__attr_""real""__coeff_70",-6.070879730195882
2,y,336,"y__fft_coefficient__attr_""real""__coeff_71",-13.664810836696642
2,y,337,"y__fft_coefficient__attr_""real""__coeff_72",36.13688994438073
2,y,338,"y__fft_coefficient__attr_""real""__coeff_73",2.843361345410684
2,y,339,"y__fft_coefficient__attr_""real""__coeff_74",-32.6059693805592
2,y,340,"y__fft_coefficient__attr_""real""__coeff_75",-6.649156230381761
2,y,341,"y__fft_coefficient__attr_""real""__coeff_76",20.607541002945943
2,y,342,"y__fft_coefficient__attr_""real""__coeff_77",-11.636991004915881
2,y,343,"y__fft_coefficient__attr_""real""__coeff_78",13.208049397309846
2,y,344,"y__fft_coefficient__attr_""real""__coeff_79",-5.0600043372553625
2,y,345,"y__fft_coefficient__attr_""real""__coeff_80",-10.417415856794381
2,y,346,"y__fft_coefficient__attr_""real""__coeff_81",7.031392890810478
2,y,347,"y__fft_coefficient__attr_""real""__coeff_82",-10.141031292424188
2,y,348,"y__fft_coefficient__attr_""real""__coeff_83",18.034675558221984
2,y,349,"y__fft_coefficient__attr_""real""__coeff_84",4.760788369206064
2,y,350,"y__fft_coefficient__attr_""real""__coeff_85",6.935980625058219
2,y,351,"y__fft_coefficient__attr_""real""__coeff_86",-15.838081172823435
2,y,352,"y__fft_coefficient__attr_""real""__coeff_87",13.810776022400546
2,y,353,"y__fft_coefficient__attr_""real""__coeff_88",-10.079387310307267
2,y,354,"y__fft_coefficient__attr_""real""__coeff_89",-1.5368193325134105
2,y,355,"y__fft_coefficient__attr_""real""__coeff_90",13.660281543962519
2,y,356,"y__fft_coefficient__attr_""real""__coeff_91",-3.296139801064985
2,y,357,"y__fft_coefficient__attr_""real""__coeff_92",-27.809564079846695
2,y,358,"y__fft_coefficient__attr_""real""__coeff_93",0.19379783643996706
2,y,359,"y__fft_coefficient__attr_""real""__coeff_94",5.098142116705541
2,y,360,"y__fft_coefficient__attr_""real""__coeff_95",-1.2939240151895552
2,y,361,"y__fft_coefficient__attr_""real""__coeff_96",16.69268338283637
2,y,362,"y__fft_coefficient__attr_""real""__coeff_97",-20.876817887079554
2,y,363,"y__fft_coefficient__attr_""real""__coeff_98",3.7843066962687315
2,y,364,"y__fft_coefficient__attr_""real""__coeff_99",6.730886519382841
2,y,365,"y__fft_coefficient__attr_""imag""__coeff_0",0.0
2,y,366,"y__fft_coefficient__attr_""imag""__coeff_1",12.38084056175979
2,y,367,"y__fft_coefficient__attr_""imag""__coeff_2",-7.231062442864695
2,y,368,"y__fft_coefficient__attr_""imag""__coeff_3",1.3227530463488013
2,y,369,"y__fft_coefficient__attr_""imag""__coeff_4",1.0842326719222346
2,y,370,"y__fft_coefficient__attr_""imag""__coeff_5",17.08107802078276
2,y,371,"y__fft_coefficient__attr_""imag""__coeff_6",-0.8660452230798432
2,y,372,"y__fft_coefficient__attr_""imag""__coeff_7",12.83110479172087
2,y,373,"y__fft_coefficient__attr_""imag""__coeff_8",-35.62739672579713
2,y,374,"y__fft_coefficient__attr_""imag""__coeff_9",10.943578279710081
2,y,375,"y__fft_coefficient__attr_""imag""__coeff_10",-6.046490857348787
2,y,376,"y__fft_coefficient__attr_""imag""__coeff_11",17.031241088122208
2,y,377,"y__fft_coefficient__attr_""imag""__coeff_12",-9.13394627289821
2,y,378,"y__fft_coefficient__attr_""imag""__coeff_13",-18.84948930832799
2,y,379,"y__fft_coefficient__attr_""imag""__coeff_14",-6.400560024531851
2,y,380,"y__fft_coefficient__attr_""imag""__coeff_15",7.565483502799532
2,y,381,"y__fft_coefficient__attr_""imag""__coeff_16",23.62346288503944
2,y,382,"y__fft_coefficient__attr_""imag""__coeff_17",-14.67804081518026
2,y,383,"y__fft_coefficient__attr_""imag""__coeff_18",-12.585931545904048
2,y,384,"y__fft_coefficient__attr_""imag""__coeff_19",12.266904465500488
2,y,385,"y__fft_coefficient__attr_""imag""__coeff_20",22.488778804824868
2,y,386,"y__fft_coefficient__attr_""imag""__coeff_21",-25.866666139592432
2,y,387,"y__fft_coefficient__attr_""imag""__coeff_22",15.516435300713757
2,y,388,"y__fft_coefficient__attr_""imag""__coeff_23",0.8949773628553039
2,y,389,"y__fft_coefficient__attr_""imag""__coeff_24",-1.2429325040887749
2,y,390,"y__fft_coefficient__attr_""imag""__coeff_25",-21.888057554333106
2,y,391,"y__fft_coefficient__attr_""imag""__coeff_26",15.512228905880399
2,y,392,"y__fft_coefficient__attr_""imag""__coeff_27",4.858326089987544
2,y,393,"y__fft_coefficient__attr_""imag""__coeff_28",-12.375861938869399
2,y,394,"y__fft_coefficient__attr_""imag""__coeff_29",-15.860281745727498
2,y,395,"y__fft_coefficient__attr_""imag""__coeff_30",-1.5728162503627547
2,y,396,"y__fft_coefficient__attr_""imag""__coeff_31",20.103458011598782
2,y,397,"y__fft_coefficient__attr_""imag""__coeff_32",-6.007894484666348
2,y,398,"y__fft_coefficient__attr_""imag""__coeff_33",9.049466190918283
2,y,399,"y__fft_coefficient__attr_""imag""__coeff_34",-19.61953386918094
2,y,400,"y__fft_coefficient__attr_""imag""__coeff_35",11.342321388849127
2,y,401,"y__fft_coefficient__attr_""imag""__coeff_36",13.574947829411713
2,y,402,"y__fft_coefficient__attr_""imag""__coeff_37",-20.345778288909237
2,y,403,"y__fft_coefficient__attr_""imag""__coeff_38",11.836277149767902
2,y,404,"y__fft_coefficient__attr_""imag""__coeff_39",24.31734722794439
2,y,405,"y__fft_coefficient__attr_""imag""__coeff_40",-32.23450842902342
2,y,406,"y__fft_coefficient__attr_""imag""__coeff_41",-7.468434494074161
2,y,407,"y__fft_coefficient__attr_""imag""__coeff_42",4.030742005110082
2,y,408,"y__fft_coefficient__attr_""imag""__coeff_43",1.4107696351253727
2,y,409,"y__fft_coefficient__attr_""imag""__coeff_44",14.592060463747519
2,y,410,"y__fft_coefficient__attr_""imag""__coeff_45",0.5905364805054545
2,y,411,"y__fft_coefficient__attr_""imag""__coeff_46",-18.86655432636168
2,y,412,"y__fft_coefficient__attr_""imag""__coeff_47",-19.535205214708775
2,y,413,"y__fft_coefficient__attr_""imag""__coeff_48",31.168824442285807
2,y,414,"y__fft_coefficient__attr_""imag""__coeff_49",25.970339955445016
2,y,415,"y__fft_coefficient__attr_""imag""__coeff_50",-3773.053216973631
2,y,416,"y__fft_coefficient__attr_""imag""__coeff_51",1.4257907849817901
2,y,417,"y__fft_coefficient__attr_""imag""__coeff_52",-1.3152530317377942
2,y,418,"y__fft_coefficient__attr_""imag""__coeff_53",2.9502253506325227
2,y,419,"y__fft_coefficient__attr_""imag""__coeff_54",16.66203957464885
2,y,420,"y__fft_coefficient__attr_""imag""__coeff_55",-8.100381265541884
2,y,421,"y__fft_coefficient__attr_""imag""__coeff_56",-17.17857181934757
2,y,422,"y__fft_coefficient__attr_""imag""__coeff_57",5.875496729631994
2,y,423,"y__fft_coefficient__attr_""imag""__coeff_58",-0.4490364047495743
2,y,424,"y__fft_coefficient__attr_""imag""__coeff_59",-5.4690853066243035
2,y,425,"y__fft_coefficient__attr_""imag""__coeff_60",22.81668752221603
2,y,426,"y__fft_coefficient__attr_""imag""__coeff_61",-25.58060574431547
2,y,427,"y__fft_coefficient__attr_""imag""__coeff_62",-7.152496312743178
2,y,428,"y__fft_coefficient__attr_""imag""__coeff_63",24.922711017730542
2,y,429,"y__fft_coefficient__attr_""imag""__coeff_64",6.283268503358986
2,y,430,"y__fft_coefficient__attr_""imag""__coeff_65",-10.58708990326621
2,y,431,"y__fft_coefficient__attr_""imag""__coeff_66",10.43331347761846
2,y,432,"y__fft_coefficient__attr_""imag""__coeff_67",-1.9204831961364244
2,y,433,"y__fft_coefficient__attr_""imag""__coeff_68",4.218543714152552
2,y,434,"y__fft_coefficient__attr_""imag""__coeff_69",-7.187514766940232
2,y,435,"y__fft_coefficient__attr_""imag""__coeff_70",5.811998922911329
2,y,436,"y__fft_coefficient__attr_""imag""__coeff_71",-0.9431617547012214
2,y,437,"y__fft_coefficient__attr_""imag""__coeff_72",4.938126583247011
2,y,438,"y__fft_coefficient__attr_""imag""__coeff_73",-11.021901144924263
2,y,439,"y__fft_coefficient__attr_""imag""__coeff_74",-25.667072950309056
2,y,440,"y__fft_coefficient__attr_""imag""__coeff_75",29.835817666996114
2,y,441,"y__fft_coefficient__attr_""imag""__coeff_76",5.539851335632472
2,y,442,"y__fft_coefficient__attr_""imag""__coeff_77",-12.204173269851882
2,y,443,"y__fft_coefficient__attr_""imag""__coeff_78",4.844428443557515
2,y,444,"y__fft_coefficient__attr_""imag""__coeff_79",9.864664491452572
2,y,445,"y__fft_coefficient__attr_""imag""__coeff_80",-16.601087535973885
2,y,446,"y__fft_coefficient__attr_""imag""__coeff_81",6.429412271361617
2,y,447,"y__fft_coefficient__attr_""imag""__coeff_82",13.257242991354723
2,y,448,"y__fft_coefficient__attr_""imag""__coeff_83",17.259854780644694
2,y,449,"y__fft_coefficient__attr_""imag""__coeff_84",-23.285329927144765
2,y,450,"y__fft_coefficient__attr_""imag""__coeff_85",-5.1840264818976936
2,y,451,"y__fft_coefficient__attr_""imag""__coeff_86",5.9069345055025115
2,y,452,"y__fft_coefficient__attr_""imag""__coeff_87",7.209057339577182
2,y,453,"y__fft_coefficient__attr_""imag""__coeff_88",7.199013111762356
2,y,454,"y__fft_coefficient__attr_""imag""__coeff_89",-15.996137153388602
2,y,455,"y__fft_coefficient__attr_""imag""__coeff_90",-2.7426401454729774
2,y,456,"y__fft_coefficient__attr_""imag""__coeff_91",-13.496092078617332
2,y,457,"y__fft_coefficient__attr_""imag""__coeff_92",32.990362688841174
2,y,458,"y__fft_coefficient__attr_""imag""__coeff_93",-10.562021957856011
2,y,459,"y__fft_coefficient__attr_""imag""__coeff_94",-12.908532570294
2,y,460,"y__fft_coefficient__attr_""imag""__coeff_95",8.116322557607422
2,y,461,"y__fft_coefficient__attr_""imag""__coeff_96",13.871076652716749
2,y,462,"y__fft_coefficient__attr_""imag""__coeff_97",-5.626099706247706
2,y,463,"y__fft_coefficient__attr_""imag""__coeff_98",-3.147737296661794
2,y,464,"y__fft_coefficient__attr_""imag""__coeff_99",-3.756239285581668
2,y,465,"y__fft_coefficient__attr_""abs""__coeff_0",47.054791088348246
2,y,466,"y__fft_coefficient__attr_""abs""__coeff_1",16.09533312430187
2,y,467,"y__fft_coefficient__attr_""abs""__coeff_2",11.986229149240302
2,y,468,"y__fft_coefficient__attr_""abs""__coeff_3",26.446827842814706
2,y,469,"y__fft_coefficient__attr_""abs""__coeff_4",11.325813735546307
2,y,470,"y__fft_coefficient__attr_""abs""__coeff_5",26.115507609707265
2,y,471,"y__fft_coefficient__attr_""abs""__coeff_6",6.024808466971946
2,y,472,"y__fft_coefficient__attr_""abs""__coeff_7",15.627525687300382
2,y,473,"y__fft_coefficient__attr_""abs""__coeff_8",36.24012463044902
2,y,474,"y__fft_coefficient__attr_""abs""__coeff_9",14.295245412186002
2,y,475,"y__fft_coefficient__attr_""abs""__coeff_10",8.158523582877796
2,y,476,"y__fft_coefficient__attr_""abs""__coeff_11",17.03508264882846
2,y,477,"y__fft_coefficient__attr_""abs""__coeff_12",14.974471349792754
2,y,478,"y__fft_coefficient__attr_""abs""__coeff_13",30.63340728913814
2,y,479,"y__fft_coefficient__attr_""abs""__coeff_14",24.496226156086625
2,y,480,"y__fft_coefficient__attr_""abs""__coeff_15",12.537936013431953
2,y,481,"y__fft_coefficient__attr_""abs""__coeff_16",23.656152416131004
2,y,482,"y__fft_coefficient__attr_""abs""__coeff_17",24.910955318446884
2,y,483,"y__fft_coefficient__attr_""abs""__coeff_18",34.66506268960466
2,y,484,"y__fft_coefficient__attr_""abs""__coeff_19",19.313451592071356
2,y,485,"y__fft_coefficient__attr_""abs""__coeff_20",23.335463356261155
2,y,486,"y__fft_coefficient__attr_""abs""__coeff_21",26.786231112617447
2,y,487,"y__fft_coefficient__attr_""abs""__coeff_22",19.43224129371109
2,y,488,"y__fft_coefficient__attr_""abs""__coeff_23",7.669033173104491
2,y,489,"y__fft_coefficient__attr_""abs""__coeff_24",11.072023817975575
2,y,490,"y__fft_coefficient__attr_""abs""__coeff_25",21.88838954066881
2,y,491,"y__fft_coefficient__attr_""abs""__coeff_26",17.287438517897368
2,y,492,"y__fft_coefficient__attr_""abs""__coeff_27",4.97814551062157
2,y,493,"y__fft_coefficient__attr_""abs""__coeff_28",23.810010615492452
2,y,494,"y__fft_coefficient__attr_""abs""__coeff_29",18.289063884495683
2,y,495,"y__fft_coefficient__attr_""abs""__coeff_30",16.663477447775097
2,y,496,"y__fft_coefficient__attr_""abs""__coeff_31",24.113771414976338
2,y,497,"y__fft_coefficient__attr_""abs""__coeff_32",24.251100165166637
2,y,498,"y__fft_coefficient__attr_""abs""__coeff_33",11.350109454202691
2,y,499,"y__fft_coefficient__attr_""abs""__coeff_34",19.72414745945557
2,y,500,"y__fft_coefficient__attr_""abs""__coeff_35",14.929467807607436
2,y,501,"y__fft_coefficient__attr_""abs""__coeff_36",24.504784933672696
2,y,502,"y__fft_coefficient__attr_""abs""__coeff_37",21.311755348075316
2,y,503,"y__fft_coefficient__attr_""abs""__coeff_38",19.56207756464111
2,y,504,"y__fft_coefficient__attr_""abs""__coeff_39",26.201760043587825
2,y,505,"y__fft_coefficient__attr_""abs""__coeff_40",32.26120287963931
2,y,506,"y__fft_coefficient__attr_""abs""__coeff_41",10.545479881584686
2,y,507,"y__fft_coefficient__attr_""abs""__coeff_42",17.16348587442443
2,y,508,"y__fft_coefficient__attr_""abs""__coeff_43",18.83100806212403
2,y,509,"y__fft_coefficient__attr_""abs""__coeff_44",17.864566733631136
2,y,510,"y__fft_coefficient__attr_""abs""__coeff_45",25.295578411039518
2,y,511,"y__fft_coefficient__attr_""abs""__coeff_46",19.009884457527043
2,y,512,"y__fft_coefficient__attr_""abs""__coeff_47",19.544025004812006
2,y,513,"y__fft_coefficient__attr_""abs""__coeff_48",31.737729737279096
2,y,514,"y__fft_coefficient__attr_""abs""__coeff_49",26.00290953500859
2,y,515,"y__fft_coefficient__attr_""abs""__coeff_50",3773.0592636979654
2,y,516,"y__fft_coefficient__attr_""abs""__coeff_51",8.360612531735441
2,y,517,"y__fft_coefficient__attr_""abs""__coeff_52",4.335930724321054
2,y,518,"y__fft_coefficient__attr_""abs""__coeff_53",18.053665834241144
2,y,519,"y__fft_coefficient__attr_""abs""__coeff_54",17.04543822537655
2,y,520,"y__fft_coefficient__attr_""abs""__coeff_55",27.231576518676327
2,y,521,"y__fft_coefficient__attr_""abs""__coeff_56",30.147211201014443
2,y,522,"y__fft_coefficient__attr_""abs""__coeff_57",27.013580166083255
2,y,523,"y__fft_coefficient__attr_""abs""__coeff_58",27.948235508693763
2,y,524,"y__fft_coefficient__attr_""abs""__coeff_59",9.675608382693278
2,y,525,"y__fft_coefficient__attr_""abs""__coeff_60",22.823150478190193
2,y,526,"y__fft_coefficient__attr_""abs""__coeff_61",27.87458808051578
2,y,527,"y__fft_coefficient__attr_""abs""__coeff_62",9.687266761821945
2,y,528,"y__fft_coefficient__attr_""abs""__coeff_63",28.049032911479532
2,y,529,"y__fft_coefficient__attr_""abs""__coeff_64",6.335354396638263
2,y,530,"y__fft_coefficient__attr_""abs""__coeff_65",10.597279606317208
2,y,531,"y__fft_coefficient__attr_""abs""__coeff_66",20.400144694976554
2,y,532,"y__fft_coefficient__attr_""abs""__coeff_67",4.392524752231406
2,y,533,"y__fft_coefficient__attr_""abs""__coeff_68",4.494604900603583
2,y,534,"y__fft_coefficient__attr_""abs""__coeff_69",12.429326957661186
2,y,535,"y__fft_coefficient__attr_""abs""__coeff_70",8.404457875343637
2,y,536,"y__fft_coefficient__attr_""abs""__coeff_71",13.697321245346956
2,y,537,"y__fft_coefficient__attr_""abs""__coeff_72",36.472728291210345
2,y,538,"y__fft_coefficient__attr_""abs""__coeff_73",11.382750484353876
2,y,539,"y__fft_coefficient__attr_""abs""__coeff_74",41.49635975700099
2,y,540,"y__fft_coefficient__attr_""abs""__coeff_75",30.567749253653957
2,y,541,"y__fft_coefficient__attr_""abs""__coeff_76",21.339182247898048
2,y,542,"y__fft_coefficient__attr_""abs""__coeff_77",16.863018853368466
2,y,543,"y__fft_coefficient__attr_""abs""__coeff_78",14.068441840748607
2,y,544,"y__fft_coefficient__attr_""abs""__coeff_79",11.08671499687659
2,y,545,"y__fft_coefficient__attr_""abs""__coeff_80",19.59894539281281
2,y,546,"y__fft_coefficient__attr_""abs""__coeff_81",9.52773992823458
2,y,547,"y__fft_coefficient__attr_""abs""__coeff_82",16.69116554964783
2,y,548,"y__fft_coefficient__attr_""abs""__coeff_83",24.963014832733503
2,y,549,"y__fft_coefficient__attr_""abs""__coeff_84",23.76702959379551
2,y,550,"y__fft_coefficient__attr_""abs""__coeff_85",8.659212308068186
2,y,551,"y__fft_coefficient__attr_""abs""__coeff_86",16.903747823759094
2,y,552,"y__fft_coefficient__attr_""abs""__coeff_87",15.579089898521847
2,y,553,"y__fft_coefficient__attr_""abs""__coeff_88",12.38627620935806
2,y,554,"y__fft_coefficient__attr_""abs""__coeff_89",16.069792079887222
2,y,555,"y__fft_coefficient__attr_""abs""__coeff_90",13.932887957199794
2,y,556,"y__fft_coefficient__attr_""abs""__coeff_91",13.892769305746146
2,y,557,"y__fft_coefficient__attr_""abs""__coeff_92",43.14783754317687
2,y,558,"y__fft_coefficient__attr_""abs""__coeff_93",10.56379976332576
2,y,559,"y__fft_coefficient__attr_""abs""__coeff_94",13.878806366560054
2,y,560,"y__fft_coefficient__attr_""abs""__coeff_95",8.218815682092606
2,y,561,"y__fft_coefficient__attr_""abs""__coeff_96",21.70374267321572
2,y,562,"y__fft_coefficient__attr_""abs""__coeff_97",21.621621655068456
2,y,563,"y__fft_coefficient__attr_""abs""__coeff_98",4.922319296857942
2,y,564,"y__fft_coefficient__attr_""abs""__coeff_99",7.708058569273895
2,y,565,"y__fft_coefficient__attr_""angle""__coeff_0",0.0
2,y,566,"y__fft_coefficient__attr_""angle""__coeff_1",129.7161674212016
2,y,567,"y__fft_coefficient__attr_""angle""__coeff_2",-142.894766035949
2,y,568,"y__fft_coefficient__attr_""angle""__coeff_3",177.13312307114495
2,y,569,"y__fft_coefficient__attr_""angle""__coeff_4",5.493400876756701
2,y,570,"y__fft_coefficient__attr_""angle""__coeff_5",40.848322970134625
2,y,571,"y__fft_coefficient__attr_""angle""__coeff_6",-8.264699410009563
2,y,572,"y__fft_coefficient__attr_""angle""__coeff_7",124.80915697347669
2,y,573,"y__fft_coefficient__attr_""angle""__coeff_8",-100.5509223060345
2,y,574,"y__fft_coefficient__attr_""angle""__coeff_9",49.95503250143288
2,y,575,"y__fft_coefficient__attr_""angle""__coeff_10",-47.82738968527384
2,y,576,"y__fft_coefficient__attr_""angle""__coeff_11",88.78317669244511
2,y,577,"y__fft_coefficient__attr_""angle""__coeff_12",-142.41282078985645
2,y,578,"y__fft_coefficient__attr_""angle""__coeff_13",-37.975510615247295
2,y,579,"y__fft_coefficient__attr_""angle""__coeff_14",-164.85352279223596
2,y,580,"y__fft_coefficient__attr_""angle""__coeff_15",142.88567277742422
2,y,581,"y__fft_coefficient__attr_""angle""__coeff_16",86.98754932376063
2,y,582,"y__fft_coefficient__attr_""angle""__coeff_17",-36.10169853674596
2,y,583,"y__fft_coefficient__attr_""angle""__coeff_18",-158.71098987772683
2,y,584,"y__fft_coefficient__attr_""angle""__coeff_19",39.43097878284598
2,y,585,"y__fft_coefficient__attr_""angle""__coeff_20",74.51853024687617
2,y,586,"y__fft_coefficient__attr_""angle""__coeff_21",-105.05647698362122
2,y,587,"y__fft_coefficient__attr_""angle""__coeff_22",52.986075231630274
2,y,588,"y__fft_coefficient__attr_""angle""__coeff_23",173.29830286385797
2,y,589,"y__fft_coefficient__attr_""angle""__coeff_24",-6.445544000252691
2,y,590,"y__fft_coefficient__attr_""angle""__coeff_25",-89.68443314685555
2,y,591,"y__fft_coefficient__attr_""angle""__coeff_26",116.19301775951581
2,y,592,"y__fft_coefficient__attr_""angle""__coeff_27",102.596282825619
2,y,593,"y__fft_coefficient__attr_""angle""__coeff_28",-31.31719866198526
2,y,594,"y__fft_coefficient__attr_""angle""__coeff_29",-119.86509122206552
2,y,595,"y__fft_coefficient__attr_""angle""__coeff_30",-174.5839589485471
2,y,596,"y__fft_coefficient__attr_""angle""__coeff_31",123.52011637445565
2,y,597,"y__fft_coefficient__attr_""angle""__coeff_32",-14.343639040127632
2,y,598,"y__fft_coefficient__attr_""angle""__coeff_33",127.12676054570399
2,y,599,"y__fft_coefficient__attr_""angle""__coeff_34",-84.09629426294973
2,y,600,"y__fft_coefficient__attr_""angle""__coeff_35",49.44014616211051
2,y,601,"y__fft_coefficient__attr_""angle""__coeff_36",146.36010958398407
2,y,602,"y__fft_coefficient__attr_""angle""__coeff_37",-72.6832800639208
2,y,603,"y__fft_coefficient__attr_""angle""__coeff_38",37.23333060814556
2,y,604,"y__fft_coefficient__attr_""angle""__coeff_39",68.13757739133162
2,y,605,"y__fft_coefficient__attr_""angle""__coeff_40",-87.66902402892221
2,y,606,"y__fft_coefficient__attr_""angle""__coeff_41",-134.9103826343574
2,y,607,"y__fft_coefficient__attr_""angle""__coeff_42",166.41757158254646
2,y,608,"y__fft_coefficient__attr_""angle""__coeff_43",4.296474709263388
2,y,609,"y__fft_coefficient__attr_""angle""__coeff_44",54.7673022908668
2,y,610,"y__fft_coefficient__attr_""angle""__coeff_45",178.66228312281675
2,y,611,"y__fft_coefficient__attr_""angle""__coeff_46",-82.95972064500559
2,y,612,"y__fft_coefficient__attr_""angle""__coeff_47",-88.27862265090988
2,y,613,"y__fft_coefficient__attr_""angle""__coeff_48",100.86477074260829
2,y,614,"y__fft_coefficient__attr_""angle""__coeff_49",87.13200707866979
2,y,615,"y__fft_coefficient__attr_""angle""__coeff_50",-90.10257722826357
2,y,616,"y__fft_coefficient__attr_""angle""__coeff_51",9.819022003976958
2,y,617,"y__fft_coefficient__attr_""angle""__coeff_52",-17.6582085391449
2,y,618,"y__fft_coefficient__attr_""angle""__coeff_53",9.405124471428932
2,y,619,"y__fft_coefficient__attr_""angle""__coeff_54",102.17520414994573
2,y,620,"y__fft_coefficient__attr_""angle""__coeff_55",-162.69472285000333
2,y,621,"y__fft_coefficient__attr_""angle""__coeff_56",-34.737878125911614
2,y,622,"y__fft_coefficient__attr_""angle""__coeff_57",12.562331804330428
2,y,623,"y__fft_coefficient__attr_""angle""__coeff_58",-179.07940528633463
2,y,624,"y__fft_coefficient__attr_""angle""__coeff_59",-145.58072210568764
2,y,625,"y__fft_coefficient__attr_""angle""__coeff_60",91.36356448486092
2,y,626,"y__fft_coefficient__attr_""angle""__coeff_61",-66.59261857328154
2,y,627,"y__fft_coefficient__attr_""angle""__coeff_62",-132.4098016286115
2,y,628,"y__fft_coefficient__attr_""angle""__coeff_63",117.30954274194829
2,y,629,"y__fft_coefficient__attr_""angle""__coeff_64",82.64791997098789
2,y,630,"y__fft_coefficient__attr_""angle""__coeff_65",-87.4872111111446
2,y,631,"y__fft_coefficient__attr_""angle""__coeff_66",30.759348887169235
2,y,632,"y__fft_coefficient__attr_""angle""__coeff_67",-154.07359868637448
2,y,633,"y__fft_coefficient__attr_""angle""__coeff_68",110.18565714206868
2,y,634,"y__fft_coefficient__attr_""angle""__coeff_69",-35.32899987691282
2,y,635,"y__fft_coefficient__attr_""angle""__coeff_70",136.24805041397101
2,y,636,"y__fft_coefficient__attr_""angle""__coeff_71",-176.0516380269947
2,y,637,"y__fft_coefficient__attr_""angle""__coeff_72",7.7813053211514065
2,y,638,"y__fft_coefficient__attr_""angle""__coeff_73",-75.53458095538149
2,y,639,"y__fft_coefficient__attr_""angle""__coeff_74",-141.79055433917253
2,y,640,"y__fft_coefficient__attr_""angle""__coeff_75",102.56352638818265
2,y,641,"y__fft_coefficient__attr_""angle""__coeff_76",15.046883911238146
2,y,642,"y__fft_coefficient__attr_""angle""__coeff_77",-133.63718814479432
2,y,643,"y__fft_coefficient__attr_""angle""__coeff_78",20.14195104071693
2,y,644,"y__fft_coefficient__attr_""angle""__coeff_79",117.1552093079499
2,y,645,"y__fft_coefficient__attr_""angle""__coeff_80",-122.1088491702201
2,y,646,"y__fft_coefficient__attr_""angle""__coeff_81",42.439381791218544
2,y,647,"y__fft_coefficient__attr_""angle""__coeff_82",127.41391765167205
2,y,648,"y__fft_coefficient__attr_""angle""__coeff_83",43.74238783136256
2,y,649,"y__fft_coefficient__attr_""angle""__coeff_84",-78.44487633076714
2,y,650,"y__fft_coefficient__attr_""angle""__coeff_85",-36.77483360639385
2,y,651,"y__fft_coefficient__attr_""angle""__coeff_86",159.54661167363423
2,y,652,"y__fft_coefficient__attr_""angle""__coeff_87",27.56401204216272
2,y,653,"y__fft_coefficient__attr_""angle""__coeff_88",144.4643896640782
2,y,654,"y__fft_coefficient__attr_""angle""__coeff_89",-95.4878144820478
2,y,655,"y__fft_coefficient__attr_""angle""__coeff_90",-11.352610860099977
2,y,656,"y__fft_coefficient__attr_""angle""__coeff_91",-103.72463060910204
2,y,657,"y__fft_coefficient__attr_""angle""__coeff_92",130.12955701262425
2,y,658,"y__fft_coefficient__attr_""angle""__coeff_93",-88.94882321779757
2,y,659,"y__fft_coefficient__attr_""angle""__coeff_94",-68.44877626861683
2,y,660,"y__fft_coefficient__attr_""angle""__coeff_95",99.05800874604297
2,y,661,"y__fft_coefficient__attr_""angle""__coeff_96",39.725478423755206
2,y,662,"y__fft_coefficient__attr_""angle""__coeff_97",-164.9176482696404
2,y,663,"y__fft_coefficient__attr_""angle""__coeff_98",-39.75324538236339
2,y,664,"y__fft_coefficient__attr_""angle""__coeff_99",-29.16414355475496
2,y,665,"y__fft_aggregated__aggtype_""centroid""",674.7151340372255
2,y,666,"y__fft_aggregated__aggtype_""variance""",473571.7565071708
2,y,667,"y__fft_aggregated__aggtype_""skew""",1.0008084115927163
2,y,668,"y__fft_aggregated__aggtype_""kurtosis""",5.599005428858671
2,y,669,y__value_count__value_0,0.0
2,y,670,y__value_count__value_1,0.0
2,y,671,y__value_count__value_-1,0.0
2,y,672,y__range_count__max_1__min_-1,2161.0
2,y,673,y__range_count__max_0__min_-1000000000000.0,2499.0
2,y,674,y__range_count__max_1000000000000.0__min_0,2501.0
2,y,675,y__approximate_entropy__m_2__r_0.1,0.4290710415792396
2,y,676,y__approximate_entropy__m_2__r_0.3,0.1677871941511766
2,y,677,y__approximate_entropy__m_2__r_0.5,0.09339446228869863
2,y,678,y__approximate_entropy__m_2__r_0.7,0.062467202222116436
2,y,679,y__approximate_entropy__m_2__r_0.9,0.047181731792726334
2,y,680,y__friedrich_coefficients__coeff_0__m_3__r_30,-0.00943844869398177
2,y,681,y__friedrich_coefficients__coeff_1__m_3__r_30,-0.0019896162136453415
2,y,682,y__friedrich_coefficients__coeff_2__m_3__r_30,0.009824921901469883
2,y,683,y__friedrich_coefficients__coeff_3__m_3__r_30,0.002422995830169286
2,y,684,y__max_langevin_fixed_point__m_3__r_30,1.0348329271973211
2,y,685,"y__linear_trend__attr_""pvalue""",0.3562006627198788
2,y,686,"y__linear_trend__attr_""rvalue""",-0.01305064955886825
2,y,687,"y__linear_trend__attr_""intercept""",0.03372314625034524
2,y,688,"y__linear_trend__attr_""slope""",-9.726820577185673e-06
2,y,689,"y__linear_trend__attr_""stderr""",1.0541530349389713e-05
2,y,690,"y__agg_linear_trend__attr_""rvalue""__chunk_len_5__f_agg_""max""",-0.013396516982460856
2,y,691,"y__agg_linear_trend__attr_""rvalue""__chunk_len_5__f_agg_""min""",-0.010577966219106597
2,y,692,"y__agg_linear_trend__attr_""rvalue""__chunk_len_5__f_agg_""mean""",-0.013125475429568986
2,y,693,"y__agg_linear_trend__attr_""rvalue""__chunk_len_5__f_agg_""var""",-0.007717623642899262
2,y,694,"y__agg_linear_trend__attr_""rvalue""__chunk_len_10__f_agg_""max""",-0.01153645249511757
2,y,695,"y__agg_linear_trend__attr_""rvalue""__chunk_len_10__f_agg_""min""",-0.011072839051690939
2,y,696,"y__agg_linear_trend__attr_""rvalue""__chunk_len_10__f_agg_""mean""",-0.013280115271946571
2,y,697,"y__agg_linear_trend__attr_""rvalue""__chunk_len_10__f_agg_""var""",0.001678645088394649
2,y,698,"y__agg_linear_trend__attr_""rvalue""__chunk_len_50__f_agg_""max""",-0.015002013862377126
2,y,699,"y__agg_linear_trend__attr_""rvalue""__chunk_len_50__f_agg_""min""",-0.020629053912312838
2,y,700,"y__agg_linear_trend__attr_""rvalue""__chunk_len_50__f_agg_""mean""",-0.014367313176789924
2,y,701,"y__agg_linear_trend__attr_""rvalue""__chunk_len_50__f_agg_""var""",0.02758810710423605
2,y,702,"y__agg_linear_trend__attr_""intercept""__chunk_len_5__f_agg_""max""",0.16343638235258923
2,y,703,"y__agg_linear_trend__attr_""intercept""__chunk_len_5__f_agg_""min""",-0.10371038294647063
2,y,704,"y__agg_linear_trend__attr_""intercept""__chunk_len_5__f_agg_""mean""",0.03370474145210587
2,y,705,"y__agg_linear_trend__attr_""intercept""__chunk_len_5__f_agg_""var""",0.013455484079821745
2,y,706,"y__agg_linear_trend__attr_""intercept""__chunk_len_10__f_agg_""max""",0.30296249998841895
2,y,707,"y__agg_linear_trend__attr_""intercept""__chunk_len_10__f_agg_""min""",-0.2517240198415671
2,y,708,"y__agg_linear_trend__attr_""intercept""__chunk_len_10__f_agg_""mean""",0.03367685133213324
2,y,709,"y__agg_linear_trend__attr_""intercept""__chunk_len_10__f_agg_""var""",0.03978132738867985
2,y,710,"y__agg_linear_trend__attr_""intercept""__chunk_len_50__f_agg_""max""",0.7892423064376035
2,y,711,"y__agg_linear_trend__attr_""intercept""__chunk_len_50__f_agg_""min""",-0.7345998925645275
2,y,712,"y__agg_linear_trend__attr_""intercept""__chunk_len_50__f_agg_""mean""",0.03345907254573313
2,y,713,"y__agg_linear_trend__attr_""intercept""__chunk_len_50__f_agg_""var""",0.20351354552172748
2,y,714,"y__agg_linear_trend__attr_""slope""__chunk_len_5__f_agg_""max""",-4.969439949611721e-05
2,y,715,"y__agg_linear_trend__attr_""slope""__chunk_len_5__f_agg_""min""",-3.9136867023209995e-05
2,y,716,"y__agg_linear_trend__attr_""slope""__chunk_len_5__f_agg_""mean""",-4.8636202671543976e-05
2,y,717,"y__agg_linear_trend__attr_""slope""__chunk_len_5__f_agg_""var""",-7.927659145351855e-07
2,y,718,"y__agg_linear_trend__attr_""slope""__chunk_len_10__f_agg_""max""",-8.395996613751411e-05
2,y,719,"y__agg_linear_trend__attr_""slope""__chunk_len_10__f_agg_""min""",-8.034433294407792e-05
2,y,720,"y__agg_linear_trend__attr_""slope""__chunk_len_10__f_agg_""mean""",-9.72580886351246e-05
2,y,721,"y__agg_linear_trend__attr_""slope""__chunk_len_10__f_agg_""var""",4.1244462026646914e-07
2,y,722,"y__agg_linear_trend__attr_""slope""__chunk_len_50__f_agg_""max""",-0.00039740242277539503
2,y,723,"y__agg_linear_trend__attr_""slope""__chunk_len_50__f_agg_""min""",-0.0005468241980704421
2,y,724,"y__agg_linear_trend__attr_""slope""__chunk_len_50__f_agg_""mean""",-0.0004858204914760292
2,y,725,"y__agg_linear_trend__attr_""slope""__chunk_len_50__f_agg_""var""",2.0555893386151175e-05
2,y,726,"y__agg_linear_trend__attr_""stderr""__chunk_len_5__f_agg_""max""",0.00011741168025100732
2,y,727,"y__agg_linear_trend__attr_""stderr""__chunk_len_5__f_agg_""min""",0.00011711008914321398
2,y,728,"y__agg_linear_trend__attr_""stderr""__chunk_len_5__f_agg_""mean""",0.00011728485428715623
2,y,729,"y__agg_linear_trend__attr_""stderr""__chunk_len_5__f_agg_""var""",3.2514955835420095e-06
2,y,730,"y__agg_linear_trend__attr_""stderr""__chunk_len_10__f_agg_""max""",0.0003261042052915798
2,y,731,"y__agg_linear_trend__attr_""stderr""__chunk_len_10__f_agg_""min""",0.00032512844365046163
2,y,732,"y__agg_linear_trend__attr_""stderr""__chunk_len_10__f_agg_""mean""",0.0003281488710285167
2,y,733,"y__agg_linear_trend__attr_""stderr""__chunk_len_10__f_agg_""var""",1.1010105384579104e-05
2,y,734,"y__agg_linear_trend__attr_""stderr""__chunk_len_50__f_agg_""max""",0.0026755867306908886
2,y,735,"y__agg_linear_trend__attr_""stderr""__chunk_len_50__f_agg_""min""",0.002677089851037924
2,y,736,"y__agg_linear_trend__attr_""stderr""__chunk_len_50__f_agg_""mean""",0.0034154065306953416
2,y,737,"y__agg_linear_trend__attr_""stderr""__chunk_len_50__f_agg_""var""",7.523779875548126e-05
2,y,738,"y__augmented_dickey_fuller__attr_""teststat""__autolag_""AIC""",-26.992899663095525
2,y,739,"y__augmented_dickey_fuller__attr_""pvalue""__autolag_""AIC""",0.0
2,y,740,"y__augmented_dickey_fuller__attr_""usedlag""__autolag_""AIC""",32.0
2,y,741,y__number_crossing_m__m_0,99.0
2,y,742,y__number_crossing_m__m_-1,110.0
2,y,743,y__number_crossing_m__m_1,120.0
2,y,744,y__energy_ratio_by_chunks__num_segments_10__segment_focus_0,0.09554650322310611
2,y,745,y__energy_ratio_by_chunks__num_segments_10__segment_focus_1,0.0980041953151084
2,y,746,y__energy_ratio_by_chunks__num_segments_10__segment_focus_2,0.10173468044411019
2,y,747,y__energy_ratio_by_chunks__num_segments_10__segment_focus_3,0.10211943414076285
2,y,748,y__energy_ratio_by_chunks__num_segments_10__segment_focus_4,0.09862203587025097
2,y,749,y__energy_ratio_by_chunks__num_segments_10__segment_focus_5,0.10166112436347179
2,y,750,y__energy_ratio_by_chunks__num_segments_10__segment_focus_6,0.10594682911231551
2,y,751,y__energy_ratio_by_chunks__num_segments_10__segment_focus_7,0.10055720698543756
2,y,752,y__energy_ratio_by_chunks__num_segments_10__segment_focus_8,0.09825298337834766
2,y,753,y__energy_ratio_by_chunks__num_segments_10__segment_focus_9,0.09755500716708886
2,y,754,y__ratio_beyond_r_sigma__r_0.5,0.7824
2,y,755,y__ratio_beyond_r_sigma__r_1,0.522
2,y,756,y__ratio_beyond_r_sigma__r_1.5,0.0
2,y,757,y__ratio_beyond_r_sigma__r_2,0.0
2,y,758,y__ratio_beyond_r_sigma__r_2.5,0.0
2,y,759,y__ratio_beyond_r_sigma__r_3,0.0
2,y,760,y__ratio_beyond_r_sigma__r_5,0.0
2,y,761,y__ratio_beyond_r_sigma__r_6,0.0
2,y,762,y__ratio_beyond_r_sigma__r_7,0.0
2,y,763,y__ratio_beyond_r_sigma__r_10,0.0
2,y,764,y__count_above__t_0,0.5002
2,y,765,y__count_below__t_0,0.4998
2,y,766,y__lempel_ziv_complexity__bins_2,0.0388
2,y,767,y__lempel_ziv_complexity__bins_3,0.0566
2,y,768,y__lempel_ziv_complexity__bins_5,0.0858
2,y,769,y__lempel_ziv_complexity__bins_10,0.135
2,y,770,y__lempel_ziv_complexity__bins_100,0.378
2,y,771,y__fourier_entropy__bins_2,0.07998252574647073
2,y,772,y__fourier_entropy__bins_3,0.07998252574647073
2,y,773,y__fourier_entropy__bins_5,0.07998252574647073
2,y,774,y__fourier_entropy__bins_10,0.09072899366212879
2,y,775,y__fourier_entropy__bins_100,0.22636345757853585
2,y,776,y__permutation_entropy__dimension_3__tau_1,1.4302137172350962
2,y,777,y__permutation_entropy__dimension_4__tau_1,2.1204741052405858
2,y,778,y__permutation_entropy__dimension_5__tau_1,2.7780810579288144
2,y,779,y__permutation_entropy__dimension_6__tau_1,3.389062375010501
2,y,780,y__permutation_entropy__dimension_7__tau_1,3.8535645644395107
2,y,781,y__query_similarity_count__query_None__threshold_0.0,
2,y,782,y__mean_n_absolute_max__number_of_maxima_7,1.5677826960900456
23,y,0,y__variance_larger_than_standard_deviation,1.0
23,y,1,y__has_duplicate_max,0.0
23,y,2,y__has_duplicate_min,0.0
23,y,3,y__has_duplicate,0.0
23,y,4,y__sum_values,38.12752723161451
23,y,5,y__abs_energy,5726.527655009832
23,y,6,y__mean_abs_change,0.07164685349600933
23,y,7,y__mean_change,-1.5134318138429928e-05
23,y,8,y__mean_second_derivative_central,1.0146495424221691e-05
23,y,9,y__median,-0.0026388868950288336
23,y,10,y__mean,0.007625505446322902
23,y,11,y__length,5000.0
23,y,12,y__standard_deviation,1.0701623160383917
23,y,13,y__variation_coefficient,140.3398533476145
23,y,14,y__variance,1.1452473826686547
23,y,15,y__skewness,-0.004739230026089234
23,y,16,y__kurtosis,-1.5290409155805327
23,y,17,y__root_mean_square,1.0701894836906063
23,y,18,y__absolute_sum_of_changes,358.1626206265506
23,y,19,y__longest_strike_below_mean,51.0
23,y,20,y__longest_strike_above_mean,51.0
23,y,21,y__count_above_mean,2490.0
23,y,22,y__count_below_mean,2510.0
23,y,23,y__last_location_of_maximum,0.04520000000000002
23,y,24,y__first_location_of_maximum,0.045
23,y,25,y__last_location_of_minimum,0.19540000000000002
23,y,26,y__first_location_of_minimum,0.1952
23,y,27,y__percentage_of_reoccurring_values_to_all_values,0.0
23,y,28,y__percentage_of_reoccurring_datapoints_to_all_datapoints,0.0
23,y,29,y__sum_of_reoccurring_values,0.0
23,y,30,y__sum_of_reoccurring_data_points,0.0
23,y,31,y__ratio_value_number_to_time_series_length,1.0
23,y,32,y__sample_entropy,0.19642500165542068
23,y,33,y__maximum,1.573481059471842
23,y,34,y__absolute_maximum,1.576963870820271
23,y,35,y__minimum,-1.576963870820271
23,y,36,y__benford_correlation,0.8517136787747209
23,y,37,y__time_reversal_asymmetry_statistic__lag_1,-0.0006501069395238497
23,y,38,y__time_reversal_asymmetry_statistic__lag_2,-0.0030391234388194247
23,y,39,y__time_reversal_asymmetry_statistic__lag_3,-0.0037074523227644475
23,y,40,y__c3__lag_1,0.017855862391545952
23,y,41,y__c3__lag_2,0.017558786759607196
23,y,42,y__c3__lag_3,0.016728635099517067
23,y,43,y__cid_ce__normalize_True,7.245600362469209
23,y,44,y__cid_ce__normalize_False,7.753968464988661
23,y,45,y__symmetry_looking__r_0.0,0.0
23,y,46,y__symmetry_looking__r_0.05,1.0
23,y,47,y__symmetry_looking__r_0.1,1.0
23,y,48,y__symmetry_looking__r_0.15000000000000002,1.0
23,y,49,y__symmetry_looking__r_0.2,1.0
23,y,50,y__symmetry_looking__r_0.25,1.0
23,y,51,y__symmetry_looking__r_0.30000000000000004,1.0
23,y,52,y__symmetry_looking__r_0.35000000000000003,1.0
23,y,53,y__symmetry_looking__r_0.4,1.0
23,y,54,y__symmetry_looking__r_0.45,1.0
23,y,55,y__symmetry_looking__r_0.5,1.0
23,y,56,y__symmetry_looking__r_0.55,1.0
23,y,57,y__symmetry_looking__r_0.6000000000000001,1.0
23,y,58,y__symmetry_looking__r_0.65,1.0
23,y,59,y__symmetry_looking__r_0.7000000000000001,1.0
23,y,60,y__symmetry_looking__r_0.75,1.0
23,y,61,y__symmetry_looking__r_0.8,1.0
23,y,62,y__symmetry_looking__r_0.8500000000000001,1.0
23,y,63,y__symmetry_looking__r_0.9,1.0
23,y,64,y__symmetry_looking__r_0.9500000000000001,1.0
23,y,65,y__large_standard_deviation__r_0.05,1.0
23,y,66,y__large_standard_deviation__r_0.1,1.0
23,y,67,y__large_standard_deviation__r_0.15000000000000002,1.0
23,y,68,y__large_standard_deviation__r_0.2,1.0
23,y,69,y__large_standard_deviation__r_0.25,1.0
23,y,70,y__large_standard_deviation__r_0.30000000000000004,1.0
23,y,71,y__large_standard_deviation__r_0.35000000000000003,0.0
23,y,72,y__large_standard_deviation__r_0.4,0.0
23,y,73,y__large_standard_deviation__r_0.45,0.0
23,y,74,y__large_standard_deviation__r_0.5,0.0
23,y,75,y__large_standard_deviation__r_0.55,0.0
23,y,76,y__large_standard_deviation__r_0.6000000000000001,0.0
23,y,77,y__large_standard_deviation__r_0.65,0.0
23,y,78,y__large_standard_deviation__r_0.7000000000000001,0.0
23,y,79,y__large_standard_deviation__r_0.75,0.0
23,y,80,y__large_standard_deviation__r_0.8,0.0
23,y,81,y__large_standard_deviation__r_0.8500000000000001,0.0
23,y,82,y__large_standard_deviation__r_0.9,0.0
23,y,83,y__large_standard_deviation__r_0.9500000000000001,0.0
23,y,84,y__quantile__q_0.1,-1.4201455653535087
23,y,85,y__quantile__q_0.2,-1.2151839280227563
23,y,86,y__quantile__q_0.3,-0.9034806510484071
23,y,87,y__quantile__q_0.4,-0.4750618294871026
23,y,88,y__quantile__q_0.6,0.49819804891035724
23,y,89,y__quantile__q_0.7,0.9368771601822626
23,y,90,y__quantile__q_0.8,1.220344302336567
23,y,91,y__quantile__q_0.9,1.420775727291252
23,y,92,y__autocorrelation__lag_0,1.0
23,y,93,y__autocorrelation__lag_1,0.9949488655389706
23,y,94,y__autocorrelation__lag_2,0.9864376315626437
23,y,95,y__autocorrelation__lag_3,0.9750174947069008
23,y,96,y__autocorrelation__lag_4,0.9598361913192934
23,y,97,y__autocorrelation__lag_5,0.9413723425107136
23,y,98,y__autocorrelation__lag_6,0.9199896811499224
23,y,99,y__autocorrelation__lag_7,0.8951572135395948
23,y,100,y__autocorrelation__lag_8,0.8670171698959531
23,y,101,y__autocorrelation__lag_9,0.8355737194648358
23,y,102,"y__agg_autocorrelation__f_agg_""mean""__maxlag_40",0.21146691066222098
23,y,103,"y__agg_autocorrelation__f_agg_""median""__maxlag_40",0.278451324356938
23,y,104,"y__agg_autocorrelation__f_agg_""var""__maxlag_40",0.3482322505853911
23,y,105,y__partial_autocorrelation__lag_0,1.0
23,y,106,y__partial_autocorrelation__lag_1,0.9949488655389704
23,y,107,y__partial_autocorrelation__lag_2,-0.3459063446057376
23,y,108,y__partial_autocorrelation__lag_3,-0.19951336764130415
23,y,109,y__partial_autocorrelation__lag_4,-0.276423225559569
23,y,110,y__partial_autocorrelation__lag_5,-0.16185607719658868
23,y,111,y__partial_autocorrelation__lag_6,-0.11497974238628937
23,y,112,y__partial_autocorrelation__lag_7,-0.17382905059483109
23,y,113,y__partial_autocorrelation__lag_8,-0.14178097269795945
23,y,114,y__partial_autocorrelation__lag_9,-0.15589179463713349
23,y,115,y__number_cwt_peaks__n_1,410.0
23,y,116,y__number_cwt_peaks__n_5,309.0
23,y,117,y__number_peaks__n_1,599.0
23,y,118,y__number_peaks__n_3,106.0
23,y,119,y__number_peaks__n_5,72.0
23,y,120,y__number_peaks__n_10,61.0
23,y,121,y__number_peaks__n_50,49.0
23,y,122,y__binned_entropy__max_bins_10,2.2136976386549696
23,y,123,y__index_mass_quantile__q_0.1,0.1032
23,y,124,y__index_mass_quantile__q_0.2,0.2036
23,y,125,y__index_mass_quantile__q_0.3,0.3038
23,y,126,y__index_mass_quantile__q_0.4,0.4036
23,y,127,y__index_mass_quantile__q_0.6,0.6032
23,y,128,y__index_mass_quantile__q_0.7,0.6968
23,y,129,y__index_mass_quantile__q_0.8,0.7968
23,y,130,y__index_mass_quantile__q_0.9,0.8978
23,y,131,"y__cwt_coefficients__coeff_0__w_2__widths_(2, 5, 10, 20)",-0.19003163488062202
23,y,132,"y__cwt_coefficients__coeff_0__w_5__widths_(2, 5, 10, 20)",-0.8277225864806693
23,y,133,"y__cwt_coefficients__coeff_0__w_10__widths_(2, 5, 10, 20)",-1.7385073479162592
23,y,134,"y__cwt_coefficients__coeff_0__w_20__widths_(2, 5, 10, 20)",-0.46298897182370546
23,y,135,"y__cwt_coefficients__coeff_1__w_2__widths_(2, 5, 10, 20)",-0.20074797922429186
23,y,136,"y__cwt_coefficients__coeff_1__w_5__widths_(2, 5, 10, 20)",-0.8098689876047327
23,y,137,"y__cwt_coefficients__coeff_1__w_10__widths_(2, 5, 10, 20)",-1.633911530384175
23,y,138,"y__cwt_coefficients__coeff_1__w_20__widths_(2, 5, 10, 20)",-0.13412267850950924
23,y,139,"y__cwt_coefficients__coeff_2__w_2__widths_(2, 5, 10, 20)",-0.17617803039766475
23,y,140,"y__cwt_coefficients__coeff_2__w_5__widths_(2, 5, 10, 20)",-0.7551755017646402
23,y,141,"y__cwt_coefficients__coeff_2__w_10__widths_(2, 5, 10, 20)",-1.5024190088935097
23,y,142,"y__cwt_coefficients__coeff_2__w_20__widths_(2, 5, 10, 20)",0.21533286502227175
23,y,143,"y__cwt_coefficients__coeff_3__w_2__widths_(2, 5, 10, 20)",-0.12496984664817701
23,y,144,"y__cwt_coefficients__coeff_3__w_5__widths_(2, 5, 10, 20)",-0.6607605004685555
23,y,145,"y__cwt_coefficients__coeff_3__w_10__widths_(2, 5, 10, 20)",-1.334063724599767
23,y,146,"y__cwt_coefficients__coeff_3__w_20__widths_(2, 5, 10, 20)",0.5751461844213227
23,y,147,"y__cwt_coefficients__coeff_4__w_2__widths_(2, 5, 10, 20)",-0.06732456473037367
23,y,148,"y__cwt_coefficients__coeff_4__w_5__widths_(2, 5, 10, 20)",-0.544739567899038
23,y,149,"y__cwt_coefficients__coeff_4__w_10__widths_(2, 5, 10, 20)",-1.140725080248016
23,y,150,"y__cwt_coefficients__coeff_4__w_20__widths_(2, 5, 10, 20)",0.9529670575952606
23,y,151,"y__cwt_coefficients__coeff_5__w_2__widths_(2, 5, 10, 20)",-0.01878195608334703
23,y,152,"y__cwt_coefficients__coeff_5__w_5__widths_(2, 5, 10, 20)",-0.40445573336600865
23,y,153,"y__cwt_coefficients__coeff_5__w_10__widths_(2, 5, 10, 20)",-0.9204052695635422
23,y,154,"y__cwt_coefficients__coeff_5__w_20__widths_(2, 5, 10, 20)",1.3422040166465
23,y,155,"y__cwt_coefficients__coeff_6__w_2__widths_(2, 5, 10, 20)",0.01722066254409356
23,y,156,"y__cwt_coefficients__coeff_6__w_5__widths_(2, 5, 10, 20)",-0.25921690709544326
23,y,157,"y__cwt_coefficients__coeff_6__w_10__widths_(2, 5, 10, 20)",-0.6752223986832397
23,y,158,"y__cwt_coefficients__coeff_6__w_20__widths_(2, 5, 10, 20)",1.7491340915147444
23,y,159,"y__cwt_coefficients__coeff_7__w_2__widths_(2, 5, 10, 20)",0.04225060008646886
23,y,160,"y__cwt_coefficients__coeff_7__w_5__widths_(2, 5, 10, 20)",-0.11606353703531279
23,y,161,"y__cwt_coefficients__coeff_7__w_10__widths_(2, 5, 10, 20)",-0.4150314262847707
23,y,162,"y__cwt_coefficients__coeff_7__w_20__widths_(2, 5, 10, 20)",2.16825846451008
23,y,163,"y__cwt_coefficients__coeff_8__w_2__widths_(2, 5, 10, 20)",0.057887925008258456
23,y,164,"y__cwt_coefficients__coeff_8__w_5__widths_(2, 5, 10, 20)",0.016632812387850162
23,y,165,"y__cwt_coefficients__coeff_8__w_10__widths_(2, 5, 10, 20)",-0.1375387560475895
23,y,166,"y__cwt_coefficients__coeff_8__w_20__widths_(2, 5, 10, 20)",2.5799513877730176
23,y,167,"y__cwt_coefficients__coeff_9__w_2__widths_(2, 5, 10, 20)",0.06302748417916414
23,y,168,"y__cwt_coefficients__coeff_9__w_5__widths_(2, 5, 10, 20)",0.1320681511560815
23,y,169,"y__cwt_coefficients__coeff_9__w_10__widths_(2, 5, 10, 20)",0.14541422724529593
23,y,170,"y__cwt_coefficients__coeff_9__w_20__widths_(2, 5, 10, 20)",3.006593366178518
23,y,171,"y__cwt_coefficients__coeff_10__w_2__widths_(2, 5, 10, 20)",0.0526751207258205
23,y,172,"y__cwt_coefficients__coeff_10__w_5__widths_(2, 5, 10, 20)",0.23116234730515695
23,y,173,"y__cwt_coefficients__coeff_10__w_10__widths_(2, 5, 10, 20)",0.436278387456257
23,y,174,"y__cwt_coefficients__coeff_10__w_20__widths_(2, 5, 10, 20)",3.4294276482715595
23,y,175,"y__cwt_coefficients__coeff_11__w_2__widths_(2, 5, 10, 20)",0.03170470467073651
23,y,176,"y__cwt_coefficients__coeff_11__w_5__widths_(2, 5, 10, 20)",0.3099503615343181
23,y,177,"y__cwt_coefficients__coeff_11__w_10__widths_(2, 5, 10, 20)",0.7292476345997569
23,y,178,"y__cwt_coefficients__coeff_11__w_20__widths_(2, 5, 10, 20)",3.857032772984022
23,y,179,"y__cwt_coefficients__coeff_12__w_2__widths_(2, 5, 10, 20)",0.022783136928771843
23,y,180,"y__cwt_coefficients__coeff_12__w_5__widths_(2, 5, 10, 20)",0.3737482153559157
23,y,181,"y__cwt_coefficients__coeff_12__w_10__widths_(2, 5, 10, 20)",1.0150733335981494
23,y,182,"y__cwt_coefficients__coeff_12__w_20__widths_(2, 5, 10, 20)",4.286008320934708
23,y,183,"y__cwt_coefficients__coeff_13__w_2__widths_(2, 5, 10, 20)",0.039474939293405086
23,y,184,"y__cwt_coefficients__coeff_13__w_5__widths_(2, 5, 10, 20)",0.4234628985728165
23,y,185,"y__cwt_coefficients__coeff_13__w_10__widths_(2, 5, 10, 20)",1.29490353192342
23,y,186,"y__cwt_coefficients__coeff_13__w_20__widths_(2, 5, 10, 20)",4.689763993045182
23,y,187,"y__cwt_coefficients__coeff_14__w_2__widths_(2, 5, 10, 20)",0.0626789708015123
23,y,188,"y__cwt_coefficients__coeff_14__w_5__widths_(2, 5, 10, 20)",0.47005194762717023
23,y,189,"y__cwt_coefficients__coeff_14__w_10__widths_(2, 5, 10, 20)",1.5593692410625974
23,y,190,"y__cwt_coefficients__coeff_14__w_20__widths_(2, 5, 10, 20)",5.098870854754489
23,y,191,y__spkt_welch_density__coeff_2,127.58132866659805
23,y,192,y__spkt_welch_density__coeff_5,0.18627421630633859
23,y,193,y__spkt_welch_density__coeff_8,0.15865922118479123
23,y,194,y__ar_coefficient__coeff_0__k_10,0.00015967177599908884
23,y,195,y__ar_coefficient__coeff_1__k_10,1.0673432966934346
23,y,196,y__ar_coefficient__coeff_2__k_10,-0.07339158761839554
23,y,197,y__ar_coefficient__coeff_3__k_10,0.13132582950640653
23,y,198,y__ar_coefficient__coeff_4__k_10,-0.0613969609846203
23,y,199,y__ar_coefficient__coeff_5__k_10,-0.035475670529661135
23,y,200,y__ar_coefficient__coeff_6__k_10,0.07927389556488824
23,y,201,y__ar_coefficient__coeff_7__k_10,-0.008487140601601212
23,y,202,y__ar_coefficient__coeff_8__k_10,0.019555816400969827
23,y,203,y__ar_coefficient__coeff_9__k_10,-0.030101407279169917
23,y,204,y__ar_coefficient__coeff_10__k_10,-0.1120199576761184
23,y,205,"y__change_quantiles__f_agg_""mean""__isabs_False__qh_0.2__ql_0.0",-0.00016690882322919248
23,y,206,"y__change_quantiles__f_agg_""var""__isabs_False__qh_0.2__ql_0.0",0.002651496807101275
23,y,207,"y__change_quantiles__f_agg_""mean""__isabs_True__qh_0.2__ql_0.0",0.041461964649951125
23,y,208,"y__change_quantiles__f_agg_""var""__isabs_True__qh_0.2__ql_0.0",0.0009324301530227502
23,y,209,"y__change_quantiles__f_agg_""mean""__isabs_False__qh_0.4__ql_0.0",-0.0008256654800138704
23,y,210,"y__change_quantiles__f_agg_""var""__isabs_False__qh_0.4__ql_0.0",0.0054150779146200576
23,y,211,"y__change_quantiles__f_agg_""mean""__isabs_True__qh_0.4__ql_0.0",0.05971644192103377
23,y,212,"y__change_quantiles__f_agg_""var""__isabs_True__qh_0.4__ql_0.0",0.0018497062023967448
23,y,213,"y__change_quantiles__f_agg_""mean""__isabs_False__qh_0.6__ql_0.0",-0.00013903695213034079
23,y,214,"y__change_quantiles__f_agg_""var""__isabs_False__qh_0.6__ql_0.0",0.009823692879995235
23,y,215,"y__change_quantiles__f_agg_""mean""__isabs_True__qh_0.6__ql_0.0",0.07302170354753768
23,y,216,"y__change_quantiles__f_agg_""var""__isabs_True__qh_0.6__ql_0.0",0.004491543022284818
23,y,217,"y__change_quantiles__f_agg_""mean""__isabs_False__qh_0.8__ql_0.0",-0.0005035824456027156
23,y,218,"y__change_quantiles__f_agg_""var""__isabs_False__qh_0.8__ql_0.0",0.010383957022077514
23,y,219,"y__change_quantiles__f_agg_""mean""__isabs_True__qh_0.8__ql_0.0",0.07460430154196675
23,y,220,"y__change_quantiles__f_agg_""var""__isabs_True__qh_0.8__ql_0.0",0.004818408808792331
23,y,221,"y__change_quantiles__f_agg_""mean""__isabs_False__qh_1.0__ql_0.0",-1.5134318138429613e-05
23,y,222,"y__change_quantiles__f_agg_""var""__isabs_False__qh_1.0__ql_0.0",0.012027210604326809
23,y,223,"y__change_quantiles__f_agg_""mean""__isabs_True__qh_1.0__ql_0.0",0.07164685349600933
23,y,224,"y__change_quantiles__f_agg_""var""__isabs_True__qh_1.0__ql_0.0",0.006893939217495769
23,y,225,"y__change_quantiles__f_agg_""mean""__isabs_False__qh_0.4__ql_0.2",-0.0009446315246221203
23,y,226,"y__change_quantiles__f_agg_""var""__isabs_False__qh_0.4__ql_0.2",0.007577025457334648
23,y,227,"y__change_quantiles__f_agg_""mean""__isabs_True__qh_0.4__ql_0.2",0.07429820833161524
23,y,228,"y__change_quantiles__f_agg_""var""__isabs_True__qh_0.4__ql_0.2",0.002057694024763857
23,y,229,"y__change_quantiles__f_agg_""mean""__isabs_False__qh_0.6__ql_0.2",-0.0009170209889224453
23,y,230,"y__change_quantiles__f_agg_""var""__isabs_False__qh_0.6__ql_0.2",0.00904288951180963
23,y,231,"y__change_quantiles__f_agg_""mean""__isabs_True__qh_0.6__ql_0.2",0.08427865561092619
23,y,232,"y__change_quantiles__f_agg_""var""__isabs_True__qh_0.6__ql_0.2",0.001940838647718654
23,y,233,"y__change_quantiles__f_agg_""mean""__isabs_False__qh_0.8__ql_0.2",-0.0011527588912945393
23,y,234,"y__change_quantiles__f_agg_""var""__isabs_False__qh_0.8__ql_0.2",0.010078590655832708
23,y,235,"y__change_quantiles__f_agg_""mean""__isabs_True__qh_0.8__ql_0.2",0.08261568175493163
23,y,236,"y__change_quantiles__f_agg_""var""__isabs_True__qh_0.8__ql_0.2",0.0032545686370620266
23,y,237,"y__change_quantiles__f_agg_""mean""__isabs_False__qh_1.0__ql_0.2",-0.00035328993733044336
23,y,238,"y__change_quantiles__f_agg_""var""__isabs_False__qh_1.0__ql_0.2",0.012252301502876081
23,y,239,"y__change_quantiles__f_agg_""mean""__isabs_True__qh_1.0__ql_0.2",0.07665317290651957
23,y,240,"y__change_quantiles__f_agg_""var""__isabs_True__qh_1.0__ql_0.2",0.006376717400019115
23,y,241,"y__change_quantiles__f_agg_""mean""__isabs_False__qh_0.6__ql_0.4",-0.0013791803786060112
23,y,242,"y__change_quantiles__f_agg_""var""__isabs_False__qh_0.6__ql_0.4",0.009954326931954261
23,y,243,"y__change_quantiles__f_agg_""mean""__isabs_True__qh_0.6__ql_0.4",0.09109069234659159
23,y,244,"y__change_quantiles__f_agg_""var""__isabs_True__qh_0.6__ql_0.4",0.0016587148382895963
23,y,245,"y__change_quantiles__f_agg_""mean""__isabs_False__qh_0.8__ql_0.4",-0.0014986175880864047
23,y,246,"y__change_quantiles__f_agg_""var""__isabs_False__qh_0.8__ql_0.4",0.011061821569443964
23,y,247,"y__change_quantiles__f_agg_""mean""__isabs_True__qh_0.8__ql_0.4",0.08500149718554803
23,y,248,"y__change_quantiles__f_agg_""var""__isabs_True__qh_0.8__ql_0.4",0.003838812900334556
23,y,249,"y__change_quantiles__f_agg_""mean""__isabs_False__qh_1.0__ql_0.4",-0.00030506985200943375
23,y,250,"y__change_quantiles__f_agg_""var""__isabs_False__qh_1.0__ql_0.4",0.013601617000468299
23,y,251,"y__change_quantiles__f_agg_""mean""__isabs_True__qh_1.0__ql_0.4",0.07617094025563542
23,y,252,"y__change_quantiles__f_agg_""var""__isabs_True__qh_1.0__ql_0.4",0.0077996979286553275
23,y,253,"y__change_quantiles__f_agg_""mean""__isabs_False__qh_0.8__ql_0.6",-0.0013288746184505259
23,y,254,"y__change_quantiles__f_agg_""var""__isabs_False__qh_0.8__ql_0.6",0.007262203578550252
23,y,255,"y__change_quantiles__f_agg_""mean""__isabs_True__qh_0.8__ql_0.6",0.07227351503918497
23,y,256,"y__change_quantiles__f_agg_""var""__isabs_True__qh_0.8__ql_0.6",0.002040508510182518
23,y,257,"y__change_quantiles__f_agg_""mean""__isabs_False__qh_1.0__ql_0.6",-0.00023299506112157045
23,y,258,"y__change_quantiles__f_agg_""var""__isabs_False__qh_1.0__ql_0.6",0.005657733963501225
23,y,259,"y__change_quantiles__f_agg_""mean""__isabs_True__qh_1.0__ql_0.6",0.060172194997190113
23,y,260,"y__change_quantiles__f_agg_""var""__isabs_True__qh_1.0__ql_0.6",0.0020370951994198613
23,y,261,"y__change_quantiles__f_agg_""mean""__isabs_False__qh_1.0__ql_0.8",-0.0002840620719765772
23,y,262,"y__change_quantiles__f_agg_""var""__isabs_False__qh_1.0__ql_0.8",0.00266087679268946
23,y,263,"y__change_quantiles__f_agg_""mean""__isabs_True__qh_1.0__ql_0.8",0.04141728303481223
23,y,264,"y__change_quantiles__f_agg_""var""__isabs_True__qh_1.0__ql_0.8",0.0009455661499644511
23,y,265,"y__fft_coefficient__attr_""real""__coeff_0",38.12752723161445
23,y,266,"y__fft_coefficient__attr_""real""__coeff_1",-7.414822668749343
23,y,267,"y__fft_coefficient__attr_""real""__coeff_2",-9.093310332403561
23,y,268,"y__fft_coefficient__attr_""real""__coeff_3",-17.897413895008334
23,y,269,"y__fft_coefficient__attr_""real""__coeff_4",6.284976996516783
23,y,270,"y__fft_coefficient__attr_""real""__coeff_5",17.665731115887144
23,y,271,"y__fft_coefficient__attr_""real""__coeff_6",-2.2976474778437894
23,y,272,"y__fft_coefficient__attr_""real""__coeff_7",-0.14300512223333417
23,y,273,"y__fft_coefficient__attr_""real""__coeff_8",1.1801932651357212
23,y,274,"y__fft_coefficient__attr_""real""__coeff_9",-4.579535362969987
23,y,275,"y__fft_coefficient__attr_""real""__coeff_10",3.8059586192591484
23,y,276,"y__fft_coefficient__attr_""real""__coeff_11",10.32408691335715
23,y,277,"y__fft_coefficient__attr_""real""__coeff_12",-10.836322765869632
23,y,278,"y__fft_coefficient__attr_""real""__coeff_13",14.217524478660877
23,y,279,"y__fft_coefficient__attr_""real""__coeff_14",-18.96314170012807
23,y,280,"y__fft_coefficient__attr_""real""__coeff_15",-4.271863933686988
23,y,281,"y__fft_coefficient__attr_""real""__coeff_16",4.203047200455929
23,y,282,"y__fft_coefficient__attr_""real""__coeff_17",0.17878423490122225
23,y,283,"y__fft_coefficient__attr_""real""__coeff_18",-19.15621393004605
23,y,284,"y__fft_coefficient__attr_""real""__coeff_19",21.813542201302646
23,y,285,"y__fft_coefficient__attr_""real""__coeff_20",-0.4032687348497086
23,y,286,"y__fft_coefficient__attr_""real""__coeff_21",-14.013011017895064
23,y,287,"y__fft_coefficient__attr_""real""__coeff_22",17.77126476696263
23,y,288,"y__fft_coefficient__attr_""real""__coeff_23",-8.944590501664921
23,y,289,"y__fft_coefficient__attr_""real""__coeff_24",14.21277434864595
23,y,290,"y__fft_coefficient__attr_""real""__coeff_25",1.118098921831784
23,y,291,"y__fft_coefficient__attr_""real""__coeff_26",-10.585014086321927
23,y,292,"y__fft_coefficient__attr_""real""__coeff_27",-6.6091906230250945
23,y,293,"y__fft_coefficient__attr_""real""__coeff_28",23.421757586630452
23,y,294,"y__fft_coefficient__attr_""real""__coeff_29",0.3677149873660932
23,y,295,"y__fft_coefficient__attr_""real""__coeff_30",-23.801201100360586
23,y,296,"y__fft_coefficient__attr_""real""__coeff_31",-14.287526098803387
23,y,297,"y__fft_coefficient__attr_""real""__coeff_32",18.01423210753552
23,y,298,"y__fft_coefficient__attr_""real""__coeff_33",3.3259254301065413
23,y,299,"y__fft_coefficient__attr_""real""__coeff_34",2.9836299188303843
23,y,300,"y__fft_coefficient__attr_""real""__coeff_35",4.945726005468813
23,y,301,"y__fft_coefficient__attr_""real""__coeff_36",-26.076812446249754
23,y,302,"y__fft_coefficient__attr_""real""__coeff_37",19.599706344920662
23,y,303,"y__fft_coefficient__attr_""real""__coeff_38",9.22141691570933
23,y,304,"y__fft_coefficient__attr_""real""__coeff_39",5.561384087318788
23,y,305,"y__fft_coefficient__attr_""real""__coeff_40",0.07031361845219253
23,y,306,"y__fft_coefficient__attr_""real""__coeff_41",2.7174648940017385
23,y,307,"y__fft_coefficient__attr_""real""__coeff_42",-18.977463890003918
23,y,308,"y__fft_coefficient__attr_""real""__coeff_43",4.716080611189824
23,y,309,"y__fft_coefficient__attr_""real""__coeff_44",16.29834001964325
23,y,310,"y__fft_coefficient__attr_""real""__coeff_45",-11.074565181533917
23,y,311,"y__fft_coefficient__attr_""real""__coeff_46",-4.896835498107164
23,y,312,"y__fft_coefficient__attr_""real""__coeff_47",-8.858794820252594
23,y,313,"y__fft_coefficient__attr_""real""__coeff_48",4.67200837856188
23,y,314,"y__fft_coefficient__attr_""real""__coeff_49",-2.3800297034101825
23,y,315,"y__fft_coefficient__attr_""real""__coeff_50",-3.6299865599062042
23,y,316,"y__fft_coefficient__attr_""real""__coeff_51",7.826313764714902
23,y,317,"y__fft_coefficient__attr_""real""__coeff_52",5.944677970304296
23,y,318,"y__fft_coefficient__attr_""real""__coeff_53",2.431200266829152
23,y,319,"y__fft_coefficient__attr_""real""__coeff_54",5.483881821484795
23,y,320,"y__fft_coefficient__attr_""real""__coeff_55",-17.78391804353287
23,y,321,"y__fft_coefficient__attr_""real""__coeff_56",20.49163488373313
23,y,322,"y__fft_coefficient__attr_""real""__coeff_57",15.48713188260525
23,y,323,"y__fft_coefficient__attr_""real""__coeff_58",-21.154794603868268
23,y,324,"y__fft_coefficient__attr_""real""__coeff_59",-3.23170636388741
23,y,325,"y__fft_coefficient__attr_""real""__coeff_60",2.4962054345143683
23,y,326,"y__fft_coefficient__attr_""real""__coeff_61",2.496094323029237
23,y,327,"y__fft_coefficient__attr_""real""__coeff_62",-5.528569230568149
23,y,328,"y__fft_coefficient__attr_""real""__coeff_63",-2.978286126856632
23,y,329,"y__fft_coefficient__attr_""real""__coeff_64",-9.893790967404232
23,y,330,"y__fft_coefficient__attr_""real""__coeff_65",1.4787833499951615
23,y,331,"y__fft_coefficient__attr_""real""__coeff_66",17.54333232604487
23,y,332,"y__fft_coefficient__attr_""real""__coeff_67",1.9998258067020753
23,y,333,"y__fft_coefficient__attr_""real""__coeff_68",-6.0954671008668075
23,y,334,"y__fft_coefficient__attr_""real""__coeff_69",5.796707359548187
23,y,335,"y__fft_coefficient__attr_""real""__coeff_70",-9.699473982878146
23,y,336,"y__fft_coefficient__attr_""real""__coeff_71",5.668595935514707
23,y,337,"y__fft_coefficient__attr_""real""__coeff_72",26.9233497715834
23,y,338,"y__fft_coefficient__attr_""real""__coeff_73",-4.491828285976948
23,y,339,"y__fft_coefficient__attr_""real""__coeff_74",-29.71376539598395
23,y,340,"y__fft_coefficient__attr_""real""__coeff_75",1.4849180192070013
23,y,341,"y__fft_coefficient__attr_""real""__coeff_76",13.502078461874891
23,y,342,"y__fft_coefficient__attr_""real""__coeff_77",-9.192376938532567
23,y,343,"y__fft_coefficient__attr_""real""__coeff_78",17.094617652522892
23,y,344,"y__fft_coefficient__attr_""real""__coeff_79",-17.631023544651853
23,y,345,"y__fft_coefficient__attr_""real""__coeff_80",-8.039628425362707
23,y,346,"y__fft_coefficient__attr_""real""__coeff_81",21.239051046879155
23,y,347,"y__fft_coefficient__attr_""real""__coeff_82",-12.73211309538189
23,y,348,"y__fft_coefficient__attr_""real""__coeff_83",0.6426179125494551
23,y,349,"y__fft_coefficient__attr_""real""__coeff_84",17.48846307532024
23,y,350,"y__fft_coefficient__attr_""real""__coeff_85",8.161983291229387
23,y,351,"y__fft_coefficient__attr_""real""__coeff_86",-14.151556453604673
23,y,352,"y__fft_coefficient__attr_""real""__coeff_87",1.9421718516422808
23,y,353,"y__fft_coefficient__attr_""real""__coeff_88",-2.0127801020934277
23,y,354,"y__fft_coefficient__attr_""real""__coeff_89",2.50982062213832
23,y,355,"y__fft_coefficient__attr_""real""__coeff_90",5.863224688197064
23,y,356,"y__fft_coefficient__attr_""real""__coeff_91",-9.597592026180177
23,y,357,"y__fft_coefficient__attr_""real""__coeff_92",-11.87557944099268
23,y,358,"y__fft_coefficient__attr_""real""__coeff_93",-3.681994036212215
23,y,359,"y__fft_coefficient__attr_""real""__coeff_94",2.416745658496495
23,y,360,"y__fft_coefficient__attr_""real""__coeff_95",-1.6567990726875346
23,y,361,"y__fft_coefficient__attr_""real""__coeff_96",12.922904581540857
23,y,362,"y__fft_coefficient__attr_""real""__coeff_97",-10.298503090348584
23,y,363,"y__fft_coefficient__attr_""real""__coeff_98",2.348128169544334
23,y,364,"y__fft_coefficient__attr_""real""__coeff_99",0.6499480758333944
23,y,365,"y__fft_coefficient__attr_""imag""__coeff_0",0.0
23,y,366,"y__fft_coefficient__attr_""imag""__coeff_1",4.022077351419714
23,y,367,"y__fft_coefficient__attr_""imag""__coeff_2",-13.963814401221036
23,y,368,"y__fft_coefficient__attr_""imag""__coeff_3",11.385320735215995
23,y,369,"y__fft_coefficient__attr_""imag""__coeff_4",9.032199393436308
23,y,370,"y__fft_coefficient__attr_""imag""__coeff_5",0.9542942397920935
23,y,371,"y__fft_coefficient__attr_""imag""__coeff_6",2.6612707871391095
23,y,372,"y__fft_coefficient__attr_""imag""__coeff_7",13.664171926887425
23,y,373,"y__fft_coefficient__attr_""imag""__coeff_8",-30.135576553766683
23,y,374,"y__fft_coefficient__attr_""imag""__coeff_9",3.745573330794274
23,y,375,"y__fft_coefficient__attr_""imag""__coeff_10",0.4080809249570466
23,y,376,"y__fft_coefficient__attr_""imag""__coeff_11",16.66720100440449
23,y,377,"y__fft_coefficient__attr_""imag""__coeff_12",-11.918745565464759
23,y,378,"y__fft_coefficient__attr_""imag""__coeff_13",-22.25823693438643
23,y,379,"y__fft_coefficient__attr_""imag""__coeff_14",3.5533553231087858
23,y,380,"y__fft_coefficient__attr_""imag""__coeff_15",1.9416458867748834
23,y,381,"y__fft_coefficient__attr_""imag""__coeff_16",20.33104875544607
23,y,382,"y__fft_coefficient__attr_""imag""__coeff_17",-9.964050627959754
23,y,383,"y__fft_coefficient__attr_""imag""__coeff_18",-12.650128909220697
23,y,384,"y__fft_coefficient__attr_""imag""__coeff_19",5.831201286792639
23,y,385,"y__fft_coefficient__attr_""imag""__coeff_20",21.396920734174635
23,y,386,"y__fft_coefficient__attr_""imag""__coeff_21",-9.050427133470585
23,y,387,"y__fft_coefficient__attr_""imag""__coeff_22",6.680423041448371
23,y,388,"y__fft_coefficient__attr_""imag""__coeff_23",-11.305321066151095
23,y,389,"y__fft_coefficient__attr_""imag""__coeff_24",4.506315887198312
23,y,390,"y__fft_coefficient__attr_""imag""__coeff_25",-6.402000654893321
23,y,391,"y__fft_coefficient__attr_""imag""__coeff_26",4.3027064703003655
23,y,392,"y__fft_coefficient__attr_""imag""__coeff_27",3.3659150861059124
23,y,393,"y__fft_coefficient__attr_""imag""__coeff_28",-18.82170095983816
23,y,394,"y__fft_coefficient__attr_""imag""__coeff_29",-4.435706562700178
23,y,395,"y__fft_coefficient__attr_""imag""__coeff_30",0.45198328059763204
23,y,396,"y__fft_coefficient__attr_""imag""__coeff_31",13.265351310603808
23,y,397,"y__fft_coefficient__attr_""imag""__coeff_32",-8.041648640185407
23,y,398,"y__fft_coefficient__attr_""imag""__coeff_33",15.05668589984306
23,y,399,"y__fft_coefficient__attr_""imag""__coeff_34",-21.878213671848968
23,y,400,"y__fft_coefficient__attr_""imag""__coeff_35",10.288039997015343
23,y,401,"y__fft_coefficient__attr_""imag""__coeff_36",15.009541415490371
23,y,402,"y__fft_coefficient__attr_""imag""__coeff_37",-20.16931924374296
23,y,403,"y__fft_coefficient__attr_""imag""__coeff_38",10.49473544918205
23,y,404,"y__fft_coefficient__attr_""imag""__coeff_39",18.387928452863562
23,y,405,"y__fft_coefficient__attr_""imag""__coeff_40",-23.232570145185626
23,y,406,"y__fft_coefficient__attr_""imag""__coeff_41",-11.659990392232531
23,y,407,"y__fft_coefficient__attr_""imag""__coeff_42",6.907357828105836
23,y,408,"y__fft_coefficient__attr_""imag""__coeff_43",-0.5793871587710957
23,y,409,"y__fft_coefficient__attr_""imag""__coeff_44",19.60883047548611
23,y,410,"y__fft_coefficient__attr_""imag""__coeff_45",-8.926711275992162
23,y,411,"y__fft_coefficient__attr_""imag""__coeff_46",-15.615422236347264
23,y,412,"y__fft_coefficient__attr_""imag""__coeff_47",-8.013679537802032
23,y,413,"y__fft_coefficient__attr_""imag""__coeff_48",30.000426487521555
23,y,414,"y__fft_coefficient__attr_""imag""__coeff_49",1.5968445011370551
23,y,415,"y__fft_coefficient__attr_""imag""__coeff_50",-3760.8424783458854
23,y,416,"y__fft_coefficient__attr_""imag""__coeff_51",15.743328975628344
23,y,417,"y__fft_coefficient__attr_""imag""__coeff_52",-12.182426137216723
23,y,418,"y__fft_coefficient__attr_""imag""__coeff_53",-3.666442116966362
23,y,419,"y__fft_coefficient__attr_""imag""__coeff_54",19.502481301884444
23,y,420,"y__fft_coefficient__attr_""imag""__coeff_55",-1.2953374879854924
23,y,421,"y__fft_coefficient__attr_""imag""__coeff_56",-18.818198701313793
23,y,422,"y__fft_coefficient__attr_""imag""__coeff_57",7.204609483401859
23,y,423,"y__fft_coefficient__attr_""imag""__coeff_58",-4.067586771792957
23,y,424,"y__fft_coefficient__attr_""imag""__coeff_59",-1.0304941451094085
23,y,425,"y__fft_coefficient__attr_""imag""__coeff_60",16.52001095501415
23,y,426,"y__fft_coefficient__attr_""imag""__coeff_61",-18.44075236919896
23,y,427,"y__fft_coefficient__attr_""imag""__coeff_62",-12.309583208666508
23,y,428,"y__fft_coefficient__attr_""imag""__coeff_63",27.269589012684996
23,y,429,"y__fft_coefficient__attr_""imag""__coeff_64",1.3674208148091096
23,y,430,"y__fft_coefficient__attr_""imag""__coeff_65",-7.6536549443129775
23,y,431,"y__fft_coefficient__attr_""imag""__coeff_66",8.88957957122074
23,y,432,"y__fft_coefficient__attr_""imag""__coeff_67",0.12274157528749496
23,y,433,"y__fft_coefficient__attr_""imag""__coeff_68",4.921140047364864
23,y,434,"y__fft_coefficient__attr_""imag""__coeff_69",-5.365402272127722
23,y,435,"y__fft_coefficient__attr_""imag""__coeff_70",3.3548702444141565
23,y,436,"y__fft_coefficient__attr_""imag""__coeff_71",-3.7634613601895337
23,y,437,"y__fft_coefficient__attr_""imag""__coeff_72",6.568116101293855
23,y,438,"y__fft_coefficient__attr_""imag""__coeff_73",-4.9044769300605005
23,y,439,"y__fft_coefficient__attr_""imag""__coeff_74",-19.901232326767012
23,y,440,"y__fft_coefficient__attr_""imag""__coeff_75",3.986841478064621
23,y,441,"y__fft_coefficient__attr_""imag""__coeff_76",16.165564699439606
23,y,442,"y__fft_coefficient__attr_""imag""__coeff_77",3.330976016098203
23,y,443,"y__fft_coefficient__attr_""imag""__coeff_78",-2.0600575729506287
23,y,444,"y__fft_coefficient__attr_""imag""__coeff_79",-5.236147453208947
23,y,445,"y__fft_coefficient__attr_""imag""__coeff_80",-3.6737181391617377
23,y,446,"y__fft_coefficient__attr_""imag""__coeff_81",7.142303330998015
23,y,447,"y__fft_coefficient__attr_""imag""__coeff_82",13.2577568337765
23,y,448,"y__fft_coefficient__attr_""imag""__coeff_83",10.409901774088498
23,y,449,"y__fft_coefficient__attr_""imag""__coeff_84",-16.20018362854834
23,y,450,"y__fft_coefficient__attr_""imag""__coeff_85",-7.4956511277096585
23,y,451,"y__fft_coefficient__attr_""imag""__coeff_86",0.399031162696894
23,y,452,"y__fft_coefficient__attr_""imag""__coeff_87",13.403824241732739
23,y,453,"y__fft_coefficient__attr_""imag""__coeff_88",7.363344841967546
23,y,454,"y__fft_coefficient__attr_""imag""__coeff_89",-18.03196424093423
23,y,455,"y__fft_coefficient__attr_""imag""__coeff_90",-4.928515962561093
23,y,456,"y__fft_coefficient__attr_""imag""__coeff_91",-5.168257849293573
23,y,457,"y__fft_coefficient__attr_""imag""__coeff_92",25.717418247826444
23,y,458,"y__fft_coefficient__attr_""imag""__coeff_93",-9.64157067139696
23,y,459,"y__fft_coefficient__attr_""imag""__coeff_94",-9.469004400618669
23,y,460,"y__fft_coefficient__attr_""imag""__coeff_95",14.440719942110912
23,y,461,"y__fft_coefficient__attr_""imag""__coeff_96",-4.149152319072506
23,y,462,"y__fft_coefficient__attr_""imag""__coeff_97",0.8091945803112792
23,y,463,"y__fft_coefficient__attr_""imag""__coeff_98",-0.7112602460624253
23,y,464,"y__fft_coefficient__attr_""imag""__coeff_99",-0.7679103279317685
23,y,465,"y__fft_coefficient__attr_""abs""__coeff_0",38.12752723161445
23,y,466,"y__fft_coefficient__attr_""abs""__coeff_1",8.435443167362491
23,y,467,"y__fft_coefficient__attr_""abs""__coeff_2",16.663625218815543
23,y,468,"y__fft_coefficient__attr_""abs""__coeff_3",21.21185876751438
23,y,469,"y__fft_coefficient__attr_""abs""__coeff_4",11.003706726805124
23,y,470,"y__fft_coefficient__attr_""abs""__coeff_5",17.69148759587287
23,y,471,"y__fft_coefficient__attr_""abs""__coeff_6",3.515899050729691
23,y,472,"y__fft_coefficient__attr_""abs""__coeff_7",13.66492023074132
23,y,473,"y__fft_coefficient__attr_""abs""__coeff_8",30.158677530206855
23,y,474,"y__fft_coefficient__attr_""abs""__coeff_9",5.916203488475525
23,y,475,"y__fft_coefficient__attr_""abs""__coeff_10",3.827773641795816
23,y,476,"y__fft_coefficient__attr_""abs""__coeff_11",19.605671626235466
23,y,477,"y__fft_coefficient__attr_""abs""__coeff_12",16.108457000606556
23,y,478,"y__fft_coefficient__attr_""abs""__coeff_13",26.411495863138946
23,y,479,"y__fft_coefficient__attr_""abs""__coeff_14",19.293187325877536
23,y,480,"y__fft_coefficient__attr_""abs""__coeff_15",4.692420507325136
23,y,481,"y__fft_coefficient__attr_""abs""__coeff_16",20.76095251344662
23,y,482,"y__fft_coefficient__attr_""abs""__coeff_17",9.965654455137123
23,y,483,"y__fft_coefficient__attr_""abs""__coeff_18",22.956182033465225
23,y,484,"y__fft_coefficient__attr_""abs""__coeff_19",22.579493612902475
23,y,485,"y__fft_coefficient__attr_""abs""__coeff_20",21.400720608826695
23,y,486,"y__fft_coefficient__attr_""abs""__coeff_21",16.6815679444682
23,y,487,"y__fft_coefficient__attr_""abs""__coeff_22",18.985412911764698
23,y,488,"y__fft_coefficient__attr_""abs""__coeff_23",14.415824071180738
23,y,489,"y__fft_coefficient__attr_""abs""__coeff_24",14.910058268187427
23,y,490,"y__fft_coefficient__attr_""abs""__coeff_25",6.498904337213768
23,y,491,"y__fft_coefficient__attr_""abs""__coeff_26",11.426101967740278
23,y,492,"y__fft_coefficient__attr_""abs""__coeff_27",7.41692557993932
23,y,493,"y__fft_coefficient__attr_""abs""__coeff_28",30.047215436183997
23,y,494,"y__fft_coefficient__attr_""abs""__coeff_29",4.450922041815051
23,y,495,"y__fft_coefficient__attr_""abs""__coeff_30",23.805492280264772
23,y,496,"y__fft_coefficient__attr_""abs""__coeff_31",19.496229056351538
23,y,497,"y__fft_coefficient__attr_""abs""__coeff_32",19.72766259029081
23,y,498,"y__fft_coefficient__attr_""abs""__coeff_33",15.419648836895158
23,y,499,"y__fft_coefficient__attr_""abs""__coeff_34",22.080721930308776
23,y,500,"y__fft_coefficient__attr_""abs""__coeff_35",11.415076552584216
23,y,501,"y__fft_coefficient__attr_""abs""__coeff_36",30.087979009235678
23,y,502,"y__fft_coefficient__attr_""abs""__coeff_37",28.123832021315007
23,y,503,"y__fft_coefficient__attr_""abs""__coeff_38",13.97046892848084
23,y,504,"y__fft_coefficient__attr_""abs""__coeff_39",19.21054152683656
23,y,505,"y__fft_coefficient__attr_""abs""__coeff_40",23.2326765473957
23,y,506,"y__fft_coefficient__attr_""abs""__coeff_41",11.972468057885424
23,y,507,"y__fft_coefficient__attr_""abs""__coeff_42",20.195438293384413
23,y,508,"y__fft_coefficient__attr_""abs""__coeff_43",4.7515372050515845
23,y,509,"y__fft_coefficient__attr_""abs""__coeff_44",25.497884618380745
23,y,510,"y__fft_coefficient__attr_""abs""__coeff_45",14.224351238807659
23,y,511,"y__fft_coefficient__attr_""abs""__coeff_46",16.36521950708059
23,y,512,"y__fft_coefficient__attr_""abs""__coeff_47",11.945597741508006
23,y,513,"y__fft_coefficient__attr_""abs""__coeff_48",30.362036356650012
23,y,514,"y__fft_coefficient__attr_""abs""__coeff_49",2.8660868357267915
23,y,515,"y__fft_coefficient__attr_""abs""__coeff_50",3760.8442301873188
23,y,516,"y__fft_coefficient__attr_""abs""__coeff_51",17.581342223465903
23,y,517,"y__fft_coefficient__attr_""abs""__coeff_52",13.555467633370762
23,y,518,"y__fft_coefficient__attr_""abs""__coeff_53",4.399264999348746
23,y,519,"y__fft_coefficient__attr_""abs""__coeff_54",20.25881874054763
23,y,520,"y__fft_coefficient__attr_""abs""__coeff_55",17.8310302615097
23,y,521,"y__fft_coefficient__attr_""abs""__coeff_56",27.821425243332822
23,y,522,"y__fft_coefficient__attr_""abs""__coeff_57",17.080914839596034
23,y,523,"y__fft_coefficient__attr_""abs""__coeff_58",21.54229785510169
23,y,524,"y__fft_coefficient__attr_""abs""__coeff_59",3.392026563206007
23,y,525,"y__fft_coefficient__attr_""abs""__coeff_60",16.707537326760235
23,y,526,"y__fft_coefficient__attr_""abs""__coeff_61",18.608918152637887
23,y,527,"y__fft_coefficient__attr_""abs""__coeff_62",13.494106732506205
23,y,528,"y__fft_coefficient__attr_""abs""__coeff_63",27.43174571867742
23,y,529,"y__fft_coefficient__attr_""abs""__coeff_64",9.987839575777276
23,y,530,"y__fft_coefficient__attr_""abs""__coeff_65",7.795205847367303
23,y,531,"y__fft_coefficient__attr_""abs""__coeff_66",19.667057076622218
23,y,532,"y__fft_coefficient__attr_""abs""__coeff_67",2.0035889676916425
23,y,533,"y__fft_coefficient__attr_""abs""__coeff_68",7.834049945177007
23,y,534,"y__fft_coefficient__attr_""abs""__coeff_69",7.898693420686325
23,y,535,"y__fft_coefficient__attr_""abs""__coeff_70",10.263281634125878
23,y,536,"y__fft_coefficient__attr_""abs""__coeff_71",6.804162056401472
23,y,537,"y__fft_coefficient__attr_""abs""__coeff_72",27.712937629257123
23,y,538,"y__fft_coefficient__attr_""abs""__coeff_73",6.650595109326553
23,y,539,"y__fft_coefficient__attr_""abs""__coeff_74",35.762646743935626
23,y,540,"y__fft_coefficient__attr_""abs""__coeff_75",4.254396137524353
23,y,541,"y__fft_coefficient__attr_""abs""__coeff_76",21.062564061443084
23,y,542,"y__fft_coefficient__attr_""abs""__coeff_77",9.777279529597525
23,y,543,"y__fft_coefficient__attr_""abs""__coeff_78",17.21829811246798
23,y,544,"y__fft_coefficient__attr_""abs""__coeff_79",18.39212416725742
23,y,545,"y__fft_coefficient__attr_""abs""__coeff_80",8.839221129935941
23,y,546,"y__fft_coefficient__attr_""abs""__coeff_81",22.407806368404824
23,y,547,"y__fft_coefficient__attr_""abs""__coeff_82",18.38137155212153
23,y,548,"y__fft_coefficient__attr_""abs""__coeff_83",10.429717768362684
23,y,549,"y__fft_coefficient__attr_""abs""__coeff_84",23.838881901958516
23,y,550,"y__fft_coefficient__attr_""abs""__coeff_85",11.081640540761226
23,y,551,"y__fft_coefficient__attr_""abs""__coeff_86",14.157181072811188
23,y,552,"y__fft_coefficient__attr_""abs""__coeff_87",13.543800641052492
23,y,553,"y__fft_coefficient__attr_""abs""__coeff_88",7.633487473043583
23,y,554,"y__fft_coefficient__attr_""abs""__coeff_89",18.205793966252653
23,y,555,"y__fft_coefficient__attr_""abs""__coeff_90",7.659482576356124
23,y,556,"y__fft_coefficient__attr_""abs""__coeff_91",10.900672543370062
23,y,557,"y__fft_coefficient__attr_""abs""__coeff_92",28.326930444242713
23,y,558,"y__fft_coefficient__attr_""abs""__coeff_93",10.320705649045724
23,y,559,"y__fft_coefficient__attr_""abs""__coeff_94",9.772548486285315
23,y,560,"y__fft_coefficient__attr_""abs""__coeff_95",14.535452370454044
23,y,561,"y__fft_coefficient__attr_""abs""__coeff_96",13.572653675330937
23,y,562,"y__fft_coefficient__attr_""abs""__coeff_97",10.330245000517872
23,y,563,"y__fft_coefficient__attr_""abs""__coeff_98",2.45348671042588
23,y,564,"y__fft_coefficient__attr_""abs""__coeff_99",1.006041138832706
23,y,565,"y__fft_coefficient__attr_""angle""__coeff_0",0.0
23,y,566,"y__fft_coefficient__attr_""angle""__coeff_1",151.52293875728049
23,y,567,"y__fft_coefficient__attr_""angle""__coeff_2",-123.07238928222314
23,y,568,"y__fft_coefficient__attr_""angle""__coeff_3",147.5377923481991
23,y,569,"y__fft_coefficient__attr_""angle""__coeff_4",55.16821077032134
23,y,570,"y__fft_coefficient__attr_""angle""__coeff_5",3.092084919893438
23,y,571,"y__fft_coefficient__attr_""angle""__coeff_6",130.80616998819255
23,y,572,"y__fft_coefficient__attr_""angle""__coeff_7",90.59961854006707
23,y,573,"y__fft_coefficient__attr_""angle""__coeff_8",-87.75728350278868
23,y,574,"y__fft_coefficient__attr_""angle""__coeff_9",140.72048139991713
23,y,575,"y__fft_coefficient__attr_""angle""__coeff_10",6.11996324811679
23,y,576,"y__fft_coefficient__attr_""angle""__coeff_11",58.22487593433648
23,y,577,"y__fft_coefficient__attr_""angle""__coeff_12",-132.276582817104
23,y,578,"y__fft_coefficient__attr_""angle""__coeff_13",-57.43145603148431
23,y,579,"y__fft_coefficient__attr_""angle""__coeff_14",169.38686475124274
23,y,580,"y__fft_coefficient__attr_""angle""__coeff_15",155.55727292673413
23,y,581,"y__fft_coefficient__attr_""angle""__coeff_16",78.31975646732003
23,y,582,"y__fft_coefficient__attr_""angle""__coeff_17",-88.97205630565061
23,y,583,"y__fft_coefficient__attr_""angle""__coeff_18",-146.56054951379974
23,y,584,"y__fft_coefficient__attr_""angle""__coeff_19",14.966372250336406
23,y,585,"y__fft_coefficient__attr_""angle""__coeff_20",91.07972832157286
23,y,586,"y__fft_coefficient__attr_""angle""__coeff_21",-147.14324651683634
23,y,587,"y__fft_coefficient__attr_""angle""__coeff_22",20.60181857971448
23,y,588,"y__fft_coefficient__attr_""angle""__coeff_23",-128.3504854748256
23,y,589,"y__fft_coefficient__attr_""angle""__coeff_24",17.591788877228996
23,y,590,"y__fft_coefficient__attr_""angle""__coeff_25",-80.09330440712189
23,y,591,"y__fft_coefficient__attr_""angle""__coeff_26",157.87873059780026
23,y,592,"y__fft_coefficient__attr_""angle""__coeff_27",153.01125882437952
23,y,593,"y__fft_coefficient__attr_""angle""__coeff_28",-38.78532396085934
23,y,594,"y__fft_coefficient__attr_""angle""__coeff_29",-85.26108139031936
23,y,595,"y__fft_coefficient__attr_""angle""__coeff_30",178.91208758696743
23,y,596,"y__fft_coefficient__attr_""angle""__coeff_31",137.1246221987458
23,y,597,"y__fft_coefficient__attr_""angle""__coeff_32",-24.05623753412926
23,y,598,"y__fft_coefficient__attr_""angle""__coeff_33",77.54375523096974
23,y,599,"y__fft_coefficient__attr_""angle""__coeff_34",-82.23422427162332
23,y,600,"y__fft_coefficient__attr_""angle""__coeff_35",64.32520671229676
23,y,601,"y__fft_coefficient__attr_""angle""__coeff_36",150.0757179064599
23,y,602,"y__fft_coefficient__attr_""angle""__coeff_37",-45.82059298845519
23,y,603,"y__fft_coefficient__attr_""angle""__coeff_38",48.69517334084719
23,y,604,"y__fft_coefficient__attr_""angle""__coeff_39",73.17218677723712
23,y,605,"y__fft_coefficient__attr_""angle""__coeff_40",-89.82659424876687
23,y,606,"y__fft_coefficient__attr_""angle""__coeff_41",-76.88088892127064
23,y,607,"y__fft_coefficient__attr_""angle""__coeff_42",159.99966448699294
23,y,608,"y__fft_coefficient__attr_""angle""__coeff_43",-7.0038930102383885
23,y,609,"y__fft_coefficient__attr_""angle""__coeff_44",50.26753933116231
23,y,610,"y__fft_coefficient__attr_""angle""__coeff_45",-141.12926719100022
23,y,611,"y__fft_coefficient__attr_""angle""__coeff_46",-107.41088719852324
23,y,612,"y__fft_coefficient__attr_""angle""__coeff_47",-137.86745764803177
23,y,613,"y__fft_coefficient__attr_""angle""__coeff_48",81.1483486644961
23,y,614,"y__fft_coefficient__attr_""angle""__coeff_49",146.14096890245074
23,y,615,"y__fft_coefficient__attr_""angle""__coeff_50",-90.05530219523479
23,y,616,"y__fft_coefficient__attr_""angle""__coeff_51",63.56713930904468
23,y,617,"y__fft_coefficient__attr_""angle""__coeff_52",-63.98893834211985
23,y,618,"y__fft_coefficient__attr_""angle""__coeff_53",-56.45183192518239
23,y,619,"y__fft_coefficient__attr_""angle""__coeff_54",74.29460486076755
23,y,620,"y__fft_coefficient__attr_""angle""__coeff_55",-175.8340710772954
23,y,621,"y__fft_coefficient__attr_""angle""__coeff_56",-42.56236633487683
23,y,622,"y__fft_coefficient__attr_""angle""__coeff_57",24.947835857751578
23,y,623,"y__fft_coefficient__attr_""angle""__coeff_58",-169.11615224697846
23,y,624,"y__fft_coefficient__attr_""angle""__coeff_59",-162.31407889399128
23,y,625,"y__fft_coefficient__attr_""angle""__coeff_60",81.40749810891238
23,y,626,"y__fft_coefficient__attr_""angle""__coeff_61",-82.29143600646412
23,y,627,"y__fft_coefficient__attr_""angle""__coeff_62",-114.18614753477746
23,y,628,"y__fft_coefficient__attr_""angle""__coeff_63",96.23293406039362
23,y,629,"y__fft_coefficient__attr_""angle""__coeff_64",172.13100235089163
23,y,630,"y__fft_coefficient__attr_""angle""__coeff_65",-79.06447738687945
23,y,631,"y__fft_coefficient__attr_""angle""__coeff_66",26.872302330378353
23,y,632,"y__fft_coefficient__attr_""angle""__coeff_67",3.512187650584496
23,y,633,"y__fft_coefficient__attr_""angle""__coeff_68",141.08452887515637
23,y,634,"y__fft_coefficient__attr_""angle""__coeff_69",-42.78718591574757
23,y,635,"y__fft_coefficient__attr_""angle""__coeff_70",160.92043515761094
23,y,636,"y__fft_coefficient__attr_""angle""__coeff_71",-33.580748762182864
23,y,637,"y__fft_coefficient__attr_""angle""__coeff_72",13.709864275351626
23,y,638,"y__fft_coefficient__attr_""angle""__coeff_73",-132.48541120368034
23,y,639,"y__fft_coefficient__attr_""angle""__coeff_74",-146.18721903105674
23,y,640,"y__fft_coefficient__attr_""angle""__coeff_75",69.57191476687855
23,y,641,"y__fft_coefficient__attr_""angle""__coeff_76",50.130117285070725
23,y,642,"y__fft_coefficient__attr_""angle""__coeff_77",160.08136448057928
23,y,643,"y__fft_coefficient__attr_""angle""__coeff_78",-6.871528816935526
23,y,644,"y__fft_coefficient__attr_""angle""__coeff_79",-163.4593764563294
23,y,645,"y__fft_coefficient__attr_""angle""__coeff_80",-155.44191065785515
23,y,646,"y__fft_coefficient__attr_""angle""__coeff_81",18.586848090496986
23,y,647,"y__fft_coefficient__attr_""angle""__coeff_82",133.8413538672336
23,y,648,"y__fft_coefficient__attr_""angle""__coeff_83",86.46753333918724
23,y,649,"y__fft_coefficient__attr_""angle""__coeff_84",-42.810032945419174
23,y,650,"y__fft_coefficient__attr_""angle""__coeff_85",-42.563169675431254
23,y,651,"y__fft_coefficient__attr_""angle""__coeff_86",178.38485997587534
23,y,652,"y__fft_coefficient__attr_""angle""__coeff_87",81.75540146202535
23,y,653,"y__fft_coefficient__attr_""angle""__coeff_88",105.28839384425294
23,y,654,"y__fft_coefficient__attr_""angle""__coeff_89",-82.07606321589533
23,y,655,"y__fft_coefficient__attr_""angle""__coeff_90",-40.049775027069245
23,y,656,"y__fft_coefficient__attr_""angle""__coeff_91",-151.6977462674226
23,y,657,"y__fft_coefficient__attr_""angle""__coeff_92",114.78616281744095
23,y,658,"y__fft_coefficient__attr_""angle""__coeff_93",-110.90122506566844
23,y,659,"y__fft_coefficient__attr_""angle""__coeff_94",-75.68223635312187
23,y,660,"y__fft_coefficient__attr_""angle""__coeff_95",96.54498780464063
23,y,661,"y__fft_coefficient__attr_""angle""__coeff_96",-17.800247462998954
23,y,662,"y__fft_coefficient__attr_""angle""__coeff_97",175.5072721004267
23,y,663,"y__fft_coefficient__attr_""angle""__coeff_98",-16.851833809192012
23,y,664,"y__fft_coefficient__attr_""angle""__coeff_99",-49.75591169987773
23,y,665,"y__fft_aggregated__aggtype_""centroid""",665.2645235823549
23,y,666,"y__fft_aggregated__aggtype_""variance""",471665.60055528977
23,y,667,"y__fft_aggregated__aggtype_""skew""",1.0416301323488755
23,y,668,"y__fft_aggregated__aggtype_""kurtosis""",5.573204438246062
23,y,669,y__value_count__value_0,0.0
23,y,670,y__value_count__value_1,0.0
23,y,671,y__value_count__value_-1,0.0
23,y,672,y__range_count__max_1__min_-1,2222.0
23,y,673,y__range_count__max_0__min_-1000000000000.0,2501.0
23,y,674,y__range_count__max_1000000000000.0__min_0,2499.0
23,y,675,y__approximate_entropy__m_2__r_0.1,0.4191540674295111
23,y,676,y__approximate_entropy__m_2__r_0.3,0.1608430343136773
23,y,677,y__approximate_entropy__m_2__r_0.5,0.08875201894386264
23,y,678,y__approximate_entropy__m_2__r_0.7,0.06006833804973799
23,y,679,y__approximate_entropy__m_2__r_0.9,0.04527890334338314
23,y,680,y__friedrich_coefficients__coeff_0__m_3__r_30,-0.007145943057716648
23,y,681,y__friedrich_coefficients__coeff_1__m_3__r_30,-0.002008677140439677
23,y,682,y__friedrich_coefficients__coeff_2__m_3__r_30,0.0067708932258071395
23,y,683,y__friedrich_coefficients__coeff_3__m_3__r_30,0.002376516949238619
23,y,684,y__max_langevin_fixed_point__m_3__r_30,0.9996139260638058
23,y,685,"y__linear_trend__attr_""pvalue""",0.29245768442362735
23,y,686,"y__linear_trend__attr_""rvalue""",-0.014890966330699832
23,y,687,"y__linear_trend__attr_""intercept""",0.035221516109524856
23,y,688,"y__linear_trend__attr_""slope""",-1.1040612387758332e-05
23,y,689,"y__linear_trend__attr_""stderr""",1.0486341566692503e-05
23,y,690,"y__agg_linear_trend__attr_""rvalue""__chunk_len_5__f_agg_""max""",-0.01447831804678223
23,y,691,"y__agg_linear_trend__attr_""rvalue""__chunk_len_5__f_agg_""min""",-0.013093183301577278
23,y,692,"y__agg_linear_trend__attr_""rvalue""__chunk_len_5__f_agg_""mean""",-0.014970933475920675
23,y,693,"y__agg_linear_trend__attr_""rvalue""__chunk_len_5__f_agg_""var""",0.004632141521907391
23,y,694,"y__agg_linear_trend__attr_""rvalue""__chunk_len_10__f_agg_""max""",-0.013713038434637748
23,y,695,"y__agg_linear_trend__attr_""rvalue""__chunk_len_10__f_agg_""min""",-0.013405335214396467
23,y,696,"y__agg_linear_trend__attr_""rvalue""__chunk_len_10__f_agg_""mean""",-0.015145003383235569
23,y,697,"y__agg_linear_trend__attr_""rvalue""__chunk_len_10__f_agg_""var""",0.006185145444537833
23,y,698,"y__agg_linear_trend__attr_""rvalue""__chunk_len_50__f_agg_""max""",-0.015922425258010537
23,y,699,"y__agg_linear_trend__attr_""rvalue""__chunk_len_50__f_agg_""min""",-0.020517588541039085
23,y,700,"y__agg_linear_trend__attr_""rvalue""__chunk_len_50__f_agg_""mean""",-0.016404690707072872
23,y,701,"y__agg_linear_trend__attr_""rvalue""__chunk_len_50__f_agg_""var""",0.009908737234382995
23,y,702,"y__agg_linear_trend__attr_""intercept""__chunk_len_5__f_agg_""max""",0.1622155456938477
23,y,703,"y__agg_linear_trend__attr_""intercept""__chunk_len_5__f_agg_""min""",-0.09983804555260957
23,y,704,"y__agg_linear_trend__attr_""intercept""__chunk_len_5__f_agg_""mean""",0.035199651883182165
23,y,705,"y__agg_linear_trend__attr_""intercept""__chunk_len_5__f_agg_""var""",0.011976817126000133
23,y,706,"y__agg_linear_trend__attr_""intercept""__chunk_len_10__f_agg_""max""",0.30501597172836764
23,y,707,"y__agg_linear_trend__attr_""intercept""__chunk_len_10__f_agg_""min""",-0.24759886420225877
23,y,708,"y__agg_linear_trend__attr_""intercept""__chunk_len_10__f_agg_""mean""",0.03516385126110156
23,y,709,"y__agg_linear_trend__attr_""intercept""__chunk_len_10__f_agg_""var""",0.03841313716186464
23,y,710,"y__agg_linear_trend__attr_""intercept""__chunk_len_50__f_agg_""max""",0.7899803167316038
23,y,711,"y__agg_linear_trend__attr_""intercept""__chunk_len_50__f_agg_""min""",-0.736766517511429
23,y,712,"y__agg_linear_trend__attr_""intercept""__chunk_len_50__f_agg_""mean""",0.03487928004237202
23,y,713,"y__agg_linear_trend__attr_""intercept""__chunk_len_50__f_agg_""var""",0.20631177713984947
23,y,714,"y__agg_linear_trend__attr_""slope""__chunk_len_5__f_agg_""max""",-5.343122305712408e-05
23,y,715,"y__agg_linear_trend__attr_""slope""__chunk_len_5__f_agg_""min""",-4.822696822100085e-05
23,y,716,"y__agg_linear_trend__attr_""slope""__chunk_len_5__f_agg_""mean""",-5.520349637008863e-05
23,y,717,"y__agg_linear_trend__attr_""slope""__chunk_len_5__f_agg_""var""",4.1726631209597613e-07
23,y,718,"y__agg_linear_trend__attr_""slope""__chunk_len_10__f_agg_""max""",-9.936783935725364e-05
23,y,719,"y__agg_linear_trend__attr_""slope""__chunk_len_10__f_agg_""min""",-9.688357634758554e-05
23,y,720,"y__agg_linear_trend__attr_""slope""__chunk_len_10__f_agg_""mean""",-0.00011037413152215894
23,y,721,"y__agg_linear_trend__attr_""slope""__chunk_len_10__f_agg_""var""",1.3247878091533836e-06
23,y,722,"y__agg_linear_trend__attr_""slope""__chunk_len_50__f_agg_""max""",-0.0004220118230443297
23,y,723,"y__agg_linear_trend__attr_""slope""__chunk_len_50__f_agg_""min""",-0.0005424556634040456
23,y,724,"y__agg_linear_trend__attr_""slope""__chunk_len_50__f_agg_""mean""",-0.0005505813049706898
23,y,725,"y__agg_linear_trend__attr_""slope""__chunk_len_50__f_agg_""var""",6.710017995195643e-06
23,y,726,"y__agg_linear_trend__attr_""stderr""__chunk_len_5__f_agg_""max""",0.00011680628423297744
23,y,727,"y__agg_linear_trend__attr_""stderr""__chunk_len_5__f_agg_""min""",0.00011658487550925568
23,y,728,"y__agg_linear_trend__attr_""stderr""__chunk_len_5__f_agg_""mean""",0.0001167088418695259
23,y,729,"y__agg_linear_trend__attr_""stderr""__chunk_len_5__f_agg_""var""",2.851422511342225e-06
23,y,730,"y__agg_linear_trend__attr_""stderr""__chunk_len_10__f_agg_""max""",0.0003246808275510953
23,y,731,"y__agg_linear_trend__attr_""stderr""__chunk_len_10__f_agg_""min""",0.00032383127262338395
23,y,732,"y__agg_linear_trend__attr_""stderr""__chunk_len_10__f_agg_""mean""",0.000326537783339303
23,y,733,"y__agg_linear_trend__attr_""stderr""__chunk_len_10__f_agg_""var""",9.597838274843483e-06
23,y,734,"y__agg_linear_trend__attr_""stderr""__chunk_len_50__f_agg_""max""",0.0026769934130823716
23,y,735,"y__agg_linear_trend__attr_""stderr""__chunk_len_50__f_agg_""min""",0.0026701364883967007
23,y,736,"y__agg_linear_trend__attr_""stderr""__chunk_len_50__f_agg_""mean""",0.0033898613171798294
23,y,737,"y__agg_linear_trend__attr_""stderr""__chunk_len_50__f_agg_""var""",6.840234869440335e-05
23,y,738,"y__augmented_dickey_fuller__attr_""teststat""__autolag_""AIC""",-27.020214348250125
23,y,739,"y__augmented_dickey_fuller__attr_""pvalue""__autolag_""AIC""",0.0
23,y,740,"y__augmented_dickey_fuller__attr_""usedlag""__autolag_""AIC""",32.0
23,y,741,y__number_crossing_m__m_0,99.0
23,y,742,y__number_crossing_m__m_-1,110.0
23,y,743,y__number_crossing_m__m_1,116.0
23,y,744,y__energy_ratio_by_chunks__num_segments_10__segment_focus_0,0.09681965527706111
23,y,745,y__energy_ratio_by_chunks__num_segments_10__segment_focus_1,0.09904717332760402
23,y,746,y__energy_ratio_by_chunks__num_segments_10__segment_focus_2,0.10027082628687672
23,y,747,y__energy_ratio_by_chunks__num_segments_10__segment_focus_3,0.10034086368288772
23,y,748,y__energy_ratio_by_chunks__num_segments_10__segment_focus_4,0.0994699819634361
23,y,749,y__energy_ratio_by_chunks__num_segments_10__segment_focus_5,0.1005954251646434
23,y,750,y__energy_ratio_by_chunks__num_segments_10__segment_focus_6,0.10648566163567635
23,y,751,y__energy_ratio_by_chunks__num_segments_10__segment_focus_7,0.1000485765621971
23,y,752,y__energy_ratio_by_chunks__num_segments_10__segment_focus_8,0.09833980961811764
23,y,753,y__energy_ratio_by_chunks__num_segments_10__segment_focus_9,0.09858202648149979
23,y,754,y__ratio_beyond_r_sigma__r_0.5,0.7794
23,y,755,y__ratio_beyond_r_sigma__r_1,0.5126
23,y,756,y__ratio_beyond_r_sigma__r_1.5,0.0
23,y,757,y__ratio_beyond_r_sigma__r_2,0.0
23,y,758,y__ratio_beyond_r_sigma__r_2.5,0.0
23,y,759,y__ratio_beyond_r_sigma__r_3,0.0
23,y,760,y__ratio_beyond_r_sigma__r_5,0.0
23,y,761,y__ratio_beyond_r_sigma__r_6,0.0
23,y,762,y__ratio_beyond_r_sigma__r_7,0.0
23,y,763,y__ratio_beyond_r_sigma__r_10,0.0
23,y,764,y__count_above__t_0,0.4998
23,y,765,y__count_below__t_0,0.5002
23,y,766,y__lempel_ziv_complexity__bins_2,0.0388
23,y,767,y__lempel_ziv_complexity__bins_3,0.0566
23,y,768,y__lempel_ziv_complexity__bins_5,0.0868
23,y,769,y__lempel_ziv_complexity__bins_10,0.1342
23,y,770,y__lempel_ziv_complexity__bins_100,0.3776
23,y,771,y__fourier_entropy__bins_2,0.07998252574647073
23,y,772,y__fourier_entropy__bins_3,0.07998252574647073
23,y,773,y__fourier_entropy__bins_5,0.07998252574647073
23,y,774,y__fourier_entropy__bins_10,0.09072899366212879
23,y,775,y__fourier_entropy__bins_100,0.22636345757853585
23,y,776,y__permutation_entropy__dimension_3__tau_1,1.409823030145275
23,y,777,y__permutation_entropy__dimension_4__tau_1,2.0685680765221033
23,y,778,y__permutation_entropy__dimension_5__tau_1,2.6918683208517793
23,y,779,y__permutation_entropy__dimension_6__tau_1,3.262113052898359
23,y,780,y__permutation_entropy__dimension_7__tau_1,3.7104685134103725
23,y,781,y__query_similarity_count__query_None__threshold_0.0,
23,y,782,y__mean_n_absolute_max__number_of_maxima_7,1.5677826960900456
234,y,0,y__variance_larger_than_standard_deviation,1.0
234,y,1,y__has_duplicate_max,0.0
234,y,2,y__has_duplicate_min,0.0
234,y,3,y__has_duplicate,0.0
234,y,4,y__sum_values,37230.973501542845
234,y,5,y__abs_energy,310233.6302210336
234,y,6,y__mean_abs_change,0.07498871699681059
234,y,7,y__mean_change,0.001785225753875973
234,y,8,y__mean_second_derivative_central,5.104799286149897e-07
234,y,9,y__median,7.964297059014433
234,y,10,y__mean,7.446194700308569
234,y,11,y__length,5000.0
234,y,12,y__standard_deviation,2.5692237211467788
234,y,13,y__variation_coefficient,0.34503848268167236
234,y,14,y__variance,6.600910529303301
234,y,15,y__skewness,-1.0792345398165093
234,y,16,y__kurtosis,0.5042737269203648
234,y,17,y__root_mean_square,7.876974421959661
234,y,18,y__absolute_sum_of_changes,374.86859626705615
234,y,19,y__longest_strike_below_mean,1104.0
234,y,20,y__longest_strike_above_mean,1299.0
234,y,21,y__count_above_mean,3372.0
234,y,22,y__count_below_mean,1628.0
234,y,23,y__last_location_of_maximum,0.8456
234,y,24,y__first_location_of_maximum,0.8454
234,y,25,y__last_location_of_minimum,0.006399999999999961
234,y,26,y__first_location_of_minimum,0.0062
234,y,27,y__percentage_of_reoccurring_values_to_all_values,0.0
234,y,28,y__percentage_of_reoccurring_datapoints_to_all_datapoints,0.0
234,y,29,y__sum_of_reoccurring_values,0.0
234,y,30,y__sum_of_reoccurring_data_points,0.0
234,y,31,y__ratio_value_number_to_time_series_length,1.0
234,y,32,y__sample_entropy,0.08666156155394833
234,y,33,y__maximum,10.571483641766038
234,y,34,y__absolute_maximum,10.571483641766038
234,y,35,y__minimum,-1.0114327642804928
234,y,36,y__benford_correlation,0.03068590790607808
234,y,37,y__time_reversal_asymmetry_statistic__lag_1,0.18744159524392595
234,y,38,y__time_reversal_asymmetry_statistic__lag_2,0.35788621448953883
234,y,39,y__time_reversal_asymmetry_statistic__lag_3,0.5207848750692025
234,y,40,y__c3__lag_1,541.863417879005
234,y,41,y__c3__lag_2,541.5229349580727
234,y,42,y__c3__lag_3,541.0128817485439
234,y,43,y__cid_ce__normalize_True,3.1552913551240724
234,y,44,y__cid_ce__normalize_False,8.10664939671413
234,y,45,y__symmetry_looking__r_0.0,0.0
234,y,46,y__symmetry_looking__r_0.05,1.0
234,y,47,y__symmetry_looking__r_0.1,1.0
234,y,48,y__symmetry_looking__r_0.15000000000000002,1.0
234,y,49,y__symmetry_looking__r_0.2,1.0
234,y,50,y__symmetry_looking__r_0.25,1.0
234,y,51,y__symmetry_looking__r_0.30000000000000004,1.0
234,y,52,y__symmetry_looking__r_0.35000000000000003,1.0
234,y,53,y__symmetry_looking__r_0.4,1.0
234,y,54,y__symmetry_looking__r_0.45,1.0
234,y,55,y__symmetry_looking__r_0.5,1.0
234,y,56,y__symmetry_looking__r_0.55,1.0
234,y,57,y__symmetry_looking__r_0.6000000000000001,1.0
234,y,58,y__symmetry_looking__r_0.65,1.0
234,y,59,y__symmetry_looking__r_0.7000000000000001,1.0
234,y,60,y__symmetry_looking__r_0.75,1.0
234,y,61,y__symmetry_looking__r_0.8,1.0
234,y,62,y__symmetry_looking__r_0.8500000000000001,1.0
234,y,63,y__symmetry_looking__r_0.9,1.0
234,y,64,y__symmetry_looking__r_0.9500000000000001,1.0
234,y,65,y__large_standard_deviation__r_0.05,1.0
234,y,66,y__large_standard_deviation__r_0.1,1.0
234,y,67,y__large_standard_deviation__r_0.15000000000000002,1.0
234,y,68,y__large_standard_deviation__r_0.2,1.0
234,y,69,y__large_standard_deviation__r_0.25,0.0
234,y,70,y__large_standard_deviation__r_0.30000000000000004,0.0
234,y,71,y__large_standard_deviation__r_0.35000000000000003,0.0
234,y,72,y__large_standard_deviation__r_0.4,0.0
234,y,73,y__large_standard_deviation__r_0.45,0.0
234,y,74,y__large_standard_deviation__r_0.5,0.0
234,y,75,y__large_standard_deviation__r_0.55,0.0
234,y,76,y__large_standard_deviation__r_0.6000000000000001,0.0
234,y,77,y__large_standard_deviation__r_0.65,0.0
234,y,78,y__large_standard_deviation__r_0.7000000000000001,0.0
234,y,79,y__large_standard_deviation__r_0.75,0.0
234,y,80,y__large_standard_deviation__r_0.8,0.0
234,y,81,y__large_standard_deviation__r_0.8500000000000001,0.0
234,y,82,y__large_standard_deviation__r_0.9,0.0
234,y,83,y__large_standard_deviation__r_0.9500000000000001,0.0
234,y,84,y__quantile__q_0.1,3.0844786947254277
234,y,85,y__quantile__q_0.2,5.753287242408659
234,y,86,y__quantile__q_0.3,6.895462855119956
234,y,87,y__quantile__q_0.4,7.605060672946936
234,y,88,y__quantile__q_0.6,8.440972829281835
234,y,89,y__quantile__q_0.7,8.935610275673286
234,y,90,y__quantile__q_0.8,9.747106063848676
234,y,91,y__quantile__q_0.9,10.283418676000643
234,y,92,y__autocorrelation__lag_0,1.0
234,y,93,y__autocorrelation__lag_1,0.9983397487362815
234,y,94,y__autocorrelation__lag_2,0.9959283195337828
234,y,95,y__autocorrelation__lag_3,0.9929477464555211
234,y,96,y__autocorrelation__lag_4,0.9892503861457232
234,y,97,y__autocorrelation__lag_5,0.9848952574678669
234,y,98,y__autocorrelation__lag_6,0.9800083548296535
234,y,99,y__autocorrelation__lag_7,0.974476473921858
234,y,100,y__autocorrelation__lag_8,0.9683657122814847
234,y,101,y__autocorrelation__lag_9,0.9616829579919031
234,y,102,"y__agg_autocorrelation__f_agg_""mean""__maxlag_40",0.8424643697525461
234,y,103,"y__agg_autocorrelation__f_agg_""median""__maxlag_40",0.8531814515850583
234,y,104,"y__agg_autocorrelation__f_agg_""var""__maxlag_40",0.012830937056743175
234,y,105,y__partial_autocorrelation__lag_0,1.0
234,y,106,y__partial_autocorrelation__lag_1,0.9983397487362813
234,y,107,y__partial_autocorrelation__lag_2,-0.22724293899042985
234,y,108,y__partial_autocorrelation__lag_3,-0.12819565674198224
234,y,109,y__partial_autocorrelation__lag_4,-0.1662315022892518
234,y,110,y__partial_autocorrelation__lag_5,-0.1200353266832005
234,y,111,y__partial_autocorrelation__lag_6,-0.07002312170240055
234,y,112,y__partial_autocorrelation__lag_7,-0.10752758024293861
234,y,113,y__partial_autocorrelation__lag_8,-0.07080737031384551
234,y,114,y__partial_autocorrelation__lag_9,-0.07241077497207878
234,y,115,y__number_cwt_peaks__n_1,405.0
234,y,116,y__number_cwt_peaks__n_5,310.0
234,y,117,y__number_peaks__n_1,584.0
234,y,118,y__number_peaks__n_3,103.0
234,y,119,y__number_peaks__n_5,71.0
234,y,120,y__number_peaks__n_10,63.0
234,y,121,y__number_peaks__n_50,49.0
234,y,122,y__binned_entropy__max_bins_10,1.9169760760311825
234,y,123,y__index_mass_quantile__q_0.1,0.2158
234,y,124,y__index_mass_quantile__q_0.2,0.3084
234,y,125,y__index_mass_quantile__q_0.3,0.411
234,y,126,y__index_mass_quantile__q_0.4,0.5036
234,y,127,y__index_mass_quantile__q_0.6,0.6682
234,y,128,y__index_mass_quantile__q_0.7,0.7508
234,y,129,y__index_mass_quantile__q_0.8,0.8338
234,y,130,y__index_mass_quantile__q_0.9,0.9172
234,y,131,"y__cwt_coefficients__coeff_0__w_2__widths_(2, 5, 10, 20)",-0.4318699892379678
234,y,132,"y__cwt_coefficients__coeff_0__w_5__widths_(2, 5, 10, 20)",-1.235712164840162
234,y,133,"y__cwt_coefficients__coeff_0__w_10__widths_(2, 5, 10, 20)",-0.43827831730899874
234,y,134,"y__cwt_coefficients__coeff_0__w_20__widths_(2, 5, 10, 20)",-0.39858265337640264
234,y,135,"y__cwt_coefficients__coeff_1__w_2__widths_(2, 5, 10, 20)",-0.4096642739360358
234,y,136,"y__cwt_coefficients__coeff_1__w_5__widths_(2, 5, 10, 20)",-1.0757546175180204
234,y,137,"y__cwt_coefficients__coeff_1__w_10__widths_(2, 5, 10, 20)",0.01244016918235009
234,y,138,"y__cwt_coefficients__coeff_1__w_20__widths_(2, 5, 10, 20)",-0.36242103660367986
234,y,139,"y__cwt_coefficients__coeff_2__w_2__widths_(2, 5, 10, 20)",-0.27589632614626547
234,y,140,"y__cwt_coefficients__coeff_2__w_5__widths_(2, 5, 10, 20)",-0.8262813434141527
234,y,141,"y__cwt_coefficients__coeff_2__w_10__widths_(2, 5, 10, 20)",0.5050114241454631
234,y,142,"y__cwt_coefficients__coeff_2__w_20__widths_(2, 5, 10, 20)",-0.34415283366779365
234,y,143,"y__cwt_coefficients__coeff_3__w_2__widths_(2, 5, 10, 20)",-0.09505924168794284
234,y,144,"y__cwt_coefficients__coeff_3__w_5__widths_(2, 5, 10, 20)",-0.5053739560762529
234,y,145,"y__cwt_coefficients__coeff_3__w_10__widths_(2, 5, 10, 20)",1.0227596183069785
234,y,146,"y__cwt_coefficients__coeff_3__w_20__widths_(2, 5, 10, 20)",-0.3377609452830966
234,y,147,"y__cwt_coefficients__coeff_4__w_2__widths_(2, 5, 10, 20)",0.05483649277164547
234,y,148,"y__cwt_coefficients__coeff_4__w_5__widths_(2, 5, 10, 20)",-0.13019378835840287
234,y,149,"y__cwt_coefficients__coeff_4__w_10__widths_(2, 5, 10, 20)",1.5692700350043258
234,y,150,"y__cwt_coefficients__coeff_4__w_20__widths_(2, 5, 10, 20)",-0.348159753553161
234,y,151,"y__cwt_coefficients__coeff_5__w_2__widths_(2, 5, 10, 20)",0.14268393240100796
234,y,152,"y__cwt_coefficients__coeff_5__w_5__widths_(2, 5, 10, 20)",0.26819783845907447
234,y,153,"y__cwt_coefficients__coeff_5__w_10__widths_(2, 5, 10, 20)",2.1150446589499823
234,y,154,"y__cwt_coefficients__coeff_5__w_20__widths_(2, 5, 10, 20)",-0.4148293212627055
234,y,155,"y__cwt_coefficients__coeff_6__w_2__widths_(2, 5, 10, 20)",0.18467857264012963
234,y,156,"y__cwt_coefficients__coeff_6__w_5__widths_(2, 5, 10, 20)",0.6704496013340149
234,y,157,"y__cwt_coefficients__coeff_6__w_10__widths_(2, 5, 10, 20)",2.646729638165662
234,y,158,"y__cwt_coefficients__coeff_6__w_20__widths_(2, 5, 10, 20)",-0.47329269647923844
234,y,159,"y__cwt_coefficients__coeff_7__w_2__widths_(2, 5, 10, 20)",0.2046238971801376
234,y,160,"y__cwt_coefficients__coeff_7__w_5__widths_(2, 5, 10, 20)",1.0519806862119012
234,y,161,"y__cwt_coefficients__coeff_7__w_10__widths_(2, 5, 10, 20)",3.1401758157658635
234,y,162,"y__cwt_coefficients__coeff_7__w_20__widths_(2, 5, 10, 20)",-0.5544440414429511
234,y,163,"y__cwt_coefficients__coeff_8__w_2__widths_(2, 5, 10, 20)",0.21286377881850857
234,y,164,"y__cwt_coefficients__coeff_8__w_5__widths_(2, 5, 10, 20)",1.3944776894325466
234,y,165,"y__cwt_coefficients__coeff_8__w_10__widths_(2, 5, 10, 20)",3.583460661915143
234,y,166,"y__cwt_coefficients__coeff_8__w_20__widths_(2, 5, 10, 20)",-0.6442684359879175
234,y,167,"y__cwt_coefficients__coeff_9__w_2__widths_(2, 5, 10, 20)",0.21814620274385613
234,y,168,"y__cwt_coefficients__coeff_9__w_5__widths_(2, 5, 10, 20)",1.6842744066602076
234,y,169,"y__cwt_coefficients__coeff_9__w_10__widths_(2, 5, 10, 20)",3.95626949881104
234,y,170,"y__cwt_coefficients__coeff_9__w_20__widths_(2, 5, 10, 20)",-0.7539112674468119
234,y,171,"y__cwt_coefficients__coeff_10__w_2__widths_(2, 5, 10, 20)",0.23654197054636508
234,y,172,"y__cwt_coefficients__coeff_10__w_5__widths_(2, 5, 10, 20)",1.9156515538679746
234,y,173,"y__cwt_coefficients__coeff_10__w_10__widths_(2, 5, 10, 20)",4.244323286866909
234,y,174,"y__cwt_coefficients__coeff_10__w_20__widths_(2, 5, 10, 20)",-0.8711116684313351
234,y,175,"y__cwt_coefficients__coeff_11__w_2__widths_(2, 5, 10, 20)",0.2734913902397532
234,y,176,"y__cwt_coefficients__coeff_11__w_5__widths_(2, 5, 10, 20)",2.088590652101636
234,y,177,"y__cwt_coefficients__coeff_11__w_10__widths_(2, 5, 10, 20)",4.432141293989221
234,y,178,"y__cwt_coefficients__coeff_11__w_20__widths_(2, 5, 10, 20)",-1.0459453376537646
234,y,179,"y__cwt_coefficients__coeff_12__w_2__widths_(2, 5, 10, 20)",0.3083627159489953
234,y,180,"y__cwt_coefficients__coeff_12__w_5__widths_(2, 5, 10, 20)",2.200786417671704
234,y,181,"y__cwt_coefficients__coeff_12__w_10__widths_(2, 5, 10, 20)",4.482754680753766
234,y,182,"y__cwt_coefficients__coeff_12__w_20__widths_(2, 5, 10, 20)",-1.1999589228802094
234,y,183,"y__cwt_coefficients__coeff_13__w_2__widths_(2, 5, 10, 20)",0.3144868205192477
234,y,184,"y__cwt_coefficients__coeff_13__w_5__widths_(2, 5, 10, 20)",2.2570592503027043
234,y,185,"y__cwt_coefficients__coeff_13__w_10__widths_(2, 5, 10, 20)",4.423198490604452
234,y,186,"y__cwt_coefficients__coeff_13__w_20__widths_(2, 5, 10, 20)",-1.3663687719319602
234,y,187,"y__cwt_coefficients__coeff_14__w_2__widths_(2, 5, 10, 20)",0.28888147789191
234,y,188,"y__cwt_coefficients__coeff_14__w_5__widths_(2, 5, 10, 20)",2.259263972598274
234,y,189,"y__cwt_coefficients__coeff_14__w_10__widths_(2, 5, 10, 20)",4.206548392635853
234,y,190,"y__cwt_coefficients__coeff_14__w_20__widths_(2, 5, 10, 20)",-1.535674927337126
234,y,191,y__spkt_welch_density__coeff_2,129.30586865439992
234,y,192,y__spkt_welch_density__coeff_5,1.107250192551569
234,y,193,y__spkt_welch_density__coeff_8,0.42279567443120286
234,y,194,y__ar_coefficient__coeff_0__k_10,0.02621995641619189
234,y,195,y__ar_coefficient__coeff_1__k_10,1.1927400964016637
234,y,196,y__ar_coefficient__coeff_2__k_10,-0.1498798712380562
234,y,197,y__ar_coefficient__coeff_3__k_10,0.12435476807812633
234,y,198,y__ar_coefficient__coeff_4__k_10,-0.07588572840152988
234,y,199,y__ar_coefficient__coeff_5__k_10,-0.0725840626399076
234,y,200,y__ar_coefficient__coeff_6__k_10,0.08544046081462699
234,y,201,y__ar_coefficient__coeff_7__k_10,-0.04828735209757094
234,y,202,y__ar_coefficient__coeff_8__k_10,0.009890221345420617
234,y,203,y__ar_coefficient__coeff_9__k_10,-0.04049304104774611
234,y,204,y__ar_coefficient__coeff_10__k_10,-0.02877134907298621
234,y,205,"y__change_quantiles__f_agg_""mean""__isabs_False__qh_0.2__ql_0.0",0.005245821300767688
234,y,206,"y__change_quantiles__f_agg_""var""__isabs_False__qh_0.2__ql_0.0",0.014258654442589653
234,y,207,"y__change_quantiles__f_agg_""mean""__isabs_True__qh_0.2__ql_0.0",0.0794752550652147
234,y,208,"y__change_quantiles__f_agg_""var""__isabs_True__qh_0.2__ql_0.0",0.007969856916028303
234,y,209,"y__change_quantiles__f_agg_""mean""__isabs_False__qh_0.4__ql_0.0",0.003776554603074593
234,y,210,"y__change_quantiles__f_agg_""var""__isabs_False__qh_0.4__ql_0.0",0.011331061370993488
234,y,211,"y__change_quantiles__f_agg_""mean""__isabs_True__qh_0.4__ql_0.0",0.07205295167891974
234,y,212,"y__change_quantiles__f_agg_""var""__isabs_True__qh_0.4__ql_0.0",0.00615369589001875
234,y,213,"y__change_quantiles__f_agg_""mean""__isabs_False__qh_0.6__ql_0.0",0.0028230846936999087
234,y,214,"y__change_quantiles__f_agg_""var""__isabs_False__qh_0.6__ql_0.0",0.009777355335528015
234,y,215,"y__change_quantiles__f_agg_""mean""__isabs_True__qh_0.6__ql_0.0",0.07123343171820498
234,y,216,"y__change_quantiles__f_agg_""var""__isabs_True__qh_0.6__ql_0.0",0.004711123348363647
234,y,217,"y__change_quantiles__f_agg_""mean""__isabs_False__qh_0.8__ql_0.0",0.0018806526814561803
234,y,218,"y__change_quantiles__f_agg_""var""__isabs_False__qh_0.8__ql_0.0",0.012145054189693825
234,y,219,"y__change_quantiles__f_agg_""mean""__isabs_True__qh_0.8__ql_0.0",0.07656924934065489
234,y,220,"y__change_quantiles__f_agg_""var""__isabs_True__qh_0.8__ql_0.0",0.006285741099610715
234,y,221,"y__change_quantiles__f_agg_""mean""__isabs_False__qh_1.0__ql_0.0",0.0017852257538759726
234,y,222,"y__change_quantiles__f_agg_""var""__isabs_False__qh_1.0__ql_0.0",0.013142995093681753
234,y,223,"y__change_quantiles__f_agg_""mean""__isabs_True__qh_1.0__ql_0.0",0.07498871699681059
234,y,224,"y__change_quantiles__f_agg_""var""__isabs_True__qh_1.0__ql_0.0",0.007522874447846302
234,y,225,"y__change_quantiles__f_agg_""mean""__isabs_False__qh_0.4__ql_0.2",0.0020318468427230232
234,y,226,"y__change_quantiles__f_agg_""var""__isabs_False__qh_0.4__ql_0.2",0.008422682421595357
234,y,227,"y__change_quantiles__f_agg_""mean""__isabs_True__qh_0.4__ql_0.2",0.06406303955010262
234,y,228,"y__change_quantiles__f_agg_""var""__isabs_True__qh_0.4__ql_0.2",0.004322737786789629
234,y,229,"y__change_quantiles__f_agg_""mean""__isabs_False__qh_0.6__ql_0.2",0.0014857269533412887
234,y,230,"y__change_quantiles__f_agg_""var""__isabs_False__qh_0.6__ql_0.2",0.007564562378928707
234,y,231,"y__change_quantiles__f_agg_""mean""__isabs_True__qh_0.6__ql_0.2",0.06699172943014471
234,y,232,"y__change_quantiles__f_agg_""var""__isabs_True__qh_0.6__ql_0.2",0.0030788779514668773
234,y,233,"y__change_quantiles__f_agg_""mean""__isabs_False__qh_0.8__ql_0.2",0.0006741138820062255
234,y,234,"y__change_quantiles__f_agg_""var""__isabs_False__qh_0.8__ql_0.2",0.011515126452069679
234,y,235,"y__change_quantiles__f_agg_""mean""__isabs_True__qh_0.8__ql_0.2",0.07564387903965752
234,y,236,"y__change_quantiles__f_agg_""var""__isabs_True__qh_0.8__ql_0.2",0.005793584445429254
234,y,237,"y__change_quantiles__f_agg_""mean""__isabs_False__qh_1.0__ql_0.2",0.0008677010407526638
234,y,238,"y__change_quantiles__f_agg_""var""__isabs_False__qh_1.0__ql_0.2",0.012934268668309195
234,y,239,"y__change_quantiles__f_agg_""mean""__isabs_True__qh_1.0__ql_0.2",0.07389622587761745
234,y,240,"y__change_quantiles__f_agg_""var""__isabs_True__qh_1.0__ql_0.2",0.007474369374449459
234,y,241,"y__change_quantiles__f_agg_""mean""__isabs_False__qh_0.6__ql_0.4",0.0019385165038958898
234,y,242,"y__change_quantiles__f_agg_""var""__isabs_False__qh_0.6__ql_0.4",0.006504108657113454
234,y,243,"y__change_quantiles__f_agg_""mean""__isabs_True__qh_0.6__ql_0.4",0.06859114554575516
234,y,244,"y__change_quantiles__f_agg_""var""__isabs_True__qh_0.6__ql_0.4",0.0018031212560703637
234,y,245,"y__change_quantiles__f_agg_""mean""__isabs_False__qh_0.8__ql_0.4",-0.0011830404197895564
234,y,246,"y__change_quantiles__f_agg_""var""__isabs_False__qh_0.8__ql_0.4",0.009416418166307334
234,y,247,"y__change_quantiles__f_agg_""mean""__isabs_True__qh_0.8__ql_0.4",0.07841777045267204
234,y,248,"y__change_quantiles__f_agg_""var""__isabs_True__qh_0.8__ql_0.4",0.003268471028174226
234,y,249,"y__change_quantiles__f_agg_""mean""__isabs_False__qh_1.0__ql_0.4",-0.00027038990616871125
234,y,250,"y__change_quantiles__f_agg_""var""__isabs_False__qh_1.0__ql_0.4",0.01206896590449102
234,y,251,"y__change_quantiles__f_agg_""mean""__isabs_True__qh_1.0__ql_0.4",0.07508649592106209
234,y,252,"y__change_quantiles__f_agg_""var""__isabs_True__qh_1.0__ql_0.4",0.006431057145488705
234,y,253,"y__change_quantiles__f_agg_""mean""__isabs_False__qh_0.8__ql_0.6",-0.0017199540969812838
234,y,254,"y__change_quantiles__f_agg_""var""__isabs_False__qh_0.8__ql_0.6",0.008963845774025354
234,y,255,"y__change_quantiles__f_agg_""mean""__isabs_True__qh_0.8__ql_0.6",0.08293576208138374
234,y,256,"y__change_quantiles__f_agg_""var""__isabs_True__qh_0.8__ql_0.6",0.0020884633841011854
234,y,257,"y__change_quantiles__f_agg_""mean""__isabs_False__qh_1.0__ql_0.6",-6.229172931643551e-05
234,y,258,"y__change_quantiles__f_agg_""var""__isabs_False__qh_1.0__ql_0.6",0.013196730509730154
234,y,259,"y__change_quantiles__f_agg_""mean""__isabs_True__qh_1.0__ql_0.6",0.07553408066622501
234,y,260,"y__change_quantiles__f_agg_""var""__isabs_True__qh_1.0__ql_0.6",0.007491337047897908
234,y,261,"y__change_quantiles__f_agg_""mean""__isabs_False__qh_1.0__ql_0.8",-0.00020444645506986742
234,y,262,"y__change_quantiles__f_agg_""var""__isabs_False__qh_1.0__ql_0.8",0.004862774082177609
234,y,263,"y__change_quantiles__f_agg_""mean""__isabs_True__qh_1.0__ql_0.8",0.056588962848644044
234,y,264,"y__change_quantiles__f_agg_""var""__isabs_True__qh_1.0__ql_0.8",0.0016605051642453836
234,y,265,"y__fft_coefficient__attr_""real""__coeff_0",37230.973501542845
234,y,266,"y__fft_coefficient__attr_""real""__coeff_1",-3698.937297696874
234,y,267,"y__fft_coefficient__attr_""real""__coeff_2",-1610.4487648312352
234,y,268,"y__fft_coefficient__attr_""real""__coeff_3",-707.374601698275
234,y,269,"y__fft_coefficient__attr_""real""__coeff_4",562.849161418299
234,y,270,"y__fft_coefficient__attr_""real""__coeff_5",-496.5430534936788
234,y,271,"y__fft_coefficient__attr_""real""__coeff_6",-218.24308235347192
234,y,272,"y__fft_coefficient__attr_""real""__coeff_7",-4.745395058298753
234,y,273,"y__fft_coefficient__attr_""real""__coeff_8",943.2646889025186
234,y,274,"y__fft_coefficient__attr_""real""__coeff_9",154.9652901374056
234,y,275,"y__fft_coefficient__attr_""real""__coeff_10",-562.2365523308695
234,y,276,"y__fft_coefficient__attr_""real""__coeff_11",-498.14930864928556
234,y,277,"y__fft_coefficient__attr_""real""__coeff_12",48.07879418838559
234,y,278,"y__fft_coefficient__attr_""real""__coeff_13",221.37629780573667
234,y,279,"y__fft_coefficient__attr_""real""__coeff_14",-171.93957952359668
234,y,280,"y__fft_coefficient__attr_""real""__coeff_15",-156.28098251047592
234,y,281,"y__fft_coefficient__attr_""real""__coeff_16",-216.21759595250745
234,y,282,"y__fft_coefficient__attr_""real""__coeff_17",28.119075068226596
234,y,283,"y__fft_coefficient__attr_""real""__coeff_18",-209.24793867309933
234,y,284,"y__fft_coefficient__attr_""real""__coeff_19",49.44776464866902
234,y,285,"y__fft_coefficient__attr_""real""__coeff_20",21.677661624288916
234,y,286,"y__fft_coefficient__attr_""real""__coeff_21",-39.206388167441055
234,y,287,"y__fft_coefficient__attr_""real""__coeff_22",-118.54002816704977
234,y,288,"y__fft_coefficient__attr_""real""__coeff_23",-36.72363925048814
234,y,289,"y__fft_coefficient__attr_""real""__coeff_24",-33.42579688337169
234,y,290,"y__fft_coefficient__attr_""real""__coeff_25",-121.41429514550052
234,y,291,"y__fft_coefficient__attr_""real""__coeff_26",-80.30898651226411
234,y,292,"y__fft_coefficient__attr_""real""__coeff_27",-271.9668171973357
234,y,293,"y__fft_coefficient__attr_""real""__coeff_28",-114.6722420308618
234,y,294,"y__fft_coefficient__attr_""real""__coeff_29",-125.4834322916566
234,y,295,"y__fft_coefficient__attr_""real""__coeff_30",94.60170916475741
234,y,296,"y__fft_coefficient__attr_""real""__coeff_31",109.91371339411975
234,y,297,"y__fft_coefficient__attr_""real""__coeff_32",-14.009798125819305
234,y,298,"y__fft_coefficient__attr_""real""__coeff_33",-244.34774787600662
234,y,299,"y__fft_coefficient__attr_""real""__coeff_34",-91.33557488770788
234,y,300,"y__fft_coefficient__attr_""real""__coeff_35",-16.50514661103847
234,y,301,"y__fft_coefficient__attr_""real""__coeff_36",-163.36796726896299
234,y,302,"y__fft_coefficient__attr_""real""__coeff_37",-83.55124253657432
234,y,303,"y__fft_coefficient__attr_""real""__coeff_38",-126.85759699520077
234,y,304,"y__fft_coefficient__attr_""real""__coeff_39",-8.15331008292237
234,y,305,"y__fft_coefficient__attr_""real""__coeff_40",-22.912964877813785
234,y,306,"y__fft_coefficient__attr_""real""__coeff_41",-2.726246531939903
234,y,307,"y__fft_coefficient__attr_""real""__coeff_42",-71.80727054069796
234,y,308,"y__fft_coefficient__attr_""real""__coeff_43",-1.2382011925467027
234,y,309,"y__fft_coefficient__attr_""real""__coeff_44",-140.55029864591847
234,y,310,"y__fft_coefficient__attr_""real""__coeff_45",-71.05390311816276
234,y,311,"y__fft_coefficient__attr_""real""__coeff_46",11.581703923860319
234,y,312,"y__fft_coefficient__attr_""real""__coeff_47",-89.70068298148045
234,y,313,"y__fft_coefficient__attr_""real""__coeff_48",-48.85894334499707
234,y,314,"y__fft_coefficient__attr_""real""__coeff_49",-62.72921430372746
234,y,315,"y__fft_coefficient__attr_""real""__coeff_50",-20.380421975759774
234,y,316,"y__fft_coefficient__attr_""real""__coeff_51",-51.60654203589316
234,y,317,"y__fft_coefficient__attr_""real""__coeff_52",-31.62765823557863
234,y,318,"y__fft_coefficient__attr_""real""__coeff_53",-74.17990539665848
234,y,319,"y__fft_coefficient__attr_""real""__coeff_54",85.40706003750763
234,y,320,"y__fft_coefficient__attr_""real""__coeff_55",17.07504641969352
234,y,321,"y__fft_coefficient__attr_""real""__coeff_56",13.107043406282077
234,y,322,"y__fft_coefficient__attr_""real""__coeff_57",10.069472418990081
234,y,323,"y__fft_coefficient__attr_""real""__coeff_58",-113.18696547943652
234,y,324,"y__fft_coefficient__attr_""real""__coeff_59",-71.82898294846213
234,y,325,"y__fft_coefficient__attr_""real""__coeff_60",38.910791043674706
234,y,326,"y__fft_coefficient__attr_""real""__coeff_61",38.53690335548696
234,y,327,"y__fft_coefficient__attr_""real""__coeff_62",-66.06458021353396
234,y,328,"y__fft_coefficient__attr_""real""__coeff_63",8.5565346535189
234,y,329,"y__fft_coefficient__attr_""real""__coeff_64",11.571480416138524
234,y,330,"y__fft_coefficient__attr_""real""__coeff_65",162.10971116243576
234,y,331,"y__fft_coefficient__attr_""real""__coeff_66",79.16173619362449
234,y,332,"y__fft_coefficient__attr_""real""__coeff_67",-63.649774344024124
234,y,333,"y__fft_coefficient__attr_""real""__coeff_68",-38.57002508169427
234,y,334,"y__fft_coefficient__attr_""real""__coeff_69",47.36058397837232
234,y,335,"y__fft_coefficient__attr_""real""__coeff_70",11.401207867690378
234,y,336,"y__fft_coefficient__attr_""real""__coeff_71",37.8758170989013
234,y,337,"y__fft_coefficient__attr_""real""__coeff_72",105.83793220726767
234,y,338,"y__fft_coefficient__attr_""real""__coeff_73",11.738046477186128
234,y,339,"y__fft_coefficient__attr_""real""__coeff_74",61.10152464239883
234,y,340,"y__fft_coefficient__attr_""real""__coeff_75",24.427702753326006
234,y,341,"y__fft_coefficient__attr_""real""__coeff_76",59.19623829021401
234,y,342,"y__fft_coefficient__attr_""real""__coeff_77",76.52554556117552
234,y,343,"y__fft_coefficient__attr_""real""__coeff_78",83.63606372676533
234,y,344,"y__fft_coefficient__attr_""real""__coeff_79",22.22279113289486
234,y,345,"y__fft_coefficient__attr_""real""__coeff_80",61.43892763201684
234,y,346,"y__fft_coefficient__attr_""real""__coeff_81",34.682655604169064
234,y,347,"y__fft_coefficient__attr_""real""__coeff_82",39.598435672712135
234,y,348,"y__fft_coefficient__attr_""real""__coeff_83",134.2242416391685
234,y,349,"y__fft_coefficient__attr_""real""__coeff_84",38.2624438238894
234,y,350,"y__fft_coefficient__attr_""real""__coeff_85",22.970280036582793
234,y,351,"y__fft_coefficient__attr_""real""__coeff_86",27.44624836577898
234,y,352,"y__fft_coefficient__attr_""real""__coeff_87",130.2883439705016
234,y,353,"y__fft_coefficient__attr_""real""__coeff_88",130.50743330423143
234,y,354,"y__fft_coefficient__attr_""real""__coeff_89",86.61459784590147
234,y,355,"y__fft_coefficient__attr_""real""__coeff_90",-12.210923650809843
234,y,356,"y__fft_coefficient__attr_""real""__coeff_91",64.36624183187624
234,y,357,"y__fft_coefficient__attr_""real""__coeff_92",75.25494211862738
234,y,358,"y__fft_coefficient__attr_""real""__coeff_93",-5.5216498304354324
234,y,359,"y__fft_coefficient__attr_""real""__coeff_94",51.75339400336418
234,y,360,"y__fft_coefficient__attr_""real""__coeff_95",40.38673306504154
234,y,361,"y__fft_coefficient__attr_""real""__coeff_96",100.52591613000754
234,y,362,"y__fft_coefficient__attr_""real""__coeff_97",97.30631383904854
234,y,363,"y__fft_coefficient__attr_""real""__coeff_98",72.31144441366109
234,y,364,"y__fft_coefficient__attr_""real""__coeff_99",16.912538282900265
234,y,365,"y__fft_coefficient__attr_""imag""__coeff_0",0.0
234,y,366,"y__fft_coefficient__attr_""imag""__coeff_1",4329.884254453857
234,y,367,"y__fft_coefficient__attr_""imag""__coeff_2",2693.180118100522
234,y,368,"y__fft_coefficient__attr_""imag""__coeff_3",3205.100858925372
234,y,369,"y__fft_coefficient__attr_""imag""__coeff_4",1469.9348705273555
234,y,370,"y__fft_coefficient__attr_""imag""__coeff_5",1045.2416415716757
234,y,371,"y__fft_coefficient__attr_""imag""__coeff_6",1324.6173672148198
234,y,372,"y__fft_coefficient__attr_""imag""__coeff_7",1470.9523340826627
234,y,373,"y__fft_coefficient__attr_""imag""__coeff_8",849.2941057828049
234,y,374,"y__fft_coefficient__attr_""imag""__coeff_9",-256.67333600839845
234,y,375,"y__fft_coefficient__attr_""imag""__coeff_10",248.1941764820756
234,y,376,"y__fft_coefficient__attr_""imag""__coeff_11",712.8781973732512
234,y,377,"y__fft_coefficient__attr_""imag""__coeff_12",911.4055750877849
234,y,378,"y__fft_coefficient__attr_""imag""__coeff_13",275.24015629787004
234,y,379,"y__fft_coefficient__attr_""imag""__coeff_14",313.0861784841877
234,y,380,"y__fft_coefficient__attr_""imag""__coeff_15",297.19232520233487
234,y,381,"y__fft_coefficient__attr_""imag""__coeff_16",508.4894723136145
234,y,382,"y__fft_coefficient__attr_""imag""__coeff_17",381.47324852697295
234,y,383,"y__fft_coefficient__attr_""imag""__coeff_18",352.819401743219
234,y,384,"y__fft_coefficient__attr_""imag""__coeff_19",479.98753559200446
234,y,385,"y__fft_coefficient__attr_""imag""__coeff_20",261.83485104759774
234,y,386,"y__fft_coefficient__attr_""imag""__coeff_21",227.77812283957581
234,y,387,"y__fft_coefficient__attr_""imag""__coeff_22",243.03620221859515
234,y,388,"y__fft_coefficient__attr_""imag""__coeff_23",339.79223664131575
234,y,389,"y__fft_coefficient__attr_""imag""__coeff_24",144.23582693185858
234,y,390,"y__fft_coefficient__attr_""imag""__coeff_25",249.42875038065154
234,y,391,"y__fft_coefficient__attr_""imag""__coeff_26",142.0230819194395
234,y,392,"y__fft_coefficient__attr_""imag""__coeff_27",259.9521690743999
234,y,393,"y__fft_coefficient__attr_""imag""__coeff_28",336.05429199589014
234,y,394,"y__fft_coefficient__attr_""imag""__coeff_29",387.40236828230877
234,y,395,"y__fft_coefficient__attr_""imag""__coeff_30",383.2972332194788
234,y,396,"y__fft_coefficient__attr_""imag""__coeff_31",147.47640781448183
234,y,397,"y__fft_coefficient__attr_""imag""__coeff_32",34.649830658741564
234,y,398,"y__fft_coefficient__attr_""imag""__coeff_33",148.50506040920448
234,y,399,"y__fft_coefficient__attr_""imag""__coeff_34",309.31445696184585
234,y,400,"y__fft_coefficient__attr_""imag""__coeff_35",153.6315701388945
234,y,401,"y__fft_coefficient__attr_""imag""__coeff_36",226.14439906058834
234,y,402,"y__fft_coefficient__attr_""imag""__coeff_37",199.2632020075075
234,y,403,"y__fft_coefficient__attr_""imag""__coeff_38",293.4562774583072
234,y,404,"y__fft_coefficient__attr_""imag""__coeff_39",286.6176437563626
234,y,405,"y__fft_coefficient__attr_""imag""__coeff_40",200.00677238302166
234,y,406,"y__fft_coefficient__attr_""imag""__coeff_41",188.84396319574745
234,y,407,"y__fft_coefficient__attr_""imag""__coeff_42",208.98846069823196
234,y,408,"y__fft_coefficient__attr_""imag""__coeff_43",148.08476016769035
234,y,409,"y__fft_coefficient__attr_""imag""__coeff_44",150.2768424815745
234,y,410,"y__fft_coefficient__attr_""imag""__coeff_45",304.7120898186193
234,y,411,"y__fft_coefficient__attr_""imag""__coeff_46",157.84833330707252
234,y,412,"y__fft_coefficient__attr_""imag""__coeff_47",183.8181278094341
234,y,413,"y__fft_coefficient__attr_""imag""__coeff_48",216.78451430616212
234,y,414,"y__fft_coefficient__attr_""imag""__coeff_49",216.99286187470085
234,y,415,"y__fft_coefficient__attr_""imag""__coeff_50",-3563.9007751485356
234,y,416,"y__fft_coefficient__attr_""imag""__coeff_51",229.81834388276974
234,y,417,"y__fft_coefficient__attr_""imag""__coeff_52",187.59714746985355
234,y,418,"y__fft_coefficient__attr_""imag""__coeff_53",243.74677027905622
234,y,419,"y__fft_coefficient__attr_""imag""__coeff_54",278.78843531970267
234,y,420,"y__fft_coefficient__attr_""imag""__coeff_55",125.26637335573704
234,y,421,"y__fft_coefficient__attr_""imag""__coeff_56",165.2270367794916
234,y,422,"y__fft_coefficient__attr_""imag""__coeff_57",119.69980475057653
234,y,423,"y__fft_coefficient__attr_""imag""__coeff_58",138.5997089433841
234,y,424,"y__fft_coefficient__attr_""imag""__coeff_59",234.94234403163418
234,y,425,"y__fft_coefficient__attr_""imag""__coeff_60",281.3671475820414
234,y,426,"y__fft_coefficient__attr_""imag""__coeff_61",121.82649696464001
234,y,427,"y__fft_coefficient__attr_""imag""__coeff_62",174.59900913670955
234,y,428,"y__fft_coefficient__attr_""imag""__coeff_63",240.75201756010526
234,y,429,"y__fft_coefficient__attr_""imag""__coeff_64",249.74385508203935
234,y,430,"y__fft_coefficient__attr_""imag""__coeff_65",201.57312595154144
234,y,431,"y__fft_coefficient__attr_""imag""__coeff_66",38.74504195380283
234,y,432,"y__fft_coefficient__attr_""imag""__coeff_67",104.6896576004722
234,y,433,"y__fft_coefficient__attr_""imag""__coeff_68",190.34445770986073
234,y,434,"y__fft_coefficient__attr_""imag""__coeff_69",196.8886221452772
234,y,435,"y__fft_coefficient__attr_""imag""__coeff_70",161.19832985900376
234,y,436,"y__fft_coefficient__attr_""imag""__coeff_71",204.53076119365397
234,y,437,"y__fft_coefficient__attr_""imag""__coeff_72",128.62314457653275
234,y,438,"y__fft_coefficient__attr_""imag""__coeff_73",145.79898231388518
234,y,439,"y__fft_coefficient__attr_""imag""__coeff_74",137.11679595717288
234,y,440,"y__fft_coefficient__attr_""imag""__coeff_75",121.81744422931244
234,y,441,"y__fft_coefficient__attr_""imag""__coeff_76",187.22440087458529
234,y,442,"y__fft_coefficient__attr_""imag""__coeff_77",122.22004170919189
234,y,443,"y__fft_coefficient__attr_""imag""__coeff_78",94.48710115988638
234,y,444,"y__fft_coefficient__attr_""imag""__coeff_79",116.83772174629843
234,y,445,"y__fft_coefficient__attr_""imag""__coeff_80",116.8261475842409
234,y,446,"y__fft_coefficient__attr_""imag""__coeff_81",88.92291122100512
234,y,447,"y__fft_coefficient__attr_""imag""__coeff_82",184.04810108650713
234,y,448,"y__fft_coefficient__attr_""imag""__coeff_83",89.43738251380773
234,y,449,"y__fft_coefficient__attr_""imag""__coeff_84",43.0246036460489
234,y,450,"y__fft_coefficient__attr_""imag""__coeff_85",112.63769584227236
234,y,451,"y__fft_coefficient__attr_""imag""__coeff_86",147.24363080214874
234,y,452,"y__fft_coefficient__attr_""imag""__coeff_87",141.63951383549917
234,y,453,"y__fft_coefficient__attr_""imag""__coeff_88",66.97052340580252
234,y,454,"y__fft_coefficient__attr_""imag""__coeff_89",-7.234423554953902
234,y,455,"y__fft_coefficient__attr_""imag""__coeff_90",42.05893149146539
234,y,456,"y__fft_coefficient__attr_""imag""__coeff_91",113.13932128278495
234,y,457,"y__fft_coefficient__attr_""imag""__coeff_92",27.604301027674836
234,y,458,"y__fft_coefficient__attr_""imag""__coeff_93",56.23872830311722
234,y,459,"y__fft_coefficient__attr_""imag""__coeff_94",86.59378004422734
234,y,460,"y__fft_coefficient__attr_""imag""__coeff_95",96.09038923631806
234,y,461,"y__fft_coefficient__attr_""imag""__coeff_96",77.13587413861293
234,y,462,"y__fft_coefficient__attr_""imag""__coeff_97",37.84060932654637
234,y,463,"y__fft_coefficient__attr_""imag""__coeff_98",2.6061760310558135
234,y,464,"y__fft_coefficient__attr_""imag""__coeff_99",41.779000719217784
234,y,465,"y__fft_coefficient__attr_""abs""__coeff_0",37230.973501542845
234,y,466,"y__fft_coefficient__attr_""abs""__coeff_1",5694.737464471956
234,y,467,"y__fft_coefficient__attr_""abs""__coeff_2",3137.955444661124
234,y,468,"y__fft_coefficient__attr_""abs""__coeff_3",3282.2325242145703
234,y,469,"y__fft_coefficient__attr_""abs""__coeff_4",1574.0100705210104
234,y,470,"y__fft_coefficient__attr_""abs""__coeff_5",1157.1884432745937
234,y,471,"y__fft_coefficient__attr_""abs""__coeff_6",1342.4757772571784
234,y,472,"y__fft_coefficient__attr_""abs""__coeff_7",1470.9599885508417
234,y,473,"y__fft_coefficient__attr_""abs""__coeff_8",1269.2709527314407
234,y,474,"y__fft_coefficient__attr_""abs""__coeff_9",299.8256869666949
234,y,475,"y__fft_coefficient__attr_""abs""__coeff_10",614.581394134673
234,y,476,"y__fft_coefficient__attr_""abs""__coeff_11",869.6827341035909
234,y,477,"y__fft_coefficient__attr_""abs""__coeff_12",912.6728289763563
234,y,478,"y__fft_coefficient__attr_""abs""__coeff_13",353.2203403954112
234,y,479,"y__fft_coefficient__attr_""abs""__coeff_14",357.1920690113148
234,y,480,"y__fft_coefficient__attr_""abs""__coeff_15",335.77823582479266
234,y,481,"y__fft_coefficient__attr_""abs""__coeff_16",552.5500812173136
234,y,482,"y__fft_coefficient__attr_""abs""__coeff_17",382.50819824470983
234,y,483,"y__fft_coefficient__attr_""abs""__coeff_18",410.2026695249363
234,y,484,"y__fft_coefficient__attr_""abs""__coeff_19",482.5278393548252
234,y,485,"y__fft_coefficient__attr_""abs""__coeff_20",262.73068004444184
234,y,486,"y__fft_coefficient__attr_""abs""__coeff_21",231.1277008873167
234,y,487,"y__fft_coefficient__attr_""abs""__coeff_22",270.4040196940179
234,y,488,"y__fft_coefficient__attr_""abs""__coeff_23",341.77096096875744
234,y,489,"y__fft_coefficient__attr_""abs""__coeff_24",148.058291453081
234,y,490,"y__fft_coefficient__attr_""abs""__coeff_25",277.40968364880865
234,y,491,"y__fft_coefficient__attr_""abs""__coeff_26",163.15663980519716
234,y,492,"y__fft_coefficient__attr_""abs""__coeff_27",376.219457049917
234,y,493,"y__fft_coefficient__attr_""abs""__coeff_28",355.0805686900419
234,y,494,"y__fft_coefficient__attr_""abs""__coeff_29",407.218229860153
234,y,495,"y__fft_coefficient__attr_""abs""__coeff_30",394.79900249443494
234,y,496,"y__fft_coefficient__attr_""abs""__coeff_31",183.93019125186615
234,y,497,"y__fft_coefficient__attr_""abs""__coeff_32",37.37492753445386
234,y,498,"y__fft_coefficient__attr_""abs""__coeff_33",285.9363125928884
234,y,499,"y__fft_coefficient__attr_""abs""__coeff_34",322.51762824017806
234,y,500,"y__fft_coefficient__attr_""abs""__coeff_35",154.5156277144611
234,y,501,"y__fft_coefficient__attr_""abs""__coeff_36",278.9809705984758
234,y,502,"y__fft_coefficient__attr_""abs""__coeff_37",216.07089994649954
234,y,503,"y__fft_coefficient__attr_""abs""__coeff_38",319.7021061786796
234,y,504,"y__fft_coefficient__attr_""abs""__coeff_39",286.7335874601325
234,y,505,"y__fft_coefficient__attr_""abs""__coeff_40",201.31495959954333
234,y,506,"y__fft_coefficient__attr_""abs""__coeff_41",188.8636409043036
234,y,507,"y__fft_coefficient__attr_""abs""__coeff_42",220.98067971549332
234,y,508,"y__fft_coefficient__attr_""abs""__coeff_43",148.08993664701055
234,y,509,"y__fft_coefficient__attr_""abs""__coeff_44",205.76082191634254
234,y,510,"y__fft_coefficient__attr_""abs""__coeff_45",312.88674441394215
234,y,511,"y__fft_coefficient__attr_""abs""__coeff_46",158.27265143921935
234,y,512,"y__fft_coefficient__attr_""abs""__coeff_47",204.53683443015714
234,y,513,"y__fft_coefficient__attr_""abs""__coeff_48",222.22223558354423
234,y,514,"y__fft_coefficient__attr_""abs""__coeff_49",225.87796800869262
234,y,515,"y__fft_coefficient__attr_""abs""__coeff_50",3563.959048123904
234,y,516,"y__fft_coefficient__attr_""abs""__coeff_51",235.5413050102283
234,y,517,"y__fft_coefficient__attr_""abs""__coeff_52",190.24457549242382
234,y,518,"y__fft_coefficient__attr_""abs""__coeff_53",254.78450970600275
234,y,519,"y__fft_coefficient__attr_""abs""__coeff_54",291.5773612135525
234,y,520,"y__fft_coefficient__attr_""abs""__coeff_55",126.42476618105171
234,y,521,"y__fft_coefficient__attr_""abs""__coeff_56",165.74609579047598
234,y,522,"y__fft_coefficient__attr_""abs""__coeff_57",120.12259376205189
234,y,523,"y__fft_coefficient__attr_""abs""__coeff_58",178.94459610067565
234,y,524,"y__fft_coefficient__attr_""abs""__coeff_59",245.6772431677163
234,y,525,"y__fft_coefficient__attr_""abs""__coeff_60",284.044928485088
234,y,526,"y__fft_coefficient__attr_""abs""__coeff_61",127.77632129195763
234,y,527,"y__fft_coefficient__attr_""abs""__coeff_62",186.67978666773556
234,y,528,"y__fft_coefficient__attr_""abs""__coeff_63",240.9040228899013
234,y,529,"y__fft_coefficient__attr_""abs""__coeff_64",250.01178434277801
234,y,530,"y__fft_coefficient__attr_""abs""__coeff_65",258.6721545877026
234,y,531,"y__fft_coefficient__attr_""abs""__coeff_66",88.13488953411662
234,y,532,"y__fft_coefficient__attr_""abs""__coeff_67",122.5202766179921
234,y,533,"y__fft_coefficient__attr_""abs""__coeff_68",194.2129228853309
234,y,534,"y__fft_coefficient__attr_""abs""__coeff_69",202.50470227883156
234,y,535,"y__fft_coefficient__attr_""abs""__coeff_70",161.60101822134186
234,y,536,"y__fft_coefficient__attr_""abs""__coeff_71",208.00819646197823
234,y,537,"y__fft_coefficient__attr_""abs""__coeff_72",166.5700489723943
234,y,538,"y__fft_coefficient__attr_""abs""__coeff_73",146.2707249550134
234,y,539,"y__fft_coefficient__attr_""abs""__coeff_74",150.11466299861135
234,y,540,"y__fft_coefficient__attr_""abs""__coeff_75",124.24251438362997
234,y,541,"y__fft_coefficient__attr_""abs""__coeff_76",196.35979962955557
234,y,542,"y__fft_coefficient__attr_""abs""__coeff_77",144.200893613154
234,y,543,"y__fft_coefficient__attr_""abs""__coeff_78",126.18559125869386
234,y,544,"y__fft_coefficient__attr_""abs""__coeff_79",118.9323575340274
234,y,545,"y__fft_coefficient__attr_""abs""__coeff_80",131.99655521242605
234,y,546,"y__fft_coefficient__attr_""abs""__coeff_81",95.44721441601195
234,y,547,"y__fft_coefficient__attr_""abs""__coeff_82",188.25976633703516
234,y,548,"y__fft_coefficient__attr_""abs""__coeff_83",161.2922578257588
234,y,549,"y__fft_coefficient__attr_""abs""__coeff_84",57.577175393343985
234,y,550,"y__fft_coefficient__attr_""abs""__coeff_85",114.95601023702628
234,y,551,"y__fft_coefficient__attr_""abs""__coeff_86",149.77978288525964
234,y,552,"y__fft_coefficient__attr_""abs""__coeff_87",192.4494854608146
234,y,553,"y__fft_coefficient__attr_""abs""__coeff_88",146.6875630478111
234,y,554,"y__fft_coefficient__attr_""abs""__coeff_89",86.9161978239943
234,y,555,"y__fft_coefficient__attr_""abs""__coeff_90",43.79566616241481
234,y,556,"y__fft_coefficient__attr_""abs""__coeff_91",130.1672735670868
234,y,557,"y__fft_coefficient__attr_""abs""__coeff_92",80.15799241812664
234,y,558,"y__fft_coefficient__attr_""abs""__coeff_93",56.50914242847599
234,y,559,"y__fft_coefficient__attr_""abs""__coeff_94",100.88060533727719
234,y,560,"y__fft_coefficient__attr_""abs""__coeff_95",104.23267775152871
234,y,561,"y__fft_coefficient__attr_""abs""__coeff_96",126.70991631638482
234,y,562,"y__fft_coefficient__attr_""abs""__coeff_97",104.40512644093545
234,y,563,"y__fft_coefficient__attr_""abs""__coeff_98",72.35839375424835
234,y,564,"y__fft_coefficient__attr_""abs""__coeff_99",45.072373492716885
234,y,565,"y__fft_coefficient__attr_""angle""__coeff_0",0.0
234,y,566,"y__fft_coefficient__attr_""angle""__coeff_1",130.50663141438454
234,y,567,"y__fft_coefficient__attr_""angle""__coeff_2",120.87828056827075
234,y,568,"y__fft_coefficient__attr_""angle""__coeff_3",102.44581910777532
234,y,569,"y__fft_coefficient__attr_""angle""__coeff_4",69.04777962395217
234,y,570,"y__fft_coefficient__attr_""angle""__coeff_5",115.41010071908035
234,y,571,"y__fft_coefficient__attr_""angle""__coeff_6",99.35596119167246
234,y,572,"y__fft_coefficient__attr_""angle""__coeff_7",90.18483954879488
234,y,573,"y__fft_coefficient__attr_""angle""__coeff_8",41.99915346646003
234,y,574,"y__fft_coefficient__attr_""angle""__coeff_9",-58.87872239931686
234,y,575,"y__fft_coefficient__attr_""angle""__coeff_10",156.18137829400155
234,y,576,"y__fft_coefficient__attr_""angle""__coeff_11",124.94531121687388
234,y,577,"y__fft_coefficient__attr_""angle""__coeff_12",86.98031146280631
234,y,578,"y__fft_coefficient__attr_""angle""__coeff_13",51.19019889181191
234,y,579,"y__fft_coefficient__attr_""angle""__coeff_14",118.77455723778401
234,y,580,"y__fft_coefficient__attr_""angle""__coeff_15",117.73800013270439
234,y,581,"y__fft_coefficient__attr_""angle""__coeff_16",113.03594853715254
234,y,582,"y__fft_coefficient__attr_""angle""__coeff_17",85.78424996318823
234,y,583,"y__fft_coefficient__attr_""angle""__coeff_18",120.67106854675262
234,y,584,"y__fft_coefficient__attr_""angle""__coeff_19",84.11820364353171
234,y,585,"y__fft_coefficient__attr_""angle""__coeff_20",85.2671987059198
234,y,586,"y__fft_coefficient__attr_""angle""__coeff_21",99.76635654789389
234,y,587,"y__fft_coefficient__attr_""angle""__coeff_22",116.00063839916649
234,y,588,"y__fft_coefficient__attr_""angle""__coeff_23",96.16839893095326
234,y,589,"y__fft_coefficient__attr_""angle""__coeff_24",103.04763527880392
234,y,590,"y__fft_coefficient__attr_""angle""__coeff_25",115.95540384474614
234,y,591,"y__fft_coefficient__attr_""angle""__coeff_26",119.48661065649158
234,y,592,"y__fft_coefficient__attr_""angle""__coeff_27",136.29394064494892
234,y,593,"y__fft_coefficient__attr_""angle""__coeff_28",108.84124732037917
234,y,594,"y__fft_coefficient__attr_""angle""__coeff_29",107.94764824864461
234,y,595,"y__fft_coefficient__attr_""angle""__coeff_30",76.13589060927563
234,y,596,"y__fft_coefficient__attr_""angle""__coeff_31",53.302950459424935
234,y,597,"y__fft_coefficient__attr_""angle""__coeff_32",112.01472232678881
234,y,598,"y__fft_coefficient__attr_""angle""__coeff_33",148.71039263954646
234,y,599,"y__fft_coefficient__attr_""angle""__coeff_34",106.45102136780909
234,y,600,"y__fft_coefficient__attr_""angle""__coeff_35",96.13195536134486
234,y,601,"y__fft_coefficient__attr_""angle""__coeff_36",125.84455524511466
234,y,602,"y__fft_coefficient__attr_""angle""__coeff_37",112.74834866872717
234,y,603,"y__fft_coefficient__attr_""angle""__coeff_38",113.37824403016872
234,y,604,"y__fft_coefficient__attr_""angle""__coeff_39",91.62943321995664
234,y,605,"y__fft_coefficient__attr_""angle""__coeff_40",96.53536751977394
234,y,606,"y__fft_coefficient__attr_""angle""__coeff_41",90.82709326465456
234,y,607,"y__fft_coefficient__attr_""angle""__coeff_42",108.96243575394934
234,y,608,"y__fft_coefficient__attr_""angle""__coeff_43",90.4790638091319
234,y,609,"y__fft_coefficient__attr_""angle""__coeff_44",133.0844900975399
234,y,610,"y__fft_coefficient__attr_""angle""__coeff_45",103.12589323622707
234,y,611,"y__fft_coefficient__attr_""angle""__coeff_46",85.80359340888542
234,y,612,"y__fft_coefficient__attr_""angle""__coeff_47",116.01173058469521
234,y,613,"y__fft_coefficient__attr_""angle""__coeff_48",102.70111753776852
234,y,614,"y__fft_coefficient__attr_""angle""__coeff_49",106.1237477777236
234,y,615,"y__fft_coefficient__attr_""angle""__coeff_50",-90.32764644948418
234,y,616,"y__fft_coefficient__attr_""angle""__coeff_51",102.6560380872655
234,y,617,"y__fft_coefficient__attr_""angle""__coeff_52",99.56970374997937
234,y,618,"y__fft_coefficient__attr_""angle""__coeff_53",106.92667526918103
234,y,619,"y__fft_coefficient__attr_""angle""__coeff_54",72.9675126523512
234,y,620,"y__fft_coefficient__attr_""angle""__coeff_55",82.2378568458845
234,y,621,"y__fft_coefficient__attr_""angle""__coeff_56",85.46436866045566
234,y,622,"y__fft_coefficient__attr_""angle""__coeff_57",85.1914450008398
234,y,623,"y__fft_coefficient__attr_""angle""__coeff_58",129.23667351406323
234,y,624,"y__fft_coefficient__attr_""angle""__coeff_59",106.99997769840714
234,y,625,"y__fft_coefficient__attr_""angle""__coeff_60",82.12639891385301
234,y,626,"y__fft_coefficient__attr_""angle""__coeff_61",72.44647644996205
234,y,627,"y__fft_coefficient__attr_""angle""__coeff_62",110.72558477827558
234,y,628,"y__fft_coefficient__attr_""angle""__coeff_63",87.96451526129052
234,y,629,"y__fft_coefficient__attr_""angle""__coeff_64",87.34718932907548
234,y,630,"y__fft_coefficient__attr_""angle""__coeff_65",51.192964418815066
234,y,631,"y__fft_coefficient__attr_""angle""__coeff_66",26.07904597228736
234,y,632,"y__fft_coefficient__attr_""angle""__coeff_67",121.2989869840258
234,y,633,"y__fft_coefficient__attr_""angle""__coeff_68",101.45490368671025
234,y,634,"y__fft_coefficient__attr_""angle""__coeff_69",76.47474199248624
234,y,635,"y__fft_coefficient__attr_""angle""__coeff_70",85.95433099633348
234,y,636,"y__fft_coefficient__attr_""angle""__coeff_71",79.50859064163402
234,y,637,"y__fft_coefficient__attr_""angle""__coeff_72",50.55064349721775
234,y,638,"y__fft_coefficient__attr_""angle""__coeff_73",85.3971345385607
234,y,639,"y__fft_coefficient__attr_""angle""__coeff_74",65.98145225708292
234,y,640,"y__fft_coefficient__attr_""angle""__coeff_75",78.66102964991799
234,y,641,"y__fft_coefficient__attr_""angle""__coeff_76",72.45419112465369
234,y,642,"y__fft_coefficient__attr_""angle""__coeff_77",57.948112810160886
234,y,643,"y__fft_coefficient__attr_""angle""__coeff_78",48.48607813916145
234,y,644,"y__fft_coefficient__attr_""angle""__coeff_79",79.2308520512196
234,y,645,"y__fft_coefficient__attr_""angle""__coeff_80",62.26009615123767
234,y,646,"y__fft_coefficient__attr_""angle""__coeff_81",68.69269506562475
234,y,647,"y__fft_coefficient__attr_""angle""__coeff_82",77.85776061988551
234,y,648,"y__fft_coefficient__attr_""angle""__coeff_83",33.67663532600658
234,y,649,"y__fft_coefficient__attr_""angle""__coeff_84",48.35281147120763
234,y,650,"y__fft_coefficient__attr_""angle""__coeff_85",78.47368363544605
234,y,651,"y__fft_coefficient__attr_""angle""__coeff_86",79.44122832629965
234,y,652,"y__fft_coefficient__attr_""angle""__coeff_87",47.390327955410726
234,y,653,"y__fft_coefficient__attr_""angle""__coeff_88",27.16484733242749
234,y,654,"y__fft_coefficient__attr_""angle""__coeff_89",-4.774507578065814
234,y,655,"y__fft_coefficient__attr_""angle""__coeff_90",106.18954060486944
234,y,656,"y__fft_coefficient__attr_""angle""__coeff_91",60.36396176637979
234,y,657,"y__fft_coefficient__attr_""angle""__coeff_92",20.14356618973107
234,y,658,"y__fft_coefficient__attr_""angle""__coeff_93",95.60746145920132
234,y,659,"y__fft_coefficient__attr_""angle""__coeff_94",59.135046928429844
234,y,660,"y__fft_coefficient__attr_""angle""__coeff_95",67.20301368806669
234,y,661,"y__fft_coefficient__attr_""angle""__coeff_96",37.49986572423313
234,y,662,"y__fft_coefficient__attr_""angle""__coeff_97",21.250129606323075
234,y,663,"y__fft_coefficient__attr_""angle""__coeff_98",2.0641031904834253
234,y,664,"y__fft_coefficient__attr_""angle""__coeff_99",67.9614277434843
234,y,665,"y__fft_aggregated__aggtype_""centroid""",223.7814262525765
234,y,666,"y__fft_aggregated__aggtype_""variance""",245449.28170923018
234,y,667,"y__fft_aggregated__aggtype_""skew""",2.74874662300283
234,y,668,"y__fft_aggregated__aggtype_""kurtosis""",10.146421605418102
234,y,669,y__value_count__value_0,0.0
234,y,670,y__value_count__value_1,0.0
234,y,671,y__value_count__value_-1,0.0
234,y,672,y__range_count__max_1__min_-1,143.0
234,y,673,y__range_count__max_0__min_-1000000000000.0,12.0
234,y,674,y__range_count__max_1000000000000.0__min_0,4988.0
234,y,675,y__approximate_entropy__m_2__r_0.1,0.24174260967179206
234,y,676,y__approximate_entropy__m_2__r_0.3,0.06862105885796455
234,y,677,y__approximate_entropy__m_2__r_0.5,0.037648664176637814
234,y,678,y__approximate_entropy__m_2__r_0.7,0.026817754578839392
234,y,679,y__approximate_entropy__m_2__r_0.9,0.01761974055351534
234,y,680,y__friedrich_coefficients__coeff_0__m_3__r_30,-0.00010155997217940662
234,y,681,y__friedrich_coefficients__coeff_1__m_3__r_30,0.001489888361482719
234,y,682,y__friedrich_coefficients__coeff_2__m_3__r_30,-0.006863768941045951
234,y,683,y__friedrich_coefficients__coeff_3__m_3__r_30,0.015510173221178158
234,y,684,y__max_langevin_fixed_point__m_3__r_30,9.078768857970466
234,y,685,"y__linear_trend__attr_""pvalue""",0.0
234,y,686,"y__linear_trend__attr_""rvalue""",0.7260849987137341
234,y,687,"y__linear_trend__attr_""intercept""",4.215743717366081
234,y,688,"y__linear_trend__attr_""slope""",0.001292438880953186
234,y,689,"y__linear_trend__attr_""stderr""",1.7312644946128885e-05
234,y,690,"y__agg_linear_trend__attr_""rvalue""__chunk_len_5__f_agg_""max""",0.7257779761946899
234,y,691,"y__agg_linear_trend__attr_""rvalue""__chunk_len_5__f_agg_""min""",0.7288394713978886
234,y,692,"y__agg_linear_trend__attr_""rvalue""__chunk_len_5__f_agg_""mean""",0.726898089193989
234,y,693,"y__agg_linear_trend__attr_""rvalue""__chunk_len_5__f_agg_""var""",-0.08123097414837945
234,y,694,"y__agg_linear_trend__attr_""rvalue""__chunk_len_10__f_agg_""max""",0.7282969004046493
234,y,695,"y__agg_linear_trend__attr_""rvalue""__chunk_len_10__f_agg_""min""",0.7324372766338025
234,y,696,"y__agg_linear_trend__attr_""rvalue""__chunk_len_10__f_agg_""mean""",0.7286091985649527
234,y,697,"y__agg_linear_trend__attr_""rvalue""__chunk_len_10__f_agg_""var""",-0.14122615117861523
234,y,698,"y__agg_linear_trend__attr_""rvalue""__chunk_len_50__f_agg_""max""",0.7479366682075296
234,y,699,"y__agg_linear_trend__attr_""rvalue""__chunk_len_50__f_agg_""min""",0.7746713188661346
234,y,700,"y__agg_linear_trend__attr_""rvalue""__chunk_len_50__f_agg_""mean""",0.7420952148245042
234,y,701,"y__agg_linear_trend__attr_""rvalue""__chunk_len_50__f_agg_""var""",-0.326472968194123
234,y,702,"y__agg_linear_trend__attr_""intercept""__chunk_len_5__f_agg_""max""",4.368569120699243
234,y,703,"y__agg_linear_trend__attr_""intercept""__chunk_len_5__f_agg_""min""",4.0601426080426135
234,y,704,"y__agg_linear_trend__attr_""intercept""__chunk_len_5__f_agg_""mean""",4.21832955647432
234,y,705,"y__agg_linear_trend__attr_""intercept""__chunk_len_5__f_agg_""var""",0.020843357882656705
234,y,706,"y__agg_linear_trend__attr_""intercept""__chunk_len_10__f_agg_""max""",4.54227872984643
234,y,707,"y__agg_linear_trend__attr_""intercept""__chunk_len_10__f_agg_""min""",3.8943427646990574
234,y,708,"y__agg_linear_trend__attr_""intercept""__chunk_len_10__f_agg_""mean""",4.221553983794932
234,y,709,"y__agg_linear_trend__attr_""intercept""__chunk_len_10__f_agg_""var""",0.06031916968092561
234,y,710,"y__agg_linear_trend__attr_""intercept""__chunk_len_50__f_agg_""max""",5.276766710756956
234,y,711,"y__agg_linear_trend__attr_""intercept""__chunk_len_50__f_agg_""min""",3.242986483974088
234,y,712,"y__agg_linear_trend__attr_""intercept""__chunk_len_50__f_agg_""mean""",4.247289971416559
234,y,713,"y__agg_linear_trend__attr_""intercept""__chunk_len_50__f_agg_""var""",0.41562798394082145
234,y,714,"y__agg_linear_trend__attr_""slope""__chunk_len_5__f_agg_""max""",0.0064327911125451704
234,y,715,"y__agg_linear_trend__attr_""slope""__chunk_len_5__f_agg_""min""",0.006499626771806555
234,y,716,"y__agg_linear_trend__attr_""slope""__chunk_len_5__f_agg_""mean""",0.0064621924801486486
234,y,717,"y__agg_linear_trend__attr_""slope""__chunk_len_5__f_agg_""var""",-1.2160432592142845e-05
234,y,718,"y__agg_linear_trend__attr_""slope""__chunk_len_10__f_agg_""max""",0.012799581646940974
234,y,719,"y__agg_linear_trend__attr_""slope""__chunk_len_10__f_agg_""min""",0.013053357936856969
234,y,720,"y__agg_linear_trend__attr_""slope""__chunk_len_10__f_agg_""mean""",0.012924411689433417
234,y,721,"y__agg_linear_trend__attr_""slope""__chunk_len_10__f_agg_""var""",-5.8754087988569325e-05
234,y,722,"y__agg_linear_trend__attr_""slope""__chunk_len_50__f_agg_""max""",0.06124122424516009
234,y,723,"y__agg_linear_trend__attr_""slope""__chunk_len_50__f_agg_""min""",0.06771980029980176
234,y,724,"y__agg_linear_trend__attr_""slope""__chunk_len_50__f_agg_""mean""",0.06462433795741437
234,y,725,"y__agg_linear_trend__attr_""slope""__chunk_len_50__f_agg_""var""",-0.0027013387973526715
234,y,726,"y__agg_linear_trend__attr_""stderr""__chunk_len_5__f_agg_""max""",0.00019300742654277167
234,y,727,"y__agg_linear_trend__attr_""stderr""__chunk_len_5__f_agg_""min""",0.00019327773805411722
234,y,728,"y__agg_linear_trend__attr_""stderr""__chunk_len_5__f_agg_""mean""",0.000193257703995461
234,y,729,"y__agg_linear_trend__attr_""stderr""__chunk_len_5__f_agg_""var""",4.723071330642977e-06
234,y,730,"y__agg_linear_trend__attr_""stderr""__chunk_len_10__f_agg_""max""",0.000539671040672566
234,y,731,"y__agg_linear_trend__attr_""stderr""__chunk_len_10__f_agg_""min""",0.0005437242466708559
234,y,732,"y__agg_linear_trend__attr_""stderr""__chunk_len_10__f_agg_""mean""",0.0005444367512706355
234,y,733,"y__agg_linear_trend__attr_""stderr""__chunk_len_10__f_agg_""var""",1.8455828989172974e-05
234,y,734,"y__agg_linear_trend__attr_""stderr""__chunk_len_50__f_agg_""max""",0.005490143340389373
234,y,735,"y__agg_linear_trend__attr_""stderr""__chunk_len_50__f_agg_""min""",0.005584089320412932
234,y,736,"y__agg_linear_trend__attr_""stderr""__chunk_len_50__f_agg_""mean""",0.005896429115044611
234,y,737,"y__agg_linear_trend__attr_""stderr""__chunk_len_50__f_agg_""var""",0.0007900335012679317
234,y,738,"y__augmented_dickey_fuller__attr_""teststat""__autolag_""AIC""",-4.577261042876717
234,y,739,"y__augmented_dickey_fuller__attr_""pvalue""__autolag_""AIC""",0.0001422261303668586
234,y,740,"y__augmented_dickey_fuller__attr_""usedlag""__autolag_""AIC""",32.0
234,y,741,y__number_crossing_m__m_0,2.0
234,y,742,y__number_crossing_m__m_-1,2.0
234,y,743,y__number_crossing_m__m_1,11.0
234,y,744,y__energy_ratio_by_chunks__num_segments_10__segment_focus_0,0.007521507361265054
234,y,745,y__energy_ratio_by_chunks__num_segments_10__segment_focus_1,0.0378711310116553
234,y,746,y__energy_ratio_by_chunks__num_segments_10__segment_focus_2,0.09895524609722281
234,y,747,y__energy_ratio_by_chunks__num_segments_10__segment_focus_3,0.08690034887935125
234,y,748,y__energy_ratio_by_chunks__num_segments_10__segment_focus_4,0.10565788331567633
234,y,749,y__energy_ratio_by_chunks__num_segments_10__segment_focus_5,0.13285540412046543
234,y,750,y__energy_ratio_by_chunks__num_segments_10__segment_focus_6,0.1330458333288108
234,y,751,y__energy_ratio_by_chunks__num_segments_10__segment_focus_7,0.1323354856410106
234,y,752,y__energy_ratio_by_chunks__num_segments_10__segment_focus_8,0.13240594486022328
234,y,753,y__energy_ratio_by_chunks__num_segments_10__segment_focus_9,0.13245121538431914
234,y,754,y__ratio_beyond_r_sigma__r_0.5,0.5686
234,y,755,y__ratio_beyond_r_sigma__r_1,0.322
234,y,756,y__ratio_beyond_r_sigma__r_1.5,0.1222
234,y,757,y__ratio_beyond_r_sigma__r_2,0.064
234,y,758,y__ratio_beyond_r_sigma__r_2.5,0.0294
234,y,759,y__ratio_beyond_r_sigma__r_3,0.0022
234,y,760,y__ratio_beyond_r_sigma__r_5,0.0
234,y,761,y__ratio_beyond_r_sigma__r_6,0.0
234,y,762,y__ratio_beyond_r_sigma__r_7,0.0
234,y,763,y__ratio_beyond_r_sigma__r_10,0.0
234,y,764,y__count_above__t_0,0.9976
234,y,765,y__count_below__t_0,0.0024
234,y,766,y__lempel_ziv_complexity__bins_2,0.0288
234,y,767,y__lempel_ziv_complexity__bins_3,0.0378
234,y,768,y__lempel_ziv_complexity__bins_5,0.0556
234,y,769,y__lempel_ziv_complexity__bins_10,0.085
234,y,770,y__lempel_ziv_complexity__bins_100,0.2894
234,y,771,y__fourier_entropy__bins_2,0.07998252574647073
234,y,772,y__fourier_entropy__bins_3,0.07998252574647073
234,y,773,y__fourier_entropy__bins_5,0.07998252574647073
234,y,774,y__fourier_entropy__bins_10,0.13600216966487969
234,y,775,y__fourier_entropy__bins_100,0.22636345757853585
234,y,776,y__permutation_entropy__dimension_3__tau_1,1.3984681073126306
234,y,777,y__permutation_entropy__dimension_4__tau_1,2.0435283640911797
234,y,778,y__permutation_entropy__dimension_5__tau_1,2.6594140555265593
234,y,779,y__permutation_entropy__dimension_6__tau_1,3.2281699839886726
234,y,780,y__permutation_entropy__dimension_7__tau_1,3.675646353049528
234,y,781,y__query_similarity_count__query_None__threshold_0.0,
234,y,782,y__mean_n_absolute_max__number_of_maxima_7,10.558830005714176
3,y,0,y__variance_larger_than_standard_deviation,1.0
3,y,1,y__has_duplicate_max,0.0
3,y,2,y__has_duplicate_min,0.0
3,y,3,y__has_duplicate,1.0
3,y,4,y__sum_values,4.541575316115338
3,y,5,y__abs_energy,5631.664253189962
3,y,6,y__mean_abs_change,0.06854125414020165
3,y,7,y__mean_change,-1.5134318138429928e-05
3,y,8,y__mean_second_derivative_central,1.0146495424221691e-05
3,y,9,y__median,-0.0036894705851678016
3,y,10,y__mean,0.0009083150632230677
3,y,11,y__length,5000.0
3,y,12,y__standard_deviation,1.0612879089114973
3,y,13,y__variation_coefficient,1168.4138597741849
3,y,14,y__variance,1.1263320256017384
3,y,15,y__skewness,0.0005943323120825993
3,y,16,y__kurtosis,-1.498147041494016
3,y,17,y__root_mean_square,1.0612882976072018
3,y,18,y__absolute_sum_of_changes,342.63772944686804
3,y,19,y__longest_strike_below_mean,100.0
3,y,20,y__longest_strike_above_mean,94.0
3,y,21,y__count_above_mean,2495.0
3,y,22,y__count_below_mean,2505.0
3,y,23,y__last_location_of_maximum,0.04520000000000002
3,y,24,y__first_location_of_maximum,0.045
3,y,25,y__last_location_of_minimum,0.19540000000000002
3,y,26,y__first_location_of_minimum,0.1952
3,y,27,y__percentage_of_reoccurring_values_to_all_values,0.03114044132810889
3,y,28,y__percentage_of_reoccurring_datapoints_to_all_datapoints,0.0604
3,y,29,y__sum_of_reoccurring_values,1.2285891305646857
3,y,30,y__sum_of_reoccurring_data_points,2.4571782611293713
3,y,31,y__ratio_value_number_to_time_series_length,0.9698
3,y,32,y__sample_entropy,0.20159638458649654
3,y,33,y__maximum,1.573481059471842
3,y,34,y__absolute_maximum,1.576963870820271
3,y,35,y__minimum,-1.576963870820271
3,y,36,y__benford_correlation,0.8527873433150011
3,y,37,y__time_reversal_asymmetry_statistic__lag_1,-2.6803027970769973e-06
3,y,38,y__time_reversal_asymmetry_statistic__lag_2,2.9021061020329784e-06
3,y,39,y__time_reversal_asymmetry_statistic__lag_3,-3.294190903757257e-05
3,y,40,y__c3__lag_1,0.003698499450504029
3,y,41,y__c3__lag_2,0.003596832738529566
3,y,42,y__c3__lag_3,0.003367900421496688
3,y,43,y__cid_ce__normalize_True,5.513479382355139
3,y,44,y__cid_ce__normalize_False,5.851389004526339
3,y,45,y__symmetry_looking__r_0.0,0.0
3,y,46,y__symmetry_looking__r_0.05,1.0
3,y,47,y__symmetry_looking__r_0.1,1.0
3,y,48,y__symmetry_looking__r_0.15000000000000002,1.0
3,y,49,y__symmetry_looking__r_0.2,1.0
3,y,50,y__symmetry_looking__r_0.25,1.0
3,y,51,y__symmetry_looking__r_0.30000000000000004,1.0
3,y,52,y__symmetry_looking__r_0.35000000000000003,1.0
3,y,53,y__symmetry_looking__r_0.4,1.0
3,y,54,y__symmetry_looking__r_0.45,1.0
3,y,55,y__symmetry_looking__r_0.5,1.0
3,y,56,y__symmetry_looking__r_0.55,1.0
3,y,57,y__symmetry_looking__r_0.6000000000000001,1.0
3,y,58,y__symmetry_looking__r_0.65,1.0
3,y,59,y__symmetry_looking__r_0.7000000000000001,1.0
3,y,60,y__symmetry_looking__r_0.75,1.0
3,y,61,y__symmetry_looking__r_0.8,1.0
3,y,62,y__symmetry_looking__r_0.8500000000000001,1.0
3,y,63,y__symmetry_looking__r_0.9,1.0
3,y,64,y__symmetry_looking__r_0.9500000000000001,1.0
3,y,65,y__large_standard_deviation__r_0.05,1.0
3,y,66,y__large_standard_deviation__r_0.1,1.0
3,y,67,y__large_standard_deviation__r_0.15000000000000002,1.0
3,y,68,y__large_standard_deviation__r_0.2,1.0
3,y,69,y__large_standard_deviation__r_0.25,1.0
3,y,70,y__large_standard_deviation__r_0.30000000000000004,1.0
3,y,71,y__large_standard_deviation__r_0.35000000000000003,0.0
3,y,72,y__large_standard_deviation__r_0.4,0.0
3,y,73,y__large_standard_deviation__r_0.45,0.0
3,y,74,y__large_standard_deviation__r_0.5,0.0
3,y,75,y__large_standard_deviation__r_0.55,0.0
3,y,76,y__large_standard_deviation__r_0.6000000000000001,0.0
3,y,77,y__large_standard_deviation__r_0.65,0.0
3,y,78,y__large_standard_deviation__r_0.7000000000000001,0.0
3,y,79,y__large_standard_deviation__r_0.75,0.0
3,y,80,y__large_standard_deviation__r_0.8,0.0
3,y,81,y__large_standard_deviation__r_0.8500000000000001,0.0
3,y,82,y__large_standard_deviation__r_0.9,0.0
3,y,83,y__large_standard_deviation__r_0.9500000000000001,0.0
3,y,84,y__quantile__q_0.1,-1.4239116447221598
3,y,85,y__quantile__q_0.2,-1.2158441679111496
3,y,86,y__quantile__q_0.3,-0.8843498084995636
3,y,87,y__quantile__q_0.4,-0.46102100420372505
3,y,88,y__quantile__q_0.6,0.4605805946511099
3,y,89,y__quantile__q_0.7,0.8848565230163846
3,y,90,y__quantile__q_0.8,1.2104885748251626
3,y,91,y__quantile__q_0.9,1.4242912726834303
3,y,92,y__autocorrelation__lag_0,1.0000000000000002
3,y,93,y__autocorrelation__lag_1,0.9971593145434642
3,y,94,y__autocorrelation__lag_2,0.990557560946266
3,y,95,y__autocorrelation__lag_3,0.9794765265999338
3,y,96,y__autocorrelation__lag_4,0.9640174493637927
3,y,97,y__autocorrelation__lag_5,0.9442456391229775
3,y,98,y__autocorrelation__lag_6,0.9202896444996882
3,y,99,y__autocorrelation__lag_7,0.8922819703819499
3,y,100,y__autocorrelation__lag_8,0.8604413853553223
3,y,101,y__autocorrelation__lag_9,0.8249238161652628
3,y,102,"y__agg_autocorrelation__f_agg_""mean""__maxlag_40",0.20491374885689684
3,y,103,"y__agg_autocorrelation__f_agg_""median""__maxlag_40",0.23327153574698462
3,y,104,"y__agg_autocorrelation__f_agg_""var""__maxlag_40",0.3277094464601883
3,y,105,y__partial_autocorrelation__lag_0,1.0
3,y,106,y__partial_autocorrelation__lag_1,0.9971593145434636
3,y,107,y__partial_autocorrelation__lag_2,-0.664364072348057
3,y,108,y__partial_autocorrelation__lag_3,-0.6347851290016895
3,y,109,y__partial_autocorrelation__lag_4,-0.5157780410114204
3,y,110,y__partial_autocorrelation__lag_5,-0.43258467434045217
3,y,111,y__partial_autocorrelation__lag_6,-0.3427093558006103
3,y,112,y__partial_autocorrelation__lag_7,-0.23049167886885338
3,y,113,y__partial_autocorrelation__lag_8,-0.02212026094034613
3,y,114,y__partial_autocorrelation__lag_9,0.1809186786857266
3,y,115,y__number_cwt_peaks__n_1,421.0
3,y,116,y__number_cwt_peaks__n_5,321.0
3,y,117,y__number_peaks__n_1,525.0
3,y,118,y__number_peaks__n_3,83.0
3,y,119,y__number_peaks__n_5,56.0
3,y,120,y__number_peaks__n_10,52.0
3,y,121,y__number_peaks__n_50,44.0
3,y,122,y__binned_entropy__max_bins_10,2.2209805459690912
3,y,123,y__index_mass_quantile__q_0.1,0.1008
3,y,124,y__index_mass_quantile__q_0.2,0.2008
3,y,125,y__index_mass_quantile__q_0.3,0.3
3,y,126,y__index_mass_quantile__q_0.4,0.4006
3,y,127,y__index_mass_quantile__q_0.6,0.601
3,y,128,y__index_mass_quantile__q_0.7,0.701
3,y,129,y__index_mass_quantile__q_0.8,0.801
3,y,130,y__index_mass_quantile__q_0.9,0.9008
3,y,131,"y__cwt_coefficients__coeff_0__w_2__widths_(2, 5, 10, 20)",-0.19003163488062202
3,y,132,"y__cwt_coefficients__coeff_0__w_5__widths_(2, 5, 10, 20)",-0.8277225864806693
3,y,133,"y__cwt_coefficients__coeff_0__w_10__widths_(2, 5, 10, 20)",-1.7385073479162592
3,y,134,"y__cwt_coefficients__coeff_0__w_20__widths_(2, 5, 10, 20)",-0.46298897182370546
3,y,135,"y__cwt_coefficients__coeff_1__w_2__widths_(2, 5, 10, 20)",-0.20074797922429186
3,y,136,"y__cwt_coefficients__coeff_1__w_5__widths_(2, 5, 10, 20)",-0.8098689876047327
3,y,137,"y__cwt_coefficients__coeff_1__w_10__widths_(2, 5, 10, 20)",-1.633911530384175
3,y,138,"y__cwt_coefficients__coeff_1__w_20__widths_(2, 5, 10, 20)",-0.13412267850950924
3,y,139,"y__cwt_coefficients__coeff_2__w_2__widths_(2, 5, 10, 20)",-0.17617803039766475
3,y,140,"y__cwt_coefficients__coeff_2__w_5__widths_(2, 5, 10, 20)",-0.7551755017646402
3,y,141,"y__cwt_coefficients__coeff_2__w_10__widths_(2, 5, 10, 20)",-1.5024190088935097
3,y,142,"y__cwt_coefficients__coeff_2__w_20__widths_(2, 5, 10, 20)",0.21533286502227175
3,y,143,"y__cwt_coefficients__coeff_3__w_2__widths_(2, 5, 10, 20)",-0.12496984664817701
3,y,144,"y__cwt_coefficients__coeff_3__w_5__widths_(2, 5, 10, 20)",-0.6607605004685555
3,y,145,"y__cwt_coefficients__coeff_3__w_10__widths_(2, 5, 10, 20)",-1.334063724599767
3,y,146,"y__cwt_coefficients__coeff_3__w_20__widths_(2, 5, 10, 20)",0.5751461844213227
3,y,147,"y__cwt_coefficients__coeff_4__w_2__widths_(2, 5, 10, 20)",-0.06732456473037367
3,y,148,"y__cwt_coefficients__coeff_4__w_5__widths_(2, 5, 10, 20)",-0.544739567899038
3,y,149,"y__cwt_coefficients__coeff_4__w_10__widths_(2, 5, 10, 20)",-1.140725080248016
3,y,150,"y__cwt_coefficients__coeff_4__w_20__widths_(2, 5, 10, 20)",0.9529670575952606
3,y,151,"y__cwt_coefficients__coeff_5__w_2__widths_(2, 5, 10, 20)",-0.01878195608334703
3,y,152,"y__cwt_coefficients__coeff_5__w_5__widths_(2, 5, 10, 20)",-0.40445573336600865
3,y,153,"y__cwt_coefficients__coeff_5__w_10__widths_(2, 5, 10, 20)",-0.9204052695635422
3,y,154,"y__cwt_coefficients__coeff_5__w_20__widths_(2, 5, 10, 20)",1.3422040166465
3,y,155,"y__cwt_coefficients__coeff_6__w_2__widths_(2, 5, 10, 20)",0.01722066254409356
3,y,156,"y__cwt_coefficients__coeff_6__w_5__widths_(2, 5, 10, 20)",-0.25921690709544326
3,y,157,"y__cwt_coefficients__coeff_6__w_10__widths_(2, 5, 10, 20)",-0.6752223986832397
3,y,158,"y__cwt_coefficients__coeff_6__w_20__widths_(2, 5, 10, 20)",1.7491340915147444
3,y,159,"y__cwt_coefficients__coeff_7__w_2__widths_(2, 5, 10, 20)",0.04225060008646886
3,y,160,"y__cwt_coefficients__coeff_7__w_5__widths_(2, 5, 10, 20)",-0.11606353703531279
3,y,161,"y__cwt_coefficients__coeff_7__w_10__widths_(2, 5, 10, 20)",-0.4150314262847707
3,y,162,"y__cwt_coefficients__coeff_7__w_20__widths_(2, 5, 10, 20)",2.16825846451008
3,y,163,"y__cwt_coefficients__coeff_8__w_2__widths_(2, 5, 10, 20)",0.057887925008258456
3,y,164,"y__cwt_coefficients__coeff_8__w_5__widths_(2, 5, 10, 20)",0.016632812387850162
3,y,165,"y__cwt_coefficients__coeff_8__w_10__widths_(2, 5, 10, 20)",-0.1375387560475895
3,y,166,"y__cwt_coefficients__coeff_8__w_20__widths_(2, 5, 10, 20)",2.5799513877730176
3,y,167,"y__cwt_coefficients__coeff_9__w_2__widths_(2, 5, 10, 20)",0.06302748417916414
3,y,168,"y__cwt_coefficients__coeff_9__w_5__widths_(2, 5, 10, 20)",0.1320681511560815
3,y,169,"y__cwt_coefficients__coeff_9__w_10__widths_(2, 5, 10, 20)",0.14541422724529593
3,y,170,"y__cwt_coefficients__coeff_9__w_20__widths_(2, 5, 10, 20)",3.006593366178518
3,y,171,"y__cwt_coefficients__coeff_10__w_2__widths_(2, 5, 10, 20)",0.0526751207258205
3,y,172,"y__cwt_coefficients__coeff_10__w_5__widths_(2, 5, 10, 20)",0.23116234730515695
3,y,173,"y__cwt_coefficients__coeff_10__w_10__widths_(2, 5, 10, 20)",0.436278387456257
3,y,174,"y__cwt_coefficients__coeff_10__w_20__widths_(2, 5, 10, 20)",3.4294276482715595
3,y,175,"y__cwt_coefficients__coeff_11__w_2__widths_(2, 5, 10, 20)",0.03170470467073651
3,y,176,"y__cwt_coefficients__coeff_11__w_5__widths_(2, 5, 10, 20)",0.3099503615343181
3,y,177,"y__cwt_coefficients__coeff_11__w_10__widths_(2, 5, 10, 20)",0.7292476345997569
3,y,178,"y__cwt_coefficients__coeff_11__w_20__widths_(2, 5, 10, 20)",3.857032772984022
3,y,179,"y__cwt_coefficients__coeff_12__w_2__widths_(2, 5, 10, 20)",0.022783136928771843
3,y,180,"y__cwt_coefficients__coeff_12__w_5__widths_(2, 5, 10, 20)",0.3737482153559157
3,y,181,"y__cwt_coefficients__coeff_12__w_10__widths_(2, 5, 10, 20)",1.0150733335981494
3,y,182,"y__cwt_coefficients__coeff_12__w_20__widths_(2, 5, 10, 20)",4.286008320934708
3,y,183,"y__cwt_coefficients__coeff_13__w_2__widths_(2, 5, 10, 20)",0.039474939293405086
3,y,184,"y__cwt_coefficients__coeff_13__w_5__widths_(2, 5, 10, 20)",0.4234628985728165
3,y,185,"y__cwt_coefficients__coeff_13__w_10__widths_(2, 5, 10, 20)",1.29490353192342
3,y,186,"y__cwt_coefficients__coeff_13__w_20__widths_(2, 5, 10, 20)",4.689763993045182
3,y,187,"y__cwt_coefficients__coeff_14__w_2__widths_(2, 5, 10, 20)",0.0626789708015123
3,y,188,"y__cwt_coefficients__coeff_14__w_5__widths_(2, 5, 10, 20)",0.47005194762717023
3,y,189,"y__cwt_coefficients__coeff_14__w_10__widths_(2, 5, 10, 20)",1.5593692410625974
3,y,190,"y__cwt_coefficients__coeff_14__w_20__widths_(2, 5, 10, 20)",5.098870854754489
3,y,191,y__spkt_welch_density__coeff_2,115.67636921227658
3,y,192,y__spkt_welch_density__coeff_5,7.247076919654575
3,y,193,y__spkt_welch_density__coeff_8,0.06015746470326766
3,y,194,y__ar_coefficient__coeff_0__k_10,1.7152359823089294e-05
3,y,195,y__ar_coefficient__coeff_1__k_10,0.6999269881128609
3,y,196,y__ar_coefficient__coeff_2__k_10,0.4047948744777177
3,y,197,y__ar_coefficient__coeff_3__k_10,0.18248978857709697
3,y,198,y__ar_coefficient__coeff_4__k_10,0.05165824564968211
3,y,199,y__ar_coefficient__coeff_5__k_10,-0.045754105243555915
3,y,200,y__ar_coefficient__coeff_6__k_10,-0.1057914315728471
3,y,201,y__ar_coefficient__coeff_7__k_10,-0.14509240915710056
3,y,202,y__ar_coefficient__coeff_8__k_10,-0.09711578960442964
3,y,203,y__ar_coefficient__coeff_9__k_10,-0.04082584152370868
3,y,204,y__ar_coefficient__coeff_10__k_10,0.0741172882829783
3,y,205,"y__change_quantiles__f_agg_""mean""__isabs_False__qh_0.2__ql_0.0",3.718173013380574e-05
3,y,206,"y__change_quantiles__f_agg_""var""__isabs_False__qh_0.2__ql_0.0",0.0026995949885452457
3,y,207,"y__change_quantiles__f_agg_""mean""__isabs_True__qh_0.2__ql_0.0",0.041501924050524615
3,y,208,"y__change_quantiles__f_agg_""var""__isabs_True__qh_0.2__ql_0.0",0.0009771866711307882
3,y,209,"y__change_quantiles__f_agg_""mean""__isabs_False__qh_0.4__ql_0.0",-0.00016480365175767004
3,y,210,"y__change_quantiles__f_agg_""var""__isabs_False__qh_0.4__ql_0.0",0.005367161436919008
3,y,211,"y__change_quantiles__f_agg_""mean""__isabs_True__qh_0.4__ql_0.0",0.05995660903399512
3,y,212,"y__change_quantiles__f_agg_""var""__isabs_True__qh_0.4__ql_0.0",0.0017723936303072959
3,y,213,"y__change_quantiles__f_agg_""mean""__isabs_False__qh_0.6__ql_0.0",-1.884544752126664e-05
3,y,214,"y__change_quantiles__f_agg_""var""__isabs_False__qh_0.6__ql_0.0",0.007403104740767811
3,y,215,"y__change_quantiles__f_agg_""mean""__isabs_True__qh_0.6__ql_0.0",0.07212003829732117
3,y,216,"y__change_quantiles__f_agg_""var""__isabs_True__qh_0.6__ql_0.0",0.0022018051719116328
3,y,217,"y__change_quantiles__f_agg_""mean""__isabs_False__qh_0.8__ql_0.0",-8.31479775323029e-05
3,y,218,"y__change_quantiles__f_agg_""var""__isabs_False__qh_0.8__ql_0.0",0.007743285897406168
3,y,219,"y__change_quantiles__f_agg_""mean""__isabs_True__qh_0.8__ql_0.0",0.07430690700445344
3,y,220,"y__change_quantiles__f_agg_""var""__isabs_True__qh_0.8__ql_0.0",0.002221776382423845
3,y,221,"y__change_quantiles__f_agg_""mean""__isabs_False__qh_1.0__ql_0.0",-1.5134318138429791e-05
3,y,222,"y__change_quantiles__f_agg_""var""__isabs_False__qh_1.0__ql_0.0",0.006849120251506873
3,y,223,"y__change_quantiles__f_agg_""mean""__isabs_True__qh_1.0__ql_0.0",0.06854125414020165
3,y,224,"y__change_quantiles__f_agg_""var""__isabs_True__qh_1.0__ql_0.0",0.0021512169614427497
3,y,225,"y__change_quantiles__f_agg_""mean""__isabs_False__qh_0.4__ql_0.2",-0.0001639450616417493
3,y,226,"y__change_quantiles__f_agg_""var""__isabs_False__qh_0.4__ql_0.2",0.007911687603650314
3,y,227,"y__change_quantiles__f_agg_""mean""__isabs_True__qh_0.4__ql_0.2",0.07697528512594953
3,y,228,"y__change_quantiles__f_agg_""var""__isabs_True__qh_0.4__ql_0.2",0.001986519961412324
3,y,229,"y__change_quantiles__f_agg_""mean""__isabs_False__qh_0.6__ql_0.2",6.294769541896775e-05
3,y,230,"y__change_quantiles__f_agg_""var""__isabs_False__qh_0.6__ql_0.2",0.009739334495567745
3,y,231,"y__change_quantiles__f_agg_""mean""__isabs_True__qh_0.6__ql_0.2",0.08693509940880334
3,y,232,"y__change_quantiles__f_agg_""var""__isabs_True__qh_0.6__ql_0.2",0.0021816269487615857
3,y,233,"y__change_quantiles__f_agg_""mean""__isabs_False__qh_0.8__ql_0.2",-5.3011549903565525e-05
3,y,234,"y__change_quantiles__f_agg_""var""__isabs_False__qh_0.8__ql_0.2",0.009400381387877086
3,y,235,"y__change_quantiles__f_agg_""mean""__isabs_True__qh_0.8__ql_0.2",0.08482606168855497
3,y,236,"y__change_quantiles__f_agg_""var""__isabs_True__qh_0.8__ql_0.2",0.002204923456510975
3,y,237,"y__change_quantiles__f_agg_""mean""__isabs_False__qh_1.0__ql_0.2",2.5095871501990077e-05
3,y,238,"y__change_quantiles__f_agg_""var""__isabs_False__qh_1.0__ql_0.2",0.007821660355774737
3,y,239,"y__change_quantiles__f_agg_""mean""__isabs_True__qh_1.0__ql_0.2",0.07469096974293064
3,y,240,"y__change_quantiles__f_agg_""var""__isabs_True__qh_1.0__ql_0.2",0.002242920024438123
3,y,241,"y__change_quantiles__f_agg_""mean""__isabs_False__qh_0.6__ql_0.4",-0.00022397280777365584
3,y,242,"y__change_quantiles__f_agg_""var""__isabs_False__qh_0.6__ql_0.4",0.010968032144294324
3,y,243,"y__change_quantiles__f_agg_""mean""__isabs_True__qh_0.6__ql_0.4",0.09338231050555944
3,y,244,"y__change_quantiles__f_agg_""var""__isabs_True__qh_0.6__ql_0.4",0.00224782639275623
3,y,245,"y__change_quantiles__f_agg_""mean""__isabs_False__qh_0.8__ql_0.4",-0.00025036460657763186
3,y,246,"y__change_quantiles__f_agg_""var""__isabs_False__qh_0.8__ql_0.4",0.009804024933137425
3,y,247,"y__change_quantiles__f_agg_""mean""__isabs_True__qh_0.8__ql_0.4",0.08676964585628634
3,y,248,"y__change_quantiles__f_agg_""var""__isabs_True__qh_0.8__ql_0.4",0.002275116173548302
3,y,249,"y__change_quantiles__f_agg_""mean""__isabs_False__qh_1.0__ql_0.4",-7.4847161685192e-05
3,y,250,"y__change_quantiles__f_agg_""var""__isabs_False__qh_1.0__ql_0.4",0.0075460535191716124
3,y,251,"y__change_quantiles__f_agg_""mean""__isabs_True__qh_1.0__ql_0.4",0.07250666592709137
3,y,252,"y__change_quantiles__f_agg_""var""__isabs_True__qh_1.0__ql_0.4",0.0022888425174063935
3,y,253,"y__change_quantiles__f_agg_""mean""__isabs_False__qh_0.8__ql_0.6",-0.0002741187067769414
3,y,254,"y__change_quantiles__f_agg_""var""__isabs_False__qh_0.8__ql_0.6",0.007592417173365633
3,y,255,"y__change_quantiles__f_agg_""mean""__isabs_True__qh_0.8__ql_0.6",0.0753320535700859
3,y,256,"y__change_quantiles__f_agg_""var""__isabs_True__qh_0.8__ql_0.6",0.0019175740193447465
3,y,257,"y__change_quantiles__f_agg_""mean""__isabs_False__qh_1.0__ql_0.6",4.335736913658193e-06
3,y,258,"y__change_quantiles__f_agg_""var""__isabs_False__qh_1.0__ql_0.6",0.005379905563854203
3,y,259,"y__change_quantiles__f_agg_""mean""__isabs_True__qh_1.0__ql_0.6",0.05997827840172597
3,y,260,"y__change_quantiles__f_agg_""var""__isabs_True__qh_1.0__ql_0.6",0.0017825117026178685
3,y,261,"y__change_quantiles__f_agg_""mean""__isabs_False__qh_1.0__ql_0.8",-0.0003541344198488701
3,y,262,"y__change_quantiles__f_agg_""var""__isabs_False__qh_1.0__ql_0.8",0.0026580504455125673
3,y,263,"y__change_quantiles__f_agg_""mean""__isabs_True__qh_1.0__ql_0.8",0.041406074161189445
3,y,264,"y__change_quantiles__f_agg_""var""__isabs_True__qh_1.0__ql_0.8",0.0009437128792579695
3,y,265,"y__fft_coefficient__attr_""real""__coeff_0",4.5415753161153525
3,y,266,"y__fft_coefficient__attr_""real""__coeff_1",-4.083237483285443
3,y,267,"y__fft_coefficient__attr_""real""__coeff_2",9.868416145874898
3,y,268,"y__fft_coefficient__attr_""real""__coeff_3",6.269262977673366
3,y,269,"y__fft_coefficient__attr_""real""__coeff_4",-22.834829674858085
3,y,270,"y__fft_coefficient__attr_""real""__coeff_5",12.196284158388332
3,y,271,"y__fft_coefficient__attr_""real""__coeff_6",11.842981383265982
3,y,272,"y__fft_coefficient__attr_""real""__coeff_7",-30.614184610037952
3,y,273,"y__fft_coefficient__attr_""real""__coeff_8",24.88676601498583
3,y,274,"y__fft_coefficient__attr_""real""__coeff_9",23.293737414093616
3,y,275,"y__fft_coefficient__attr_""real""__coeff_10",-56.94486645639433
3,y,276,"y__fft_coefficient__attr_""real""__coeff_11",44.92181903108752
3,y,277,"y__fft_coefficient__attr_""real""__coeff_12",48.38777926094619
3,y,278,"y__fft_coefficient__attr_""real""__coeff_13",-84.24880995475209
3,y,279,"y__fft_coefficient__attr_""real""__coeff_14",-10.819805831017971
3,y,280,"y__fft_coefficient__attr_""real""__coeff_15",101.34376226357637
3,y,281,"y__fft_coefficient__attr_""real""__coeff_16",-101.9371584950321
3,y,282,"y__fft_coefficient__attr_""real""__coeff_17",-47.167775592675326
3,y,283,"y__fft_coefficient__attr_""real""__coeff_18",89.73784271317001
3,y,284,"y__fft_coefficient__attr_""real""__coeff_19",-44.252393258804446
3,y,285,"y__fft_coefficient__attr_""real""__coeff_20",-56.558176563101924
3,y,286,"y__fft_coefficient__attr_""real""__coeff_21",106.5710377896094
3,y,287,"y__fft_coefficient__attr_""real""__coeff_22",-36.17895816461392
3,y,288,"y__fft_coefficient__attr_""real""__coeff_23",-42.32900407864372
3,y,289,"y__fft_coefficient__attr_""real""__coeff_24",176.6681612620327
3,y,290,"y__fft_coefficient__attr_""real""__coeff_25",-61.15461864555884
3,y,291,"y__fft_coefficient__attr_""real""__coeff_26",-87.27646290014034
3,y,292,"y__fft_coefficient__attr_""real""__coeff_27",155.47840466367808
3,y,293,"y__fft_coefficient__attr_""real""__coeff_28",33.4256560532058
3,y,294,"y__fft_coefficient__attr_""real""__coeff_29",-255.58184623136225
3,y,295,"y__fft_coefficient__attr_""real""__coeff_30",125.5401781782383
3,y,296,"y__fft_coefficient__attr_""real""__coeff_31",38.21729181000853
3,y,297,"y__fft_coefficient__attr_""real""__coeff_32",-190.6338384703334
3,y,298,"y__fft_coefficient__attr_""real""__coeff_33",-6.889699522406413
3,y,299,"y__fft_coefficient__attr_""real""__coeff_34",107.91741158007224
3,y,300,"y__fft_coefficient__attr_""real""__coeff_35",-129.85063817908826
3,y,301,"y__fft_coefficient__attr_""real""__coeff_36",63.015914463859104
3,y,302,"y__fft_coefficient__attr_""real""__coeff_37",144.0119006378631
3,y,303,"y__fft_coefficient__attr_""real""__coeff_38",-140.12506503524855
3,y,304,"y__fft_coefficient__attr_""real""__coeff_39",142.81058238517997
3,y,305,"y__fft_coefficient__attr_""real""__coeff_40",167.08094790939464
3,y,306,"y__fft_coefficient__attr_""real""__coeff_41",-112.17495546385572
3,y,307,"y__fft_coefficient__attr_""real""__coeff_42",-98.19020596912459
3,y,308,"y__fft_coefficient__attr_""real""__coeff_43",288.6801463408605
3,y,309,"y__fft_coefficient__attr_""real""__coeff_44",-196.56961870079937
3,y,310,"y__fft_coefficient__attr_""real""__coeff_45",-163.18158248851432
3,y,311,"y__fft_coefficient__attr_""real""__coeff_46",49.54280220003999
3,y,312,"y__fft_coefficient__attr_""real""__coeff_47",1.4783492549013078
3,y,313,"y__fft_coefficient__attr_""real""__coeff_48",-205.47649263267888
3,y,314,"y__fft_coefficient__attr_""real""__coeff_49",54.44664358448668
3,y,315,"y__fft_coefficient__attr_""real""__coeff_50",-0.3926515445696399
3,y,316,"y__fft_coefficient__attr_""real""__coeff_51",-39.994746800913276
3,y,317,"y__fft_coefficient__attr_""real""__coeff_52",196.8609907453825
3,y,318,"y__fft_coefficient__attr_""real""__coeff_53",-14.52654059303628
3,y,319,"y__fft_coefficient__attr_""real""__coeff_54",20.2291824813169
3,y,320,"y__fft_coefficient__attr_""real""__coeff_55",145.7561081726318
3,y,321,"y__fft_coefficient__attr_""real""__coeff_56",196.00473373110526
3,y,322,"y__fft_coefficient__attr_""real""__coeff_57",-250.35308023148582
3,y,323,"y__fft_coefficient__attr_""real""__coeff_58",98.18316837751934
3,y,324,"y__fft_coefficient__attr_""real""__coeff_59",22.79744120586463
3,y,325,"y__fft_coefficient__attr_""real""__coeff_60",-72.2155327108473
3,y,326,"y__fft_coefficient__attr_""real""__coeff_61",-237.17055414305435
3,y,327,"y__fft_coefficient__attr_""real""__coeff_62",11.156648427567472
3,y,328,"y__fft_coefficient__attr_""real""__coeff_63",-61.26203838252282
3,y,329,"y__fft_coefficient__attr_""real""__coeff_64",-42.96242914833054
3,y,330,"y__fft_coefficient__attr_""real""__coeff_65",-35.63514150774412
3,y,331,"y__fft_coefficient__attr_""real""__coeff_66",-36.062968843759144
3,y,332,"y__fft_coefficient__attr_""real""__coeff_67",187.53252868893898
3,y,333,"y__fft_coefficient__attr_""real""__coeff_68",61.76177512740769
3,y,334,"y__fft_coefficient__attr_""real""__coeff_69",79.54016345437205
3,y,335,"y__fft_coefficient__attr_""real""__coeff_70",-28.902700510217343
3,y,336,"y__fft_coefficient__attr_""real""__coeff_71",271.5802534406441
3,y,337,"y__fft_coefficient__attr_""real""__coeff_72",-49.884411684375735
3,y,338,"y__fft_coefficient__attr_""real""__coeff_73",-11.50616406433448
3,y,339,"y__fft_coefficient__attr_""real""__coeff_74",-144.368839469212
3,y,340,"y__fft_coefficient__attr_""real""__coeff_75",91.09840704714892
3,y,341,"y__fft_coefficient__attr_""real""__coeff_76",-129.39185735340897
3,y,342,"y__fft_coefficient__attr_""real""__coeff_77",-155.69267809363313
3,y,343,"y__fft_coefficient__attr_""real""__coeff_78",-118.76725080425096
3,y,344,"y__fft_coefficient__attr_""real""__coeff_79",39.67810354056199
3,y,345,"y__fft_coefficient__attr_""real""__coeff_80",24.314500105015384
3,y,346,"y__fft_coefficient__attr_""real""__coeff_81",-123.50796979083798
3,y,347,"y__fft_coefficient__attr_""real""__coeff_82",109.62639773976048
3,y,348,"y__fft_coefficient__attr_""real""__coeff_83",94.91438717022153
3,y,349,"y__fft_coefficient__attr_""real""__coeff_84",190.53456444848715
3,y,350,"y__fft_coefficient__attr_""real""__coeff_85",-78.29575486854614
3,y,351,"y__fft_coefficient__attr_""real""__coeff_86",144.61059162307106
3,y,352,"y__fft_coefficient__attr_""real""__coeff_87",24.821266452684824
3,y,353,"y__fft_coefficient__attr_""real""__coeff_88",116.47036240592769
3,y,354,"y__fft_coefficient__attr_""real""__coeff_89",-182.61829856129077
3,y,355,"y__fft_coefficient__attr_""real""__coeff_90",-44.57085609864046
3,y,356,"y__fft_coefficient__attr_""real""__coeff_91",-35.80592035519107
3,y,357,"y__fft_coefficient__attr_""real""__coeff_92",-32.809362618764276
3,y,358,"y__fft_coefficient__attr_""real""__coeff_93",-170.20915199508633
3,y,359,"y__fft_coefficient__attr_""real""__coeff_94",-98.45260719117314
3,y,360,"y__fft_coefficient__attr_""real""__coeff_95",91.54596595076889
3,y,361,"y__fft_coefficient__attr_""real""__coeff_96",-14.851568372315462
3,y,362,"y__fft_coefficient__attr_""real""__coeff_97",24.760165991306618
3,y,363,"y__fft_coefficient__attr_""real""__coeff_98",-28.12904335253583
3,y,364,"y__fft_coefficient__attr_""real""__coeff_99",217.87738382361113
3,y,365,"y__fft_coefficient__attr_""imag""__coeff_0",0.0
3,y,366,"y__fft_coefficient__attr_""imag""__coeff_1",-3.42236005239838
3,y,367,"y__fft_coefficient__attr_""imag""__coeff_2",-4.142090648763226
3,y,368,"y__fft_coefficient__attr_""imag""__coeff_3",20.44181917770628
3,y,369,"y__fft_coefficient__attr_""imag""__coeff_4",-13.409615226144634
3,y,370,"y__fft_coefficient__attr_""imag""__coeff_5",-19.313067893727897
3,y,371,"y__fft_coefficient__attr_""imag""__coeff_6",42.54023225175139
3,y,372,"y__fft_coefficient__attr_""imag""__coeff_7",2.4238687350345707
3,y,373,"y__fft_coefficient__attr_""imag""__coeff_8",-54.954892883991064
3,y,374,"y__fft_coefficient__attr_""imag""__coeff_9",45.226117436189455
3,y,375,"y__fft_coefficient__attr_""imag""__coeff_10",18.39939836389798
3,y,376,"y__fft_coefficient__attr_""imag""__coeff_11",-63.3078387528039
3,y,377,"y__fft_coefficient__attr_""imag""__coeff_12",17.631636025716702
3,y,378,"y__fft_coefficient__attr_""imag""__coeff_13",25.16492918110383
3,y,379,"y__fft_coefficient__attr_""imag""__coeff_14",-71.04965968975904
3,y,380,"y__fft_coefficient__attr_""imag""__coeff_15",31.34468204745523
3,y,381,"y__fft_coefficient__attr_""imag""__coeff_16",42.676375374086945
3,y,382,"y__fft_coefficient__attr_""imag""__coeff_17",-105.98082305422975
3,y,383,"y__fft_coefficient__attr_""imag""__coeff_18",72.64360739511191
3,y,384,"y__fft_coefficient__attr_""imag""__coeff_19",88.00445732732288
3,y,385,"y__fft_coefficient__attr_""imag""__coeff_20",-104.15066542735417
3,y,386,"y__fft_coefficient__attr_""imag""__coeff_21",0.48044677366495725
3,y,387,"y__fft_coefficient__attr_""imag""__coeff_22",186.9740963837714
3,y,388,"y__fft_coefficient__attr_""imag""__coeff_23",-124.17875987927265
3,y,389,"y__fft_coefficient__attr_""imag""__coeff_24",-56.86908449985721
3,y,390,"y__fft_coefficient__attr_""imag""__coeff_25",115.72669562957769
3,y,391,"y__fft_coefficient__attr_""imag""__coeff_26",-61.816949443147436
3,y,392,"y__fft_coefficient__attr_""imag""__coeff_27",-119.14610535118283
3,y,393,"y__fft_coefficient__attr_""imag""__coeff_28",94.05853773881518
3,y,394,"y__fft_coefficient__attr_""imag""__coeff_29",-77.92511805232124
3,y,395,"y__fft_coefficient__attr_""imag""__coeff_30",-105.91237723490374
3,y,396,"y__fft_coefficient__attr_""imag""__coeff_31",181.8622320558344
3,y,397,"y__fft_coefficient__attr_""imag""__coeff_32",-77.86388916879777
3,y,398,"y__fft_coefficient__attr_""imag""__coeff_33",-88.62358342929791
3,y,399,"y__fft_coefficient__attr_""imag""__coeff_34",198.16998681234503
3,y,400,"y__fft_coefficient__attr_""imag""__coeff_35",121.82343115944076
3,y,401,"y__fft_coefficient__attr_""imag""__coeff_36",-240.0793103202921
3,y,402,"y__fft_coefficient__attr_""imag""__coeff_37",198.13556757222005
3,y,403,"y__fft_coefficient__attr_""imag""__coeff_38",107.73949091153905
3,y,404,"y__fft_coefficient__attr_""imag""__coeff_39",-158.0832838581288
3,y,405,"y__fft_coefficient__attr_""imag""__coeff_40",-49.931513054445716
3,y,406,"y__fft_coefficient__attr_""imag""__coeff_41",101.86470288418987
3,y,407,"y__fft_coefficient__attr_""imag""__coeff_42",-178.04723712111843
3,y,408,"y__fft_coefficient__attr_""imag""__coeff_43",-40.86156105287873
3,y,409,"y__fft_coefficient__attr_""imag""__coeff_44",50.631112744103206
3,y,410,"y__fft_coefficient__attr_""imag""__coeff_45",-204.9408861933407
3,y,411,"y__fft_coefficient__attr_""imag""__coeff_46",81.97647343415477
3,y,412,"y__fft_coefficient__attr_""imag""__coeff_47",126.41266682828541
3,y,413,"y__fft_coefficient__attr_""imag""__coeff_48",-63.49551028465916
3,y,414,"y__fft_coefficient__attr_""imag""__coeff_49",-70.2957574621372
3,y,415,"y__fft_coefficient__attr_""imag""__coeff_50",-3375.267833822207
3,y,416,"y__fft_coefficient__attr_""imag""__coeff_51",-64.5310479847458
3,y,417,"y__fft_coefficient__attr_""imag""__coeff_52",-41.846123097179344
3,y,418,"y__fft_coefficient__attr_""imag""__coeff_53",88.93460105849064
3,y,419,"y__fft_coefficient__attr_""imag""__coeff_54",106.98479970214741
3,y,420,"y__fft_coefficient__attr_""imag""__coeff_55",-174.07226582134905
3,y,421,"y__fft_coefficient__attr_""imag""__coeff_56",-31.132440616283645
3,y,422,"y__fft_coefficient__attr_""imag""__coeff_57",-75.64312260945792
3,y,423,"y__fft_coefficient__attr_""imag""__coeff_58",-108.68852471656558
3,y,424,"y__fft_coefficient__attr_""imag""__coeff_59",25.506173036585263
3,y,425,"y__fft_coefficient__attr_""imag""__coeff_60",-152.43772503557418
3,y,426,"y__fft_coefficient__attr_""imag""__coeff_61",-32.20367563015789
3,y,427,"y__fft_coefficient__attr_""imag""__coeff_62",62.02251718338444
3,y,428,"y__fft_coefficient__attr_""imag""__coeff_63",189.82689443842355
3,y,429,"y__fft_coefficient__attr_""imag""__coeff_64",-153.27175637285617
3,y,430,"y__fft_coefficient__attr_""imag""__coeff_65",186.34250881797362
3,y,431,"y__fft_coefficient__attr_""imag""__coeff_66",130.19259672871175
3,y,432,"y__fft_coefficient__attr_""imag""__coeff_67",130.94139770442885
3,y,433,"y__fft_coefficient__attr_""imag""__coeff_68",-123.44723343230424
3,y,434,"y__fft_coefficient__attr_""imag""__coeff_69",68.85032248073085
3,y,435,"y__fft_coefficient__attr_""imag""__coeff_70",7.6914212279134055
3,y,436,"y__fft_coefficient__attr_""imag""__coeff_71",-54.58067811233954
3,y,437,"y__fft_coefficient__attr_""imag""__coeff_72",-161.91599773437449
3,y,438,"y__fft_coefficient__attr_""imag""__coeff_73",-143.15422093867554
3,y,439,"y__fft_coefficient__attr_""imag""__coeff_74",53.101529190352096
3,y,440,"y__fft_coefficient__attr_""imag""__coeff_75",-113.83673012231176
3,y,441,"y__fft_coefficient__attr_""imag""__coeff_76",-36.50050996974441
3,y,442,"y__fft_coefficient__attr_""imag""__coeff_77",-88.16082447331948
3,y,443,"y__fft_coefficient__attr_""imag""__coeff_78",234.39584162020756
3,y,444,"y__fft_coefficient__attr_""imag""__coeff_79",-1.141936186516913
3,y,445,"y__fft_coefficient__attr_""imag""__coeff_80",109.53854325321294
3,y,446,"y__fft_coefficient__attr_""imag""__coeff_81",-21.562576530398093
3,y,447,"y__fft_coefficient__attr_""imag""__coeff_82",236.97394330753755
3,y,448,"y__fft_coefficient__attr_""imag""__coeff_83",26.430232139568545
3,y,449,"y__fft_coefficient__attr_""imag""__coeff_84",-45.931214120593
3,y,450,"y__fft_coefficient__attr_""imag""__coeff_85",-74.57116576846195
3,y,451,"y__fft_coefficient__attr_""imag""__coeff_86",42.6648773765307
3,y,452,"y__fft_coefficient__attr_""imag""__coeff_87",-39.205690150136206
3,y,453,"y__fft_coefficient__attr_""imag""__coeff_88",-226.48479614606322
3,y,454,"y__fft_coefficient__attr_""imag""__coeff_89",-41.555849883667804
3,y,455,"y__fft_coefficient__attr_""imag""__coeff_90",-49.0504997650179
3,y,456,"y__fft_coefficient__attr_""imag""__coeff_91",63.11329979413486
3,y,457,"y__fft_coefficient__attr_""imag""__coeff_92",-153.67650236644295
3,y,458,"y__fft_coefficient__attr_""imag""__coeff_93",98.6290238174798
3,y,459,"y__fft_coefficient__attr_""imag""__coeff_94",51.562826191129155
3,y,460,"y__fft_coefficient__attr_""imag""__coeff_95",181.71438975259173
3,y,461,"y__fft_coefficient__attr_""imag""__coeff_96",-60.14921692139637
3,y,462,"y__fft_coefficient__attr_""imag""__coeff_97",89.69675194913268
3,y,463,"y__fft_coefficient__attr_""imag""__coeff_98",81.0612757444959
3,y,464,"y__fft_coefficient__attr_""imag""__coeff_99",67.21075873802235
3,y,465,"y__fft_coefficient__attr_""abs""__coeff_0",4.5415753161153525
3,y,466,"y__fft_coefficient__attr_""abs""__coeff_1",5.327792851937796
3,y,467,"y__fft_coefficient__attr_""abs""__coeff_2",10.7024554271782
3,y,468,"y__fft_coefficient__attr_""abs""__coeff_3",21.381572196105367
3,y,469,"y__fft_coefficient__attr_""abs""__coeff_4",26.481072991724286
3,y,470,"y__fft_coefficient__attr_""abs""__coeff_5",22.84171488176616
3,y,471,"y__fft_coefficient__attr_""abs""__coeff_6",44.15798419399751
3,y,472,"y__fft_coefficient__attr_""abs""__coeff_7",30.70998923774091
3,y,473,"y__fft_coefficient__attr_""abs""__coeff_8",60.32736837104354
3,y,474,"y__fft_coefficient__attr_""abs""__coeff_9",50.872388395560364
3,y,475,"y__fft_coefficient__attr_""abs""__coeff_10",59.84359344065157
3,y,476,"y__fft_coefficient__attr_""abs""__coeff_11",77.62636325767681
3,y,477,"y__fft_coefficient__attr_""abs""__coeff_12",51.500017191738934
3,y,478,"y__fft_coefficient__attr_""abs""__coeff_13",87.92687666170058
3,y,479,"y__fft_coefficient__attr_""abs""__coeff_14",71.8687855765735
3,y,480,"y__fft_coefficient__attr_""abs""__coeff_15",106.0803810437743
3,y,481,"y__fft_coefficient__attr_""abs""__coeff_16",110.50998731839249
3,y,482,"y__fft_coefficient__attr_""abs""__coeff_17",116.00316336037106
3,y,483,"y__fft_coefficient__attr_""abs""__coeff_18",115.45550705873148
3,y,484,"y__fft_coefficient__attr_""abs""__coeff_19",98.5041055926527
3,y,485,"y__fft_coefficient__attr_""abs""__coeff_20",118.51661674678229
3,y,486,"y__fft_coefficient__attr_""abs""__coeff_21",106.57212076644004
3,y,487,"y__fft_coefficient__attr_""abs""__coeff_22",190.44219525201007
3,y,488,"y__fft_coefficient__attr_""abs""__coeff_23",131.19492746079737
3,y,489,"y__fft_coefficient__attr_""abs""__coeff_24",185.59561410647476
3,y,490,"y__fft_coefficient__attr_""abs""__coeff_25",130.89138803994956
3,y,491,"y__fft_coefficient__attr_""abs""__coeff_26",106.95099912958374
3,y,492,"y__fft_coefficient__attr_""abs""__coeff_27",195.88090447289036
3,y,493,"y__fft_coefficient__attr_""abs""__coeff_28",99.82125527236839
3,y,494,"y__fft_coefficient__attr_""abs""__coeff_29",267.1973131348815
3,y,495,"y__fft_coefficient__attr_""abs""__coeff_30",164.24910346352695
3,y,496,"y__fft_coefficient__attr_""abs""__coeff_31",185.834423188013
3,y,497,"y__fft_coefficient__attr_""abs""__coeff_32",205.92242618623158
3,y,498,"y__fft_coefficient__attr_""abs""__coeff_33",88.89098660358528
3,y,499,"y__fft_coefficient__attr_""abs""__coeff_34",225.64908906385534
3,y,500,"y__fft_coefficient__attr_""abs""__coeff_35",178.05093825918328
3,y,501,"y__fft_coefficient__attr_""abs""__coeff_36",248.2117658766069
3,y,502,"y__fft_coefficient__attr_""abs""__coeff_37",244.9431171976374
3,y,503,"y__fft_coefficient__attr_""abs""__coeff_38",176.75641926959892
3,y,504,"y__fft_coefficient__attr_""abs""__coeff_39",213.03799444362969
3,y,505,"y__fft_coefficient__attr_""abs""__coeff_40",174.38233611867955
3,y,506,"y__fft_coefficient__attr_""abs""__coeff_41",151.5243819555199
3,y,507,"y__fft_coefficient__attr_""abs""__coeff_42",203.32765477111786
3,y,508,"y__fft_coefficient__attr_""abs""__coeff_43",291.5577028017932
3,y,509,"y__fft_coefficient__attr_""abs""__coeff_44",202.98552799124312
3,y,510,"y__fft_coefficient__attr_""abs""__coeff_45",261.9713642693942
3,y,511,"y__fft_coefficient__attr_""abs""__coeff_46",95.78429645058198
3,y,512,"y__fft_coefficient__attr_""abs""__coeff_47",126.42131090586967
3,y,513,"y__fft_coefficient__attr_""abs""__coeff_48",215.0634065826555
3,y,514,"y__fft_coefficient__attr_""abs""__coeff_49",88.91529966654637
3,y,515,"y__fft_coefficient__attr_""abs""__coeff_50",3375.26785666117
3,y,516,"y__fft_coefficient__attr_""abs""__coeff_51",75.919931017347
3,y,517,"y__fft_coefficient__attr_""abs""__coeff_52",201.25940399275225
3,y,518,"y__fft_coefficient__attr_""abs""__coeff_53",90.11317132935683
3,y,519,"y__fft_coefficient__attr_""abs""__coeff_54",108.88051795969295
3,y,520,"y__fft_coefficient__attr_""abs""__coeff_55",227.03743479393515
3,y,521,"y__fft_coefficient__attr_""abs""__coeff_56",198.46179608107929
3,y,522,"y__fft_coefficient__attr_""abs""__coeff_57",261.53115833395884
3,y,523,"y__fft_coefficient__attr_""abs""__coeff_58",146.46887026843555
3,y,524,"y__fft_coefficient__attr_""abs""__coeff_59",34.209475127617544
3,y,525,"y__fft_coefficient__attr_""abs""__coeff_60",168.67822378342964
3,y,526,"y__fft_coefficient__attr_""abs""__coeff_61",239.34692075858402
3,y,527,"y__fft_coefficient__attr_""abs""__coeff_62",63.01796126422658
3,y,528,"y__fft_coefficient__attr_""abs""__coeff_63",199.46750913098128
3,y,529,"y__fft_coefficient__attr_""abs""__coeff_64",159.17914945100537
3,y,530,"y__fft_coefficient__attr_""abs""__coeff_65",189.7192502168758
3,y,531,"y__fft_coefficient__attr_""abs""__coeff_66",135.094966467263
3,y,532,"y__fft_coefficient__attr_""abs""__coeff_67",228.7227556437206
3,y,533,"y__fft_coefficient__attr_""abs""__coeff_68",138.03527197415264
3,y,534,"y__fft_coefficient__attr_""abs""__coeff_69",105.19983131188403
3,y,535,"y__fft_coefficient__attr_""abs""__coeff_70",29.90859504036448
3,y,536,"y__fft_coefficient__attr_""abs""__coeff_71",277.0106216051784
3,y,537,"y__fft_coefficient__attr_""abs""__coeff_72",169.42622244332264
3,y,538,"y__fft_coefficient__attr_""abs""__coeff_73",143.61588625230326
3,y,539,"y__fft_coefficient__attr_""abs""__coeff_74",153.8250116594857
3,y,540,"y__fft_coefficient__attr_""abs""__coeff_75",145.80027740531935
3,y,541,"y__fft_coefficient__attr_""abs""__coeff_76",134.4415857442047
3,y,542,"y__fft_coefficient__attr_""abs""__coeff_77",178.92048788158138
3,y,543,"y__fft_coefficient__attr_""abs""__coeff_78",262.7680924930675
3,y,544,"y__fft_coefficient__attr_""abs""__coeff_79",39.69453260626248
3,y,545,"y__fft_coefficient__attr_""abs""__coeff_80",112.20466734228482
3,y,546,"y__fft_coefficient__attr_""abs""__coeff_81",125.37608746680452
3,y,547,"y__fft_coefficient__attr_""abs""__coeff_82",261.1026558427168
3,y,548,"y__fft_coefficient__attr_""abs""__coeff_83",98.52562135226651
3,y,549,"y__fft_coefficient__attr_""abs""__coeff_84",195.99259343191127
3,y,550,"y__fft_coefficient__attr_""abs""__coeff_85",108.12531615908875
3,y,551,"y__fft_coefficient__attr_""abs""__coeff_86",150.77305784233812
3,y,552,"y__fft_coefficient__attr_""abs""__coeff_87",46.40238580572839
3,y,553,"y__fft_coefficient__attr_""abs""__coeff_88",254.6776554868761
3,y,554,"y__fft_coefficient__attr_""abs""__coeff_89",187.28676309065375
3,y,555,"y__fft_coefficient__attr_""abs""__coeff_90",66.27603443601417
3,y,556,"y__fft_coefficient__attr_""abs""__coeff_91",72.56274900654351
3,y,557,"y__fft_coefficient__attr_""abs""__coeff_92",157.13981562618977
3,y,558,"y__fft_coefficient__attr_""abs""__coeff_93",196.72020679654491
3,y,559,"y__fft_coefficient__attr_""abs""__coeff_94",111.13793640137482
3,y,560,"y__fft_coefficient__attr_""abs""__coeff_95",203.47182440086428
3,y,561,"y__fft_coefficient__attr_""abs""__coeff_96",61.95560813497642
3,y,562,"y__fft_coefficient__attr_""abs""__coeff_97",93.05145420755815
3,y,563,"y__fft_coefficient__attr_""abs""__coeff_98",85.8031089486508
3,y,564,"y__fft_coefficient__attr_""abs""__coeff_99",228.00842193208962
3,y,565,"y__fft_coefficient__attr_""angle""__coeff_0",0.0
3,y,566,"y__fft_coefficient__attr_""angle""__coeff_1",-140.03198882062685
3,y,567,"y__fft_coefficient__attr_""angle""__coeff_2",-22.769354696651682
3,y,568,"y__fft_coefficient__attr_""angle""__coeff_3",72.94984580583531
3,y,569,"y__fft_coefficient__attr_""angle""__coeff_4",-149.57667234931495
3,y,570,"y__fft_coefficient__attr_""angle""__coeff_5",-57.727415871392445
3,y,571,"y__fft_coefficient__attr_""angle""__coeff_6",74.44307147546739
3,y,572,"y__fft_coefficient__attr_""angle""__coeff_7",175.4730675856377
3,y,573,"y__fft_coefficient__attr_""angle""__coeff_8",-65.63622196538297
3,y,574,"y__fft_coefficient__attr_""angle""__coeff_9",62.74924270592334
3,y,575,"y__fft_coefficient__attr_""angle""__coeff_10",162.09388878900552
3,y,576,"y__fft_coefficient__attr_""angle""__coeff_11",-54.641345037064134
3,y,577,"y__fft_coefficient__attr_""angle""__coeff_12",20.020830144171015
3,y,578,"y__fft_coefficient__attr_""angle""__coeff_13",163.3692334587237
3,y,579,"y__fft_coefficient__attr_""angle""__coeff_14",-98.65876907301408
3,y,580,"y__fft_coefficient__attr_""angle""__coeff_15",17.186351362677293
3,y,581,"y__fft_coefficient__attr_""angle""__coeff_16",157.28319316571378
3,y,582,"y__fft_coefficient__attr_""angle""__coeff_17",-113.99191111365226
3,y,583,"y__fft_coefficient__attr_""angle""__coeff_18",38.99048763942912
3,y,584,"y__fft_coefficient__attr_""angle""__coeff_19",116.69519978073937
3,y,585,"y__fft_coefficient__attr_""angle""__coeff_20",-118.50381484618039
3,y,586,"y__fft_coefficient__attr_""angle""__coeff_21",0.2583008150571611
3,y,587,"y__fft_coefficient__attr_""angle""__coeff_22",100.9512339505439
3,y,588,"y__fft_coefficient__attr_""angle""__coeff_23",-108.82278207076271
3,y,589,"y__fft_coefficient__attr_""angle""__coeff_24",-17.843250528110577
3,y,590,"y__fft_coefficient__attr_""angle""__coeff_25",117.85376590756357
3,y,591,"y__fft_coefficient__attr_""angle""__coeff_26",-144.6904820633183
3,y,592,"y__fft_coefficient__attr_""angle""__coeff_27",-37.46364327889274
3,y,593,"y__fft_coefficient__attr_""angle""__coeff_28",70.43627332730512
3,y,594,"y__fft_coefficient__attr_""angle""__coeff_29",-163.0439027099159
3,y,595,"y__fft_coefficient__attr_""angle""__coeff_30",-40.15276080269862
3,y,596,"y__fft_coefficient__attr_""angle""__coeff_31",78.13230846340035
3,y,597,"y__fft_coefficient__attr_""angle""__coeff_32",-157.78256965633264
3,y,598,"y__fft_coefficient__attr_""angle""__coeff_33",-94.44529899358241
3,y,599,"y__fft_coefficient__attr_""angle""__coeff_34",61.4286185665555
3,y,600,"y__fft_coefficient__attr_""angle""__coeff_35",136.82684381504959
3,y,601,"y__fft_coefficient__attr_""angle""__coeff_36",-75.29279112718513
3,y,602,"y__fft_coefficient__attr_""angle""__coeff_37",53.9890269627837
3,y,603,"y__fft_coefficient__attr_""angle""__coeff_38",142.44400284306604
3,y,604,"y__fft_coefficient__attr_""angle""__coeff_39",-47.90571229708643
3,y,605,"y__fft_coefficient__attr_""angle""__coeff_40",-16.638577671053145
3,y,606,"y__fft_coefficient__attr_""angle""__coeff_41",137.7577959080607
3,y,607,"y__fft_coefficient__attr_""angle""__coeff_42",-118.8760334832693
3,y,608,"y__fft_coefficient__attr_""angle""__coeff_43",-8.056476374526298
3,y,609,"y__fft_coefficient__attr_""angle""__coeff_44",165.55608884060337
3,y,610,"y__fft_coefficient__attr_""angle""__coeff_45",-128.52811216504006
3,y,611,"y__fft_coefficient__attr_""angle""__coeff_46",58.85316881303585
3,y,612,"y__fft_coefficient__attr_""angle""__coeff_47",89.32997765227196
3,y,613,"y__fft_coefficient__attr_""angle""__coeff_48",-162.8280176089598
3,y,614,"y__fft_coefficient__attr_""angle""__coeff_49",-52.24090386171261
3,y,615,"y__fft_coefficient__attr_""angle""__coeff_50",-90.00666533067279
3,y,616,"y__fft_coefficient__attr_""angle""__coeff_51",-121.78961048078381
3,y,617,"y__fft_coefficient__attr_""angle""__coeff_52",-12.000564665325536
3,y,618,"y__fft_coefficient__attr_""angle""__coeff_53",99.2767469491937
3,y,619,"y__fft_coefficient__attr_""angle""__coeff_54",79.29266024380762
3,y,620,"y__fft_coefficient__attr_""angle""__coeff_55",-50.05951696275552
3,y,621,"y__fft_coefficient__attr_""angle""__coeff_56",-9.025189863861552
3,y,622,"y__fft_coefficient__attr_""angle""__coeff_57",-163.18803055680243
3,y,623,"y__fft_coefficient__attr_""angle""__coeff_58",-47.90709649273898
3,y,624,"y__fft_coefficient__attr_""angle""__coeff_59",48.20962578431028
3,y,625,"y__fft_coefficient__attr_""angle""__coeff_60",-115.34868986178873
3,y,626,"y__fft_coefficient__attr_""angle""__coeff_61",-172.26750994676883
3,y,627,"y__fft_coefficient__attr_""angle""__coeff_62",79.8026520997028
3,y,628,"y__fft_coefficient__attr_""angle""__coeff_63",107.88622972586911
3,y,629,"y__fft_coefficient__attr_""angle""__coeff_64",-105.65830765174738
3,y,630,"y__fft_coefficient__attr_""angle""__coeff_65",100.82622621643685
3,y,631,"y__fft_coefficient__attr_""angle""__coeff_66",105.48257604063876
3,y,632,"y__fft_coefficient__attr_""angle""__coeff_67",34.92401587428777
3,y,633,"y__fft_coefficient__attr_""angle""__coeff_68",-63.420782150903946
3,y,634,"y__fft_coefficient__attr_""angle""__coeff_69",40.87961081552462
3,y,635,"y__fft_coefficient__attr_""angle""__coeff_70",165.09813530213447
3,y,636,"y__fft_coefficient__attr_""angle""__coeff_71",-11.363604063119517
3,y,637,"y__fft_coefficient__attr_""angle""__coeff_72",-107.12344894757746
3,y,638,"y__fft_coefficient__attr_""angle""__coeff_73",-94.5953269923811
3,y,639,"y__fft_coefficient__attr_""angle""__coeff_74",159.80554450173113
3,y,640,"y__fft_coefficient__attr_""angle""__coeff_75",-51.331285721051266
3,y,641,"y__fft_coefficient__attr_""angle""__coeff_76",-164.24662341392747
3,y,642,"y__fft_coefficient__attr_""angle""__coeff_77",-150.4793345998651
3,y,643,"y__fft_coefficient__attr_""angle""__coeff_78",116.87111453469684
3,y,644,"y__fft_coefficient__attr_""angle""__coeff_79",-1.6485180145373899
3,y,645,"y__fft_coefficient__attr_""angle""__coeff_80",77.48484974949649
3,y,646,"y__fft_coefficient__attr_""angle""__coeff_81",-170.0968553915232
3,y,647,"y__fft_coefficient__attr_""angle""__coeff_82",65.17429047147016
3,y,648,"y__fft_coefficient__attr_""angle""__coeff_83",15.560601368550419
3,y,649,"y__fft_coefficient__attr_""angle""__coeff_84",-13.553415810142514
3,y,650,"y__fft_coefficient__attr_""angle""__coeff_85",-136.39573048984394
3,y,651,"y__fft_coefficient__attr_""angle""__coeff_86",16.437791564197894
3,y,652,"y__fft_coefficient__attr_""angle""__coeff_87",-57.661948982117686
3,y,653,"y__fft_coefficient__attr_""angle""__coeff_88",-62.78539549373477
3,y,654,"y__fft_coefficient__attr_""angle""__coeff_89",-167.18031354734438
3,y,655,"y__fft_coefficient__attr_""angle""__coeff_90",-132.2605708841179
3,y,656,"y__fft_coefficient__attr_""angle""__coeff_91",119.56744077978055
3,y,657,"y__fft_coefficient__attr_""angle""__coeff_92",-102.0515049700964
3,y,658,"y__fft_coefficient__attr_""angle""__coeff_93",149.9095174106275
3,y,659,"y__fft_coefficient__attr_""angle""__coeff_94",152.35748950845556
3,y,660,"y__fft_coefficient__attr_""angle""__coeff_95",63.26147301828561
3,y,661,"y__fft_coefficient__attr_""angle""__coeff_96",-103.86960552050571
3,y,662,"y__fft_coefficient__attr_""angle""__coeff_97",74.56820238968983
3,y,663,"y__fft_coefficient__attr_""angle""__coeff_98",109.13726667091242
3,y,664,"y__fft_coefficient__attr_""angle""__coeff_99",17.14393442384258
3,y,665,"y__fft_aggregated__aggtype_""centroid""",287.4639037369284
3,y,666,"y__fft_aggregated__aggtype_""variance""",313099.57708399394
3,y,667,"y__fft_aggregated__aggtype_""skew""",2.5139094026315463
3,y,668,"y__fft_aggregated__aggtype_""kurtosis""",8.374789037552615
3,y,669,y__value_count__value_0,0.0
3,y,670,y__value_count__value_1,0.0
3,y,671,y__value_count__value_-1,0.0
3,y,672,y__range_count__max_1__min_-1,2319.0
3,y,673,y__range_count__max_0__min_-1000000000000.0,2505.0
3,y,674,y__range_count__max_1000000000000.0__min_0,2495.0
3,y,675,y__approximate_entropy__m_2__r_0.1,0.4313834563792849
3,y,676,y__approximate_entropy__m_2__r_0.3,0.15611519181885436
3,y,677,y__approximate_entropy__m_2__r_0.5,0.08152422328697395
3,y,678,y__approximate_entropy__m_2__r_0.7,0.05478415599527264
3,y,679,y__approximate_entropy__m_2__r_0.9,0.04043380406814323
3,y,680,y__friedrich_coefficients__coeff_0__m_3__r_30,-0.00394737461564383
3,y,681,y__friedrich_coefficients__coeff_1__m_3__r_30,-8.83422044711001e-06
3,y,682,y__friedrich_coefficients__coeff_2__m_3__r_30,0.0036349501044074385
3,y,683,y__friedrich_coefficients__coeff_3__m_3__r_30,5.945678240063076e-06
3,y,684,y__max_langevin_fixed_point__m_3__r_30,0.95931004937678
3,y,685,"y__linear_trend__attr_""pvalue""",0.25855775422435695
3,y,686,"y__linear_trend__attr_""rvalue""",-0.01598085267895756
3,y,687,"y__linear_trend__attr_""intercept""",0.030278517017173573
3,y,688,"y__linear_trend__attr_""slope""",-1.1750430867753752e-05
3,y,689,"y__linear_trend__attr_""stderr""",1.0399207742248112e-05
3,y,690,"y__agg_linear_trend__attr_""rvalue""__chunk_len_5__f_agg_""max""",-0.021626740737736686
3,y,691,"y__agg_linear_trend__attr_""rvalue""__chunk_len_5__f_agg_""min""",-0.008490881582451003
3,y,692,"y__agg_linear_trend__attr_""rvalue""__chunk_len_5__f_agg_""mean""",-0.016058388232487363
3,y,693,"y__agg_linear_trend__attr_""rvalue""__chunk_len_5__f_agg_""var""",-0.12255543048862307
3,y,694,"y__agg_linear_trend__attr_""rvalue""__chunk_len_10__f_agg_""max""",-0.028534681915920655
3,y,695,"y__agg_linear_trend__attr_""rvalue""__chunk_len_10__f_agg_""min""",-0.0009106147051318715
3,y,696,"y__agg_linear_trend__attr_""rvalue""__chunk_len_10__f_agg_""mean""",-0.016286967230787406
3,y,697,"y__agg_linear_trend__attr_""rvalue""__chunk_len_10__f_agg_""var""",-0.12731317213220916
3,y,698,"y__agg_linear_trend__attr_""rvalue""__chunk_len_50__f_agg_""max""",-0.09611858772727605
3,y,699,"y__agg_linear_trend__attr_""rvalue""__chunk_len_50__f_agg_""min""",0.024132248338299037
3,y,700,"y__agg_linear_trend__attr_""rvalue""__chunk_len_50__f_agg_""mean""",-0.018213406105969256
3,y,701,"y__agg_linear_trend__attr_""rvalue""__chunk_len_50__f_agg_""var""",-0.2177296398582108
3,y,702,"y__agg_linear_trend__attr_""intercept""__chunk_len_5__f_agg_""max""",0.1688641304877881
3,y,703,"y__agg_linear_trend__attr_""intercept""__chunk_len_5__f_agg_""min""",-0.11429401305232366
3,y,704,"y__agg_linear_trend__attr_""intercept""__chunk_len_5__f_agg_""mean""",0.030255136455114528
3,y,705,"y__agg_linear_trend__attr_""intercept""__chunk_len_5__f_agg_""var""",0.013121724964139587
3,y,706,"y__agg_linear_trend__attr_""intercept""__chunk_len_10__f_agg_""max""",0.33337591274397077
3,y,707,"y__agg_linear_trend__attr_""intercept""__chunk_len_10__f_agg_""min""",-0.27981909723637244
3,y,708,"y__agg_linear_trend__attr_""intercept""__chunk_len_10__f_agg_""mean""",0.03022641228813195
3,y,709,"y__agg_linear_trend__attr_""intercept""__chunk_len_10__f_agg_""var""",0.05088590020250209
3,y,710,"y__agg_linear_trend__attr_""intercept""__chunk_len_50__f_agg_""max""",0.9563432108462687
3,y,711,"y__agg_linear_trend__attr_""intercept""__chunk_len_50__f_agg_""min""",-0.8592932119165991
3,y,712,"y__agg_linear_trend__attr_""intercept""__chunk_len_50__f_agg_""mean""",0.029663998243742894
3,y,713,"y__agg_linear_trend__attr_""intercept""__chunk_len_50__f_agg_""var""",0.3606978170691397
3,y,714,"y__agg_linear_trend__attr_""slope""__chunk_len_5__f_agg_""max""",-7.908203439417491e-05
3,y,715,"y__agg_linear_trend__attr_""slope""__chunk_len_5__f_agg_""min""",-3.107771652646341e-05
3,y,716,"y__agg_linear_trend__attr_""slope""__chunk_len_5__f_agg_""mean""",-5.875239517896189e-05
3,y,717,"y__agg_linear_trend__attr_""slope""__chunk_len_5__f_agg_""var""",-4.563367817274152e-06
3,y,718,"y__agg_linear_trend__attr_""slope""__chunk_len_10__f_agg_""max""",-0.0002049456912330166
3,y,719,"y__agg_linear_trend__attr_""slope""__chunk_len_10__f_agg_""min""",-6.539191771232974e-06
3,y,720,"y__agg_linear_trend__attr_""slope""__chunk_len_10__f_agg_""mean""",-0.00011750740370704961
3,y,721,"y__agg_linear_trend__attr_""slope""__chunk_len_10__f_agg_""var""",-3.606274057466735e-05
3,y,722,"y__agg_linear_trend__attr_""slope""__chunk_len_50__f_agg_""max""",-0.0025272362378870048
3,y,723,"y__agg_linear_trend__attr_""slope""__chunk_len_50__f_agg_""min""",0.0006343909407988874
3,y,724,"y__agg_linear_trend__attr_""slope""__chunk_len_50__f_agg_""mean""",-0.0005809228925357532
3,y,725,"y__agg_linear_trend__attr_""slope""__chunk_len_50__f_agg_""var""",-0.0016574128827059132
3,y,726,"y__agg_linear_trend__attr_""stderr""__chunk_len_5__f_agg_""max""",0.00011572305801991966
3,y,727,"y__agg_linear_trend__attr_""stderr""__chunk_len_5__f_agg_""min""",0.00011585516243762773
3,y,728,"y__agg_linear_trend__attr_""stderr""__chunk_len_5__f_agg_""mean""",0.00011579834406966725
3,y,729,"y__agg_linear_trend__attr_""stderr""__chunk_len_5__f_agg_""var""",1.1697724467707786e-06
3,y,730,"y__agg_linear_trend__attr_""stderr""__chunk_len_10__f_agg_""max""",0.0003217171447544442
3,y,731,"y__agg_linear_trend__attr_""stderr""__chunk_len_10__f_agg_""min""",0.0003217914962666023
3,y,732,"y__agg_linear_trend__attr_""stderr""__chunk_len_10__f_agg_""mean""",0.0003232605649009424
3,y,733,"y__agg_linear_trend__attr_""stderr""__chunk_len_10__f_agg_""var""",1.2589898197028368e-05
3,y,734,"y__agg_linear_trend__attr_""stderr""__chunk_len_50__f_agg_""max""",0.0026436862992208223
3,y,735,"y__agg_linear_trend__attr_""stderr""__chunk_len_50__f_agg_""min""",0.002654725692556337
3,y,736,"y__agg_linear_trend__attr_""stderr""__chunk_len_50__f_agg_""mean""",0.003221382063926967
3,y,737,"y__agg_linear_trend__attr_""stderr""__chunk_len_50__f_agg_""var""",0.0007505056987951301
3,y,738,"y__augmented_dickey_fuller__attr_""teststat""__autolag_""AIC""",-20.23877264841439
3,y,739,"y__augmented_dickey_fuller__attr_""pvalue""__autolag_""AIC""",0.0
3,y,740,"y__augmented_dickey_fuller__attr_""usedlag""__autolag_""AIC""",32.0
3,y,741,y__number_crossing_m__m_0,103.0
3,y,742,y__number_crossing_m__m_-1,106.0
3,y,743,y__number_crossing_m__m_1,106.0
3,y,744,y__energy_ratio_by_chunks__num_segments_10__segment_focus_0,0.09977515873576628
3,y,745,y__energy_ratio_by_chunks__num_segments_10__segment_focus_1,0.10015563730014294
3,y,746,y__energy_ratio_by_chunks__num_segments_10__segment_focus_2,0.10027433606276917
3,y,747,y__energy_ratio_by_chunks__num_segments_10__segment_focus_3,0.09986294416502813
3,y,748,y__energy_ratio_by_chunks__num_segments_10__segment_focus_4,0.09984392774011158
3,y,749,y__energy_ratio_by_chunks__num_segments_10__segment_focus_5,0.09976224598134507
3,y,750,y__energy_ratio_by_chunks__num_segments_10__segment_focus_6,0.10008774862741938
3,y,751,y__energy_ratio_by_chunks__num_segments_10__segment_focus_7,0.09999908628145762
3,y,752,y__energy_ratio_by_chunks__num_segments_10__segment_focus_8,0.09999630909239095
3,y,753,y__energy_ratio_by_chunks__num_segments_10__segment_focus_9,0.10024260601356871
3,y,754,y__ratio_beyond_r_sigma__r_0.5,0.77
3,y,755,y__ratio_beyond_r_sigma__r_1,0.4976
3,y,756,y__ratio_beyond_r_sigma__r_1.5,0.0
3,y,757,y__ratio_beyond_r_sigma__r_2,0.0
3,y,758,y__ratio_beyond_r_sigma__r_2.5,0.0
3,y,759,y__ratio_beyond_r_sigma__r_3,0.0
3,y,760,y__ratio_beyond_r_sigma__r_5,0.0
3,y,761,y__ratio_beyond_r_sigma__r_6,0.0
3,y,762,y__ratio_beyond_r_sigma__r_7,0.0
3,y,763,y__ratio_beyond_r_sigma__r_10,0.0
3,y,764,y__count_above__t_0,0.499
3,y,765,y__count_below__t_0,0.501
3,y,766,y__lempel_ziv_complexity__bins_2,0.04
3,y,767,y__lempel_ziv_complexity__bins_3,0.0576
3,y,768,y__lempel_ziv_complexity__bins_5,0.0894
3,y,769,y__lempel_ziv_complexity__bins_10,0.1354
3,y,770,y__lempel_ziv_complexity__bins_100,0.3786
3,y,771,y__fourier_entropy__bins_2,0.07998252574647073
3,y,772,y__fourier_entropy__bins_3,0.07998252574647073
3,y,773,y__fourier_entropy__bins_5,0.07998252574647073
3,y,774,y__fourier_entropy__bins_10,0.13600216966487969
3,y,775,y__fourier_entropy__bins_100,0.3164746721333209
3,y,776,y__permutation_entropy__dimension_3__tau_1,1.3526386858022534
3,y,777,y__permutation_entropy__dimension_4__tau_1,1.9468382801190196
3,y,778,y__permutation_entropy__dimension_5__tau_1,2.505932514048873
3,y,779,y__permutation_entropy__dimension_6__tau_1,3.0151878718763863
3,y,780,y__permutation_entropy__dimension_7__tau_1,3.422418597384256
3,y,781,y__query_similarity_count__query_None__threshold_0.0,
3,y,782,y__mean_n_absolute_max__number_of_maxima_7,1.5677826960900456
34,y,0,y__variance_larger_than_standard_deviation,1.0
34,y,1,y__has_duplicate_max,0.0
34,y,2,y__has_duplicate_min,0.0
34,y,3,y__has_duplicate,1.0
34,y,4,y__sum_values,-23010.974593442977
34,y,5,y__abs_energy,188050.58885160778
34,y,6,y__mean_abs_change,0.07059447457255166
34,y,7,y__mean_change,-0.0018154943901528327
34,y,8,y__mean_second_derivative_central,1.0146495424221725e-05
34,y,9,y__median,-3.3026484190339858
34,y,10,y__mean,-4.602194918688595
34,y,11,y__length,5000.0
34,y,12,y__standard_deviation,4.053383734698508
34,y,13,y__variation_coefficient,-0.8807501216948734
34,y,14,y__variance,16.429919700718425
34,y,15,y__skewness,-0.2763828170505169
34,y,16,y__kurtosis,-1.2834066467666967
34,y,17,y__root_mean_square,6.13270884441138
34,y,18,y__absolute_sum_of_changes,352.90177838818573
34,y,19,y__longest_strike_below_mean,1860.0
34,y,20,y__longest_strike_above_mean,1562.0
34,y,21,y__count_above_mean,2841.0
34,y,22,y__count_below_mean,2159.0
34,y,23,y__last_location_of_maximum,0.04520000000000002
34,y,24,y__first_location_of_maximum,0.045
34,y,25,y__last_location_of_minimum,0.775
34,y,26,y__first_location_of_minimum,0.7748
34,y,27,y__percentage_of_reoccurring_values_to_all_values,0.010101010101010102
34,y,28,y__percentage_of_reoccurring_datapoints_to_all_datapoints,0.02
34,y,29,y__sum_of_reoccurring_values,0.09901239535453321
34,y,30,y__sum_of_reoccurring_data_points,0.19802479070906642
34,y,31,y__ratio_value_number_to_time_series_length,0.99
34,y,32,y__sample_entropy,0.057227434379026394
34,y,33,y__maximum,1.573481059471842
34,y,34,y__absolute_maximum,12.35937589401245
34,y,35,y__minimum,-12.35937589401245
34,y,36,y__benford_correlation,0.9073637607035814
34,y,37,y__time_reversal_asymmetry_statistic__lag_1,-0.20043508040577954
34,y,38,y__time_reversal_asymmetry_statistic__lag_2,-0.41698094127862373
34,y,39,y__time_reversal_asymmetry_statistic__lag_3,-0.6438077509698615
34,y,40,y__c3__lag_1,-342.62013545912964
34,y,41,y__c3__lag_2,-342.3858323351075
34,y,42,y__c3__lag_3,-342.01185079838183
34,y,43,y__cid_ce__normalize_True,1.510721542469341
34,y,44,y__cid_ce__normalize_False,6.123534127903868
34,y,45,y__symmetry_looking__r_0.0,0.0
34,y,46,y__symmetry_looking__r_0.05,0.0
34,y,47,y__symmetry_looking__r_0.1,1.0
34,y,48,y__symmetry_looking__r_0.15000000000000002,1.0
34,y,49,y__symmetry_looking__r_0.2,1.0
34,y,50,y__symmetry_looking__r_0.25,1.0
34,y,51,y__symmetry_looking__r_0.30000000000000004,1.0
34,y,52,y__symmetry_looking__r_0.35000000000000003,1.0
34,y,53,y__symmetry_looking__r_0.4,1.0
34,y,54,y__symmetry_looking__r_0.45,1.0
34,y,55,y__symmetry_looking__r_0.5,1.0
34,y,56,y__symmetry_looking__r_0.55,1.0
34,y,57,y__symmetry_looking__r_0.6000000000000001,1.0
34,y,58,y__symmetry_looking__r_0.65,1.0
34,y,59,y__symmetry_looking__r_0.7000000000000001,1.0
34,y,60,y__symmetry_looking__r_0.75,1.0
34,y,61,y__symmetry_looking__r_0.8,1.0
34,y,62,y__symmetry_looking__r_0.8500000000000001,1.0
34,y,63,y__symmetry_looking__r_0.9,1.0
34,y,64,y__symmetry_looking__r_0.9500000000000001,1.0
34,y,65,y__large_standard_deviation__r_0.05,1.0
34,y,66,y__large_standard_deviation__r_0.1,1.0
34,y,67,y__large_standard_deviation__r_0.15000000000000002,1.0
34,y,68,y__large_standard_deviation__r_0.2,1.0
34,y,69,y__large_standard_deviation__r_0.25,1.0
34,y,70,y__large_standard_deviation__r_0.30000000000000004,0.0
34,y,71,y__large_standard_deviation__r_0.35000000000000003,0.0
34,y,72,y__large_standard_deviation__r_0.4,0.0
34,y,73,y__large_standard_deviation__r_0.45,0.0
34,y,74,y__large_standard_deviation__r_0.5,0.0
34,y,75,y__large_standard_deviation__r_0.55,0.0
34,y,76,y__large_standard_deviation__r_0.6000000000000001,0.0
34,y,77,y__large_standard_deviation__r_0.65,0.0
34,y,78,y__large_standard_deviation__r_0.7000000000000001,0.0
34,y,79,y__large_standard_deviation__r_0.75,0.0
34,y,80,y__large_standard_deviation__r_0.8,0.0
34,y,81,y__large_standard_deviation__r_0.8500000000000001,0.0
34,y,82,y__large_standard_deviation__r_0.9,0.0
34,y,83,y__large_standard_deviation__r_0.9500000000000001,0.0
34,y,84,y__quantile__q_0.1,-10.306503667362893
34,y,85,y__quantile__q_0.2,-9.361161744225326
34,y,86,y__quantile__q_0.3,-7.83812709797207
34,y,87,y__quantile__q_0.4,-5.026807276763431
34,y,88,y__quantile__q_0.6,-2.5263991847898253
34,y,89,y__quantile__q_0.7,-1.5140058547466428
34,y,90,y__quantile__q_0.8,-0.7483475799295012
34,y,91,y__quantile__q_0.9,0.35887157678738435
34,y,92,y__autocorrelation__lag_0,1.0
34,y,93,y__autocorrelation__lag_1,0.9997208972723945
34,y,94,y__autocorrelation__lag_2,0.9991488626883855
34,y,95,y__autocorrelation__lag_3,0.9982336922213515
34,y,96,y__autocorrelation__lag_4,0.9969944313054913
34,y,97,y__autocorrelation__lag_5,0.9954355387172287
34,y,98,y__autocorrelation__lag_6,0.9935773722676383
34,y,99,y__autocorrelation__lag_7,0.9914255265024146
34,y,100,y__autocorrelation__lag_8,0.9890070036000089
34,y,101,y__autocorrelation__lag_9,0.9863282356456808
34,y,102,"y__agg_autocorrelation__f_agg_""mean""__maxlag_40",0.9378731418492761
34,y,103,"y__agg_autocorrelation__f_agg_""median""__maxlag_40",0.9418674225237038
34,y,104,"y__agg_autocorrelation__f_agg_""var""__maxlag_40",0.0020760298607038993
34,y,105,y__partial_autocorrelation__lag_0,1.0
34,y,106,y__partial_autocorrelation__lag_1,0.9997208972723944
34,y,107,y__partial_autocorrelation__lag_2,-0.5249870771034568
34,y,108,y__partial_autocorrelation__lag_3,-0.468942232936543
34,y,109,y__partial_autocorrelation__lag_4,-0.29030567669383595
34,y,110,y__partial_autocorrelation__lag_5,-0.19407695336745281
34,y,111,y__partial_autocorrelation__lag_6,-0.08848384678802765
34,y,112,y__partial_autocorrelation__lag_7,-0.05809373955181259
34,y,113,y__partial_autocorrelation__lag_8,0.0190864886301751
34,y,114,y__partial_autocorrelation__lag_9,0.013744681939494774
34,y,115,y__number_cwt_peaks__n_1,410.0
34,y,116,y__number_cwt_peaks__n_5,306.0
34,y,117,y__number_peaks__n_1,547.0
34,y,118,y__number_peaks__n_3,87.0
34,y,119,y__number_peaks__n_5,60.0
34,y,120,y__number_peaks__n_10,58.0
34,y,121,y__number_peaks__n_50,46.0
34,y,122,y__binned_entropy__max_bins_10,2.211357608820047
34,y,123,y__index_mass_quantile__q_0.1,0.3352
34,y,124,y__index_mass_quantile__q_0.2,0.5312
34,y,125,y__index_mass_quantile__q_0.3,0.64
34,y,126,y__index_mass_quantile__q_0.4,0.6968
34,y,127,y__index_mass_quantile__q_0.6,0.7868
34,y,128,y__index_mass_quantile__q_0.7,0.8392
34,y,129,y__index_mass_quantile__q_0.8,0.8936
34,y,130,y__index_mass_quantile__q_0.9,0.9472
34,y,131,"y__cwt_coefficients__coeff_0__w_2__widths_(2, 5, 10, 20)",-0.19003163488062202
34,y,132,"y__cwt_coefficients__coeff_0__w_5__widths_(2, 5, 10, 20)",-0.8277225864806693
34,y,133,"y__cwt_coefficients__coeff_0__w_10__widths_(2, 5, 10, 20)",-1.7385073479162592
34,y,134,"y__cwt_coefficients__coeff_0__w_20__widths_(2, 5, 10, 20)",-0.46298897182370546
34,y,135,"y__cwt_coefficients__coeff_1__w_2__widths_(2, 5, 10, 20)",-0.20074797922429186
34,y,136,"y__cwt_coefficients__coeff_1__w_5__widths_(2, 5, 10, 20)",-0.8098689876047327
34,y,137,"y__cwt_coefficients__coeff_1__w_10__widths_(2, 5, 10, 20)",-1.633911530384175
34,y,138,"y__cwt_coefficients__coeff_1__w_20__widths_(2, 5, 10, 20)",-0.13412267850950924
34,y,139,"y__cwt_coefficients__coeff_2__w_2__widths_(2, 5, 10, 20)",-0.17617803039766475
34,y,140,"y__cwt_coefficients__coeff_2__w_5__widths_(2, 5, 10, 20)",-0.7551755017646402
34,y,141,"y__cwt_coefficients__coeff_2__w_10__widths_(2, 5, 10, 20)",-1.5024190088935097
34,y,142,"y__cwt_coefficients__coeff_2__w_20__widths_(2, 5, 10, 20)",0.21533286502227175
34,y,143,"y__cwt_coefficients__coeff_3__w_2__widths_(2, 5, 10, 20)",-0.12496984664817701
34,y,144,"y__cwt_coefficients__coeff_3__w_5__widths_(2, 5, 10, 20)",-0.6607605004685555
34,y,145,"y__cwt_coefficients__coeff_3__w_10__widths_(2, 5, 10, 20)",-1.334063724599767
34,y,146,"y__cwt_coefficients__coeff_3__w_20__widths_(2, 5, 10, 20)",0.5751461844213227
34,y,147,"y__cwt_coefficients__coeff_4__w_2__widths_(2, 5, 10, 20)",-0.06732456473037367
34,y,148,"y__cwt_coefficients__coeff_4__w_5__widths_(2, 5, 10, 20)",-0.544739567899038
34,y,149,"y__cwt_coefficients__coeff_4__w_10__widths_(2, 5, 10, 20)",-1.140725080248016
34,y,150,"y__cwt_coefficients__coeff_4__w_20__widths_(2, 5, 10, 20)",0.9529670575952606
34,y,151,"y__cwt_coefficients__coeff_5__w_2__widths_(2, 5, 10, 20)",-0.01878195608334703
34,y,152,"y__cwt_coefficients__coeff_5__w_5__widths_(2, 5, 10, 20)",-0.40445573336600865
34,y,153,"y__cwt_coefficients__coeff_5__w_10__widths_(2, 5, 10, 20)",-0.9204052695635422
34,y,154,"y__cwt_coefficients__coeff_5__w_20__widths_(2, 5, 10, 20)",1.3422040166465
34,y,155,"y__cwt_coefficients__coeff_6__w_2__widths_(2, 5, 10, 20)",0.01722066254409356
34,y,156,"y__cwt_coefficients__coeff_6__w_5__widths_(2, 5, 10, 20)",-0.25921690709544326
34,y,157,"y__cwt_coefficients__coeff_6__w_10__widths_(2, 5, 10, 20)",-0.6752223986832397
34,y,158,"y__cwt_coefficients__coeff_6__w_20__widths_(2, 5, 10, 20)",1.7491340915147444
34,y,159,"y__cwt_coefficients__coeff_7__w_2__widths_(2, 5, 10, 20)",0.04225060008646886
34,y,160,"y__cwt_coefficients__coeff_7__w_5__widths_(2, 5, 10, 20)",-0.11606353703531279
34,y,161,"y__cwt_coefficients__coeff_7__w_10__widths_(2, 5, 10, 20)",-0.4150314262847707
34,y,162,"y__cwt_coefficients__coeff_7__w_20__widths_(2, 5, 10, 20)",2.16825846451008
34,y,163,"y__cwt_coefficients__coeff_8__w_2__widths_(2, 5, 10, 20)",0.057887925008258456
34,y,164,"y__cwt_coefficients__coeff_8__w_5__widths_(2, 5, 10, 20)",0.016632812387850162
34,y,165,"y__cwt_coefficients__coeff_8__w_10__widths_(2, 5, 10, 20)",-0.1375387560475895
34,y,166,"y__cwt_coefficients__coeff_8__w_20__widths_(2, 5, 10, 20)",2.5799513877730176
34,y,167,"y__cwt_coefficients__coeff_9__w_2__widths_(2, 5, 10, 20)",0.06302748417916414
34,y,168,"y__cwt_coefficients__coeff_9__w_5__widths_(2, 5, 10, 20)",0.1320681511560815
34,y,169,"y__cwt_coefficients__coeff_9__w_10__widths_(2, 5, 10, 20)",0.14541422724529593
34,y,170,"y__cwt_coefficients__coeff_9__w_20__widths_(2, 5, 10, 20)",3.006593366178518
34,y,171,"y__cwt_coefficients__coeff_10__w_2__widths_(2, 5, 10, 20)",0.0526751207258205
34,y,172,"y__cwt_coefficients__coeff_10__w_5__widths_(2, 5, 10, 20)",0.23116234730515695
34,y,173,"y__cwt_coefficients__coeff_10__w_10__widths_(2, 5, 10, 20)",0.436278387456257
34,y,174,"y__cwt_coefficients__coeff_10__w_20__widths_(2, 5, 10, 20)",3.4294276482715595
34,y,175,"y__cwt_coefficients__coeff_11__w_2__widths_(2, 5, 10, 20)",0.03170470467073651
34,y,176,"y__cwt_coefficients__coeff_11__w_5__widths_(2, 5, 10, 20)",0.3099503615343181
34,y,177,"y__cwt_coefficients__coeff_11__w_10__widths_(2, 5, 10, 20)",0.7292476345997569
34,y,178,"y__cwt_coefficients__coeff_11__w_20__widths_(2, 5, 10, 20)",3.857032772984022
34,y,179,"y__cwt_coefficients__coeff_12__w_2__widths_(2, 5, 10, 20)",0.022783136928771843
34,y,180,"y__cwt_coefficients__coeff_12__w_5__widths_(2, 5, 10, 20)",0.3737482153559157
34,y,181,"y__cwt_coefficients__coeff_12__w_10__widths_(2, 5, 10, 20)",1.0150733335981494
34,y,182,"y__cwt_coefficients__coeff_12__w_20__widths_(2, 5, 10, 20)",4.286008320934708
34,y,183,"y__cwt_coefficients__coeff_13__w_2__widths_(2, 5, 10, 20)",0.039474939293405086
34,y,184,"y__cwt_coefficients__coeff_13__w_5__widths_(2, 5, 10, 20)",0.4234628985728165
34,y,185,"y__cwt_coefficients__coeff_13__w_10__widths_(2, 5, 10, 20)",1.29490353192342
34,y,186,"y__cwt_coefficients__coeff_13__w_20__widths_(2, 5, 10, 20)",4.689763993045182
34,y,187,"y__cwt_coefficients__coeff_14__w_2__widths_(2, 5, 10, 20)",0.0626789708015123
34,y,188,"y__cwt_coefficients__coeff_14__w_5__widths_(2, 5, 10, 20)",0.47005194762717023
34,y,189,"y__cwt_coefficients__coeff_14__w_10__widths_(2, 5, 10, 20)",1.5593692410625974
34,y,190,"y__cwt_coefficients__coeff_14__w_20__widths_(2, 5, 10, 20)",5.098870854754489
34,y,191,y__spkt_welch_density__coeff_2,134.97957827921383
34,y,192,y__spkt_welch_density__coeff_5,3.125417521891494
34,y,193,y__spkt_welch_density__coeff_8,0.4868026175423101
34,y,194,y__ar_coefficient__coeff_0__k_10,-0.0035519942213567105
34,y,195,y__ar_coefficient__coeff_1__k_10,0.9997098322753069
34,y,196,y__ar_coefficient__coeff_2__k_10,0.346861466486368
34,y,197,y__ar_coefficient__coeff_3__k_10,0.009084966071095248
34,y,198,y__ar_coefficient__coeff_4__k_10,-0.09274887356069773
34,y,199,y__ar_coefficient__coeff_5__k_10,-0.1299159503957118
34,y,200,y__ar_coefficient__coeff_6__k_10,-0.11339668174939735
34,y,201,y__ar_coefficient__coeff_7__k_10,-0.09356923182409166
34,y,202,y__ar_coefficient__coeff_8__k_10,-0.01300138626475826
34,y,203,y__ar_coefficient__coeff_9__k_10,0.007730095685656836
34,y,204,y__ar_coefficient__coeff_10__k_10,0.07852163957442196
34,y,205,"y__change_quantiles__f_agg_""mean""__isabs_False__qh_0.2__ql_0.0",0.0004193857134691969
34,y,206,"y__change_quantiles__f_agg_""var""__isabs_False__qh_0.2__ql_0.0",0.005907964901770743
34,y,207,"y__change_quantiles__f_agg_""mean""__isabs_True__qh_0.2__ql_0.0",0.06427232367586343
34,y,208,"y__change_quantiles__f_agg_""var""__isabs_True__qh_0.2__ql_0.0",0.0017772091954524505
34,y,209,"y__change_quantiles__f_agg_""mean""__isabs_False__qh_0.4__ql_0.0",-0.0021545398625752543
34,y,210,"y__change_quantiles__f_agg_""var""__isabs_False__qh_0.4__ql_0.0",0.00685766387119048
34,y,211,"y__change_quantiles__f_agg_""mean""__isabs_True__qh_0.4__ql_0.0",0.06771443739699058
34,y,212,"y__change_quantiles__f_agg_""var""__isabs_True__qh_0.4__ql_0.0",0.002277060881218951
34,y,213,"y__change_quantiles__f_agg_""mean""__isabs_False__qh_0.6__ql_0.0",-0.002114305079810459
34,y,214,"y__change_quantiles__f_agg_""var""__isabs_False__qh_0.6__ql_0.0",0.007293549862657424
34,y,215,"y__change_quantiles__f_agg_""mean""__isabs_True__qh_0.6__ql_0.0",0.06963029761027
34,y,216,"y__change_quantiles__f_agg_""var""__isabs_True__qh_0.6__ql_0.0",0.0024496418033331663
34,y,217,"y__change_quantiles__f_agg_""mean""__isabs_False__qh_0.8__ql_0.0",-0.0020380342991093946
34,y,218,"y__change_quantiles__f_agg_""var""__isabs_False__qh_0.8__ql_0.0",0.007289668794324809
34,y,219,"y__change_quantiles__f_agg_""mean""__isabs_True__qh_0.8__ql_0.0",0.06986413666638247
34,y,220,"y__change_quantiles__f_agg_""var""__isabs_True__qh_0.8__ql_0.0",0.0024128247859901888
34,y,221,"y__change_quantiles__f_agg_""mean""__isabs_False__qh_1.0__ql_0.0",-0.0018154943901528323
34,y,222,"y__change_quantiles__f_agg_""var""__isabs_False__qh_1.0__ql_0.0",0.007497738230089997
34,y,223,"y__change_quantiles__f_agg_""mean""__isabs_True__qh_1.0__ql_0.0",0.07059447457255166
34,y,224,"y__change_quantiles__f_agg_""var""__isabs_True__qh_1.0__ql_0.0",0.002517454409796031
34,y,225,"y__change_quantiles__f_agg_""mean""__isabs_False__qh_0.4__ql_0.2",-0.004450431877082779
34,y,226,"y__change_quantiles__f_agg_""var""__isabs_False__qh_0.4__ql_0.2",0.007599698357517042
34,y,227,"y__change_quantiles__f_agg_""mean""__isabs_True__qh_0.4__ql_0.2",0.0698383748247107
34,y,228,"y__change_quantiles__f_agg_""var""__isabs_True__qh_0.4__ql_0.2",0.002742106103252813
34,y,229,"y__change_quantiles__f_agg_""mean""__isabs_False__qh_0.6__ql_0.2",-0.0032212539771383454
34,y,230,"y__change_quantiles__f_agg_""var""__isabs_False__qh_0.6__ql_0.2",0.007887543312696567
34,y,231,"y__change_quantiles__f_agg_""mean""__isabs_True__qh_0.6__ql_0.2",0.07167581339054806
34,y,232,"y__change_quantiles__f_agg_""var""__isabs_True__qh_0.6__ql_0.2",0.0027604975646851287
34,y,233,"y__change_quantiles__f_agg_""mean""__isabs_False__qh_0.8__ql_0.2",-0.0027443514004685003
34,y,234,"y__change_quantiles__f_agg_""var""__isabs_False__qh_0.8__ql_0.2",0.007681928605253335
34,y,235,"y__change_quantiles__f_agg_""mean""__isabs_True__qh_0.8__ql_0.2",0.0712990761657486
34,y,236,"y__change_quantiles__f_agg_""var""__isabs_True__qh_0.8__ql_0.2",0.002605901807773367
34,y,237,"y__change_quantiles__f_agg_""mean""__isabs_False__qh_1.0__ql_0.2",-0.002283177666725668
34,y,238,"y__change_quantiles__f_agg_""var""__isabs_False__qh_1.0__ql_0.2",0.007843177266203323
34,y,239,"y__change_quantiles__f_agg_""mean""__isabs_True__qh_1.0__ql_0.2",0.07184884627744048
34,y,240,"y__change_quantiles__f_agg_""var""__isabs_True__qh_1.0__ql_0.2",0.002686133455061883
34,y,241,"y__change_quantiles__f_agg_""mean""__isabs_False__qh_0.6__ql_0.4",-0.0023093326221980412
34,y,242,"y__change_quantiles__f_agg_""var""__isabs_False__qh_0.6__ql_0.4",0.008002167005197517
34,y,243,"y__change_quantiles__f_agg_""mean""__isabs_True__qh_0.6__ql_0.4",0.07285057717731766
34,y,244,"y__change_quantiles__f_agg_""var""__isabs_True__qh_0.6__ql_0.4",0.0027002934272891506
34,y,245,"y__change_quantiles__f_agg_""mean""__isabs_False__qh_0.8__ql_0.4",-0.002055518215435928
34,y,246,"y__change_quantiles__f_agg_""var""__isabs_False__qh_0.8__ql_0.4",0.007633703229475158
34,y,247,"y__change_quantiles__f_agg_""mean""__isabs_True__qh_0.8__ql_0.4",0.07168560136363188
34,y,248,"y__change_quantiles__f_agg_""var""__isabs_True__qh_0.8__ql_0.4",0.0024991029417436067
34,y,249,"y__change_quantiles__f_agg_""mean""__isabs_False__qh_1.0__ql_0.4",-0.0016767219408235813
34,y,250,"y__change_quantiles__f_agg_""var""__isabs_False__qh_1.0__ql_0.4",0.007864513742404933
34,y,251,"y__change_quantiles__f_agg_""mean""__isabs_True__qh_1.0__ql_0.4",0.07228588411733433
34,y,252,"y__change_quantiles__f_agg_""var""__isabs_True__qh_1.0__ql_0.4",0.0026420760962470847
34,y,253,"y__change_quantiles__f_agg_""mean""__isabs_False__qh_0.8__ql_0.6",-0.0014353280810297856
34,y,254,"y__change_quantiles__f_agg_""var""__isabs_False__qh_0.8__ql_0.6",0.007191988074879314
34,y,255,"y__change_quantiles__f_agg_""mean""__isabs_True__qh_0.8__ql_0.6",0.06974546728886856
34,y,256,"y__change_quantiles__f_agg_""var""__isabs_True__qh_0.8__ql_0.6",0.0023296180342368745
34,y,257,"y__change_quantiles__f_agg_""mean""__isabs_False__qh_1.0__ql_0.6",-0.0011841335604564802
34,y,258,"y__change_quantiles__f_agg_""var""__isabs_False__qh_1.0__ql_0.6",0.007767543260171223
34,y,259,"y__change_quantiles__f_agg_""mean""__isabs_True__qh_1.0__ql_0.6",0.07165154138052164
34,y,260,"y__change_quantiles__f_agg_""var""__isabs_True__qh_1.0__ql_0.6",0.0026350020502556174
34,y,261,"y__change_quantiles__f_agg_""mean""__isabs_False__qh_1.0__ql_0.8",-0.0008249880330341467
34,y,262,"y__change_quantiles__f_agg_""var""__isabs_False__qh_1.0__ql_0.8",0.008006048826761933
34,y,263,"y__change_quantiles__f_agg_""mean""__isabs_True__qh_1.0__ql_0.8",0.0719743930866264
34,y,264,"y__change_quantiles__f_agg_""var""__isabs_True__qh_1.0__ql_0.8",0.0028264161718283692
34,y,265,"y__fft_coefficient__attr_""real""__coeff_0",-23010.97459344298
34,y,266,"y__fft_coefficient__attr_""real""__coeff_1",-1425.4011662424073
34,y,267,"y__fft_coefficient__attr_""real""__coeff_2",3446.460362554184
34,y,268,"y__fft_coefficient__attr_""real""__coeff_3",-2064.2026454340726
34,y,269,"y__fft_coefficient__attr_""real""__coeff_4",-24.94103053825904
34,y,270,"y__fft_coefficient__attr_""real""__coeff_5",708.3038447647359
34,y,271,"y__fft_coefficient__attr_""real""__coeff_6",-304.8659700350802
34,y,272,"y__fft_coefficient__attr_""real""__coeff_7",-375.40283975030894
34,y,273,"y__fft_coefficient__attr_""real""__coeff_8",360.3200998498497
34,y,274,"y__fft_coefficient__attr_""real""__coeff_9",-103.16204473508705
34,y,275,"y__fft_coefficient__attr_""real""__coeff_10",428.986018607414
34,y,276,"y__fft_coefficient__attr_""real""__coeff_11",-325.2504866299418
34,y,277,"y__fft_coefficient__attr_""real""__coeff_12",88.7578247653255
34,y,278,"y__fft_coefficient__attr_""real""__coeff_13",-394.6797285850038
34,y,279,"y__fft_coefficient__attr_""real""__coeff_14",194.1800820207033
34,y,280,"y__fft_coefficient__attr_""real""__coeff_15",348.4522365784471
34,y,281,"y__fft_coefficient__attr_""real""__coeff_16",-182.20860053545738
34,y,282,"y__fft_coefficient__attr_""real""__coeff_17",64.92015935872834
34,y,283,"y__fft_coefficient__attr_""real""__coeff_18",-182.12750371455863
34,y,284,"y__fft_coefficient__attr_""real""__coeff_19",-121.45023454950194
34,y,285,"y__fft_coefficient__attr_""real""__coeff_20",-92.77060829900189
34,y,286,"y__fft_coefficient__attr_""real""__coeff_21",681.9405949731047
34,y,287,"y__fft_coefficient__attr_""real""__coeff_22",-348.59069657011696
34,y,288,"y__fft_coefficient__attr_""real""__coeff_23",-53.687416742638604
34,y,289,"y__fft_coefficient__attr_""real""__coeff_24",32.61648955711304
34,y,290,"y__fft_coefficient__attr_""real""__coeff_25",-20.66732936696298
34,y,291,"y__fft_coefficient__attr_""real""__coeff_26",151.81483432895877
34,y,292,"y__fft_coefficient__attr_""real""__coeff_27",-28.18498959891552
34,y,293,"y__fft_coefficient__attr_""real""__coeff_28",44.62307006144458
34,y,294,"y__fft_coefficient__attr_""real""__coeff_29",-84.99920215972773
34,y,295,"y__fft_coefficient__attr_""real""__coeff_30",13.518183975046165
34,y,296,"y__fft_coefficient__attr_""real""__coeff_31",-80.82907330281053
34,y,297,"y__fft_coefficient__attr_""real""__coeff_32",-60.602163362779564
34,y,298,"y__fft_coefficient__attr_""real""__coeff_33",-46.464336762652984
34,y,299,"y__fft_coefficient__attr_""real""__coeff_34",223.49179472144448
34,y,300,"y__fft_coefficient__attr_""real""__coeff_35",-176.54420191961026
34,y,301,"y__fft_coefficient__attr_""real""__coeff_36",23.180257592662855
34,y,302,"y__fft_coefficient__attr_""real""__coeff_37",92.15954489228257
34,y,303,"y__fft_coefficient__attr_""real""__coeff_38",2.961283856129385
34,y,304,"y__fft_coefficient__attr_""real""__coeff_39",107.48926407314022
34,y,305,"y__fft_coefficient__attr_""real""__coeff_40",13.338037352951197
34,y,306,"y__fft_coefficient__attr_""real""__coeff_41",97.28911360231828
34,y,307,"y__fft_coefficient__attr_""real""__coeff_42",-23.85352405490375
34,y,308,"y__fft_coefficient__attr_""real""__coeff_43",-17.04636131408315
34,y,309,"y__fft_coefficient__attr_""real""__coeff_44",-16.10486381795378
34,y,310,"y__fft_coefficient__attr_""real""__coeff_45",-62.50594576637756
34,y,311,"y__fft_coefficient__attr_""real""__coeff_46",-92.84627682141169
34,y,312,"y__fft_coefficient__attr_""real""__coeff_47",-65.94667072053056
34,y,313,"y__fft_coefficient__attr_""real""__coeff_48",7.129441469658188
34,y,314,"y__fft_coefficient__attr_""real""__coeff_49",10.613843675555206
34,y,315,"y__fft_coefficient__attr_""real""__coeff_50",-37.842883564515375
34,y,316,"y__fft_coefficient__attr_""real""__coeff_51",-3.526180217212085
34,y,317,"y__fft_coefficient__attr_""real""__coeff_52",-26.816220080059953
34,y,318,"y__fft_coefficient__attr_""real""__coeff_53",212.58992772618436
34,y,319,"y__fft_coefficient__attr_""real""__coeff_54",152.76282106162
34,y,320,"y__fft_coefficient__attr_""real""__coeff_55",36.026988240204105
34,y,321,"y__fft_coefficient__attr_""real""__coeff_56",-23.849673758781158
34,y,322,"y__fft_coefficient__attr_""real""__coeff_57",9.669009044110886
34,y,323,"y__fft_coefficient__attr_""real""__coeff_58",56.0596002712323
34,y,324,"y__fft_coefficient__attr_""real""__coeff_59",-71.0041623076671
34,y,325,"y__fft_coefficient__attr_""real""__coeff_60",-9.532101140519256
34,y,326,"y__fft_coefficient__attr_""real""__coeff_61",-103.01171660846887
34,y,327,"y__fft_coefficient__attr_""real""__coeff_62",-109.18378910514818
34,y,328,"y__fft_coefficient__attr_""real""__coeff_63",-98.42539635163646
34,y,329,"y__fft_coefficient__attr_""real""__coeff_64",-36.029255993545306
34,y,330,"y__fft_coefficient__attr_""real""__coeff_65",8.688914774526701
34,y,331,"y__fft_coefficient__attr_""real""__coeff_66",79.13900276099639
34,y,332,"y__fft_coefficient__attr_""real""__coeff_67",56.74638520475602
34,y,333,"y__fft_coefficient__attr_""real""__coeff_68",74.19867869361275
34,y,334,"y__fft_coefficient__attr_""real""__coeff_69",93.8862320662792
34,y,335,"y__fft_coefficient__attr_""real""__coeff_70",75.99354098937116
34,y,336,"y__fft_coefficient__attr_""real""__coeff_71",89.40368591562715
34,y,337,"y__fft_coefficient__attr_""real""__coeff_72",44.690368359274885
34,y,338,"y__fft_coefficient__attr_""real""__coeff_73",42.370750870448404
34,y,339,"y__fft_coefficient__attr_""real""__coeff_74",-89.71288084486336
34,y,340,"y__fft_coefficient__attr_""real""__coeff_75",-58.03936441054317
34,y,341,"y__fft_coefficient__attr_""real""__coeff_76",-128.4069113573167
34,y,342,"y__fft_coefficient__attr_""real""__coeff_77",-80.82434241289785
34,y,343,"y__fft_coefficient__attr_""real""__coeff_78",22.085790571117858
34,y,344,"y__fft_coefficient__attr_""real""__coeff_79",-166.52178703676265
34,y,345,"y__fft_coefficient__attr_""real""__coeff_80",-2.390994510610909
34,y,346,"y__fft_coefficient__attr_""real""__coeff_81",90.0522042650362
34,y,347,"y__fft_coefficient__attr_""real""__coeff_82",36.574689540959895
34,y,348,"y__fft_coefficient__attr_""real""__coeff_83",69.71922582504445
34,y,349,"y__fft_coefficient__attr_""real""__coeff_84",85.20886592304237
34,y,350,"y__fft_coefficient__attr_""real""__coeff_85",101.61693989581056
34,y,351,"y__fft_coefficient__attr_""real""__coeff_86",71.03863832599308
34,y,352,"y__fft_coefficient__attr_""real""__coeff_87",122.2568178213779
34,y,353,"y__fft_coefficient__attr_""real""__coeff_88",-35.435449995916095
34,y,354,"y__fft_coefficient__attr_""real""__coeff_89",-84.61970505483411
34,y,355,"y__fft_coefficient__attr_""real""__coeff_90",-38.359238773966695
34,y,356,"y__fft_coefficient__attr_""real""__coeff_91",-51.85143268664425
34,y,357,"y__fft_coefficient__attr_""real""__coeff_92",-106.1384953631927
34,y,358,"y__fft_coefficient__attr_""real""__coeff_93",-32.79165405042157
34,y,359,"y__fft_coefficient__attr_""real""__coeff_94",-25.924117214571567
34,y,360,"y__fft_coefficient__attr_""real""__coeff_95",-125.48336916783252
34,y,361,"y__fft_coefficient__attr_""real""__coeff_96",45.259986759401706
34,y,362,"y__fft_coefficient__attr_""real""__coeff_97",76.70973840688967
34,y,363,"y__fft_coefficient__attr_""real""__coeff_98",60.88666158979923
34,y,364,"y__fft_coefficient__attr_""real""__coeff_99",87.53626294371374
34,y,365,"y__fft_coefficient__attr_""imag""__coeff_0",0.0
34,y,366,"y__fft_coefficient__attr_""imag""__coeff_1",-11315.960855252712
34,y,367,"y__fft_coefficient__attr_""imag""__coeff_2",-4431.357991172449
34,y,368,"y__fft_coefficient__attr_""imag""__coeff_3",-675.9725911166879
34,y,369,"y__fft_coefficient__attr_""imag""__coeff_4",-2015.0356263798099
34,y,370,"y__fft_coefficient__attr_""imag""__coeff_5",-2748.1611472115055
34,y,371,"y__fft_coefficient__attr_""imag""__coeff_6",-431.91007611855196
34,y,372,"y__fft_coefficient__attr_""imag""__coeff_7",-1061.1277359827245
34,y,373,"y__fft_coefficient__attr_""imag""__coeff_8",-491.7593280774191
34,y,374,"y__fft_coefficient__attr_""imag""__coeff_9",-836.1884217164463
34,y,375,"y__fft_coefficient__attr_""imag""__coeff_10",-1196.3439458634175
34,y,376,"y__fft_coefficient__attr_""imag""__coeff_11",-612.5426124820975
34,y,377,"y__fft_coefficient__attr_""imag""__coeff_12",-785.9186048756093
34,y,378,"y__fft_coefficient__attr_""imag""__coeff_13",207.0468649421657
34,y,379,"y__fft_coefficient__attr_""imag""__coeff_14",-977.7673842340089
34,y,380,"y__fft_coefficient__attr_""imag""__coeff_15",-491.8422307283123
34,y,381,"y__fft_coefficient__attr_""imag""__coeff_16",-316.4249656622005
34,y,382,"y__fft_coefficient__attr_""imag""__coeff_17",-570.3113210662702
34,y,383,"y__fft_coefficient__attr_""imag""__coeff_18",-535.3543474505329
34,y,384,"y__fft_coefficient__attr_""imag""__coeff_19",-93.67848879966873
34,y,385,"y__fft_coefficient__attr_""imag""__coeff_20",-401.28281063358446
34,y,386,"y__fft_coefficient__attr_""imag""__coeff_21",-155.02804587340972
34,y,387,"y__fft_coefficient__attr_""imag""__coeff_22",-418.41195198926243
34,y,388,"y__fft_coefficient__attr_""imag""__coeff_23",-621.2676335183024
34,y,389,"y__fft_coefficient__attr_""imag""__coeff_24",-25.419128595980386
34,y,390,"y__fft_coefficient__attr_""imag""__coeff_25",-415.4503581640162
34,y,391,"y__fft_coefficient__attr_""imag""__coeff_26",-77.37900869022378
34,y,392,"y__fft_coefficient__attr_""imag""__coeff_27",-395.85841999817677
34,y,393,"y__fft_coefficient__attr_""imag""__coeff_28",-275.5286077187858
34,y,394,"y__fft_coefficient__attr_""imag""__coeff_29",-446.46080491840473
34,y,395,"y__fft_coefficient__attr_""imag""__coeff_30",-188.30946657934413
34,y,396,"y__fft_coefficient__attr_""imag""__coeff_31",-143.36187461311982
34,y,397,"y__fft_coefficient__attr_""imag""__coeff_32",-205.37219396496732
34,y,398,"y__fft_coefficient__attr_""imag""__coeff_33",-148.21638660316643
34,y,399,"y__fft_coefficient__attr_""imag""__coeff_34",-311.2975855876814
34,y,400,"y__fft_coefficient__attr_""imag""__coeff_35",-121.73800338555594
34,y,401,"y__fft_coefficient__attr_""imag""__coeff_36",-152.89342936694788
34,y,402,"y__fft_coefficient__attr_""imag""__coeff_37",-48.24844888970502
34,y,403,"y__fft_coefficient__attr_""imag""__coeff_38",-311.362856638735
34,y,404,"y__fft_coefficient__attr_""imag""__coeff_39",-231.44123873413093
34,y,405,"y__fft_coefficient__attr_""imag""__coeff_40",-59.21245661677318
34,y,406,"y__fft_coefficient__attr_""imag""__coeff_41",-229.99293544128406
34,y,407,"y__fft_coefficient__attr_""imag""__coeff_42",-319.55169027868476
34,y,408,"y__fft_coefficient__attr_""imag""__coeff_43",-204.99905064691393
34,y,409,"y__fft_coefficient__attr_""imag""__coeff_44",-255.74802208857898
34,y,410,"y__fft_coefficient__attr_""imag""__coeff_45",-117.06695608395154
34,y,411,"y__fft_coefficient__attr_""imag""__coeff_46",-142.74818766058763
34,y,412,"y__fft_coefficient__attr_""imag""__coeff_47",-152.27513511550396
34,y,413,"y__fft_coefficient__attr_""imag""__coeff_48",-92.96381156669324
34,y,414,"y__fft_coefficient__attr_""imag""__coeff_49",-134.81498459902048
34,y,415,"y__fft_coefficient__attr_""imag""__coeff_50",-3800.686634196054
34,y,416,"y__fft_coefficient__attr_""imag""__coeff_51",-69.41985082315841
34,y,417,"y__fft_coefficient__attr_""imag""__coeff_52",-70.09132675288376
34,y,418,"y__fft_coefficient__attr_""imag""__coeff_53",-51.262626888798366
34,y,419,"y__fft_coefficient__attr_""imag""__coeff_54",-156.98290015545209
34,y,420,"y__fft_coefficient__attr_""imag""__coeff_55",-247.8685191849426
34,y,421,"y__fft_coefficient__attr_""imag""__coeff_56",-179.41095972360682
34,y,422,"y__fft_coefficient__attr_""imag""__coeff_57",-192.62085858976153
34,y,423,"y__fft_coefficient__attr_""imag""__coeff_58",-181.45366072109266
34,y,424,"y__fft_coefficient__attr_""imag""__coeff_59",-212.33229872096013
34,y,425,"y__fft_coefficient__attr_""imag""__coeff_60",-69.02495845168005
34,y,426,"y__fft_coefficient__attr_""imag""__coeff_61",-241.77759149004552
34,y,427,"y__fft_coefficient__attr_""imag""__coeff_62",-170.1006460932205
34,y,428,"y__fft_coefficient__attr_""imag""__coeff_63",25.142566432045793
34,y,429,"y__fft_coefficient__attr_""imag""__coeff_64",-2.5891285014015706
34,y,430,"y__fft_coefficient__attr_""imag""__coeff_65",30.48154541517636
34,y,431,"y__fft_coefficient__attr_""imag""__coeff_66",-78.19609444071689
34,y,432,"y__fft_coefficient__attr_""imag""__coeff_67",-53.689202037781826
34,y,433,"y__fft_coefficient__attr_""imag""__coeff_68",-109.83253458564378
34,y,434,"y__fft_coefficient__attr_""imag""__coeff_69",-23.180263835190438
34,y,435,"y__fft_coefficient__attr_""imag""__coeff_70",-107.70811552764724
34,y,436,"y__fft_coefficient__attr_""imag""__coeff_71",-249.4012438502176
34,y,437,"y__fft_coefficient__attr_""imag""__coeff_72",-164.934509768204
34,y,438,"y__fft_coefficient__attr_""imag""__coeff_73",-167.79607438703383
34,y,439,"y__fft_coefficient__attr_""imag""__coeff_74",-211.5552982429221
34,y,440,"y__fft_coefficient__attr_""imag""__coeff_75",-179.49718819431413
34,y,441,"y__fft_coefficient__attr_""imag""__coeff_76",-79.06196651098736
34,y,442,"y__fft_coefficient__attr_""imag""__coeff_77",-96.95681848272311
34,y,443,"y__fft_coefficient__attr_""imag""__coeff_78",-40.52118689176399
34,y,444,"y__fft_coefficient__attr_""imag""__coeff_79",17.353172167431666
34,y,445,"y__fft_coefficient__attr_""imag""__coeff_80",-14.133153235773595
34,y,446,"y__fft_coefficient__attr_""imag""__coeff_81",0.6296435193858494
34,y,447,"y__fft_coefficient__attr_""imag""__coeff_82",-21.83122949630917
34,y,448,"y__fft_coefficient__attr_""imag""__coeff_83",-39.44598063833283
34,y,449,"y__fft_coefficient__attr_""imag""__coeff_84",-50.181380341567746
34,y,450,"y__fft_coefficient__attr_""imag""__coeff_85",-88.36941098871523
34,y,451,"y__fft_coefficient__attr_""imag""__coeff_86",-171.87769144316735
34,y,452,"y__fft_coefficient__attr_""imag""__coeff_87",-158.07691506439045
34,y,453,"y__fft_coefficient__attr_""imag""__coeff_88",-189.42198941205402
34,y,454,"y__fft_coefficient__attr_""imag""__coeff_89",-150.586452607618
34,y,455,"y__fft_coefficient__attr_""imag""__coeff_90",-141.86101738446717
34,y,456,"y__fft_coefficient__attr_""imag""__coeff_91",-134.0674719248276
34,y,457,"y__fft_coefficient__attr_""imag""__coeff_92",8.45188572752677
34,y,458,"y__fft_coefficient__attr_""imag""__coeff_93",-101.01453312665936
34,y,459,"y__fft_coefficient__attr_""imag""__coeff_94",-4.842492131408621
34,y,460,"y__fft_coefficient__attr_""imag""__coeff_95",-47.10565289579325
34,y,461,"y__fft_coefficient__attr_""imag""__coeff_96",8.850805406704351
34,y,462,"y__fft_coefficient__attr_""imag""__coeff_97",96.58742732707027
34,y,463,"y__fft_coefficient__attr_""imag""__coeff_98",-65.4242155196958
34,y,464,"y__fft_coefficient__attr_""imag""__coeff_99",-94.8504173694785
34,y,465,"y__fft_coefficient__attr_""abs""__coeff_0",23010.97459344298
34,y,466,"y__fft_coefficient__attr_""abs""__coeff_1",11405.381999842744
34,y,467,"y__fft_coefficient__attr_""abs""__coeff_2",5613.824247033838
34,y,468,"y__fft_coefficient__attr_""abs""__coeff_3",2172.06618346634
34,y,469,"y__fft_coefficient__attr_""abs""__coeff_4",2015.1899738198836
34,y,470,"y__fft_coefficient__attr_""abs""__coeff_5",2837.971815848664
34,y,471,"y__fft_coefficient__attr_""abs""__coeff_6",528.6677345348057
34,y,472,"y__fft_coefficient__attr_""abs""__coeff_7",1125.5751259531364
34,y,473,"y__fft_coefficient__attr_""abs""__coeff_8",609.6374423433656
34,y,474,"y__fft_coefficient__attr_""abs""__coeff_9",842.5280316325183
34,y,475,"y__fft_coefficient__attr_""abs""__coeff_10",1270.9318789631063
34,y,476,"y__fft_coefficient__attr_""abs""__coeff_11",693.5389903670931
34,y,477,"y__fft_coefficient__attr_""abs""__coeff_12",790.9146635046643
34,y,478,"y__fft_coefficient__attr_""abs""__coeff_13",445.6910279984461
34,y,479,"y__fft_coefficient__attr_""abs""__coeff_14",996.8625591952899
34,y,480,"y__fft_coefficient__attr_""abs""__coeff_15",602.766738551759
34,y,481,"y__fft_coefficient__attr_""abs""__coeff_16",365.13659499345533
34,y,482,"y__fft_coefficient__attr_""abs""__coeff_17",573.9944512166621
34,y,483,"y__fft_coefficient__attr_""abs""__coeff_18",565.4862553090769
34,y,484,"y__fft_coefficient__attr_""abs""__coeff_19",153.38128548137382
34,y,485,"y__fft_coefficient__attr_""abs""__coeff_20",411.8668229830561
34,y,486,"y__fft_coefficient__attr_""abs""__coeff_21",699.3401676434725
34,y,487,"y__fft_coefficient__attr_""abs""__coeff_22",544.5952949693049
34,y,488,"y__fft_coefficient__attr_""abs""__coeff_23",623.5830427248078
34,y,489,"y__fft_coefficient__attr_""abs""__coeff_24",41.351753162450706
34,y,490,"y__fft_coefficient__attr_""abs""__coeff_25",415.96410734794404
34,y,491,"y__fft_coefficient__attr_""abs""__coeff_26",170.3973441935376
34,y,492,"y__fft_coefficient__attr_""abs""__coeff_27",396.86053258310267
34,y,493,"y__fft_coefficient__attr_""abs""__coeff_28",279.1186701981097
34,y,494,"y__fft_coefficient__attr_""abs""__coeff_29",454.48004873281303
34,y,495,"y__fft_coefficient__attr_""abs""__coeff_30",188.79405843770695
34,y,496,"y__fft_coefficient__attr_""abs""__coeff_31",164.5781461299738
34,y,497,"y__fft_coefficient__attr_""abs""__coeff_32",214.12697228101175
34,y,498,"y__fft_coefficient__attr_""abs""__coeff_33",155.32878628410293
34,y,499,"y__fft_coefficient__attr_""abs""__coeff_34",383.2163476425975
34,y,500,"y__fft_coefficient__attr_""abs""__coeff_35",214.44812123153176
34,y,501,"y__fft_coefficient__attr_""abs""__coeff_36",154.6406320655994
34,y,502,"y__fft_coefficient__attr_""abs""__coeff_37",104.02545138097274
34,y,503,"y__fft_coefficient__attr_""abs""__coeff_38",311.3769382859142
34,y,504,"y__fft_coefficient__attr_""abs""__coeff_39",255.18422537017108
34,y,505,"y__fft_coefficient__attr_""abs""__coeff_40",60.69611403559512
34,y,506,"y__fft_coefficient__attr_""abs""__coeff_41",249.7236912638115
34,y,507,"y__fft_coefficient__attr_""abs""__coeff_42",320.4407486101016
34,y,508,"y__fft_coefficient__attr_""abs""__coeff_43",205.7065609070023
34,y,509,"y__fft_coefficient__attr_""abs""__coeff_44",256.25459496527105
34,y,510,"y__fft_coefficient__attr_""abs""__coeff_45",132.70895019896423
34,y,511,"y__fft_coefficient__attr_""abs""__coeff_46",170.28645336602835
34,y,512,"y__fft_coefficient__attr_""abs""__coeff_47",165.94179748805624
34,y,513,"y__fft_coefficient__attr_""abs""__coeff_48",93.23679100374984
34,y,514,"y__fft_coefficient__attr_""abs""__coeff_49",135.23214762031714
34,y,515,"y__fft_coefficient__attr_""abs""__coeff_50",3800.8750275683897
34,y,516,"y__fft_coefficient__attr_""abs""__coeff_51",69.50934926492856
34,y,517,"y__fft_coefficient__attr_""abs""__coeff_52",75.04601085575254
34,y,518,"y__fft_coefficient__attr_""abs""__coeff_53",218.68318244932428
34,y,519,"y__fft_coefficient__attr_""abs""__coeff_54",219.04362679594487
34,y,520,"y__fft_coefficient__attr_""abs""__coeff_55",250.473045824488
34,y,521,"y__fft_coefficient__attr_""abs""__coeff_56",180.9892245614251
34,y,522,"y__fft_coefficient__attr_""abs""__coeff_57",192.8633840306449
34,y,523,"y__fft_coefficient__attr_""abs""__coeff_58",189.91605980447193
34,y,524,"y__fft_coefficient__attr_""abs""__coeff_59",223.88969638002678
34,y,525,"y__fft_coefficient__attr_""abs""__coeff_60",69.68002469437884
34,y,526,"y__fft_coefficient__attr_""abs""__coeff_61",262.8075674430834
34,y,527,"y__fft_coefficient__attr_""abs""__coeff_62",202.12701354516798
34,y,528,"y__fft_coefficient__attr_""abs""__coeff_63",101.58596012130106
34,y,529,"y__fft_coefficient__attr_""abs""__coeff_64",36.12216596281555
34,y,530,"y__fft_coefficient__attr_""abs""__coeff_65",31.69577023604959
34,y,531,"y__fft_coefficient__attr_""abs""__coeff_66",111.25471200711685
34,y,532,"y__fft_coefficient__attr_""abs""__coeff_67",78.11966877336532
34,y,533,"y__fft_coefficient__attr_""abs""__coeff_68",132.5467071389728
34,y,534,"y__fft_coefficient__attr_""abs""__coeff_69",96.70547659296382
34,y,535,"y__fft_coefficient__attr_""abs""__coeff_70",131.81827044313786
34,y,536,"y__fft_coefficient__attr_""abs""__coeff_71",264.941502013814
34,y,537,"y__fft_coefficient__attr_""abs""__coeff_72",170.88189353048924
34,y,538,"y__fft_coefficient__attr_""abs""__coeff_73",173.0630032936693
34,y,539,"y__fft_coefficient__attr_""abs""__coeff_74",229.79130793860844
34,y,540,"y__fft_coefficient__attr_""abs""__coeff_75",188.6473121749813
34,y,541,"y__fft_coefficient__attr_""abs""__coeff_76",150.7949914052528
34,y,542,"y__fft_coefficient__attr_""abs""__coeff_77",126.22677598976009
34,y,543,"y__fft_coefficient__attr_""abs""__coeff_78",46.149200776054016
34,y,544,"y__fft_coefficient__attr_""abs""__coeff_79",167.42352923705033
34,y,545,"y__fft_coefficient__attr_""abs""__coeff_80",14.333976250002271
34,y,546,"y__fft_coefficient__attr_""abs""__coeff_81",90.05440546665837
34,y,547,"y__fft_coefficient__attr_""abs""__coeff_82",42.59472380868458
34,y,548,"y__fft_coefficient__attr_""abs""__coeff_83",80.10465553364095
34,y,549,"y__fft_coefficient__attr_""abs""__coeff_84",98.88741964919548
34,y,550,"y__fft_coefficient__attr_""abs""__coeff_85",134.66683063130742
34,y,551,"y__fft_coefficient__attr_""abs""__coeff_86",185.97964660425586
34,y,552,"y__fft_coefficient__attr_""abs""__coeff_87",199.83753546339614
34,y,553,"y__fft_coefficient__attr_""abs""__coeff_88",192.70796867081904
34,y,554,"y__fft_coefficient__attr_""abs""__coeff_89",172.73324576500465
34,y,555,"y__fft_coefficient__attr_""abs""__coeff_90",146.95570575065906
34,y,556,"y__fft_coefficient__attr_""abs""__coeff_91",143.74511504733658
34,y,557,"y__fft_coefficient__attr_""abs""__coeff_92",106.47447849279962
34,y,558,"y__fft_coefficient__attr_""abs""__coeff_93",106.20371216751086
34,y,559,"y__fft_coefficient__attr_""abs""__coeff_94",26.37251568200501
34,y,560,"y__fft_coefficient__attr_""abs""__coeff_95",134.0336467923241
34,y,561,"y__fft_coefficient__attr_""abs""__coeff_96",46.117276131711904
34,y,562,"y__fft_coefficient__attr_""abs""__coeff_97",123.34307878480871
34,y,563,"y__fft_coefficient__attr_""abs""__coeff_98",89.37289038583421
34,y,564,"y__fft_coefficient__attr_""abs""__coeff_99",129.0705195050956
34,y,565,"y__fft_coefficient__attr_""angle""__coeff_0",180.0
34,y,566,"y__fft_coefficient__attr_""angle""__coeff_1",-97.17938067724137
34,y,567,"y__fft_coefficient__attr_""angle""__coeff_2",-52.12623613731192
34,y,568,"y__fft_coefficient__attr_""angle""__coeff_3",-161.86772662554336
34,y,569,"y__fft_coefficient__attr_""angle""__coeff_4",-90.70914022497149
34,y,570,"y__fft_coefficient__attr_""angle""__coeff_5",-75.5472806614728
34,y,571,"y__fft_coefficient__attr_""angle""__coeff_6",-125.21655431455707
34,y,572,"y__fft_coefficient__attr_""angle""__coeff_7",-109.48262029435898
34,y,573,"y__fft_coefficient__attr_""angle""__coeff_8",-53.76915710298189
34,y,574,"y__fft_coefficient__attr_""angle""__coeff_9",-97.0331424897962
34,y,575,"y__fft_coefficient__attr_""angle""__coeff_10",-70.27313900741477
34,y,576,"y__fft_coefficient__attr_""angle""__coeff_11",-117.96759865585588
34,y,577,"y__fft_coefficient__attr_""angle""__coeff_12",-83.55659458298344
34,y,578,"y__fft_coefficient__attr_""angle""__coeff_13",152.31873790863906
34,y,579,"y__fft_coefficient__attr_""angle""__coeff_14",-78.76747202730142
34,y,580,"y__fft_coefficient__attr_""angle""__coeff_15",-54.68382306775709
34,y,581,"y__fft_coefficient__attr_""angle""__coeff_16",-119.93484751816085
34,y,582,"y__fft_coefficient__attr_""angle""__coeff_17",-83.50581260203822
34,y,583,"y__fft_coefficient__attr_""angle""__coeff_18",-108.78829999460268
34,y,584,"y__fft_coefficient__attr_""angle""__coeff_19",-142.35583755885312
34,y,585,"y__fft_coefficient__attr_""angle""__coeff_20",-103.01723773359926
34,y,586,"y__fft_coefficient__attr_""angle""__coeff_21",-12.807585298633885
34,y,587,"y__fft_coefficient__attr_""angle""__coeff_22",-129.79862596295902
34,y,588,"y__fft_coefficient__attr_""angle""__coeff_23",-94.93899779080195
34,y,589,"y__fft_coefficient__attr_""angle""__coeff_24",-37.930486730291555
34,y,590,"y__fft_coefficient__attr_""angle""__coeff_25",-92.84793441013151
34,y,591,"y__fft_coefficient__attr_""angle""__coeff_26",-27.007635882289662
34,y,592,"y__fft_coefficient__attr_""angle""__coeff_27",-94.07256816107784
34,y,593,"y__fft_coefficient__attr_""angle""__coeff_28",-80.80057278165175
34,y,594,"y__fft_coefficient__attr_""angle""__coeff_29",-100.7792263820105
34,y,595,"y__fft_coefficient__attr_""angle""__coeff_30",-85.89394782027213
34,y,596,"y__fft_coefficient__attr_""angle""__coeff_31",-119.41480371018461
34,y,597,"y__fft_coefficient__attr_""angle""__coeff_32",-106.44051614491748
34,y,598,"y__fft_coefficient__attr_""angle""__coeff_33",-107.405679936813
34,y,599,"y__fft_coefficient__attr_""angle""__coeff_34",-54.32406638576692
34,y,600,"y__fft_coefficient__attr_""angle""__coeff_35",-145.4113664831563
34,y,601,"y__fft_coefficient__attr_""angle""__coeff_36",-81.3790083780552
34,y,602,"y__fft_coefficient__attr_""angle""__coeff_37",-27.63348579117029
34,y,603,"y__fft_coefficient__attr_""angle""__coeff_38",-89.45509251401269
34,y,604,"y__fft_coefficient__attr_""angle""__coeff_39",-65.08822503856737
34,y,605,"y__fft_coefficient__attr_""angle""__coeff_40",-77.30558613106484
34,y,606,"y__fft_coefficient__attr_""angle""__coeff_41",-67.07119375595084
34,y,607,"y__fft_coefficient__attr_""angle""__coeff_42",-94.26903143335042
34,y,608,"y__fft_coefficient__attr_""angle""__coeff_43",-94.75340134528139
34,y,609,"y__fft_coefficient__attr_""angle""__coeff_44",-93.60324950624086
34,y,610,"y__fft_coefficient__attr_""angle""__coeff_45",-118.09924308729164
34,y,611,"y__fft_coefficient__attr_""angle""__coeff_46",-123.04078133527187
34,y,612,"y__fft_coefficient__attr_""angle""__coeff_47",-113.41626714165946
34,y,613,"y__fft_coefficient__attr_""angle""__coeff_48",-85.6145419993873
34,y,614,"y__fft_coefficient__attr_""angle""__coeff_49",-85.49844806213636
34,y,615,"y__fft_coefficient__attr_""angle""__coeff_50",-90.57046688494185
34,y,616,"y__fft_coefficient__attr_""angle""__coeff_51",-92.90783905843553
34,y,617,"y__fft_coefficient__attr_""angle""__coeff_52",-110.9363361670541
34,y,618,"y__fft_coefficient__attr_""angle""__coeff_53",-13.557143883141178
34,y,619,"y__fft_coefficient__attr_""angle""__coeff_54",-45.78056852983527
34,y,620,"y__fft_coefficient__attr_""angle""__coeff_55",-81.7301318601407
34,y,621,"y__fft_coefficient__attr_""angle""__coeff_56",-97.57211693187189
34,y,622,"y__fft_coefficient__attr_""angle""__coeff_57",-87.12632988749002
34,y,623,"y__fft_coefficient__attr_""angle""__coeff_58",-72.83161260729854
34,y,624,"y__fft_coefficient__attr_""angle""__coeff_59",-108.48999379890793
34,y,625,"y__fft_coefficient__attr_""angle""__coeff_60",-97.86261328484571
34,y,626,"y__fft_coefficient__attr_""angle""__coeff_61",-113.0769053871016
34,y,627,"y__fft_coefficient__attr_""angle""__coeff_62",-122.69549523929518
34,y,628,"y__fft_coefficient__attr_""angle""__coeff_63",165.6703517223701
34,y,629,"y__fft_coefficient__attr_""angle""__coeff_64",-175.88968573667034
34,y,630,"y__fft_coefficient__attr_""angle""__coeff_65",74.08953732116645
34,y,631,"y__fft_coefficient__attr_""angle""__coeff_66",-44.65663083818151
34,y,632,"y__fft_coefficient__attr_""angle""__coeff_67",-43.414288615865836
34,y,633,"y__fft_coefficient__attr_""angle""__coeff_68",-55.958537414554705
34,y,634,"y__fft_coefficient__attr_""angle""__coeff_69",-13.868811060721004
34,y,635,"y__fft_coefficient__attr_""angle""__coeff_70",-54.795090187988436
34,y,636,"y__fft_coefficient__attr_""angle""__coeff_71",-70.27859905497148
34,y,637,"y__fft_coefficient__attr_""angle""__coeff_72",-74.83926335004703
34,y,638,"y__fft_coefficient__attr_""angle""__coeff_73",-75.82830273966574
34,y,639,"y__fft_coefficient__attr_""angle""__coeff_74",-112.98002845230859
34,y,640,"y__fft_coefficient__attr_""angle""__coeff_75",-107.91830991788949
34,y,641,"y__fft_coefficient__attr_""angle""__coeff_76",-148.37880040283616
34,y,642,"y__fft_coefficient__attr_""angle""__coeff_77",-129.81498390739353
34,y,643,"y__fft_coefficient__attr_""angle""__coeff_78",-61.40771503687181
34,y,644,"y__fft_coefficient__attr_""angle""__coeff_79",174.05070232315103
34,y,645,"y__fft_coefficient__attr_""angle""__coeff_80",-99.6021699197307
34,y,646,"y__fft_coefficient__attr_""angle""__coeff_81",0.4006046123927031
34,y,647,"y__fft_coefficient__attr_""angle""__coeff_82",-30.832743112660484
34,y,648,"y__fft_coefficient__attr_""angle""__coeff_83",-29.500461016164063
34,y,649,"y__fft_coefficient__attr_""angle""__coeff_84",-30.49476930936354
34,y,650,"y__fft_coefficient__attr_""angle""__coeff_85",-41.011287604395754
34,y,651,"y__fft_coefficient__attr_""angle""__coeff_86",-67.54423994160483
34,y,652,"y__fft_coefficient__attr_""angle""__coeff_87",-52.28160361441951
34,y,653,"y__fft_coefficient__attr_""angle""__coeff_88",-100.59593434600133
34,y,654,"y__fft_coefficient__attr_""angle""__coeff_89",-119.33312937706187
34,y,655,"y__fft_coefficient__attr_""angle""__coeff_90",-105.13094146414707
34,y,656,"y__fft_coefficient__attr_""angle""__coeff_91",-111.14428982978201
34,y,657,"y__fft_coefficient__attr_""angle""__coeff_92",175.4471024959126
34,y,658,"y__fft_coefficient__attr_""angle""__coeff_93",-107.98462932558162
34,y,659,"y__fft_coefficient__attr_""angle""__coeff_94",-169.4193785112822
34,y,660,"y__fft_coefficient__attr_""angle""__coeff_95",-159.4241863757397
34,y,661,"y__fft_coefficient__attr_""angle""__coeff_96",11.064826312539278
34,y,662,"y__fft_coefficient__attr_""angle""__coeff_97",51.54339591634842
34,y,663,"y__fft_coefficient__attr_""angle""__coeff_98",-47.057391612025285
34,y,664,"y__fft_coefficient__attr_""angle""__coeff_99",-47.29647112684039
34,y,665,"y__fft_aggregated__aggtype_""centroid""",217.80401382822592
34,y,666,"y__fft_aggregated__aggtype_""variance""",241639.3702787136
34,y,667,"y__fft_aggregated__aggtype_""skew""",2.8418045211995873
34,y,668,"y__fft_aggregated__aggtype_""kurtosis""",10.663746491578515
34,y,669,y__value_count__value_0,0.0
34,y,670,y__value_count__value_1,0.0
34,y,671,y__value_count__value_-1,0.0
34,y,672,y__range_count__max_1__min_-1,803.0
34,y,673,y__range_count__max_0__min_-1000000000000.0,4417.0
34,y,674,y__range_count__max_1000000000000.0__min_0,583.0
34,y,675,y__approximate_entropy__m_2__r_0.1,0.13038680228976984
34,y,676,y__approximate_entropy__m_2__r_0.3,0.03514153447647517
34,y,677,y__approximate_entropy__m_2__r_0.5,0.020567228556957362
34,y,678,y__approximate_entropy__m_2__r_0.7,0.012620262281076933
34,y,679,y__approximate_entropy__m_2__r_0.9,0.008682782087888197
34,y,680,y__friedrich_coefficients__coeff_0__m_3__r_30,-3.17510306462349e-05
34,y,681,y__friedrich_coefficients__coeff_1__m_3__r_30,-0.00040612755392084024
34,y,682,y__friedrich_coefficients__coeff_2__m_3__r_30,-0.0010478703276733015
34,y,683,y__friedrich_coefficients__coeff_3__m_3__r_30,-0.0022392199858862825
34,y,684,y__max_langevin_fixed_point__m_3__r_30,-1.2751012067895338
34,y,685,"y__linear_trend__attr_""pvalue""",0.0
34,y,686,"y__linear_trend__attr_""rvalue""",-0.8731612094854323
34,y,687,"y__linear_trend__attr_""intercept""",1.5267528837378315
34,y,688,"y__linear_trend__attr_""slope""",-0.002452069534877546
34,y,689,"y__linear_trend__attr_""stderr""",1.9362161834601786e-05
34,y,690,"y__agg_linear_trend__attr_""rvalue""__chunk_len_5__f_agg_""max""",-0.8738540580929526
34,y,691,"y__agg_linear_trend__attr_""rvalue""__chunk_len_5__f_agg_""min""",-0.8729310232442812
34,y,692,"y__agg_linear_trend__attr_""rvalue""__chunk_len_5__f_agg_""mean""",-0.8734775203900137
34,y,693,"y__agg_linear_trend__attr_""rvalue""__chunk_len_5__f_agg_""var""",-0.07060014604646297
34,y,694,"y__agg_linear_trend__attr_""rvalue""__chunk_len_10__f_agg_""max""",-0.8754643178999998
34,y,695,"y__agg_linear_trend__attr_""rvalue""__chunk_len_10__f_agg_""min""",-0.8734748814430121
34,y,696,"y__agg_linear_trend__attr_""rvalue""__chunk_len_10__f_agg_""mean""",-0.8743768989470129
34,y,697,"y__agg_linear_trend__attr_""rvalue""__chunk_len_10__f_agg_""var""",-0.07544448458577302
34,y,698,"y__agg_linear_trend__attr_""rvalue""__chunk_len_50__f_agg_""max""",-0.8931932756128097
34,y,699,"y__agg_linear_trend__attr_""rvalue""__chunk_len_50__f_agg_""min""",-0.8873375531040996
34,y,700,"y__agg_linear_trend__attr_""rvalue""__chunk_len_50__f_agg_""mean""",-0.8804164208510961
34,y,701,"y__agg_linear_trend__attr_""rvalue""__chunk_len_50__f_agg_""var""",-0.2550718849688877
34,y,702,"y__agg_linear_trend__attr_""intercept""__chunk_len_5__f_agg_""max""",1.6605824010310863
34,y,703,"y__agg_linear_trend__attr_""intercept""__chunk_len_5__f_agg_""min""",1.3770262475109183
34,y,704,"y__agg_linear_trend__attr_""intercept""__chunk_len_5__f_agg_""mean""",1.5218509767414927
34,y,705,"y__agg_linear_trend__attr_""intercept""__chunk_len_5__f_agg_""var""",0.014082891407110797
34,y,706,"y__agg_linear_trend__attr_""intercept""__chunk_len_10__f_agg_""max""",1.8194432000202125
34,y,707,"y__agg_linear_trend__attr_""intercept""__chunk_len_10__f_agg_""min""",1.2065514669882997
34,y,708,"y__agg_linear_trend__attr_""intercept""__chunk_len_10__f_agg_""mean""",1.5157268908044452
34,y,709,"y__agg_linear_trend__attr_""intercept""__chunk_len_10__f_agg_""var""",0.054195924536727724
34,y,710,"y__agg_linear_trend__attr_""intercept""__chunk_len_50__f_agg_""max""",2.399877233305002
34,y,711,"y__agg_linear_trend__attr_""intercept""__chunk_len_50__f_agg_""min""",0.4978036140359867
34,y,712,"y__agg_linear_trend__attr_""intercept""__chunk_len_50__f_agg_""mean""",1.4667302820924428
34,y,713,"y__agg_linear_trend__attr_""intercept""__chunk_len_50__f_agg_""var""",0.3521911595729074
34,y,714,"y__agg_linear_trend__attr_""slope""__chunk_len_5__f_agg_""max""",-0.012274569444859862
34,y,715,"y__agg_linear_trend__attr_""slope""__chunk_len_5__f_agg_""min""",-0.012237659492111577
34,y,716,"y__agg_linear_trend__attr_""slope""__chunk_len_5__f_agg_""mean""",-0.012260352143003181
34,y,717,"y__agg_linear_trend__attr_""slope""__chunk_len_5__f_agg_""var""",-4.3679195348364595e-06
34,y,718,"y__agg_linear_trend__attr_""slope""__chunk_len_10__f_agg_""max""",-0.02458362704270783
34,y,719,"y__agg_linear_trend__attr_""slope""__chunk_len_10__f_agg_""min""",-0.024432981577707673
34,y,720,"y__agg_linear_trend__attr_""slope""__chunk_len_10__f_agg_""mean""",-0.02452072869536289
34,y,721,"y__agg_linear_trend__attr_""slope""__chunk_len_10__f_agg_""var""",-3.4151124648968304e-05
34,y,722,"y__agg_linear_trend__attr_""slope""__chunk_len_50__f_agg_""max""",-0.12422034687519162
34,y,723,"y__agg_linear_trend__attr_""slope""__chunk_len_50__f_agg_""min""",-0.12054793293781346
34,y,724,"y__agg_linear_trend__attr_""slope""__chunk_len_50__f_agg_""mean""",-0.12260454951072806
34,y,725,"y__agg_linear_trend__attr_""slope""__chunk_len_50__f_agg_""var""",-0.0016401527091178486
34,y,726,"y__agg_linear_trend__attr_""stderr""__chunk_len_5__f_agg_""max""",0.00021617557012076856
34,y,727,"y__agg_linear_trend__attr_""stderr""__chunk_len_5__f_agg_""min""",0.00021648799793134115
34,y,728,"y__agg_linear_trend__attr_""stderr""__chunk_len_5__f_agg_""mean""",0.0002163186836896698
34,y,729,"y__agg_linear_trend__attr_""stderr""__chunk_len_5__f_agg_""var""",1.953523807236837e-06
34,y,730,"y__agg_linear_trend__attr_""stderr""__chunk_len_10__f_agg_""max""",0.0006081267987610639
34,y,731,"y__agg_linear_trend__attr_""stderr""__chunk_len_10__f_agg_""min""",0.0006102723442965958
34,y,732,"y__agg_linear_trend__attr_""stderr""__chunk_len_10__f_agg_""mean""",0.0006097941340045526
34,y,733,"y__agg_linear_trend__attr_""stderr""__chunk_len_10__f_agg_""var""",2.0226621058123924e-05
34,y,734,"y__agg_linear_trend__attr_""stderr""__chunk_len_50__f_agg_""max""",0.006317293136785694
34,y,735,"y__agg_linear_trend__attr_""stderr""__chunk_len_50__f_agg_""min""",0.0063280841920322975
34,y,736,"y__agg_linear_trend__attr_""stderr""__chunk_len_50__f_agg_""mean""",0.006670650783221584
34,y,737,"y__agg_linear_trend__attr_""stderr""__chunk_len_50__f_agg_""var""",0.0006280585606117413
34,y,738,"y__augmented_dickey_fuller__attr_""teststat""__autolag_""AIC""",-1.8999643216449427
34,y,739,"y__augmented_dickey_fuller__attr_""pvalue""__autolag_""AIC""",0.3320778951309429
34,y,740,"y__augmented_dickey_fuller__attr_""usedlag""__autolag_""AIC""",31.0
34,y,741,y__number_crossing_m__m_0,25.0
34,y,742,y__number_crossing_m__m_-1,43.0
34,y,743,y__number_crossing_m__m_1,26.0
34,y,744,y__energy_ratio_by_chunks__num_segments_10__segment_focus_0,0.0029880267764115813
34,y,745,y__energy_ratio_by_chunks__num_segments_10__segment_focus_1,0.005540051791779285
34,y,746,y__energy_ratio_by_chunks__num_segments_10__segment_focus_2,0.008239830172727943
34,y,747,y__energy_ratio_by_chunks__num_segments_10__segment_focus_3,0.03761401705643604
34,y,748,y__energy_ratio_by_chunks__num_segments_10__segment_focus_4,0.012912783884648745
34,y,749,y__energy_ratio_by_chunks__num_segments_10__segment_focus_5,0.03695165202638438
34,y,750,y__energy_ratio_by_chunks__num_segments_10__segment_focus_6,0.15721106218520856
34,y,751,y__energy_ratio_by_chunks__num_segments_10__segment_focus_7,0.3020230263980151
34,y,752,y__energy_ratio_by_chunks__num_segments_10__segment_focus_8,0.21828974103501755
34,y,753,y__energy_ratio_by_chunks__num_segments_10__segment_focus_9,0.21822980867337088
34,y,754,y__ratio_beyond_r_sigma__r_0.5,0.7652
34,y,755,y__ratio_beyond_r_sigma__r_1,0.4234
34,y,756,y__ratio_beyond_r_sigma__r_1.5,0.0666
34,y,757,y__ratio_beyond_r_sigma__r_2,0.0
34,y,758,y__ratio_beyond_r_sigma__r_2.5,0.0
34,y,759,y__ratio_beyond_r_sigma__r_3,0.0
34,y,760,y__ratio_beyond_r_sigma__r_5,0.0
34,y,761,y__ratio_beyond_r_sigma__r_6,0.0
34,y,762,y__ratio_beyond_r_sigma__r_7,0.0
34,y,763,y__ratio_beyond_r_sigma__r_10,0.0
34,y,764,y__count_above__t_0,0.1166
34,y,765,y__count_below__t_0,0.8834
34,y,766,y__lempel_ziv_complexity__bins_2,0.0286
34,y,767,y__lempel_ziv_complexity__bins_3,0.0412
34,y,768,y__lempel_ziv_complexity__bins_5,0.0568
34,y,769,y__lempel_ziv_complexity__bins_10,0.0856
34,y,770,y__lempel_ziv_complexity__bins_100,0.2962
34,y,771,y__fourier_entropy__bins_2,0.07998252574647073
34,y,772,y__fourier_entropy__bins_3,0.07998252574647073
34,y,773,y__fourier_entropy__bins_5,0.12525570174922163
34,y,774,y__fourier_entropy__bins_10,0.12525570174922163
34,y,775,y__fourier_entropy__bins_100,0.3164746721333209
34,y,776,y__permutation_entropy__dimension_3__tau_1,1.3700739524809191
34,y,777,y__permutation_entropy__dimension_4__tau_1,1.9741398426519785
34,y,778,y__permutation_entropy__dimension_5__tau_1,2.547343558655913
34,y,779,y__permutation_entropy__dimension_6__tau_1,3.0696832392407076
34,y,780,y__permutation_entropy__dimension_7__tau_1,3.490698383386982
34,y,781,y__query_similarity_count__query_None__threshold_0.0,
34,y,782,y__mean_n_absolute_max__number_of_maxima_7,12.333319685907844
4,y,0,y__variance_larger_than_standard_deviation,1.0
4,y,1,y__has_duplicate_max,0.0
4,y,2,y__has_duplicate_min,0.0
4,y,3,y__has_duplicate,0.0
4,y,4,y__sum_values,-39508.15518173364
4,y,5,y__abs_energy,524048.83514048654
4,y,6,y__mean_abs_change,0.07151635360753193
4,y,7,y__mean_change,-0.0028957104333614744
4,y,8,y__mean_second_derivative_central,1.0146495424221903e-05
4,y,9,y__median,-6.733091536347807
4,y,10,y__mean,-7.9016310363467275
4,y,11,y__length,5000.0
4,y,12,y__standard_deviation,6.5095310117964305
4,y,13,y__variation_coefficient,-0.8238211809502654
4,y,14,y__variance,42.37399399353946
4,y,15,y__skewness,-0.03919290855772863
4,y,16,y__kurtosis,-1.5206852633236438
4,y,17,y__root_mean_square,10.23766413925058
4,y,18,y__absolute_sum_of_changes,357.51025168405215
4,y,19,y__longest_strike_below_mean,2263.0
4,y,20,y__longest_strike_above_mean,1559.0
4,y,21,y__count_above_mean,2640.0
4,y,22,y__count_below_mean,2360.0
4,y,23,y__last_location_of_maximum,0.1654
4,y,24,y__first_location_of_maximum,0.1652
4,y,25,y__last_location_of_minimum,0.6752
4,y,26,y__first_location_of_minimum,0.675
4,y,27,y__percentage_of_reoccurring_values_to_all_values,0.0
4,y,28,y__percentage_of_reoccurring_datapoints_to_all_datapoints,0.0
4,y,29,y__sum_of_reoccurring_values,0.0
4,y,30,y__sum_of_reoccurring_data_points,0.0
4,y,31,y__ratio_value_number_to_time_series_length,1.0
4,y,32,y__sample_entropy,0.03309694940878576
4,y,33,y__maximum,3.31422897442111
4,y,34,y__absolute_maximum,19.521939996407635
4,y,35,y__minimum,-19.521939996407635
4,y,36,y__benford_correlation,0.903275985310208
4,y,37,y__time_reversal_asymmetry_statistic__lag_1,-0.8117533911937874
4,y,38,y__time_reversal_asymmetry_statistic__lag_2,-1.66441079001499
4,y,39,y__time_reversal_asymmetry_statistic__lag_3,-2.542663272124983
4,y,40,y__c3__lag_1,-1508.4567785184133
4,y,41,y__c3__lag_2,-1508.0140369008993
4,y,42,y__c3__lag_3,-1507.2985015185175
4,y,43,y__cid_ce__normalize_True,0.9637494110687567
4,y,44,y__cid_ce__normalize_False,6.273556678952616
4,y,45,y__symmetry_looking__r_0.0,0.0
4,y,46,y__symmetry_looking__r_0.05,0.0
4,y,47,y__symmetry_looking__r_0.1,1.0
4,y,48,y__symmetry_looking__r_0.15000000000000002,1.0
4,y,49,y__symmetry_looking__r_0.2,1.0
4,y,50,y__symmetry_looking__r_0.25,1.0
4,y,51,y__symmetry_looking__r_0.30000000000000004,1.0
4,y,52,y__symmetry_looking__r_0.35000000000000003,1.0
4,y,53,y__symmetry_looking__r_0.4,1.0
4,y,54,y__symmetry_looking__r_0.45,1.0
4,y,55,y__symmetry_looking__r_0.5,1.0
4,y,56,y__symmetry_looking__r_0.55,1.0
4,y,57,y__symmetry_looking__r_0.6000000000000001,1.0
4,y,58,y__symmetry_looking__r_0.65,1.0
4,y,59,y__symmetry_looking__r_0.7000000000000001,1.0
4,y,60,y__symmetry_looking__r_0.75,1.0
4,y,61,y__symmetry_looking__r_0.8,1.0
4,y,62,y__symmetry_looking__r_0.8500000000000001,1.0
4,y,63,y__symmetry_looking__r_0.9,1.0
4,y,64,y__symmetry_looking__r_0.9500000000000001,1.0
4,y,65,y__large_standard_deviation__r_0.05,1.0
4,y,66,y__large_standard_deviation__r_0.1,1.0
4,y,67,y__large_standard_deviation__r_0.15000000000000002,1.0
4,y,68,y__large_standard_deviation__r_0.2,1.0
4,y,69,y__large_standard_deviation__r_0.25,1.0
4,y,70,y__large_standard_deviation__r_0.30000000000000004,0.0
4,y,71,y__large_standard_deviation__r_0.35000000000000003,0.0
4,y,72,y__large_standard_deviation__r_0.4,0.0
4,y,73,y__large_standard_deviation__r_0.45,0.0
4,y,74,y__large_standard_deviation__r_0.5,0.0
4,y,75,y__large_standard_deviation__r_0.55,0.0
4,y,76,y__large_standard_deviation__r_0.6000000000000001,0.0
4,y,77,y__large_standard_deviation__r_0.65,0.0
4,y,78,y__large_standard_deviation__r_0.7000000000000001,0.0
4,y,79,y__large_standard_deviation__r_0.75,0.0
4,y,80,y__large_standard_deviation__r_0.8,0.0
4,y,81,y__large_standard_deviation__r_0.8500000000000001,0.0
4,y,82,y__large_standard_deviation__r_0.9,0.0
4,y,83,y__large_standard_deviation__r_0.9500000000000001,0.0
4,y,84,y__quantile__q_0.1,-15.890290804342165
4,y,85,y__quantile__q_0.2,-15.052933443767175
4,y,86,y__quantile__q_0.3,-13.771916367135416
4,y,87,y__quantile__q_0.4,-11.667019369968669
4,y,88,y__quantile__q_0.6,-4.585877367729297
4,y,89,y__quantile__q_0.7,-2.6943195996990363
4,y,90,y__quantile__q_0.8,-1.1184377054864723
4,y,91,y__quantile__q_0.9,0.6434467804200785
4,y,92,y__autocorrelation__lag_0,1.0
4,y,93,y__autocorrelation__lag_1,0.999857437726433
4,y,94,y__autocorrelation__lag_2,0.9995920259845786
4,y,95,y__autocorrelation__lag_3,0.9991843425113975
4,y,96,y__autocorrelation__lag_4,0.9986439303679031
4,y,97,y__autocorrelation__lag_5,0.9979725985232649
4,y,98,y__autocorrelation__lag_6,0.9971814730666635
4,y,99,y__autocorrelation__lag_7,0.9962705067641254
4,y,100,y__autocorrelation__lag_8,0.9952527135520561
4,y,101,y__autocorrelation__lag_9,0.9941300641923402
4,y,102,"y__agg_autocorrelation__f_agg_""mean""__maxlag_40",0.9734465832219732
4,y,103,"y__agg_autocorrelation__f_agg_""median""__maxlag_40",0.9755055972328972
4,y,104,"y__agg_autocorrelation__f_agg_""var""__maxlag_40",0.00038530856362339275
4,y,105,y__partial_autocorrelation__lag_0,1.0
4,y,106,y__partial_autocorrelation__lag_1,0.9998574377264329
4,y,107,y__partial_autocorrelation__lag_2,-0.43096447656573444
4,y,108,y__partial_autocorrelation__lag_3,-0.38501598774644996
4,y,109,y__partial_autocorrelation__lag_4,-0.2418678662580161
4,y,110,y__partial_autocorrelation__lag_5,-0.17669242146224529
4,y,111,y__partial_autocorrelation__lag_6,-0.09009177076190993
4,y,112,y__partial_autocorrelation__lag_7,-0.08392125915402163
4,y,113,y__partial_autocorrelation__lag_8,-0.018905075333064403
4,y,114,y__partial_autocorrelation__lag_9,-0.02125174087931211
4,y,115,y__number_cwt_peaks__n_1,407.0
4,y,116,y__number_cwt_peaks__n_5,308.0
4,y,117,y__number_peaks__n_1,550.0
4,y,118,y__number_peaks__n_3,90.0
4,y,119,y__number_peaks__n_5,62.0
4,y,120,y__number_peaks__n_10,60.0
4,y,121,y__number_peaks__n_50,45.0
4,y,122,y__binned_entropy__max_bins_10,2.176350110066036
4,y,123,y__index_mass_quantile__q_0.1,0.3584
4,y,124,y__index_mass_quantile__q_0.2,0.5462
4,y,125,y__index_mass_quantile__q_0.3,0.6228
4,y,126,y__index_mass_quantile__q_0.4,0.674
4,y,127,y__index_mass_quantile__q_0.6,0.775
4,y,128,y__index_mass_quantile__q_0.7,0.83
4,y,129,y__index_mass_quantile__q_0.8,0.8866
4,y,130,y__index_mass_quantile__q_0.9,0.9432
4,y,131,"y__cwt_coefficients__coeff_0__w_2__widths_(2, 5, 10, 20)",-0.19003163488062202
4,y,132,"y__cwt_coefficients__coeff_0__w_5__widths_(2, 5, 10, 20)",-0.8277225864806693
4,y,133,"y__cwt_coefficients__coeff_0__w_10__widths_(2, 5, 10, 20)",-1.7385073479162592
4,y,134,"y__cwt_coefficients__coeff_0__w_20__widths_(2, 5, 10, 20)",-0.46298897182370546
4,y,135,"y__cwt_coefficients__coeff_1__w_2__widths_(2, 5, 10, 20)",-0.20074797922429186
4,y,136,"y__cwt_coefficients__coeff_1__w_5__widths_(2, 5, 10, 20)",-0.8098689876047327
4,y,137,"y__cwt_coefficients__coeff_1__w_10__widths_(2, 5, 10, 20)",-1.633911530384175
4,y,138,"y__cwt_coefficients__coeff_1__w_20__widths_(2, 5, 10, 20)",-0.13412267850950924
4,y,139,"y__cwt_coefficients__coeff_2__w_2__widths_(2, 5, 10, 20)",-0.17617803039766475
4,y,140,"y__cwt_coefficients__coeff_2__w_5__widths_(2, 5, 10, 20)",-0.7551755017646402
4,y,141,"y__cwt_coefficients__coeff_2__w_10__widths_(2, 5, 10, 20)",-1.5024190088935097
4,y,142,"y__cwt_coefficients__coeff_2__w_20__widths_(2, 5, 10, 20)",0.21533286502227175
4,y,143,"y__cwt_coefficients__coeff_3__w_2__widths_(2, 5, 10, 20)",-0.12496984664817701
4,y,144,"y__cwt_coefficients__coeff_3__w_5__widths_(2, 5, 10, 20)",-0.6607605004685555
4,y,145,"y__cwt_coefficients__coeff_3__w_10__widths_(2, 5, 10, 20)",-1.334063724599767
4,y,146,"y__cwt_coefficients__coeff_3__w_20__widths_(2, 5, 10, 20)",0.5751461844213227
4,y,147,"y__cwt_coefficients__coeff_4__w_2__widths_(2, 5, 10, 20)",-0.06732456473037367
4,y,148,"y__cwt_coefficients__coeff_4__w_5__widths_(2, 5, 10, 20)",-0.544739567899038
4,y,149,"y__cwt_coefficients__coeff_4__w_10__widths_(2, 5, 10, 20)",-1.140725080248016
4,y,150,"y__cwt_coefficients__coeff_4__w_20__widths_(2, 5, 10, 20)",0.9529670575952606
4,y,151,"y__cwt_coefficients__coeff_5__w_2__widths_(2, 5, 10, 20)",-0.01878195608334703
4,y,152,"y__cwt_coefficients__coeff_5__w_5__widths_(2, 5, 10, 20)",-0.40445573336600865
4,y,153,"y__cwt_coefficients__coeff_5__w_10__widths_(2, 5, 10, 20)",-0.9204052695635422
4,y,154,"y__cwt_coefficients__coeff_5__w_20__widths_(2, 5, 10, 20)",1.3422040166465
4,y,155,"y__cwt_coefficients__coeff_6__w_2__widths_(2, 5, 10, 20)",0.01722066254409356
4,y,156,"y__cwt_coefficients__coeff_6__w_5__widths_(2, 5, 10, 20)",-0.25921690709544326
4,y,157,"y__cwt_coefficients__coeff_6__w_10__widths_(2, 5, 10, 20)",-0.6752223986832397
4,y,158,"y__cwt_coefficients__coeff_6__w_20__widths_(2, 5, 10, 20)",1.7491340915147444
4,y,159,"y__cwt_coefficients__coeff_7__w_2__widths_(2, 5, 10, 20)",0.04225060008646886
4,y,160,"y__cwt_coefficients__coeff_7__w_5__widths_(2, 5, 10, 20)",-0.11606353703531279
4,y,161,"y__cwt_coefficients__coeff_7__w_10__widths_(2, 5, 10, 20)",-0.4150314262847707
4,y,162,"y__cwt_coefficients__coeff_7__w_20__widths_(2, 5, 10, 20)",2.16825846451008
4,y,163,"y__cwt_coefficients__coeff_8__w_2__widths_(2, 5, 10, 20)",0.057887925008258456
4,y,164,"y__cwt_coefficients__coeff_8__w_5__widths_(2, 5, 10, 20)",0.016632812387850162
4,y,165,"y__cwt_coefficients__coeff_8__w_10__widths_(2, 5, 10, 20)",-0.1375387560475895
4,y,166,"y__cwt_coefficients__coeff_8__w_20__widths_(2, 5, 10, 20)",2.5799513877730176
4,y,167,"y__cwt_coefficients__coeff_9__w_2__widths_(2, 5, 10, 20)",0.06302748417916414
4,y,168,"y__cwt_coefficients__coeff_9__w_5__widths_(2, 5, 10, 20)",0.1320681511560815
4,y,169,"y__cwt_coefficients__coeff_9__w_10__widths_(2, 5, 10, 20)",0.14541422724529593
4,y,170,"y__cwt_coefficients__coeff_9__w_20__widths_(2, 5, 10, 20)",3.006593366178518
4,y,171,"y__cwt_coefficients__coeff_10__w_2__widths_(2, 5, 10, 20)",0.0526751207258205
4,y,172,"y__cwt_coefficients__coeff_10__w_5__widths_(2, 5, 10, 20)",0.23116234730515695
4,y,173,"y__cwt_coefficients__coeff_10__w_10__widths_(2, 5, 10, 20)",0.436278387456257
4,y,174,"y__cwt_coefficients__coeff_10__w_20__widths_(2, 5, 10, 20)",3.4294276482715595
4,y,175,"y__cwt_coefficients__coeff_11__w_2__widths_(2, 5, 10, 20)",0.03170470467073651
4,y,176,"y__cwt_coefficients__coeff_11__w_5__widths_(2, 5, 10, 20)",0.3099503615343181
4,y,177,"y__cwt_coefficients__coeff_11__w_10__widths_(2, 5, 10, 20)",0.7292476345997569
4,y,178,"y__cwt_coefficients__coeff_11__w_20__widths_(2, 5, 10, 20)",3.857032772984022
4,y,179,"y__cwt_coefficients__coeff_12__w_2__widths_(2, 5, 10, 20)",0.022783136928771843
4,y,180,"y__cwt_coefficients__coeff_12__w_5__widths_(2, 5, 10, 20)",0.3737482153559157
4,y,181,"y__cwt_coefficients__coeff_12__w_10__widths_(2, 5, 10, 20)",1.0150733335981494
4,y,182,"y__cwt_coefficients__coeff_12__w_20__widths_(2, 5, 10, 20)",4.286008320934708
4,y,183,"y__cwt_coefficients__coeff_13__w_2__widths_(2, 5, 10, 20)",0.039474939293405086
4,y,184,"y__cwt_coefficients__coeff_13__w_5__widths_(2, 5, 10, 20)",0.4234628985728165
4,y,185,"y__cwt_coefficients__coeff_13__w_10__widths_(2, 5, 10, 20)",1.29490353192342
4,y,186,"y__cwt_coefficients__coeff_13__w_20__widths_(2, 5, 10, 20)",4.689763993045182
4,y,187,"y__cwt_coefficients__coeff_14__w_2__widths_(2, 5, 10, 20)",0.0626789708015123
4,y,188,"y__cwt_coefficients__coeff_14__w_5__widths_(2, 5, 10, 20)",0.47005194762717023
4,y,189,"y__cwt_coefficients__coeff_14__w_10__widths_(2, 5, 10, 20)",1.5593692410625974
4,y,190,"y__cwt_coefficients__coeff_14__w_20__widths_(2, 5, 10, 20)",5.098870854754489
4,y,191,y__spkt_welch_density__coeff_2,138.5815210269098
4,y,192,y__spkt_welch_density__coeff_5,2.251740375935961
4,y,193,y__spkt_welch_density__coeff_8,0.6519592864443977
4,y,194,y__ar_coefficient__coeff_0__k_10,-0.0027435204224249546
4,y,195,y__ar_coefficient__coeff_1__k_10,1.0617567324145836
4,y,196,y__ar_coefficient__coeff_2__k_10,0.3068534476013903
4,y,197,y__ar_coefficient__coeff_3__k_10,-0.038402244262034625
4,y,198,y__ar_coefficient__coeff_4__k_10,-0.12174779359165681
4,y,199,y__ar_coefficient__coeff_5__k_10,-0.13338539334778982
4,y,200,y__ar_coefficient__coeff_6__k_10,-0.07881522919114091
4,y,201,y__ar_coefficient__coeff_7__k_10,-0.05102266855304299
4,y,202,y__ar_coefficient__coeff_8__k_10,-0.0023917703698794757
4,y,203,y__ar_coefficient__coeff_9__k_10,0.003524615099272814
4,y,204,y__ar_coefficient__coeff_10__k_10,0.05332890932211844
4,y,205,"y__change_quantiles__f_agg_""mean""__isabs_False__qh_0.2__ql_0.0",0.0006491659600427083
4,y,206,"y__change_quantiles__f_agg_""var""__isabs_False__qh_0.2__ql_0.0",0.00774752612759195
4,y,207,"y__change_quantiles__f_agg_""mean""__isabs_True__qh_0.2__ql_0.0",0.06968824698512702
4,y,208,"y__change_quantiles__f_agg_""var""__isabs_True__qh_0.2__ql_0.0",0.0028914957761755635
4,y,209,"y__change_quantiles__f_agg_""mean""__isabs_False__qh_0.4__ql_0.0",-0.0014283183200565642
4,y,210,"y__change_quantiles__f_agg_""var""__isabs_False__qh_0.4__ql_0.0",0.007659391573788596
4,y,211,"y__change_quantiles__f_agg_""mean""__isabs_True__qh_0.4__ql_0.0",0.07045128530916428
4,y,212,"y__change_quantiles__f_agg_""var""__isabs_True__qh_0.4__ql_0.0",0.002698048065298737
4,y,213,"y__change_quantiles__f_agg_""mean""__isabs_False__qh_0.6__ql_0.0",-0.0031676458763427655
4,y,214,"y__change_quantiles__f_agg_""var""__isabs_False__qh_0.6__ql_0.0",0.007709462514169995
4,y,215,"y__change_quantiles__f_agg_""mean""__isabs_True__qh_0.6__ql_0.0",0.0706596622507032
4,y,216,"y__change_quantiles__f_agg_""var""__isabs_True__qh_0.6__ql_0.0",0.0027267086251844545
4,y,217,"y__change_quantiles__f_agg_""mean""__isabs_False__qh_0.8__ql_0.0",-0.003308158773672879
4,y,218,"y__change_quantiles__f_agg_""var""__isabs_False__qh_0.8__ql_0.0",0.00768650330817321
4,y,219,"y__change_quantiles__f_agg_""mean""__isabs_True__qh_0.8__ql_0.0",0.07039173255998571
4,y,220,"y__change_quantiles__f_agg_""var""__isabs_True__qh_0.8__ql_0.0",0.0027424512098484857
4,y,221,"y__change_quantiles__f_agg_""mean""__isabs_False__qh_1.0__ql_0.0",-0.002895710433361474
4,y,222,"y__change_quantiles__f_agg_""var""__isabs_False__qh_1.0__ql_0.0",0.007864692157351572
4,y,223,"y__change_quantiles__f_agg_""mean""__isabs_True__qh_1.0__ql_0.0",0.07151635360753193
4,y,224,"y__change_quantiles__f_agg_""var""__isabs_True__qh_1.0__ql_0.0",0.0027584884629479034
4,y,225,"y__change_quantiles__f_agg_""mean""__isabs_False__qh_0.4__ql_0.2",-0.003123577326555974
4,y,226,"y__change_quantiles__f_agg_""var""__isabs_False__qh_0.4__ql_0.2",0.007255492361610247
4,y,227,"y__change_quantiles__f_agg_""mean""__isabs_True__qh_0.4__ql_0.2",0.06958301375573189
4,y,228,"y__change_quantiles__f_agg_""var""__isabs_True__qh_0.4__ql_0.2",0.002423453293594849
4,y,229,"y__change_quantiles__f_agg_""mean""__isabs_False__qh_0.6__ql_0.2",-0.004910726240551022
4,y,230,"y__change_quantiles__f_agg_""var""__isabs_False__qh_0.6__ql_0.2",0.0075287937385433495
4,y,231,"y__change_quantiles__f_agg_""mean""__isabs_True__qh_0.6__ql_0.2",0.07033661508234255
4,y,232,"y__change_quantiles__f_agg_""var""__isabs_True__qh_0.6__ql_0.2",0.0026056695495113654
4,y,233,"y__change_quantiles__f_agg_""mean""__isabs_False__qh_0.8__ql_0.2",-0.004513049303692625
4,y,234,"y__change_quantiles__f_agg_""var""__isabs_False__qh_0.8__ql_0.2",0.007558962783196226
4,y,235,"y__change_quantiles__f_agg_""mean""__isabs_True__qh_0.8__ql_0.2",0.07008524398551991
4,y,236,"y__change_quantiles__f_agg_""var""__isabs_True__qh_0.8__ql_0.2",0.002667388972703933
4,y,237,"y__change_quantiles__f_agg_""mean""__isabs_False__qh_1.0__ql_0.2",-0.0036881225984584667
4,y,238,"y__change_quantiles__f_agg_""var""__isabs_False__qh_1.0__ql_0.2",0.00781645121556
4,y,239,"y__change_quantiles__f_agg_""mean""__isabs_True__qh_1.0__ql_0.2",0.07157618481050546
4,y,240,"y__change_quantiles__f_agg_""var""__isabs_True__qh_1.0__ql_0.2",0.002706903231833631
4,y,241,"y__change_quantiles__f_agg_""mean""__isabs_False__qh_0.6__ql_0.4",-0.0066833484791016095
4,y,242,"y__change_quantiles__f_agg_""var""__isabs_False__qh_0.6__ql_0.4",0.007766156907652106
4,y,243,"y__change_quantiles__f_agg_""mean""__isabs_True__qh_0.6__ql_0.4",0.07088172611638496
4,y,244,"y__change_quantiles__f_agg_""var""__isabs_True__qh_0.6__ql_0.4",0.002786604957307004
4,y,245,"y__change_quantiles__f_agg_""mean""__isabs_False__qh_0.8__ql_0.4",-0.005197165621845816
4,y,246,"y__change_quantiles__f_agg_""var""__isabs_False__qh_0.8__ql_0.4",0.007693574964194567
4,y,247,"y__change_quantiles__f_agg_""mean""__isabs_True__qh_0.8__ql_0.4",0.07023173242427289
4,y,248,"y__change_quantiles__f_agg_""var""__isabs_True__qh_0.8__ql_0.4",0.0027880892553807978
4,y,249,"y__change_quantiles__f_agg_""mean""__isabs_False__qh_1.0__ql_0.4",-0.003870708100852858
4,y,250,"y__change_quantiles__f_agg_""var""__isabs_False__qh_1.0__ql_0.4",0.00799073346666041
4,y,251,"y__change_quantiles__f_agg_""mean""__isabs_True__qh_1.0__ql_0.4",0.0721616826258614
4,y,252,"y__change_quantiles__f_agg_""var""__isabs_True__qh_1.0__ql_0.4",0.0027984074084668725
4,y,253,"y__change_quantiles__f_agg_""mean""__isabs_False__qh_0.8__ql_0.6",-0.003615899294201111
4,y,254,"y__change_quantiles__f_agg_""var""__isabs_False__qh_0.8__ql_0.6",0.007332956202806505
4,y,255,"y__change_quantiles__f_agg_""mean""__isabs_True__qh_0.8__ql_0.6",0.068316326333218
4,y,256,"y__change_quantiles__f_agg_""var""__isabs_True__qh_0.8__ql_0.6",0.002678910486845571
4,y,257,"y__change_quantiles__f_agg_""mean""__isabs_False__qh_1.0__ql_0.6",-0.0024219504005835004
4,y,258,"y__change_quantiles__f_agg_""var""__isabs_False__qh_1.0__ql_0.6",0.007960869031416755
4,y,259,"y__change_quantiles__f_agg_""mean""__isabs_True__qh_1.0__ql_0.6",0.07220182287466637
4,y,260,"y__change_quantiles__f_agg_""var""__isabs_True__qh_1.0__ql_0.6",0.0027536316487349476
4,y,261,"y__change_quantiles__f_agg_""mean""__isabs_False__qh_1.0__ql_0.8",-0.0012365194555026084
4,y,262,"y__change_quantiles__f_agg_""var""__isabs_False__qh_1.0__ql_0.8",0.008476643363286912
4,y,263,"y__change_quantiles__f_agg_""mean""__isabs_True__qh_1.0__ql_0.8",0.0753843954598963
4,y,264,"y__change_quantiles__f_agg_""var""__isabs_True__qh_1.0__ql_0.8",0.0027953652647967142
4,y,265,"y__fft_coefficient__attr_""real""__coeff_0",-39508.15518173364
4,y,266,"y__fft_coefficient__attr_""real""__coeff_1",553.1740378491527
4,y,267,"y__fft_coefficient__attr_""real""__coeff_2",4009.7787784688053
4,y,268,"y__fft_coefficient__attr_""real""__coeff_3",-5071.811839661776
4,y,269,"y__fft_coefficient__attr_""real""__coeff_4",1867.4206312810734
4,y,270,"y__fft_coefficient__attr_""real""__coeff_5",622.1597878341398
4,y,271,"y__fft_coefficient__attr_""real""__coeff_6",-214.05030502534254
4,y,272,"y__fft_coefficient__attr_""real""__coeff_7",-11.863286775870215
4,y,273,"y__fft_coefficient__attr_""real""__coeff_8",896.0921015879061
4,y,274,"y__fft_coefficient__attr_""real""__coeff_9",-869.9073706559078
4,y,275,"y__fft_coefficient__attr_""real""__coeff_10",280.9772494987942
4,y,276,"y__fft_coefficient__attr_""real""__coeff_11",-134.60852963214046
4,y,277,"y__fft_coefficient__attr_""real""__coeff_12",110.87842698546115
4,y,278,"y__fft_coefficient__attr_""real""__coeff_13",54.34648166611574
4,y,279,"y__fft_coefficient__attr_""real""__coeff_14",-159.73418561914224
4,y,280,"y__fft_coefficient__attr_""real""__coeff_15",-336.66787416198247
4,y,281,"y__fft_coefficient__attr_""real""__coeff_16",-526.4926230857891
4,y,282,"y__fft_coefficient__attr_""real""__coeff_17",548.0074624689323
4,y,283,"y__fft_coefficient__attr_""real""__coeff_18",351.0974263864851
4,y,284,"y__fft_coefficient__attr_""real""__coeff_19",-32.44986435010953
4,y,285,"y__fft_coefficient__attr_""real""__coeff_20",-72.41303714712461
4,y,286,"y__fft_coefficient__attr_""real""__coeff_21",143.03893425231962
4,y,287,"y__fft_coefficient__attr_""real""__coeff_22",-144.25995785163965
4,y,288,"y__fft_coefficient__attr_""real""__coeff_23",495.7778689071733
4,y,289,"y__fft_coefficient__attr_""real""__coeff_24",-71.03470939589154
4,y,290,"y__fft_coefficient__attr_""real""__coeff_25",-235.48183445268063
4,y,291,"y__fft_coefficient__attr_""real""__coeff_26",-68.55815905762314
4,y,292,"y__fft_coefficient__attr_""real""__coeff_27",-88.50571833814985
4,y,293,"y__fft_coefficient__attr_""real""__coeff_28",-68.43328278802323
4,y,294,"y__fft_coefficient__attr_""real""__coeff_29",10.388989749448804
4,y,295,"y__fft_coefficient__attr_""real""__coeff_30",-196.73789373354631
4,y,296,"y__fft_coefficient__attr_""real""__coeff_31",242.000063604179
4,y,297,"y__fft_coefficient__attr_""real""__coeff_32",69.05607516097082
4,y,298,"y__fft_coefficient__attr_""real""__coeff_33",-47.76114585971435
4,y,299,"y__fft_coefficient__attr_""real""__coeff_34",244.3604032435868
4,y,300,"y__fft_coefficient__attr_""real""__coeff_35",-128.90089856381726
4,y,301,"y__fft_coefficient__attr_""real""__coeff_36",144.79677567867455
4,y,302,"y__fft_coefficient__attr_""real""__coeff_37",-12.998933327647027
4,y,303,"y__fft_coefficient__attr_""real""__coeff_38",134.49300094125675
4,y,304,"y__fft_coefficient__attr_""real""__coeff_39",-166.01157683390295
4,y,305,"y__fft_coefficient__attr_""real""__coeff_40",-158.70587650885727
4,y,306,"y__fft_coefficient__attr_""real""__coeff_41",91.56473657480116
4,y,307,"y__fft_coefficient__attr_""real""__coeff_42",-6.919357733976191
4,y,308,"y__fft_coefficient__attr_""real""__coeff_43",-131.41426011396425
4,y,309,"y__fft_coefficient__attr_""real""__coeff_44",63.95910628084634
4,y,310,"y__fft_coefficient__attr_""real""__coeff_45",140.27143432347094
4,y,311,"y__fft_coefficient__attr_""real""__coeff_46",-44.708594114560746
4,y,312,"y__fft_coefficient__attr_""real""__coeff_47",-16.394664815952254
4,y,313,"y__fft_coefficient__attr_""real""__coeff_48",44.33491152605116
4,y,314,"y__fft_coefficient__attr_""real""__coeff_49",81.85429654015832
4,y,315,"y__fft_coefficient__attr_""real""__coeff_50",-48.63329326774567
4,y,316,"y__fft_coefficient__attr_""real""__coeff_51",72.74431877383876
4,y,317,"y__fft_coefficient__attr_""real""__coeff_52",-1.362937571115825
4,y,318,"y__fft_coefficient__attr_""real""__coeff_53",-69.76045088618731
4,y,319,"y__fft_coefficient__attr_""real""__coeff_54",63.45568815111592
4,y,320,"y__fft_coefficient__attr_""real""__coeff_55",-68.54346822934188
4,y,321,"y__fft_coefficient__attr_""real""__coeff_56",-29.16536213898613
4,y,322,"y__fft_coefficient__attr_""real""__coeff_57",154.26427522449603
4,y,323,"y__fft_coefficient__attr_""real""__coeff_58",39.0979719125849
4,y,324,"y__fft_coefficient__attr_""real""__coeff_59",-160.97286387829297
4,y,325,"y__fft_coefficient__attr_""real""__coeff_60",5.154135071615619
4,y,326,"y__fft_coefficient__attr_""real""__coeff_61",93.92408760327802
4,y,327,"y__fft_coefficient__attr_""real""__coeff_62",-91.53289580338085
4,y,328,"y__fft_coefficient__attr_""real""__coeff_63",71.49357333430972
4,y,329,"y__fft_coefficient__attr_""real""__coeff_64",12.114446905626528
4,y,330,"y__fft_coefficient__attr_""real""__coeff_65",8.987996331248466
4,y,331,"y__fft_coefficient__attr_""real""__coeff_66",-17.44476894610806
4,y,332,"y__fft_coefficient__attr_""real""__coeff_67",40.5723536225857
4,y,333,"y__fft_coefficient__attr_""real""__coeff_68",10.49008041293018
4,y,334,"y__fft_coefficient__attr_""real""__coeff_69",32.80816068768265
4,y,335,"y__fft_coefficient__attr_""real""__coeff_70",141.66708087238118
4,y,336,"y__fft_coefficient__attr_""real""__coeff_71",-98.11327571362631
4,y,337,"y__fft_coefficient__attr_""real""__coeff_72",-40.241010892575645
4,y,338,"y__fft_coefficient__attr_""real""__coeff_73",-30.319060554546528
4,y,339,"y__fft_coefficient__attr_""real""__coeff_74",-11.591946198369522
4,y,340,"y__fft_coefficient__attr_""real""__coeff_75",91.51313812942493
4,y,341,"y__fft_coefficient__attr_""real""__coeff_76",-64.37290039703903
4,y,342,"y__fft_coefficient__attr_""real""__coeff_77",-115.52680039049446
4,y,343,"y__fft_coefficient__attr_""real""__coeff_78",134.35607348724056
4,y,344,"y__fft_coefficient__attr_""real""__coeff_79",16.86009332567852
4,y,345,"y__fft_coefficient__attr_""real""__coeff_80",17.82295301312944
4,y,346,"y__fft_coefficient__attr_""real""__coeff_81",65.59189762905953
4,y,347,"y__fft_coefficient__attr_""real""__coeff_82",-11.416328369322855
4,y,348,"y__fft_coefficient__attr_""real""__coeff_83",39.631795717445975
4,y,349,"y__fft_coefficient__attr_""real""__coeff_84",37.37968113444954
4,y,350,"y__fft_coefficient__attr_""real""__coeff_85",17.0648893776725
4,y,351,"y__fft_coefficient__attr_""real""__coeff_86",-44.62306545310615
4,y,352,"y__fft_coefficient__attr_""real""__coeff_87",-78.2341221134602
4,y,353,"y__fft_coefficient__attr_""real""__coeff_88",-2.57699776322254
4,y,354,"y__fft_coefficient__attr_""real""__coeff_89",11.51937845903619
4,y,355,"y__fft_coefficient__attr_""real""__coeff_90",34.31548996939369
4,y,356,"y__fft_coefficient__attr_""real""__coeff_91",6.337074823114194
4,y,357,"y__fft_coefficient__attr_""real""__coeff_92",-73.78952967369594
4,y,358,"y__fft_coefficient__attr_""real""__coeff_93",58.131997832534275
4,y,359,"y__fft_coefficient__attr_""real""__coeff_94",48.68929936362114
4,y,360,"y__fft_coefficient__attr_""real""__coeff_95",42.26406535816351
4,y,361,"y__fft_coefficient__attr_""real""__coeff_96",41.008336031170394
4,y,362,"y__fft_coefficient__attr_""real""__coeff_97",24.957796031631226
4,y,363,"y__fft_coefficient__attr_""real""__coeff_98",-55.53289401955493
4,y,364,"y__fft_coefficient__attr_""real""__coeff_99",2.8263981817606387
4,y,365,"y__fft_coefficient__attr_""imag""__coeff_0",0.0
4,y,366,"y__fft_coefficient__attr_""imag""__coeff_1",-19676.02091805607
4,y,367,"y__fft_coefficient__attr_""imag""__coeff_2",-5166.454556716185
4,y,368,"y__fft_coefficient__attr_""imag""__coeff_3",-3354.4007657200445
4,y,369,"y__fft_coefficient__attr_""imag""__coeff_4",-1746.8948639656771
4,y,370,"y__fft_coefficient__attr_""imag""__coeff_5",-2684.68091567758
4,y,371,"y__fft_coefficient__attr_""imag""__coeff_6",-2130.0908875130826
4,y,372,"y__fft_coefficient__attr_""imag""__coeff_7",-1566.43307072178
4,y,373,"y__fft_coefficient__attr_""imag""__coeff_8",-1400.369234359413
4,y,374,"y__fft_coefficient__attr_""imag""__coeff_9",-1672.5777871035316
4,y,375,"y__fft_coefficient__attr_""imag""__coeff_10",-1332.4931868672838
4,y,376,"y__fft_coefficient__attr_""imag""__coeff_11",-297.7939457630816
4,y,377,"y__fft_coefficient__attr_""imag""__coeff_12",-2019.3027249935226
4,y,378,"y__fft_coefficient__attr_""imag""__coeff_13",-422.3913177461508
4,y,379,"y__fft_coefficient__attr_""imag""__coeff_14",-1093.9330044234805
4,y,380,"y__fft_coefficient__attr_""imag""__coeff_15",-695.360624459407
4,y,381,"y__fft_coefficient__attr_""imag""__coeff_16",-257.29590935126635
4,y,382,"y__fft_coefficient__attr_""imag""__coeff_17",-689.7775144081526
4,y,383,"y__fft_coefficient__attr_""imag""__coeff_18",-546.9370851562688
4,y,384,"y__fft_coefficient__attr_""imag""__coeff_19",-385.88239951169294
4,y,385,"y__fft_coefficient__attr_""imag""__coeff_20",-791.7587954998795
4,y,386,"y__fft_coefficient__attr_""imag""__coeff_21",-489.07746447693137
4,y,387,"y__fft_coefficient__attr_""imag""__coeff_22",-834.9786737181037
4,y,388,"y__fft_coefficient__attr_""imag""__coeff_23",-398.17020066943803
4,y,389,"y__fft_coefficient__attr_""imag""__coeff_24",-217.83032921671324
4,y,390,"y__fft_coefficient__attr_""imag""__coeff_25",-943.3028338817261
4,y,391,"y__fft_coefficient__attr_""imag""__coeff_26",-635.1912185792514
4,y,392,"y__fft_coefficient__attr_""imag""__coeff_27",-385.4255402499211
4,y,393,"y__fft_coefficient__attr_""imag""__coeff_28",-181.40332139506762
4,y,394,"y__fft_coefficient__attr_""imag""__coeff_29",-283.0403038626226
4,y,395,"y__fft_coefficient__attr_""imag""__coeff_30",-166.00757947497402
4,y,396,"y__fft_coefficient__attr_""imag""__coeff_31",-590.101648019415
4,y,397,"y__fft_coefficient__attr_""imag""__coeff_32",-357.8165495418431
4,y,398,"y__fft_coefficient__attr_""imag""__coeff_33",-131.05050018802558
4,y,399,"y__fft_coefficient__attr_""imag""__coeff_34",-186.42031016495946
4,y,400,"y__fft_coefficient__attr_""imag""__coeff_35",-679.9684990119824
4,y,401,"y__fft_coefficient__attr_""imag""__coeff_36",-302.12075201364735
4,y,402,"y__fft_coefficient__attr_""imag""__coeff_37",-208.7676983239192
4,y,403,"y__fft_coefficient__attr_""imag""__coeff_38",-566.9624195257285
4,y,404,"y__fft_coefficient__attr_""imag""__coeff_39",-287.4763841004788
4,y,405,"y__fft_coefficient__attr_""imag""__coeff_40",-193.5111179422018
4,y,406,"y__fft_coefficient__attr_""imag""__coeff_41",-337.281568839726
4,y,407,"y__fft_coefficient__attr_""imag""__coeff_42",-312.9852827085158
4,y,408,"y__fft_coefficient__attr_""imag""__coeff_43",-85.6781915859122
4,y,409,"y__fft_coefficient__attr_""imag""__coeff_44",-301.91343985374766
4,y,410,"y__fft_coefficient__attr_""imag""__coeff_45",-94.50264088228226
4,y,411,"y__fft_coefficient__attr_""imag""__coeff_46",-345.09198915230877
4,y,412,"y__fft_coefficient__attr_""imag""__coeff_47",-339.896275746857
4,y,413,"y__fft_coefficient__attr_""imag""__coeff_48",-124.77514892169248
4,y,414,"y__fft_coefficient__attr_""imag""__coeff_49",-236.19078709680633
4,y,415,"y__fft_coefficient__attr_""imag""__coeff_50",-3969.8743278541015
4,y,416,"y__fft_coefficient__attr_""imag""__coeff_51",-295.40711143266395
4,y,417,"y__fft_coefficient__attr_""imag""__coeff_52",-241.5091554334995
4,y,418,"y__fft_coefficient__attr_""imag""__coeff_53",-271.91461069104764
4,y,419,"y__fft_coefficient__attr_""imag""__coeff_54",-193.36291791658869
4,y,420,"y__fft_coefficient__attr_""imag""__coeff_55",-99.73366619732717
4,y,421,"y__fft_coefficient__attr_""imag""__coeff_56",-256.1967534671723
4,y,422,"y__fft_coefficient__attr_""imag""__coeff_57",-153.36283856937217
4,y,423,"y__fft_coefficient__attr_""imag""__coeff_58",-273.1447551591418
4,y,424,"y__fft_coefficient__attr_""imag""__coeff_59",-281.3419890396227
4,y,425,"y__fft_coefficient__attr_""imag""__coeff_60",-77.13197491535635
4,y,426,"y__fft_coefficient__attr_""imag""__coeff_61",-154.917872208147
4,y,427,"y__fft_coefficient__attr_""imag""__coeff_62",-213.90447107766954
4,y,428,"y__fft_coefficient__attr_""imag""__coeff_63",-133.91824212750646
4,y,429,"y__fft_coefficient__attr_""imag""__coeff_64",-215.08252457856838
4,y,430,"y__fft_coefficient__attr_""imag""__coeff_65",-222.57319400252763
4,y,431,"y__fft_coefficient__attr_""imag""__coeff_66",-87.32534670652228
4,y,432,"y__fft_coefficient__attr_""imag""__coeff_67",-123.44422621615675
4,y,433,"y__fft_coefficient__attr_""imag""__coeff_68",-157.29208469508748
4,y,434,"y__fft_coefficient__attr_""imag""__coeff_69",-306.20766851294036
4,y,435,"y__fft_coefficient__attr_""imag""__coeff_70",-127.28034530724477
4,y,436,"y__fft_coefficient__attr_""imag""__coeff_71",-172.88793113118766
4,y,437,"y__fft_coefficient__attr_""imag""__coeff_72",-199.24072315421344
4,y,438,"y__fft_coefficient__attr_""imag""__coeff_73",-158.29786655074335
4,y,439,"y__fft_coefficient__attr_""imag""__coeff_74",-173.26707473242678
4,y,440,"y__fft_coefficient__attr_""imag""__coeff_75",-147.05752660995552
4,y,441,"y__fft_coefficient__attr_""imag""__coeff_76",-93.95104797009387
4,y,442,"y__fft_coefficient__attr_""imag""__coeff_77",-63.63362218533694
4,y,443,"y__fft_coefficient__attr_""imag""__coeff_78",-199.9787588222952
4,y,444,"y__fft_coefficient__attr_""imag""__coeff_79",-163.309218415403
4,y,445,"y__fft_coefficient__attr_""imag""__coeff_80",-73.13861700718172
4,y,446,"y__fft_coefficient__attr_""imag""__coeff_81",-70.31942908449437
4,y,447,"y__fft_coefficient__attr_""imag""__coeff_82",-215.90661509805796
4,y,448,"y__fft_coefficient__attr_""imag""__coeff_83",-209.710727086696
4,y,449,"y__fft_coefficient__attr_""imag""__coeff_84",-127.87943093671518
4,y,450,"y__fft_coefficient__attr_""imag""__coeff_85",-187.33195377640686
4,y,451,"y__fft_coefficient__attr_""imag""__coeff_86",-131.11170091883616
4,y,452,"y__fft_coefficient__attr_""imag""__coeff_87",-120.85587361437041
4,y,453,"y__fft_coefficient__attr_""imag""__coeff_88",-184.8228239522988
4,y,454,"y__fft_coefficient__attr_""imag""__coeff_89",-3.6343202876405165
4,y,455,"y__fft_coefficient__attr_""imag""__coeff_90",-155.61591284803876
4,y,456,"y__fft_coefficient__attr_""imag""__coeff_91",-155.43920630781764
4,y,457,"y__fft_coefficient__attr_""imag""__coeff_92",-35.51959286400561
4,y,458,"y__fft_coefficient__attr_""imag""__coeff_93",-121.85862578303278
4,y,459,"y__fft_coefficient__attr_""imag""__coeff_94",-103.13505839414285
4,y,460,"y__fft_coefficient__attr_""imag""__coeff_95",-134.10273701911575
4,y,461,"y__fft_coefficient__attr_""imag""__coeff_96",-150.36108120359395
4,y,462,"y__fft_coefficient__attr_""imag""__coeff_97",-124.41038815352674
4,y,463,"y__fft_coefficient__attr_""imag""__coeff_98",-178.0083733247975
4,y,464,"y__fft_coefficient__attr_""imag""__coeff_99",-156.58736764140085
4,y,465,"y__fft_coefficient__attr_""abs""__coeff_0",39508.15518173364
4,y,466,"y__fft_coefficient__attr_""abs""__coeff_1",19683.795383104614
4,y,467,"y__fft_coefficient__attr_""abs""__coeff_2",6539.921906175349
4,y,468,"y__fft_coefficient__attr_""abs""__coeff_3",6080.730205657589
4,y,469,"y__fft_coefficient__attr_""abs""__coeff_4",2557.1275838103707
4,y,470,"y__fft_coefficient__attr_""abs""__coeff_5",2755.829171157245
4,y,471,"y__fft_coefficient__attr_""abs""__coeff_6",2140.8187037084003
4,y,472,"y__fft_coefficient__attr_""abs""__coeff_7",1566.4779930225613
4,y,473,"y__fft_coefficient__attr_""abs""__coeff_8",1662.5327206008906
4,y,474,"y__fft_coefficient__attr_""abs""__coeff_9",1885.2732659839055
4,y,475,"y__fft_coefficient__attr_""abs""__coeff_10",1361.795251784804
4,y,476,"y__fft_coefficient__attr_""abs""__coeff_11",326.80374903429737
4,y,477,"y__fft_coefficient__attr_""abs""__coeff_12",2022.3445603400612
4,y,478,"y__fft_coefficient__attr_""abs""__coeff_13",425.87317992192834
4,y,479,"y__fft_coefficient__attr_""abs""__coeff_14",1105.5335491166213
4,y,480,"y__fft_coefficient__attr_""abs""__coeff_15",772.5746925322657
4,y,481,"y__fft_coefficient__attr_""abs""__coeff_16",585.9997159834209
4,y,482,"y__fft_coefficient__attr_""abs""__coeff_17",880.9683299101775
4,y,483,"y__fft_coefficient__attr_""abs""__coeff_18",649.9304408430559
4,y,484,"y__fft_coefficient__attr_""abs""__coeff_19",387.2443930507481
4,y,485,"y__fft_coefficient__attr_""abs""__coeff_20",795.0632919461763
4,y,486,"y__fft_coefficient__attr_""abs""__coeff_21",509.5654059796677
4,y,487,"y__fft_coefficient__attr_""abs""__coeff_22",847.348995988902
4,y,488,"y__fft_coefficient__attr_""abs""__coeff_23",635.8735754843716
4,y,489,"y__fft_coefficient__attr_""abs""__coeff_24",229.1200171648484
4,y,490,"y__fft_coefficient__attr_""abs""__coeff_25",972.2509607948427
4,y,491,"y__fft_coefficient__attr_""abs""__coeff_26",638.8803529093416
4,y,492,"y__fft_coefficient__attr_""abs""__coeff_27",395.45683614712675
4,y,493,"y__fft_coefficient__attr_""abs""__coeff_28",193.88212709351976
4,y,494,"y__fft_coefficient__attr_""abs""__coeff_29",283.23090353748455
4,y,495,"y__fft_coefficient__attr_""abs""__coeff_30",257.41856046884413
4,y,496,"y__fft_coefficient__attr_""abs""__coeff_31",637.7961945478008
4,y,497,"y__fft_coefficient__attr_""abs""__coeff_32",364.41929784613205
4,y,498,"y__fft_coefficient__attr_""abs""__coeff_33",139.482474359199
4,y,499,"y__fft_coefficient__attr_""abs""__coeff_34",307.35083978308575
4,y,500,"y__fft_coefficient__attr_""abs""__coeff_35",692.0784646983085
4,y,501,"y__fft_coefficient__attr_""abs""__coeff_36",335.0269467434406
4,y,502,"y__fft_coefficient__attr_""abs""__coeff_37",209.17199652707708
4,y,503,"y__fft_coefficient__attr_""abs""__coeff_38",582.6961064368398
4,y,504,"y__fft_coefficient__attr_""abs""__coeff_39",331.9676415832797
4,y,505,"y__fft_coefficient__attr_""abs""__coeff_40",250.26807228586986
4,y,506,"y__fft_coefficient__attr_""abs""__coeff_41",349.48956731639294
4,y,507,"y__fft_coefficient__attr_""abs""__coeff_42",313.06175860935224
4,y,508,"y__fft_coefficient__attr_""abs""__coeff_43",156.8772140074298
4,y,509,"y__fft_coefficient__attr_""abs""__coeff_44",308.61382412420727
4,y,510,"y__fft_coefficient__attr_""abs""__coeff_45",169.13552087272924
4,y,511,"y__fft_coefficient__attr_""abs""__coeff_46",347.97606148239237
4,y,512,"y__fft_coefficient__attr_""abs""__coeff_47",340.2914387712551
4,y,513,"y__fft_coefficient__attr_""abs""__coeff_48",132.41760520585365
4,y,514,"y__fft_coefficient__attr_""abs""__coeff_49",249.97242602233766
4,y,515,"y__fft_coefficient__attr_""abs""__coeff_50",3970.172209888271
4,y,516,"y__fft_coefficient__attr_""abs""__coeff_51",304.2319795794982
4,y,517,"y__fft_coefficient__attr_""abs""__coeff_52",241.51300121737748
4,y,518,"y__fft_coefficient__attr_""abs""__coeff_53",280.7206369597863
4,y,519,"y__fft_coefficient__attr_""abs""__coeff_54",203.50882630477994
4,y,520,"y__fft_coefficient__attr_""abs""__coeff_55",121.01657411308041
4,y,521,"y__fft_coefficient__attr_""abs""__coeff_56",257.8514976412145
4,y,522,"y__fft_coefficient__attr_""abs""__coeff_57",217.52615213944821
4,y,523,"y__fft_coefficient__attr_""abs""__coeff_58",275.9288108890132
4,y,524,"y__fft_coefficient__attr_""abs""__coeff_59",324.13820771694077
4,y,525,"y__fft_coefficient__attr_""abs""__coeff_60",77.30398865957447
4,y,526,"y__fft_coefficient__attr_""abs""__coeff_61",181.1664465667084
4,y,527,"y__fft_coefficient__attr_""abs""__coeff_62",232.66584141461362
4,y,528,"y__fft_coefficient__attr_""abs""__coeff_63",151.8072020776016
4,y,529,"y__fft_coefficient__attr_""abs""__coeff_64",215.4234253810846
4,y,530,"y__fft_coefficient__attr_""abs""__coeff_65",222.75459763277019
4,y,531,"y__fft_coefficient__attr_""abs""__coeff_66",89.0507503674024
4,y,532,"y__fft_coefficient__attr_""abs""__coeff_67",129.94072827478624
4,y,533,"y__fft_coefficient__attr_""abs""__coeff_68",157.64149737552077
4,y,534,"y__fft_coefficient__attr_""abs""__coeff_69",307.96024364167454
4,y,535,"y__fft_coefficient__attr_""abs""__coeff_70",190.44644418952342
4,y,536,"y__fft_coefficient__attr_""abs""__coeff_71",198.7874533316435
4,y,537,"y__fft_coefficient__attr_""abs""__coeff_72",203.2638795277467
4,y,538,"y__fft_coefficient__attr_""abs""__coeff_73",161.175246199369
4,y,539,"y__fft_coefficient__attr_""abs""__coeff_74",173.65440507801196
4,y,540,"y__fft_coefficient__attr_""abs""__coeff_75",173.2067278801057
4,y,541,"y__fft_coefficient__attr_""abs""__coeff_76",113.88884809412197
4,y,542,"y__fft_coefficient__attr_""abs""__coeff_77",131.8926816805669
4,y,543,"y__fft_coefficient__attr_""abs""__coeff_78",240.92127025859403
4,y,544,"y__fft_coefficient__attr_""abs""__coeff_79",164.1772321803495
4,y,545,"y__fft_coefficient__attr_""abs""__coeff_80",75.27891439062755
4,y,546,"y__fft_coefficient__attr_""abs""__coeff_81",96.16194227109943
4,y,547,"y__fft_coefficient__attr_""abs""__coeff_82",216.20823064013348
4,y,548,"y__fft_coefficient__attr_""abs""__coeff_83",213.4227454771868
4,y,549,"y__fft_coefficient__attr_""abs""__coeff_84",133.23058739798168
4,y,550,"y__fft_coefficient__attr_""abs""__coeff_85",188.10760578763964
4,y,551,"y__fft_coefficient__attr_""abs""__coeff_86",138.4972782702337
4,y,552,"y__fft_coefficient__attr_""abs""__coeff_87",143.9677743453599
4,y,553,"y__fft_coefficient__attr_""abs""__coeff_88",184.8407887106471
4,y,554,"y__fft_coefficient__attr_""abs""__coeff_89",12.0790878809479
4,y,555,"y__fft_coefficient__attr_""abs""__coeff_90",159.3545267112546
4,y,556,"y__fft_coefficient__attr_""abs""__coeff_91",155.56833024403792
4,y,557,"y__fft_coefficient__attr_""abs""__coeff_92",81.89344397868472
4,y,558,"y__fft_coefficient__attr_""abs""__coeff_93",135.01427276303417
4,y,559,"y__fft_coefficient__attr_""abs""__coeff_94",114.05037545963437
4,y,560,"y__fft_coefficient__attr_""abs""__coeff_95",140.60510409162688
4,y,561,"y__fft_coefficient__attr_""abs""__coeff_96",155.85293826155208
4,y,562,"y__fft_coefficient__attr_""abs""__coeff_97",126.88907070062297
4,y,563,"y__fft_coefficient__attr_""abs""__coeff_98",186.46952376173326
4,y,564,"y__fft_coefficient__attr_""abs""__coeff_99",156.61287377334304
4,y,565,"y__fft_coefficient__attr_""angle""__coeff_0",180.0
4,y,566,"y__fft_coefficient__attr_""angle""__coeff_1",-88.38960370593428
4,y,567,"y__fft_coefficient__attr_""angle""__coeff_2",-52.18431478504671
4,y,568,"y__fft_coefficient__attr_""angle""__coeff_3",-146.5201010241795
4,y,569,"y__fft_coefficient__attr_""angle""__coeff_4",-43.09007824417292
4,y,570,"y__fft_coefficient__attr_""angle""__coeff_5",-76.9523461154704
4,y,571,"y__fft_coefficient__attr_""angle""__coeff_6",-95.73832142315688
4,y,572,"y__fft_coefficient__attr_""angle""__coeff_7",-90.43391784881764
4,y,573,"y__fft_coefficient__attr_""angle""__coeff_8",-57.384942888580646
4,y,574,"y__fft_coefficient__attr_""angle""__coeff_9",-117.4789324292441
4,y,575,"y__fft_coefficient__attr_""angle""__coeff_10",-78.09271741513955
4,y,576,"y__fft_coefficient__attr_""angle""__coeff_11",-114.32387361977449
4,y,577,"y__fft_coefficient__attr_""angle""__coeff_12",-86.85708702122778
4,y,578,"y__fft_coefficient__attr_""angle""__coeff_13",-82.66838568704918
4,y,579,"y__fft_coefficient__attr_""angle""__coeff_14",-98.30751914440637
4,y,580,"y__fft_coefficient__attr_""angle""__coeff_15",-115.83454752183576
4,y,581,"y__fft_coefficient__attr_""angle""__coeff_16",-153.95533111799094
4,y,582,"y__fft_coefficient__attr_""angle""__coeff_17",-51.533916199349875
4,y,583,"y__fft_coefficient__attr_""angle""__coeff_18",-57.302221229127966
4,y,584,"y__fft_coefficient__attr_""angle""__coeff_19",-94.80684321071679
4,y,585,"y__fft_coefficient__attr_""angle""__coeff_20",-95.22564567041063
4,y,586,"y__fft_coefficient__attr_""angle""__coeff_21",-73.69755288001755
4,y,587,"y__fft_coefficient__attr_""angle""__coeff_22",-99.80227195659725
4,y,588,"y__fft_coefficient__attr_""angle""__coeff_23",-38.76871998189148
4,y,589,"y__fft_coefficient__attr_""angle""__coeff_24",-108.06120427194236
4,y,590,"y__fft_coefficient__attr_""angle""__coeff_25",-104.01658366529989
4,y,591,"y__fft_coefficient__attr_""angle""__coeff_26",-96.16026367724899
4,y,592,"y__fft_coefficient__attr_""angle""__coeff_27",-102.93269231505623
4,y,593,"y__fft_coefficient__attr_""angle""__coeff_28",-110.66867360663647
4,y,594,"y__fft_coefficient__attr_""angle""__coeff_29",-87.89790302680815
4,y,595,"y__fft_coefficient__attr_""angle""__coeff_30",-139.8423023520353
4,y,596,"y__fft_coefficient__attr_""angle""__coeff_31",-67.70151769076543
4,y,597,"y__fft_coefficient__attr_""angle""__coeff_32",-79.07661504331186
4,y,598,"y__fft_coefficient__attr_""angle""__coeff_33",-110.02418862208255
4,y,599,"y__fft_coefficient__attr_""angle""__coeff_34",-37.33967783801782
4,y,600,"y__fft_coefficient__attr_""angle""__coeff_35",-100.73412708207643
4,y,601,"y__fft_coefficient__attr_""angle""__coeff_36",-64.39309587290106
4,y,602,"y__fft_coefficient__attr_""angle""__coeff_37",-93.56292550427489
4,y,603,"y__fft_coefficient__attr_""angle""__coeff_38",-76.65514326107635
4,y,604,"y__fft_coefficient__attr_""angle""__coeff_39",-120.00553179264826
4,y,605,"y__fft_coefficient__attr_""angle""__coeff_40",-129.35648991556596
4,y,606,"y__fft_coefficient__attr_""angle""__coeff_41",-74.81149169581131
4,y,607,"y__fft_coefficient__attr_""angle""__coeff_42",-91.26646666175817
4,y,608,"y__fft_coefficient__attr_""angle""__coeff_43",-146.89684460599472
4,y,609,"y__fft_coefficient__attr_""angle""__coeff_44",-78.0389667039384
4,y,610,"y__fft_coefficient__attr_""angle""__coeff_45",-33.96864785654602
4,y,611,"y__fft_coefficient__attr_""angle""__coeff_46",-97.38187070994522
4,y,612,"y__fft_coefficient__attr_""angle""__coeff_47",-92.76148256128178
4,y,613,"y__fft_coefficient__attr_""angle""__coeff_48",-70.43893594110779
4,y,614,"y__fft_coefficient__attr_""angle""__coeff_49",-70.8857259645301
4,y,615,"y__fft_coefficient__attr_""angle""__coeff_50",-90.70187185662735
4,y,616,"y__fft_coefficient__attr_""angle""__coeff_51",-76.16609660043986
4,y,617,"y__fft_coefficient__attr_""angle""__coeff_52",-90.32334070907594
4,y,618,"y__fft_coefficient__attr_""angle""__coeff_53",-104.38905687986613
4,y,619,"y__fft_coefficient__attr_""angle""__coeff_54",-71.83177482251462
4,y,620,"y__fft_coefficient__attr_""angle""__coeff_55",-124.49938292906582
4,y,621,"y__fft_coefficient__attr_""angle""__coeff_56",-96.49457534942762
4,y,622,"y__fft_coefficient__attr_""angle""__coeff_57",-44.832107230821066
4,y,623,"y__fft_coefficient__attr_""angle""__coeff_58",-81.85400937749958
4,y,624,"y__fft_coefficient__attr_""angle""__coeff_59",-119.77649886142993
4,y,625,"y__fft_coefficient__attr_""angle""__coeff_60",-86.17704824311836
4,y,626,"y__fft_coefficient__attr_""angle""__coeff_61",-58.77227481723071
4,y,627,"y__fft_coefficient__attr_""angle""__coeff_62",-113.16680036568934
4,y,628,"y__fft_coefficient__attr_""angle""__coeff_63",-61.90403141164367
4,y,629,"y__fft_coefficient__attr_""angle""__coeff_64",-86.77624175031723
4,y,630,"y__fft_coefficient__attr_""angle""__coeff_65",-87.6875265449664
4,y,631,"y__fft_coefficient__attr_""angle""__coeff_66",-101.29712472302198
4,y,632,"y__fft_coefficient__attr_""angle""__coeff_67",-71.80588225583818
4,y,633,"y__fft_coefficient__attr_""angle""__coeff_68",-86.18449580020356
4,y,634,"y__fft_coefficient__attr_""angle""__coeff_69",-83.88446013781106
4,y,635,"y__fft_coefficient__attr_""angle""__coeff_70",-41.938009964031515
4,y,636,"y__fft_coefficient__attr_""angle""__coeff_71",-119.57475377509829
4,y,637,"y__fft_coefficient__attr_""angle""__coeff_72",-101.41852270247927
4,y,638,"y__fft_coefficient__attr_""angle""__coeff_73",-100.84264581097987
4,y,639,"y__fft_coefficient__attr_""angle""__coeff_74",-93.82750922378587
4,y,640,"y__fft_coefficient__attr_""angle""__coeff_75",-58.106209388119765
4,y,641,"y__fft_coefficient__attr_""angle""__coeff_76",-124.41796365932763
4,y,642,"y__fft_coefficient__attr_""angle""__coeff_77",-151.1534711330778
4,y,643,"y__fft_coefficient__attr_""angle""__coeff_78",-56.10475236195968
4,y,644,"y__fft_coefficient__attr_""angle""__coeff_79",-84.10564888877798
4,y,645,"y__fft_coefficient__attr_""angle""__coeff_80",-76.3046733435553
4,y,646,"y__fft_coefficient__attr_""angle""__coeff_81",-46.99216976805251
4,y,647,"y__fft_coefficient__attr_""angle""__coeff_82",-93.02676621536618
4,y,648,"y__fft_coefficient__attr_""angle""__coeff_83",-79.29827413819632
4,y,649,"y__fft_coefficient__attr_""angle""__coeff_84",-73.70614250989236
4,y,650,"y__fft_coefficient__attr_""angle""__coeff_85",-84.79504164185145
4,y,651,"y__fft_coefficient__attr_""angle""__coeff_86",-108.79569278096248
4,y,652,"y__fft_coefficient__attr_""angle""__coeff_87",-122.91635696525752
4,y,653,"y__fft_coefficient__attr_""angle""__coeff_88",-90.79882735995898
4,y,654,"y__fft_coefficient__attr_""angle""__coeff_89",-17.51028818407283
4,y,655,"y__fft_coefficient__attr_""angle""__coeff_90",-77.56449315146833
4,y,656,"y__fft_coefficient__attr_""angle""__coeff_91",-87.66541088026406
4,y,657,"y__fft_coefficient__attr_""angle""__coeff_92",-154.295529979504
4,y,658,"y__fft_coefficient__attr_""angle""__coeff_93",-64.49677685809566
4,y,659,"y__fft_coefficient__attr_""angle""__coeff_94",-64.72835003323813
4,y,660,"y__fft_coefficient__attr_""angle""__coeff_95",-72.50713734897086
4,y,661,"y__fft_coefficient__attr_""angle""__coeff_96",-74.7446087551759
4,y,662,"y__fft_coefficient__attr_""angle""__coeff_97",-78.65654141298141
4,y,663,"y__fft_coefficient__attr_""angle""__coeff_98",-107.32624443264733
4,y,664,"y__fft_coefficient__attr_""angle""__coeff_99",-88.96592486310884
4,y,665,"y__fft_aggregated__aggtype_""centroid""",216.7813338595474
4,y,666,"y__fft_aggregated__aggtype_""variance""",242598.1363543002
4,y,667,"y__fft_aggregated__aggtype_""skew""",2.823863369666511
4,y,668,"y__fft_aggregated__aggtype_""kurtosis""",10.559460153278257
4,y,669,y__value_count__value_0,0.0
4,y,670,y__value_count__value_1,0.0
4,y,671,y__value_count__value_-1,0.0
4,y,672,y__range_count__max_1__min_-1,573.0
4,y,673,y__range_count__max_0__min_-1000000000000.0,4326.0
4,y,674,y__range_count__max_1000000000000.0__min_0,674.0
4,y,675,y__approximate_entropy__m_2__r_0.1,0.07632896521704424
4,y,676,y__approximate_entropy__m_2__r_0.3,0.02276531495178835
4,y,677,y__approximate_entropy__m_2__r_0.5,0.010159930733361744
4,y,678,y__approximate_entropy__m_2__r_0.7,0.007102609811941107
4,y,679,y__approximate_entropy__m_2__r_0.9,0.004652213717254661
4,y,680,y__friedrich_coefficients__coeff_0__m_3__r_30,-1.1883376640492423e-05
4,y,681,y__friedrich_coefficients__coeff_1__m_3__r_30,-0.0001976811637904514
4,y,682,y__friedrich_coefficients__coeff_2__m_3__r_30,-0.00028933186444961474
4,y,683,y__friedrich_coefficients__coeff_3__m_3__r_30,-0.0023796939412573407
4,y,684,y__max_langevin_fixed_point__m_3__r_30,-0.36958506350325454
4,y,685,"y__linear_trend__attr_""pvalue""",0.0
4,y,686,"y__linear_trend__attr_""rvalue""",-0.9000263349315231
4,y,687,"y__linear_trend__attr_""intercept""",2.2439911596484388
4,y,688,"y__linear_trend__attr_""slope""",-0.004059060690536174
4,y,689,"y__linear_trend__attr_""stderr""",2.780320225130375e-05
4,y,690,"y__agg_linear_trend__attr_""rvalue""__chunk_len_5__f_agg_""max""",-0.9004206404168457
4,y,691,"y__agg_linear_trend__attr_""rvalue""__chunk_len_5__f_agg_""min""",-0.89979946150608
4,y,692,"y__agg_linear_trend__attr_""rvalue""__chunk_len_5__f_agg_""mean""",-0.9001596198102089
4,y,693,"y__agg_linear_trend__attr_""rvalue""__chunk_len_5__f_agg_""var""",-0.029221069024841763
4,y,694,"y__agg_linear_trend__attr_""rvalue""__chunk_len_10__f_agg_""max""",-0.9011478265739102
4,y,695,"y__agg_linear_trend__attr_""rvalue""__chunk_len_10__f_agg_""min""",-0.8999846821556322
4,y,696,"y__agg_linear_trend__attr_""rvalue""__chunk_len_10__f_agg_""mean""",-0.900534801391507
4,y,697,"y__agg_linear_trend__attr_""rvalue""__chunk_len_10__f_agg_""var""",-0.025216276367364794
4,y,698,"y__agg_linear_trend__attr_""rvalue""__chunk_len_50__f_agg_""max""",-0.9090224512998069
4,y,699,"y__agg_linear_trend__attr_""rvalue""__chunk_len_50__f_agg_""min""",-0.9030799418474721
4,y,700,"y__agg_linear_trend__attr_""rvalue""__chunk_len_50__f_agg_""mean""",-0.9031155348589172
4,y,701,"y__agg_linear_trend__attr_""rvalue""__chunk_len_50__f_agg_""var""",-0.16229192337922815
4,y,702,"y__agg_linear_trend__attr_""intercept""__chunk_len_5__f_agg_""max""",2.373447742343753
4,y,703,"y__agg_linear_trend__attr_""intercept""__chunk_len_5__f_agg_""min""",2.094426396221815
4,y,704,"y__agg_linear_trend__attr_""intercept""__chunk_len_5__f_agg_""mean""",2.2358759491188565
4,y,705,"y__agg_linear_trend__attr_""intercept""__chunk_len_5__f_agg_""var""",0.01358792722249136
4,y,706,"y__agg_linear_trend__attr_""intercept""__chunk_len_10__f_agg_""max""",2.5242494066447545
4,y,707,"y__agg_linear_trend__attr_""intercept""__chunk_len_10__f_agg_""min""",1.9242387091729807
4,y,708,"y__agg_linear_trend__attr_""intercept""__chunk_len_10__f_agg_""mean""",2.22573799971006
4,y,709,"y__agg_linear_trend__attr_""intercept""__chunk_len_10__f_agg_""var""",0.051346243077963614
4,y,710,"y__agg_linear_trend__attr_""intercept""__chunk_len_50__f_agg_""max""",3.065220168142643
4,y,711,"y__agg_linear_trend__attr_""intercept""__chunk_len_50__f_agg_""min""",1.1651083929707262
4,y,712,"y__agg_linear_trend__attr_""intercept""__chunk_len_50__f_agg_""mean""",2.145190087043277
4,y,713,"y__agg_linear_trend__attr_""intercept""__chunk_len_50__f_agg_""var""",0.34589821414873484
4,y,714,"y__agg_linear_trend__attr_""slope""__chunk_len_5__f_agg_""max""",-0.02030294469017959
4,y,715,"y__agg_linear_trend__attr_""slope""__chunk_len_5__f_agg_""min""",-0.020282195065457854
4,y,716,"y__agg_linear_trend__attr_""slope""__chunk_len_5__f_agg_""mean""",-0.020295309280211376
4,y,717,"y__agg_linear_trend__attr_""slope""__chunk_len_5__f_agg_""var""",-2.0501442597166727e-06
4,y,718,"y__agg_linear_trend__attr_""slope""__chunk_len_10__f_agg_""max""",-0.04062303394649333
4,y,719,"y__agg_linear_trend__attr_""slope""__chunk_len_10__f_agg_""min""",-0.040539869605821385
4,y,720,"y__agg_linear_trend__attr_""slope""__chunk_len_10__f_agg_""mean""",-0.04059065745914544
4,y,721,"y__agg_linear_trend__attr_""slope""__chunk_len_10__f_agg_""var""",-1.381382796705148e-05
4,y,722,"y__agg_linear_trend__attr_""slope""__chunk_len_50__f_agg_""max""",-0.2039566707662116
4,y,723,"y__agg_linear_trend__attr_""slope""__chunk_len_50__f_agg_""min""",-0.20177741745257646
4,y,724,"y__agg_linear_trend__attr_""slope""__chunk_len_50__f_agg_""mean""",-0.20296608330080815
4,y,725,"y__agg_linear_trend__attr_""slope""__chunk_len_50__f_agg_""var""",-0.001165843367742179
4,y,726,"y__agg_linear_trend__attr_""stderr""__chunk_len_5__f_agg_""max""",0.00031049731772980673
4,y,727,"y__agg_linear_trend__attr_""stderr""__chunk_len_5__f_agg_""min""",0.0003113098509818284
4,y,728,"y__agg_linear_trend__attr_""stderr""__chunk_len_5__f_agg_""mean""",0.00031085584058528445
4,y,729,"y__agg_linear_trend__attr_""stderr""__chunk_len_5__f_agg_""var""",2.2199211855390185e-06
4,y,730,"y__agg_linear_trend__attr_""stderr""__chunk_len_10__f_agg_""max""",0.0008757148203845386
4,y,731,"y__agg_linear_trend__attr_""stderr""__chunk_len_10__f_agg_""min""",0.0008799152971521213
4,y,732,"y__agg_linear_trend__attr_""stderr""__chunk_len_10__f_agg_""mean""",0.0008781817425210035
4,y,733,"y__agg_linear_trend__attr_""stderr""__chunk_len_10__f_agg_""var""",2.4540324254549723e-05
4,y,734,"y__agg_linear_trend__attr_""stderr""__chunk_len_50__f_agg_""max""",0.009445455368384748
4,y,735,"y__agg_linear_trend__attr_""stderr""__chunk_len_50__f_agg_""min""",0.009693233486791126
4,y,736,"y__agg_linear_trend__attr_""stderr""__chunk_len_50__f_agg_""mean""",0.009748252518714685
4,y,737,"y__agg_linear_trend__attr_""stderr""__chunk_len_50__f_agg_""var""",0.0007160349527678111
4,y,738,"y__augmented_dickey_fuller__attr_""teststat""__autolag_""AIC""",-1.3027296360984633
4,y,739,"y__augmented_dickey_fuller__attr_""pvalue""__autolag_""AIC""",0.6279225783789508
4,y,740,"y__augmented_dickey_fuller__attr_""usedlag""__autolag_""AIC""",32.0
4,y,741,y__number_crossing_m__m_0,23.0
4,y,742,y__number_crossing_m__m_-1,25.0
4,y,743,y__number_crossing_m__m_1,28.0
4,y,744,y__energy_ratio_by_chunks__num_segments_10__segment_focus_0,0.001716056146690627
4,y,745,y__energy_ratio_by_chunks__num_segments_10__segment_focus_1,0.001710748660903925
4,y,746,y__energy_ratio_by_chunks__num_segments_10__segment_focus_2,0.006325492704623334
4,y,747,y__energy_ratio_by_chunks__num_segments_10__segment_focus_3,0.03799673502151614
4,y,748,y__energy_ratio_by_chunks__num_segments_10__segment_focus_4,0.01442833581606534
4,y,749,y__energy_ratio_by_chunks__num_segments_10__segment_focus_5,0.06886678033465402
4,y,750,y__energy_ratio_by_chunks__num_segments_10__segment_focus_6,0.22667197197089045
4,y,751,y__energy_ratio_by_chunks__num_segments_10__segment_focus_7,0.24066483284054124
4,y,752,y__energy_ratio_by_chunks__num_segments_10__segment_focus_8,0.2027779007297763
4,y,753,y__energy_ratio_by_chunks__num_segments_10__segment_focus_9,0.19884114577433862
4,y,754,y__ratio_beyond_r_sigma__r_0.5,0.8104
4,y,755,y__ratio_beyond_r_sigma__r_1,0.4906
4,y,756,y__ratio_beyond_r_sigma__r_1.5,0.0292
4,y,757,y__ratio_beyond_r_sigma__r_2,0.0
4,y,758,y__ratio_beyond_r_sigma__r_2.5,0.0
4,y,759,y__ratio_beyond_r_sigma__r_3,0.0
4,y,760,y__ratio_beyond_r_sigma__r_5,0.0
4,y,761,y__ratio_beyond_r_sigma__r_6,0.0
4,y,762,y__ratio_beyond_r_sigma__r_7,0.0
4,y,763,y__ratio_beyond_r_sigma__r_10,0.0
4,y,764,y__count_above__t_0,0.1348
4,y,765,y__count_below__t_0,0.8652
4,y,766,y__lempel_ziv_complexity__bins_2,0.029
4,y,767,y__lempel_ziv_complexity__bins_3,0.0372
4,y,768,y__lempel_ziv_complexity__bins_5,0.0546
4,y,769,y__lempel_ziv_complexity__bins_10,0.081
4,y,770,y__lempel_ziv_complexity__bins_100,0.277
4,y,771,y__fourier_entropy__bins_2,0.07998252574647073
4,y,772,y__fourier_entropy__bins_3,0.12525570174922163
4,y,773,y__fourier_entropy__bins_5,0.12525570174922163
4,y,774,y__fourier_entropy__bins_10,0.12525570174922163
4,y,775,y__fourier_entropy__bins_100,0.2714505771461112
4,y,776,y__permutation_entropy__dimension_3__tau_1,1.3722668995534169
4,y,777,y__permutation_entropy__dimension_4__tau_1,1.979620297306959
4,y,778,y__permutation_entropy__dimension_5__tau_1,2.5611917546905523
4,y,779,y__permutation_entropy__dimension_6__tau_1,3.0915949193414347
4,y,780,y__permutation_entropy__dimension_7__tau_1,3.521681534550608
4,y,781,y__query_similarity_count__query_None__threshold_0.0,
4,y,782,y__mean_n_absolute_max__number_of_maxima_7,19.48877990992018
