id,mapped_to
warmup_results_0_8_linux2_i7_4790___C-default-c.json#binarytrees---0,warmup_results_0_8_linux2_i7_4790___C-default-c.json#binarytrees---14
warmup_results_0_8_linux2_i7_4790___C-default-c.json#binarytrees---1,warmup_results_0_8_linux2_i7_4790___C-default-c.json#binarytrees---25
warmup_results_0_8_linux2_i7_4790___C-default-c.json#binarytrees---10,warmup_results_0_8_linux2_i7_4790___C-default-c.json#binarytrees---8
warmup_results_0_8_linux2_i7_4790___C-default-c.json#binarytrees---11,warmup_results_0_8_linux2_i7_4790___C-default-c.json#binarytrees---4
warmup_results_0_8_linux2_i7_4790___C-default-c.json#binarytrees---12,warmup_results_0_8_linux2_i7_4790___C-default-c.json#binarytrees---19
warmup_results_0_8_linux2_i7_4790___C-default-c.json#binarytrees---13,warmup_results_0_8_linux2_i7_4790___C-default-c.json#binarytrees---16
warmup_results_0_8_linux2_i7_4790___C-default-c.json#binarytrees---14,warmup_results_0_8_linux2_i7_4790___C-default-c.json#binarytrees---6
warmup_results_0_8_linux2_i7_4790___C-default-c.json#binarytrees---15,warmup_results_0_8_linux2_i7_4790___C-default-c.json#binarytrees---12
warmup_results_0_8_linux2_i7_4790___C-default-c.json#binarytrees---16,warmup_results_0_8_linux2_i7_4790___C-default-c.json#binarytrees---21
warmup_results_0_8_linux2_i7_4790___C-default-c.json#binarytrees---17,warmup_results_0_8_linux2_i7_4790___C-default-c.json#binarytrees---28
warmup_results_0_8_linux2_i7_4790___C-default-c.json#binarytrees---18,warmup_results_0_8_linux2_i7_4790___C-default-c.json#binarytrees---19
warmup_results_0_8_linux2_i7_4790___C-default-c.json#binarytrees---19,warmup_results_0_8_linux2_i7_4790___C-default-c.json#binarytrees---0
warmup_results_0_8_linux2_i7_4790___C-default-c.json#binarytrees---2,warmup_results_0_8_linux2_i7_4790___C-default-c.json#binarytrees---25
warmup_results_0_8_linux2_i7_4790___C-default-c.json#binarytrees---20,warmup_results_0_8_linux2_i7_4790___C-default-c.json#binarytrees---29
warmup_results_0_8_linux2_i7_4790___C-default-c.json#binarytrees---21,warmup_results_0_8_linux2_i7_4790___C-default-c.json#binarytrees---27
warmup_results_0_8_linux2_i7_4790___C-default-c.json#binarytrees---22,warmup_results_0_8_linux2_i7_4790___C-default-c.json#binarytrees---17
warmup_results_0_8_linux2_i7_4790___C-default-c.json#binarytrees---23,warmup_results_0_8_linux2_i7_4790___C-default-c.json#binarytrees---7
warmup_results_0_8_linux2_i7_4790___C-default-c.json#binarytrees---24,warmup_results_0_8_linux2_i7_4790___C-default-c.json#binarytrees---9
warmup_results_0_8_linux2_i7_4790___C-default-c.json#binarytrees---25,warmup_results_0_8_linux2_i7_4790___C-default-c.json#binarytrees---8
warmup_results_0_8_linux2_i7_4790___C-default-c.json#binarytrees---26,warmup_results_0_8_linux2_i7_4790___C-default-c.json#binarytrees---10
warmup_results_0_8_linux2_i7_4790___C-default-c.json#binarytrees---27,warmup_results_0_8_linux2_i7_4790___C-default-c.json#binarytrees---10
warmup_results_0_8_linux2_i7_4790___C-default-c.json#binarytrees---28,warmup_results_0_8_linux2_i7_4790___C-default-c.json#binarytrees---22
warmup_results_0_8_linux2_i7_4790___C-default-c.json#binarytrees---29,warmup_results_0_8_linux2_i7_4790___C-default-c.json#binarytrees---9
warmup_results_0_8_linux2_i7_4790___C-default-c.json#binarytrees---3,warmup_results_0_8_linux2_i7_4790___C-default-c.json#binarytrees---7
warmup_results_0_8_linux2_i7_4790___C-default-c.json#binarytrees---4,warmup_results_0_8_linux2_i7_4790___C-default-c.json#binarytrees---28
warmup_results_0_8_linux2_i7_4790___C-default-c.json#binarytrees---5,warmup_results_0_8_linux2_i7_4790___C-default-c.json#binarytrees---23
warmup_results_0_8_linux2_i7_4790___C-default-c.json#binarytrees---6,warmup_results_0_8_linux2_i7_4790___C-default-c.json#binarytrees---4
warmup_results_0_8_linux2_i7_4790___C-default-c.json#binarytrees---7,warmup_results_0_8_linux2_i7_4790___C-default-c.json#binarytrees---27
warmup_results_0_8_linux2_i7_4790___C-default-c.json#binarytrees---8,warmup_results_0_8_linux2_i7_4790___C-default-c.json#binarytrees---18
warmup_results_0_8_linux2_i7_4790___C-default-c.json#binarytrees---9,warmup_results_0_8_linux2_i7_4790___C-default-c.json#binarytrees---16
warmup_results_0_8_linux2_i7_4790___C-default-c.json#fannkuch_redux---0,warmup_results_0_8_linux2_i7_4790___C-default-c.json#fannkuch_redux---16
warmup_results_0_8_linux2_i7_4790___C-default-c.json#fannkuch_redux---1,warmup_results_0_8_linux2_i7_4790___C-default-c.json#fannkuch_redux---22
warmup_results_0_8_linux2_i7_4790___C-default-c.json#fannkuch_redux---10,warmup_results_0_8_linux2_i7_4790___C-default-c.json#fannkuch_redux---9
warmup_results_0_8_linux2_i7_4790___C-default-c.json#fannkuch_redux---11,warmup_results_0_8_linux2_i7_4790___C-default-c.json#fannkuch_redux---10
warmup_results_0_8_linux2_i7_4790___C-default-c.json#fannkuch_redux---12,warmup_results_0_8_linux2_i7_4790___C-default-c.json#fannkuch_redux---25
warmup_results_0_8_linux2_i7_4790___C-default-c.json#fannkuch_redux---13,warmup_results_0_8_linux2_i7_4790___C-default-c.json#fannkuch_redux---19
warmup_results_0_8_linux2_i7_4790___C-default-c.json#fannkuch_redux---14,warmup_results_0_8_linux2_i7_4790___C-default-c.json#fannkuch_redux---10
warmup_results_0_8_linux2_i7_4790___C-default-c.json#fannkuch_redux---15,warmup_results_0_8_linux2_i7_4790___C-default-c.json#fannkuch_redux---16
warmup_results_0_8_linux2_i7_4790___C-default-c.json#fannkuch_redux---16,warmup_results_0_8_linux2_i7_4790___C-default-c.json#fannkuch_redux---21
warmup_results_0_8_linux2_i7_4790___C-default-c.json#fannkuch_redux---17,warmup_results_0_8_linux2_i7_4790___C-default-c.json#fannkuch_redux---23
warmup_results_0_8_linux2_i7_4790___C-default-c.json#fannkuch_redux---18,warmup_results_0_8_linux2_i7_4790___C-default-c.json#fannkuch_redux---4
warmup_results_0_8_linux2_i7_4790___C-default-c.json#fannkuch_redux---19,warmup_results_0_8_linux2_i7_4790___C-default-c.json#fannkuch_redux---20
warmup_results_0_8_linux2_i7_4790___C-default-c.json#fannkuch_redux---2,warmup_results_0_8_linux2_i7_4790___C-default-c.json#fannkuch_redux---24
warmup_results_0_8_linux2_i7_4790___C-default-c.json#fannkuch_redux---20,warmup_results_0_8_linux2_i7_4790___C-default-c.json#fannkuch_redux---12
warmup_results_0_8_linux2_i7_4790___C-default-c.json#fannkuch_redux---21,warmup_results_0_8_linux2_i7_4790___C-default-c.json#fannkuch_redux---2
warmup_results_0_8_linux2_i7_4790___C-default-c.json#fannkuch_redux---22,warmup_results_0_8_linux2_i7_4790___C-default-c.json#fannkuch_redux---20
warmup_results_0_8_linux2_i7_4790___C-default-c.json#fannkuch_redux---23,warmup_results_0_8_linux2_i7_4790___C-default-c.json#fannkuch_redux---0
warmup_results_0_8_linux2_i7_4790___C-default-c.json#fannkuch_redux---24,warmup_results_0_8_linux2_i7_4790___C-default-c.json#fannkuch_redux---16
warmup_results_0_8_linux2_i7_4790___C-default-c.json#fannkuch_redux---25,warmup_results_0_8_linux2_i7_4790___C-default-c.json#fannkuch_redux---2
warmup_results_0_8_linux2_i7_4790___C-default-c.json#fannkuch_redux---26,warmup_results_0_8_linux2_i7_4790___C-default-c.json#fannkuch_redux---16
warmup_results_0_8_linux2_i7_4790___C-default-c.json#fannkuch_redux---27,warmup_results_0_8_linux2_i7_4790___C-default-c.json#fannkuch_redux---3
warmup_results_0_8_linux2_i7_4790___C-default-c.json#fannkuch_redux---28,warmup_results_0_8_linux2_i7_4790___C-default-c.json#fannkuch_redux---27
warmup_results_0_8_linux2_i7_4790___C-default-c.json#fannkuch_redux---29,warmup_results_0_8_linux2_i7_4790___C-default-c.json#fannkuch_redux---25
warmup_results_0_8_linux2_i7_4790___C-default-c.json#fannkuch_redux---3,warmup_results_0_8_linux2_i7_4790___C-default-c.json#fannkuch_redux---4
warmup_results_0_8_linux2_i7_4790___C-default-c.json#fannkuch_redux---4,warmup_results_0_8_linux2_i7_4790___C-default-c.json#fannkuch_redux---11
warmup_results_0_8_linux2_i7_4790___C-default-c.json#fannkuch_redux---5,warmup_results_0_8_linux2_i7_4790___C-default-c.json#fannkuch_redux---22
warmup_results_0_8_linux2_i7_4790___C-default-c.json#fannkuch_redux---6,warmup_results_0_8_linux2_i7_4790___C-default-c.json#fannkuch_redux---20
warmup_results_0_8_linux2_i7_4790___C-default-c.json#fannkuch_redux---7,warmup_results_0_8_linux2_i7_4790___C-default-c.json#fannkuch_redux---22
warmup_results_0_8_linux2_i7_4790___C-default-c.json#fannkuch_redux---8,warmup_results_0_8_linux2_i7_4790___C-default-c.json#fannkuch_redux---29
warmup_results_0_8_linux2_i7_4790___C-default-c.json#fannkuch_redux---9,warmup_results_0_8_linux2_i7_4790___C-default-c.json#fannkuch_redux---24
warmup_results_0_8_linux2_i7_4790___C-default-c.json#fasta---0,warmup_results_0_8_linux2_i7_4790___C-default-c.json#fasta---11
warmup_results_0_8_linux2_i7_4790___C-default-c.json#fasta---1,warmup_results_0_8_linux2_i7_4790___C-default-c.json#fasta---5
warmup_results_0_8_linux2_i7_4790___C-default-c.json#fasta---10,warmup_results_0_8_linux2_i7_4790___C-default-c.json#fasta---13
warmup_results_0_8_linux2_i7_4790___C-default-c.json#fasta---11,warmup_results_0_8_linux2_i7_4790___C-default-c.json#fasta---21
warmup_results_0_8_linux2_i7_4790___C-default-c.json#fasta---12,warmup_results_0_8_linux2_i7_4790___C-default-c.json#fasta---27
warmup_results_0_8_linux2_i7_4790___C-default-c.json#fasta---13,warmup_results_0_8_linux2_i7_4790___C-default-c.json#fasta---29
warmup_results_0_8_linux2_i7_4790___C-default-c.json#fasta---14,warmup_results_0_8_linux2_i7_4790___C-default-c.json#fasta---15
warmup_results_0_8_linux2_i7_4790___C-default-c.json#fasta---15,warmup_results_0_8_linux2_i7_4790___C-default-c.json#fasta---2
warmup_results_0_8_linux2_i7_4790___C-default-c.json#fasta---16,warmup_results_0_8_linux2_i7_4790___C-default-c.json#fasta---21
warmup_results_0_8_linux2_i7_4790___C-default-c.json#fasta---17,warmup_results_0_8_linux2_i7_4790___C-default-c.json#fasta---28
warmup_results_0_8_linux2_i7_4790___C-default-c.json#fasta---18,warmup_results_0_8_linux2_i7_4790___C-default-c.json#fasta---24
warmup_results_0_8_linux2_i7_4790___C-default-c.json#fasta---19,warmup_results_0_8_linux2_i7_4790___C-default-c.json#fasta---4
warmup_results_0_8_linux2_i7_4790___C-default-c.json#fasta---2,warmup_results_0_8_linux2_i7_4790___C-default-c.json#fasta---9
warmup_results_0_8_linux2_i7_4790___C-default-c.json#fasta---20,warmup_results_0_8_linux2_i7_4790___C-default-c.json#fasta---23
warmup_results_0_8_linux2_i7_4790___C-default-c.json#fasta---21,warmup_results_0_8_linux2_i7_4790___C-default-c.json#fasta---13
warmup_results_0_8_linux2_i7_4790___C-default-c.json#fasta---22,warmup_results_0_8_linux2_i7_4790___C-default-c.json#fasta---8
warmup_results_0_8_linux2_i7_4790___C-default-c.json#fasta---23,warmup_results_0_8_linux2_i7_4790___C-default-c.json#fasta---29
warmup_results_0_8_linux2_i7_4790___C-default-c.json#fasta---24,warmup_results_0_8_linux2_i7_4790___C-default-c.json#fasta---1
warmup_results_0_8_linux2_i7_4790___C-default-c.json#fasta---25,warmup_results_0_8_linux2_i7_4790___C-default-c.json#fasta---14
warmup_results_0_8_linux2_i7_4790___C-default-c.json#fasta---26,warmup_results_0_8_linux2_i7_4790___C-default-c.json#fasta---7
warmup_results_0_8_linux2_i7_4790___C-default-c.json#fasta---27,warmup_results_0_8_linux2_i7_4790___C-default-c.json#fasta---0
warmup_results_0_8_linux2_i7_4790___C-default-c.json#fasta---28,warmup_results_0_8_linux2_i7_4790___C-default-c.json#fasta---16
warmup_results_0_8_linux2_i7_4790___C-default-c.json#fasta---29,warmup_results_0_8_linux2_i7_4790___C-default-c.json#fasta---16
warmup_results_0_8_linux2_i7_4790___C-default-c.json#fasta---3,warmup_results_0_8_linux2_i7_4790___C-default-c.json#fasta---22
warmup_results_0_8_linux2_i7_4790___C-default-c.json#fasta---4,warmup_results_0_8_linux2_i7_4790___C-default-c.json#fasta---29
warmup_results_0_8_linux2_i7_4790___C-default-c.json#fasta---5,warmup_results_0_8_linux2_i7_4790___C-default-c.json#fasta---9
warmup_results_0_8_linux2_i7_4790___C-default-c.json#fasta---6,warmup_results_0_8_linux2_i7_4790___C-default-c.json#fasta---24
warmup_results_0_8_linux2_i7_4790___C-default-c.json#fasta---7,warmup_results_0_8_linux2_i7_4790___C-default-c.json#fasta---0
warmup_results_0_8_linux2_i7_4790___C-default-c.json#fasta---8,warmup_results_0_8_linux2_i7_4790___C-default-c.json#fasta---7
warmup_results_0_8_linux2_i7_4790___C-default-c.json#fasta---9,warmup_results_0_8_linux2_i7_4790___C-default-c.json#fasta---20
warmup_results_0_8_linux2_i7_4790___C-default-c.json#nbody---0,warmup_results_0_8_linux2_i7_4790___C-default-c.json#nbody---9
warmup_results_0_8_linux2_i7_4790___C-default-c.json#nbody---1,warmup_results_0_8_linux2_i7_4790___C-default-c.json#nbody---26
warmup_results_0_8_linux2_i7_4790___C-default-c.json#nbody---10,warmup_results_0_8_linux2_i7_4790___C-default-c.json#nbody---24
warmup_results_0_8_linux2_i7_4790___C-default-c.json#nbody---11,warmup_results_0_8_linux2_i7_4790___C-default-c.json#nbody---23
warmup_results_0_8_linux2_i7_4790___C-default-c.json#nbody---12,warmup_results_0_8_linux2_i7_4790___C-default-c.json#nbody---5
warmup_results_0_8_linux2_i7_4790___C-default-c.json#nbody---13,warmup_results_0_8_linux2_i7_4790___C-default-c.json#nbody---4
warmup_results_0_8_linux2_i7_4790___C-default-c.json#nbody---14,warmup_results_0_8_linux2_i7_4790___C-default-c.json#nbody---10
warmup_results_0_8_linux2_i7_4790___C-default-c.json#nbody---15,warmup_results_0_8_linux2_i7_4790___C-default-c.json#nbody---27
warmup_results_0_8_linux2_i7_4790___C-default-c.json#nbody---16,warmup_results_0_8_linux2_i7_4790___C-default-c.json#nbody---5
warmup_results_0_8_linux2_i7_4790___C-default-c.json#nbody---17,warmup_results_0_8_linux2_i7_4790___C-default-c.json#nbody---15
warmup_results_0_8_linux2_i7_4790___C-default-c.json#nbody---18,warmup_results_0_8_linux2_i7_4790___C-default-c.json#nbody---1
warmup_results_0_8_linux2_i7_4790___C-default-c.json#nbody---19,warmup_results_0_8_linux2_i7_4790___C-default-c.json#nbody---18
warmup_results_0_8_linux2_i7_4790___C-default-c.json#nbody---2,warmup_results_0_8_linux2_i7_4790___C-default-c.json#nbody---9
warmup_results_0_8_linux2_i7_4790___C-default-c.json#nbody---20,warmup_results_0_8_linux2_i7_4790___C-default-c.json#nbody---24
warmup_results_0_8_linux2_i7_4790___C-default-c.json#nbody---21,warmup_results_0_8_linux2_i7_4790___C-default-c.json#nbody---8
warmup_results_0_8_linux2_i7_4790___C-default-c.json#nbody---22,warmup_results_0_8_linux2_i7_4790___C-default-c.json#nbody---13
warmup_results_0_8_linux2_i7_4790___C-default-c.json#nbody---23,warmup_results_0_8_linux2_i7_4790___C-default-c.json#nbody---19
warmup_results_0_8_linux2_i7_4790___C-default-c.json#nbody---24,warmup_results_0_8_linux2_i7_4790___C-default-c.json#nbody---2
warmup_results_0_8_linux2_i7_4790___C-default-c.json#nbody---25,warmup_results_0_8_linux2_i7_4790___C-default-c.json#nbody---22
warmup_results_0_8_linux2_i7_4790___C-default-c.json#nbody---26,warmup_results_0_8_linux2_i7_4790___C-default-c.json#nbody---5
warmup_results_0_8_linux2_i7_4790___C-default-c.json#nbody---27,warmup_results_0_8_linux2_i7_4790___C-default-c.json#nbody---7
warmup_results_0_8_linux2_i7_4790___C-default-c.json#nbody---28,warmup_results_0_8_linux2_i7_4790___C-default-c.json#nbody---4
warmup_results_0_8_linux2_i7_4790___C-default-c.json#nbody---29,warmup_results_0_8_linux2_i7_4790___C-default-c.json#nbody---24
warmup_results_0_8_linux2_i7_4790___C-default-c.json#nbody---3,warmup_results_0_8_linux2_i7_4790___C-default-c.json#nbody---15
warmup_results_0_8_linux2_i7_4790___C-default-c.json#nbody---4,warmup_results_0_8_linux2_i7_4790___C-default-c.json#nbody---15
warmup_results_0_8_linux2_i7_4790___C-default-c.json#nbody---5,warmup_results_0_8_linux2_i7_4790___C-default-c.json#nbody---11
warmup_results_0_8_linux2_i7_4790___C-default-c.json#nbody---6,warmup_results_0_8_linux2_i7_4790___C-default-c.json#nbody---11
warmup_results_0_8_linux2_i7_4790___C-default-c.json#nbody---7,warmup_results_0_8_linux2_i7_4790___C-default-c.json#nbody---22
warmup_results_0_8_linux2_i7_4790___C-default-c.json#nbody---8,warmup_results_0_8_linux2_i7_4790___C-default-c.json#nbody---25
warmup_results_0_8_linux2_i7_4790___C-default-c.json#nbody---9,warmup_results_0_8_linux2_i7_4790___C-default-c.json#nbody---6
warmup_results_0_8_linux2_i7_4790___C-default-c.json#richards---0,warmup_results_0_8_linux2_i7_4790___C-default-c.json#richards---2
warmup_results_0_8_linux2_i7_4790___C-default-c.json#richards---1,warmup_results_0_8_linux2_i7_4790___C-default-c.json#richards---4
warmup_results_0_8_linux2_i7_4790___C-default-c.json#richards---10,warmup_results_0_8_linux2_i7_4790___C-default-c.json#richards---12
warmup_results_0_8_linux2_i7_4790___C-default-c.json#richards---11,warmup_results_0_8_linux2_i7_4790___C-default-c.json#richards---19
warmup_results_0_8_linux2_i7_4790___C-default-c.json#richards---12,warmup_results_0_8_linux2_i7_4790___C-default-c.json#richards---4
warmup_results_0_8_linux2_i7_4790___C-default-c.json#richards---13,warmup_results_0_8_linux2_i7_4790___C-default-c.json#richards---24
warmup_results_0_8_linux2_i7_4790___C-default-c.json#richards---14,warmup_results_0_8_linux2_i7_4790___C-default-c.json#richards---4
warmup_results_0_8_linux2_i7_4790___C-default-c.json#richards---15,warmup_results_0_8_linux2_i7_4790___C-default-c.json#richards---28
warmup_results_0_8_linux2_i7_4790___C-default-c.json#richards---16,warmup_results_0_8_linux2_i7_4790___C-default-c.json#richards---1
warmup_results_0_8_linux2_i7_4790___C-default-c.json#richards---17,warmup_results_0_8_linux2_i7_4790___C-default-c.json#richards---27
warmup_results_0_8_linux2_i7_4790___C-default-c.json#richards---18,warmup_results_0_8_linux2_i7_4790___C-default-c.json#richards---1
warmup_results_0_8_linux2_i7_4790___C-default-c.json#richards---19,warmup_results_0_8_linux2_i7_4790___C-default-c.json#richards---15
warmup_results_0_8_linux2_i7_4790___C-default-c.json#richards---2,warmup_results_0_8_linux2_i7_4790___C-default-c.json#richards---25
warmup_results_0_8_linux2_i7_4790___C-default-c.json#richards---20,warmup_results_0_8_linux2_i7_4790___C-default-c.json#richards---17
warmup_results_0_8_linux2_i7_4790___C-default-c.json#richards---21,warmup_results_0_8_linux2_i7_4790___C-default-c.json#richards---1
warmup_results_0_8_linux2_i7_4790___C-default-c.json#richards---22,warmup_results_0_8_linux2_i7_4790___C-default-c.json#richards---15
warmup_results_0_8_linux2_i7_4790___C-default-c.json#richards---23,warmup_results_0_8_linux2_i7_4790___C-default-c.json#richards---10
warmup_results_0_8_linux2_i7_4790___C-default-c.json#richards---24,warmup_results_0_8_linux2_i7_4790___C-default-c.json#richards---29
warmup_results_0_8_linux2_i7_4790___C-default-c.json#richards---25,warmup_results_0_8_linux2_i7_4790___C-default-c.json#richards---21
warmup_results_0_8_linux2_i7_4790___C-default-c.json#richards---26,warmup_results_0_8_linux2_i7_4790___C-default-c.json#richards---7
warmup_results_0_8_linux2_i7_4790___C-default-c.json#richards---27,warmup_results_0_8_linux2_i7_4790___C-default-c.json#richards---1
warmup_results_0_8_linux2_i7_4790___C-default-c.json#richards---28,warmup_results_0_8_linux2_i7_4790___C-default-c.json#richards---19
warmup_results_0_8_linux2_i7_4790___C-default-c.json#richards---29,warmup_results_0_8_linux2_i7_4790___C-default-c.json#richards---11
warmup_results_0_8_linux2_i7_4790___C-default-c.json#richards---3,warmup_results_0_8_linux2_i7_4790___C-default-c.json#richards---8
warmup_results_0_8_linux2_i7_4790___C-default-c.json#richards---4,warmup_results_0_8_linux2_i7_4790___C-default-c.json#richards---2
warmup_results_0_8_linux2_i7_4790___C-default-c.json#richards---5,warmup_results_0_8_linux2_i7_4790___C-default-c.json#richards---22
warmup_results_0_8_linux2_i7_4790___C-default-c.json#richards---6,warmup_results_0_8_linux2_i7_4790___C-default-c.json#richards---11
warmup_results_0_8_linux2_i7_4790___C-default-c.json#richards---7,warmup_results_0_8_linux2_i7_4790___C-default-c.json#richards---12
warmup_results_0_8_linux2_i7_4790___C-default-c.json#richards---8,warmup_results_0_8_linux2_i7_4790___C-default-c.json#richards---3
warmup_results_0_8_linux2_i7_4790___C-default-c.json#richards---9,warmup_results_0_8_linux2_i7_4790___C-default-c.json#richards---19
warmup_results_0_8_linux2_i7_4790___C-default-c.json#spectralnorm---0,warmup_results_0_8_linux2_i7_4790___C-default-c.json#spectralnorm---28
warmup_results_0_8_linux2_i7_4790___C-default-c.json#spectralnorm---1,warmup_results_0_8_linux2_i7_4790___C-default-c.json#spectralnorm---12
warmup_results_0_8_linux2_i7_4790___C-default-c.json#spectralnorm---10,warmup_results_0_8_linux2_i7_4790___C-default-c.json#spectralnorm---3
warmup_results_0_8_linux2_i7_4790___C-default-c.json#spectralnorm---11,warmup_results_0_8_linux2_i7_4790___C-default-c.json#spectralnorm---12
warmup_results_0_8_linux2_i7_4790___C-default-c.json#spectralnorm---12,warmup_results_0_8_linux2_i7_4790___C-default-c.json#spectralnorm---24
warmup_results_0_8_linux2_i7_4790___C-default-c.json#spectralnorm---13,warmup_results_0_8_linux2_i7_4790___C-default-c.json#spectralnorm---27
warmup_results_0_8_linux2_i7_4790___C-default-c.json#spectralnorm---14,warmup_results_0_8_linux2_i7_4790___C-default-c.json#spectralnorm---28
warmup_results_0_8_linux2_i7_4790___C-default-c.json#spectralnorm---15,warmup_results_0_8_linux2_i7_4790___C-default-c.json#spectralnorm---20
warmup_results_0_8_linux2_i7_4790___C-default-c.json#spectralnorm---16,warmup_results_0_8_linux2_i7_4790___C-default-c.json#spectralnorm---19
warmup_results_0_8_linux2_i7_4790___C-default-c.json#spectralnorm---17,warmup_results_0_8_linux2_i7_4790___C-default-c.json#spectralnorm---19
warmup_results_0_8_linux2_i7_4790___C-default-c.json#spectralnorm---18,warmup_results_0_8_linux2_i7_4790___C-default-c.json#spectralnorm---0
warmup_results_0_8_linux2_i7_4790___C-default-c.json#spectralnorm---19,warmup_results_0_8_linux2_i7_4790___C-default-c.json#spectralnorm---17
warmup_results_0_8_linux2_i7_4790___C-default-c.json#spectralnorm---2,warmup_results_0_8_linux2_i7_4790___C-default-c.json#spectralnorm---15
warmup_results_0_8_linux2_i7_4790___C-default-c.json#spectralnorm---20,warmup_results_0_8_linux2_i7_4790___C-default-c.json#spectralnorm---23
warmup_results_0_8_linux2_i7_4790___C-default-c.json#spectralnorm---21,warmup_results_0_8_linux2_i7_4790___C-default-c.json#spectralnorm---1
warmup_results_0_8_linux2_i7_4790___C-default-c.json#spectralnorm---22,warmup_results_0_8_linux2_i7_4790___C-default-c.json#spectralnorm---14
warmup_results_0_8_linux2_i7_4790___C-default-c.json#spectralnorm---23,warmup_results_0_8_linux2_i7_4790___C-default-c.json#spectralnorm---4
warmup_results_0_8_linux2_i7_4790___C-default-c.json#spectralnorm---24,warmup_results_0_8_linux2_i7_4790___C-default-c.json#spectralnorm---5
warmup_results_0_8_linux2_i7_4790___C-default-c.json#spectralnorm---25,warmup_results_0_8_linux2_i7_4790___C-default-c.json#spectralnorm---29
warmup_results_0_8_linux2_i7_4790___C-default-c.json#spectralnorm---26,warmup_results_0_8_linux2_i7_4790___C-default-c.json#spectralnorm---29
warmup_results_0_8_linux2_i7_4790___C-default-c.json#spectralnorm---27,warmup_results_0_8_linux2_i7_4790___C-default-c.json#spectralnorm---7
warmup_results_0_8_linux2_i7_4790___C-default-c.json#spectralnorm---28,warmup_results_0_8_linux2_i7_4790___C-default-c.json#spectralnorm---2
warmup_results_0_8_linux2_i7_4790___C-default-c.json#spectralnorm---29,warmup_results_0_8_linux2_i7_4790___C-default-c.json#spectralnorm---12
warmup_results_0_8_linux2_i7_4790___C-default-c.json#spectralnorm---3,warmup_results_0_8_linux2_i7_4790___C-default-c.json#spectralnorm---5
warmup_results_0_8_linux2_i7_4790___C-default-c.json#spectralnorm---4,warmup_results_0_8_linux2_i7_4790___C-default-c.json#spectralnorm---9
warmup_results_0_8_linux2_i7_4790___C-default-c.json#spectralnorm---5,warmup_results_0_8_linux2_i7_4790___C-default-c.json#spectralnorm---23
warmup_results_0_8_linux2_i7_4790___C-default-c.json#spectralnorm---6,warmup_results_0_8_linux2_i7_4790___C-default-c.json#spectralnorm---20
warmup_results_0_8_linux2_i7_4790___C-default-c.json#spectralnorm---7,warmup_results_0_8_linux2_i7_4790___C-default-c.json#spectralnorm---29
warmup_results_0_8_linux2_i7_4790___C-default-c.json#spectralnorm---8,warmup_results_0_8_linux2_i7_4790___C-default-c.json#spectralnorm---10
warmup_results_0_8_linux2_i7_4790___C-default-c.json#spectralnorm---9,warmup_results_0_8_linux2_i7_4790___C-default-c.json#spectralnorm---8
warmup_results_0_8_linux2_i7_4790___Graal-default-java.json#binarytrees---0,warmup_results_0_8_linux2_i7_4790___Graal-default-java.json#binarytrees---29
warmup_results_0_8_linux2_i7_4790___Graal-default-java.json#binarytrees---1,warmup_results_0_8_linux2_i7_4790___Graal-default-java.json#binarytrees---10
warmup_results_0_8_linux2_i7_4790___Graal-default-java.json#binarytrees---10,warmup_results_0_8_linux2_i7_4790___Graal-default-java.json#binarytrees---29
warmup_results_0_8_linux2_i7_4790___Graal-default-java.json#binarytrees---11,warmup_results_0_8_linux2_i7_4790___Graal-default-java.json#binarytrees---10
warmup_results_0_8_linux2_i7_4790___Graal-default-java.json#binarytrees---12,warmup_results_0_8_linux2_i7_4790___Graal-default-java.json#binarytrees---5
warmup_results_0_8_linux2_i7_4790___Graal-default-java.json#binarytrees---13,warmup_results_0_8_linux2_i7_4790___Graal-default-java.json#binarytrees---1
warmup_results_0_8_linux2_i7_4790___Graal-default-java.json#binarytrees---14,warmup_results_0_8_linux2_i7_4790___Graal-default-java.json#binarytrees---6
warmup_results_0_8_linux2_i7_4790___Graal-default-java.json#binarytrees---15,warmup_results_0_8_linux2_i7_4790___Graal-default-java.json#binarytrees---18
warmup_results_0_8_linux2_i7_4790___Graal-default-java.json#binarytrees---16,warmup_results_0_8_linux2_i7_4790___Graal-default-java.json#binarytrees---2
warmup_results_0_8_linux2_i7_4790___Graal-default-java.json#binarytrees---17,warmup_results_0_8_linux2_i7_4790___Graal-default-java.json#binarytrees---25
warmup_results_0_8_linux2_i7_4790___Graal-default-java.json#binarytrees---18,warmup_results_0_8_linux2_i7_4790___Graal-default-java.json#binarytrees---14
warmup_results_0_8_linux2_i7_4790___Graal-default-java.json#binarytrees---19,warmup_results_0_8_linux2_i7_4790___Graal-default-java.json#binarytrees---24
warmup_results_0_8_linux2_i7_4790___Graal-default-java.json#binarytrees---2,warmup_results_0_8_linux2_i7_4790___Graal-default-java.json#binarytrees---29
warmup_results_0_8_linux2_i7_4790___Graal-default-java.json#binarytrees---20,warmup_results_0_8_linux2_i7_4790___Graal-default-java.json#binarytrees---22
warmup_results_0_8_linux2_i7_4790___Graal-default-java.json#binarytrees---21,warmup_results_0_8_linux2_i7_4790___Graal-default-java.json#binarytrees---22
warmup_results_0_8_linux2_i7_4790___Graal-default-java.json#binarytrees---22,warmup_results_0_8_linux2_i7_4790___Graal-default-java.json#binarytrees---14
warmup_results_0_8_linux2_i7_4790___Graal-default-java.json#binarytrees---23,warmup_results_0_8_linux2_i7_4790___Graal-default-java.json#binarytrees---19
warmup_results_0_8_linux2_i7_4790___Graal-default-java.json#binarytrees---24,warmup_results_0_8_linux2_i7_4790___Graal-default-java.json#binarytrees---11
warmup_results_0_8_linux2_i7_4790___Graal-default-java.json#binarytrees---25,warmup_results_0_8_linux2_i7_4790___Graal-default-java.json#binarytrees---7
warmup_results_0_8_linux2_i7_4790___Graal-default-java.json#binarytrees---26,warmup_results_0_8_linux2_i7_4790___Graal-default-java.json#binarytrees---9
warmup_results_0_8_linux2_i7_4790___Graal-default-java.json#binarytrees---27,warmup_results_0_8_linux2_i7_4790___Graal-default-java.json#binarytrees---8
warmup_results_0_8_linux2_i7_4790___Graal-default-java.json#binarytrees---28,warmup_results_0_8_linux2_i7_4790___Graal-default-java.json#binarytrees---15
warmup_results_0_8_linux2_i7_4790___Graal-default-java.json#binarytrees---29,warmup_results_0_8_linux2_i7_4790___Graal-default-java.json#binarytrees---11
warmup_results_0_8_linux2_i7_4790___Graal-default-java.json#binarytrees---3,warmup_results_0_8_linux2_i7_4790___Graal-default-java.json#binarytrees---16
warmup_results_0_8_linux2_i7_4790___Graal-default-java.json#binarytrees---4,warmup_results_0_8_linux2_i7_4790___Graal-default-java.json#binarytrees---19
warmup_results_0_8_linux2_i7_4790___Graal-default-java.json#binarytrees---5,warmup_results_0_8_linux2_i7_4790___Graal-default-java.json#binarytrees---24
warmup_results_0_8_linux2_i7_4790___Graal-default-java.json#binarytrees---6,warmup_results_0_8_linux2_i7_4790___Graal-default-java.json#binarytrees---23
warmup_results_0_8_linux2_i7_4790___Graal-default-java.json#binarytrees---7,warmup_results_0_8_linux2_i7_4790___Graal-default-java.json#binarytrees---9
warmup_results_0_8_linux2_i7_4790___Graal-default-java.json#binarytrees---8,warmup_results_0_8_linux2_i7_4790___Graal-default-java.json#binarytrees---2
warmup_results_0_8_linux2_i7_4790___Graal-default-java.json#binarytrees---9,warmup_results_0_8_linux2_i7_4790___Graal-default-java.json#binarytrees---29
warmup_results_0_8_linux2_i7_4790___Graal-default-java.json#fannkuch_redux---0,warmup_results_0_8_linux2_i7_4790___Graal-default-java.json#fannkuch_redux---28
warmup_results_0_8_linux2_i7_4790___Graal-default-java.json#fannkuch_redux---1,warmup_results_0_8_linux2_i7_4790___Graal-default-java.json#fannkuch_redux---19
warmup_results_0_8_linux2_i7_4790___Graal-default-java.json#fannkuch_redux---10,warmup_results_0_8_linux2_i7_4790___Graal-default-java.json#fannkuch_redux---7
warmup_results_0_8_linux2_i7_4790___Graal-default-java.json#fannkuch_redux---11,warmup_results_0_8_linux2_i7_4790___Graal-default-java.json#fannkuch_redux---26
warmup_results_0_8_linux2_i7_4790___Graal-default-java.json#fannkuch_redux---12,warmup_results_0_8_linux2_i7_4790___Graal-default-java.json#fannkuch_redux---2
warmup_results_0_8_linux2_i7_4790___Graal-default-java.json#fannkuch_redux---13,warmup_results_0_8_linux2_i7_4790___Graal-default-java.json#fannkuch_redux---16
warmup_results_0_8_linux2_i7_4790___Graal-default-java.json#fannkuch_redux---14,warmup_results_0_8_linux2_i7_4790___Graal-default-java.json#fannkuch_redux---9
warmup_results_0_8_linux2_i7_4790___Graal-default-java.json#fannkuch_redux---15,warmup_results_0_8_linux2_i7_4790___Graal-default-java.json#fannkuch_redux---4
warmup_results_0_8_linux2_i7_4790___Graal-default-java.json#fannkuch_redux---16,warmup_results_0_8_linux2_i7_4790___Graal-default-java.json#fannkuch_redux---22
warmup_results_0_8_linux2_i7_4790___Graal-default-java.json#fannkuch_redux---17,warmup_results_0_8_linux2_i7_4790___Graal-default-java.json#fannkuch_redux---13
warmup_results_0_8_linux2_i7_4790___Graal-default-java.json#fannkuch_redux---18,warmup_results_0_8_linux2_i7_4790___Graal-default-java.json#fannkuch_redux---11
warmup_results_0_8_linux2_i7_4790___Graal-default-java.json#fannkuch_redux---19,warmup_results_0_8_linux2_i7_4790___Graal-default-java.json#fannkuch_redux---13
warmup_results_0_8_linux2_i7_4790___Graal-default-java.json#fannkuch_redux---2,warmup_results_0_8_linux2_i7_4790___Graal-default-java.json#fannkuch_redux---15
warmup_results_0_8_linux2_i7_4790___Graal-default-java.json#fannkuch_redux---20,warmup_results_0_8_linux2_i7_4790___Graal-default-java.json#fannkuch_redux---24
warmup_results_0_8_linux2_i7_4790___Graal-default-java.json#fannkuch_redux---21,warmup_results_0_8_linux2_i7_4790___Graal-default-java.json#fannkuch_redux---10
warmup_results_0_8_linux2_i7_4790___Graal-default-java.json#fannkuch_redux---22,warmup_results_0_8_linux2_i7_4790___Graal-default-java.json#fannkuch_redux---28
warmup_results_0_8_linux2_i7_4790___Graal-default-java.json#fannkuch_redux---23,warmup_results_0_8_linux2_i7_4790___Graal-default-java.json#fannkuch_redux---29
warmup_results_0_8_linux2_i7_4790___Graal-default-java.json#fannkuch_redux---24,warmup_results_0_8_linux2_i7_4790___Graal-default-java.json#fannkuch_redux---6
warmup_results_0_8_linux2_i7_4790___Graal-default-java.json#fannkuch_redux---25,warmup_results_0_8_linux2_i7_4790___Graal-default-java.json#fannkuch_redux---5
warmup_results_0_8_linux2_i7_4790___Graal-default-java.json#fannkuch_redux---26,warmup_results_0_8_linux2_i7_4790___Graal-default-java.json#fannkuch_redux---11
warmup_results_0_8_linux2_i7_4790___Graal-default-java.json#fannkuch_redux---27,warmup_results_0_8_linux2_i7_4790___Graal-default-java.json#fannkuch_redux---16
warmup_results_0_8_linux2_i7_4790___Graal-default-java.json#fannkuch_redux---28,warmup_results_0_8_linux2_i7_4790___Graal-default-java.json#fannkuch_redux---12
warmup_results_0_8_linux2_i7_4790___Graal-default-java.json#fannkuch_redux---29,warmup_results_0_8_linux2_i7_4790___Graal-default-java.json#fannkuch_redux---1
warmup_results_0_8_linux2_i7_4790___Graal-default-java.json#fannkuch_redux---3,warmup_results_0_8_linux2_i7_4790___Graal-default-java.json#fannkuch_redux---0
warmup_results_0_8_linux2_i7_4790___Graal-default-java.json#fannkuch_redux---4,warmup_results_0_8_linux2_i7_4790___Graal-default-java.json#fannkuch_redux---18
warmup_results_0_8_linux2_i7_4790___Graal-default-java.json#fannkuch_redux---5,warmup_results_0_8_linux2_i7_4790___Graal-default-java.json#fannkuch_redux---22
warmup_results_0_8_linux2_i7_4790___Graal-default-java.json#fannkuch_redux---6,warmup_results_0_8_linux2_i7_4790___Graal-default-java.json#fannkuch_redux---22
warmup_results_0_8_linux2_i7_4790___Graal-default-java.json#fannkuch_redux---7,warmup_results_0_8_linux2_i7_4790___Graal-default-java.json#fannkuch_redux---21
warmup_results_0_8_linux2_i7_4790___Graal-default-java.json#fannkuch_redux---8,warmup_results_0_8_linux2_i7_4790___Graal-default-java.json#fannkuch_redux---22
warmup_results_0_8_linux2_i7_4790___Graal-default-java.json#fannkuch_redux---9,warmup_results_0_8_linux2_i7_4790___Graal-default-java.json#fannkuch_redux---11
warmup_results_0_8_linux2_i7_4790___Graal-default-java.json#fasta---0,warmup_results_0_8_linux2_i7_4790___Graal-default-java.json#fasta---29
warmup_results_0_8_linux2_i7_4790___Graal-default-java.json#fasta---1,warmup_results_0_8_linux2_i7_4790___Graal-default-java.json#fasta---12
warmup_results_0_8_linux2_i7_4790___Graal-default-java.json#fasta---10,warmup_results_0_8_linux2_i7_4790___Graal-default-java.json#fasta---29
warmup_results_0_8_linux2_i7_4790___Graal-default-java.json#fasta---11,warmup_results_0_8_linux2_i7_4790___Graal-default-java.json#fasta---8
warmup_results_0_8_linux2_i7_4790___Graal-default-java.json#fasta---12,warmup_results_0_8_linux2_i7_4790___Graal-default-java.json#fasta---26
warmup_results_0_8_linux2_i7_4790___Graal-default-java.json#fasta---13,warmup_results_0_8_linux2_i7_4790___Graal-default-java.json#fasta---27
warmup_results_0_8_linux2_i7_4790___Graal-default-java.json#fasta---14,warmup_results_0_8_linux2_i7_4790___Graal-default-java.json#fasta---5
warmup_results_0_8_linux2_i7_4790___Graal-default-java.json#fasta---15,warmup_results_0_8_linux2_i7_4790___Graal-default-java.json#fasta---12
warmup_results_0_8_linux2_i7_4790___Graal-default-java.json#fasta---16,warmup_results_0_8_linux2_i7_4790___Graal-default-java.json#fasta---21
warmup_results_0_8_linux2_i7_4790___Graal-default-java.json#fasta---17,warmup_results_0_8_linux2_i7_4790___Graal-default-java.json#fasta---8
warmup_results_0_8_linux2_i7_4790___Graal-default-java.json#fasta---18,warmup_results_0_8_linux2_i7_4790___Graal-default-java.json#fasta---11
warmup_results_0_8_linux2_i7_4790___Graal-default-java.json#fasta---19,warmup_results_0_8_linux2_i7_4790___Graal-default-java.json#fasta---4
warmup_results_0_8_linux2_i7_4790___Graal-default-java.json#fasta---2,warmup_results_0_8_linux2_i7_4790___Graal-default-java.json#fasta---25
warmup_results_0_8_linux2_i7_4790___Graal-default-java.json#fasta---20,warmup_results_0_8_linux2_i7_4790___Graal-default-java.json#fasta---13
warmup_results_0_8_linux2_i7_4790___Graal-default-java.json#fasta---21,warmup_results_0_8_linux2_i7_4790___Graal-default-java.json#fasta---4
warmup_results_0_8_linux2_i7_4790___Graal-default-java.json#fasta---22,warmup_results_0_8_linux2_i7_4790___Graal-default-java.json#fasta---21
warmup_results_0_8_linux2_i7_4790___Graal-default-java.json#fasta---23,warmup_results_0_8_linux2_i7_4790___Graal-default-java.json#fasta---8
warmup_results_0_8_linux2_i7_4790___Graal-default-java.json#fasta---24,warmup_results_0_8_linux2_i7_4790___Graal-default-java.json#fasta---2
warmup_results_0_8_linux2_i7_4790___Graal-default-java.json#fasta---25,warmup_results_0_8_linux2_i7_4790___Graal-default-java.json#fasta---24
warmup_results_0_8_linux2_i7_4790___Graal-default-java.json#fasta---26,warmup_results_0_8_linux2_i7_4790___Graal-default-java.json#fasta---9
warmup_results_0_8_linux2_i7_4790___Graal-default-java.json#fasta---27,warmup_results_0_8_linux2_i7_4790___Graal-default-java.json#fasta---20
warmup_results_0_8_linux2_i7_4790___Graal-default-java.json#fasta---28,warmup_results_0_8_linux2_i7_4790___Graal-default-java.json#fasta---15
warmup_results_0_8_linux2_i7_4790___Graal-default-java.json#fasta---29,warmup_results_0_8_linux2_i7_4790___Graal-default-java.json#fasta---10
warmup_results_0_8_linux2_i7_4790___Graal-default-java.json#fasta---3,warmup_results_0_8_linux2_i7_4790___Graal-default-java.json#fasta---12
warmup_results_0_8_linux2_i7_4790___Graal-default-java.json#fasta---4,warmup_results_0_8_linux2_i7_4790___Graal-default-java.json#fasta---11
warmup_results_0_8_linux2_i7_4790___Graal-default-java.json#fasta---5,warmup_results_0_8_linux2_i7_4790___Graal-default-java.json#fasta---1
warmup_results_0_8_linux2_i7_4790___Graal-default-java.json#fasta---6,warmup_results_0_8_linux2_i7_4790___Graal-default-java.json#fasta---12
warmup_results_0_8_linux2_i7_4790___Graal-default-java.json#fasta---7,warmup_results_0_8_linux2_i7_4790___Graal-default-java.json#fasta---13
warmup_results_0_8_linux2_i7_4790___Graal-default-java.json#fasta---8,warmup_results_0_8_linux2_i7_4790___Graal-default-java.json#fasta---2
warmup_results_0_8_linux2_i7_4790___Graal-default-java.json#fasta---9,warmup_results_0_8_linux2_i7_4790___Graal-default-java.json#fasta---2
warmup_results_0_8_linux2_i7_4790___Graal-default-java.json#nbody---0,warmup_results_0_8_linux2_i7_4790___Graal-default-java.json#nbody---29
warmup_results_0_8_linux2_i7_4790___Graal-default-java.json#nbody---1,warmup_results_0_8_linux2_i7_4790___Graal-default-java.json#nbody---14
warmup_results_0_8_linux2_i7_4790___Graal-default-java.json#nbody---10,warmup_results_0_8_linux2_i7_4790___Graal-default-java.json#nbody---24
warmup_results_0_8_linux2_i7_4790___Graal-default-java.json#nbody---11,warmup_results_0_8_linux2_i7_4790___Graal-default-java.json#nbody---12
warmup_results_0_8_linux2_i7_4790___Graal-default-java.json#nbody---12,warmup_results_0_8_linux2_i7_4790___Graal-default-java.json#nbody---29
warmup_results_0_8_linux2_i7_4790___Graal-default-java.json#nbody---13,warmup_results_0_8_linux2_i7_4790___Graal-default-java.json#nbody---23
warmup_results_0_8_linux2_i7_4790___Graal-default-java.json#nbody---14,warmup_results_0_8_linux2_i7_4790___Graal-default-java.json#nbody---12
warmup_results_0_8_linux2_i7_4790___Graal-default-java.json#nbody---15,warmup_results_0_8_linux2_i7_4790___Graal-default-java.json#nbody---21
warmup_results_0_8_linux2_i7_4790___Graal-default-java.json#nbody---16,warmup_results_0_8_linux2_i7_4790___Graal-default-java.json#nbody---4
warmup_results_0_8_linux2_i7_4790___Graal-default-java.json#nbody---17,warmup_results_0_8_linux2_i7_4790___Graal-default-java.json#nbody---5
warmup_results_0_8_linux2_i7_4790___Graal-default-java.json#nbody---18,warmup_results_0_8_linux2_i7_4790___Graal-default-java.json#nbody---22
warmup_results_0_8_linux2_i7_4790___Graal-default-java.json#nbody---19,warmup_results_0_8_linux2_i7_4790___Graal-default-java.json#nbody---8
warmup_results_0_8_linux2_i7_4790___Graal-default-java.json#nbody---2,warmup_results_0_8_linux2_i7_4790___Graal-default-java.json#nbody---4
warmup_results_0_8_linux2_i7_4790___Graal-default-java.json#nbody---20,warmup_results_0_8_linux2_i7_4790___Graal-default-java.json#nbody---17
warmup_results_0_8_linux2_i7_4790___Graal-default-java.json#nbody---21,warmup_results_0_8_linux2_i7_4790___Graal-default-java.json#nbody---15
warmup_results_0_8_linux2_i7_4790___Graal-default-java.json#nbody---22,warmup_results_0_8_linux2_i7_4790___Graal-default-java.json#nbody---27
warmup_results_0_8_linux2_i7_4790___Graal-default-java.json#nbody---23,warmup_results_0_8_linux2_i7_4790___Graal-default-java.json#nbody---0
warmup_results_0_8_linux2_i7_4790___Graal-default-java.json#nbody---24,warmup_results_0_8_linux2_i7_4790___Graal-default-java.json#nbody---15
warmup_results_0_8_linux2_i7_4790___Graal-default-java.json#nbody---25,warmup_results_0_8_linux2_i7_4790___Graal-default-java.json#nbody---2
warmup_results_0_8_linux2_i7_4790___Graal-default-java.json#nbody---26,warmup_results_0_8_linux2_i7_4790___Graal-default-java.json#nbody---22
warmup_results_0_8_linux2_i7_4790___Graal-default-java.json#nbody---27,warmup_results_0_8_linux2_i7_4790___Graal-default-java.json#nbody---18
warmup_results_0_8_linux2_i7_4790___Graal-default-java.json#nbody---28,warmup_results_0_8_linux2_i7_4790___Graal-default-java.json#nbody---10
warmup_results_0_8_linux2_i7_4790___Graal-default-java.json#nbody---29,warmup_results_0_8_linux2_i7_4790___Graal-default-java.json#nbody---18
warmup_results_0_8_linux2_i7_4790___Graal-default-java.json#nbody---3,warmup_results_0_8_linux2_i7_4790___Graal-default-java.json#nbody---10
warmup_results_0_8_linux2_i7_4790___Graal-default-java.json#nbody---4,warmup_results_0_8_linux2_i7_4790___Graal-default-java.json#nbody---17
warmup_results_0_8_linux2_i7_4790___Graal-default-java.json#nbody---5,warmup_results_0_8_linux2_i7_4790___Graal-default-java.json#nbody---3
warmup_results_0_8_linux2_i7_4790___Graal-default-java.json#nbody---6,warmup_results_0_8_linux2_i7_4790___Graal-default-java.json#nbody---5
warmup_results_0_8_linux2_i7_4790___Graal-default-java.json#nbody---7,warmup_results_0_8_linux2_i7_4790___Graal-default-java.json#nbody---18
warmup_results_0_8_linux2_i7_4790___Graal-default-java.json#nbody---8,warmup_results_0_8_linux2_i7_4790___Graal-default-java.json#nbody---21
warmup_results_0_8_linux2_i7_4790___Graal-default-java.json#nbody---9,warmup_results_0_8_linux2_i7_4790___Graal-default-java.json#nbody---10
warmup_results_0_8_linux2_i7_4790___Graal-default-java.json#richards---0,warmup_results_0_8_linux2_i7_4790___Graal-default-java.json#richards---7
warmup_results_0_8_linux2_i7_4790___Graal-default-java.json#richards---1,warmup_results_0_8_linux2_i7_4790___Graal-default-java.json#richards---9
warmup_results_0_8_linux2_i7_4790___Graal-default-java.json#richards---10,warmup_results_0_8_linux2_i7_4790___Graal-default-java.json#richards---8
warmup_results_0_8_linux2_i7_4790___Graal-default-java.json#richards---11,warmup_results_0_8_linux2_i7_4790___Graal-default-java.json#richards---17
warmup_results_0_8_linux2_i7_4790___Graal-default-java.json#richards---12,warmup_results_0_8_linux2_i7_4790___Graal-default-java.json#richards---27
warmup_results_0_8_linux2_i7_4790___Graal-default-java.json#richards---13,warmup_results_0_8_linux2_i7_4790___Graal-default-java.json#richards---24
warmup_results_0_8_linux2_i7_4790___Graal-default-java.json#richards---14,warmup_results_0_8_linux2_i7_4790___Graal-default-java.json#richards---0
warmup_results_0_8_linux2_i7_4790___Graal-default-java.json#richards---15,warmup_results_0_8_linux2_i7_4790___Graal-default-java.json#richards---6
warmup_results_0_8_linux2_i7_4790___Graal-default-java.json#richards---16,warmup_results_0_8_linux2_i7_4790___Graal-default-java.json#richards---12
warmup_results_0_8_linux2_i7_4790___Graal-default-java.json#richards---17,warmup_results_0_8_linux2_i7_4790___Graal-default-java.json#richards---10
warmup_results_0_8_linux2_i7_4790___Graal-default-java.json#richards---18,warmup_results_0_8_linux2_i7_4790___Graal-default-java.json#richards---12
warmup_results_0_8_linux2_i7_4790___Graal-default-java.json#richards---19,warmup_results_0_8_linux2_i7_4790___Graal-default-java.json#richards---27
warmup_results_0_8_linux2_i7_4790___Graal-default-java.json#richards---2,warmup_results_0_8_linux2_i7_4790___Graal-default-java.json#richards---6
warmup_results_0_8_linux2_i7_4790___Graal-default-java.json#richards---20,warmup_results_0_8_linux2_i7_4790___Graal-default-java.json#richards---1
warmup_results_0_8_linux2_i7_4790___Graal-default-java.json#richards---21,warmup_results_0_8_linux2_i7_4790___Graal-default-java.json#richards---1
warmup_results_0_8_linux2_i7_4790___Graal-default-java.json#richards---22,warmup_results_0_8_linux2_i7_4790___Graal-default-java.json#richards---19
warmup_results_0_8_linux2_i7_4790___Graal-default-java.json#richards---23,warmup_results_0_8_linux2_i7_4790___Graal-default-java.json#richards---10
warmup_results_0_8_linux2_i7_4790___Graal-default-java.json#richards---24,warmup_results_0_8_linux2_i7_4790___Graal-default-java.json#richards---21
warmup_results_0_8_linux2_i7_4790___Graal-default-java.json#richards---25,warmup_results_0_8_linux2_i7_4790___Graal-default-java.json#richards---17
warmup_results_0_8_linux2_i7_4790___Graal-default-java.json#richards---26,warmup_results_0_8_linux2_i7_4790___Graal-default-java.json#richards---24
warmup_results_0_8_linux2_i7_4790___Graal-default-java.json#richards---27,warmup_results_0_8_linux2_i7_4790___Graal-default-java.json#richards---10
warmup_results_0_8_linux2_i7_4790___Graal-default-java.json#richards---28,warmup_results_0_8_linux2_i7_4790___Graal-default-java.json#richards---21
warmup_results_0_8_linux2_i7_4790___Graal-default-java.json#richards---29,warmup_results_0_8_linux2_i7_4790___Graal-default-java.json#richards---24
warmup_results_0_8_linux2_i7_4790___Graal-default-java.json#richards---3,warmup_results_0_8_linux2_i7_4790___Graal-default-java.json#richards---7
warmup_results_0_8_linux2_i7_4790___Graal-default-java.json#richards---4,warmup_results_0_8_linux2_i7_4790___Graal-default-java.json#richards---13
warmup_results_0_8_linux2_i7_4790___Graal-default-java.json#richards---5,warmup_results_0_8_linux2_i7_4790___Graal-default-java.json#richards---11
warmup_results_0_8_linux2_i7_4790___Graal-default-java.json#richards---6,warmup_results_0_8_linux2_i7_4790___Graal-default-java.json#richards---27
warmup_results_0_8_linux2_i7_4790___Graal-default-java.json#richards---7,warmup_results_0_8_linux2_i7_4790___Graal-default-java.json#richards---5
warmup_results_0_8_linux2_i7_4790___Graal-default-java.json#richards---8,warmup_results_0_8_linux2_i7_4790___Graal-default-java.json#richards---27
warmup_results_0_8_linux2_i7_4790___Graal-default-java.json#richards---9,warmup_results_0_8_linux2_i7_4790___Graal-default-java.json#richards---0
warmup_results_0_8_linux2_i7_4790___Graal-default-java.json#spectralnorm---0,warmup_results_0_8_linux2_i7_4790___Graal-default-java.json#spectralnorm---8
warmup_results_0_8_linux2_i7_4790___Graal-default-java.json#spectralnorm---1,warmup_results_0_8_linux2_i7_4790___Graal-default-java.json#spectralnorm---8
warmup_results_0_8_linux2_i7_4790___Graal-default-java.json#spectralnorm---10,warmup_results_0_8_linux2_i7_4790___Graal-default-java.json#spectralnorm---1
warmup_results_0_8_linux2_i7_4790___Graal-default-java.json#spectralnorm---11,warmup_results_0_8_linux2_i7_4790___Graal-default-java.json#spectralnorm---13
warmup_results_0_8_linux2_i7_4790___Graal-default-java.json#spectralnorm---12,warmup_results_0_8_linux2_i7_4790___Graal-default-java.json#spectralnorm---20
warmup_results_0_8_linux2_i7_4790___Graal-default-java.json#spectralnorm---13,warmup_results_0_8_linux2_i7_4790___Graal-default-java.json#spectralnorm---7
warmup_results_0_8_linux2_i7_4790___Graal-default-java.json#spectralnorm---14,warmup_results_0_8_linux2_i7_4790___Graal-default-java.json#spectralnorm---6
warmup_results_0_8_linux2_i7_4790___Graal-default-java.json#spectralnorm---15,warmup_results_0_8_linux2_i7_4790___Graal-default-java.json#spectralnorm---7
warmup_results_0_8_linux2_i7_4790___Graal-default-java.json#spectralnorm---16,warmup_results_0_8_linux2_i7_4790___Graal-default-java.json#spectralnorm---8
warmup_results_0_8_linux2_i7_4790___Graal-default-java.json#spectralnorm---17,warmup_results_0_8_linux2_i7_4790___Graal-default-java.json#spectralnorm---25
warmup_results_0_8_linux2_i7_4790___Graal-default-java.json#spectralnorm---18,warmup_results_0_8_linux2_i7_4790___Graal-default-java.json#spectralnorm---24
warmup_results_0_8_linux2_i7_4790___Graal-default-java.json#spectralnorm---19,warmup_results_0_8_linux2_i7_4790___Graal-default-java.json#spectralnorm---9
warmup_results_0_8_linux2_i7_4790___Graal-default-java.json#spectralnorm---2,warmup_results_0_8_linux2_i7_4790___Graal-default-java.json#spectralnorm---18
warmup_results_0_8_linux2_i7_4790___Graal-default-java.json#spectralnorm---20,warmup_results_0_8_linux2_i7_4790___Graal-default-java.json#spectralnorm---29
warmup_results_0_8_linux2_i7_4790___Graal-default-java.json#spectralnorm---21,warmup_results_0_8_linux2_i7_4790___Graal-default-java.json#spectralnorm---17
warmup_results_0_8_linux2_i7_4790___Graal-default-java.json#spectralnorm---22,warmup_results_0_8_linux2_i7_4790___Graal-default-java.json#spectralnorm---18
warmup_results_0_8_linux2_i7_4790___Graal-default-java.json#spectralnorm---23,warmup_results_0_8_linux2_i7_4790___Graal-default-java.json#spectralnorm---18
warmup_results_0_8_linux2_i7_4790___Graal-default-java.json#spectralnorm---24,warmup_results_0_8_linux2_i7_4790___Graal-default-java.json#spectralnorm---20
warmup_results_0_8_linux2_i7_4790___Graal-default-java.json#spectralnorm---25,warmup_results_0_8_linux2_i7_4790___Graal-default-java.json#spectralnorm---4
warmup_results_0_8_linux2_i7_4790___Graal-default-java.json#spectralnorm---26,warmup_results_0_8_linux2_i7_4790___Graal-default-java.json#spectralnorm---3
warmup_results_0_8_linux2_i7_4790___Graal-default-java.json#spectralnorm---27,warmup_results_0_8_linux2_i7_4790___Graal-default-java.json#spectralnorm---1
warmup_results_0_8_linux2_i7_4790___Graal-default-java.json#spectralnorm---28,warmup_results_0_8_linux2_i7_4790___Graal-default-java.json#spectralnorm---2
warmup_results_0_8_linux2_i7_4790___Graal-default-java.json#spectralnorm---29,warmup_results_0_8_linux2_i7_4790___Graal-default-java.json#spectralnorm---28
warmup_results_0_8_linux2_i7_4790___Graal-default-java.json#spectralnorm---3,warmup_results_0_8_linux2_i7_4790___Graal-default-java.json#spectralnorm---23
warmup_results_0_8_linux2_i7_4790___Graal-default-java.json#spectralnorm---4,warmup_results_0_8_linux2_i7_4790___Graal-default-java.json#spectralnorm---28
warmup_results_0_8_linux2_i7_4790___Graal-default-java.json#spectralnorm---5,warmup_results_0_8_linux2_i7_4790___Graal-default-java.json#spectralnorm---2
warmup_results_0_8_linux2_i7_4790___Graal-default-java.json#spectralnorm---6,warmup_results_0_8_linux2_i7_4790___Graal-default-java.json#spectralnorm---19
warmup_results_0_8_linux2_i7_4790___Graal-default-java.json#spectralnorm---7,warmup_results_0_8_linux2_i7_4790___Graal-default-java.json#spectralnorm---25
warmup_results_0_8_linux2_i7_4790___Graal-default-java.json#spectralnorm---8,warmup_results_0_8_linux2_i7_4790___Graal-default-java.json#spectralnorm---3
warmup_results_0_8_linux2_i7_4790___Graal-default-java.json#spectralnorm---9,warmup_results_0_8_linux2_i7_4790___Graal-default-java.json#spectralnorm---22
warmup_results_0_8_linux2_i7_4790___HHVM-default-php.json#binarytrees---0,warmup_results_0_8_linux2_i7_4790___HHVM-default-php.json#binarytrees---5
warmup_results_0_8_linux2_i7_4790___HHVM-default-php.json#binarytrees---1,warmup_results_0_8_linux2_i7_4790___HHVM-default-php.json#binarytrees---16
warmup_results_0_8_linux2_i7_4790___HHVM-default-php.json#binarytrees---10,warmup_results_0_8_linux2_i7_4790___HHVM-default-php.json#binarytrees---13
warmup_results_0_8_linux2_i7_4790___HHVM-default-php.json#binarytrees---11,warmup_results_0_8_linux2_i7_4790___HHVM-default-php.json#binarytrees---0
warmup_results_0_8_linux2_i7_4790___HHVM-default-php.json#binarytrees---12,warmup_results_0_8_linux2_i7_4790___HHVM-default-php.json#binarytrees---22
warmup_results_0_8_linux2_i7_4790___HHVM-default-php.json#binarytrees---13,warmup_results_0_8_linux2_i7_4790___HHVM-default-php.json#binarytrees---9
warmup_results_0_8_linux2_i7_4790___HHVM-default-php.json#binarytrees---14,warmup_results_0_8_linux2_i7_4790___HHVM-default-php.json#binarytrees---9
warmup_results_0_8_linux2_i7_4790___HHVM-default-php.json#binarytrees---15,warmup_results_0_8_linux2_i7_4790___HHVM-default-php.json#binarytrees---27
warmup_results_0_8_linux2_i7_4790___HHVM-default-php.json#binarytrees---16,warmup_results_0_8_linux2_i7_4790___HHVM-default-php.json#binarytrees---29
warmup_results_0_8_linux2_i7_4790___HHVM-default-php.json#binarytrees---17,warmup_results_0_8_linux2_i7_4790___HHVM-default-php.json#binarytrees---3
warmup_results_0_8_linux2_i7_4790___HHVM-default-php.json#binarytrees---18,warmup_results_0_8_linux2_i7_4790___HHVM-default-php.json#binarytrees---12
warmup_results_0_8_linux2_i7_4790___HHVM-default-php.json#binarytrees---19,warmup_results_0_8_linux2_i7_4790___HHVM-default-php.json#binarytrees---7
warmup_results_0_8_linux2_i7_4790___HHVM-default-php.json#binarytrees---2,warmup_results_0_8_linux2_i7_4790___HHVM-default-php.json#binarytrees---26
warmup_results_0_8_linux2_i7_4790___HHVM-default-php.json#binarytrees---20,warmup_results_0_8_linux2_i7_4790___HHVM-default-php.json#binarytrees---13
warmup_results_0_8_linux2_i7_4790___HHVM-default-php.json#binarytrees---21,warmup_results_0_8_linux2_i7_4790___HHVM-default-php.json#binarytrees---3
warmup_results_0_8_linux2_i7_4790___HHVM-default-php.json#binarytrees---22,warmup_results_0_8_linux2_i7_4790___HHVM-default-php.json#binarytrees---1
warmup_results_0_8_linux2_i7_4790___HHVM-default-php.json#binarytrees---23,warmup_results_0_8_linux2_i7_4790___HHVM-default-php.json#binarytrees---4
warmup_results_0_8_linux2_i7_4790___HHVM-default-php.json#binarytrees---24,warmup_results_0_8_linux2_i7_4790___HHVM-default-php.json#binarytrees---20
warmup_results_0_8_linux2_i7_4790___HHVM-default-php.json#binarytrees---25,warmup_results_0_8_linux2_i7_4790___HHVM-default-php.json#binarytrees---6
warmup_results_0_8_linux2_i7_4790___HHVM-default-php.json#binarytrees---26,warmup_results_0_8_linux2_i7_4790___HHVM-default-php.json#binarytrees---8
warmup_results_0_8_linux2_i7_4790___HHVM-default-php.json#binarytrees---27,warmup_results_0_8_linux2_i7_4790___HHVM-default-php.json#binarytrees---16
warmup_results_0_8_linux2_i7_4790___HHVM-default-php.json#binarytrees---28,warmup_results_0_8_linux2_i7_4790___HHVM-default-php.json#binarytrees---21
warmup_results_0_8_linux2_i7_4790___HHVM-default-php.json#binarytrees---29,warmup_results_0_8_linux2_i7_4790___HHVM-default-php.json#binarytrees---23
warmup_results_0_8_linux2_i7_4790___HHVM-default-php.json#binarytrees---3,warmup_results_0_8_linux2_i7_4790___HHVM-default-php.json#binarytrees---9
warmup_results_0_8_linux2_i7_4790___HHVM-default-php.json#binarytrees---4,warmup_results_0_8_linux2_i7_4790___HHVM-default-php.json#binarytrees---17
warmup_results_0_8_linux2_i7_4790___HHVM-default-php.json#binarytrees---5,warmup_results_0_8_linux2_i7_4790___HHVM-default-php.json#binarytrees---26
warmup_results_0_8_linux2_i7_4790___HHVM-default-php.json#binarytrees---6,warmup_results_0_8_linux2_i7_4790___HHVM-default-php.json#binarytrees---0
warmup_results_0_8_linux2_i7_4790___HHVM-default-php.json#binarytrees---7,warmup_results_0_8_linux2_i7_4790___HHVM-default-php.json#binarytrees---18
warmup_results_0_8_linux2_i7_4790___HHVM-default-php.json#binarytrees---8,warmup_results_0_8_linux2_i7_4790___HHVM-default-php.json#binarytrees---21
warmup_results_0_8_linux2_i7_4790___HHVM-default-php.json#binarytrees---9,warmup_results_0_8_linux2_i7_4790___HHVM-default-php.json#binarytrees---7
warmup_results_0_8_linux2_i7_4790___HHVM-default-php.json#fannkuch_redux---0,warmup_results_0_8_linux2_i7_4790___HHVM-default-php.json#fannkuch_redux---10
warmup_results_0_8_linux2_i7_4790___HHVM-default-php.json#fannkuch_redux---1,warmup_results_0_8_linux2_i7_4790___HHVM-default-php.json#fannkuch_redux---14
warmup_results_0_8_linux2_i7_4790___HHVM-default-php.json#fannkuch_redux---10,warmup_results_0_8_linux2_i7_4790___HHVM-default-php.json#fannkuch_redux---2
warmup_results_0_8_linux2_i7_4790___HHVM-default-php.json#fannkuch_redux---11,warmup_results_0_8_linux2_i7_4790___HHVM-default-php.json#fannkuch_redux---13
warmup_results_0_8_linux2_i7_4790___HHVM-default-php.json#fannkuch_redux---12,warmup_results_0_8_linux2_i7_4790___HHVM-default-php.json#fannkuch_redux---6
warmup_results_0_8_linux2_i7_4790___HHVM-default-php.json#fannkuch_redux---13,warmup_results_0_8_linux2_i7_4790___HHVM-default-php.json#fannkuch_redux---5
warmup_results_0_8_linux2_i7_4790___HHVM-default-php.json#fannkuch_redux---14,warmup_results_0_8_linux2_i7_4790___HHVM-default-php.json#fannkuch_redux---11
warmup_results_0_8_linux2_i7_4790___HHVM-default-php.json#fannkuch_redux---15,warmup_results_0_8_linux2_i7_4790___HHVM-default-php.json#fannkuch_redux---9
warmup_results_0_8_linux2_i7_4790___HHVM-default-php.json#fannkuch_redux---16,warmup_results_0_8_linux2_i7_4790___HHVM-default-php.json#fannkuch_redux---24
warmup_results_0_8_linux2_i7_4790___HHVM-default-php.json#fannkuch_redux---17,warmup_results_0_8_linux2_i7_4790___HHVM-default-php.json#fannkuch_redux---26
warmup_results_0_8_linux2_i7_4790___HHVM-default-php.json#fannkuch_redux---18,warmup_results_0_8_linux2_i7_4790___HHVM-default-php.json#fannkuch_redux---26
warmup_results_0_8_linux2_i7_4790___HHVM-default-php.json#fannkuch_redux---19,warmup_results_0_8_linux2_i7_4790___HHVM-default-php.json#fannkuch_redux---22
warmup_results_0_8_linux2_i7_4790___HHVM-default-php.json#fannkuch_redux---2,warmup_results_0_8_linux2_i7_4790___HHVM-default-php.json#fannkuch_redux---23
warmup_results_0_8_linux2_i7_4790___HHVM-default-php.json#fannkuch_redux---20,warmup_results_0_8_linux2_i7_4790___HHVM-default-php.json#fannkuch_redux---25
warmup_results_0_8_linux2_i7_4790___HHVM-default-php.json#fannkuch_redux---21,warmup_results_0_8_linux2_i7_4790___HHVM-default-php.json#fannkuch_redux---1
warmup_results_0_8_linux2_i7_4790___HHVM-default-php.json#fannkuch_redux---22,warmup_results_0_8_linux2_i7_4790___HHVM-default-php.json#fannkuch_redux---17
warmup_results_0_8_linux2_i7_4790___HHVM-default-php.json#fannkuch_redux---23,warmup_results_0_8_linux2_i7_4790___HHVM-default-php.json#fannkuch_redux---7
warmup_results_0_8_linux2_i7_4790___HHVM-default-php.json#fannkuch_redux---24,warmup_results_0_8_linux2_i7_4790___HHVM-default-php.json#fannkuch_redux---13
warmup_results_0_8_linux2_i7_4790___HHVM-default-php.json#fannkuch_redux---25,warmup_results_0_8_linux2_i7_4790___HHVM-default-php.json#fannkuch_redux---21
warmup_results_0_8_linux2_i7_4790___HHVM-default-php.json#fannkuch_redux---26,warmup_results_0_8_linux2_i7_4790___HHVM-default-php.json#fannkuch_redux---28
warmup_results_0_8_linux2_i7_4790___HHVM-default-php.json#fannkuch_redux---27,warmup_results_0_8_linux2_i7_4790___HHVM-default-php.json#fannkuch_redux---22
warmup_results_0_8_linux2_i7_4790___HHVM-default-php.json#fannkuch_redux---28,warmup_results_0_8_linux2_i7_4790___HHVM-default-php.json#fannkuch_redux---7
warmup_results_0_8_linux2_i7_4790___HHVM-default-php.json#fannkuch_redux---29,warmup_results_0_8_linux2_i7_4790___HHVM-default-php.json#fannkuch_redux---15
warmup_results_0_8_linux2_i7_4790___HHVM-default-php.json#fannkuch_redux---3,warmup_results_0_8_linux2_i7_4790___HHVM-default-php.json#fannkuch_redux---8
warmup_results_0_8_linux2_i7_4790___HHVM-default-php.json#fannkuch_redux---4,warmup_results_0_8_linux2_i7_4790___HHVM-default-php.json#fannkuch_redux---9
warmup_results_0_8_linux2_i7_4790___HHVM-default-php.json#fannkuch_redux---5,warmup_results_0_8_linux2_i7_4790___HHVM-default-php.json#fannkuch_redux---4
warmup_results_0_8_linux2_i7_4790___HHVM-default-php.json#fannkuch_redux---6,warmup_results_0_8_linux2_i7_4790___HHVM-default-php.json#fannkuch_redux---2
warmup_results_0_8_linux2_i7_4790___HHVM-default-php.json#fannkuch_redux---7,warmup_results_0_8_linux2_i7_4790___HHVM-default-php.json#fannkuch_redux---14
warmup_results_0_8_linux2_i7_4790___HHVM-default-php.json#fannkuch_redux---8,warmup_results_0_8_linux2_i7_4790___HHVM-default-php.json#fannkuch_redux---6
warmup_results_0_8_linux2_i7_4790___HHVM-default-php.json#fannkuch_redux---9,warmup_results_0_8_linux2_i7_4790___HHVM-default-php.json#fannkuch_redux---27
warmup_results_0_8_linux2_i7_4790___HHVM-default-php.json#fasta---0,warmup_results_0_8_linux2_i7_4790___HHVM-default-php.json#fasta---28
warmup_results_0_8_linux2_i7_4790___HHVM-default-php.json#fasta---1,warmup_results_0_8_linux2_i7_4790___HHVM-default-php.json#fasta---10
warmup_results_0_8_linux2_i7_4790___HHVM-default-php.json#fasta---10,warmup_results_0_8_linux2_i7_4790___HHVM-default-php.json#fasta---13
warmup_results_0_8_linux2_i7_4790___HHVM-default-php.json#fasta---11,warmup_results_0_8_linux2_i7_4790___HHVM-default-php.json#fasta---16
warmup_results_0_8_linux2_i7_4790___HHVM-default-php.json#fasta---12,warmup_results_0_8_linux2_i7_4790___HHVM-default-php.json#fasta---15
warmup_results_0_8_linux2_i7_4790___HHVM-default-php.json#fasta---13,warmup_results_0_8_linux2_i7_4790___HHVM-default-php.json#fasta---28
warmup_results_0_8_linux2_i7_4790___HHVM-default-php.json#fasta---14,warmup_results_0_8_linux2_i7_4790___HHVM-default-php.json#fasta---15
warmup_results_0_8_linux2_i7_4790___HHVM-default-php.json#fasta---15,warmup_results_0_8_linux2_i7_4790___HHVM-default-php.json#fasta---23
warmup_results_0_8_linux2_i7_4790___HHVM-default-php.json#fasta---16,warmup_results_0_8_linux2_i7_4790___HHVM-default-php.json#fasta---17
warmup_results_0_8_linux2_i7_4790___HHVM-default-php.json#fasta---17,warmup_results_0_8_linux2_i7_4790___HHVM-default-php.json#fasta---10
warmup_results_0_8_linux2_i7_4790___HHVM-default-php.json#fasta---18,warmup_results_0_8_linux2_i7_4790___HHVM-default-php.json#fasta---29
warmup_results_0_8_linux2_i7_4790___HHVM-default-php.json#fasta---19,warmup_results_0_8_linux2_i7_4790___HHVM-default-php.json#fasta---27
warmup_results_0_8_linux2_i7_4790___HHVM-default-php.json#fasta---2,warmup_results_0_8_linux2_i7_4790___HHVM-default-php.json#fasta---28
warmup_results_0_8_linux2_i7_4790___HHVM-default-php.json#fasta---20,warmup_results_0_8_linux2_i7_4790___HHVM-default-php.json#fasta---28
warmup_results_0_8_linux2_i7_4790___HHVM-default-php.json#fasta---21,warmup_results_0_8_linux2_i7_4790___HHVM-default-php.json#fasta---13
warmup_results_0_8_linux2_i7_4790___HHVM-default-php.json#fasta---22,warmup_results_0_8_linux2_i7_4790___HHVM-default-php.json#fasta---12
warmup_results_0_8_linux2_i7_4790___HHVM-default-php.json#fasta---23,warmup_results_0_8_linux2_i7_4790___HHVM-default-php.json#fasta---4
warmup_results_0_8_linux2_i7_4790___HHVM-default-php.json#fasta---24,warmup_results_0_8_linux2_i7_4790___HHVM-default-php.json#fasta---11
warmup_results_0_8_linux2_i7_4790___HHVM-default-php.json#fasta---25,warmup_results_0_8_linux2_i7_4790___HHVM-default-php.json#fasta---4
warmup_results_0_8_linux2_i7_4790___HHVM-default-php.json#fasta---26,warmup_results_0_8_linux2_i7_4790___HHVM-default-php.json#fasta---19
warmup_results_0_8_linux2_i7_4790___HHVM-default-php.json#fasta---27,warmup_results_0_8_linux2_i7_4790___HHVM-default-php.json#fasta---1
warmup_results_0_8_linux2_i7_4790___HHVM-default-php.json#fasta---28,warmup_results_0_8_linux2_i7_4790___HHVM-default-php.json#fasta---18
warmup_results_0_8_linux2_i7_4790___HHVM-default-php.json#fasta---29,warmup_results_0_8_linux2_i7_4790___HHVM-default-php.json#fasta---15
warmup_results_0_8_linux2_i7_4790___HHVM-default-php.json#fasta---3,warmup_results_0_8_linux2_i7_4790___HHVM-default-php.json#fasta---27
warmup_results_0_8_linux2_i7_4790___HHVM-default-php.json#fasta---4,warmup_results_0_8_linux2_i7_4790___HHVM-default-php.json#fasta---20
warmup_results_0_8_linux2_i7_4790___HHVM-default-php.json#fasta---5,warmup_results_0_8_linux2_i7_4790___HHVM-default-php.json#fasta---1
warmup_results_0_8_linux2_i7_4790___HHVM-default-php.json#fasta---6,warmup_results_0_8_linux2_i7_4790___HHVM-default-php.json#fasta---22
warmup_results_0_8_linux2_i7_4790___HHVM-default-php.json#fasta---7,warmup_results_0_8_linux2_i7_4790___HHVM-default-php.json#fasta---0
warmup_results_0_8_linux2_i7_4790___HHVM-default-php.json#fasta---8,warmup_results_0_8_linux2_i7_4790___HHVM-default-php.json#fasta---27
warmup_results_0_8_linux2_i7_4790___HHVM-default-php.json#fasta---9,warmup_results_0_8_linux2_i7_4790___HHVM-default-php.json#fasta---3
warmup_results_0_8_linux2_i7_4790___HHVM-default-php.json#nbody---0,warmup_results_0_8_linux2_i7_4790___HHVM-default-php.json#nbody---4
warmup_results_0_8_linux2_i7_4790___HHVM-default-php.json#nbody---1,warmup_results_0_8_linux2_i7_4790___HHVM-default-php.json#nbody---17
warmup_results_0_8_linux2_i7_4790___HHVM-default-php.json#nbody---10,warmup_results_0_8_linux2_i7_4790___HHVM-default-php.json#nbody---4
warmup_results_0_8_linux2_i7_4790___HHVM-default-php.json#nbody---11,warmup_results_0_8_linux2_i7_4790___HHVM-default-php.json#nbody---10
warmup_results_0_8_linux2_i7_4790___HHVM-default-php.json#nbody---12,warmup_results_0_8_linux2_i7_4790___HHVM-default-php.json#nbody---5
warmup_results_0_8_linux2_i7_4790___HHVM-default-php.json#nbody---13,warmup_results_0_8_linux2_i7_4790___HHVM-default-php.json#nbody---8
warmup_results_0_8_linux2_i7_4790___HHVM-default-php.json#nbody---14,warmup_results_0_8_linux2_i7_4790___HHVM-default-php.json#nbody---10
warmup_results_0_8_linux2_i7_4790___HHVM-default-php.json#nbody---15,warmup_results_0_8_linux2_i7_4790___HHVM-default-php.json#nbody---13
warmup_results_0_8_linux2_i7_4790___HHVM-default-php.json#nbody---16,warmup_results_0_8_linux2_i7_4790___HHVM-default-php.json#nbody---4
warmup_results_0_8_linux2_i7_4790___HHVM-default-php.json#nbody---17,warmup_results_0_8_linux2_i7_4790___HHVM-default-php.json#nbody---4
warmup_results_0_8_linux2_i7_4790___HHVM-default-php.json#nbody---18,warmup_results_0_8_linux2_i7_4790___HHVM-default-php.json#nbody---16
warmup_results_0_8_linux2_i7_4790___HHVM-default-php.json#nbody---19,warmup_results_0_8_linux2_i7_4790___HHVM-default-php.json#nbody---22
warmup_results_0_8_linux2_i7_4790___HHVM-default-php.json#nbody---2,warmup_results_0_8_linux2_i7_4790___HHVM-default-php.json#nbody---19
warmup_results_0_8_linux2_i7_4790___HHVM-default-php.json#nbody---20,warmup_results_0_8_linux2_i7_4790___HHVM-default-php.json#nbody---28
warmup_results_0_8_linux2_i7_4790___HHVM-default-php.json#nbody---21,warmup_results_0_8_linux2_i7_4790___HHVM-default-php.json#nbody---17
warmup_results_0_8_linux2_i7_4790___HHVM-default-php.json#nbody---22,warmup_results_0_8_linux2_i7_4790___HHVM-default-php.json#nbody---20
warmup_results_0_8_linux2_i7_4790___HHVM-default-php.json#nbody---23,warmup_results_0_8_linux2_i7_4790___HHVM-default-php.json#nbody---5
warmup_results_0_8_linux2_i7_4790___HHVM-default-php.json#nbody---24,warmup_results_0_8_linux2_i7_4790___HHVM-default-php.json#nbody---27
warmup_results_0_8_linux2_i7_4790___HHVM-default-php.json#nbody---25,warmup_results_0_8_linux2_i7_4790___HHVM-default-php.json#nbody---16
warmup_results_0_8_linux2_i7_4790___HHVM-default-php.json#nbody---26,warmup_results_0_8_linux2_i7_4790___HHVM-default-php.json#nbody---7
warmup_results_0_8_linux2_i7_4790___HHVM-default-php.json#nbody---27,warmup_results_0_8_linux2_i7_4790___HHVM-default-php.json#nbody---17
warmup_results_0_8_linux2_i7_4790___HHVM-default-php.json#nbody---28,warmup_results_0_8_linux2_i7_4790___HHVM-default-php.json#nbody---22
warmup_results_0_8_linux2_i7_4790___HHVM-default-php.json#nbody---29,warmup_results_0_8_linux2_i7_4790___HHVM-default-php.json#nbody---0
warmup_results_0_8_linux2_i7_4790___HHVM-default-php.json#nbody---3,warmup_results_0_8_linux2_i7_4790___HHVM-default-php.json#nbody---4
warmup_results_0_8_linux2_i7_4790___HHVM-default-php.json#nbody---4,warmup_results_0_8_linux2_i7_4790___HHVM-default-php.json#nbody---18
warmup_results_0_8_linux2_i7_4790___HHVM-default-php.json#nbody---5,warmup_results_0_8_linux2_i7_4790___HHVM-default-php.json#nbody---8
warmup_results_0_8_linux2_i7_4790___HHVM-default-php.json#nbody---6,warmup_results_0_8_linux2_i7_4790___HHVM-default-php.json#nbody---11
warmup_results_0_8_linux2_i7_4790___HHVM-default-php.json#nbody---7,warmup_results_0_8_linux2_i7_4790___HHVM-default-php.json#nbody---14
warmup_results_0_8_linux2_i7_4790___HHVM-default-php.json#nbody---8,warmup_results_0_8_linux2_i7_4790___HHVM-default-php.json#nbody---18
warmup_results_0_8_linux2_i7_4790___HHVM-default-php.json#nbody---9,warmup_results_0_8_linux2_i7_4790___HHVM-default-php.json#nbody---25
warmup_results_0_8_linux2_i7_4790___HHVM-default-php.json#spectralnorm---0,warmup_results_0_8_linux2_i7_4790___HHVM-default-php.json#spectralnorm---11
warmup_results_0_8_linux2_i7_4790___HHVM-default-php.json#spectralnorm---1,warmup_results_0_8_linux2_i7_4790___HHVM-default-php.json#spectralnorm---29
warmup_results_0_8_linux2_i7_4790___HHVM-default-php.json#spectralnorm---10,warmup_results_0_8_linux2_i7_4790___HHVM-default-php.json#spectralnorm---3
warmup_results_0_8_linux2_i7_4790___HHVM-default-php.json#spectralnorm---11,warmup_results_0_8_linux2_i7_4790___HHVM-default-php.json#spectralnorm---1
warmup_results_0_8_linux2_i7_4790___HHVM-default-php.json#spectralnorm---12,warmup_results_0_8_linux2_i7_4790___HHVM-default-php.json#spectralnorm---14
warmup_results_0_8_linux2_i7_4790___HHVM-default-php.json#spectralnorm---13,warmup_results_0_8_linux2_i7_4790___HHVM-default-php.json#spectralnorm---1
warmup_results_0_8_linux2_i7_4790___HHVM-default-php.json#spectralnorm---14,warmup_results_0_8_linux2_i7_4790___HHVM-default-php.json#spectralnorm---10
warmup_results_0_8_linux2_i7_4790___HHVM-default-php.json#spectralnorm---15,warmup_results_0_8_linux2_i7_4790___HHVM-default-php.json#spectralnorm---17
warmup_results_0_8_linux2_i7_4790___HHVM-default-php.json#spectralnorm---16,warmup_results_0_8_linux2_i7_4790___HHVM-default-php.json#spectralnorm---3
warmup_results_0_8_linux2_i7_4790___HHVM-default-php.json#spectralnorm---17,warmup_results_0_8_linux2_i7_4790___HHVM-default-php.json#spectralnorm---4
warmup_results_0_8_linux2_i7_4790___HHVM-default-php.json#spectralnorm---18,warmup_results_0_8_linux2_i7_4790___HHVM-default-php.json#spectralnorm---11
warmup_results_0_8_linux2_i7_4790___HHVM-default-php.json#spectralnorm---19,warmup_results_0_8_linux2_i7_4790___HHVM-default-php.json#spectralnorm---8
warmup_results_0_8_linux2_i7_4790___HHVM-default-php.json#spectralnorm---2,warmup_results_0_8_linux2_i7_4790___HHVM-default-php.json#spectralnorm---17
warmup_results_0_8_linux2_i7_4790___HHVM-default-php.json#spectralnorm---20,warmup_results_0_8_linux2_i7_4790___HHVM-default-php.json#spectralnorm---9
warmup_results_0_8_linux2_i7_4790___HHVM-default-php.json#spectralnorm---21,warmup_results_0_8_linux2_i7_4790___HHVM-default-php.json#spectralnorm---7
warmup_results_0_8_linux2_i7_4790___HHVM-default-php.json#spectralnorm---22,warmup_results_0_8_linux2_i7_4790___HHVM-default-php.json#spectralnorm---8
warmup_results_0_8_linux2_i7_4790___HHVM-default-php.json#spectralnorm---23,warmup_results_0_8_linux2_i7_4790___HHVM-default-php.json#spectralnorm---1
warmup_results_0_8_linux2_i7_4790___HHVM-default-php.json#spectralnorm---24,warmup_results_0_8_linux2_i7_4790___HHVM-default-php.json#spectralnorm---25
warmup_results_0_8_linux2_i7_4790___HHVM-default-php.json#spectralnorm---25,warmup_results_0_8_linux2_i7_4790___HHVM-default-php.json#spectralnorm---11
warmup_results_0_8_linux2_i7_4790___HHVM-default-php.json#spectralnorm---26,warmup_results_0_8_linux2_i7_4790___HHVM-default-php.json#spectralnorm---6
warmup_results_0_8_linux2_i7_4790___HHVM-default-php.json#spectralnorm---27,warmup_results_0_8_linux2_i7_4790___HHVM-default-php.json#spectralnorm---4
warmup_results_0_8_linux2_i7_4790___HHVM-default-php.json#spectralnorm---28,warmup_results_0_8_linux2_i7_4790___HHVM-default-php.json#spectralnorm---27
warmup_results_0_8_linux2_i7_4790___HHVM-default-php.json#spectralnorm---29,warmup_results_0_8_linux2_i7_4790___HHVM-default-php.json#spectralnorm---7
warmup_results_0_8_linux2_i7_4790___HHVM-default-php.json#spectralnorm---3,warmup_results_0_8_linux2_i7_4790___HHVM-default-php.json#spectralnorm---24
warmup_results_0_8_linux2_i7_4790___HHVM-default-php.json#spectralnorm---4,warmup_results_0_8_linux2_i7_4790___HHVM-default-php.json#spectralnorm---23
warmup_results_0_8_linux2_i7_4790___HHVM-default-php.json#spectralnorm---5,warmup_results_0_8_linux2_i7_4790___HHVM-default-php.json#spectralnorm---0
warmup_results_0_8_linux2_i7_4790___HHVM-default-php.json#spectralnorm---6,warmup_results_0_8_linux2_i7_4790___HHVM-default-php.json#spectralnorm---12
warmup_results_0_8_linux2_i7_4790___HHVM-default-php.json#spectralnorm---7,warmup_results_0_8_linux2_i7_4790___HHVM-default-php.json#spectralnorm---22
warmup_results_0_8_linux2_i7_4790___HHVM-default-php.json#spectralnorm---8,warmup_results_0_8_linux2_i7_4790___HHVM-default-php.json#spectralnorm---11
warmup_results_0_8_linux2_i7_4790___HHVM-default-php.json#spectralnorm---9,warmup_results_0_8_linux2_i7_4790___HHVM-default-php.json#spectralnorm---13
warmup_results_0_8_linux2_i7_4790___Hotspot-default-java.json#binarytrees---0,warmup_results_0_8_linux2_i7_4790___Hotspot-default-java.json#binarytrees---24
warmup_results_0_8_linux2_i7_4790___Hotspot-default-java.json#binarytrees---1,warmup_results_0_8_linux2_i7_4790___Hotspot-default-java.json#binarytrees---19
warmup_results_0_8_linux2_i7_4790___Hotspot-default-java.json#binarytrees---10,warmup_results_0_8_linux2_i7_4790___Hotspot-default-java.json#binarytrees---8
warmup_results_0_8_linux2_i7_4790___Hotspot-default-java.json#binarytrees---11,warmup_results_0_8_linux2_i7_4790___Hotspot-default-java.json#binarytrees---24
warmup_results_0_8_linux2_i7_4790___Hotspot-default-java.json#binarytrees---12,warmup_results_0_8_linux2_i7_4790___Hotspot-default-java.json#binarytrees---18
warmup_results_0_8_linux2_i7_4790___Hotspot-default-java.json#binarytrees---13,warmup_results_0_8_linux2_i7_4790___Hotspot-default-java.json#binarytrees---9
warmup_results_0_8_linux2_i7_4790___Hotspot-default-java.json#binarytrees---14,warmup_results_0_8_linux2_i7_4790___Hotspot-default-java.json#binarytrees---19
warmup_results_0_8_linux2_i7_4790___Hotspot-default-java.json#binarytrees---15,warmup_results_0_8_linux2_i7_4790___Hotspot-default-java.json#binarytrees---17
warmup_results_0_8_linux2_i7_4790___Hotspot-default-java.json#binarytrees---16,warmup_results_0_8_linux2_i7_4790___Hotspot-default-java.json#binarytrees---22
warmup_results_0_8_linux2_i7_4790___Hotspot-default-java.json#binarytrees---17,warmup_results_0_8_linux2_i7_4790___Hotspot-default-java.json#binarytrees---12
warmup_results_0_8_linux2_i7_4790___Hotspot-default-java.json#binarytrees---18,warmup_results_0_8_linux2_i7_4790___Hotspot-default-java.json#binarytrees---8
warmup_results_0_8_linux2_i7_4790___Hotspot-default-java.json#binarytrees---19,warmup_results_0_8_linux2_i7_4790___Hotspot-default-java.json#binarytrees---28
warmup_results_0_8_linux2_i7_4790___Hotspot-default-java.json#binarytrees---2,warmup_results_0_8_linux2_i7_4790___Hotspot-default-java.json#binarytrees---18
warmup_results_0_8_linux2_i7_4790___Hotspot-default-java.json#binarytrees---20,warmup_results_0_8_linux2_i7_4790___Hotspot-default-java.json#binarytrees---2
warmup_results_0_8_linux2_i7_4790___Hotspot-default-java.json#binarytrees---21,warmup_results_0_8_linux2_i7_4790___Hotspot-default-java.json#binarytrees---14
warmup_results_0_8_linux2_i7_4790___Hotspot-default-java.json#binarytrees---22,warmup_results_0_8_linux2_i7_4790___Hotspot-default-java.json#binarytrees---18
warmup_results_0_8_linux2_i7_4790___Hotspot-default-java.json#binarytrees---23,warmup_results_0_8_linux2_i7_4790___Hotspot-default-java.json#binarytrees---9
warmup_results_0_8_linux2_i7_4790___Hotspot-default-java.json#binarytrees---24,warmup_results_0_8_linux2_i7_4790___Hotspot-default-java.json#binarytrees---10
warmup_results_0_8_linux2_i7_4790___Hotspot-default-java.json#binarytrees---25,warmup_results_0_8_linux2_i7_4790___Hotspot-default-java.json#binarytrees---16
warmup_results_0_8_linux2_i7_4790___Hotspot-default-java.json#binarytrees---26,warmup_results_0_8_linux2_i7_4790___Hotspot-default-java.json#binarytrees---5
warmup_results_0_8_linux2_i7_4790___Hotspot-default-java.json#binarytrees---27,warmup_results_0_8_linux2_i7_4790___Hotspot-default-java.json#binarytrees---1
warmup_results_0_8_linux2_i7_4790___Hotspot-default-java.json#binarytrees---28,warmup_results_0_8_linux2_i7_4790___Hotspot-default-java.json#binarytrees---6
warmup_results_0_8_linux2_i7_4790___Hotspot-default-java.json#binarytrees---29,warmup_results_0_8_linux2_i7_4790___Hotspot-default-java.json#binarytrees---21
warmup_results_0_8_linux2_i7_4790___Hotspot-default-java.json#binarytrees---3,warmup_results_0_8_linux2_i7_4790___Hotspot-default-java.json#binarytrees---4
warmup_results_0_8_linux2_i7_4790___Hotspot-default-java.json#binarytrees---4,warmup_results_0_8_linux2_i7_4790___Hotspot-default-java.json#binarytrees---23
warmup_results_0_8_linux2_i7_4790___Hotspot-default-java.json#binarytrees---5,warmup_results_0_8_linux2_i7_4790___Hotspot-default-java.json#binarytrees---4
warmup_results_0_8_linux2_i7_4790___Hotspot-default-java.json#binarytrees---6,warmup_results_0_8_linux2_i7_4790___Hotspot-default-java.json#binarytrees---24
warmup_results_0_8_linux2_i7_4790___Hotspot-default-java.json#binarytrees---7,warmup_results_0_8_linux2_i7_4790___Hotspot-default-java.json#binarytrees---20
warmup_results_0_8_linux2_i7_4790___Hotspot-default-java.json#binarytrees---8,warmup_results_0_8_linux2_i7_4790___Hotspot-default-java.json#binarytrees---15
warmup_results_0_8_linux2_i7_4790___Hotspot-default-java.json#binarytrees---9,warmup_results_0_8_linux2_i7_4790___Hotspot-default-java.json#binarytrees---1
warmup_results_0_8_linux2_i7_4790___Hotspot-default-java.json#fannkuch_redux---0,warmup_results_0_8_linux2_i7_4790___Hotspot-default-java.json#fannkuch_redux---13
warmup_results_0_8_linux2_i7_4790___Hotspot-default-java.json#fannkuch_redux---1,warmup_results_0_8_linux2_i7_4790___Hotspot-default-java.json#fannkuch_redux---7
warmup_results_0_8_linux2_i7_4790___Hotspot-default-java.json#fannkuch_redux---10,warmup_results_0_8_linux2_i7_4790___Hotspot-default-java.json#fannkuch_redux---18
warmup_results_0_8_linux2_i7_4790___Hotspot-default-java.json#fannkuch_redux---11,warmup_results_0_8_linux2_i7_4790___Hotspot-default-java.json#fannkuch_redux---10
warmup_results_0_8_linux2_i7_4790___Hotspot-default-java.json#fannkuch_redux---12,warmup_results_0_8_linux2_i7_4790___Hotspot-default-java.json#fannkuch_redux---20
warmup_results_0_8_linux2_i7_4790___Hotspot-default-java.json#fannkuch_redux---13,warmup_results_0_8_linux2_i7_4790___Hotspot-default-java.json#fannkuch_redux---18
warmup_results_0_8_linux2_i7_4790___Hotspot-default-java.json#fannkuch_redux---14,warmup_results_0_8_linux2_i7_4790___Hotspot-default-java.json#fannkuch_redux---18
warmup_results_0_8_linux2_i7_4790___Hotspot-default-java.json#fannkuch_redux---15,warmup_results_0_8_linux2_i7_4790___Hotspot-default-java.json#fannkuch_redux---22
warmup_results_0_8_linux2_i7_4790___Hotspot-default-java.json#fannkuch_redux---16,warmup_results_0_8_linux2_i7_4790___Hotspot-default-java.json#fannkuch_redux---24
warmup_results_0_8_linux2_i7_4790___Hotspot-default-java.json#fannkuch_redux---17,warmup_results_0_8_linux2_i7_4790___Hotspot-default-java.json#fannkuch_redux---24
warmup_results_0_8_linux2_i7_4790___Hotspot-default-java.json#fannkuch_redux---18,warmup_results_0_8_linux2_i7_4790___Hotspot-default-java.json#fannkuch_redux---2
warmup_results_0_8_linux2_i7_4790___Hotspot-default-java.json#fannkuch_redux---19,warmup_results_0_8_linux2_i7_4790___Hotspot-default-java.json#fannkuch_redux---9
warmup_results_0_8_linux2_i7_4790___Hotspot-default-java.json#fannkuch_redux---2,warmup_results_0_8_linux2_i7_4790___Hotspot-default-java.json#fannkuch_redux---5
warmup_results_0_8_linux2_i7_4790___Hotspot-default-java.json#fannkuch_redux---20,warmup_results_0_8_linux2_i7_4790___Hotspot-default-java.json#fannkuch_redux---23
warmup_results_0_8_linux2_i7_4790___Hotspot-default-java.json#fannkuch_redux---21,warmup_results_0_8_linux2_i7_4790___Hotspot-default-java.json#fannkuch_redux---4
warmup_results_0_8_linux2_i7_4790___Hotspot-default-java.json#fannkuch_redux---22,warmup_results_0_8_linux2_i7_4790___Hotspot-default-java.json#fannkuch_redux---3
warmup_results_0_8_linux2_i7_4790___Hotspot-default-java.json#fannkuch_redux---23,warmup_results_0_8_linux2_i7_4790___Hotspot-default-java.json#fannkuch_redux---19
warmup_results_0_8_linux2_i7_4790___Hotspot-default-java.json#fannkuch_redux---24,warmup_results_0_8_linux2_i7_4790___Hotspot-default-java.json#fannkuch_redux---14
warmup_results_0_8_linux2_i7_4790___Hotspot-default-java.json#fannkuch_redux---25,warmup_results_0_8_linux2_i7_4790___Hotspot-default-java.json#fannkuch_redux---23
warmup_results_0_8_linux2_i7_4790___Hotspot-default-java.json#fannkuch_redux---26,warmup_results_0_8_linux2_i7_4790___Hotspot-default-java.json#fannkuch_redux---11
warmup_results_0_8_linux2_i7_4790___Hotspot-default-java.json#fannkuch_redux---27,warmup_results_0_8_linux2_i7_4790___Hotspot-default-java.json#fannkuch_redux---10
warmup_results_0_8_linux2_i7_4790___Hotspot-default-java.json#fannkuch_redux---28,warmup_results_0_8_linux2_i7_4790___Hotspot-default-java.json#fannkuch_redux---27
warmup_results_0_8_linux2_i7_4790___Hotspot-default-java.json#fannkuch_redux---29,warmup_results_0_8_linux2_i7_4790___Hotspot-default-java.json#fannkuch_redux---26
warmup_results_0_8_linux2_i7_4790___Hotspot-default-java.json#fannkuch_redux---3,warmup_results_0_8_linux2_i7_4790___Hotspot-default-java.json#fannkuch_redux---4
warmup_results_0_8_linux2_i7_4790___Hotspot-default-java.json#fannkuch_redux---4,warmup_results_0_8_linux2_i7_4790___Hotspot-default-java.json#fannkuch_redux---8
warmup_results_0_8_linux2_i7_4790___Hotspot-default-java.json#fannkuch_redux---5,warmup_results_0_8_linux2_i7_4790___Hotspot-default-java.json#fannkuch_redux---20
warmup_results_0_8_linux2_i7_4790___Hotspot-default-java.json#fannkuch_redux---6,warmup_results_0_8_linux2_i7_4790___Hotspot-default-java.json#fannkuch_redux---28
warmup_results_0_8_linux2_i7_4790___Hotspot-default-java.json#fannkuch_redux---7,warmup_results_0_8_linux2_i7_4790___Hotspot-default-java.json#fannkuch_redux---0
warmup_results_0_8_linux2_i7_4790___Hotspot-default-java.json#fannkuch_redux---8,warmup_results_0_8_linux2_i7_4790___Hotspot-default-java.json#fannkuch_redux---6
warmup_results_0_8_linux2_i7_4790___Hotspot-default-java.json#fannkuch_redux---9,warmup_results_0_8_linux2_i7_4790___Hotspot-default-java.json#fannkuch_redux---14
warmup_results_0_8_linux2_i7_4790___Hotspot-default-java.json#fasta---0,warmup_results_0_8_linux2_i7_4790___Hotspot-default-java.json#fasta---29
warmup_results_0_8_linux2_i7_4790___Hotspot-default-java.json#fasta---1,warmup_results_0_8_linux2_i7_4790___Hotspot-default-java.json#fasta---8
warmup_results_0_8_linux2_i7_4790___Hotspot-default-java.json#fasta---10,warmup_results_0_8_linux2_i7_4790___Hotspot-default-java.json#fasta---24
warmup_results_0_8_linux2_i7_4790___Hotspot-default-java.json#fasta---11,warmup_results_0_8_linux2_i7_4790___Hotspot-default-java.json#fasta---24
warmup_results_0_8_linux2_i7_4790___Hotspot-default-java.json#fasta---12,warmup_results_0_8_linux2_i7_4790___Hotspot-default-java.json#fasta---23
warmup_results_0_8_linux2_i7_4790___Hotspot-default-java.json#fasta---13,warmup_results_0_8_linux2_i7_4790___Hotspot-default-java.json#fasta---8
warmup_results_0_8_linux2_i7_4790___Hotspot-default-java.json#fasta---14,warmup_results_0_8_linux2_i7_4790___Hotspot-default-java.json#fasta---9
warmup_results_0_8_linux2_i7_4790___Hotspot-default-java.json#fasta---15,warmup_results_0_8_linux2_i7_4790___Hotspot-default-java.json#fasta---0
warmup_results_0_8_linux2_i7_4790___Hotspot-default-java.json#fasta---16,warmup_results_0_8_linux2_i7_4790___Hotspot-default-java.json#fasta---4
warmup_results_0_8_linux2_i7_4790___Hotspot-default-java.json#fasta---17,warmup_results_0_8_linux2_i7_4790___Hotspot-default-java.json#fasta---24
warmup_results_0_8_linux2_i7_4790___Hotspot-default-java.json#fasta---18,warmup_results_0_8_linux2_i7_4790___Hotspot-default-java.json#fasta---23
warmup_results_0_8_linux2_i7_4790___Hotspot-default-java.json#fasta---19,warmup_results_0_8_linux2_i7_4790___Hotspot-default-java.json#fasta---27
warmup_results_0_8_linux2_i7_4790___Hotspot-default-java.json#fasta---2,warmup_results_0_8_linux2_i7_4790___Hotspot-default-java.json#fasta---22
warmup_results_0_8_linux2_i7_4790___Hotspot-default-java.json#fasta---20,warmup_results_0_8_linux2_i7_4790___Hotspot-default-java.json#fasta---21
warmup_results_0_8_linux2_i7_4790___Hotspot-default-java.json#fasta---21,warmup_results_0_8_linux2_i7_4790___Hotspot-default-java.json#fasta---2
warmup_results_0_8_linux2_i7_4790___Hotspot-default-java.json#fasta---22,warmup_results_0_8_linux2_i7_4790___Hotspot-default-java.json#fasta---16
warmup_results_0_8_linux2_i7_4790___Hotspot-default-java.json#fasta---23,warmup_results_0_8_linux2_i7_4790___Hotspot-default-java.json#fasta---6
warmup_results_0_8_linux2_i7_4790___Hotspot-default-java.json#fasta---24,warmup_results_0_8_linux2_i7_4790___Hotspot-default-java.json#fasta---28
warmup_results_0_8_linux2_i7_4790___Hotspot-default-java.json#fasta---25,warmup_results_0_8_linux2_i7_4790___Hotspot-default-java.json#fasta---4
warmup_results_0_8_linux2_i7_4790___Hotspot-default-java.json#fasta---26,warmup_results_0_8_linux2_i7_4790___Hotspot-default-java.json#fasta---15
warmup_results_0_8_linux2_i7_4790___Hotspot-default-java.json#fasta---27,warmup_results_0_8_linux2_i7_4790___Hotspot-default-java.json#fasta---23
warmup_results_0_8_linux2_i7_4790___Hotspot-default-java.json#fasta---28,warmup_results_0_8_linux2_i7_4790___Hotspot-default-java.json#fasta---5
warmup_results_0_8_linux2_i7_4790___Hotspot-default-java.json#fasta---29,warmup_results_0_8_linux2_i7_4790___Hotspot-default-java.json#fasta---1
warmup_results_0_8_linux2_i7_4790___Hotspot-default-java.json#fasta---3,warmup_results_0_8_linux2_i7_4790___Hotspot-default-java.json#fasta---19
warmup_results_0_8_linux2_i7_4790___Hotspot-default-java.json#fasta---4,warmup_results_0_8_linux2_i7_4790___Hotspot-default-java.json#fasta---17
warmup_results_0_8_linux2_i7_4790___Hotspot-default-java.json#fasta---5,warmup_results_0_8_linux2_i7_4790___Hotspot-default-java.json#fasta---3
warmup_results_0_8_linux2_i7_4790___Hotspot-default-java.json#fasta---6,warmup_results_0_8_linux2_i7_4790___Hotspot-default-java.json#fasta---1
warmup_results_0_8_linux2_i7_4790___Hotspot-default-java.json#fasta---7,warmup_results_0_8_linux2_i7_4790___Hotspot-default-java.json#fasta---8
warmup_results_0_8_linux2_i7_4790___Hotspot-default-java.json#fasta---8,warmup_results_0_8_linux2_i7_4790___Hotspot-default-java.json#fasta---1
warmup_results_0_8_linux2_i7_4790___Hotspot-default-java.json#fasta---9,warmup_results_0_8_linux2_i7_4790___Hotspot-default-java.json#fasta---27
warmup_results_0_8_linux2_i7_4790___Hotspot-default-java.json#nbody---0,warmup_results_0_8_linux2_i7_4790___Hotspot-default-java.json#nbody---8
warmup_results_0_8_linux2_i7_4790___Hotspot-default-java.json#nbody---1,warmup_results_0_8_linux2_i7_4790___Hotspot-default-java.json#nbody---5
warmup_results_0_8_linux2_i7_4790___Hotspot-default-java.json#nbody---10,warmup_results_0_8_linux2_i7_4790___Hotspot-default-java.json#nbody---29
warmup_results_0_8_linux2_i7_4790___Hotspot-default-java.json#nbody---11,warmup_results_0_8_linux2_i7_4790___Hotspot-default-java.json#nbody---6
warmup_results_0_8_linux2_i7_4790___Hotspot-default-java.json#nbody---12,warmup_results_0_8_linux2_i7_4790___Hotspot-default-java.json#nbody---11
warmup_results_0_8_linux2_i7_4790___Hotspot-default-java.json#nbody---13,warmup_results_0_8_linux2_i7_4790___Hotspot-default-java.json#nbody---15
warmup_results_0_8_linux2_i7_4790___Hotspot-default-java.json#nbody---14,warmup_results_0_8_linux2_i7_4790___Hotspot-default-java.json#nbody---18
warmup_results_0_8_linux2_i7_4790___Hotspot-default-java.json#nbody---15,warmup_results_0_8_linux2_i7_4790___Hotspot-default-java.json#nbody---13
warmup_results_0_8_linux2_i7_4790___Hotspot-default-java.json#nbody---16,warmup_results_0_8_linux2_i7_4790___Hotspot-default-java.json#nbody---17
warmup_results_0_8_linux2_i7_4790___Hotspot-default-java.json#nbody---17,warmup_results_0_8_linux2_i7_4790___Hotspot-default-java.json#nbody---4
warmup_results_0_8_linux2_i7_4790___Hotspot-default-java.json#nbody---18,warmup_results_0_8_linux2_i7_4790___Hotspot-default-java.json#nbody---17
warmup_results_0_8_linux2_i7_4790___Hotspot-default-java.json#nbody---19,warmup_results_0_8_linux2_i7_4790___Hotspot-default-java.json#nbody---8
warmup_results_0_8_linux2_i7_4790___Hotspot-default-java.json#nbody---2,warmup_results_0_8_linux2_i7_4790___Hotspot-default-java.json#nbody---19
warmup_results_0_8_linux2_i7_4790___Hotspot-default-java.json#nbody---20,warmup_results_0_8_linux2_i7_4790___Hotspot-default-java.json#nbody---6
warmup_results_0_8_linux2_i7_4790___Hotspot-default-java.json#nbody---21,warmup_results_0_8_linux2_i7_4790___Hotspot-default-java.json#nbody---5
warmup_results_0_8_linux2_i7_4790___Hotspot-default-java.json#nbody---22,warmup_results_0_8_linux2_i7_4790___Hotspot-default-java.json#nbody---6
warmup_results_0_8_linux2_i7_4790___Hotspot-default-java.json#nbody---23,warmup_results_0_8_linux2_i7_4790___Hotspot-default-java.json#nbody---3
warmup_results_0_8_linux2_i7_4790___Hotspot-default-java.json#nbody---24,warmup_results_0_8_linux2_i7_4790___Hotspot-default-java.json#nbody---6
warmup_results_0_8_linux2_i7_4790___Hotspot-default-java.json#nbody---25,warmup_results_0_8_linux2_i7_4790___Hotspot-default-java.json#nbody---24
warmup_results_0_8_linux2_i7_4790___Hotspot-default-java.json#nbody---26,warmup_results_0_8_linux2_i7_4790___Hotspot-default-java.json#nbody---11
warmup_results_0_8_linux2_i7_4790___Hotspot-default-java.json#nbody---27,warmup_results_0_8_linux2_i7_4790___Hotspot-default-java.json#nbody---9
warmup_results_0_8_linux2_i7_4790___Hotspot-default-java.json#nbody---28,warmup_results_0_8_linux2_i7_4790___Hotspot-default-java.json#nbody---16
warmup_results_0_8_linux2_i7_4790___Hotspot-default-java.json#nbody---29,warmup_results_0_8_linux2_i7_4790___Hotspot-default-java.json#nbody---18
warmup_results_0_8_linux2_i7_4790___Hotspot-default-java.json#nbody---3,warmup_results_0_8_linux2_i7_4790___Hotspot-default-java.json#nbody---7
warmup_results_0_8_linux2_i7_4790___Hotspot-default-java.json#nbody---4,warmup_results_0_8_linux2_i7_4790___Hotspot-default-java.json#nbody---29
warmup_results_0_8_linux2_i7_4790___Hotspot-default-java.json#nbody---5,warmup_results_0_8_linux2_i7_4790___Hotspot-default-java.json#nbody---29
warmup_results_0_8_linux2_i7_4790___Hotspot-default-java.json#nbody---6,warmup_results_0_8_linux2_i7_4790___Hotspot-default-java.json#nbody---27
warmup_results_0_8_linux2_i7_4790___Hotspot-default-java.json#nbody---7,warmup_results_0_8_linux2_i7_4790___Hotspot-default-java.json#nbody---3
warmup_results_0_8_linux2_i7_4790___Hotspot-default-java.json#nbody---8,warmup_results_0_8_linux2_i7_4790___Hotspot-default-java.json#nbody---17
warmup_results_0_8_linux2_i7_4790___Hotspot-default-java.json#nbody---9,warmup_results_0_8_linux2_i7_4790___Hotspot-default-java.json#nbody---16
warmup_results_0_8_linux2_i7_4790___Hotspot-default-java.json#richards---0,warmup_results_0_8_linux2_i7_4790___Hotspot-default-java.json#richards---15
warmup_results_0_8_linux2_i7_4790___Hotspot-default-java.json#richards---1,warmup_results_0_8_linux2_i7_4790___Hotspot-default-java.json#richards---28
warmup_results_0_8_linux2_i7_4790___Hotspot-default-java.json#richards---10,warmup_results_0_8_linux2_i7_4790___Hotspot-default-java.json#richards---17
warmup_results_0_8_linux2_i7_4790___Hotspot-default-java.json#richards---11,warmup_results_0_8_linux2_i7_4790___Hotspot-default-java.json#richards---26
warmup_results_0_8_linux2_i7_4790___Hotspot-default-java.json#richards---12,warmup_results_0_8_linux2_i7_4790___Hotspot-default-java.json#richards---9
warmup_results_0_8_linux2_i7_4790___Hotspot-default-java.json#richards---13,warmup_results_0_8_linux2_i7_4790___Hotspot-default-java.json#richards---4
warmup_results_0_8_linux2_i7_4790___Hotspot-default-java.json#richards---14,warmup_results_0_8_linux2_i7_4790___Hotspot-default-java.json#richards---20
warmup_results_0_8_linux2_i7_4790___Hotspot-default-java.json#richards---15,warmup_results_0_8_linux2_i7_4790___Hotspot-default-java.json#richards---17
warmup_results_0_8_linux2_i7_4790___Hotspot-default-java.json#richards---16,warmup_results_0_8_linux2_i7_4790___Hotspot-default-java.json#richards---27
warmup_results_0_8_linux2_i7_4790___Hotspot-default-java.json#richards---17,warmup_results_0_8_linux2_i7_4790___Hotspot-default-java.json#richards---11
warmup_results_0_8_linux2_i7_4790___Hotspot-default-java.json#richards---18,warmup_results_0_8_linux2_i7_4790___Hotspot-default-java.json#richards---5
warmup_results_0_8_linux2_i7_4790___Hotspot-default-java.json#richards---19,warmup_results_0_8_linux2_i7_4790___Hotspot-default-java.json#richards---20
warmup_results_0_8_linux2_i7_4790___Hotspot-default-java.json#richards---2,warmup_results_0_8_linux2_i7_4790___Hotspot-default-java.json#richards---12
warmup_results_0_8_linux2_i7_4790___Hotspot-default-java.json#richards---20,warmup_results_0_8_linux2_i7_4790___Hotspot-default-java.json#richards---7
warmup_results_0_8_linux2_i7_4790___Hotspot-default-java.json#richards---21,warmup_results_0_8_linux2_i7_4790___Hotspot-default-java.json#richards---14
warmup_results_0_8_linux2_i7_4790___Hotspot-default-java.json#richards---22,warmup_results_0_8_linux2_i7_4790___Hotspot-default-java.json#richards---5
warmup_results_0_8_linux2_i7_4790___Hotspot-default-java.json#richards---23,warmup_results_0_8_linux2_i7_4790___Hotspot-default-java.json#richards---3
warmup_results_0_8_linux2_i7_4790___Hotspot-default-java.json#richards---24,warmup_results_0_8_linux2_i7_4790___Hotspot-default-java.json#richards---23
warmup_results_0_8_linux2_i7_4790___Hotspot-default-java.json#richards---25,warmup_results_0_8_linux2_i7_4790___Hotspot-default-java.json#richards---4
warmup_results_0_8_linux2_i7_4790___Hotspot-default-java.json#richards---26,warmup_results_0_8_linux2_i7_4790___Hotspot-default-java.json#richards---6
warmup_results_0_8_linux2_i7_4790___Hotspot-default-java.json#richards---27,warmup_results_0_8_linux2_i7_4790___Hotspot-default-java.json#richards---21
warmup_results_0_8_linux2_i7_4790___Hotspot-default-java.json#richards---28,warmup_results_0_8_linux2_i7_4790___Hotspot-default-java.json#richards---0
warmup_results_0_8_linux2_i7_4790___Hotspot-default-java.json#richards---29,warmup_results_0_8_linux2_i7_4790___Hotspot-default-java.json#richards---15
warmup_results_0_8_linux2_i7_4790___Hotspot-default-java.json#richards---3,warmup_results_0_8_linux2_i7_4790___Hotspot-default-java.json#richards---22
warmup_results_0_8_linux2_i7_4790___Hotspot-default-java.json#richards---4,warmup_results_0_8_linux2_i7_4790___Hotspot-default-java.json#richards---23
warmup_results_0_8_linux2_i7_4790___Hotspot-default-java.json#richards---5,warmup_results_0_8_linux2_i7_4790___Hotspot-default-java.json#richards---15
warmup_results_0_8_linux2_i7_4790___Hotspot-default-java.json#richards---6,warmup_results_0_8_linux2_i7_4790___Hotspot-default-java.json#richards---2
warmup_results_0_8_linux2_i7_4790___Hotspot-default-java.json#richards---7,warmup_results_0_8_linux2_i7_4790___Hotspot-default-java.json#richards---26
warmup_results_0_8_linux2_i7_4790___Hotspot-default-java.json#richards---8,warmup_results_0_8_linux2_i7_4790___Hotspot-default-java.json#richards---9
warmup_results_0_8_linux2_i7_4790___Hotspot-default-java.json#richards---9,warmup_results_0_8_linux2_i7_4790___Hotspot-default-java.json#richards---1
warmup_results_0_8_linux2_i7_4790___Hotspot-default-java.json#spectralnorm---0,warmup_results_0_8_linux2_i7_4790___Hotspot-default-java.json#spectralnorm---11
warmup_results_0_8_linux2_i7_4790___Hotspot-default-java.json#spectralnorm---1,warmup_results_0_8_linux2_i7_4790___Hotspot-default-java.json#spectralnorm---11
warmup_results_0_8_linux2_i7_4790___Hotspot-default-java.json#spectralnorm---10,warmup_results_0_8_linux2_i7_4790___Hotspot-default-java.json#spectralnorm---24
warmup_results_0_8_linux2_i7_4790___Hotspot-default-java.json#spectralnorm---11,warmup_results_0_8_linux2_i7_4790___Hotspot-default-java.json#spectralnorm---3
warmup_results_0_8_linux2_i7_4790___Hotspot-default-java.json#spectralnorm---12,warmup_results_0_8_linux2_i7_4790___Hotspot-default-java.json#spectralnorm---15
warmup_results_0_8_linux2_i7_4790___Hotspot-default-java.json#spectralnorm---13,warmup_results_0_8_linux2_i7_4790___Hotspot-default-java.json#spectralnorm---21
warmup_results_0_8_linux2_i7_4790___Hotspot-default-java.json#spectralnorm---14,warmup_results_0_8_linux2_i7_4790___Hotspot-default-java.json#spectralnorm---7
warmup_results_0_8_linux2_i7_4790___Hotspot-default-java.json#spectralnorm---15,warmup_results_0_8_linux2_i7_4790___Hotspot-default-java.json#spectralnorm---12
warmup_results_0_8_linux2_i7_4790___Hotspot-default-java.json#spectralnorm---16,warmup_results_0_8_linux2_i7_4790___Hotspot-default-java.json#spectralnorm---22
warmup_results_0_8_linux2_i7_4790___Hotspot-default-java.json#spectralnorm---17,warmup_results_0_8_linux2_i7_4790___Hotspot-default-java.json#spectralnorm---10
warmup_results_0_8_linux2_i7_4790___Hotspot-default-java.json#spectralnorm---18,warmup_results_0_8_linux2_i7_4790___Hotspot-default-java.json#spectralnorm---21
warmup_results_0_8_linux2_i7_4790___Hotspot-default-java.json#spectralnorm---19,warmup_results_0_8_linux2_i7_4790___Hotspot-default-java.json#spectralnorm---13
warmup_results_0_8_linux2_i7_4790___Hotspot-default-java.json#spectralnorm---2,warmup_results_0_8_linux2_i7_4790___Hotspot-default-java.json#spectralnorm---0
warmup_results_0_8_linux2_i7_4790___Hotspot-default-java.json#spectralnorm---20,warmup_results_0_8_linux2_i7_4790___Hotspot-default-java.json#spectralnorm---23
warmup_results_0_8_linux2_i7_4790___Hotspot-default-java.json#spectralnorm---21,warmup_results_0_8_linux2_i7_4790___Hotspot-default-java.json#spectralnorm---16
warmup_results_0_8_linux2_i7_4790___Hotspot-default-java.json#spectralnorm---22,warmup_results_0_8_linux2_i7_4790___Hotspot-default-java.json#spectralnorm---16
warmup_results_0_8_linux2_i7_4790___Hotspot-default-java.json#spectralnorm---23,warmup_results_0_8_linux2_i7_4790___Hotspot-default-java.json#spectralnorm---6
warmup_results_0_8_linux2_i7_4790___Hotspot-default-java.json#spectralnorm---24,warmup_results_0_8_linux2_i7_4790___Hotspot-default-java.json#spectralnorm---29
warmup_results_0_8_linux2_i7_4790___Hotspot-default-java.json#spectralnorm---25,warmup_results_0_8_linux2_i7_4790___Hotspot-default-java.json#spectralnorm---29
warmup_results_0_8_linux2_i7_4790___Hotspot-default-java.json#spectralnorm---26,warmup_results_0_8_linux2_i7_4790___Hotspot-default-java.json#spectralnorm---9
warmup_results_0_8_linux2_i7_4790___Hotspot-default-java.json#spectralnorm---27,warmup_results_0_8_linux2_i7_4790___Hotspot-default-java.json#spectralnorm---13
warmup_results_0_8_linux2_i7_4790___Hotspot-default-java.json#spectralnorm---28,warmup_results_0_8_linux2_i7_4790___Hotspot-default-java.json#spectralnorm---29
warmup_results_0_8_linux2_i7_4790___Hotspot-default-java.json#spectralnorm---29,warmup_results_0_8_linux2_i7_4790___Hotspot-default-java.json#spectralnorm---10
warmup_results_0_8_linux2_i7_4790___Hotspot-default-java.json#spectralnorm---3,warmup_results_0_8_linux2_i7_4790___Hotspot-default-java.json#spectralnorm---20
warmup_results_0_8_linux2_i7_4790___Hotspot-default-java.json#spectralnorm---4,warmup_results_0_8_linux2_i7_4790___Hotspot-default-java.json#spectralnorm---5
warmup_results_0_8_linux2_i7_4790___Hotspot-default-java.json#spectralnorm---5,warmup_results_0_8_linux2_i7_4790___Hotspot-default-java.json#spectralnorm---20
warmup_results_0_8_linux2_i7_4790___Hotspot-default-java.json#spectralnorm---6,warmup_results_0_8_linux2_i7_4790___Hotspot-default-java.json#spectralnorm---2
warmup_results_0_8_linux2_i7_4790___Hotspot-default-java.json#spectralnorm---7,warmup_results_0_8_linux2_i7_4790___Hotspot-default-java.json#spectralnorm---14
warmup_results_0_8_linux2_i7_4790___Hotspot-default-java.json#spectralnorm---8,warmup_results_0_8_linux2_i7_4790___Hotspot-default-java.json#spectralnorm---13
warmup_results_0_8_linux2_i7_4790___Hotspot-default-java.json#spectralnorm---9,warmup_results_0_8_linux2_i7_4790___Hotspot-default-java.json#spectralnorm---22
warmup_results_0_8_linux2_i7_4790___JRubyTruffle-default-ruby.json#binarytrees---0,warmup_results_0_8_linux2_i7_4790___JRubyTruffle-default-ruby.json#binarytrees---23
warmup_results_0_8_linux2_i7_4790___JRubyTruffle-default-ruby.json#binarytrees---1,warmup_results_0_8_linux2_i7_4790___JRubyTruffle-default-ruby.json#binarytrees---12
warmup_results_0_8_linux2_i7_4790___JRubyTruffle-default-ruby.json#binarytrees---10,warmup_results_0_8_linux2_i7_4790___JRubyTruffle-default-ruby.json#binarytrees---4
warmup_results_0_8_linux2_i7_4790___JRubyTruffle-default-ruby.json#binarytrees---11,warmup_results_0_8_linux2_i7_4790___JRubyTruffle-default-ruby.json#binarytrees---9
warmup_results_0_8_linux2_i7_4790___JRubyTruffle-default-ruby.json#binarytrees---12,warmup_results_0_8_linux2_i7_4790___JRubyTruffle-default-ruby.json#binarytrees---5
warmup_results_0_8_linux2_i7_4790___JRubyTruffle-default-ruby.json#binarytrees---13,warmup_results_0_8_linux2_i7_4790___JRubyTruffle-default-ruby.json#binarytrees---26
warmup_results_0_8_linux2_i7_4790___JRubyTruffle-default-ruby.json#binarytrees---14,warmup_results_0_8_linux2_i7_4790___JRubyTruffle-default-ruby.json#binarytrees---17
warmup_results_0_8_linux2_i7_4790___JRubyTruffle-default-ruby.json#binarytrees---15,warmup_results_0_8_linux2_i7_4790___JRubyTruffle-default-ruby.json#binarytrees---24
warmup_results_0_8_linux2_i7_4790___JRubyTruffle-default-ruby.json#binarytrees---16,warmup_results_0_8_linux2_i7_4790___JRubyTruffle-default-ruby.json#binarytrees---11
warmup_results_0_8_linux2_i7_4790___JRubyTruffle-default-ruby.json#binarytrees---17,warmup_results_0_8_linux2_i7_4790___JRubyTruffle-default-ruby.json#binarytrees---2
warmup_results_0_8_linux2_i7_4790___JRubyTruffle-default-ruby.json#binarytrees---18,warmup_results_0_8_linux2_i7_4790___JRubyTruffle-default-ruby.json#binarytrees---21
warmup_results_0_8_linux2_i7_4790___JRubyTruffle-default-ruby.json#binarytrees---19,warmup_results_0_8_linux2_i7_4790___JRubyTruffle-default-ruby.json#binarytrees---10
warmup_results_0_8_linux2_i7_4790___JRubyTruffle-default-ruby.json#binarytrees---2,warmup_results_0_8_linux2_i7_4790___JRubyTruffle-default-ruby.json#binarytrees---26
warmup_results_0_8_linux2_i7_4790___JRubyTruffle-default-ruby.json#binarytrees---20,warmup_results_0_8_linux2_i7_4790___JRubyTruffle-default-ruby.json#binarytrees---10
warmup_results_0_8_linux2_i7_4790___JRubyTruffle-default-ruby.json#binarytrees---21,warmup_results_0_8_linux2_i7_4790___JRubyTruffle-default-ruby.json#binarytrees---11
warmup_results_0_8_linux2_i7_4790___JRubyTruffle-default-ruby.json#binarytrees---22,warmup_results_0_8_linux2_i7_4790___JRubyTruffle-default-ruby.json#binarytrees---17
warmup_results_0_8_linux2_i7_4790___JRubyTruffle-default-ruby.json#binarytrees---23,warmup_results_0_8_linux2_i7_4790___JRubyTruffle-default-ruby.json#binarytrees---1
warmup_results_0_8_linux2_i7_4790___JRubyTruffle-default-ruby.json#binarytrees---24,warmup_results_0_8_linux2_i7_4790___JRubyTruffle-default-ruby.json#binarytrees---27
warmup_results_0_8_linux2_i7_4790___JRubyTruffle-default-ruby.json#binarytrees---25,warmup_results_0_8_linux2_i7_4790___JRubyTruffle-default-ruby.json#binarytrees---23
warmup_results_0_8_linux2_i7_4790___JRubyTruffle-default-ruby.json#binarytrees---26,warmup_results_0_8_linux2_i7_4790___JRubyTruffle-default-ruby.json#binarytrees---8
warmup_results_0_8_linux2_i7_4790___JRubyTruffle-default-ruby.json#binarytrees---27,warmup_results_0_8_linux2_i7_4790___JRubyTruffle-default-ruby.json#binarytrees---12
warmup_results_0_8_linux2_i7_4790___JRubyTruffle-default-ruby.json#binarytrees---28,warmup_results_0_8_linux2_i7_4790___JRubyTruffle-default-ruby.json#binarytrees---4
warmup_results_0_8_linux2_i7_4790___JRubyTruffle-default-ruby.json#binarytrees---29,warmup_results_0_8_linux2_i7_4790___JRubyTruffle-default-ruby.json#binarytrees---16
warmup_results_0_8_linux2_i7_4790___JRubyTruffle-default-ruby.json#binarytrees---3,warmup_results_0_8_linux2_i7_4790___JRubyTruffle-default-ruby.json#binarytrees---5
warmup_results_0_8_linux2_i7_4790___JRubyTruffle-default-ruby.json#binarytrees---4,warmup_results_0_8_linux2_i7_4790___JRubyTruffle-default-ruby.json#binarytrees---13
warmup_results_0_8_linux2_i7_4790___JRubyTruffle-default-ruby.json#binarytrees---5,warmup_results_0_8_linux2_i7_4790___JRubyTruffle-default-ruby.json#binarytrees---29
warmup_results_0_8_linux2_i7_4790___JRubyTruffle-default-ruby.json#binarytrees---6,warmup_results_0_8_linux2_i7_4790___JRubyTruffle-default-ruby.json#binarytrees---14
warmup_results_0_8_linux2_i7_4790___JRubyTruffle-default-ruby.json#binarytrees---7,warmup_results_0_8_linux2_i7_4790___JRubyTruffle-default-ruby.json#binarytrees---26
warmup_results_0_8_linux2_i7_4790___JRubyTruffle-default-ruby.json#binarytrees---8,warmup_results_0_8_linux2_i7_4790___JRubyTruffle-default-ruby.json#binarytrees---21
warmup_results_0_8_linux2_i7_4790___JRubyTruffle-default-ruby.json#binarytrees---9,warmup_results_0_8_linux2_i7_4790___JRubyTruffle-default-ruby.json#binarytrees---1
warmup_results_0_8_linux2_i7_4790___JRubyTruffle-default-ruby.json#fannkuch_redux---0,warmup_results_0_8_linux2_i7_4790___JRubyTruffle-default-ruby.json#fannkuch_redux---28
warmup_results_0_8_linux2_i7_4790___JRubyTruffle-default-ruby.json#fannkuch_redux---1,warmup_results_0_8_linux2_i7_4790___JRubyTruffle-default-ruby.json#fannkuch_redux---0
warmup_results_0_8_linux2_i7_4790___JRubyTruffle-default-ruby.json#fannkuch_redux---10,warmup_results_0_8_linux2_i7_4790___JRubyTruffle-default-ruby.json#fannkuch_redux---25
warmup_results_0_8_linux2_i7_4790___JRubyTruffle-default-ruby.json#fannkuch_redux---11,warmup_results_0_8_linux2_i7_4790___JRubyTruffle-default-ruby.json#fannkuch_redux---8
warmup_results_0_8_linux2_i7_4790___JRubyTruffle-default-ruby.json#fannkuch_redux---12,warmup_results_0_8_linux2_i7_4790___JRubyTruffle-default-ruby.json#fannkuch_redux---26
warmup_results_0_8_linux2_i7_4790___JRubyTruffle-default-ruby.json#fannkuch_redux---13,warmup_results_0_8_linux2_i7_4790___JRubyTruffle-default-ruby.json#fannkuch_redux---26
warmup_results_0_8_linux2_i7_4790___JRubyTruffle-default-ruby.json#fannkuch_redux---14,warmup_results_0_8_linux2_i7_4790___JRubyTruffle-default-ruby.json#fannkuch_redux---25
warmup_results_0_8_linux2_i7_4790___JRubyTruffle-default-ruby.json#fannkuch_redux---15,warmup_results_0_8_linux2_i7_4790___JRubyTruffle-default-ruby.json#fannkuch_redux---18
warmup_results_0_8_linux2_i7_4790___JRubyTruffle-default-ruby.json#fannkuch_redux---16,warmup_results_0_8_linux2_i7_4790___JRubyTruffle-default-ruby.json#fannkuch_redux---21
warmup_results_0_8_linux2_i7_4790___JRubyTruffle-default-ruby.json#fannkuch_redux---17,warmup_results_0_8_linux2_i7_4790___JRubyTruffle-default-ruby.json#fannkuch_redux---16
warmup_results_0_8_linux2_i7_4790___JRubyTruffle-default-ruby.json#fannkuch_redux---18,warmup_results_0_8_linux2_i7_4790___JRubyTruffle-default-ruby.json#fannkuch_redux---15
warmup_results_0_8_linux2_i7_4790___JRubyTruffle-default-ruby.json#fannkuch_redux---19,warmup_results_0_8_linux2_i7_4790___JRubyTruffle-default-ruby.json#fannkuch_redux---28
warmup_results_0_8_linux2_i7_4790___JRubyTruffle-default-ruby.json#fannkuch_redux---2,warmup_results_0_8_linux2_i7_4790___JRubyTruffle-default-ruby.json#fannkuch_redux---11
warmup_results_0_8_linux2_i7_4790___JRubyTruffle-default-ruby.json#fannkuch_redux---20,warmup_results_0_8_linux2_i7_4790___JRubyTruffle-default-ruby.json#fannkuch_redux---25
warmup_results_0_8_linux2_i7_4790___JRubyTruffle-default-ruby.json#fannkuch_redux---21,warmup_results_0_8_linux2_i7_4790___JRubyTruffle-default-ruby.json#fannkuch_redux---7
warmup_results_0_8_linux2_i7_4790___JRubyTruffle-default-ruby.json#fannkuch_redux---22,warmup_results_0_8_linux2_i7_4790___JRubyTruffle-default-ruby.json#fannkuch_redux---9
warmup_results_0_8_linux2_i7_4790___JRubyTruffle-default-ruby.json#fannkuch_redux---23,warmup_results_0_8_linux2_i7_4790___JRubyTruffle-default-ruby.json#fannkuch_redux---12
warmup_results_0_8_linux2_i7_4790___JRubyTruffle-default-ruby.json#fannkuch_redux---24,warmup_results_0_8_linux2_i7_4790___JRubyTruffle-default-ruby.json#fannkuch_redux---3
warmup_results_0_8_linux2_i7_4790___JRubyTruffle-default-ruby.json#fannkuch_redux---25,warmup_results_0_8_linux2_i7_4790___JRubyTruffle-default-ruby.json#fannkuch_redux---11
warmup_results_0_8_linux2_i7_4790___JRubyTruffle-default-ruby.json#fannkuch_redux---26,warmup_results_0_8_linux2_i7_4790___JRubyTruffle-default-ruby.json#fannkuch_redux---19
warmup_results_0_8_linux2_i7_4790___JRubyTruffle-default-ruby.json#fannkuch_redux---27,warmup_results_0_8_linux2_i7_4790___JRubyTruffle-default-ruby.json#fannkuch_redux---5
warmup_results_0_8_linux2_i7_4790___JRubyTruffle-default-ruby.json#fannkuch_redux---28,warmup_results_0_8_linux2_i7_4790___JRubyTruffle-default-ruby.json#fannkuch_redux---26
warmup_results_0_8_linux2_i7_4790___JRubyTruffle-default-ruby.json#fannkuch_redux---29,warmup_results_0_8_linux2_i7_4790___JRubyTruffle-default-ruby.json#fannkuch_redux---13
warmup_results_0_8_linux2_i7_4790___JRubyTruffle-default-ruby.json#fannkuch_redux---3,warmup_results_0_8_linux2_i7_4790___JRubyTruffle-default-ruby.json#fannkuch_redux---20
warmup_results_0_8_linux2_i7_4790___JRubyTruffle-default-ruby.json#fannkuch_redux---4,warmup_results_0_8_linux2_i7_4790___JRubyTruffle-default-ruby.json#fannkuch_redux---22
warmup_results_0_8_linux2_i7_4790___JRubyTruffle-default-ruby.json#fannkuch_redux---5,warmup_results_0_8_linux2_i7_4790___JRubyTruffle-default-ruby.json#fannkuch_redux---11
warmup_results_0_8_linux2_i7_4790___JRubyTruffle-default-ruby.json#fannkuch_redux---6,warmup_results_0_8_linux2_i7_4790___JRubyTruffle-default-ruby.json#fannkuch_redux---13
warmup_results_0_8_linux2_i7_4790___JRubyTruffle-default-ruby.json#fannkuch_redux---7,warmup_results_0_8_linux2_i7_4790___JRubyTruffle-default-ruby.json#fannkuch_redux---3
warmup_results_0_8_linux2_i7_4790___JRubyTruffle-default-ruby.json#fannkuch_redux---8,warmup_results_0_8_linux2_i7_4790___JRubyTruffle-default-ruby.json#fannkuch_redux---11
warmup_results_0_8_linux2_i7_4790___JRubyTruffle-default-ruby.json#fannkuch_redux---9,warmup_results_0_8_linux2_i7_4790___JRubyTruffle-default-ruby.json#fannkuch_redux---19
warmup_results_0_8_linux2_i7_4790___JRubyTruffle-default-ruby.json#nbody---0,warmup_results_0_8_linux2_i7_4790___JRubyTruffle-default-ruby.json#nbody---6
warmup_results_0_8_linux2_i7_4790___JRubyTruffle-default-ruby.json#nbody---1,warmup_results_0_8_linux2_i7_4790___JRubyTruffle-default-ruby.json#nbody---23
warmup_results_0_8_linux2_i7_4790___JRubyTruffle-default-ruby.json#nbody---10,warmup_results_0_8_linux2_i7_4790___JRubyTruffle-default-ruby.json#nbody---28
warmup_results_0_8_linux2_i7_4790___JRubyTruffle-default-ruby.json#nbody---11,warmup_results_0_8_linux2_i7_4790___JRubyTruffle-default-ruby.json#nbody---24
warmup_results_0_8_linux2_i7_4790___JRubyTruffle-default-ruby.json#nbody---12,warmup_results_0_8_linux2_i7_4790___JRubyTruffle-default-ruby.json#nbody---17
warmup_results_0_8_linux2_i7_4790___JRubyTruffle-default-ruby.json#nbody---13,warmup_results_0_8_linux2_i7_4790___JRubyTruffle-default-ruby.json#nbody---2
warmup_results_0_8_linux2_i7_4790___JRubyTruffle-default-ruby.json#nbody---14,warmup_results_0_8_linux2_i7_4790___JRubyTruffle-default-ruby.json#nbody---3
warmup_results_0_8_linux2_i7_4790___JRubyTruffle-default-ruby.json#nbody---15,warmup_results_0_8_linux2_i7_4790___JRubyTruffle-default-ruby.json#nbody---20
warmup_results_0_8_linux2_i7_4790___JRubyTruffle-default-ruby.json#nbody---16,warmup_results_0_8_linux2_i7_4790___JRubyTruffle-default-ruby.json#nbody---8
warmup_results_0_8_linux2_i7_4790___JRubyTruffle-default-ruby.json#nbody---17,warmup_results_0_8_linux2_i7_4790___JRubyTruffle-default-ruby.json#nbody---23
warmup_results_0_8_linux2_i7_4790___JRubyTruffle-default-ruby.json#nbody---18,warmup_results_0_8_linux2_i7_4790___JRubyTruffle-default-ruby.json#nbody---2
warmup_results_0_8_linux2_i7_4790___JRubyTruffle-default-ruby.json#nbody---19,warmup_results_0_8_linux2_i7_4790___JRubyTruffle-default-ruby.json#nbody---4
warmup_results_0_8_linux2_i7_4790___JRubyTruffle-default-ruby.json#nbody---2,warmup_results_0_8_linux2_i7_4790___JRubyTruffle-default-ruby.json#nbody---15
warmup_results_0_8_linux2_i7_4790___JRubyTruffle-default-ruby.json#nbody---20,warmup_results_0_8_linux2_i7_4790___JRubyTruffle-default-ruby.json#nbody---12
warmup_results_0_8_linux2_i7_4790___JRubyTruffle-default-ruby.json#nbody---21,warmup_results_0_8_linux2_i7_4790___JRubyTruffle-default-ruby.json#nbody---11
warmup_results_0_8_linux2_i7_4790___JRubyTruffle-default-ruby.json#nbody---22,warmup_results_0_8_linux2_i7_4790___JRubyTruffle-default-ruby.json#nbody---5
warmup_results_0_8_linux2_i7_4790___JRubyTruffle-default-ruby.json#nbody---23,warmup_results_0_8_linux2_i7_4790___JRubyTruffle-default-ruby.json#nbody---21
warmup_results_0_8_linux2_i7_4790___JRubyTruffle-default-ruby.json#nbody---24,warmup_results_0_8_linux2_i7_4790___JRubyTruffle-default-ruby.json#nbody---27
warmup_results_0_8_linux2_i7_4790___JRubyTruffle-default-ruby.json#nbody---25,warmup_results_0_8_linux2_i7_4790___JRubyTruffle-default-ruby.json#nbody---17
warmup_results_0_8_linux2_i7_4790___JRubyTruffle-default-ruby.json#nbody---26,warmup_results_0_8_linux2_i7_4790___JRubyTruffle-default-ruby.json#nbody---18
warmup_results_0_8_linux2_i7_4790___JRubyTruffle-default-ruby.json#nbody---27,warmup_results_0_8_linux2_i7_4790___JRubyTruffle-default-ruby.json#nbody---20
warmup_results_0_8_linux2_i7_4790___JRubyTruffle-default-ruby.json#nbody---28,warmup_results_0_8_linux2_i7_4790___JRubyTruffle-default-ruby.json#nbody---11
warmup_results_0_8_linux2_i7_4790___JRubyTruffle-default-ruby.json#nbody---29,warmup_results_0_8_linux2_i7_4790___JRubyTruffle-default-ruby.json#nbody---13
warmup_results_0_8_linux2_i7_4790___JRubyTruffle-default-ruby.json#nbody---3,warmup_results_0_8_linux2_i7_4790___JRubyTruffle-default-ruby.json#nbody---1
warmup_results_0_8_linux2_i7_4790___JRubyTruffle-default-ruby.json#nbody---4,warmup_results_0_8_linux2_i7_4790___JRubyTruffle-default-ruby.json#nbody---9
warmup_results_0_8_linux2_i7_4790___JRubyTruffle-default-ruby.json#nbody---5,warmup_results_0_8_linux2_i7_4790___JRubyTruffle-default-ruby.json#nbody---15
warmup_results_0_8_linux2_i7_4790___JRubyTruffle-default-ruby.json#nbody---6,warmup_results_0_8_linux2_i7_4790___JRubyTruffle-default-ruby.json#nbody---12
warmup_results_0_8_linux2_i7_4790___JRubyTruffle-default-ruby.json#nbody---7,warmup_results_0_8_linux2_i7_4790___JRubyTruffle-default-ruby.json#nbody---29
warmup_results_0_8_linux2_i7_4790___JRubyTruffle-default-ruby.json#nbody---8,warmup_results_0_8_linux2_i7_4790___JRubyTruffle-default-ruby.json#nbody---29
warmup_results_0_8_linux2_i7_4790___JRubyTruffle-default-ruby.json#nbody---9,warmup_results_0_8_linux2_i7_4790___JRubyTruffle-default-ruby.json#nbody---27
warmup_results_0_8_linux2_i7_4790___JRubyTruffle-default-ruby.json#richards---0,warmup_results_0_8_linux2_i7_4790___JRubyTruffle-default-ruby.json#richards---17
warmup_results_0_8_linux2_i7_4790___JRubyTruffle-default-ruby.json#richards---1,warmup_results_0_8_linux2_i7_4790___JRubyTruffle-default-ruby.json#richards---4
warmup_results_0_8_linux2_i7_4790___JRubyTruffle-default-ruby.json#richards---10,warmup_results_0_8_linux2_i7_4790___JRubyTruffle-default-ruby.json#richards---19
warmup_results_0_8_linux2_i7_4790___JRubyTruffle-default-ruby.json#richards---11,warmup_results_0_8_linux2_i7_4790___JRubyTruffle-default-ruby.json#richards---4
warmup_results_0_8_linux2_i7_4790___JRubyTruffle-default-ruby.json#richards---12,warmup_results_0_8_linux2_i7_4790___JRubyTruffle-default-ruby.json#richards---14
warmup_results_0_8_linux2_i7_4790___JRubyTruffle-default-ruby.json#richards---13,warmup_results_0_8_linux2_i7_4790___JRubyTruffle-default-ruby.json#richards---15
warmup_results_0_8_linux2_i7_4790___JRubyTruffle-default-ruby.json#richards---14,warmup_results_0_8_linux2_i7_4790___JRubyTruffle-default-ruby.json#richards---20
warmup_results_0_8_linux2_i7_4790___JRubyTruffle-default-ruby.json#richards---15,warmup_results_0_8_linux2_i7_4790___JRubyTruffle-default-ruby.json#richards---18
warmup_results_0_8_linux2_i7_4790___JRubyTruffle-default-ruby.json#richards---16,warmup_results_0_8_linux2_i7_4790___JRubyTruffle-default-ruby.json#richards---21
warmup_results_0_8_linux2_i7_4790___JRubyTruffle-default-ruby.json#richards---17,warmup_results_0_8_linux2_i7_4790___JRubyTruffle-default-ruby.json#richards---0
warmup_results_0_8_linux2_i7_4790___JRubyTruffle-default-ruby.json#richards---18,warmup_results_0_8_linux2_i7_4790___JRubyTruffle-default-ruby.json#richards---24
warmup_results_0_8_linux2_i7_4790___JRubyTruffle-default-ruby.json#richards---19,warmup_results_0_8_linux2_i7_4790___JRubyTruffle-default-ruby.json#richards---22
warmup_results_0_8_linux2_i7_4790___JRubyTruffle-default-ruby.json#richards---2,warmup_results_0_8_linux2_i7_4790___JRubyTruffle-default-ruby.json#richards---26
warmup_results_0_8_linux2_i7_4790___JRubyTruffle-default-ruby.json#richards---20,warmup_results_0_8_linux2_i7_4790___JRubyTruffle-default-ruby.json#richards---26
warmup_results_0_8_linux2_i7_4790___JRubyTruffle-default-ruby.json#richards---21,warmup_results_0_8_linux2_i7_4790___JRubyTruffle-default-ruby.json#richards---28
warmup_results_0_8_linux2_i7_4790___JRubyTruffle-default-ruby.json#richards---22,warmup_results_0_8_linux2_i7_4790___JRubyTruffle-default-ruby.json#richards---29
warmup_results_0_8_linux2_i7_4790___JRubyTruffle-default-ruby.json#richards---23,warmup_results_0_8_linux2_i7_4790___JRubyTruffle-default-ruby.json#richards---21
warmup_results_0_8_linux2_i7_4790___JRubyTruffle-default-ruby.json#richards---24,warmup_results_0_8_linux2_i7_4790___JRubyTruffle-default-ruby.json#richards---12
warmup_results_0_8_linux2_i7_4790___JRubyTruffle-default-ruby.json#richards---25,warmup_results_0_8_linux2_i7_4790___JRubyTruffle-default-ruby.json#richards---23
warmup_results_0_8_linux2_i7_4790___JRubyTruffle-default-ruby.json#richards---26,warmup_results_0_8_linux2_i7_4790___JRubyTruffle-default-ruby.json#richards---1
warmup_results_0_8_linux2_i7_4790___JRubyTruffle-default-ruby.json#richards---27,warmup_results_0_8_linux2_i7_4790___JRubyTruffle-default-ruby.json#richards---10
warmup_results_0_8_linux2_i7_4790___JRubyTruffle-default-ruby.json#richards---28,warmup_results_0_8_linux2_i7_4790___JRubyTruffle-default-ruby.json#richards---29
warmup_results_0_8_linux2_i7_4790___JRubyTruffle-default-ruby.json#richards---29,warmup_results_0_8_linux2_i7_4790___JRubyTruffle-default-ruby.json#richards---25
warmup_results_0_8_linux2_i7_4790___JRubyTruffle-default-ruby.json#richards---3,warmup_results_0_8_linux2_i7_4790___JRubyTruffle-default-ruby.json#richards---18
warmup_results_0_8_linux2_i7_4790___JRubyTruffle-default-ruby.json#richards---4,warmup_results_0_8_linux2_i7_4790___JRubyTruffle-default-ruby.json#richards---9
warmup_results_0_8_linux2_i7_4790___JRubyTruffle-default-ruby.json#richards---5,warmup_results_0_8_linux2_i7_4790___JRubyTruffle-default-ruby.json#richards---23
warmup_results_0_8_linux2_i7_4790___JRubyTruffle-default-ruby.json#richards---6,warmup_results_0_8_linux2_i7_4790___JRubyTruffle-default-ruby.json#richards---28
warmup_results_0_8_linux2_i7_4790___JRubyTruffle-default-ruby.json#richards---7,warmup_results_0_8_linux2_i7_4790___JRubyTruffle-default-ruby.json#richards---24
warmup_results_0_8_linux2_i7_4790___JRubyTruffle-default-ruby.json#richards---8,warmup_results_0_8_linux2_i7_4790___JRubyTruffle-default-ruby.json#richards---9
warmup_results_0_8_linux2_i7_4790___JRubyTruffle-default-ruby.json#richards---9,warmup_results_0_8_linux2_i7_4790___JRubyTruffle-default-ruby.json#richards---19
warmup_results_0_8_linux2_i7_4790___JRubyTruffle-default-ruby.json#spectralnorm---0,warmup_results_0_8_linux2_i7_4790___JRubyTruffle-default-ruby.json#spectralnorm---23
warmup_results_0_8_linux2_i7_4790___JRubyTruffle-default-ruby.json#spectralnorm---1,warmup_results_0_8_linux2_i7_4790___JRubyTruffle-default-ruby.json#spectralnorm---20
warmup_results_0_8_linux2_i7_4790___JRubyTruffle-default-ruby.json#spectralnorm---10,warmup_results_0_8_linux2_i7_4790___JRubyTruffle-default-ruby.json#spectralnorm---13
warmup_results_0_8_linux2_i7_4790___JRubyTruffle-default-ruby.json#spectralnorm---11,warmup_results_0_8_linux2_i7_4790___JRubyTruffle-default-ruby.json#spectralnorm---10
warmup_results_0_8_linux2_i7_4790___JRubyTruffle-default-ruby.json#spectralnorm---12,warmup_results_0_8_linux2_i7_4790___JRubyTruffle-default-ruby.json#spectralnorm---25
warmup_results_0_8_linux2_i7_4790___JRubyTruffle-default-ruby.json#spectralnorm---13,warmup_results_0_8_linux2_i7_4790___JRubyTruffle-default-ruby.json#spectralnorm---6
warmup_results_0_8_linux2_i7_4790___JRubyTruffle-default-ruby.json#spectralnorm---14,warmup_results_0_8_linux2_i7_4790___JRubyTruffle-default-ruby.json#spectralnorm---3
warmup_results_0_8_linux2_i7_4790___JRubyTruffle-default-ruby.json#spectralnorm---15,warmup_results_0_8_linux2_i7_4790___JRubyTruffle-default-ruby.json#spectralnorm---25
warmup_results_0_8_linux2_i7_4790___JRubyTruffle-default-ruby.json#spectralnorm---16,warmup_results_0_8_linux2_i7_4790___JRubyTruffle-default-ruby.json#spectralnorm---18
warmup_results_0_8_linux2_i7_4790___JRubyTruffle-default-ruby.json#spectralnorm---17,warmup_results_0_8_linux2_i7_4790___JRubyTruffle-default-ruby.json#spectralnorm---15
warmup_results_0_8_linux2_i7_4790___JRubyTruffle-default-ruby.json#spectralnorm---18,warmup_results_0_8_linux2_i7_4790___JRubyTruffle-default-ruby.json#spectralnorm---17
warmup_results_0_8_linux2_i7_4790___JRubyTruffle-default-ruby.json#spectralnorm---19,warmup_results_0_8_linux2_i7_4790___JRubyTruffle-default-ruby.json#spectralnorm---16
warmup_results_0_8_linux2_i7_4790___JRubyTruffle-default-ruby.json#spectralnorm---2,warmup_results_0_8_linux2_i7_4790___JRubyTruffle-default-ruby.json#spectralnorm---25
warmup_results_0_8_linux2_i7_4790___JRubyTruffle-default-ruby.json#spectralnorm---20,warmup_results_0_8_linux2_i7_4790___JRubyTruffle-default-ruby.json#spectralnorm---18
warmup_results_0_8_linux2_i7_4790___JRubyTruffle-default-ruby.json#spectralnorm---21,warmup_results_0_8_linux2_i7_4790___JRubyTruffle-default-ruby.json#spectralnorm---3
warmup_results_0_8_linux2_i7_4790___JRubyTruffle-default-ruby.json#spectralnorm---22,warmup_results_0_8_linux2_i7_4790___JRubyTruffle-default-ruby.json#spectralnorm---1
warmup_results_0_8_linux2_i7_4790___JRubyTruffle-default-ruby.json#spectralnorm---23,warmup_results_0_8_linux2_i7_4790___JRubyTruffle-default-ruby.json#spectralnorm---8
warmup_results_0_8_linux2_i7_4790___JRubyTruffle-default-ruby.json#spectralnorm---24,warmup_results_0_8_linux2_i7_4790___JRubyTruffle-default-ruby.json#spectralnorm---14
warmup_results_0_8_linux2_i7_4790___JRubyTruffle-default-ruby.json#spectralnorm---25,warmup_results_0_8_linux2_i7_4790___JRubyTruffle-default-ruby.json#spectralnorm---16
warmup_results_0_8_linux2_i7_4790___JRubyTruffle-default-ruby.json#spectralnorm---26,warmup_results_0_8_linux2_i7_4790___JRubyTruffle-default-ruby.json#spectralnorm---7
warmup_results_0_8_linux2_i7_4790___JRubyTruffle-default-ruby.json#spectralnorm---27,warmup_results_0_8_linux2_i7_4790___JRubyTruffle-default-ruby.json#spectralnorm---3
warmup_results_0_8_linux2_i7_4790___JRubyTruffle-default-ruby.json#spectralnorm---28,warmup_results_0_8_linux2_i7_4790___JRubyTruffle-default-ruby.json#spectralnorm---7
warmup_results_0_8_linux2_i7_4790___JRubyTruffle-default-ruby.json#spectralnorm---29,warmup_results_0_8_linux2_i7_4790___JRubyTruffle-default-ruby.json#spectralnorm---8
warmup_results_0_8_linux2_i7_4790___JRubyTruffle-default-ruby.json#spectralnorm---3,warmup_results_0_8_linux2_i7_4790___JRubyTruffle-default-ruby.json#spectralnorm---27
warmup_results_0_8_linux2_i7_4790___JRubyTruffle-default-ruby.json#spectralnorm---4,warmup_results_0_8_linux2_i7_4790___JRubyTruffle-default-ruby.json#spectralnorm---12
warmup_results_0_8_linux2_i7_4790___JRubyTruffle-default-ruby.json#spectralnorm---5,warmup_results_0_8_linux2_i7_4790___JRubyTruffle-default-ruby.json#spectralnorm---23
warmup_results_0_8_linux2_i7_4790___JRubyTruffle-default-ruby.json#spectralnorm---6,warmup_results_0_8_linux2_i7_4790___JRubyTruffle-default-ruby.json#spectralnorm---19
warmup_results_0_8_linux2_i7_4790___JRubyTruffle-default-ruby.json#spectralnorm---7,warmup_results_0_8_linux2_i7_4790___JRubyTruffle-default-ruby.json#spectralnorm---0
warmup_results_0_8_linux2_i7_4790___JRubyTruffle-default-ruby.json#spectralnorm---8,warmup_results_0_8_linux2_i7_4790___JRubyTruffle-default-ruby.json#spectralnorm---0
warmup_results_0_8_linux2_i7_4790___JRubyTruffle-default-ruby.json#spectralnorm---9,warmup_results_0_8_linux2_i7_4790___JRubyTruffle-default-ruby.json#spectralnorm---2
warmup_results_0_8_linux2_i7_4790___LuaJIT-default-lua.json#binarytrees---0,warmup_results_0_8_linux2_i7_4790___LuaJIT-default-lua.json#binarytrees---7
warmup_results_0_8_linux2_i7_4790___LuaJIT-default-lua.json#binarytrees---1,warmup_results_0_8_linux2_i7_4790___LuaJIT-default-lua.json#binarytrees---6
warmup_results_0_8_linux2_i7_4790___LuaJIT-default-lua.json#binarytrees---10,warmup_results_0_8_linux2_i7_4790___LuaJIT-default-lua.json#binarytrees---23
warmup_results_0_8_linux2_i7_4790___LuaJIT-default-lua.json#binarytrees---11,warmup_results_0_8_linux2_i7_4790___LuaJIT-default-lua.json#binarytrees---13
warmup_results_0_8_linux2_i7_4790___LuaJIT-default-lua.json#binarytrees---12,warmup_results_0_8_linux2_i7_4790___LuaJIT-default-lua.json#binarytrees---16
warmup_results_0_8_linux2_i7_4790___LuaJIT-default-lua.json#binarytrees---13,warmup_results_0_8_linux2_i7_4790___LuaJIT-default-lua.json#binarytrees---9
warmup_results_0_8_linux2_i7_4790___LuaJIT-default-lua.json#binarytrees---14,warmup_results_0_8_linux2_i7_4790___LuaJIT-default-lua.json#binarytrees---8
warmup_results_0_8_linux2_i7_4790___LuaJIT-default-lua.json#binarytrees---15,warmup_results_0_8_linux2_i7_4790___LuaJIT-default-lua.json#binarytrees---20
warmup_results_0_8_linux2_i7_4790___LuaJIT-default-lua.json#binarytrees---16,warmup_results_0_8_linux2_i7_4790___LuaJIT-default-lua.json#binarytrees---7
warmup_results_0_8_linux2_i7_4790___LuaJIT-default-lua.json#binarytrees---17,warmup_results_0_8_linux2_i7_4790___LuaJIT-default-lua.json#binarytrees---29
warmup_results_0_8_linux2_i7_4790___LuaJIT-default-lua.json#binarytrees---18,warmup_results_0_8_linux2_i7_4790___LuaJIT-default-lua.json#binarytrees---26
warmup_results_0_8_linux2_i7_4790___LuaJIT-default-lua.json#binarytrees---19,warmup_results_0_8_linux2_i7_4790___LuaJIT-default-lua.json#binarytrees---2
warmup_results_0_8_linux2_i7_4790___LuaJIT-default-lua.json#binarytrees---2,warmup_results_0_8_linux2_i7_4790___LuaJIT-default-lua.json#binarytrees---3
warmup_results_0_8_linux2_i7_4790___LuaJIT-default-lua.json#binarytrees---20,warmup_results_0_8_linux2_i7_4790___LuaJIT-default-lua.json#binarytrees---3
warmup_results_0_8_linux2_i7_4790___LuaJIT-default-lua.json#binarytrees---21,warmup_results_0_8_linux2_i7_4790___LuaJIT-default-lua.json#binarytrees---13
warmup_results_0_8_linux2_i7_4790___LuaJIT-default-lua.json#binarytrees---22,warmup_results_0_8_linux2_i7_4790___LuaJIT-default-lua.json#binarytrees---0
warmup_results_0_8_linux2_i7_4790___LuaJIT-default-lua.json#binarytrees---23,warmup_results_0_8_linux2_i7_4790___LuaJIT-default-lua.json#binarytrees---27
warmup_results_0_8_linux2_i7_4790___LuaJIT-default-lua.json#binarytrees---24,warmup_results_0_8_linux2_i7_4790___LuaJIT-default-lua.json#binarytrees---4
warmup_results_0_8_linux2_i7_4790___LuaJIT-default-lua.json#binarytrees---25,warmup_results_0_8_linux2_i7_4790___LuaJIT-default-lua.json#binarytrees---13
warmup_results_0_8_linux2_i7_4790___LuaJIT-default-lua.json#binarytrees---26,warmup_results_0_8_linux2_i7_4790___LuaJIT-default-lua.json#binarytrees---23
warmup_results_0_8_linux2_i7_4790___LuaJIT-default-lua.json#binarytrees---27,warmup_results_0_8_linux2_i7_4790___LuaJIT-default-lua.json#binarytrees---17
warmup_results_0_8_linux2_i7_4790___LuaJIT-default-lua.json#binarytrees---28,warmup_results_0_8_linux2_i7_4790___LuaJIT-default-lua.json#binarytrees---9
warmup_results_0_8_linux2_i7_4790___LuaJIT-default-lua.json#binarytrees---29,warmup_results_0_8_linux2_i7_4790___LuaJIT-default-lua.json#binarytrees---7
warmup_results_0_8_linux2_i7_4790___LuaJIT-default-lua.json#binarytrees---3,warmup_results_0_8_linux2_i7_4790___LuaJIT-default-lua.json#binarytrees---26
warmup_results_0_8_linux2_i7_4790___LuaJIT-default-lua.json#binarytrees---4,warmup_results_0_8_linux2_i7_4790___LuaJIT-default-lua.json#binarytrees---14
warmup_results_0_8_linux2_i7_4790___LuaJIT-default-lua.json#binarytrees---5,warmup_results_0_8_linux2_i7_4790___LuaJIT-default-lua.json#binarytrees---4
warmup_results_0_8_linux2_i7_4790___LuaJIT-default-lua.json#binarytrees---6,warmup_results_0_8_linux2_i7_4790___LuaJIT-default-lua.json#binarytrees---0
warmup_results_0_8_linux2_i7_4790___LuaJIT-default-lua.json#binarytrees---7,warmup_results_0_8_linux2_i7_4790___LuaJIT-default-lua.json#binarytrees---22
warmup_results_0_8_linux2_i7_4790___LuaJIT-default-lua.json#binarytrees---8,warmup_results_0_8_linux2_i7_4790___LuaJIT-default-lua.json#binarytrees---24
warmup_results_0_8_linux2_i7_4790___LuaJIT-default-lua.json#binarytrees---9,warmup_results_0_8_linux2_i7_4790___LuaJIT-default-lua.json#binarytrees---4
warmup_results_0_8_linux2_i7_4790___LuaJIT-default-lua.json#fannkuch_redux---0,warmup_results_0_8_linux2_i7_4790___LuaJIT-default-lua.json#fannkuch_redux---2
warmup_results_0_8_linux2_i7_4790___LuaJIT-default-lua.json#fannkuch_redux---1,warmup_results_0_8_linux2_i7_4790___LuaJIT-default-lua.json#fannkuch_redux---28
warmup_results_0_8_linux2_i7_4790___LuaJIT-default-lua.json#fannkuch_redux---10,warmup_results_0_8_linux2_i7_4790___LuaJIT-default-lua.json#fannkuch_redux---25
warmup_results_0_8_linux2_i7_4790___LuaJIT-default-lua.json#fannkuch_redux---11,warmup_results_0_8_linux2_i7_4790___LuaJIT-default-lua.json#fannkuch_redux---18
warmup_results_0_8_linux2_i7_4790___LuaJIT-default-lua.json#fannkuch_redux---12,warmup_results_0_8_linux2_i7_4790___LuaJIT-default-lua.json#fannkuch_redux---1
warmup_results_0_8_linux2_i7_4790___LuaJIT-default-lua.json#fannkuch_redux---13,warmup_results_0_8_linux2_i7_4790___LuaJIT-default-lua.json#fannkuch_redux---29
warmup_results_0_8_linux2_i7_4790___LuaJIT-default-lua.json#fannkuch_redux---14,warmup_results_0_8_linux2_i7_4790___LuaJIT-default-lua.json#fannkuch_redux---10
warmup_results_0_8_linux2_i7_4790___LuaJIT-default-lua.json#fannkuch_redux---15,warmup_results_0_8_linux2_i7_4790___LuaJIT-default-lua.json#fannkuch_redux---18
warmup_results_0_8_linux2_i7_4790___LuaJIT-default-lua.json#fannkuch_redux---16,warmup_results_0_8_linux2_i7_4790___LuaJIT-default-lua.json#fannkuch_redux---11
warmup_results_0_8_linux2_i7_4790___LuaJIT-default-lua.json#fannkuch_redux---17,warmup_results_0_8_linux2_i7_4790___LuaJIT-default-lua.json#fannkuch_redux---13
warmup_results_0_8_linux2_i7_4790___LuaJIT-default-lua.json#fannkuch_redux---18,warmup_results_0_8_linux2_i7_4790___LuaJIT-default-lua.json#fannkuch_redux---3
warmup_results_0_8_linux2_i7_4790___LuaJIT-default-lua.json#fannkuch_redux---19,warmup_results_0_8_linux2_i7_4790___LuaJIT-default-lua.json#fannkuch_redux---16
warmup_results_0_8_linux2_i7_4790___LuaJIT-default-lua.json#fannkuch_redux---2,warmup_results_0_8_linux2_i7_4790___LuaJIT-default-lua.json#fannkuch_redux---5
warmup_results_0_8_linux2_i7_4790___LuaJIT-default-lua.json#fannkuch_redux---20,warmup_results_0_8_linux2_i7_4790___LuaJIT-default-lua.json#fannkuch_redux---10
warmup_results_0_8_linux2_i7_4790___LuaJIT-default-lua.json#fannkuch_redux---21,warmup_results_0_8_linux2_i7_4790___LuaJIT-default-lua.json#fannkuch_redux---11
warmup_results_0_8_linux2_i7_4790___LuaJIT-default-lua.json#fannkuch_redux---22,warmup_results_0_8_linux2_i7_4790___LuaJIT-default-lua.json#fannkuch_redux---6
warmup_results_0_8_linux2_i7_4790___LuaJIT-default-lua.json#fannkuch_redux---23,warmup_results_0_8_linux2_i7_4790___LuaJIT-default-lua.json#fannkuch_redux---22
warmup_results_0_8_linux2_i7_4790___LuaJIT-default-lua.json#fannkuch_redux---24,warmup_results_0_8_linux2_i7_4790___LuaJIT-default-lua.json#fannkuch_redux---17
warmup_results_0_8_linux2_i7_4790___LuaJIT-default-lua.json#fannkuch_redux---25,warmup_results_0_8_linux2_i7_4790___LuaJIT-default-lua.json#fannkuch_redux---3
warmup_results_0_8_linux2_i7_4790___LuaJIT-default-lua.json#fannkuch_redux---26,warmup_results_0_8_linux2_i7_4790___LuaJIT-default-lua.json#fannkuch_redux---7
warmup_results_0_8_linux2_i7_4790___LuaJIT-default-lua.json#fannkuch_redux---27,warmup_results_0_8_linux2_i7_4790___LuaJIT-default-lua.json#fannkuch_redux---19
warmup_results_0_8_linux2_i7_4790___LuaJIT-default-lua.json#fannkuch_redux---28,warmup_results_0_8_linux2_i7_4790___LuaJIT-default-lua.json#fannkuch_redux---26
warmup_results_0_8_linux2_i7_4790___LuaJIT-default-lua.json#fannkuch_redux---29,warmup_results_0_8_linux2_i7_4790___LuaJIT-default-lua.json#fannkuch_redux---2
warmup_results_0_8_linux2_i7_4790___LuaJIT-default-lua.json#fannkuch_redux---3,warmup_results_0_8_linux2_i7_4790___LuaJIT-default-lua.json#fannkuch_redux---25
warmup_results_0_8_linux2_i7_4790___LuaJIT-default-lua.json#fannkuch_redux---4,warmup_results_0_8_linux2_i7_4790___LuaJIT-default-lua.json#fannkuch_redux---0
warmup_results_0_8_linux2_i7_4790___LuaJIT-default-lua.json#fannkuch_redux---5,warmup_results_0_8_linux2_i7_4790___LuaJIT-default-lua.json#fannkuch_redux---23
warmup_results_0_8_linux2_i7_4790___LuaJIT-default-lua.json#fannkuch_redux---6,warmup_results_0_8_linux2_i7_4790___LuaJIT-default-lua.json#fannkuch_redux---18
warmup_results_0_8_linux2_i7_4790___LuaJIT-default-lua.json#fannkuch_redux---7,warmup_results_0_8_linux2_i7_4790___LuaJIT-default-lua.json#fannkuch_redux---15
warmup_results_0_8_linux2_i7_4790___LuaJIT-default-lua.json#fannkuch_redux---8,warmup_results_0_8_linux2_i7_4790___LuaJIT-default-lua.json#fannkuch_redux---17
warmup_results_0_8_linux2_i7_4790___LuaJIT-default-lua.json#fannkuch_redux---9,warmup_results_0_8_linux2_i7_4790___LuaJIT-default-lua.json#fannkuch_redux---22
warmup_results_0_8_linux2_i7_4790___LuaJIT-default-lua.json#fasta---0,warmup_results_0_8_linux2_i7_4790___LuaJIT-default-lua.json#fasta---1
warmup_results_0_8_linux2_i7_4790___LuaJIT-default-lua.json#fasta---1,warmup_results_0_8_linux2_i7_4790___LuaJIT-default-lua.json#fasta---7
warmup_results_0_8_linux2_i7_4790___LuaJIT-default-lua.json#fasta---10,warmup_results_0_8_linux2_i7_4790___LuaJIT-default-lua.json#fasta---8
warmup_results_0_8_linux2_i7_4790___LuaJIT-default-lua.json#fasta---11,warmup_results_0_8_linux2_i7_4790___LuaJIT-default-lua.json#fasta---19
warmup_results_0_8_linux2_i7_4790___LuaJIT-default-lua.json#fasta---12,warmup_results_0_8_linux2_i7_4790___LuaJIT-default-lua.json#fasta---18
warmup_results_0_8_linux2_i7_4790___LuaJIT-default-lua.json#fasta---13,warmup_results_0_8_linux2_i7_4790___LuaJIT-default-lua.json#fasta---9
warmup_results_0_8_linux2_i7_4790___LuaJIT-default-lua.json#fasta---14,warmup_results_0_8_linux2_i7_4790___LuaJIT-default-lua.json#fasta---15
warmup_results_0_8_linux2_i7_4790___LuaJIT-default-lua.json#fasta---15,warmup_results_0_8_linux2_i7_4790___LuaJIT-default-lua.json#fasta---7
warmup_results_0_8_linux2_i7_4790___LuaJIT-default-lua.json#fasta---16,warmup_results_0_8_linux2_i7_4790___LuaJIT-default-lua.json#fasta---29
warmup_results_0_8_linux2_i7_4790___LuaJIT-default-lua.json#fasta---17,warmup_results_0_8_linux2_i7_4790___LuaJIT-default-lua.json#fasta---6
warmup_results_0_8_linux2_i7_4790___LuaJIT-default-lua.json#fasta---18,warmup_results_0_8_linux2_i7_4790___LuaJIT-default-lua.json#fasta---7
warmup_results_0_8_linux2_i7_4790___LuaJIT-default-lua.json#fasta---19,warmup_results_0_8_linux2_i7_4790___LuaJIT-default-lua.json#fasta---28
warmup_results_0_8_linux2_i7_4790___LuaJIT-default-lua.json#fasta---2,warmup_results_0_8_linux2_i7_4790___LuaJIT-default-lua.json#fasta---16
warmup_results_0_8_linux2_i7_4790___LuaJIT-default-lua.json#fasta---20,warmup_results_0_8_linux2_i7_4790___LuaJIT-default-lua.json#fasta---18
warmup_results_0_8_linux2_i7_4790___LuaJIT-default-lua.json#fasta---21,warmup_results_0_8_linux2_i7_4790___LuaJIT-default-lua.json#fasta---2
warmup_results_0_8_linux2_i7_4790___LuaJIT-default-lua.json#fasta---22,warmup_results_0_8_linux2_i7_4790___LuaJIT-default-lua.json#fasta---3
warmup_results_0_8_linux2_i7_4790___LuaJIT-default-lua.json#fasta---23,warmup_results_0_8_linux2_i7_4790___LuaJIT-default-lua.json#fasta---29
warmup_results_0_8_linux2_i7_4790___LuaJIT-default-lua.json#fasta---24,warmup_results_0_8_linux2_i7_4790___LuaJIT-default-lua.json#fasta---14
warmup_results_0_8_linux2_i7_4790___LuaJIT-default-lua.json#fasta---25,warmup_results_0_8_linux2_i7_4790___LuaJIT-default-lua.json#fasta---1
warmup_results_0_8_linux2_i7_4790___LuaJIT-default-lua.json#fasta---26,warmup_results_0_8_linux2_i7_4790___LuaJIT-default-lua.json#fasta---18
warmup_results_0_8_linux2_i7_4790___LuaJIT-default-lua.json#fasta---27,warmup_results_0_8_linux2_i7_4790___LuaJIT-default-lua.json#fasta---10
warmup_results_0_8_linux2_i7_4790___LuaJIT-default-lua.json#fasta---28,warmup_results_0_8_linux2_i7_4790___LuaJIT-default-lua.json#fasta---14
warmup_results_0_8_linux2_i7_4790___LuaJIT-default-lua.json#fasta---29,warmup_results_0_8_linux2_i7_4790___LuaJIT-default-lua.json#fasta---9
warmup_results_0_8_linux2_i7_4790___LuaJIT-default-lua.json#fasta---3,warmup_results_0_8_linux2_i7_4790___LuaJIT-default-lua.json#fasta---26
warmup_results_0_8_linux2_i7_4790___LuaJIT-default-lua.json#fasta---4,warmup_results_0_8_linux2_i7_4790___LuaJIT-default-lua.json#fasta---8
warmup_results_0_8_linux2_i7_4790___LuaJIT-default-lua.json#fasta---5,warmup_results_0_8_linux2_i7_4790___LuaJIT-default-lua.json#fasta---24
warmup_results_0_8_linux2_i7_4790___LuaJIT-default-lua.json#fasta---6,warmup_results_0_8_linux2_i7_4790___LuaJIT-default-lua.json#fasta---24
warmup_results_0_8_linux2_i7_4790___LuaJIT-default-lua.json#fasta---7,warmup_results_0_8_linux2_i7_4790___LuaJIT-default-lua.json#fasta---5
warmup_results_0_8_linux2_i7_4790___LuaJIT-default-lua.json#fasta---8,warmup_results_0_8_linux2_i7_4790___LuaJIT-default-lua.json#fasta---4
warmup_results_0_8_linux2_i7_4790___LuaJIT-default-lua.json#fasta---9,warmup_results_0_8_linux2_i7_4790___LuaJIT-default-lua.json#fasta---24
warmup_results_0_8_linux2_i7_4790___LuaJIT-default-lua.json#nbody---0,warmup_results_0_8_linux2_i7_4790___LuaJIT-default-lua.json#nbody---18
warmup_results_0_8_linux2_i7_4790___LuaJIT-default-lua.json#nbody---1,warmup_results_0_8_linux2_i7_4790___LuaJIT-default-lua.json#nbody---10
warmup_results_0_8_linux2_i7_4790___LuaJIT-default-lua.json#nbody---10,warmup_results_0_8_linux2_i7_4790___LuaJIT-default-lua.json#nbody---25
warmup_results_0_8_linux2_i7_4790___LuaJIT-default-lua.json#nbody---11,warmup_results_0_8_linux2_i7_4790___LuaJIT-default-lua.json#nbody---9
warmup_results_0_8_linux2_i7_4790___LuaJIT-default-lua.json#nbody---12,warmup_results_0_8_linux2_i7_4790___LuaJIT-default-lua.json#nbody---24
warmup_results_0_8_linux2_i7_4790___LuaJIT-default-lua.json#nbody---13,warmup_results_0_8_linux2_i7_4790___LuaJIT-default-lua.json#nbody---16
warmup_results_0_8_linux2_i7_4790___LuaJIT-default-lua.json#nbody---14,warmup_results_0_8_linux2_i7_4790___LuaJIT-default-lua.json#nbody---23
warmup_results_0_8_linux2_i7_4790___LuaJIT-default-lua.json#nbody---15,warmup_results_0_8_linux2_i7_4790___LuaJIT-default-lua.json#nbody---14
warmup_results_0_8_linux2_i7_4790___LuaJIT-default-lua.json#nbody---16,warmup_results_0_8_linux2_i7_4790___LuaJIT-default-lua.json#nbody---20
warmup_results_0_8_linux2_i7_4790___LuaJIT-default-lua.json#nbody---17,warmup_results_0_8_linux2_i7_4790___LuaJIT-default-lua.json#nbody---25
warmup_results_0_8_linux2_i7_4790___LuaJIT-default-lua.json#nbody---18,warmup_results_0_8_linux2_i7_4790___LuaJIT-default-lua.json#nbody---21
warmup_results_0_8_linux2_i7_4790___LuaJIT-default-lua.json#nbody---19,warmup_results_0_8_linux2_i7_4790___LuaJIT-default-lua.json#nbody---6
warmup_results_0_8_linux2_i7_4790___LuaJIT-default-lua.json#nbody---2,warmup_results_0_8_linux2_i7_4790___LuaJIT-default-lua.json#nbody---7
warmup_results_0_8_linux2_i7_4790___LuaJIT-default-lua.json#nbody---20,warmup_results_0_8_linux2_i7_4790___LuaJIT-default-lua.json#nbody---19
warmup_results_0_8_linux2_i7_4790___LuaJIT-default-lua.json#nbody---21,warmup_results_0_8_linux2_i7_4790___LuaJIT-default-lua.json#nbody---4
warmup_results_0_8_linux2_i7_4790___LuaJIT-default-lua.json#nbody---22,warmup_results_0_8_linux2_i7_4790___LuaJIT-default-lua.json#nbody---10
warmup_results_0_8_linux2_i7_4790___LuaJIT-default-lua.json#nbody---23,warmup_results_0_8_linux2_i7_4790___LuaJIT-default-lua.json#nbody---11
warmup_results_0_8_linux2_i7_4790___LuaJIT-default-lua.json#nbody---24,warmup_results_0_8_linux2_i7_4790___LuaJIT-default-lua.json#nbody---27
warmup_results_0_8_linux2_i7_4790___LuaJIT-default-lua.json#nbody---25,warmup_results_0_8_linux2_i7_4790___LuaJIT-default-lua.json#nbody---13
warmup_results_0_8_linux2_i7_4790___LuaJIT-default-lua.json#nbody---26,warmup_results_0_8_linux2_i7_4790___LuaJIT-default-lua.json#nbody---23
warmup_results_0_8_linux2_i7_4790___LuaJIT-default-lua.json#nbody---27,warmup_results_0_8_linux2_i7_4790___LuaJIT-default-lua.json#nbody---25
warmup_results_0_8_linux2_i7_4790___LuaJIT-default-lua.json#nbody---28,warmup_results_0_8_linux2_i7_4790___LuaJIT-default-lua.json#nbody---14
warmup_results_0_8_linux2_i7_4790___LuaJIT-default-lua.json#nbody---29,warmup_results_0_8_linux2_i7_4790___LuaJIT-default-lua.json#nbody---20
warmup_results_0_8_linux2_i7_4790___LuaJIT-default-lua.json#nbody---3,warmup_results_0_8_linux2_i7_4790___LuaJIT-default-lua.json#nbody---24
warmup_results_0_8_linux2_i7_4790___LuaJIT-default-lua.json#nbody---4,warmup_results_0_8_linux2_i7_4790___LuaJIT-default-lua.json#nbody---24
warmup_results_0_8_linux2_i7_4790___LuaJIT-default-lua.json#nbody---5,warmup_results_0_8_linux2_i7_4790___LuaJIT-default-lua.json#nbody---14
warmup_results_0_8_linux2_i7_4790___LuaJIT-default-lua.json#nbody---6,warmup_results_0_8_linux2_i7_4790___LuaJIT-default-lua.json#nbody---17
warmup_results_0_8_linux2_i7_4790___LuaJIT-default-lua.json#nbody---7,warmup_results_0_8_linux2_i7_4790___LuaJIT-default-lua.json#nbody---2
warmup_results_0_8_linux2_i7_4790___LuaJIT-default-lua.json#nbody---8,warmup_results_0_8_linux2_i7_4790___LuaJIT-default-lua.json#nbody---17
warmup_results_0_8_linux2_i7_4790___LuaJIT-default-lua.json#nbody---9,warmup_results_0_8_linux2_i7_4790___LuaJIT-default-lua.json#nbody---25
warmup_results_0_8_linux2_i7_4790___LuaJIT-default-lua.json#richards---0,warmup_results_0_8_linux2_i7_4790___LuaJIT-default-lua.json#richards---22
warmup_results_0_8_linux2_i7_4790___LuaJIT-default-lua.json#richards---1,warmup_results_0_8_linux2_i7_4790___LuaJIT-default-lua.json#richards---15
warmup_results_0_8_linux2_i7_4790___LuaJIT-default-lua.json#richards---10,warmup_results_0_8_linux2_i7_4790___LuaJIT-default-lua.json#richards---0
warmup_results_0_8_linux2_i7_4790___LuaJIT-default-lua.json#richards---11,warmup_results_0_8_linux2_i7_4790___LuaJIT-default-lua.json#richards---29
warmup_results_0_8_linux2_i7_4790___LuaJIT-default-lua.json#richards---12,warmup_results_0_8_linux2_i7_4790___LuaJIT-default-lua.json#richards---9
warmup_results_0_8_linux2_i7_4790___LuaJIT-default-lua.json#richards---13,warmup_results_0_8_linux2_i7_4790___LuaJIT-default-lua.json#richards---16
warmup_results_0_8_linux2_i7_4790___LuaJIT-default-lua.json#richards---14,warmup_results_0_8_linux2_i7_4790___LuaJIT-default-lua.json#richards---23
warmup_results_0_8_linux2_i7_4790___LuaJIT-default-lua.json#richards---15,warmup_results_0_8_linux2_i7_4790___LuaJIT-default-lua.json#richards---24
warmup_results_0_8_linux2_i7_4790___LuaJIT-default-lua.json#richards---16,warmup_results_0_8_linux2_i7_4790___LuaJIT-default-lua.json#richards---0
warmup_results_0_8_linux2_i7_4790___LuaJIT-default-lua.json#richards---17,warmup_results_0_8_linux2_i7_4790___LuaJIT-default-lua.json#richards---2
warmup_results_0_8_linux2_i7_4790___LuaJIT-default-lua.json#richards---18,warmup_results_0_8_linux2_i7_4790___LuaJIT-default-lua.json#richards---14
warmup_results_0_8_linux2_i7_4790___LuaJIT-default-lua.json#richards---19,warmup_results_0_8_linux2_i7_4790___LuaJIT-default-lua.json#richards---25
warmup_results_0_8_linux2_i7_4790___LuaJIT-default-lua.json#richards---2,warmup_results_0_8_linux2_i7_4790___LuaJIT-default-lua.json#richards---22
warmup_results_0_8_linux2_i7_4790___LuaJIT-default-lua.json#richards---20,warmup_results_0_8_linux2_i7_4790___LuaJIT-default-lua.json#richards---14
warmup_results_0_8_linux2_i7_4790___LuaJIT-default-lua.json#richards---21,warmup_results_0_8_linux2_i7_4790___LuaJIT-default-lua.json#richards---2
warmup_results_0_8_linux2_i7_4790___LuaJIT-default-lua.json#richards---22,warmup_results_0_8_linux2_i7_4790___LuaJIT-default-lua.json#richards---17
warmup_results_0_8_linux2_i7_4790___LuaJIT-default-lua.json#richards---23,warmup_results_0_8_linux2_i7_4790___LuaJIT-default-lua.json#richards---5
warmup_results_0_8_linux2_i7_4790___LuaJIT-default-lua.json#richards---24,warmup_results_0_8_linux2_i7_4790___LuaJIT-default-lua.json#richards---9
warmup_results_0_8_linux2_i7_4790___LuaJIT-default-lua.json#richards---25,warmup_results_0_8_linux2_i7_4790___LuaJIT-default-lua.json#richards---14
warmup_results_0_8_linux2_i7_4790___LuaJIT-default-lua.json#richards---26,warmup_results_0_8_linux2_i7_4790___LuaJIT-default-lua.json#richards---3
warmup_results_0_8_linux2_i7_4790___LuaJIT-default-lua.json#richards---27,warmup_results_0_8_linux2_i7_4790___LuaJIT-default-lua.json#richards---17
warmup_results_0_8_linux2_i7_4790___LuaJIT-default-lua.json#richards---28,warmup_results_0_8_linux2_i7_4790___LuaJIT-default-lua.json#richards---19
warmup_results_0_8_linux2_i7_4790___LuaJIT-default-lua.json#richards---29,warmup_results_0_8_linux2_i7_4790___LuaJIT-default-lua.json#richards---15
warmup_results_0_8_linux2_i7_4790___LuaJIT-default-lua.json#richards---3,warmup_results_0_8_linux2_i7_4790___LuaJIT-default-lua.json#richards---7
warmup_results_0_8_linux2_i7_4790___LuaJIT-default-lua.json#richards---4,warmup_results_0_8_linux2_i7_4790___LuaJIT-default-lua.json#richards---13
warmup_results_0_8_linux2_i7_4790___LuaJIT-default-lua.json#richards---5,warmup_results_0_8_linux2_i7_4790___LuaJIT-default-lua.json#richards---22
warmup_results_0_8_linux2_i7_4790___LuaJIT-default-lua.json#richards---6,warmup_results_0_8_linux2_i7_4790___LuaJIT-default-lua.json#richards---26
warmup_results_0_8_linux2_i7_4790___LuaJIT-default-lua.json#richards---7,warmup_results_0_8_linux2_i7_4790___LuaJIT-default-lua.json#richards---1
warmup_results_0_8_linux2_i7_4790___LuaJIT-default-lua.json#richards---8,warmup_results_0_8_linux2_i7_4790___LuaJIT-default-lua.json#richards---19
warmup_results_0_8_linux2_i7_4790___LuaJIT-default-lua.json#richards---9,warmup_results_0_8_linux2_i7_4790___LuaJIT-default-lua.json#richards---10
warmup_results_0_8_linux2_i7_4790___LuaJIT-default-lua.json#spectralnorm---0,warmup_results_0_8_linux2_i7_4790___LuaJIT-default-lua.json#spectralnorm---17
warmup_results_0_8_linux2_i7_4790___LuaJIT-default-lua.json#spectralnorm---1,warmup_results_0_8_linux2_i7_4790___LuaJIT-default-lua.json#spectralnorm---13
warmup_results_0_8_linux2_i7_4790___LuaJIT-default-lua.json#spectralnorm---10,warmup_results_0_8_linux2_i7_4790___LuaJIT-default-lua.json#spectralnorm---7
warmup_results_0_8_linux2_i7_4790___LuaJIT-default-lua.json#spectralnorm---11,warmup_results_0_8_linux2_i7_4790___LuaJIT-default-lua.json#spectralnorm---12
warmup_results_0_8_linux2_i7_4790___LuaJIT-default-lua.json#spectralnorm---12,warmup_results_0_8_linux2_i7_4790___LuaJIT-default-lua.json#spectralnorm---26
warmup_results_0_8_linux2_i7_4790___LuaJIT-default-lua.json#spectralnorm---13,warmup_results_0_8_linux2_i7_4790___LuaJIT-default-lua.json#spectralnorm---9
warmup_results_0_8_linux2_i7_4790___LuaJIT-default-lua.json#spectralnorm---14,warmup_results_0_8_linux2_i7_4790___LuaJIT-default-lua.json#spectralnorm---29
warmup_results_0_8_linux2_i7_4790___LuaJIT-default-lua.json#spectralnorm---15,warmup_results_0_8_linux2_i7_4790___LuaJIT-default-lua.json#spectralnorm---26
warmup_results_0_8_linux2_i7_4790___LuaJIT-default-lua.json#spectralnorm---16,warmup_results_0_8_linux2_i7_4790___LuaJIT-default-lua.json#spectralnorm---24
warmup_results_0_8_linux2_i7_4790___LuaJIT-default-lua.json#spectralnorm---17,warmup_results_0_8_linux2_i7_4790___LuaJIT-default-lua.json#spectralnorm---6
warmup_results_0_8_linux2_i7_4790___LuaJIT-default-lua.json#spectralnorm---18,warmup_results_0_8_linux2_i7_4790___LuaJIT-default-lua.json#spectralnorm---14
warmup_results_0_8_linux2_i7_4790___LuaJIT-default-lua.json#spectralnorm---19,warmup_results_0_8_linux2_i7_4790___LuaJIT-default-lua.json#spectralnorm---6
warmup_results_0_8_linux2_i7_4790___LuaJIT-default-lua.json#spectralnorm---2,warmup_results_0_8_linux2_i7_4790___LuaJIT-default-lua.json#spectralnorm---25
warmup_results_0_8_linux2_i7_4790___LuaJIT-default-lua.json#spectralnorm---20,warmup_results_0_8_linux2_i7_4790___LuaJIT-default-lua.json#spectralnorm---19
warmup_results_0_8_linux2_i7_4790___LuaJIT-default-lua.json#spectralnorm---21,warmup_results_0_8_linux2_i7_4790___LuaJIT-default-lua.json#spectralnorm---8
warmup_results_0_8_linux2_i7_4790___LuaJIT-default-lua.json#spectralnorm---22,warmup_results_0_8_linux2_i7_4790___LuaJIT-default-lua.json#spectralnorm---28
warmup_results_0_8_linux2_i7_4790___LuaJIT-default-lua.json#spectralnorm---23,warmup_results_0_8_linux2_i7_4790___LuaJIT-default-lua.json#spectralnorm---21
warmup_results_0_8_linux2_i7_4790___LuaJIT-default-lua.json#spectralnorm---24,warmup_results_0_8_linux2_i7_4790___LuaJIT-default-lua.json#spectralnorm---17
warmup_results_0_8_linux2_i7_4790___LuaJIT-default-lua.json#spectralnorm---25,warmup_results_0_8_linux2_i7_4790___LuaJIT-default-lua.json#spectralnorm---11
warmup_results_0_8_linux2_i7_4790___LuaJIT-default-lua.json#spectralnorm---26,warmup_results_0_8_linux2_i7_4790___LuaJIT-default-lua.json#spectralnorm---2
warmup_results_0_8_linux2_i7_4790___LuaJIT-default-lua.json#spectralnorm---27,warmup_results_0_8_linux2_i7_4790___LuaJIT-default-lua.json#spectralnorm---17
warmup_results_0_8_linux2_i7_4790___LuaJIT-default-lua.json#spectralnorm---28,warmup_results_0_8_linux2_i7_4790___LuaJIT-default-lua.json#spectralnorm---14
warmup_results_0_8_linux2_i7_4790___LuaJIT-default-lua.json#spectralnorm---29,warmup_results_0_8_linux2_i7_4790___LuaJIT-default-lua.json#spectralnorm---6
warmup_results_0_8_linux2_i7_4790___LuaJIT-default-lua.json#spectralnorm---3,warmup_results_0_8_linux2_i7_4790___LuaJIT-default-lua.json#spectralnorm---28
warmup_results_0_8_linux2_i7_4790___LuaJIT-default-lua.json#spectralnorm---4,warmup_results_0_8_linux2_i7_4790___LuaJIT-default-lua.json#spectralnorm---26
warmup_results_0_8_linux2_i7_4790___LuaJIT-default-lua.json#spectralnorm---5,warmup_results_0_8_linux2_i7_4790___LuaJIT-default-lua.json#spectralnorm---29
warmup_results_0_8_linux2_i7_4790___LuaJIT-default-lua.json#spectralnorm---6,warmup_results_0_8_linux2_i7_4790___LuaJIT-default-lua.json#spectralnorm---10
warmup_results_0_8_linux2_i7_4790___LuaJIT-default-lua.json#spectralnorm---7,warmup_results_0_8_linux2_i7_4790___LuaJIT-default-lua.json#spectralnorm---14
warmup_results_0_8_linux2_i7_4790___LuaJIT-default-lua.json#spectralnorm---8,warmup_results_0_8_linux2_i7_4790___LuaJIT-default-lua.json#spectralnorm---28
warmup_results_0_8_linux2_i7_4790___LuaJIT-default-lua.json#spectralnorm---9,warmup_results_0_8_linux2_i7_4790___LuaJIT-default-lua.json#spectralnorm---2
warmup_results_0_8_linux2_i7_4790___V8-default-javascript.json#binarytrees---0,warmup_results_0_8_linux2_i7_4790___V8-default-javascript.json#binarytrees---6
warmup_results_0_8_linux2_i7_4790___V8-default-javascript.json#binarytrees---1,warmup_results_0_8_linux2_i7_4790___V8-default-javascript.json#binarytrees---16
warmup_results_0_8_linux2_i7_4790___V8-default-javascript.json#binarytrees---10,warmup_results_0_8_linux2_i7_4790___V8-default-javascript.json#binarytrees---17
warmup_results_0_8_linux2_i7_4790___V8-default-javascript.json#binarytrees---11,warmup_results_0_8_linux2_i7_4790___V8-default-javascript.json#binarytrees---8
warmup_results_0_8_linux2_i7_4790___V8-default-javascript.json#binarytrees---12,warmup_results_0_8_linux2_i7_4790___V8-default-javascript.json#binarytrees---28
warmup_results_0_8_linux2_i7_4790___V8-default-javascript.json#binarytrees---13,warmup_results_0_8_linux2_i7_4790___V8-default-javascript.json#binarytrees---3
warmup_results_0_8_linux2_i7_4790___V8-default-javascript.json#binarytrees---14,warmup_results_0_8_linux2_i7_4790___V8-default-javascript.json#binarytrees---26
warmup_results_0_8_linux2_i7_4790___V8-default-javascript.json#binarytrees---15,warmup_results_0_8_linux2_i7_4790___V8-default-javascript.json#binarytrees---28
warmup_results_0_8_linux2_i7_4790___V8-default-javascript.json#binarytrees---16,warmup_results_0_8_linux2_i7_4790___V8-default-javascript.json#binarytrees---0
warmup_results_0_8_linux2_i7_4790___V8-default-javascript.json#binarytrees---17,warmup_results_0_8_linux2_i7_4790___V8-default-javascript.json#binarytrees---25
warmup_results_0_8_linux2_i7_4790___V8-default-javascript.json#binarytrees---18,warmup_results_0_8_linux2_i7_4790___V8-default-javascript.json#binarytrees---17
warmup_results_0_8_linux2_i7_4790___V8-default-javascript.json#binarytrees---19,warmup_results_0_8_linux2_i7_4790___V8-default-javascript.json#binarytrees---27
warmup_results_0_8_linux2_i7_4790___V8-default-javascript.json#binarytrees---2,warmup_results_0_8_linux2_i7_4790___V8-default-javascript.json#binarytrees---3
warmup_results_0_8_linux2_i7_4790___V8-default-javascript.json#binarytrees---20,warmup_results_0_8_linux2_i7_4790___V8-default-javascript.json#binarytrees---18
warmup_results_0_8_linux2_i7_4790___V8-default-javascript.json#binarytrees---21,warmup_results_0_8_linux2_i7_4790___V8-default-javascript.json#binarytrees---22
warmup_results_0_8_linux2_i7_4790___V8-default-javascript.json#binarytrees---22,warmup_results_0_8_linux2_i7_4790___V8-default-javascript.json#binarytrees---29
warmup_results_0_8_linux2_i7_4790___V8-default-javascript.json#binarytrees---23,warmup_results_0_8_linux2_i7_4790___V8-default-javascript.json#binarytrees---15
warmup_results_0_8_linux2_i7_4790___V8-default-javascript.json#binarytrees---24,warmup_results_0_8_linux2_i7_4790___V8-default-javascript.json#binarytrees---14
warmup_results_0_8_linux2_i7_4790___V8-default-javascript.json#binarytrees---25,warmup_results_0_8_linux2_i7_4790___V8-default-javascript.json#binarytrees---29
warmup_results_0_8_linux2_i7_4790___V8-default-javascript.json#binarytrees---26,warmup_results_0_8_linux2_i7_4790___V8-default-javascript.json#binarytrees---6
warmup_results_0_8_linux2_i7_4790___V8-default-javascript.json#binarytrees---27,warmup_results_0_8_linux2_i7_4790___V8-default-javascript.json#binarytrees---14
warmup_results_0_8_linux2_i7_4790___V8-default-javascript.json#binarytrees---28,warmup_results_0_8_linux2_i7_4790___V8-default-javascript.json#binarytrees---5
warmup_results_0_8_linux2_i7_4790___V8-default-javascript.json#binarytrees---29,warmup_results_0_8_linux2_i7_4790___V8-default-javascript.json#binarytrees---24
warmup_results_0_8_linux2_i7_4790___V8-default-javascript.json#binarytrees---3,warmup_results_0_8_linux2_i7_4790___V8-default-javascript.json#binarytrees---14
warmup_results_0_8_linux2_i7_4790___V8-default-javascript.json#binarytrees---4,warmup_results_0_8_linux2_i7_4790___V8-default-javascript.json#binarytrees---6
warmup_results_0_8_linux2_i7_4790___V8-default-javascript.json#binarytrees---5,warmup_results_0_8_linux2_i7_4790___V8-default-javascript.json#binarytrees---25
warmup_results_0_8_linux2_i7_4790___V8-default-javascript.json#binarytrees---6,warmup_results_0_8_linux2_i7_4790___V8-default-javascript.json#binarytrees---26
warmup_results_0_8_linux2_i7_4790___V8-default-javascript.json#binarytrees---7,warmup_results_0_8_linux2_i7_4790___V8-default-javascript.json#binarytrees---18
warmup_results_0_8_linux2_i7_4790___V8-default-javascript.json#binarytrees---8,warmup_results_0_8_linux2_i7_4790___V8-default-javascript.json#binarytrees---12
warmup_results_0_8_linux2_i7_4790___V8-default-javascript.json#binarytrees---9,warmup_results_0_8_linux2_i7_4790___V8-default-javascript.json#binarytrees---14
warmup_results_0_8_linux2_i7_4790___V8-default-javascript.json#fannkuch_redux---0,warmup_results_0_8_linux2_i7_4790___V8-default-javascript.json#fannkuch_redux---22
warmup_results_0_8_linux2_i7_4790___V8-default-javascript.json#fannkuch_redux---1,warmup_results_0_8_linux2_i7_4790___V8-default-javascript.json#fannkuch_redux---11
warmup_results_0_8_linux2_i7_4790___V8-default-javascript.json#fannkuch_redux---10,warmup_results_0_8_linux2_i7_4790___V8-default-javascript.json#fannkuch_redux---25
warmup_results_0_8_linux2_i7_4790___V8-default-javascript.json#fannkuch_redux---11,warmup_results_0_8_linux2_i7_4790___V8-default-javascript.json#fannkuch_redux---2
warmup_results_0_8_linux2_i7_4790___V8-default-javascript.json#fannkuch_redux---12,warmup_results_0_8_linux2_i7_4790___V8-default-javascript.json#fannkuch_redux---2
warmup_results_0_8_linux2_i7_4790___V8-default-javascript.json#fannkuch_redux---13,warmup_results_0_8_linux2_i7_4790___V8-default-javascript.json#fannkuch_redux---19
warmup_results_0_8_linux2_i7_4790___V8-default-javascript.json#fannkuch_redux---14,warmup_results_0_8_linux2_i7_4790___V8-default-javascript.json#fannkuch_redux---18
warmup_results_0_8_linux2_i7_4790___V8-default-javascript.json#fannkuch_redux---15,warmup_results_0_8_linux2_i7_4790___V8-default-javascript.json#fannkuch_redux---13
warmup_results_0_8_linux2_i7_4790___V8-default-javascript.json#fannkuch_redux---16,warmup_results_0_8_linux2_i7_4790___V8-default-javascript.json#fannkuch_redux---15
warmup_results_0_8_linux2_i7_4790___V8-default-javascript.json#fannkuch_redux---17,warmup_results_0_8_linux2_i7_4790___V8-default-javascript.json#fannkuch_redux---7
warmup_results_0_8_linux2_i7_4790___V8-default-javascript.json#fannkuch_redux---18,warmup_results_0_8_linux2_i7_4790___V8-default-javascript.json#fannkuch_redux---21
warmup_results_0_8_linux2_i7_4790___V8-default-javascript.json#fannkuch_redux---19,warmup_results_0_8_linux2_i7_4790___V8-default-javascript.json#fannkuch_redux---5
warmup_results_0_8_linux2_i7_4790___V8-default-javascript.json#fannkuch_redux---2,warmup_results_0_8_linux2_i7_4790___V8-default-javascript.json#fannkuch_redux---13
warmup_results_0_8_linux2_i7_4790___V8-default-javascript.json#fannkuch_redux---20,warmup_results_0_8_linux2_i7_4790___V8-default-javascript.json#fannkuch_redux---21
warmup_results_0_8_linux2_i7_4790___V8-default-javascript.json#fannkuch_redux---21,warmup_results_0_8_linux2_i7_4790___V8-default-javascript.json#fannkuch_redux---29
warmup_results_0_8_linux2_i7_4790___V8-default-javascript.json#fannkuch_redux---22,warmup_results_0_8_linux2_i7_4790___V8-default-javascript.json#fannkuch_redux---17
warmup_results_0_8_linux2_i7_4790___V8-default-javascript.json#fannkuch_redux---23,warmup_results_0_8_linux2_i7_4790___V8-default-javascript.json#fannkuch_redux---4
warmup_results_0_8_linux2_i7_4790___V8-default-javascript.json#fannkuch_redux---24,warmup_results_0_8_linux2_i7_4790___V8-default-javascript.json#fannkuch_redux---3
warmup_results_0_8_linux2_i7_4790___V8-default-javascript.json#fannkuch_redux---25,warmup_results_0_8_linux2_i7_4790___V8-default-javascript.json#fannkuch_redux---8
warmup_results_0_8_linux2_i7_4790___V8-default-javascript.json#fannkuch_redux---26,warmup_results_0_8_linux2_i7_4790___V8-default-javascript.json#fannkuch_redux---12
warmup_results_0_8_linux2_i7_4790___V8-default-javascript.json#fannkuch_redux---27,warmup_results_0_8_linux2_i7_4790___V8-default-javascript.json#fannkuch_redux---21
warmup_results_0_8_linux2_i7_4790___V8-default-javascript.json#fannkuch_redux---28,warmup_results_0_8_linux2_i7_4790___V8-default-javascript.json#fannkuch_redux---29
warmup_results_0_8_linux2_i7_4790___V8-default-javascript.json#fannkuch_redux---29,warmup_results_0_8_linux2_i7_4790___V8-default-javascript.json#fannkuch_redux---7
warmup_results_0_8_linux2_i7_4790___V8-default-javascript.json#fannkuch_redux---3,warmup_results_0_8_linux2_i7_4790___V8-default-javascript.json#fannkuch_redux---6
warmup_results_0_8_linux2_i7_4790___V8-default-javascript.json#fannkuch_redux---4,warmup_results_0_8_linux2_i7_4790___V8-default-javascript.json#fannkuch_redux---24
warmup_results_0_8_linux2_i7_4790___V8-default-javascript.json#fannkuch_redux---5,warmup_results_0_8_linux2_i7_4790___V8-default-javascript.json#fannkuch_redux---11
warmup_results_0_8_linux2_i7_4790___V8-default-javascript.json#fannkuch_redux---6,warmup_results_0_8_linux2_i7_4790___V8-default-javascript.json#fannkuch_redux---15
warmup_results_0_8_linux2_i7_4790___V8-default-javascript.json#fannkuch_redux---7,warmup_results_0_8_linux2_i7_4790___V8-default-javascript.json#fannkuch_redux---3
warmup_results_0_8_linux2_i7_4790___V8-default-javascript.json#fannkuch_redux---8,warmup_results_0_8_linux2_i7_4790___V8-default-javascript.json#fannkuch_redux---16
warmup_results_0_8_linux2_i7_4790___V8-default-javascript.json#fannkuch_redux---9,warmup_results_0_8_linux2_i7_4790___V8-default-javascript.json#fannkuch_redux---17
warmup_results_0_8_linux2_i7_4790___V8-default-javascript.json#fasta---0,warmup_results_0_8_linux2_i7_4790___V8-default-javascript.json#fasta---20
warmup_results_0_8_linux2_i7_4790___V8-default-javascript.json#fasta---1,warmup_results_0_8_linux2_i7_4790___V8-default-javascript.json#fasta---15
warmup_results_0_8_linux2_i7_4790___V8-default-javascript.json#fasta---10,warmup_results_0_8_linux2_i7_4790___V8-default-javascript.json#fasta---16
warmup_results_0_8_linux2_i7_4790___V8-default-javascript.json#fasta---11,warmup_results_0_8_linux2_i7_4790___V8-default-javascript.json#fasta---16
warmup_results_0_8_linux2_i7_4790___V8-default-javascript.json#fasta---12,warmup_results_0_8_linux2_i7_4790___V8-default-javascript.json#fasta---20
warmup_results_0_8_linux2_i7_4790___V8-default-javascript.json#fasta---13,warmup_results_0_8_linux2_i7_4790___V8-default-javascript.json#fasta---18
warmup_results_0_8_linux2_i7_4790___V8-default-javascript.json#fasta---14,warmup_results_0_8_linux2_i7_4790___V8-default-javascript.json#fasta---7
warmup_results_0_8_linux2_i7_4790___V8-default-javascript.json#fasta---15,warmup_results_0_8_linux2_i7_4790___V8-default-javascript.json#fasta---14
warmup_results_0_8_linux2_i7_4790___V8-default-javascript.json#fasta---16,warmup_results_0_8_linux2_i7_4790___V8-default-javascript.json#fasta---21
warmup_results_0_8_linux2_i7_4790___V8-default-javascript.json#fasta---17,warmup_results_0_8_linux2_i7_4790___V8-default-javascript.json#fasta---24
warmup_results_0_8_linux2_i7_4790___V8-default-javascript.json#fasta---18,warmup_results_0_8_linux2_i7_4790___V8-default-javascript.json#fasta---25
warmup_results_0_8_linux2_i7_4790___V8-default-javascript.json#fasta---19,warmup_results_0_8_linux2_i7_4790___V8-default-javascript.json#fasta---13
warmup_results_0_8_linux2_i7_4790___V8-default-javascript.json#fasta---2,warmup_results_0_8_linux2_i7_4790___V8-default-javascript.json#fasta---7
warmup_results_0_8_linux2_i7_4790___V8-default-javascript.json#fasta---20,warmup_results_0_8_linux2_i7_4790___V8-default-javascript.json#fasta---6
warmup_results_0_8_linux2_i7_4790___V8-default-javascript.json#fasta---21,warmup_results_0_8_linux2_i7_4790___V8-default-javascript.json#fasta---5
warmup_results_0_8_linux2_i7_4790___V8-default-javascript.json#fasta---22,warmup_results_0_8_linux2_i7_4790___V8-default-javascript.json#fasta---10
warmup_results_0_8_linux2_i7_4790___V8-default-javascript.json#fasta---23,warmup_results_0_8_linux2_i7_4790___V8-default-javascript.json#fasta---24
warmup_results_0_8_linux2_i7_4790___V8-default-javascript.json#fasta---24,warmup_results_0_8_linux2_i7_4790___V8-default-javascript.json#fasta---13
warmup_results_0_8_linux2_i7_4790___V8-default-javascript.json#fasta---25,warmup_results_0_8_linux2_i7_4790___V8-default-javascript.json#fasta---0
warmup_results_0_8_linux2_i7_4790___V8-default-javascript.json#fasta---26,warmup_results_0_8_linux2_i7_4790___V8-default-javascript.json#fasta---19
warmup_results_0_8_linux2_i7_4790___V8-default-javascript.json#fasta---27,warmup_results_0_8_linux2_i7_4790___V8-default-javascript.json#fasta---13
warmup_results_0_8_linux2_i7_4790___V8-default-javascript.json#fasta---28,warmup_results_0_8_linux2_i7_4790___V8-default-javascript.json#fasta---13
warmup_results_0_8_linux2_i7_4790___V8-default-javascript.json#fasta---29,warmup_results_0_8_linux2_i7_4790___V8-default-javascript.json#fasta---17
warmup_results_0_8_linux2_i7_4790___V8-default-javascript.json#fasta---3,warmup_results_0_8_linux2_i7_4790___V8-default-javascript.json#fasta---14
warmup_results_0_8_linux2_i7_4790___V8-default-javascript.json#fasta---4,warmup_results_0_8_linux2_i7_4790___V8-default-javascript.json#fasta---23
warmup_results_0_8_linux2_i7_4790___V8-default-javascript.json#fasta---5,warmup_results_0_8_linux2_i7_4790___V8-default-javascript.json#fasta---28
warmup_results_0_8_linux2_i7_4790___V8-default-javascript.json#fasta---6,warmup_results_0_8_linux2_i7_4790___V8-default-javascript.json#fasta---21
warmup_results_0_8_linux2_i7_4790___V8-default-javascript.json#fasta---7,warmup_results_0_8_linux2_i7_4790___V8-default-javascript.json#fasta---11
warmup_results_0_8_linux2_i7_4790___V8-default-javascript.json#fasta---8,warmup_results_0_8_linux2_i7_4790___V8-default-javascript.json#fasta---6
warmup_results_0_8_linux2_i7_4790___V8-default-javascript.json#fasta---9,warmup_results_0_8_linux2_i7_4790___V8-default-javascript.json#fasta---22
warmup_results_0_8_linux2_i7_4790___V8-default-javascript.json#nbody---0,warmup_results_0_8_linux2_i7_4790___V8-default-javascript.json#nbody---16
warmup_results_0_8_linux2_i7_4790___V8-default-javascript.json#nbody---1,warmup_results_0_8_linux2_i7_4790___V8-default-javascript.json#nbody---8
warmup_results_0_8_linux2_i7_4790___V8-default-javascript.json#nbody---10,warmup_results_0_8_linux2_i7_4790___V8-default-javascript.json#nbody---6
warmup_results_0_8_linux2_i7_4790___V8-default-javascript.json#nbody---11,warmup_results_0_8_linux2_i7_4790___V8-default-javascript.json#nbody---4
warmup_results_0_8_linux2_i7_4790___V8-default-javascript.json#nbody---12,warmup_results_0_8_linux2_i7_4790___V8-default-javascript.json#nbody---18
warmup_results_0_8_linux2_i7_4790___V8-default-javascript.json#nbody---13,warmup_results_0_8_linux2_i7_4790___V8-default-javascript.json#nbody---22
warmup_results_0_8_linux2_i7_4790___V8-default-javascript.json#nbody---14,warmup_results_0_8_linux2_i7_4790___V8-default-javascript.json#nbody---8
warmup_results_0_8_linux2_i7_4790___V8-default-javascript.json#nbody---15,warmup_results_0_8_linux2_i7_4790___V8-default-javascript.json#nbody---7
warmup_results_0_8_linux2_i7_4790___V8-default-javascript.json#nbody---16,warmup_results_0_8_linux2_i7_4790___V8-default-javascript.json#nbody---1
warmup_results_0_8_linux2_i7_4790___V8-default-javascript.json#nbody---17,warmup_results_0_8_linux2_i7_4790___V8-default-javascript.json#nbody---9
warmup_results_0_8_linux2_i7_4790___V8-default-javascript.json#nbody---18,warmup_results_0_8_linux2_i7_4790___V8-default-javascript.json#nbody---28
warmup_results_0_8_linux2_i7_4790___V8-default-javascript.json#nbody---19,warmup_results_0_8_linux2_i7_4790___V8-default-javascript.json#nbody---2
warmup_results_0_8_linux2_i7_4790___V8-default-javascript.json#nbody---2,warmup_results_0_8_linux2_i7_4790___V8-default-javascript.json#nbody---14
warmup_results_0_8_linux2_i7_4790___V8-default-javascript.json#nbody---20,warmup_results_0_8_linux2_i7_4790___V8-default-javascript.json#nbody---16
warmup_results_0_8_linux2_i7_4790___V8-default-javascript.json#nbody---21,warmup_results_0_8_linux2_i7_4790___V8-default-javascript.json#nbody---10
warmup_results_0_8_linux2_i7_4790___V8-default-javascript.json#nbody---22,warmup_results_0_8_linux2_i7_4790___V8-default-javascript.json#nbody---15
warmup_results_0_8_linux2_i7_4790___V8-default-javascript.json#nbody---23,warmup_results_0_8_linux2_i7_4790___V8-default-javascript.json#nbody---1
warmup_results_0_8_linux2_i7_4790___V8-default-javascript.json#nbody---24,warmup_results_0_8_linux2_i7_4790___V8-default-javascript.json#nbody---16
warmup_results_0_8_linux2_i7_4790___V8-default-javascript.json#nbody---25,warmup_results_0_8_linux2_i7_4790___V8-default-javascript.json#nbody---14
warmup_results_0_8_linux2_i7_4790___V8-default-javascript.json#nbody---26,warmup_results_0_8_linux2_i7_4790___V8-default-javascript.json#nbody---29
warmup_results_0_8_linux2_i7_4790___V8-default-javascript.json#nbody---27,warmup_results_0_8_linux2_i7_4790___V8-default-javascript.json#nbody---5
warmup_results_0_8_linux2_i7_4790___V8-default-javascript.json#nbody---28,warmup_results_0_8_linux2_i7_4790___V8-default-javascript.json#nbody---27
warmup_results_0_8_linux2_i7_4790___V8-default-javascript.json#nbody---29,warmup_results_0_8_linux2_i7_4790___V8-default-javascript.json#nbody---23
warmup_results_0_8_linux2_i7_4790___V8-default-javascript.json#nbody---3,warmup_results_0_8_linux2_i7_4790___V8-default-javascript.json#nbody---14
warmup_results_0_8_linux2_i7_4790___V8-default-javascript.json#nbody---4,warmup_results_0_8_linux2_i7_4790___V8-default-javascript.json#nbody---14
warmup_results_0_8_linux2_i7_4790___V8-default-javascript.json#nbody---5,warmup_results_0_8_linux2_i7_4790___V8-default-javascript.json#nbody---20
warmup_results_0_8_linux2_i7_4790___V8-default-javascript.json#nbody---6,warmup_results_0_8_linux2_i7_4790___V8-default-javascript.json#nbody---17
warmup_results_0_8_linux2_i7_4790___V8-default-javascript.json#nbody---7,warmup_results_0_8_linux2_i7_4790___V8-default-javascript.json#nbody---8
warmup_results_0_8_linux2_i7_4790___V8-default-javascript.json#nbody---8,warmup_results_0_8_linux2_i7_4790___V8-default-javascript.json#nbody---22
warmup_results_0_8_linux2_i7_4790___V8-default-javascript.json#nbody---9,warmup_results_0_8_linux2_i7_4790___V8-default-javascript.json#nbody---22
warmup_results_0_8_linux2_i7_4790___V8-default-javascript.json#richards---0,warmup_results_0_8_linux2_i7_4790___V8-default-javascript.json#richards---27
warmup_results_0_8_linux2_i7_4790___V8-default-javascript.json#richards---1,warmup_results_0_8_linux2_i7_4790___V8-default-javascript.json#richards---22
warmup_results_0_8_linux2_i7_4790___V8-default-javascript.json#richards---10,warmup_results_0_8_linux2_i7_4790___V8-default-javascript.json#richards---12
warmup_results_0_8_linux2_i7_4790___V8-default-javascript.json#richards---11,warmup_results_0_8_linux2_i7_4790___V8-default-javascript.json#richards---8
warmup_results_0_8_linux2_i7_4790___V8-default-javascript.json#richards---12,warmup_results_0_8_linux2_i7_4790___V8-default-javascript.json#richards---23
warmup_results_0_8_linux2_i7_4790___V8-default-javascript.json#richards---13,warmup_results_0_8_linux2_i7_4790___V8-default-javascript.json#richards---26
warmup_results_0_8_linux2_i7_4790___V8-default-javascript.json#richards---14,warmup_results_0_8_linux2_i7_4790___V8-default-javascript.json#richards---1
warmup_results_0_8_linux2_i7_4790___V8-default-javascript.json#richards---15,warmup_results_0_8_linux2_i7_4790___V8-default-javascript.json#richards---8
warmup_results_0_8_linux2_i7_4790___V8-default-javascript.json#richards---16,warmup_results_0_8_linux2_i7_4790___V8-default-javascript.json#richards---12
warmup_results_0_8_linux2_i7_4790___V8-default-javascript.json#richards---17,warmup_results_0_8_linux2_i7_4790___V8-default-javascript.json#richards---26
warmup_results_0_8_linux2_i7_4790___V8-default-javascript.json#richards---18,warmup_results_0_8_linux2_i7_4790___V8-default-javascript.json#richards---29
warmup_results_0_8_linux2_i7_4790___V8-default-javascript.json#richards---19,warmup_results_0_8_linux2_i7_4790___V8-default-javascript.json#richards---13
warmup_results_0_8_linux2_i7_4790___V8-default-javascript.json#richards---2,warmup_results_0_8_linux2_i7_4790___V8-default-javascript.json#richards---18
warmup_results_0_8_linux2_i7_4790___V8-default-javascript.json#richards---20,warmup_results_0_8_linux2_i7_4790___V8-default-javascript.json#richards---28
warmup_results_0_8_linux2_i7_4790___V8-default-javascript.json#richards---21,warmup_results_0_8_linux2_i7_4790___V8-default-javascript.json#richards---0
warmup_results_0_8_linux2_i7_4790___V8-default-javascript.json#richards---22,warmup_results_0_8_linux2_i7_4790___V8-default-javascript.json#richards---9
warmup_results_0_8_linux2_i7_4790___V8-default-javascript.json#richards---23,warmup_results_0_8_linux2_i7_4790___V8-default-javascript.json#richards---1
warmup_results_0_8_linux2_i7_4790___V8-default-javascript.json#richards---24,warmup_results_0_8_linux2_i7_4790___V8-default-javascript.json#richards---12
warmup_results_0_8_linux2_i7_4790___V8-default-javascript.json#richards---25,warmup_results_0_8_linux2_i7_4790___V8-default-javascript.json#richards---4
warmup_results_0_8_linux2_i7_4790___V8-default-javascript.json#richards---26,warmup_results_0_8_linux2_i7_4790___V8-default-javascript.json#richards---24
warmup_results_0_8_linux2_i7_4790___V8-default-javascript.json#richards---27,warmup_results_0_8_linux2_i7_4790___V8-default-javascript.json#richards---25
warmup_results_0_8_linux2_i7_4790___V8-default-javascript.json#richards---28,warmup_results_0_8_linux2_i7_4790___V8-default-javascript.json#richards---17
warmup_results_0_8_linux2_i7_4790___V8-default-javascript.json#richards---29,warmup_results_0_8_linux2_i7_4790___V8-default-javascript.json#richards---4
warmup_results_0_8_linux2_i7_4790___V8-default-javascript.json#richards---3,warmup_results_0_8_linux2_i7_4790___V8-default-javascript.json#richards---29
warmup_results_0_8_linux2_i7_4790___V8-default-javascript.json#richards---4,warmup_results_0_8_linux2_i7_4790___V8-default-javascript.json#richards---28
warmup_results_0_8_linux2_i7_4790___V8-default-javascript.json#richards---5,warmup_results_0_8_linux2_i7_4790___V8-default-javascript.json#richards---28
warmup_results_0_8_linux2_i7_4790___V8-default-javascript.json#richards---6,warmup_results_0_8_linux2_i7_4790___V8-default-javascript.json#richards---25
warmup_results_0_8_linux2_i7_4790___V8-default-javascript.json#richards---7,warmup_results_0_8_linux2_i7_4790___V8-default-javascript.json#richards---10
warmup_results_0_8_linux2_i7_4790___V8-default-javascript.json#richards---8,warmup_results_0_8_linux2_i7_4790___V8-default-javascript.json#richards---18
warmup_results_0_8_linux2_i7_4790___V8-default-javascript.json#richards---9,warmup_results_0_8_linux2_i7_4790___V8-default-javascript.json#richards---1
warmup_results_0_8_linux2_i7_4790___V8-default-javascript.json#spectralnorm---0,warmup_results_0_8_linux2_i7_4790___V8-default-javascript.json#spectralnorm---4
warmup_results_0_8_linux2_i7_4790___V8-default-javascript.json#spectralnorm---1,warmup_results_0_8_linux2_i7_4790___V8-default-javascript.json#spectralnorm---28
warmup_results_0_8_linux2_i7_4790___V8-default-javascript.json#spectralnorm---10,warmup_results_0_8_linux2_i7_4790___V8-default-javascript.json#spectralnorm---6
warmup_results_0_8_linux2_i7_4790___V8-default-javascript.json#spectralnorm---11,warmup_results_0_8_linux2_i7_4790___V8-default-javascript.json#spectralnorm---18
warmup_results_0_8_linux2_i7_4790___V8-default-javascript.json#spectralnorm---12,warmup_results_0_8_linux2_i7_4790___V8-default-javascript.json#spectralnorm---24
warmup_results_0_8_linux2_i7_4790___V8-default-javascript.json#spectralnorm---13,warmup_results_0_8_linux2_i7_4790___V8-default-javascript.json#spectralnorm---18
warmup_results_0_8_linux2_i7_4790___V8-default-javascript.json#spectralnorm---14,warmup_results_0_8_linux2_i7_4790___V8-default-javascript.json#spectralnorm---20
warmup_results_0_8_linux2_i7_4790___V8-default-javascript.json#spectralnorm---15,warmup_results_0_8_linux2_i7_4790___V8-default-javascript.json#spectralnorm---9
warmup_results_0_8_linux2_i7_4790___V8-default-javascript.json#spectralnorm---16,warmup_results_0_8_linux2_i7_4790___V8-default-javascript.json#spectralnorm---21
warmup_results_0_8_linux2_i7_4790___V8-default-javascript.json#spectralnorm---17,warmup_results_0_8_linux2_i7_4790___V8-default-javascript.json#spectralnorm---20
warmup_results_0_8_linux2_i7_4790___V8-default-javascript.json#spectralnorm---18,warmup_results_0_8_linux2_i7_4790___V8-default-javascript.json#spectralnorm---2
warmup_results_0_8_linux2_i7_4790___V8-default-javascript.json#spectralnorm---19,warmup_results_0_8_linux2_i7_4790___V8-default-javascript.json#spectralnorm---9
warmup_results_0_8_linux2_i7_4790___V8-default-javascript.json#spectralnorm---2,warmup_results_0_8_linux2_i7_4790___V8-default-javascript.json#spectralnorm---18
warmup_results_0_8_linux2_i7_4790___V8-default-javascript.json#spectralnorm---20,warmup_results_0_8_linux2_i7_4790___V8-default-javascript.json#spectralnorm---0
warmup_results_0_8_linux2_i7_4790___V8-default-javascript.json#spectralnorm---21,warmup_results_0_8_linux2_i7_4790___V8-default-javascript.json#spectralnorm---18
warmup_results_0_8_linux2_i7_4790___V8-default-javascript.json#spectralnorm---22,warmup_results_0_8_linux2_i7_4790___V8-default-javascript.json#spectralnorm---20
warmup_results_0_8_linux2_i7_4790___V8-default-javascript.json#spectralnorm---23,warmup_results_0_8_linux2_i7_4790___V8-default-javascript.json#spectralnorm---15
warmup_results_0_8_linux2_i7_4790___V8-default-javascript.json#spectralnorm---24,warmup_results_0_8_linux2_i7_4790___V8-default-javascript.json#spectralnorm---9
warmup_results_0_8_linux2_i7_4790___V8-default-javascript.json#spectralnorm---25,warmup_results_0_8_linux2_i7_4790___V8-default-javascript.json#spectralnorm---21
warmup_results_0_8_linux2_i7_4790___V8-default-javascript.json#spectralnorm---26,warmup_results_0_8_linux2_i7_4790___V8-default-javascript.json#spectralnorm---29
warmup_results_0_8_linux2_i7_4790___V8-default-javascript.json#spectralnorm---27,warmup_results_0_8_linux2_i7_4790___V8-default-javascript.json#spectralnorm---7
warmup_results_0_8_linux2_i7_4790___V8-default-javascript.json#spectralnorm---28,warmup_results_0_8_linux2_i7_4790___V8-default-javascript.json#spectralnorm---15
warmup_results_0_8_linux2_i7_4790___V8-default-javascript.json#spectralnorm---29,warmup_results_0_8_linux2_i7_4790___V8-default-javascript.json#spectralnorm---25
warmup_results_0_8_linux2_i7_4790___V8-default-javascript.json#spectralnorm---3,warmup_results_0_8_linux2_i7_4790___V8-default-javascript.json#spectralnorm---4
warmup_results_0_8_linux2_i7_4790___V8-default-javascript.json#spectralnorm---4,warmup_results_0_8_linux2_i7_4790___V8-default-javascript.json#spectralnorm---26
warmup_results_0_8_linux2_i7_4790___V8-default-javascript.json#spectralnorm---5,warmup_results_0_8_linux2_i7_4790___V8-default-javascript.json#spectralnorm---18
warmup_results_0_8_linux2_i7_4790___V8-default-javascript.json#spectralnorm---6,warmup_results_0_8_linux2_i7_4790___V8-default-javascript.json#spectralnorm---3
warmup_results_0_8_linux2_i7_4790___V8-default-javascript.json#spectralnorm---7,warmup_results_0_8_linux2_i7_4790___V8-default-javascript.json#spectralnorm---26
warmup_results_0_8_linux2_i7_4790___V8-default-javascript.json#spectralnorm---8,warmup_results_0_8_linux2_i7_4790___V8-default-javascript.json#spectralnorm---15
warmup_results_0_8_linux2_i7_4790___V8-default-javascript.json#spectralnorm---9,warmup_results_0_8_linux2_i7_4790___V8-default-javascript.json#spectralnorm---0
warmup_results_0_8_linux3_e3_1240___C-default-c.json#binarytrees---0,warmup_results_0_8_linux3_e3_1240___C-default-c.json#binarytrees---18
warmup_results_0_8_linux3_e3_1240___C-default-c.json#binarytrees---1,warmup_results_0_8_linux3_e3_1240___C-default-c.json#binarytrees---14
warmup_results_0_8_linux3_e3_1240___C-default-c.json#binarytrees---10,warmup_results_0_8_linux3_e3_1240___C-default-c.json#binarytrees---4
warmup_results_0_8_linux3_e3_1240___C-default-c.json#binarytrees---11,warmup_results_0_8_linux3_e3_1240___C-default-c.json#binarytrees---19
warmup_results_0_8_linux3_e3_1240___C-default-c.json#binarytrees---12,warmup_results_0_8_linux3_e3_1240___C-default-c.json#binarytrees---13
warmup_results_0_8_linux3_e3_1240___C-default-c.json#binarytrees---13,warmup_results_0_8_linux3_e3_1240___C-default-c.json#binarytrees---23
warmup_results_0_8_linux3_e3_1240___C-default-c.json#binarytrees---14,warmup_results_0_8_linux3_e3_1240___C-default-c.json#binarytrees---1
warmup_results_0_8_linux3_e3_1240___C-default-c.json#binarytrees---15,warmup_results_0_8_linux3_e3_1240___C-default-c.json#binarytrees---21
warmup_results_0_8_linux3_e3_1240___C-default-c.json#binarytrees---16,warmup_results_0_8_linux3_e3_1240___C-default-c.json#binarytrees---20
warmup_results_0_8_linux3_e3_1240___C-default-c.json#binarytrees---17,warmup_results_0_8_linux3_e3_1240___C-default-c.json#binarytrees---3
warmup_results_0_8_linux3_e3_1240___C-default-c.json#binarytrees---18,warmup_results_0_8_linux3_e3_1240___C-default-c.json#binarytrees---17
warmup_results_0_8_linux3_e3_1240___C-default-c.json#binarytrees---19,warmup_results_0_8_linux3_e3_1240___C-default-c.json#binarytrees---10
warmup_results_0_8_linux3_e3_1240___C-default-c.json#binarytrees---2,warmup_results_0_8_linux3_e3_1240___C-default-c.json#binarytrees---0
warmup_results_0_8_linux3_e3_1240___C-default-c.json#binarytrees---20,warmup_results_0_8_linux3_e3_1240___C-default-c.json#binarytrees---16
warmup_results_0_8_linux3_e3_1240___C-default-c.json#binarytrees---21,warmup_results_0_8_linux3_e3_1240___C-default-c.json#binarytrees---25
warmup_results_0_8_linux3_e3_1240___C-default-c.json#binarytrees---22,warmup_results_0_8_linux3_e3_1240___C-default-c.json#binarytrees---18
warmup_results_0_8_linux3_e3_1240___C-default-c.json#binarytrees---23,warmup_results_0_8_linux3_e3_1240___C-default-c.json#binarytrees---22
warmup_results_0_8_linux3_e3_1240___C-default-c.json#binarytrees---24,warmup_results_0_8_linux3_e3_1240___C-default-c.json#binarytrees---15
warmup_results_0_8_linux3_e3_1240___C-default-c.json#binarytrees---25,warmup_results_0_8_linux3_e3_1240___C-default-c.json#binarytrees---6
warmup_results_0_8_linux3_e3_1240___C-default-c.json#binarytrees---26,warmup_results_0_8_linux3_e3_1240___C-default-c.json#binarytrees---7
warmup_results_0_8_linux3_e3_1240___C-default-c.json#binarytrees---27,warmup_results_0_8_linux3_e3_1240___C-default-c.json#binarytrees---16
warmup_results_0_8_linux3_e3_1240___C-default-c.json#binarytrees---28,warmup_results_0_8_linux3_e3_1240___C-default-c.json#binarytrees---22
warmup_results_0_8_linux3_e3_1240___C-default-c.json#binarytrees---29,warmup_results_0_8_linux3_e3_1240___C-default-c.json#binarytrees---4
warmup_results_0_8_linux3_e3_1240___C-default-c.json#binarytrees---3,warmup_results_0_8_linux3_e3_1240___C-default-c.json#binarytrees---12
warmup_results_0_8_linux3_e3_1240___C-default-c.json#binarytrees---4,warmup_results_0_8_linux3_e3_1240___C-default-c.json#binarytrees---16
warmup_results_0_8_linux3_e3_1240___C-default-c.json#binarytrees---5,warmup_results_0_8_linux3_e3_1240___C-default-c.json#binarytrees---8
warmup_results_0_8_linux3_e3_1240___C-default-c.json#binarytrees---6,warmup_results_0_8_linux3_e3_1240___C-default-c.json#binarytrees---8
warmup_results_0_8_linux3_e3_1240___C-default-c.json#binarytrees---7,warmup_results_0_8_linux3_e3_1240___C-default-c.json#binarytrees---28
warmup_results_0_8_linux3_e3_1240___C-default-c.json#binarytrees---8,warmup_results_0_8_linux3_e3_1240___C-default-c.json#binarytrees---17
warmup_results_0_8_linux3_e3_1240___C-default-c.json#binarytrees---9,warmup_results_0_8_linux3_e3_1240___C-default-c.json#binarytrees---11
warmup_results_0_8_linux3_e3_1240___C-default-c.json#fannkuch_redux---0,warmup_results_0_8_linux3_e3_1240___C-default-c.json#fannkuch_redux---2
warmup_results_0_8_linux3_e3_1240___C-default-c.json#fannkuch_redux---1,warmup_results_0_8_linux3_e3_1240___C-default-c.json#fannkuch_redux---27
warmup_results_0_8_linux3_e3_1240___C-default-c.json#fannkuch_redux---10,warmup_results_0_8_linux3_e3_1240___C-default-c.json#fannkuch_redux---12
warmup_results_0_8_linux3_e3_1240___C-default-c.json#fannkuch_redux---11,warmup_results_0_8_linux3_e3_1240___C-default-c.json#fannkuch_redux---2
warmup_results_0_8_linux3_e3_1240___C-default-c.json#fannkuch_redux---12,warmup_results_0_8_linux3_e3_1240___C-default-c.json#fannkuch_redux---9
warmup_results_0_8_linux3_e3_1240___C-default-c.json#fannkuch_redux---13,warmup_results_0_8_linux3_e3_1240___C-default-c.json#fannkuch_redux---27
warmup_results_0_8_linux3_e3_1240___C-default-c.json#fannkuch_redux---14,warmup_results_0_8_linux3_e3_1240___C-default-c.json#fannkuch_redux---25
warmup_results_0_8_linux3_e3_1240___C-default-c.json#fannkuch_redux---15,warmup_results_0_8_linux3_e3_1240___C-default-c.json#fannkuch_redux---1
warmup_results_0_8_linux3_e3_1240___C-default-c.json#fannkuch_redux---16,warmup_results_0_8_linux3_e3_1240___C-default-c.json#fannkuch_redux---2
warmup_results_0_8_linux3_e3_1240___C-default-c.json#fannkuch_redux---17,warmup_results_0_8_linux3_e3_1240___C-default-c.json#fannkuch_redux---12
warmup_results_0_8_linux3_e3_1240___C-default-c.json#fannkuch_redux---18,warmup_results_0_8_linux3_e3_1240___C-default-c.json#fannkuch_redux---22
warmup_results_0_8_linux3_e3_1240___C-default-c.json#fannkuch_redux---19,warmup_results_0_8_linux3_e3_1240___C-default-c.json#fannkuch_redux---4
warmup_results_0_8_linux3_e3_1240___C-default-c.json#fannkuch_redux---2,warmup_results_0_8_linux3_e3_1240___C-default-c.json#fannkuch_redux---11
warmup_results_0_8_linux3_e3_1240___C-default-c.json#fannkuch_redux---20,warmup_results_0_8_linux3_e3_1240___C-default-c.json#fannkuch_redux---15
warmup_results_0_8_linux3_e3_1240___C-default-c.json#fannkuch_redux---21,warmup_results_0_8_linux3_e3_1240___C-default-c.json#fannkuch_redux---0
warmup_results_0_8_linux3_e3_1240___C-default-c.json#fannkuch_redux---22,warmup_results_0_8_linux3_e3_1240___C-default-c.json#fannkuch_redux---12
warmup_results_0_8_linux3_e3_1240___C-default-c.json#fannkuch_redux---23,warmup_results_0_8_linux3_e3_1240___C-default-c.json#fannkuch_redux---5
warmup_results_0_8_linux3_e3_1240___C-default-c.json#fannkuch_redux---24,warmup_results_0_8_linux3_e3_1240___C-default-c.json#fannkuch_redux---19
warmup_results_0_8_linux3_e3_1240___C-default-c.json#fannkuch_redux---25,warmup_results_0_8_linux3_e3_1240___C-default-c.json#fannkuch_redux---3
warmup_results_0_8_linux3_e3_1240___C-default-c.json#fannkuch_redux---26,warmup_results_0_8_linux3_e3_1240___C-default-c.json#fannkuch_redux---3
warmup_results_0_8_linux3_e3_1240___C-default-c.json#fannkuch_redux---27,warmup_results_0_8_linux3_e3_1240___C-default-c.json#fannkuch_redux---17
warmup_results_0_8_linux3_e3_1240___C-default-c.json#fannkuch_redux---28,warmup_results_0_8_linux3_e3_1240___C-default-c.json#fannkuch_redux---2
warmup_results_0_8_linux3_e3_1240___C-default-c.json#fannkuch_redux---29,warmup_results_0_8_linux3_e3_1240___C-default-c.json#fannkuch_redux---13
warmup_results_0_8_linux3_e3_1240___C-default-c.json#fannkuch_redux---3,warmup_results_0_8_linux3_e3_1240___C-default-c.json#fannkuch_redux---14
warmup_results_0_8_linux3_e3_1240___C-default-c.json#fannkuch_redux---4,warmup_results_0_8_linux3_e3_1240___C-default-c.json#fannkuch_redux---23
warmup_results_0_8_linux3_e3_1240___C-default-c.json#fannkuch_redux---5,warmup_results_0_8_linux3_e3_1240___C-default-c.json#fannkuch_redux---18
warmup_results_0_8_linux3_e3_1240___C-default-c.json#fannkuch_redux---6,warmup_results_0_8_linux3_e3_1240___C-default-c.json#fannkuch_redux---5
warmup_results_0_8_linux3_e3_1240___C-default-c.json#fannkuch_redux---7,warmup_results_0_8_linux3_e3_1240___C-default-c.json#fannkuch_redux---4
warmup_results_0_8_linux3_e3_1240___C-default-c.json#fannkuch_redux---8,warmup_results_0_8_linux3_e3_1240___C-default-c.json#fannkuch_redux---11
warmup_results_0_8_linux3_e3_1240___C-default-c.json#fannkuch_redux---9,warmup_results_0_8_linux3_e3_1240___C-default-c.json#fannkuch_redux---17
warmup_results_0_8_linux3_e3_1240___C-default-c.json#fasta---0,warmup_results_0_8_linux3_e3_1240___C-default-c.json#fasta---14
warmup_results_0_8_linux3_e3_1240___C-default-c.json#fasta---1,warmup_results_0_8_linux3_e3_1240___C-default-c.json#fasta---26
warmup_results_0_8_linux3_e3_1240___C-default-c.json#fasta---10,warmup_results_0_8_linux3_e3_1240___C-default-c.json#fasta---24
warmup_results_0_8_linux3_e3_1240___C-default-c.json#fasta---11,warmup_results_0_8_linux3_e3_1240___C-default-c.json#fasta---3
warmup_results_0_8_linux3_e3_1240___C-default-c.json#fasta---12,warmup_results_0_8_linux3_e3_1240___C-default-c.json#fasta---27
warmup_results_0_8_linux3_e3_1240___C-default-c.json#fasta---13,warmup_results_0_8_linux3_e3_1240___C-default-c.json#fasta---5
warmup_results_0_8_linux3_e3_1240___C-default-c.json#fasta---14,warmup_results_0_8_linux3_e3_1240___C-default-c.json#fasta---23
warmup_results_0_8_linux3_e3_1240___C-default-c.json#fasta---15,warmup_results_0_8_linux3_e3_1240___C-default-c.json#fasta---4
warmup_results_0_8_linux3_e3_1240___C-default-c.json#fasta---16,warmup_results_0_8_linux3_e3_1240___C-default-c.json#fasta---9
warmup_results_0_8_linux3_e3_1240___C-default-c.json#fasta---17,warmup_results_0_8_linux3_e3_1240___C-default-c.json#fasta---25
warmup_results_0_8_linux3_e3_1240___C-default-c.json#fasta---18,warmup_results_0_8_linux3_e3_1240___C-default-c.json#fasta---17
warmup_results_0_8_linux3_e3_1240___C-default-c.json#fasta---19,warmup_results_0_8_linux3_e3_1240___C-default-c.json#fasta---15
warmup_results_0_8_linux3_e3_1240___C-default-c.json#fasta---2,warmup_results_0_8_linux3_e3_1240___C-default-c.json#fasta---17
warmup_results_0_8_linux3_e3_1240___C-default-c.json#fasta---20,warmup_results_0_8_linux3_e3_1240___C-default-c.json#fasta---9
warmup_results_0_8_linux3_e3_1240___C-default-c.json#fasta---21,warmup_results_0_8_linux3_e3_1240___C-default-c.json#fasta---6
warmup_results_0_8_linux3_e3_1240___C-default-c.json#fasta---22,warmup_results_0_8_linux3_e3_1240___C-default-c.json#fasta---4
warmup_results_0_8_linux3_e3_1240___C-default-c.json#fasta---23,warmup_results_0_8_linux3_e3_1240___C-default-c.json#fasta---1
warmup_results_0_8_linux3_e3_1240___C-default-c.json#fasta---24,warmup_results_0_8_linux3_e3_1240___C-default-c.json#fasta---23
warmup_results_0_8_linux3_e3_1240___C-default-c.json#fasta---25,warmup_results_0_8_linux3_e3_1240___C-default-c.json#fasta---6
warmup_results_0_8_linux3_e3_1240___C-default-c.json#fasta---26,warmup_results_0_8_linux3_e3_1240___C-default-c.json#fasta---4
warmup_results_0_8_linux3_e3_1240___C-default-c.json#fasta---27,warmup_results_0_8_linux3_e3_1240___C-default-c.json#fasta---8
warmup_results_0_8_linux3_e3_1240___C-default-c.json#fasta---28,warmup_results_0_8_linux3_e3_1240___C-default-c.json#fasta---22
warmup_results_0_8_linux3_e3_1240___C-default-c.json#fasta---29,warmup_results_0_8_linux3_e3_1240___C-default-c.json#fasta---5
warmup_results_0_8_linux3_e3_1240___C-default-c.json#fasta---3,warmup_results_0_8_linux3_e3_1240___C-default-c.json#fasta---22
warmup_results_0_8_linux3_e3_1240___C-default-c.json#fasta---4,warmup_results_0_8_linux3_e3_1240___C-default-c.json#fasta---20
warmup_results_0_8_linux3_e3_1240___C-default-c.json#fasta---5,warmup_results_0_8_linux3_e3_1240___C-default-c.json#fasta---3
warmup_results_0_8_linux3_e3_1240___C-default-c.json#fasta---6,warmup_results_0_8_linux3_e3_1240___C-default-c.json#fasta---27
warmup_results_0_8_linux3_e3_1240___C-default-c.json#fasta---7,warmup_results_0_8_linux3_e3_1240___C-default-c.json#fasta---27
warmup_results_0_8_linux3_e3_1240___C-default-c.json#fasta---8,warmup_results_0_8_linux3_e3_1240___C-default-c.json#fasta---3
warmup_results_0_8_linux3_e3_1240___C-default-c.json#fasta---9,warmup_results_0_8_linux3_e3_1240___C-default-c.json#fasta---11
warmup_results_0_8_linux3_e3_1240___C-default-c.json#nbody---0,warmup_results_0_8_linux3_e3_1240___C-default-c.json#nbody---24
warmup_results_0_8_linux3_e3_1240___C-default-c.json#nbody---1,warmup_results_0_8_linux3_e3_1240___C-default-c.json#nbody---17
warmup_results_0_8_linux3_e3_1240___C-default-c.json#nbody---10,warmup_results_0_8_linux3_e3_1240___C-default-c.json#nbody---22
warmup_results_0_8_linux3_e3_1240___C-default-c.json#nbody---11,warmup_results_0_8_linux3_e3_1240___C-default-c.json#nbody---21
warmup_results_0_8_linux3_e3_1240___C-default-c.json#nbody---12,warmup_results_0_8_linux3_e3_1240___C-default-c.json#nbody---8
warmup_results_0_8_linux3_e3_1240___C-default-c.json#nbody---13,warmup_results_0_8_linux3_e3_1240___C-default-c.json#nbody---0
warmup_results_0_8_linux3_e3_1240___C-default-c.json#nbody---14,warmup_results_0_8_linux3_e3_1240___C-default-c.json#nbody---8
warmup_results_0_8_linux3_e3_1240___C-default-c.json#nbody---15,warmup_results_0_8_linux3_e3_1240___C-default-c.json#nbody---4
warmup_results_0_8_linux3_e3_1240___C-default-c.json#nbody---16,warmup_results_0_8_linux3_e3_1240___C-default-c.json#nbody---27
warmup_results_0_8_linux3_e3_1240___C-default-c.json#nbody---17,warmup_results_0_8_linux3_e3_1240___C-default-c.json#nbody---14
warmup_results_0_8_linux3_e3_1240___C-default-c.json#nbody---18,warmup_results_0_8_linux3_e3_1240___C-default-c.json#nbody---5
warmup_results_0_8_linux3_e3_1240___C-default-c.json#nbody---19,warmup_results_0_8_linux3_e3_1240___C-default-c.json#nbody---11
warmup_results_0_8_linux3_e3_1240___C-default-c.json#nbody---2,warmup_results_0_8_linux3_e3_1240___C-default-c.json#nbody---4
warmup_results_0_8_linux3_e3_1240___C-default-c.json#nbody---20,warmup_results_0_8_linux3_e3_1240___C-default-c.json#nbody---14
warmup_results_0_8_linux3_e3_1240___C-default-c.json#nbody---21,warmup_results_0_8_linux3_e3_1240___C-default-c.json#nbody---18
warmup_results_0_8_linux3_e3_1240___C-default-c.json#nbody---22,warmup_results_0_8_linux3_e3_1240___C-default-c.json#nbody---17
warmup_results_0_8_linux3_e3_1240___C-default-c.json#nbody---23,warmup_results_0_8_linux3_e3_1240___C-default-c.json#nbody---9
warmup_results_0_8_linux3_e3_1240___C-default-c.json#nbody---24,warmup_results_0_8_linux3_e3_1240___C-default-c.json#nbody---19
warmup_results_0_8_linux3_e3_1240___C-default-c.json#nbody---25,warmup_results_0_8_linux3_e3_1240___C-default-c.json#nbody---18
warmup_results_0_8_linux3_e3_1240___C-default-c.json#nbody---26,warmup_results_0_8_linux3_e3_1240___C-default-c.json#nbody---15
warmup_results_0_8_linux3_e3_1240___C-default-c.json#nbody---27,warmup_results_0_8_linux3_e3_1240___C-default-c.json#nbody---20
warmup_results_0_8_linux3_e3_1240___C-default-c.json#nbody---28,warmup_results_0_8_linux3_e3_1240___C-default-c.json#nbody---8
warmup_results_0_8_linux3_e3_1240___C-default-c.json#nbody---29,warmup_results_0_8_linux3_e3_1240___C-default-c.json#nbody---6
warmup_results_0_8_linux3_e3_1240___C-default-c.json#nbody---3,warmup_results_0_8_linux3_e3_1240___C-default-c.json#nbody---16
warmup_results_0_8_linux3_e3_1240___C-default-c.json#nbody---4,warmup_results_0_8_linux3_e3_1240___C-default-c.json#nbody---19
warmup_results_0_8_linux3_e3_1240___C-default-c.json#nbody---5,warmup_results_0_8_linux3_e3_1240___C-default-c.json#nbody---2
warmup_results_0_8_linux3_e3_1240___C-default-c.json#nbody---6,warmup_results_0_8_linux3_e3_1240___C-default-c.json#nbody---7
warmup_results_0_8_linux3_e3_1240___C-default-c.json#nbody---7,warmup_results_0_8_linux3_e3_1240___C-default-c.json#nbody---27
warmup_results_0_8_linux3_e3_1240___C-default-c.json#nbody---8,warmup_results_0_8_linux3_e3_1240___C-default-c.json#nbody---15
warmup_results_0_8_linux3_e3_1240___C-default-c.json#nbody---9,warmup_results_0_8_linux3_e3_1240___C-default-c.json#nbody---21
warmup_results_0_8_linux3_e3_1240___C-default-c.json#richards---0,warmup_results_0_8_linux3_e3_1240___C-default-c.json#richards---14
warmup_results_0_8_linux3_e3_1240___C-default-c.json#richards---1,warmup_results_0_8_linux3_e3_1240___C-default-c.json#richards---29
warmup_results_0_8_linux3_e3_1240___C-default-c.json#richards---10,warmup_results_0_8_linux3_e3_1240___C-default-c.json#richards---0
warmup_results_0_8_linux3_e3_1240___C-default-c.json#richards---11,warmup_results_0_8_linux3_e3_1240___C-default-c.json#richards---12
warmup_results_0_8_linux3_e3_1240___C-default-c.json#richards---12,warmup_results_0_8_linux3_e3_1240___C-default-c.json#richards---16
warmup_results_0_8_linux3_e3_1240___C-default-c.json#richards---13,warmup_results_0_8_linux3_e3_1240___C-default-c.json#richards---15
warmup_results_0_8_linux3_e3_1240___C-default-c.json#richards---14,warmup_results_0_8_linux3_e3_1240___C-default-c.json#richards---0
warmup_results_0_8_linux3_e3_1240___C-default-c.json#richards---15,warmup_results_0_8_linux3_e3_1240___C-default-c.json#richards---28
warmup_results_0_8_linux3_e3_1240___C-default-c.json#richards---16,warmup_results_0_8_linux3_e3_1240___C-default-c.json#richards---23
warmup_results_0_8_linux3_e3_1240___C-default-c.json#richards---17,warmup_results_0_8_linux3_e3_1240___C-default-c.json#richards---2
warmup_results_0_8_linux3_e3_1240___C-default-c.json#richards---18,warmup_results_0_8_linux3_e3_1240___C-default-c.json#richards---26
warmup_results_0_8_linux3_e3_1240___C-default-c.json#richards---19,warmup_results_0_8_linux3_e3_1240___C-default-c.json#richards---9
warmup_results_0_8_linux3_e3_1240___C-default-c.json#richards---2,warmup_results_0_8_linux3_e3_1240___C-default-c.json#richards---26
warmup_results_0_8_linux3_e3_1240___C-default-c.json#richards---20,warmup_results_0_8_linux3_e3_1240___C-default-c.json#richards---23
warmup_results_0_8_linux3_e3_1240___C-default-c.json#richards---21,warmup_results_0_8_linux3_e3_1240___C-default-c.json#richards---20
warmup_results_0_8_linux3_e3_1240___C-default-c.json#richards---22,warmup_results_0_8_linux3_e3_1240___C-default-c.json#richards---17
warmup_results_0_8_linux3_e3_1240___C-default-c.json#richards---23,warmup_results_0_8_linux3_e3_1240___C-default-c.json#richards---7
warmup_results_0_8_linux3_e3_1240___C-default-c.json#richards---24,warmup_results_0_8_linux3_e3_1240___C-default-c.json#richards---3
warmup_results_0_8_linux3_e3_1240___C-default-c.json#richards---25,warmup_results_0_8_linux3_e3_1240___C-default-c.json#richards---18
warmup_results_0_8_linux3_e3_1240___C-default-c.json#richards---26,warmup_results_0_8_linux3_e3_1240___C-default-c.json#richards---29
warmup_results_0_8_linux3_e3_1240___C-default-c.json#richards---27,warmup_results_0_8_linux3_e3_1240___C-default-c.json#richards---0
warmup_results_0_8_linux3_e3_1240___C-default-c.json#richards---28,warmup_results_0_8_linux3_e3_1240___C-default-c.json#richards---9
warmup_results_0_8_linux3_e3_1240___C-default-c.json#richards---29,warmup_results_0_8_linux3_e3_1240___C-default-c.json#richards---3
warmup_results_0_8_linux3_e3_1240___C-default-c.json#richards---3,warmup_results_0_8_linux3_e3_1240___C-default-c.json#richards---18
warmup_results_0_8_linux3_e3_1240___C-default-c.json#richards---4,warmup_results_0_8_linux3_e3_1240___C-default-c.json#richards---22
warmup_results_0_8_linux3_e3_1240___C-default-c.json#richards---5,warmup_results_0_8_linux3_e3_1240___C-default-c.json#richards---1
warmup_results_0_8_linux3_e3_1240___C-default-c.json#richards---6,warmup_results_0_8_linux3_e3_1240___C-default-c.json#richards---14
warmup_results_0_8_linux3_e3_1240___C-default-c.json#richards---7,warmup_results_0_8_linux3_e3_1240___C-default-c.json#richards---24
warmup_results_0_8_linux3_e3_1240___C-default-c.json#richards---8,warmup_results_0_8_linux3_e3_1240___C-default-c.json#richards---2
warmup_results_0_8_linux3_e3_1240___C-default-c.json#richards---9,warmup_results_0_8_linux3_e3_1240___C-default-c.json#richards---21
warmup_results_0_8_linux3_e3_1240___C-default-c.json#spectralnorm---0,warmup_results_0_8_linux3_e3_1240___C-default-c.json#spectralnorm---11
warmup_results_0_8_linux3_e3_1240___C-default-c.json#spectralnorm---1,warmup_results_0_8_linux3_e3_1240___C-default-c.json#spectralnorm---22
warmup_results_0_8_linux3_e3_1240___C-default-c.json#spectralnorm---10,warmup_results_0_8_linux3_e3_1240___C-default-c.json#spectralnorm---29
warmup_results_0_8_linux3_e3_1240___C-default-c.json#spectralnorm---11,warmup_results_0_8_linux3_e3_1240___C-default-c.json#spectralnorm---0
warmup_results_0_8_linux3_e3_1240___C-default-c.json#spectralnorm---12,warmup_results_0_8_linux3_e3_1240___C-default-c.json#spectralnorm---11
warmup_results_0_8_linux3_e3_1240___C-default-c.json#spectralnorm---13,warmup_results_0_8_linux3_e3_1240___C-default-c.json#spectralnorm---11
warmup_results_0_8_linux3_e3_1240___C-default-c.json#spectralnorm---14,warmup_results_0_8_linux3_e3_1240___C-default-c.json#spectralnorm---4
warmup_results_0_8_linux3_e3_1240___C-default-c.json#spectralnorm---15,warmup_results_0_8_linux3_e3_1240___C-default-c.json#spectralnorm---20
warmup_results_0_8_linux3_e3_1240___C-default-c.json#spectralnorm---16,warmup_results_0_8_linux3_e3_1240___C-default-c.json#spectralnorm---14
warmup_results_0_8_linux3_e3_1240___C-default-c.json#spectralnorm---17,warmup_results_0_8_linux3_e3_1240___C-default-c.json#spectralnorm---15
warmup_results_0_8_linux3_e3_1240___C-default-c.json#spectralnorm---18,warmup_results_0_8_linux3_e3_1240___C-default-c.json#spectralnorm---17
warmup_results_0_8_linux3_e3_1240___C-default-c.json#spectralnorm---19,warmup_results_0_8_linux3_e3_1240___C-default-c.json#spectralnorm---10
warmup_results_0_8_linux3_e3_1240___C-default-c.json#spectralnorm---2,warmup_results_0_8_linux3_e3_1240___C-default-c.json#spectralnorm---24
warmup_results_0_8_linux3_e3_1240___C-default-c.json#spectralnorm---20,warmup_results_0_8_linux3_e3_1240___C-default-c.json#spectralnorm---28
warmup_results_0_8_linux3_e3_1240___C-default-c.json#spectralnorm---21,warmup_results_0_8_linux3_e3_1240___C-default-c.json#spectralnorm---0
warmup_results_0_8_linux3_e3_1240___C-default-c.json#spectralnorm---22,warmup_results_0_8_linux3_e3_1240___C-default-c.json#spectralnorm---15
warmup_results_0_8_linux3_e3_1240___C-default-c.json#spectralnorm---23,warmup_results_0_8_linux3_e3_1240___C-default-c.json#spectralnorm---15
warmup_results_0_8_linux3_e3_1240___C-default-c.json#spectralnorm---24,warmup_results_0_8_linux3_e3_1240___C-default-c.json#spectralnorm---14
warmup_results_0_8_linux3_e3_1240___C-default-c.json#spectralnorm---25,warmup_results_0_8_linux3_e3_1240___C-default-c.json#spectralnorm---4
warmup_results_0_8_linux3_e3_1240___C-default-c.json#spectralnorm---26,warmup_results_0_8_linux3_e3_1240___C-default-c.json#spectralnorm---15
warmup_results_0_8_linux3_e3_1240___C-default-c.json#spectralnorm---27,warmup_results_0_8_linux3_e3_1240___C-default-c.json#spectralnorm---29
warmup_results_0_8_linux3_e3_1240___C-default-c.json#spectralnorm---28,warmup_results_0_8_linux3_e3_1240___C-default-c.json#spectralnorm---10
warmup_results_0_8_linux3_e3_1240___C-default-c.json#spectralnorm---29,warmup_results_0_8_linux3_e3_1240___C-default-c.json#spectralnorm---25
warmup_results_0_8_linux3_e3_1240___C-default-c.json#spectralnorm---3,warmup_results_0_8_linux3_e3_1240___C-default-c.json#spectralnorm---28
warmup_results_0_8_linux3_e3_1240___C-default-c.json#spectralnorm---4,warmup_results_0_8_linux3_e3_1240___C-default-c.json#spectralnorm---28
warmup_results_0_8_linux3_e3_1240___C-default-c.json#spectralnorm---5,warmup_results_0_8_linux3_e3_1240___C-default-c.json#spectralnorm---19
warmup_results_0_8_linux3_e3_1240___C-default-c.json#spectralnorm---6,warmup_results_0_8_linux3_e3_1240___C-default-c.json#spectralnorm---14
warmup_results_0_8_linux3_e3_1240___C-default-c.json#spectralnorm---7,warmup_results_0_8_linux3_e3_1240___C-default-c.json#spectralnorm---11
warmup_results_0_8_linux3_e3_1240___C-default-c.json#spectralnorm---8,warmup_results_0_8_linux3_e3_1240___C-default-c.json#spectralnorm---21
warmup_results_0_8_linux3_e3_1240___C-default-c.json#spectralnorm---9,warmup_results_0_8_linux3_e3_1240___C-default-c.json#spectralnorm---15
warmup_results_0_8_linux3_e3_1240___Graal-default-java.json#binarytrees---0,warmup_results_0_8_linux3_e3_1240___Graal-default-java.json#binarytrees---14
warmup_results_0_8_linux3_e3_1240___Graal-default-java.json#binarytrees---1,warmup_results_0_8_linux3_e3_1240___Graal-default-java.json#binarytrees---12
warmup_results_0_8_linux3_e3_1240___Graal-default-java.json#binarytrees---10,warmup_results_0_8_linux3_e3_1240___Graal-default-java.json#binarytrees---8
warmup_results_0_8_linux3_e3_1240___Graal-default-java.json#binarytrees---11,warmup_results_0_8_linux3_e3_1240___Graal-default-java.json#binarytrees---20
warmup_results_0_8_linux3_e3_1240___Graal-default-java.json#binarytrees---12,warmup_results_0_8_linux3_e3_1240___Graal-default-java.json#binarytrees---8
warmup_results_0_8_linux3_e3_1240___Graal-default-java.json#binarytrees---13,warmup_results_0_8_linux3_e3_1240___Graal-default-java.json#binarytrees---12
warmup_results_0_8_linux3_e3_1240___Graal-default-java.json#binarytrees---14,warmup_results_0_8_linux3_e3_1240___Graal-default-java.json#binarytrees---19
warmup_results_0_8_linux3_e3_1240___Graal-default-java.json#binarytrees---15,warmup_results_0_8_linux3_e3_1240___Graal-default-java.json#binarytrees---8
warmup_results_0_8_linux3_e3_1240___Graal-default-java.json#binarytrees---16,warmup_results_0_8_linux3_e3_1240___Graal-default-java.json#binarytrees---21
warmup_results_0_8_linux3_e3_1240___Graal-default-java.json#binarytrees---17,warmup_results_0_8_linux3_e3_1240___Graal-default-java.json#binarytrees---14
warmup_results_0_8_linux3_e3_1240___Graal-default-java.json#binarytrees---18,warmup_results_0_8_linux3_e3_1240___Graal-default-java.json#binarytrees---10
warmup_results_0_8_linux3_e3_1240___Graal-default-java.json#binarytrees---19,warmup_results_0_8_linux3_e3_1240___Graal-default-java.json#binarytrees---26
warmup_results_0_8_linux3_e3_1240___Graal-default-java.json#binarytrees---2,warmup_results_0_8_linux3_e3_1240___Graal-default-java.json#binarytrees---6
warmup_results_0_8_linux3_e3_1240___Graal-default-java.json#binarytrees---20,warmup_results_0_8_linux3_e3_1240___Graal-default-java.json#binarytrees---1
warmup_results_0_8_linux3_e3_1240___Graal-default-java.json#binarytrees---21,warmup_results_0_8_linux3_e3_1240___Graal-default-java.json#binarytrees---8
warmup_results_0_8_linux3_e3_1240___Graal-default-java.json#binarytrees---22,warmup_results_0_8_linux3_e3_1240___Graal-default-java.json#binarytrees---28
warmup_results_0_8_linux3_e3_1240___Graal-default-java.json#binarytrees---23,warmup_results_0_8_linux3_e3_1240___Graal-default-java.json#binarytrees---4
warmup_results_0_8_linux3_e3_1240___Graal-default-java.json#binarytrees---24,warmup_results_0_8_linux3_e3_1240___Graal-default-java.json#binarytrees---1
warmup_results_0_8_linux3_e3_1240___Graal-default-java.json#binarytrees---25,warmup_results_0_8_linux3_e3_1240___Graal-default-java.json#binarytrees---7
warmup_results_0_8_linux3_e3_1240___Graal-default-java.json#binarytrees---26,warmup_results_0_8_linux3_e3_1240___Graal-default-java.json#binarytrees---15
warmup_results_0_8_linux3_e3_1240___Graal-default-java.json#binarytrees---27,warmup_results_0_8_linux3_e3_1240___Graal-default-java.json#binarytrees---3
warmup_results_0_8_linux3_e3_1240___Graal-default-java.json#binarytrees---28,warmup_results_0_8_linux3_e3_1240___Graal-default-java.json#binarytrees---9
warmup_results_0_8_linux3_e3_1240___Graal-default-java.json#binarytrees---29,warmup_results_0_8_linux3_e3_1240___Graal-default-java.json#binarytrees---11
warmup_results_0_8_linux3_e3_1240___Graal-default-java.json#binarytrees---3,warmup_results_0_8_linux3_e3_1240___Graal-default-java.json#binarytrees---29
warmup_results_0_8_linux3_e3_1240___Graal-default-java.json#binarytrees---4,warmup_results_0_8_linux3_e3_1240___Graal-default-java.json#binarytrees---5
warmup_results_0_8_linux3_e3_1240___Graal-default-java.json#binarytrees---5,warmup_results_0_8_linux3_e3_1240___Graal-default-java.json#binarytrees---3
warmup_results_0_8_linux3_e3_1240___Graal-default-java.json#binarytrees---6,warmup_results_0_8_linux3_e3_1240___Graal-default-java.json#binarytrees---20
warmup_results_0_8_linux3_e3_1240___Graal-default-java.json#binarytrees---7,warmup_results_0_8_linux3_e3_1240___Graal-default-java.json#binarytrees---29
warmup_results_0_8_linux3_e3_1240___Graal-default-java.json#binarytrees---8,warmup_results_0_8_linux3_e3_1240___Graal-default-java.json#binarytrees---25
warmup_results_0_8_linux3_e3_1240___Graal-default-java.json#binarytrees---9,warmup_results_0_8_linux3_e3_1240___Graal-default-java.json#binarytrees---10
warmup_results_0_8_linux3_e3_1240___Graal-default-java.json#fannkuch_redux---0,warmup_results_0_8_linux3_e3_1240___Graal-default-java.json#fannkuch_redux---5
warmup_results_0_8_linux3_e3_1240___Graal-default-java.json#fannkuch_redux---1,warmup_results_0_8_linux3_e3_1240___Graal-default-java.json#fannkuch_redux---5
warmup_results_0_8_linux3_e3_1240___Graal-default-java.json#fannkuch_redux---10,warmup_results_0_8_linux3_e3_1240___Graal-default-java.json#fannkuch_redux---8
warmup_results_0_8_linux3_e3_1240___Graal-default-java.json#fannkuch_redux---11,warmup_results_0_8_linux3_e3_1240___Graal-default-java.json#fannkuch_redux---5
warmup_results_0_8_linux3_e3_1240___Graal-default-java.json#fannkuch_redux---12,warmup_results_0_8_linux3_e3_1240___Graal-default-java.json#fannkuch_redux---28
warmup_results_0_8_linux3_e3_1240___Graal-default-java.json#fannkuch_redux---13,warmup_results_0_8_linux3_e3_1240___Graal-default-java.json#fannkuch_redux---9
warmup_results_0_8_linux3_e3_1240___Graal-default-java.json#fannkuch_redux---14,warmup_results_0_8_linux3_e3_1240___Graal-default-java.json#fannkuch_redux---23
warmup_results_0_8_linux3_e3_1240___Graal-default-java.json#fannkuch_redux---15,warmup_results_0_8_linux3_e3_1240___Graal-default-java.json#fannkuch_redux---24
warmup_results_0_8_linux3_e3_1240___Graal-default-java.json#fannkuch_redux---16,warmup_results_0_8_linux3_e3_1240___Graal-default-java.json#fannkuch_redux---7
warmup_results_0_8_linux3_e3_1240___Graal-default-java.json#fannkuch_redux---17,warmup_results_0_8_linux3_e3_1240___Graal-default-java.json#fannkuch_redux---5
warmup_results_0_8_linux3_e3_1240___Graal-default-java.json#fannkuch_redux---18,warmup_results_0_8_linux3_e3_1240___Graal-default-java.json#fannkuch_redux---17
warmup_results_0_8_linux3_e3_1240___Graal-default-java.json#fannkuch_redux---19,warmup_results_0_8_linux3_e3_1240___Graal-default-java.json#fannkuch_redux---26
warmup_results_0_8_linux3_e3_1240___Graal-default-java.json#fannkuch_redux---2,warmup_results_0_8_linux3_e3_1240___Graal-default-java.json#fannkuch_redux---14
warmup_results_0_8_linux3_e3_1240___Graal-default-java.json#fannkuch_redux---20,warmup_results_0_8_linux3_e3_1240___Graal-default-java.json#fannkuch_redux---23
warmup_results_0_8_linux3_e3_1240___Graal-default-java.json#fannkuch_redux---21,warmup_results_0_8_linux3_e3_1240___Graal-default-java.json#fannkuch_redux---23
warmup_results_0_8_linux3_e3_1240___Graal-default-java.json#fannkuch_redux---22,warmup_results_0_8_linux3_e3_1240___Graal-default-java.json#fannkuch_redux---17
warmup_results_0_8_linux3_e3_1240___Graal-default-java.json#fannkuch_redux---23,warmup_results_0_8_linux3_e3_1240___Graal-default-java.json#fannkuch_redux---6
warmup_results_0_8_linux3_e3_1240___Graal-default-java.json#fannkuch_redux---24,warmup_results_0_8_linux3_e3_1240___Graal-default-java.json#fannkuch_redux---26
warmup_results_0_8_linux3_e3_1240___Graal-default-java.json#fannkuch_redux---25,warmup_results_0_8_linux3_e3_1240___Graal-default-java.json#fannkuch_redux---14
warmup_results_0_8_linux3_e3_1240___Graal-default-java.json#fannkuch_redux---26,warmup_results_0_8_linux3_e3_1240___Graal-default-java.json#fannkuch_redux---21
warmup_results_0_8_linux3_e3_1240___Graal-default-java.json#fannkuch_redux---27,warmup_results_0_8_linux3_e3_1240___Graal-default-java.json#fannkuch_redux---23
warmup_results_0_8_linux3_e3_1240___Graal-default-java.json#fannkuch_redux---28,warmup_results_0_8_linux3_e3_1240___Graal-default-java.json#fannkuch_redux---17
warmup_results_0_8_linux3_e3_1240___Graal-default-java.json#fannkuch_redux---29,warmup_results_0_8_linux3_e3_1240___Graal-default-java.json#fannkuch_redux---19
warmup_results_0_8_linux3_e3_1240___Graal-default-java.json#fannkuch_redux---3,warmup_results_0_8_linux3_e3_1240___Graal-default-java.json#fannkuch_redux---18
warmup_results_0_8_linux3_e3_1240___Graal-default-java.json#fannkuch_redux---4,warmup_results_0_8_linux3_e3_1240___Graal-default-java.json#fannkuch_redux---0
warmup_results_0_8_linux3_e3_1240___Graal-default-java.json#fannkuch_redux---5,warmup_results_0_8_linux3_e3_1240___Graal-default-java.json#fannkuch_redux---24
warmup_results_0_8_linux3_e3_1240___Graal-default-java.json#fannkuch_redux---6,warmup_results_0_8_linux3_e3_1240___Graal-default-java.json#fannkuch_redux---27
warmup_results_0_8_linux3_e3_1240___Graal-default-java.json#fannkuch_redux---7,warmup_results_0_8_linux3_e3_1240___Graal-default-java.json#fannkuch_redux---13
warmup_results_0_8_linux3_e3_1240___Graal-default-java.json#fannkuch_redux---8,warmup_results_0_8_linux3_e3_1240___Graal-default-java.json#fannkuch_redux---26
warmup_results_0_8_linux3_e3_1240___Graal-default-java.json#fannkuch_redux---9,warmup_results_0_8_linux3_e3_1240___Graal-default-java.json#fannkuch_redux---2
warmup_results_0_8_linux3_e3_1240___Graal-default-java.json#fasta---0,warmup_results_0_8_linux3_e3_1240___Graal-default-java.json#fasta---2
warmup_results_0_8_linux3_e3_1240___Graal-default-java.json#fasta---1,warmup_results_0_8_linux3_e3_1240___Graal-default-java.json#fasta---4
warmup_results_0_8_linux3_e3_1240___Graal-default-java.json#fasta---10,warmup_results_0_8_linux3_e3_1240___Graal-default-java.json#fasta---13
warmup_results_0_8_linux3_e3_1240___Graal-default-java.json#fasta---11,warmup_results_0_8_linux3_e3_1240___Graal-default-java.json#fasta---9
warmup_results_0_8_linux3_e3_1240___Graal-default-java.json#fasta---12,warmup_results_0_8_linux3_e3_1240___Graal-default-java.json#fasta---19
warmup_results_0_8_linux3_e3_1240___Graal-default-java.json#fasta---13,warmup_results_0_8_linux3_e3_1240___Graal-default-java.json#fasta---24
warmup_results_0_8_linux3_e3_1240___Graal-default-java.json#fasta---14,warmup_results_0_8_linux3_e3_1240___Graal-default-java.json#fasta---13
warmup_results_0_8_linux3_e3_1240___Graal-default-java.json#fasta---15,warmup_results_0_8_linux3_e3_1240___Graal-default-java.json#fasta---16
warmup_results_0_8_linux3_e3_1240___Graal-default-java.json#fasta---16,warmup_results_0_8_linux3_e3_1240___Graal-default-java.json#fasta---9
warmup_results_0_8_linux3_e3_1240___Graal-default-java.json#fasta---17,warmup_results_0_8_linux3_e3_1240___Graal-default-java.json#fasta---6
warmup_results_0_8_linux3_e3_1240___Graal-default-java.json#fasta---18,warmup_results_0_8_linux3_e3_1240___Graal-default-java.json#fasta---5
warmup_results_0_8_linux3_e3_1240___Graal-default-java.json#fasta---19,warmup_results_0_8_linux3_e3_1240___Graal-default-java.json#fasta---6
warmup_results_0_8_linux3_e3_1240___Graal-default-java.json#fasta---2,warmup_results_0_8_linux3_e3_1240___Graal-default-java.json#fasta---21
warmup_results_0_8_linux3_e3_1240___Graal-default-java.json#fasta---20,warmup_results_0_8_linux3_e3_1240___Graal-default-java.json#fasta---27
warmup_results_0_8_linux3_e3_1240___Graal-default-java.json#fasta---21,warmup_results_0_8_linux3_e3_1240___Graal-default-java.json#fasta---13
warmup_results_0_8_linux3_e3_1240___Graal-default-java.json#fasta---22,warmup_results_0_8_linux3_e3_1240___Graal-default-java.json#fasta---15
warmup_results_0_8_linux3_e3_1240___Graal-default-java.json#fasta---23,warmup_results_0_8_linux3_e3_1240___Graal-default-java.json#fasta---9
warmup_results_0_8_linux3_e3_1240___Graal-default-java.json#fasta---24,warmup_results_0_8_linux3_e3_1240___Graal-default-java.json#fasta---16
warmup_results_0_8_linux3_e3_1240___Graal-default-java.json#fasta---25,warmup_results_0_8_linux3_e3_1240___Graal-default-java.json#fasta---29
warmup_results_0_8_linux3_e3_1240___Graal-default-java.json#fasta---26,warmup_results_0_8_linux3_e3_1240___Graal-default-java.json#fasta---24
warmup_results_0_8_linux3_e3_1240___Graal-default-java.json#fasta---27,warmup_results_0_8_linux3_e3_1240___Graal-default-java.json#fasta---26
warmup_results_0_8_linux3_e3_1240___Graal-default-java.json#fasta---28,warmup_results_0_8_linux3_e3_1240___Graal-default-java.json#fasta---11
warmup_results_0_8_linux3_e3_1240___Graal-default-java.json#fasta---29,warmup_results_0_8_linux3_e3_1240___Graal-default-java.json#fasta---19
warmup_results_0_8_linux3_e3_1240___Graal-default-java.json#fasta---3,warmup_results_0_8_linux3_e3_1240___Graal-default-java.json#fasta---25
warmup_results_0_8_linux3_e3_1240___Graal-default-java.json#fasta---4,warmup_results_0_8_linux3_e3_1240___Graal-default-java.json#fasta---11
warmup_results_0_8_linux3_e3_1240___Graal-default-java.json#fasta---5,warmup_results_0_8_linux3_e3_1240___Graal-default-java.json#fasta---19
warmup_results_0_8_linux3_e3_1240___Graal-default-java.json#fasta---6,warmup_results_0_8_linux3_e3_1240___Graal-default-java.json#fasta---0
warmup_results_0_8_linux3_e3_1240___Graal-default-java.json#fasta---7,warmup_results_0_8_linux3_e3_1240___Graal-default-java.json#fasta---28
warmup_results_0_8_linux3_e3_1240___Graal-default-java.json#fasta---8,warmup_results_0_8_linux3_e3_1240___Graal-default-java.json#fasta---21
warmup_results_0_8_linux3_e3_1240___Graal-default-java.json#fasta---9,warmup_results_0_8_linux3_e3_1240___Graal-default-java.json#fasta---15
warmup_results_0_8_linux3_e3_1240___Graal-default-java.json#nbody---0,warmup_results_0_8_linux3_e3_1240___Graal-default-java.json#nbody---4
warmup_results_0_8_linux3_e3_1240___Graal-default-java.json#nbody---1,warmup_results_0_8_linux3_e3_1240___Graal-default-java.json#nbody---2
warmup_results_0_8_linux3_e3_1240___Graal-default-java.json#nbody---10,warmup_results_0_8_linux3_e3_1240___Graal-default-java.json#nbody---27
warmup_results_0_8_linux3_e3_1240___Graal-default-java.json#nbody---11,warmup_results_0_8_linux3_e3_1240___Graal-default-java.json#nbody---29
warmup_results_0_8_linux3_e3_1240___Graal-default-java.json#nbody---12,warmup_results_0_8_linux3_e3_1240___Graal-default-java.json#nbody---13
warmup_results_0_8_linux3_e3_1240___Graal-default-java.json#nbody---13,warmup_results_0_8_linux3_e3_1240___Graal-default-java.json#nbody---23
warmup_results_0_8_linux3_e3_1240___Graal-default-java.json#nbody---14,warmup_results_0_8_linux3_e3_1240___Graal-default-java.json#nbody---29
warmup_results_0_8_linux3_e3_1240___Graal-default-java.json#nbody---15,warmup_results_0_8_linux3_e3_1240___Graal-default-java.json#nbody---24
warmup_results_0_8_linux3_e3_1240___Graal-default-java.json#nbody---16,warmup_results_0_8_linux3_e3_1240___Graal-default-java.json#nbody---2
warmup_results_0_8_linux3_e3_1240___Graal-default-java.json#nbody---17,warmup_results_0_8_linux3_e3_1240___Graal-default-java.json#nbody---13
warmup_results_0_8_linux3_e3_1240___Graal-default-java.json#nbody---18,warmup_results_0_8_linux3_e3_1240___Graal-default-java.json#nbody---10
warmup_results_0_8_linux3_e3_1240___Graal-default-java.json#nbody---19,warmup_results_0_8_linux3_e3_1240___Graal-default-java.json#nbody---2
warmup_results_0_8_linux3_e3_1240___Graal-default-java.json#nbody---2,warmup_results_0_8_linux3_e3_1240___Graal-default-java.json#nbody---17
warmup_results_0_8_linux3_e3_1240___Graal-default-java.json#nbody---20,warmup_results_0_8_linux3_e3_1240___Graal-default-java.json#nbody---11
warmup_results_0_8_linux3_e3_1240___Graal-default-java.json#nbody---21,warmup_results_0_8_linux3_e3_1240___Graal-default-java.json#nbody---19
warmup_results_0_8_linux3_e3_1240___Graal-default-java.json#nbody---22,warmup_results_0_8_linux3_e3_1240___Graal-default-java.json#nbody---16
warmup_results_0_8_linux3_e3_1240___Graal-default-java.json#nbody---23,warmup_results_0_8_linux3_e3_1240___Graal-default-java.json#nbody---14
warmup_results_0_8_linux3_e3_1240___Graal-default-java.json#nbody---24,warmup_results_0_8_linux3_e3_1240___Graal-default-java.json#nbody---25
warmup_results_0_8_linux3_e3_1240___Graal-default-java.json#nbody---25,warmup_results_0_8_linux3_e3_1240___Graal-default-java.json#nbody---26
warmup_results_0_8_linux3_e3_1240___Graal-default-java.json#nbody---26,warmup_results_0_8_linux3_e3_1240___Graal-default-java.json#nbody---14
warmup_results_0_8_linux3_e3_1240___Graal-default-java.json#nbody---27,warmup_results_0_8_linux3_e3_1240___Graal-default-java.json#nbody---15
warmup_results_0_8_linux3_e3_1240___Graal-default-java.json#nbody---28,warmup_results_0_8_linux3_e3_1240___Graal-default-java.json#nbody---14
warmup_results_0_8_linux3_e3_1240___Graal-default-java.json#nbody---29,warmup_results_0_8_linux3_e3_1240___Graal-default-java.json#nbody---24
warmup_results_0_8_linux3_e3_1240___Graal-default-java.json#nbody---3,warmup_results_0_8_linux3_e3_1240___Graal-default-java.json#nbody---22
warmup_results_0_8_linux3_e3_1240___Graal-default-java.json#nbody---4,warmup_results_0_8_linux3_e3_1240___Graal-default-java.json#nbody---16
warmup_results_0_8_linux3_e3_1240___Graal-default-java.json#nbody---5,warmup_results_0_8_linux3_e3_1240___Graal-default-java.json#nbody---16
warmup_results_0_8_linux3_e3_1240___Graal-default-java.json#nbody---6,warmup_results_0_8_linux3_e3_1240___Graal-default-java.json#nbody---8
warmup_results_0_8_linux3_e3_1240___Graal-default-java.json#nbody---7,warmup_results_0_8_linux3_e3_1240___Graal-default-java.json#nbody---26
warmup_results_0_8_linux3_e3_1240___Graal-default-java.json#nbody---8,warmup_results_0_8_linux3_e3_1240___Graal-default-java.json#nbody---4
warmup_results_0_8_linux3_e3_1240___Graal-default-java.json#nbody---9,warmup_results_0_8_linux3_e3_1240___Graal-default-java.json#nbody---11
warmup_results_0_8_linux3_e3_1240___Graal-default-java.json#richards---0,warmup_results_0_8_linux3_e3_1240___Graal-default-java.json#richards---29
warmup_results_0_8_linux3_e3_1240___Graal-default-java.json#richards---1,warmup_results_0_8_linux3_e3_1240___Graal-default-java.json#richards---23
warmup_results_0_8_linux3_e3_1240___Graal-default-java.json#richards---10,warmup_results_0_8_linux3_e3_1240___Graal-default-java.json#richards---4
warmup_results_0_8_linux3_e3_1240___Graal-default-java.json#richards---11,warmup_results_0_8_linux3_e3_1240___Graal-default-java.json#richards---23
warmup_results_0_8_linux3_e3_1240___Graal-default-java.json#richards---12,warmup_results_0_8_linux3_e3_1240___Graal-default-java.json#richards---10
warmup_results_0_8_linux3_e3_1240___Graal-default-java.json#richards---13,warmup_results_0_8_linux3_e3_1240___Graal-default-java.json#richards---4
warmup_results_0_8_linux3_e3_1240___Graal-default-java.json#richards---14,warmup_results_0_8_linux3_e3_1240___Graal-default-java.json#richards---11
warmup_results_0_8_linux3_e3_1240___Graal-default-java.json#richards---15,warmup_results_0_8_linux3_e3_1240___Graal-default-java.json#richards---5
warmup_results_0_8_linux3_e3_1240___Graal-default-java.json#richards---16,warmup_results_0_8_linux3_e3_1240___Graal-default-java.json#richards---22
warmup_results_0_8_linux3_e3_1240___Graal-default-java.json#richards---17,warmup_results_0_8_linux3_e3_1240___Graal-default-java.json#richards---21
warmup_results_0_8_linux3_e3_1240___Graal-default-java.json#richards---18,warmup_results_0_8_linux3_e3_1240___Graal-default-java.json#richards---2
warmup_results_0_8_linux3_e3_1240___Graal-default-java.json#richards---19,warmup_results_0_8_linux3_e3_1240___Graal-default-java.json#richards---4
warmup_results_0_8_linux3_e3_1240___Graal-default-java.json#richards---2,warmup_results_0_8_linux3_e3_1240___Graal-default-java.json#richards---7
warmup_results_0_8_linux3_e3_1240___Graal-default-java.json#richards---20,warmup_results_0_8_linux3_e3_1240___Graal-default-java.json#richards---16
warmup_results_0_8_linux3_e3_1240___Graal-default-java.json#richards---21,warmup_results_0_8_linux3_e3_1240___Graal-default-java.json#richards---25
warmup_results_0_8_linux3_e3_1240___Graal-default-java.json#richards---22,warmup_results_0_8_linux3_e3_1240___Graal-default-java.json#richards---4
warmup_results_0_8_linux3_e3_1240___Graal-default-java.json#richards---23,warmup_results_0_8_linux3_e3_1240___Graal-default-java.json#richards---19
warmup_results_0_8_linux3_e3_1240___Graal-default-java.json#richards---24,warmup_results_0_8_linux3_e3_1240___Graal-default-java.json#richards---6
warmup_results_0_8_linux3_e3_1240___Graal-default-java.json#richards---25,warmup_results_0_8_linux3_e3_1240___Graal-default-java.json#richards---3
warmup_results_0_8_linux3_e3_1240___Graal-default-java.json#richards---26,warmup_results_0_8_linux3_e3_1240___Graal-default-java.json#richards---8
warmup_results_0_8_linux3_e3_1240___Graal-default-java.json#richards---27,warmup_results_0_8_linux3_e3_1240___Graal-default-java.json#richards---0
warmup_results_0_8_linux3_e3_1240___Graal-default-java.json#richards---28,warmup_results_0_8_linux3_e3_1240___Graal-default-java.json#richards---6
warmup_results_0_8_linux3_e3_1240___Graal-default-java.json#richards---29,warmup_results_0_8_linux3_e3_1240___Graal-default-java.json#richards---26
warmup_results_0_8_linux3_e3_1240___Graal-default-java.json#richards---3,warmup_results_0_8_linux3_e3_1240___Graal-default-java.json#richards---24
warmup_results_0_8_linux3_e3_1240___Graal-default-java.json#richards---4,warmup_results_0_8_linux3_e3_1240___Graal-default-java.json#richards---26
warmup_results_0_8_linux3_e3_1240___Graal-default-java.json#richards---5,warmup_results_0_8_linux3_e3_1240___Graal-default-java.json#richards---12
warmup_results_0_8_linux3_e3_1240___Graal-default-java.json#richards---6,warmup_results_0_8_linux3_e3_1240___Graal-default-java.json#richards---22
warmup_results_0_8_linux3_e3_1240___Graal-default-java.json#richards---7,warmup_results_0_8_linux3_e3_1240___Graal-default-java.json#richards---0
warmup_results_0_8_linux3_e3_1240___Graal-default-java.json#richards---8,warmup_results_0_8_linux3_e3_1240___Graal-default-java.json#richards---4
warmup_results_0_8_linux3_e3_1240___Graal-default-java.json#richards---9,warmup_results_0_8_linux3_e3_1240___Graal-default-java.json#richards---6
warmup_results_0_8_linux3_e3_1240___Graal-default-java.json#spectralnorm---0,warmup_results_0_8_linux3_e3_1240___Graal-default-java.json#spectralnorm---11
warmup_results_0_8_linux3_e3_1240___Graal-default-java.json#spectralnorm---1,warmup_results_0_8_linux3_e3_1240___Graal-default-java.json#spectralnorm---29
warmup_results_0_8_linux3_e3_1240___Graal-default-java.json#spectralnorm---10,warmup_results_0_8_linux3_e3_1240___Graal-default-java.json#spectralnorm---7
warmup_results_0_8_linux3_e3_1240___Graal-default-java.json#spectralnorm---11,warmup_results_0_8_linux3_e3_1240___Graal-default-java.json#spectralnorm---22
warmup_results_0_8_linux3_e3_1240___Graal-default-java.json#spectralnorm---12,warmup_results_0_8_linux3_e3_1240___Graal-default-java.json#spectralnorm---24
warmup_results_0_8_linux3_e3_1240___Graal-default-java.json#spectralnorm---13,warmup_results_0_8_linux3_e3_1240___Graal-default-java.json#spectralnorm---5
warmup_results_0_8_linux3_e3_1240___Graal-default-java.json#spectralnorm---14,warmup_results_0_8_linux3_e3_1240___Graal-default-java.json#spectralnorm---5
warmup_results_0_8_linux3_e3_1240___Graal-default-java.json#spectralnorm---15,warmup_results_0_8_linux3_e3_1240___Graal-default-java.json#spectralnorm---19
warmup_results_0_8_linux3_e3_1240___Graal-default-java.json#spectralnorm---16,warmup_results_0_8_linux3_e3_1240___Graal-default-java.json#spectralnorm---27
warmup_results_0_8_linux3_e3_1240___Graal-default-java.json#spectralnorm---17,warmup_results_0_8_linux3_e3_1240___Graal-default-java.json#spectralnorm---10
warmup_results_0_8_linux3_e3_1240___Graal-default-java.json#spectralnorm---18,warmup_results_0_8_linux3_e3_1240___Graal-default-java.json#spectralnorm---14
warmup_results_0_8_linux3_e3_1240___Graal-default-java.json#spectralnorm---19,warmup_results_0_8_linux3_e3_1240___Graal-default-java.json#spectralnorm---6
warmup_results_0_8_linux3_e3_1240___Graal-default-java.json#spectralnorm---2,warmup_results_0_8_linux3_e3_1240___Graal-default-java.json#spectralnorm---19
warmup_results_0_8_linux3_e3_1240___Graal-default-java.json#spectralnorm---20,warmup_results_0_8_linux3_e3_1240___Graal-default-java.json#spectralnorm---27
warmup_results_0_8_linux3_e3_1240___Graal-default-java.json#spectralnorm---21,warmup_results_0_8_linux3_e3_1240___Graal-default-java.json#spectralnorm---4
warmup_results_0_8_linux3_e3_1240___Graal-default-java.json#spectralnorm---22,warmup_results_0_8_linux3_e3_1240___Graal-default-java.json#spectralnorm---16
warmup_results_0_8_linux3_e3_1240___Graal-default-java.json#spectralnorm---23,warmup_results_0_8_linux3_e3_1240___Graal-default-java.json#spectralnorm---29
warmup_results_0_8_linux3_e3_1240___Graal-default-java.json#spectralnorm---24,warmup_results_0_8_linux3_e3_1240___Graal-default-java.json#spectralnorm---9
warmup_results_0_8_linux3_e3_1240___Graal-default-java.json#spectralnorm---25,warmup_results_0_8_linux3_e3_1240___Graal-default-java.json#spectralnorm---0
warmup_results_0_8_linux3_e3_1240___Graal-default-java.json#spectralnorm---26,warmup_results_0_8_linux3_e3_1240___Graal-default-java.json#spectralnorm---24
warmup_results_0_8_linux3_e3_1240___Graal-default-java.json#spectralnorm---27,warmup_results_0_8_linux3_e3_1240___Graal-default-java.json#spectralnorm---25
warmup_results_0_8_linux3_e3_1240___Graal-default-java.json#spectralnorm---28,warmup_results_0_8_linux3_e3_1240___Graal-default-java.json#spectralnorm---14
warmup_results_0_8_linux3_e3_1240___Graal-default-java.json#spectralnorm---29,warmup_results_0_8_linux3_e3_1240___Graal-default-java.json#spectralnorm---11
warmup_results_0_8_linux3_e3_1240___Graal-default-java.json#spectralnorm---3,warmup_results_0_8_linux3_e3_1240___Graal-default-java.json#spectralnorm---10
warmup_results_0_8_linux3_e3_1240___Graal-default-java.json#spectralnorm---4,warmup_results_0_8_linux3_e3_1240___Graal-default-java.json#spectralnorm---1
warmup_results_0_8_linux3_e3_1240___Graal-default-java.json#spectralnorm---5,warmup_results_0_8_linux3_e3_1240___Graal-default-java.json#spectralnorm---25
warmup_results_0_8_linux3_e3_1240___Graal-default-java.json#spectralnorm---6,warmup_results_0_8_linux3_e3_1240___Graal-default-java.json#spectralnorm---21
warmup_results_0_8_linux3_e3_1240___Graal-default-java.json#spectralnorm---7,warmup_results_0_8_linux3_e3_1240___Graal-default-java.json#spectralnorm---13
warmup_results_0_8_linux3_e3_1240___Graal-default-java.json#spectralnorm---8,warmup_results_0_8_linux3_e3_1240___Graal-default-java.json#spectralnorm---15
warmup_results_0_8_linux3_e3_1240___Graal-default-java.json#spectralnorm---9,warmup_results_0_8_linux3_e3_1240___Graal-default-java.json#spectralnorm---6
warmup_results_0_8_linux3_e3_1240___HHVM-default-php.json#binarytrees---0,warmup_results_0_8_linux3_e3_1240___HHVM-default-php.json#binarytrees---14
warmup_results_0_8_linux3_e3_1240___HHVM-default-php.json#binarytrees---1,warmup_results_0_8_linux3_e3_1240___HHVM-default-php.json#binarytrees---20
warmup_results_0_8_linux3_e3_1240___HHVM-default-php.json#binarytrees---10,warmup_results_0_8_linux3_e3_1240___HHVM-default-php.json#binarytrees---20
warmup_results_0_8_linux3_e3_1240___HHVM-default-php.json#binarytrees---11,warmup_results_0_8_linux3_e3_1240___HHVM-default-php.json#binarytrees---18
warmup_results_0_8_linux3_e3_1240___HHVM-default-php.json#binarytrees---12,warmup_results_0_8_linux3_e3_1240___HHVM-default-php.json#binarytrees---15
warmup_results_0_8_linux3_e3_1240___HHVM-default-php.json#binarytrees---13,warmup_results_0_8_linux3_e3_1240___HHVM-default-php.json#binarytrees---5
warmup_results_0_8_linux3_e3_1240___HHVM-default-php.json#binarytrees---14,warmup_results_0_8_linux3_e3_1240___HHVM-default-php.json#binarytrees---2
warmup_results_0_8_linux3_e3_1240___HHVM-default-php.json#binarytrees---15,warmup_results_0_8_linux3_e3_1240___HHVM-default-php.json#binarytrees---19
warmup_results_0_8_linux3_e3_1240___HHVM-default-php.json#binarytrees---16,warmup_results_0_8_linux3_e3_1240___HHVM-default-php.json#binarytrees---12
warmup_results_0_8_linux3_e3_1240___HHVM-default-php.json#binarytrees---17,warmup_results_0_8_linux3_e3_1240___HHVM-default-php.json#binarytrees---18
warmup_results_0_8_linux3_e3_1240___HHVM-default-php.json#binarytrees---18,warmup_results_0_8_linux3_e3_1240___HHVM-default-php.json#binarytrees---11
warmup_results_0_8_linux3_e3_1240___HHVM-default-php.json#binarytrees---19,warmup_results_0_8_linux3_e3_1240___HHVM-default-php.json#binarytrees---27
warmup_results_0_8_linux3_e3_1240___HHVM-default-php.json#binarytrees---2,warmup_results_0_8_linux3_e3_1240___HHVM-default-php.json#binarytrees---29
warmup_results_0_8_linux3_e3_1240___HHVM-default-php.json#binarytrees---20,warmup_results_0_8_linux3_e3_1240___HHVM-default-php.json#binarytrees---1
warmup_results_0_8_linux3_e3_1240___HHVM-default-php.json#binarytrees---21,warmup_results_0_8_linux3_e3_1240___HHVM-default-php.json#binarytrees---6
warmup_results_0_8_linux3_e3_1240___HHVM-default-php.json#binarytrees---22,warmup_results_0_8_linux3_e3_1240___HHVM-default-php.json#binarytrees---7
warmup_results_0_8_linux3_e3_1240___HHVM-default-php.json#binarytrees---23,warmup_results_0_8_linux3_e3_1240___HHVM-default-php.json#binarytrees---15
warmup_results_0_8_linux3_e3_1240___HHVM-default-php.json#binarytrees---24,warmup_results_0_8_linux3_e3_1240___HHVM-default-php.json#binarytrees---12
warmup_results_0_8_linux3_e3_1240___HHVM-default-php.json#binarytrees---25,warmup_results_0_8_linux3_e3_1240___HHVM-default-php.json#binarytrees---7
warmup_results_0_8_linux3_e3_1240___HHVM-default-php.json#binarytrees---26,warmup_results_0_8_linux3_e3_1240___HHVM-default-php.json#binarytrees---20
warmup_results_0_8_linux3_e3_1240___HHVM-default-php.json#binarytrees---27,warmup_results_0_8_linux3_e3_1240___HHVM-default-php.json#binarytrees---11
warmup_results_0_8_linux3_e3_1240___HHVM-default-php.json#binarytrees---28,warmup_results_0_8_linux3_e3_1240___HHVM-default-php.json#binarytrees---15
warmup_results_0_8_linux3_e3_1240___HHVM-default-php.json#binarytrees---29,warmup_results_0_8_linux3_e3_1240___HHVM-default-php.json#binarytrees---23
warmup_results_0_8_linux3_e3_1240___HHVM-default-php.json#binarytrees---3,warmup_results_0_8_linux3_e3_1240___HHVM-default-php.json#binarytrees---16
warmup_results_0_8_linux3_e3_1240___HHVM-default-php.json#binarytrees---4,warmup_results_0_8_linux3_e3_1240___HHVM-default-php.json#binarytrees---18
warmup_results_0_8_linux3_e3_1240___HHVM-default-php.json#binarytrees---5,warmup_results_0_8_linux3_e3_1240___HHVM-default-php.json#binarytrees---22
warmup_results_0_8_linux3_e3_1240___HHVM-default-php.json#binarytrees---6,warmup_results_0_8_linux3_e3_1240___HHVM-default-php.json#binarytrees---27
warmup_results_0_8_linux3_e3_1240___HHVM-default-php.json#binarytrees---7,warmup_results_0_8_linux3_e3_1240___HHVM-default-php.json#binarytrees---16
warmup_results_0_8_linux3_e3_1240___HHVM-default-php.json#binarytrees---8,warmup_results_0_8_linux3_e3_1240___HHVM-default-php.json#binarytrees---3
warmup_results_0_8_linux3_e3_1240___HHVM-default-php.json#binarytrees---9,warmup_results_0_8_linux3_e3_1240___HHVM-default-php.json#binarytrees---0
warmup_results_0_8_linux3_e3_1240___HHVM-default-php.json#fannkuch_redux---0,warmup_results_0_8_linux3_e3_1240___HHVM-default-php.json#fannkuch_redux---24
warmup_results_0_8_linux3_e3_1240___HHVM-default-php.json#fannkuch_redux---1,warmup_results_0_8_linux3_e3_1240___HHVM-default-php.json#fannkuch_redux---24
warmup_results_0_8_linux3_e3_1240___HHVM-default-php.json#fannkuch_redux---10,warmup_results_0_8_linux3_e3_1240___HHVM-default-php.json#fannkuch_redux---26
warmup_results_0_8_linux3_e3_1240___HHVM-default-php.json#fannkuch_redux---11,warmup_results_0_8_linux3_e3_1240___HHVM-default-php.json#fannkuch_redux---9
warmup_results_0_8_linux3_e3_1240___HHVM-default-php.json#fannkuch_redux---12,warmup_results_0_8_linux3_e3_1240___HHVM-default-php.json#fannkuch_redux---10
warmup_results_0_8_linux3_e3_1240___HHVM-default-php.json#fannkuch_redux---13,warmup_results_0_8_linux3_e3_1240___HHVM-default-php.json#fannkuch_redux---21
warmup_results_0_8_linux3_e3_1240___HHVM-default-php.json#fannkuch_redux---14,warmup_results_0_8_linux3_e3_1240___HHVM-default-php.json#fannkuch_redux---25
warmup_results_0_8_linux3_e3_1240___HHVM-default-php.json#fannkuch_redux---15,warmup_results_0_8_linux3_e3_1240___HHVM-default-php.json#fannkuch_redux---26
warmup_results_0_8_linux3_e3_1240___HHVM-default-php.json#fannkuch_redux---16,warmup_results_0_8_linux3_e3_1240___HHVM-default-php.json#fannkuch_redux---26
warmup_results_0_8_linux3_e3_1240___HHVM-default-php.json#fannkuch_redux---17,warmup_results_0_8_linux3_e3_1240___HHVM-default-php.json#fannkuch_redux---26
warmup_results_0_8_linux3_e3_1240___HHVM-default-php.json#fannkuch_redux---18,warmup_results_0_8_linux3_e3_1240___HHVM-default-php.json#fannkuch_redux---12
warmup_results_0_8_linux3_e3_1240___HHVM-default-php.json#fannkuch_redux---19,warmup_results_0_8_linux3_e3_1240___HHVM-default-php.json#fannkuch_redux---17
warmup_results_0_8_linux3_e3_1240___HHVM-default-php.json#fannkuch_redux---2,warmup_results_0_8_linux3_e3_1240___HHVM-default-php.json#fannkuch_redux---25
warmup_results_0_8_linux3_e3_1240___HHVM-default-php.json#fannkuch_redux---20,warmup_results_0_8_linux3_e3_1240___HHVM-default-php.json#fannkuch_redux---28
warmup_results_0_8_linux3_e3_1240___HHVM-default-php.json#fannkuch_redux---21,warmup_results_0_8_linux3_e3_1240___HHVM-default-php.json#fannkuch_redux---23
warmup_results_0_8_linux3_e3_1240___HHVM-default-php.json#fannkuch_redux---22,warmup_results_0_8_linux3_e3_1240___HHVM-default-php.json#fannkuch_redux---11
warmup_results_0_8_linux3_e3_1240___HHVM-default-php.json#fannkuch_redux---23,warmup_results_0_8_linux3_e3_1240___HHVM-default-php.json#fannkuch_redux---25
warmup_results_0_8_linux3_e3_1240___HHVM-default-php.json#fannkuch_redux---24,warmup_results_0_8_linux3_e3_1240___HHVM-default-php.json#fannkuch_redux---2
warmup_results_0_8_linux3_e3_1240___HHVM-default-php.json#fannkuch_redux---25,warmup_results_0_8_linux3_e3_1240___HHVM-default-php.json#fannkuch_redux---14
warmup_results_0_8_linux3_e3_1240___HHVM-default-php.json#fannkuch_redux---26,warmup_results_0_8_linux3_e3_1240___HHVM-default-php.json#fannkuch_redux---1
warmup_results_0_8_linux3_e3_1240___HHVM-default-php.json#fannkuch_redux---27,warmup_results_0_8_linux3_e3_1240___HHVM-default-php.json#fannkuch_redux---8
warmup_results_0_8_linux3_e3_1240___HHVM-default-php.json#fannkuch_redux---28,warmup_results_0_8_linux3_e3_1240___HHVM-default-php.json#fannkuch_redux---23
warmup_results_0_8_linux3_e3_1240___HHVM-default-php.json#fannkuch_redux---29,warmup_results_0_8_linux3_e3_1240___HHVM-default-php.json#fannkuch_redux---1
warmup_results_0_8_linux3_e3_1240___HHVM-default-php.json#fannkuch_redux---3,warmup_results_0_8_linux3_e3_1240___HHVM-default-php.json#fannkuch_redux---5
warmup_results_0_8_linux3_e3_1240___HHVM-default-php.json#fannkuch_redux---4,warmup_results_0_8_linux3_e3_1240___HHVM-default-php.json#fannkuch_redux---19
warmup_results_0_8_linux3_e3_1240___HHVM-default-php.json#fannkuch_redux---5,warmup_results_0_8_linux3_e3_1240___HHVM-default-php.json#fannkuch_redux---14
warmup_results_0_8_linux3_e3_1240___HHVM-default-php.json#fannkuch_redux---6,warmup_results_0_8_linux3_e3_1240___HHVM-default-php.json#fannkuch_redux---0
warmup_results_0_8_linux3_e3_1240___HHVM-default-php.json#fannkuch_redux---7,warmup_results_0_8_linux3_e3_1240___HHVM-default-php.json#fannkuch_redux---3
warmup_results_0_8_linux3_e3_1240___HHVM-default-php.json#fannkuch_redux---8,warmup_results_0_8_linux3_e3_1240___HHVM-default-php.json#fannkuch_redux---13
warmup_results_0_8_linux3_e3_1240___HHVM-default-php.json#fannkuch_redux---9,warmup_results_0_8_linux3_e3_1240___HHVM-default-php.json#fannkuch_redux---29
warmup_results_0_8_linux3_e3_1240___HHVM-default-php.json#fasta---0,warmup_results_0_8_linux3_e3_1240___HHVM-default-php.json#fasta---19
warmup_results_0_8_linux3_e3_1240___HHVM-default-php.json#fasta---1,warmup_results_0_8_linux3_e3_1240___HHVM-default-php.json#fasta---15
warmup_results_0_8_linux3_e3_1240___HHVM-default-php.json#fasta---10,warmup_results_0_8_linux3_e3_1240___HHVM-default-php.json#fasta---16
warmup_results_0_8_linux3_e3_1240___HHVM-default-php.json#fasta---11,warmup_results_0_8_linux3_e3_1240___HHVM-default-php.json#fasta---0
warmup_results_0_8_linux3_e3_1240___HHVM-default-php.json#fasta---12,warmup_results_0_8_linux3_e3_1240___HHVM-default-php.json#fasta---27
warmup_results_0_8_linux3_e3_1240___HHVM-default-php.json#fasta---13,warmup_results_0_8_linux3_e3_1240___HHVM-default-php.json#fasta---1
warmup_results_0_8_linux3_e3_1240___HHVM-default-php.json#fasta---14,warmup_results_0_8_linux3_e3_1240___HHVM-default-php.json#fasta---6
warmup_results_0_8_linux3_e3_1240___HHVM-default-php.json#fasta---15,warmup_results_0_8_linux3_e3_1240___HHVM-default-php.json#fasta---12
warmup_results_0_8_linux3_e3_1240___HHVM-default-php.json#fasta---16,warmup_results_0_8_linux3_e3_1240___HHVM-default-php.json#fasta---8
warmup_results_0_8_linux3_e3_1240___HHVM-default-php.json#fasta---17,warmup_results_0_8_linux3_e3_1240___HHVM-default-php.json#fasta---24
warmup_results_0_8_linux3_e3_1240___HHVM-default-php.json#fasta---18,warmup_results_0_8_linux3_e3_1240___HHVM-default-php.json#fasta---8
warmup_results_0_8_linux3_e3_1240___HHVM-default-php.json#fasta---19,warmup_results_0_8_linux3_e3_1240___HHVM-default-php.json#fasta---26
warmup_results_0_8_linux3_e3_1240___HHVM-default-php.json#fasta---2,warmup_results_0_8_linux3_e3_1240___HHVM-default-php.json#fasta---12
warmup_results_0_8_linux3_e3_1240___HHVM-default-php.json#fasta---20,warmup_results_0_8_linux3_e3_1240___HHVM-default-php.json#fasta---26
warmup_results_0_8_linux3_e3_1240___HHVM-default-php.json#fasta---21,warmup_results_0_8_linux3_e3_1240___HHVM-default-php.json#fasta---5
warmup_results_0_8_linux3_e3_1240___HHVM-default-php.json#fasta---22,warmup_results_0_8_linux3_e3_1240___HHVM-default-php.json#fasta---23
warmup_results_0_8_linux3_e3_1240___HHVM-default-php.json#fasta---23,warmup_results_0_8_linux3_e3_1240___HHVM-default-php.json#fasta---11
warmup_results_0_8_linux3_e3_1240___HHVM-default-php.json#fasta---24,warmup_results_0_8_linux3_e3_1240___HHVM-default-php.json#fasta---23
warmup_results_0_8_linux3_e3_1240___HHVM-default-php.json#fasta---25,warmup_results_0_8_linux3_e3_1240___HHVM-default-php.json#fasta---6
warmup_results_0_8_linux3_e3_1240___HHVM-default-php.json#fasta---26,warmup_results_0_8_linux3_e3_1240___HHVM-default-php.json#fasta---18
warmup_results_0_8_linux3_e3_1240___HHVM-default-php.json#fasta---27,warmup_results_0_8_linux3_e3_1240___HHVM-default-php.json#fasta---5
warmup_results_0_8_linux3_e3_1240___HHVM-default-php.json#fasta---28,warmup_results_0_8_linux3_e3_1240___HHVM-default-php.json#fasta---19
warmup_results_0_8_linux3_e3_1240___HHVM-default-php.json#fasta---29,warmup_results_0_8_linux3_e3_1240___HHVM-default-php.json#fasta---19
warmup_results_0_8_linux3_e3_1240___HHVM-default-php.json#fasta---3,warmup_results_0_8_linux3_e3_1240___HHVM-default-php.json#fasta---15
warmup_results_0_8_linux3_e3_1240___HHVM-default-php.json#fasta---4,warmup_results_0_8_linux3_e3_1240___HHVM-default-php.json#fasta---21
warmup_results_0_8_linux3_e3_1240___HHVM-default-php.json#fasta---5,warmup_results_0_8_linux3_e3_1240___HHVM-default-php.json#fasta---9
warmup_results_0_8_linux3_e3_1240___HHVM-default-php.json#fasta---6,warmup_results_0_8_linux3_e3_1240___HHVM-default-php.json#fasta---20
warmup_results_0_8_linux3_e3_1240___HHVM-default-php.json#fasta---7,warmup_results_0_8_linux3_e3_1240___HHVM-default-php.json#fasta---22
warmup_results_0_8_linux3_e3_1240___HHVM-default-php.json#fasta---8,warmup_results_0_8_linux3_e3_1240___HHVM-default-php.json#fasta---6
warmup_results_0_8_linux3_e3_1240___HHVM-default-php.json#fasta---9,warmup_results_0_8_linux3_e3_1240___HHVM-default-php.json#fasta---8
warmup_results_0_8_linux3_e3_1240___HHVM-default-php.json#nbody---0,warmup_results_0_8_linux3_e3_1240___HHVM-default-php.json#nbody---28
warmup_results_0_8_linux3_e3_1240___HHVM-default-php.json#nbody---1,warmup_results_0_8_linux3_e3_1240___HHVM-default-php.json#nbody---16
warmup_results_0_8_linux3_e3_1240___HHVM-default-php.json#nbody---10,warmup_results_0_8_linux3_e3_1240___HHVM-default-php.json#nbody---12
warmup_results_0_8_linux3_e3_1240___HHVM-default-php.json#nbody---11,warmup_results_0_8_linux3_e3_1240___HHVM-default-php.json#nbody---28
warmup_results_0_8_linux3_e3_1240___HHVM-default-php.json#nbody---12,warmup_results_0_8_linux3_e3_1240___HHVM-default-php.json#nbody---26
warmup_results_0_8_linux3_e3_1240___HHVM-default-php.json#nbody---13,warmup_results_0_8_linux3_e3_1240___HHVM-default-php.json#nbody---25
warmup_results_0_8_linux3_e3_1240___HHVM-default-php.json#nbody---14,warmup_results_0_8_linux3_e3_1240___HHVM-default-php.json#nbody---2
warmup_results_0_8_linux3_e3_1240___HHVM-default-php.json#nbody---15,warmup_results_0_8_linux3_e3_1240___HHVM-default-php.json#nbody---3
warmup_results_0_8_linux3_e3_1240___HHVM-default-php.json#nbody---16,warmup_results_0_8_linux3_e3_1240___HHVM-default-php.json#nbody---17
warmup_results_0_8_linux3_e3_1240___HHVM-default-php.json#nbody---17,warmup_results_0_8_linux3_e3_1240___HHVM-default-php.json#nbody---16
warmup_results_0_8_linux3_e3_1240___HHVM-default-php.json#nbody---18,warmup_results_0_8_linux3_e3_1240___HHVM-default-php.json#nbody---15
warmup_results_0_8_linux3_e3_1240___HHVM-default-php.json#nbody---19,warmup_results_0_8_linux3_e3_1240___HHVM-default-php.json#nbody---3
warmup_results_0_8_linux3_e3_1240___HHVM-default-php.json#nbody---2,warmup_results_0_8_linux3_e3_1240___HHVM-default-php.json#nbody---21
warmup_results_0_8_linux3_e3_1240___HHVM-default-php.json#nbody---20,warmup_results_0_8_linux3_e3_1240___HHVM-default-php.json#nbody---12
warmup_results_0_8_linux3_e3_1240___HHVM-default-php.json#nbody---21,warmup_results_0_8_linux3_e3_1240___HHVM-default-php.json#nbody---22
warmup_results_0_8_linux3_e3_1240___HHVM-default-php.json#nbody---22,warmup_results_0_8_linux3_e3_1240___HHVM-default-php.json#nbody---25
warmup_results_0_8_linux3_e3_1240___HHVM-default-php.json#nbody---23,warmup_results_0_8_linux3_e3_1240___HHVM-default-php.json#nbody---4
warmup_results_0_8_linux3_e3_1240___HHVM-default-php.json#nbody---24,warmup_results_0_8_linux3_e3_1240___HHVM-default-php.json#nbody---8
warmup_results_0_8_linux3_e3_1240___HHVM-default-php.json#nbody---25,warmup_results_0_8_linux3_e3_1240___HHVM-default-php.json#nbody---27
warmup_results_0_8_linux3_e3_1240___HHVM-default-php.json#nbody---26,warmup_results_0_8_linux3_e3_1240___HHVM-default-php.json#nbody---23
warmup_results_0_8_linux3_e3_1240___HHVM-default-php.json#nbody---27,warmup_results_0_8_linux3_e3_1240___HHVM-default-php.json#nbody---21
warmup_results_0_8_linux3_e3_1240___HHVM-default-php.json#nbody---28,warmup_results_0_8_linux3_e3_1240___HHVM-default-php.json#nbody---18
warmup_results_0_8_linux3_e3_1240___HHVM-default-php.json#nbody---29,warmup_results_0_8_linux3_e3_1240___HHVM-default-php.json#nbody---6
warmup_results_0_8_linux3_e3_1240___HHVM-default-php.json#nbody---3,warmup_results_0_8_linux3_e3_1240___HHVM-default-php.json#nbody---4
warmup_results_0_8_linux3_e3_1240___HHVM-default-php.json#nbody---4,warmup_results_0_8_linux3_e3_1240___HHVM-default-php.json#nbody---7
warmup_results_0_8_linux3_e3_1240___HHVM-default-php.json#nbody---5,warmup_results_0_8_linux3_e3_1240___HHVM-default-php.json#nbody---7
warmup_results_0_8_linux3_e3_1240___HHVM-default-php.json#nbody---6,warmup_results_0_8_linux3_e3_1240___HHVM-default-php.json#nbody---15
warmup_results_0_8_linux3_e3_1240___HHVM-default-php.json#nbody---7,warmup_results_0_8_linux3_e3_1240___HHVM-default-php.json#nbody---6
warmup_results_0_8_linux3_e3_1240___HHVM-default-php.json#nbody---8,warmup_results_0_8_linux3_e3_1240___HHVM-default-php.json#nbody---4
warmup_results_0_8_linux3_e3_1240___HHVM-default-php.json#nbody---9,warmup_results_0_8_linux3_e3_1240___HHVM-default-php.json#nbody---5
warmup_results_0_8_linux3_e3_1240___HHVM-default-php.json#spectralnorm---0,warmup_results_0_8_linux3_e3_1240___HHVM-default-php.json#spectralnorm---17
warmup_results_0_8_linux3_e3_1240___HHVM-default-php.json#spectralnorm---1,warmup_results_0_8_linux3_e3_1240___HHVM-default-php.json#spectralnorm---24
warmup_results_0_8_linux3_e3_1240___HHVM-default-php.json#spectralnorm---10,warmup_results_0_8_linux3_e3_1240___HHVM-default-php.json#spectralnorm---25
warmup_results_0_8_linux3_e3_1240___HHVM-default-php.json#spectralnorm---11,warmup_results_0_8_linux3_e3_1240___HHVM-default-php.json#spectralnorm---0
warmup_results_0_8_linux3_e3_1240___HHVM-default-php.json#spectralnorm---12,warmup_results_0_8_linux3_e3_1240___HHVM-default-php.json#spectralnorm---4
warmup_results_0_8_linux3_e3_1240___HHVM-default-php.json#spectralnorm---13,warmup_results_0_8_linux3_e3_1240___HHVM-default-php.json#spectralnorm---5
warmup_results_0_8_linux3_e3_1240___HHVM-default-php.json#spectralnorm---14,warmup_results_0_8_linux3_e3_1240___HHVM-default-php.json#spectralnorm---18
warmup_results_0_8_linux3_e3_1240___HHVM-default-php.json#spectralnorm---15,warmup_results_0_8_linux3_e3_1240___HHVM-default-php.json#spectralnorm---7
warmup_results_0_8_linux3_e3_1240___HHVM-default-php.json#spectralnorm---16,warmup_results_0_8_linux3_e3_1240___HHVM-default-php.json#spectralnorm---4
warmup_results_0_8_linux3_e3_1240___HHVM-default-php.json#spectralnorm---17,warmup_results_0_8_linux3_e3_1240___HHVM-default-php.json#spectralnorm---12
warmup_results_0_8_linux3_e3_1240___HHVM-default-php.json#spectralnorm---18,warmup_results_0_8_linux3_e3_1240___HHVM-default-php.json#spectralnorm---22
warmup_results_0_8_linux3_e3_1240___HHVM-default-php.json#spectralnorm---19,warmup_results_0_8_linux3_e3_1240___HHVM-default-php.json#spectralnorm---24
warmup_results_0_8_linux3_e3_1240___HHVM-default-php.json#spectralnorm---2,warmup_results_0_8_linux3_e3_1240___HHVM-default-php.json#spectralnorm---0
warmup_results_0_8_linux3_e3_1240___HHVM-default-php.json#spectralnorm---20,warmup_results_0_8_linux3_e3_1240___HHVM-default-php.json#spectralnorm---9
warmup_results_0_8_linux3_e3_1240___HHVM-default-php.json#spectralnorm---21,warmup_results_0_8_linux3_e3_1240___HHVM-default-php.json#spectralnorm---17
warmup_results_0_8_linux3_e3_1240___HHVM-default-php.json#spectralnorm---22,warmup_results_0_8_linux3_e3_1240___HHVM-default-php.json#spectralnorm---26
warmup_results_0_8_linux3_e3_1240___HHVM-default-php.json#spectralnorm---23,warmup_results_0_8_linux3_e3_1240___HHVM-default-php.json#spectralnorm---6
warmup_results_0_8_linux3_e3_1240___HHVM-default-php.json#spectralnorm---24,warmup_results_0_8_linux3_e3_1240___HHVM-default-php.json#spectralnorm---29
warmup_results_0_8_linux3_e3_1240___HHVM-default-php.json#spectralnorm---25,warmup_results_0_8_linux3_e3_1240___HHVM-default-php.json#spectralnorm---9
warmup_results_0_8_linux3_e3_1240___HHVM-default-php.json#spectralnorm---26,warmup_results_0_8_linux3_e3_1240___HHVM-default-php.json#spectralnorm---21
warmup_results_0_8_linux3_e3_1240___HHVM-default-php.json#spectralnorm---27,warmup_results_0_8_linux3_e3_1240___HHVM-default-php.json#spectralnorm---12
warmup_results_0_8_linux3_e3_1240___HHVM-default-php.json#spectralnorm---28,warmup_results_0_8_linux3_e3_1240___HHVM-default-php.json#spectralnorm---11
warmup_results_0_8_linux3_e3_1240___HHVM-default-php.json#spectralnorm---29,warmup_results_0_8_linux3_e3_1240___HHVM-default-php.json#spectralnorm---24
warmup_results_0_8_linux3_e3_1240___HHVM-default-php.json#spectralnorm---3,warmup_results_0_8_linux3_e3_1240___HHVM-default-php.json#spectralnorm---0
warmup_results_0_8_linux3_e3_1240___HHVM-default-php.json#spectralnorm---4,warmup_results_0_8_linux3_e3_1240___HHVM-default-php.json#spectralnorm---26
warmup_results_0_8_linux3_e3_1240___HHVM-default-php.json#spectralnorm---5,warmup_results_0_8_linux3_e3_1240___HHVM-default-php.json#spectralnorm---26
warmup_results_0_8_linux3_e3_1240___HHVM-default-php.json#spectralnorm---6,warmup_results_0_8_linux3_e3_1240___HHVM-default-php.json#spectralnorm---19
warmup_results_0_8_linux3_e3_1240___HHVM-default-php.json#spectralnorm---7,warmup_results_0_8_linux3_e3_1240___HHVM-default-php.json#spectralnorm---11
warmup_results_0_8_linux3_e3_1240___HHVM-default-php.json#spectralnorm---8,warmup_results_0_8_linux3_e3_1240___HHVM-default-php.json#spectralnorm---7
warmup_results_0_8_linux3_e3_1240___HHVM-default-php.json#spectralnorm---9,warmup_results_0_8_linux3_e3_1240___HHVM-default-php.json#spectralnorm---24
warmup_results_0_8_linux3_e3_1240___Hotspot-default-java.json#binarytrees---0,warmup_results_0_8_linux3_e3_1240___Hotspot-default-java.json#binarytrees---1
warmup_results_0_8_linux3_e3_1240___Hotspot-default-java.json#binarytrees---1,warmup_results_0_8_linux3_e3_1240___Hotspot-default-java.json#binarytrees---24
warmup_results_0_8_linux3_e3_1240___Hotspot-default-java.json#binarytrees---10,warmup_results_0_8_linux3_e3_1240___Hotspot-default-java.json#binarytrees---3
warmup_results_0_8_linux3_e3_1240___Hotspot-default-java.json#binarytrees---11,warmup_results_0_8_linux3_e3_1240___Hotspot-default-java.json#binarytrees---15
warmup_results_0_8_linux3_e3_1240___Hotspot-default-java.json#binarytrees---12,warmup_results_0_8_linux3_e3_1240___Hotspot-default-java.json#binarytrees---29
warmup_results_0_8_linux3_e3_1240___Hotspot-default-java.json#binarytrees---13,warmup_results_0_8_linux3_e3_1240___Hotspot-default-java.json#binarytrees---26
warmup_results_0_8_linux3_e3_1240___Hotspot-default-java.json#binarytrees---14,warmup_results_0_8_linux3_e3_1240___Hotspot-default-java.json#binarytrees---10
warmup_results_0_8_linux3_e3_1240___Hotspot-default-java.json#binarytrees---15,warmup_results_0_8_linux3_e3_1240___Hotspot-default-java.json#binarytrees---8
warmup_results_0_8_linux3_e3_1240___Hotspot-default-java.json#binarytrees---16,warmup_results_0_8_linux3_e3_1240___Hotspot-default-java.json#binarytrees---21
warmup_results_0_8_linux3_e3_1240___Hotspot-default-java.json#binarytrees---17,warmup_results_0_8_linux3_e3_1240___Hotspot-default-java.json#binarytrees---26
warmup_results_0_8_linux3_e3_1240___Hotspot-default-java.json#binarytrees---18,warmup_results_0_8_linux3_e3_1240___Hotspot-default-java.json#binarytrees---2
warmup_results_0_8_linux3_e3_1240___Hotspot-default-java.json#binarytrees---19,warmup_results_0_8_linux3_e3_1240___Hotspot-default-java.json#binarytrees---20
warmup_results_0_8_linux3_e3_1240___Hotspot-default-java.json#binarytrees---2,warmup_results_0_8_linux3_e3_1240___Hotspot-default-java.json#binarytrees---9
warmup_results_0_8_linux3_e3_1240___Hotspot-default-java.json#binarytrees---20,warmup_results_0_8_linux3_e3_1240___Hotspot-default-java.json#binarytrees---2
warmup_results_0_8_linux3_e3_1240___Hotspot-default-java.json#binarytrees---21,warmup_results_0_8_linux3_e3_1240___Hotspot-default-java.json#binarytrees---5
warmup_results_0_8_linux3_e3_1240___Hotspot-default-java.json#binarytrees---22,warmup_results_0_8_linux3_e3_1240___Hotspot-default-java.json#binarytrees---19
warmup_results_0_8_linux3_e3_1240___Hotspot-default-java.json#binarytrees---23,warmup_results_0_8_linux3_e3_1240___Hotspot-default-java.json#binarytrees---4
warmup_results_0_8_linux3_e3_1240___Hotspot-default-java.json#binarytrees---24,warmup_results_0_8_linux3_e3_1240___Hotspot-default-java.json#binarytrees---12
warmup_results_0_8_linux3_e3_1240___Hotspot-default-java.json#binarytrees---25,warmup_results_0_8_linux3_e3_1240___Hotspot-default-java.json#binarytrees---22
warmup_results_0_8_linux3_e3_1240___Hotspot-default-java.json#binarytrees---26,warmup_results_0_8_linux3_e3_1240___Hotspot-default-java.json#binarytrees---14
warmup_results_0_8_linux3_e3_1240___Hotspot-default-java.json#binarytrees---27,warmup_results_0_8_linux3_e3_1240___Hotspot-default-java.json#binarytrees---29
warmup_results_0_8_linux3_e3_1240___Hotspot-default-java.json#binarytrees---28,warmup_results_0_8_linux3_e3_1240___Hotspot-default-java.json#binarytrees---16
warmup_results_0_8_linux3_e3_1240___Hotspot-default-java.json#binarytrees---29,warmup_results_0_8_linux3_e3_1240___Hotspot-default-java.json#binarytrees---8
warmup_results_0_8_linux3_e3_1240___Hotspot-default-java.json#binarytrees---3,warmup_results_0_8_linux3_e3_1240___Hotspot-default-java.json#binarytrees---5
warmup_results_0_8_linux3_e3_1240___Hotspot-default-java.json#binarytrees---4,warmup_results_0_8_linux3_e3_1240___Hotspot-default-java.json#binarytrees---16
warmup_results_0_8_linux3_e3_1240___Hotspot-default-java.json#binarytrees---5,warmup_results_0_8_linux3_e3_1240___Hotspot-default-java.json#binarytrees---22
warmup_results_0_8_linux3_e3_1240___Hotspot-default-java.json#binarytrees---6,warmup_results_0_8_linux3_e3_1240___Hotspot-default-java.json#binarytrees---16
warmup_results_0_8_linux3_e3_1240___Hotspot-default-java.json#binarytrees---7,warmup_results_0_8_linux3_e3_1240___Hotspot-default-java.json#binarytrees---1
warmup_results_0_8_linux3_e3_1240___Hotspot-default-java.json#binarytrees---8,warmup_results_0_8_linux3_e3_1240___Hotspot-default-java.json#binarytrees---2
warmup_results_0_8_linux3_e3_1240___Hotspot-default-java.json#binarytrees---9,warmup_results_0_8_linux3_e3_1240___Hotspot-default-java.json#binarytrees---1
warmup_results_0_8_linux3_e3_1240___Hotspot-default-java.json#fannkuch_redux---0,warmup_results_0_8_linux3_e3_1240___Hotspot-default-java.json#fannkuch_redux---28
warmup_results_0_8_linux3_e3_1240___Hotspot-default-java.json#fannkuch_redux---1,warmup_results_0_8_linux3_e3_1240___Hotspot-default-java.json#fannkuch_redux---25
warmup_results_0_8_linux3_e3_1240___Hotspot-default-java.json#fannkuch_redux---10,warmup_results_0_8_linux3_e3_1240___Hotspot-default-java.json#fannkuch_redux---15
warmup_results_0_8_linux3_e3_1240___Hotspot-default-java.json#fannkuch_redux---11,warmup_results_0_8_linux3_e3_1240___Hotspot-default-java.json#fannkuch_redux---1
warmup_results_0_8_linux3_e3_1240___Hotspot-default-java.json#fannkuch_redux---12,warmup_results_0_8_linux3_e3_1240___Hotspot-default-java.json#fannkuch_redux---5
warmup_results_0_8_linux3_e3_1240___Hotspot-default-java.json#fannkuch_redux---13,warmup_results_0_8_linux3_e3_1240___Hotspot-default-java.json#fannkuch_redux---22
warmup_results_0_8_linux3_e3_1240___Hotspot-default-java.json#fannkuch_redux---14,warmup_results_0_8_linux3_e3_1240___Hotspot-default-java.json#fannkuch_redux---25
warmup_results_0_8_linux3_e3_1240___Hotspot-default-java.json#fannkuch_redux---15,warmup_results_0_8_linux3_e3_1240___Hotspot-default-java.json#fannkuch_redux---3
warmup_results_0_8_linux3_e3_1240___Hotspot-default-java.json#fannkuch_redux---16,warmup_results_0_8_linux3_e3_1240___Hotspot-default-java.json#fannkuch_redux---9
warmup_results_0_8_linux3_e3_1240___Hotspot-default-java.json#fannkuch_redux---17,warmup_results_0_8_linux3_e3_1240___Hotspot-default-java.json#fannkuch_redux---19
warmup_results_0_8_linux3_e3_1240___Hotspot-default-java.json#fannkuch_redux---18,warmup_results_0_8_linux3_e3_1240___Hotspot-default-java.json#fannkuch_redux---29
warmup_results_0_8_linux3_e3_1240___Hotspot-default-java.json#fannkuch_redux---19,warmup_results_0_8_linux3_e3_1240___Hotspot-default-java.json#fannkuch_redux---16
warmup_results_0_8_linux3_e3_1240___Hotspot-default-java.json#fannkuch_redux---2,warmup_results_0_8_linux3_e3_1240___Hotspot-default-java.json#fannkuch_redux---25
warmup_results_0_8_linux3_e3_1240___Hotspot-default-java.json#fannkuch_redux---20,warmup_results_0_8_linux3_e3_1240___Hotspot-default-java.json#fannkuch_redux---19
warmup_results_0_8_linux3_e3_1240___Hotspot-default-java.json#fannkuch_redux---21,warmup_results_0_8_linux3_e3_1240___Hotspot-default-java.json#fannkuch_redux---15
warmup_results_0_8_linux3_e3_1240___Hotspot-default-java.json#fannkuch_redux---22,warmup_results_0_8_linux3_e3_1240___Hotspot-default-java.json#fannkuch_redux---29
warmup_results_0_8_linux3_e3_1240___Hotspot-default-java.json#fannkuch_redux---23,warmup_results_0_8_linux3_e3_1240___Hotspot-default-java.json#fannkuch_redux---16
warmup_results_0_8_linux3_e3_1240___Hotspot-default-java.json#fannkuch_redux---24,warmup_results_0_8_linux3_e3_1240___Hotspot-default-java.json#fannkuch_redux---27
warmup_results_0_8_linux3_e3_1240___Hotspot-default-java.json#fannkuch_redux---25,warmup_results_0_8_linux3_e3_1240___Hotspot-default-java.json#fannkuch_redux---8
warmup_results_0_8_linux3_e3_1240___Hotspot-default-java.json#fannkuch_redux---26,warmup_results_0_8_linux3_e3_1240___Hotspot-default-java.json#fannkuch_redux---9
warmup_results_0_8_linux3_e3_1240___Hotspot-default-java.json#fannkuch_redux---27,warmup_results_0_8_linux3_e3_1240___Hotspot-default-java.json#fannkuch_redux---12
warmup_results_0_8_linux3_e3_1240___Hotspot-default-java.json#fannkuch_redux---28,warmup_results_0_8_linux3_e3_1240___Hotspot-default-java.json#fannkuch_redux---1
warmup_results_0_8_linux3_e3_1240___Hotspot-default-java.json#fannkuch_redux---29,warmup_results_0_8_linux3_e3_1240___Hotspot-default-java.json#fannkuch_redux---22
warmup_results_0_8_linux3_e3_1240___Hotspot-default-java.json#fannkuch_redux---3,warmup_results_0_8_linux3_e3_1240___Hotspot-default-java.json#fannkuch_redux---20
warmup_results_0_8_linux3_e3_1240___Hotspot-default-java.json#fannkuch_redux---4,warmup_results_0_8_linux3_e3_1240___Hotspot-default-java.json#fannkuch_redux---28
warmup_results_0_8_linux3_e3_1240___Hotspot-default-java.json#fannkuch_redux---5,warmup_results_0_8_linux3_e3_1240___Hotspot-default-java.json#fannkuch_redux---21
warmup_results_0_8_linux3_e3_1240___Hotspot-default-java.json#fannkuch_redux---6,warmup_results_0_8_linux3_e3_1240___Hotspot-default-java.json#fannkuch_redux---7
warmup_results_0_8_linux3_e3_1240___Hotspot-default-java.json#fannkuch_redux---7,warmup_results_0_8_linux3_e3_1240___Hotspot-default-java.json#fannkuch_redux---0
warmup_results_0_8_linux3_e3_1240___Hotspot-default-java.json#fannkuch_redux---8,warmup_results_0_8_linux3_e3_1240___Hotspot-default-java.json#fannkuch_redux---4
warmup_results_0_8_linux3_e3_1240___Hotspot-default-java.json#fannkuch_redux---9,warmup_results_0_8_linux3_e3_1240___Hotspot-default-java.json#fannkuch_redux---25
warmup_results_0_8_linux3_e3_1240___Hotspot-default-java.json#fasta---0,warmup_results_0_8_linux3_e3_1240___Hotspot-default-java.json#fasta---17
warmup_results_0_8_linux3_e3_1240___Hotspot-default-java.json#fasta---1,warmup_results_0_8_linux3_e3_1240___Hotspot-default-java.json#fasta---29
warmup_results_0_8_linux3_e3_1240___Hotspot-default-java.json#fasta---10,warmup_results_0_8_linux3_e3_1240___Hotspot-default-java.json#fasta---25
warmup_results_0_8_linux3_e3_1240___Hotspot-default-java.json#fasta---11,warmup_results_0_8_linux3_e3_1240___Hotspot-default-java.json#fasta---25
warmup_results_0_8_linux3_e3_1240___Hotspot-default-java.json#fasta---12,warmup_results_0_8_linux3_e3_1240___Hotspot-default-java.json#fasta---26
warmup_results_0_8_linux3_e3_1240___Hotspot-default-java.json#fasta---13,warmup_results_0_8_linux3_e3_1240___Hotspot-default-java.json#fasta---26
warmup_results_0_8_linux3_e3_1240___Hotspot-default-java.json#fasta---14,warmup_results_0_8_linux3_e3_1240___Hotspot-default-java.json#fasta---0
warmup_results_0_8_linux3_e3_1240___Hotspot-default-java.json#fasta---15,warmup_results_0_8_linux3_e3_1240___Hotspot-default-java.json#fasta---11
warmup_results_0_8_linux3_e3_1240___Hotspot-default-java.json#fasta---16,warmup_results_0_8_linux3_e3_1240___Hotspot-default-java.json#fasta---12
warmup_results_0_8_linux3_e3_1240___Hotspot-default-java.json#fasta---17,warmup_results_0_8_linux3_e3_1240___Hotspot-default-java.json#fasta---9
warmup_results_0_8_linux3_e3_1240___Hotspot-default-java.json#fasta---18,warmup_results_0_8_linux3_e3_1240___Hotspot-default-java.json#fasta---26
warmup_results_0_8_linux3_e3_1240___Hotspot-default-java.json#fasta---19,warmup_results_0_8_linux3_e3_1240___Hotspot-default-java.json#fasta---0
warmup_results_0_8_linux3_e3_1240___Hotspot-default-java.json#fasta---2,warmup_results_0_8_linux3_e3_1240___Hotspot-default-java.json#fasta---1
warmup_results_0_8_linux3_e3_1240___Hotspot-default-java.json#fasta---20,warmup_results_0_8_linux3_e3_1240___Hotspot-default-java.json#fasta---2
warmup_results_0_8_linux3_e3_1240___Hotspot-default-java.json#fasta---21,warmup_results_0_8_linux3_e3_1240___Hotspot-default-java.json#fasta---0
warmup_results_0_8_linux3_e3_1240___Hotspot-default-java.json#fasta---22,warmup_results_0_8_linux3_e3_1240___Hotspot-default-java.json#fasta---25
warmup_results_0_8_linux3_e3_1240___Hotspot-default-java.json#fasta---23,warmup_results_0_8_linux3_e3_1240___Hotspot-default-java.json#fasta---14
warmup_results_0_8_linux3_e3_1240___Hotspot-default-java.json#fasta---24,warmup_results_0_8_linux3_e3_1240___Hotspot-default-java.json#fasta---28
warmup_results_0_8_linux3_e3_1240___Hotspot-default-java.json#fasta---25,warmup_results_0_8_linux3_e3_1240___Hotspot-default-java.json#fasta---16
warmup_results_0_8_linux3_e3_1240___Hotspot-default-java.json#fasta---26,warmup_results_0_8_linux3_e3_1240___Hotspot-default-java.json#fasta---5
warmup_results_0_8_linux3_e3_1240___Hotspot-default-java.json#fasta---27,warmup_results_0_8_linux3_e3_1240___Hotspot-default-java.json#fasta---12
warmup_results_0_8_linux3_e3_1240___Hotspot-default-java.json#fasta---28,warmup_results_0_8_linux3_e3_1240___Hotspot-default-java.json#fasta---17
warmup_results_0_8_linux3_e3_1240___Hotspot-default-java.json#fasta---29,warmup_results_0_8_linux3_e3_1240___Hotspot-default-java.json#fasta---21
warmup_results_0_8_linux3_e3_1240___Hotspot-default-java.json#fasta---3,warmup_results_0_8_linux3_e3_1240___Hotspot-default-java.json#fasta---2
warmup_results_0_8_linux3_e3_1240___Hotspot-default-java.json#fasta---4,warmup_results_0_8_linux3_e3_1240___Hotspot-default-java.json#fasta---5
warmup_results_0_8_linux3_e3_1240___Hotspot-default-java.json#fasta---5,warmup_results_0_8_linux3_e3_1240___Hotspot-default-java.json#fasta---1
warmup_results_0_8_linux3_e3_1240___Hotspot-default-java.json#fasta---6,warmup_results_0_8_linux3_e3_1240___Hotspot-default-java.json#fasta---24
warmup_results_0_8_linux3_e3_1240___Hotspot-default-java.json#fasta---7,warmup_results_0_8_linux3_e3_1240___Hotspot-default-java.json#fasta---19
warmup_results_0_8_linux3_e3_1240___Hotspot-default-java.json#fasta---8,warmup_results_0_8_linux3_e3_1240___Hotspot-default-java.json#fasta---12
warmup_results_0_8_linux3_e3_1240___Hotspot-default-java.json#fasta---9,warmup_results_0_8_linux3_e3_1240___Hotspot-default-java.json#fasta---26
warmup_results_0_8_linux3_e3_1240___Hotspot-default-java.json#nbody---0,warmup_results_0_8_linux3_e3_1240___Hotspot-default-java.json#nbody---28
warmup_results_0_8_linux3_e3_1240___Hotspot-default-java.json#nbody---1,warmup_results_0_8_linux3_e3_1240___Hotspot-default-java.json#nbody---26
warmup_results_0_8_linux3_e3_1240___Hotspot-default-java.json#nbody---10,warmup_results_0_8_linux3_e3_1240___Hotspot-default-java.json#nbody---5
warmup_results_0_8_linux3_e3_1240___Hotspot-default-java.json#nbody---11,warmup_results_0_8_linux3_e3_1240___Hotspot-default-java.json#nbody---26
warmup_results_0_8_linux3_e3_1240___Hotspot-default-java.json#nbody---12,warmup_results_0_8_linux3_e3_1240___Hotspot-default-java.json#nbody---29
warmup_results_0_8_linux3_e3_1240___Hotspot-default-java.json#nbody---13,warmup_results_0_8_linux3_e3_1240___Hotspot-default-java.json#nbody---29
warmup_results_0_8_linux3_e3_1240___Hotspot-default-java.json#nbody---14,warmup_results_0_8_linux3_e3_1240___Hotspot-default-java.json#nbody---27
warmup_results_0_8_linux3_e3_1240___Hotspot-default-java.json#nbody---15,warmup_results_0_8_linux3_e3_1240___Hotspot-default-java.json#nbody---2
warmup_results_0_8_linux3_e3_1240___Hotspot-default-java.json#nbody---16,warmup_results_0_8_linux3_e3_1240___Hotspot-default-java.json#nbody---23
warmup_results_0_8_linux3_e3_1240___Hotspot-default-java.json#nbody---17,warmup_results_0_8_linux3_e3_1240___Hotspot-default-java.json#nbody---9
warmup_results_0_8_linux3_e3_1240___Hotspot-default-java.json#nbody---18,warmup_results_0_8_linux3_e3_1240___Hotspot-default-java.json#nbody---8
warmup_results_0_8_linux3_e3_1240___Hotspot-default-java.json#nbody---19,warmup_results_0_8_linux3_e3_1240___Hotspot-default-java.json#nbody---24
warmup_results_0_8_linux3_e3_1240___Hotspot-default-java.json#nbody---2,warmup_results_0_8_linux3_e3_1240___Hotspot-default-java.json#nbody---17
warmup_results_0_8_linux3_e3_1240___Hotspot-default-java.json#nbody---20,warmup_results_0_8_linux3_e3_1240___Hotspot-default-java.json#nbody---24
warmup_results_0_8_linux3_e3_1240___Hotspot-default-java.json#nbody---21,warmup_results_0_8_linux3_e3_1240___Hotspot-default-java.json#nbody---7
warmup_results_0_8_linux3_e3_1240___Hotspot-default-java.json#nbody---22,warmup_results_0_8_linux3_e3_1240___Hotspot-default-java.json#nbody---4
warmup_results_0_8_linux3_e3_1240___Hotspot-default-java.json#nbody---23,warmup_results_0_8_linux3_e3_1240___Hotspot-default-java.json#nbody---19
warmup_results_0_8_linux3_e3_1240___Hotspot-default-java.json#nbody---24,warmup_results_0_8_linux3_e3_1240___Hotspot-default-java.json#nbody---25
warmup_results_0_8_linux3_e3_1240___Hotspot-default-java.json#nbody---25,warmup_results_0_8_linux3_e3_1240___Hotspot-default-java.json#nbody---12
warmup_results_0_8_linux3_e3_1240___Hotspot-default-java.json#nbody---26,warmup_results_0_8_linux3_e3_1240___Hotspot-default-java.json#nbody---6
warmup_results_0_8_linux3_e3_1240___Hotspot-default-java.json#nbody---27,warmup_results_0_8_linux3_e3_1240___Hotspot-default-java.json#nbody---20
warmup_results_0_8_linux3_e3_1240___Hotspot-default-java.json#nbody---28,warmup_results_0_8_linux3_e3_1240___Hotspot-default-java.json#nbody---29
warmup_results_0_8_linux3_e3_1240___Hotspot-default-java.json#nbody---29,warmup_results_0_8_linux3_e3_1240___Hotspot-default-java.json#nbody---1
warmup_results_0_8_linux3_e3_1240___Hotspot-default-java.json#nbody---3,warmup_results_0_8_linux3_e3_1240___Hotspot-default-java.json#nbody---16
warmup_results_0_8_linux3_e3_1240___Hotspot-default-java.json#nbody---4,warmup_results_0_8_linux3_e3_1240___Hotspot-default-java.json#nbody---1
warmup_results_0_8_linux3_e3_1240___Hotspot-default-java.json#nbody---5,warmup_results_0_8_linux3_e3_1240___Hotspot-default-java.json#nbody---13
warmup_results_0_8_linux3_e3_1240___Hotspot-default-java.json#nbody---6,warmup_results_0_8_linux3_e3_1240___Hotspot-default-java.json#nbody---13
warmup_results_0_8_linux3_e3_1240___Hotspot-default-java.json#nbody---7,warmup_results_0_8_linux3_e3_1240___Hotspot-default-java.json#nbody---10
warmup_results_0_8_linux3_e3_1240___Hotspot-default-java.json#nbody---8,warmup_results_0_8_linux3_e3_1240___Hotspot-default-java.json#nbody---24
warmup_results_0_8_linux3_e3_1240___Hotspot-default-java.json#nbody---9,warmup_results_0_8_linux3_e3_1240___Hotspot-default-java.json#nbody---15
warmup_results_0_8_linux3_e3_1240___Hotspot-default-java.json#richards---0,warmup_results_0_8_linux3_e3_1240___Hotspot-default-java.json#richards---17
warmup_results_0_8_linux3_e3_1240___Hotspot-default-java.json#richards---1,warmup_results_0_8_linux3_e3_1240___Hotspot-default-java.json#richards---7
warmup_results_0_8_linux3_e3_1240___Hotspot-default-java.json#richards---10,warmup_results_0_8_linux3_e3_1240___Hotspot-default-java.json#richards---25
warmup_results_0_8_linux3_e3_1240___Hotspot-default-java.json#richards---11,warmup_results_0_8_linux3_e3_1240___Hotspot-default-java.json#richards---19
warmup_results_0_8_linux3_e3_1240___Hotspot-default-java.json#richards---12,warmup_results_0_8_linux3_e3_1240___Hotspot-default-java.json#richards---14
warmup_results_0_8_linux3_e3_1240___Hotspot-default-java.json#richards---13,warmup_results_0_8_linux3_e3_1240___Hotspot-default-java.json#richards---5
warmup_results_0_8_linux3_e3_1240___Hotspot-default-java.json#richards---14,warmup_results_0_8_linux3_e3_1240___Hotspot-default-java.json#richards---18
warmup_results_0_8_linux3_e3_1240___Hotspot-default-java.json#richards---15,warmup_results_0_8_linux3_e3_1240___Hotspot-default-java.json#richards---18
warmup_results_0_8_linux3_e3_1240___Hotspot-default-java.json#richards---16,warmup_results_0_8_linux3_e3_1240___Hotspot-default-java.json#richards---4
warmup_results_0_8_linux3_e3_1240___Hotspot-default-java.json#richards---17,warmup_results_0_8_linux3_e3_1240___Hotspot-default-java.json#richards---22
warmup_results_0_8_linux3_e3_1240___Hotspot-default-java.json#richards---18,warmup_results_0_8_linux3_e3_1240___Hotspot-default-java.json#richards---11
warmup_results_0_8_linux3_e3_1240___Hotspot-default-java.json#richards---19,warmup_results_0_8_linux3_e3_1240___Hotspot-default-java.json#richards---28
warmup_results_0_8_linux3_e3_1240___Hotspot-default-java.json#richards---2,warmup_results_0_8_linux3_e3_1240___Hotspot-default-java.json#richards---13
warmup_results_0_8_linux3_e3_1240___Hotspot-default-java.json#richards---20,warmup_results_0_8_linux3_e3_1240___Hotspot-default-java.json#richards---11
warmup_results_0_8_linux3_e3_1240___Hotspot-default-java.json#richards---21,warmup_results_0_8_linux3_e3_1240___Hotspot-default-java.json#richards---12
warmup_results_0_8_linux3_e3_1240___Hotspot-default-java.json#richards---22,warmup_results_0_8_linux3_e3_1240___Hotspot-default-java.json#richards---14
warmup_results_0_8_linux3_e3_1240___Hotspot-default-java.json#richards---23,warmup_results_0_8_linux3_e3_1240___Hotspot-default-java.json#richards---28
warmup_results_0_8_linux3_e3_1240___Hotspot-default-java.json#richards---24,warmup_results_0_8_linux3_e3_1240___Hotspot-default-java.json#richards---21
warmup_results_0_8_linux3_e3_1240___Hotspot-default-java.json#richards---25,warmup_results_0_8_linux3_e3_1240___Hotspot-default-java.json#richards---14
warmup_results_0_8_linux3_e3_1240___Hotspot-default-java.json#richards---26,warmup_results_0_8_linux3_e3_1240___Hotspot-default-java.json#richards---5
warmup_results_0_8_linux3_e3_1240___Hotspot-default-java.json#richards---27,warmup_results_0_8_linux3_e3_1240___Hotspot-default-java.json#richards---1
warmup_results_0_8_linux3_e3_1240___Hotspot-default-java.json#richards---28,warmup_results_0_8_linux3_e3_1240___Hotspot-default-java.json#richards---20
warmup_results_0_8_linux3_e3_1240___Hotspot-default-java.json#richards---29,warmup_results_0_8_linux3_e3_1240___Hotspot-default-java.json#richards---1
warmup_results_0_8_linux3_e3_1240___Hotspot-default-java.json#richards---3,warmup_results_0_8_linux3_e3_1240___Hotspot-default-java.json#richards---10
warmup_results_0_8_linux3_e3_1240___Hotspot-default-java.json#richards---4,warmup_results_0_8_linux3_e3_1240___Hotspot-default-java.json#richards---24
warmup_results_0_8_linux3_e3_1240___Hotspot-default-java.json#richards---5,warmup_results_0_8_linux3_e3_1240___Hotspot-default-java.json#richards---22
warmup_results_0_8_linux3_e3_1240___Hotspot-default-java.json#richards---6,warmup_results_0_8_linux3_e3_1240___Hotspot-default-java.json#richards---26
warmup_results_0_8_linux3_e3_1240___Hotspot-default-java.json#richards---7,warmup_results_0_8_linux3_e3_1240___Hotspot-default-java.json#richards---21
warmup_results_0_8_linux3_e3_1240___Hotspot-default-java.json#richards---8,warmup_results_0_8_linux3_e3_1240___Hotspot-default-java.json#richards---12
warmup_results_0_8_linux3_e3_1240___Hotspot-default-java.json#richards---9,warmup_results_0_8_linux3_e3_1240___Hotspot-default-java.json#richards---16
warmup_results_0_8_linux3_e3_1240___Hotspot-default-java.json#spectralnorm---0,warmup_results_0_8_linux3_e3_1240___Hotspot-default-java.json#spectralnorm---24
warmup_results_0_8_linux3_e3_1240___Hotspot-default-java.json#spectralnorm---1,warmup_results_0_8_linux3_e3_1240___Hotspot-default-java.json#spectralnorm---12
warmup_results_0_8_linux3_e3_1240___Hotspot-default-java.json#spectralnorm---10,warmup_results_0_8_linux3_e3_1240___Hotspot-default-java.json#spectralnorm---20
warmup_results_0_8_linux3_e3_1240___Hotspot-default-java.json#spectralnorm---11,warmup_results_0_8_linux3_e3_1240___Hotspot-default-java.json#spectralnorm---22
warmup_results_0_8_linux3_e3_1240___Hotspot-default-java.json#spectralnorm---12,warmup_results_0_8_linux3_e3_1240___Hotspot-default-java.json#spectralnorm---1
warmup_results_0_8_linux3_e3_1240___Hotspot-default-java.json#spectralnorm---13,warmup_results_0_8_linux3_e3_1240___Hotspot-default-java.json#spectralnorm---9
warmup_results_0_8_linux3_e3_1240___Hotspot-default-java.json#spectralnorm---14,warmup_results_0_8_linux3_e3_1240___Hotspot-default-java.json#spectralnorm---17
warmup_results_0_8_linux3_e3_1240___Hotspot-default-java.json#spectralnorm---15,warmup_results_0_8_linux3_e3_1240___Hotspot-default-java.json#spectralnorm---24
warmup_results_0_8_linux3_e3_1240___Hotspot-default-java.json#spectralnorm---16,warmup_results_0_8_linux3_e3_1240___Hotspot-default-java.json#spectralnorm---25
warmup_results_0_8_linux3_e3_1240___Hotspot-default-java.json#spectralnorm---17,warmup_results_0_8_linux3_e3_1240___Hotspot-default-java.json#spectralnorm---0
warmup_results_0_8_linux3_e3_1240___Hotspot-default-java.json#spectralnorm---18,warmup_results_0_8_linux3_e3_1240___Hotspot-default-java.json#spectralnorm---11
warmup_results_0_8_linux3_e3_1240___Hotspot-default-java.json#spectralnorm---19,warmup_results_0_8_linux3_e3_1240___Hotspot-default-java.json#spectralnorm---23
warmup_results_0_8_linux3_e3_1240___Hotspot-default-java.json#spectralnorm---2,warmup_results_0_8_linux3_e3_1240___Hotspot-default-java.json#spectralnorm---13
warmup_results_0_8_linux3_e3_1240___Hotspot-default-java.json#spectralnorm---20,warmup_results_0_8_linux3_e3_1240___Hotspot-default-java.json#spectralnorm---9
warmup_results_0_8_linux3_e3_1240___Hotspot-default-java.json#spectralnorm---21,warmup_results_0_8_linux3_e3_1240___Hotspot-default-java.json#spectralnorm---4
warmup_results_0_8_linux3_e3_1240___Hotspot-default-java.json#spectralnorm---22,warmup_results_0_8_linux3_e3_1240___Hotspot-default-java.json#spectralnorm---26
warmup_results_0_8_linux3_e3_1240___Hotspot-default-java.json#spectralnorm---23,warmup_results_0_8_linux3_e3_1240___Hotspot-default-java.json#spectralnorm---24
warmup_results_0_8_linux3_e3_1240___Hotspot-default-java.json#spectralnorm---24,warmup_results_0_8_linux3_e3_1240___Hotspot-default-java.json#spectralnorm---28
warmup_results_0_8_linux3_e3_1240___Hotspot-default-java.json#spectralnorm---25,warmup_results_0_8_linux3_e3_1240___Hotspot-default-java.json#spectralnorm---4
warmup_results_0_8_linux3_e3_1240___Hotspot-default-java.json#spectralnorm---26,warmup_results_0_8_linux3_e3_1240___Hotspot-default-java.json#spectralnorm---19
warmup_results_0_8_linux3_e3_1240___Hotspot-default-java.json#spectralnorm---27,warmup_results_0_8_linux3_e3_1240___Hotspot-default-java.json#spectralnorm---28
warmup_results_0_8_linux3_e3_1240___Hotspot-default-java.json#spectralnorm---28,warmup_results_0_8_linux3_e3_1240___Hotspot-default-java.json#spectralnorm---2
warmup_results_0_8_linux3_e3_1240___Hotspot-default-java.json#spectralnorm---29,warmup_results_0_8_linux3_e3_1240___Hotspot-default-java.json#spectralnorm---27
warmup_results_0_8_linux3_e3_1240___Hotspot-default-java.json#spectralnorm---3,warmup_results_0_8_linux3_e3_1240___Hotspot-default-java.json#spectralnorm---4
warmup_results_0_8_linux3_e3_1240___Hotspot-default-java.json#spectralnorm---4,warmup_results_0_8_linux3_e3_1240___Hotspot-default-java.json#spectralnorm---0
warmup_results_0_8_linux3_e3_1240___Hotspot-default-java.json#spectralnorm---5,warmup_results_0_8_linux3_e3_1240___Hotspot-default-java.json#spectralnorm---0
warmup_results_0_8_linux3_e3_1240___Hotspot-default-java.json#spectralnorm---6,warmup_results_0_8_linux3_e3_1240___Hotspot-default-java.json#spectralnorm---24
warmup_results_0_8_linux3_e3_1240___Hotspot-default-java.json#spectralnorm---7,warmup_results_0_8_linux3_e3_1240___Hotspot-default-java.json#spectralnorm---23
warmup_results_0_8_linux3_e3_1240___Hotspot-default-java.json#spectralnorm---8,warmup_results_0_8_linux3_e3_1240___Hotspot-default-java.json#spectralnorm---14
warmup_results_0_8_linux3_e3_1240___Hotspot-default-java.json#spectralnorm---9,warmup_results_0_8_linux3_e3_1240___Hotspot-default-java.json#spectralnorm---10
warmup_results_0_8_linux3_e3_1240___JRubyTruffle-default-ruby.json#binarytrees---0,warmup_results_0_8_linux3_e3_1240___JRubyTruffle-default-ruby.json#binarytrees---14
warmup_results_0_8_linux3_e3_1240___JRubyTruffle-default-ruby.json#binarytrees---1,warmup_results_0_8_linux3_e3_1240___JRubyTruffle-default-ruby.json#binarytrees---5
warmup_results_0_8_linux3_e3_1240___JRubyTruffle-default-ruby.json#binarytrees---10,warmup_results_0_8_linux3_e3_1240___JRubyTruffle-default-ruby.json#binarytrees---24
warmup_results_0_8_linux3_e3_1240___JRubyTruffle-default-ruby.json#binarytrees---11,warmup_results_0_8_linux3_e3_1240___JRubyTruffle-default-ruby.json#binarytrees---26
warmup_results_0_8_linux3_e3_1240___JRubyTruffle-default-ruby.json#binarytrees---12,warmup_results_0_8_linux3_e3_1240___JRubyTruffle-default-ruby.json#binarytrees---5
warmup_results_0_8_linux3_e3_1240___JRubyTruffle-default-ruby.json#binarytrees---13,warmup_results_0_8_linux3_e3_1240___JRubyTruffle-default-ruby.json#binarytrees---3
warmup_results_0_8_linux3_e3_1240___JRubyTruffle-default-ruby.json#binarytrees---14,warmup_results_0_8_linux3_e3_1240___JRubyTruffle-default-ruby.json#binarytrees---7
warmup_results_0_8_linux3_e3_1240___JRubyTruffle-default-ruby.json#binarytrees---15,warmup_results_0_8_linux3_e3_1240___JRubyTruffle-default-ruby.json#binarytrees---25
warmup_results_0_8_linux3_e3_1240___JRubyTruffle-default-ruby.json#binarytrees---16,warmup_results_0_8_linux3_e3_1240___JRubyTruffle-default-ruby.json#binarytrees---17
warmup_results_0_8_linux3_e3_1240___JRubyTruffle-default-ruby.json#binarytrees---17,warmup_results_0_8_linux3_e3_1240___JRubyTruffle-default-ruby.json#binarytrees---1
warmup_results_0_8_linux3_e3_1240___JRubyTruffle-default-ruby.json#binarytrees---18,warmup_results_0_8_linux3_e3_1240___JRubyTruffle-default-ruby.json#binarytrees---4
warmup_results_0_8_linux3_e3_1240___JRubyTruffle-default-ruby.json#binarytrees---19,warmup_results_0_8_linux3_e3_1240___JRubyTruffle-default-ruby.json#binarytrees---5
warmup_results_0_8_linux3_e3_1240___JRubyTruffle-default-ruby.json#binarytrees---2,warmup_results_0_8_linux3_e3_1240___JRubyTruffle-default-ruby.json#binarytrees---1
warmup_results_0_8_linux3_e3_1240___JRubyTruffle-default-ruby.json#binarytrees---20,warmup_results_0_8_linux3_e3_1240___JRubyTruffle-default-ruby.json#binarytrees---17
warmup_results_0_8_linux3_e3_1240___JRubyTruffle-default-ruby.json#binarytrees---21,warmup_results_0_8_linux3_e3_1240___JRubyTruffle-default-ruby.json#binarytrees---1
warmup_results_0_8_linux3_e3_1240___JRubyTruffle-default-ruby.json#binarytrees---22,warmup_results_0_8_linux3_e3_1240___JRubyTruffle-default-ruby.json#binarytrees---14
warmup_results_0_8_linux3_e3_1240___JRubyTruffle-default-ruby.json#binarytrees---23,warmup_results_0_8_linux3_e3_1240___JRubyTruffle-default-ruby.json#binarytrees---24
warmup_results_0_8_linux3_e3_1240___JRubyTruffle-default-ruby.json#binarytrees---24,warmup_results_0_8_linux3_e3_1240___JRubyTruffle-default-ruby.json#binarytrees---4
warmup_results_0_8_linux3_e3_1240___JRubyTruffle-default-ruby.json#binarytrees---25,warmup_results_0_8_linux3_e3_1240___JRubyTruffle-default-ruby.json#binarytrees---15
warmup_results_0_8_linux3_e3_1240___JRubyTruffle-default-ruby.json#binarytrees---26,warmup_results_0_8_linux3_e3_1240___JRubyTruffle-default-ruby.json#binarytrees---9
warmup_results_0_8_linux3_e3_1240___JRubyTruffle-default-ruby.json#binarytrees---27,warmup_results_0_8_linux3_e3_1240___JRubyTruffle-default-ruby.json#binarytrees---12
warmup_results_0_8_linux3_e3_1240___JRubyTruffle-default-ruby.json#binarytrees---28,warmup_results_0_8_linux3_e3_1240___JRubyTruffle-default-ruby.json#binarytrees---18
warmup_results_0_8_linux3_e3_1240___JRubyTruffle-default-ruby.json#binarytrees---29,warmup_results_0_8_linux3_e3_1240___JRubyTruffle-default-ruby.json#binarytrees---22
warmup_results_0_8_linux3_e3_1240___JRubyTruffle-default-ruby.json#binarytrees---3,warmup_results_0_8_linux3_e3_1240___JRubyTruffle-default-ruby.json#binarytrees---18
warmup_results_0_8_linux3_e3_1240___JRubyTruffle-default-ruby.json#binarytrees---4,warmup_results_0_8_linux3_e3_1240___JRubyTruffle-default-ruby.json#binarytrees---24
warmup_results_0_8_linux3_e3_1240___JRubyTruffle-default-ruby.json#binarytrees---5,warmup_results_0_8_linux3_e3_1240___JRubyTruffle-default-ruby.json#binarytrees---18
warmup_results_0_8_linux3_e3_1240___JRubyTruffle-default-ruby.json#binarytrees---6,warmup_results_0_8_linux3_e3_1240___JRubyTruffle-default-ruby.json#binarytrees---27
warmup_results_0_8_linux3_e3_1240___JRubyTruffle-default-ruby.json#binarytrees---7,warmup_results_0_8_linux3_e3_1240___JRubyTruffle-default-ruby.json#binarytrees---26
warmup_results_0_8_linux3_e3_1240___JRubyTruffle-default-ruby.json#binarytrees---8,warmup_results_0_8_linux3_e3_1240___JRubyTruffle-default-ruby.json#binarytrees---9
warmup_results_0_8_linux3_e3_1240___JRubyTruffle-default-ruby.json#binarytrees---9,warmup_results_0_8_linux3_e3_1240___JRubyTruffle-default-ruby.json#binarytrees---4
warmup_results_0_8_linux3_e3_1240___JRubyTruffle-default-ruby.json#fannkuch_redux---0,warmup_results_0_8_linux3_e3_1240___JRubyTruffle-default-ruby.json#fannkuch_redux---8
warmup_results_0_8_linux3_e3_1240___JRubyTruffle-default-ruby.json#fannkuch_redux---1,warmup_results_0_8_linux3_e3_1240___JRubyTruffle-default-ruby.json#fannkuch_redux---10
warmup_results_0_8_linux3_e3_1240___JRubyTruffle-default-ruby.json#fannkuch_redux---10,warmup_results_0_8_linux3_e3_1240___JRubyTruffle-default-ruby.json#fannkuch_redux---4
warmup_results_0_8_linux3_e3_1240___JRubyTruffle-default-ruby.json#fannkuch_redux---11,warmup_results_0_8_linux3_e3_1240___JRubyTruffle-default-ruby.json#fannkuch_redux---10
warmup_results_0_8_linux3_e3_1240___JRubyTruffle-default-ruby.json#fannkuch_redux---12,warmup_results_0_8_linux3_e3_1240___JRubyTruffle-default-ruby.json#fannkuch_redux---21
warmup_results_0_8_linux3_e3_1240___JRubyTruffle-default-ruby.json#fannkuch_redux---13,warmup_results_0_8_linux3_e3_1240___JRubyTruffle-default-ruby.json#fannkuch_redux---19
warmup_results_0_8_linux3_e3_1240___JRubyTruffle-default-ruby.json#fannkuch_redux---14,warmup_results_0_8_linux3_e3_1240___JRubyTruffle-default-ruby.json#fannkuch_redux---28
warmup_results_0_8_linux3_e3_1240___JRubyTruffle-default-ruby.json#fannkuch_redux---15,warmup_results_0_8_linux3_e3_1240___JRubyTruffle-default-ruby.json#fannkuch_redux---7
warmup_results_0_8_linux3_e3_1240___JRubyTruffle-default-ruby.json#fannkuch_redux---16,warmup_results_0_8_linux3_e3_1240___JRubyTruffle-default-ruby.json#fannkuch_redux---3
warmup_results_0_8_linux3_e3_1240___JRubyTruffle-default-ruby.json#fannkuch_redux---17,warmup_results_0_8_linux3_e3_1240___JRubyTruffle-default-ruby.json#fannkuch_redux---22
warmup_results_0_8_linux3_e3_1240___JRubyTruffle-default-ruby.json#fannkuch_redux---18,warmup_results_0_8_linux3_e3_1240___JRubyTruffle-default-ruby.json#fannkuch_redux---10
warmup_results_0_8_linux3_e3_1240___JRubyTruffle-default-ruby.json#fannkuch_redux---19,warmup_results_0_8_linux3_e3_1240___JRubyTruffle-default-ruby.json#fannkuch_redux---21
warmup_results_0_8_linux3_e3_1240___JRubyTruffle-default-ruby.json#fannkuch_redux---2,warmup_results_0_8_linux3_e3_1240___JRubyTruffle-default-ruby.json#fannkuch_redux---19
warmup_results_0_8_linux3_e3_1240___JRubyTruffle-default-ruby.json#fannkuch_redux---20,warmup_results_0_8_linux3_e3_1240___JRubyTruffle-default-ruby.json#fannkuch_redux---24
warmup_results_0_8_linux3_e3_1240___JRubyTruffle-default-ruby.json#fannkuch_redux---21,warmup_results_0_8_linux3_e3_1240___JRubyTruffle-default-ruby.json#fannkuch_redux---11
warmup_results_0_8_linux3_e3_1240___JRubyTruffle-default-ruby.json#fannkuch_redux---22,warmup_results_0_8_linux3_e3_1240___JRubyTruffle-default-ruby.json#fannkuch_redux---18
warmup_results_0_8_linux3_e3_1240___JRubyTruffle-default-ruby.json#fannkuch_redux---23,warmup_results_0_8_linux3_e3_1240___JRubyTruffle-default-ruby.json#fannkuch_redux---4
warmup_results_0_8_linux3_e3_1240___JRubyTruffle-default-ruby.json#fannkuch_redux---24,warmup_results_0_8_linux3_e3_1240___JRubyTruffle-default-ruby.json#fannkuch_redux---22
warmup_results_0_8_linux3_e3_1240___JRubyTruffle-default-ruby.json#fannkuch_redux---25,warmup_results_0_8_linux3_e3_1240___JRubyTruffle-default-ruby.json#fannkuch_redux---23
warmup_results_0_8_linux3_e3_1240___JRubyTruffle-default-ruby.json#fannkuch_redux---26,warmup_results_0_8_linux3_e3_1240___JRubyTruffle-default-ruby.json#fannkuch_redux---14
warmup_results_0_8_linux3_e3_1240___JRubyTruffle-default-ruby.json#fannkuch_redux---27,warmup_results_0_8_linux3_e3_1240___JRubyTruffle-default-ruby.json#fannkuch_redux---3
warmup_results_0_8_linux3_e3_1240___JRubyTruffle-default-ruby.json#fannkuch_redux---28,warmup_results_0_8_linux3_e3_1240___JRubyTruffle-default-ruby.json#fannkuch_redux---26
warmup_results_0_8_linux3_e3_1240___JRubyTruffle-default-ruby.json#fannkuch_redux---29,warmup_results_0_8_linux3_e3_1240___JRubyTruffle-default-ruby.json#fannkuch_redux---13
warmup_results_0_8_linux3_e3_1240___JRubyTruffle-default-ruby.json#fannkuch_redux---3,warmup_results_0_8_linux3_e3_1240___JRubyTruffle-default-ruby.json#fannkuch_redux---9
warmup_results_0_8_linux3_e3_1240___JRubyTruffle-default-ruby.json#fannkuch_redux---4,warmup_results_0_8_linux3_e3_1240___JRubyTruffle-default-ruby.json#fannkuch_redux---2
warmup_results_0_8_linux3_e3_1240___JRubyTruffle-default-ruby.json#fannkuch_redux---5,warmup_results_0_8_linux3_e3_1240___JRubyTruffle-default-ruby.json#fannkuch_redux---4
warmup_results_0_8_linux3_e3_1240___JRubyTruffle-default-ruby.json#fannkuch_redux---6,warmup_results_0_8_linux3_e3_1240___JRubyTruffle-default-ruby.json#fannkuch_redux---0
warmup_results_0_8_linux3_e3_1240___JRubyTruffle-default-ruby.json#fannkuch_redux---7,warmup_results_0_8_linux3_e3_1240___JRubyTruffle-default-ruby.json#fannkuch_redux---19
warmup_results_0_8_linux3_e3_1240___JRubyTruffle-default-ruby.json#fannkuch_redux---8,warmup_results_0_8_linux3_e3_1240___JRubyTruffle-default-ruby.json#fannkuch_redux---17
warmup_results_0_8_linux3_e3_1240___JRubyTruffle-default-ruby.json#fannkuch_redux---9,warmup_results_0_8_linux3_e3_1240___JRubyTruffle-default-ruby.json#fannkuch_redux---4
warmup_results_0_8_linux3_e3_1240___JRubyTruffle-default-ruby.json#nbody---0,warmup_results_0_8_linux3_e3_1240___JRubyTruffle-default-ruby.json#nbody---17
warmup_results_0_8_linux3_e3_1240___JRubyTruffle-default-ruby.json#nbody---1,warmup_results_0_8_linux3_e3_1240___JRubyTruffle-default-ruby.json#nbody---7
warmup_results_0_8_linux3_e3_1240___JRubyTruffle-default-ruby.json#nbody---10,warmup_results_0_8_linux3_e3_1240___JRubyTruffle-default-ruby.json#nbody---22
warmup_results_0_8_linux3_e3_1240___JRubyTruffle-default-ruby.json#nbody---11,warmup_results_0_8_linux3_e3_1240___JRubyTruffle-default-ruby.json#nbody---21
warmup_results_0_8_linux3_e3_1240___JRubyTruffle-default-ruby.json#nbody---12,warmup_results_0_8_linux3_e3_1240___JRubyTruffle-default-ruby.json#nbody---29
warmup_results_0_8_linux3_e3_1240___JRubyTruffle-default-ruby.json#nbody---13,warmup_results_0_8_linux3_e3_1240___JRubyTruffle-default-ruby.json#nbody---2
warmup_results_0_8_linux3_e3_1240___JRubyTruffle-default-ruby.json#nbody---14,warmup_results_0_8_linux3_e3_1240___JRubyTruffle-default-ruby.json#nbody---11
warmup_results_0_8_linux3_e3_1240___JRubyTruffle-default-ruby.json#nbody---15,warmup_results_0_8_linux3_e3_1240___JRubyTruffle-default-ruby.json#nbody---16
warmup_results_0_8_linux3_e3_1240___JRubyTruffle-default-ruby.json#nbody---16,warmup_results_0_8_linux3_e3_1240___JRubyTruffle-default-ruby.json#nbody---18
warmup_results_0_8_linux3_e3_1240___JRubyTruffle-default-ruby.json#nbody---17,warmup_results_0_8_linux3_e3_1240___JRubyTruffle-default-ruby.json#nbody---15
warmup_results_0_8_linux3_e3_1240___JRubyTruffle-default-ruby.json#nbody---18,warmup_results_0_8_linux3_e3_1240___JRubyTruffle-default-ruby.json#nbody---26
warmup_results_0_8_linux3_e3_1240___JRubyTruffle-default-ruby.json#nbody---19,warmup_results_0_8_linux3_e3_1240___JRubyTruffle-default-ruby.json#nbody---5
warmup_results_0_8_linux3_e3_1240___JRubyTruffle-default-ruby.json#nbody---2,warmup_results_0_8_linux3_e3_1240___JRubyTruffle-default-ruby.json#nbody---18
warmup_results_0_8_linux3_e3_1240___JRubyTruffle-default-ruby.json#nbody---20,warmup_results_0_8_linux3_e3_1240___JRubyTruffle-default-ruby.json#nbody---17
warmup_results_0_8_linux3_e3_1240___JRubyTruffle-default-ruby.json#nbody---21,warmup_results_0_8_linux3_e3_1240___JRubyTruffle-default-ruby.json#nbody---19
warmup_results_0_8_linux3_e3_1240___JRubyTruffle-default-ruby.json#nbody---22,warmup_results_0_8_linux3_e3_1240___JRubyTruffle-default-ruby.json#nbody---6
warmup_results_0_8_linux3_e3_1240___JRubyTruffle-default-ruby.json#nbody---23,warmup_results_0_8_linux3_e3_1240___JRubyTruffle-default-ruby.json#nbody---18
warmup_results_0_8_linux3_e3_1240___JRubyTruffle-default-ruby.json#nbody---24,warmup_results_0_8_linux3_e3_1240___JRubyTruffle-default-ruby.json#nbody---17
warmup_results_0_8_linux3_e3_1240___JRubyTruffle-default-ruby.json#nbody---25,warmup_results_0_8_linux3_e3_1240___JRubyTruffle-default-ruby.json#nbody---14
warmup_results_0_8_linux3_e3_1240___JRubyTruffle-default-ruby.json#nbody---26,warmup_results_0_8_linux3_e3_1240___JRubyTruffle-default-ruby.json#nbody---17
warmup_results_0_8_linux3_e3_1240___JRubyTruffle-default-ruby.json#nbody---27,warmup_results_0_8_linux3_e3_1240___JRubyTruffle-default-ruby.json#nbody---0
warmup_results_0_8_linux3_e3_1240___JRubyTruffle-default-ruby.json#nbody---28,warmup_results_0_8_linux3_e3_1240___JRubyTruffle-default-ruby.json#nbody---10
warmup_results_0_8_linux3_e3_1240___JRubyTruffle-default-ruby.json#nbody---29,warmup_results_0_8_linux3_e3_1240___JRubyTruffle-default-ruby.json#nbody---10
warmup_results_0_8_linux3_e3_1240___JRubyTruffle-default-ruby.json#nbody---3,warmup_results_0_8_linux3_e3_1240___JRubyTruffle-default-ruby.json#nbody---2
warmup_results_0_8_linux3_e3_1240___JRubyTruffle-default-ruby.json#nbody---4,warmup_results_0_8_linux3_e3_1240___JRubyTruffle-default-ruby.json#nbody---18
warmup_results_0_8_linux3_e3_1240___JRubyTruffle-default-ruby.json#nbody---5,warmup_results_0_8_linux3_e3_1240___JRubyTruffle-default-ruby.json#nbody---28
warmup_results_0_8_linux3_e3_1240___JRubyTruffle-default-ruby.json#nbody---6,warmup_results_0_8_linux3_e3_1240___JRubyTruffle-default-ruby.json#nbody---10
warmup_results_0_8_linux3_e3_1240___JRubyTruffle-default-ruby.json#nbody---7,warmup_results_0_8_linux3_e3_1240___JRubyTruffle-default-ruby.json#nbody---11
warmup_results_0_8_linux3_e3_1240___JRubyTruffle-default-ruby.json#nbody---8,warmup_results_0_8_linux3_e3_1240___JRubyTruffle-default-ruby.json#nbody---29
warmup_results_0_8_linux3_e3_1240___JRubyTruffle-default-ruby.json#nbody---9,warmup_results_0_8_linux3_e3_1240___JRubyTruffle-default-ruby.json#nbody---26
warmup_results_0_8_linux3_e3_1240___JRubyTruffle-default-ruby.json#richards---0,warmup_results_0_8_linux3_e3_1240___JRubyTruffle-default-ruby.json#richards---10
warmup_results_0_8_linux3_e3_1240___JRubyTruffle-default-ruby.json#richards---1,warmup_results_0_8_linux3_e3_1240___JRubyTruffle-default-ruby.json#richards---0
warmup_results_0_8_linux3_e3_1240___JRubyTruffle-default-ruby.json#richards---10,warmup_results_0_8_linux3_e3_1240___JRubyTruffle-default-ruby.json#richards---15
warmup_results_0_8_linux3_e3_1240___JRubyTruffle-default-ruby.json#richards---11,warmup_results_0_8_linux3_e3_1240___JRubyTruffle-default-ruby.json#richards---6
warmup_results_0_8_linux3_e3_1240___JRubyTruffle-default-ruby.json#richards---12,warmup_results_0_8_linux3_e3_1240___JRubyTruffle-default-ruby.json#richards---9
warmup_results_0_8_linux3_e3_1240___JRubyTruffle-default-ruby.json#richards---13,warmup_results_0_8_linux3_e3_1240___JRubyTruffle-default-ruby.json#richards---21
warmup_results_0_8_linux3_e3_1240___JRubyTruffle-default-ruby.json#richards---14,warmup_results_0_8_linux3_e3_1240___JRubyTruffle-default-ruby.json#richards---26
warmup_results_0_8_linux3_e3_1240___JRubyTruffle-default-ruby.json#richards---15,warmup_results_0_8_linux3_e3_1240___JRubyTruffle-default-ruby.json#richards---22
warmup_results_0_8_linux3_e3_1240___JRubyTruffle-default-ruby.json#richards---16,warmup_results_0_8_linux3_e3_1240___JRubyTruffle-default-ruby.json#richards---5
warmup_results_0_8_linux3_e3_1240___JRubyTruffle-default-ruby.json#richards---17,warmup_results_0_8_linux3_e3_1240___JRubyTruffle-default-ruby.json#richards---25
warmup_results_0_8_linux3_e3_1240___JRubyTruffle-default-ruby.json#richards---18,warmup_results_0_8_linux3_e3_1240___JRubyTruffle-default-ruby.json#richards---13
warmup_results_0_8_linux3_e3_1240___JRubyTruffle-default-ruby.json#richards---19,warmup_results_0_8_linux3_e3_1240___JRubyTruffle-default-ruby.json#richards---2
warmup_results_0_8_linux3_e3_1240___JRubyTruffle-default-ruby.json#richards---2,warmup_results_0_8_linux3_e3_1240___JRubyTruffle-default-ruby.json#richards---23
warmup_results_0_8_linux3_e3_1240___JRubyTruffle-default-ruby.json#richards---20,warmup_results_0_8_linux3_e3_1240___JRubyTruffle-default-ruby.json#richards---13
warmup_results_0_8_linux3_e3_1240___JRubyTruffle-default-ruby.json#richards---21,warmup_results_0_8_linux3_e3_1240___JRubyTruffle-default-ruby.json#richards---0
warmup_results_0_8_linux3_e3_1240___JRubyTruffle-default-ruby.json#richards---22,warmup_results_0_8_linux3_e3_1240___JRubyTruffle-default-ruby.json#richards---8
warmup_results_0_8_linux3_e3_1240___JRubyTruffle-default-ruby.json#richards---23,warmup_results_0_8_linux3_e3_1240___JRubyTruffle-default-ruby.json#richards---0
warmup_results_0_8_linux3_e3_1240___JRubyTruffle-default-ruby.json#richards---24,warmup_results_0_8_linux3_e3_1240___JRubyTruffle-default-ruby.json#richards---7
warmup_results_0_8_linux3_e3_1240___JRubyTruffle-default-ruby.json#richards---25,warmup_results_0_8_linux3_e3_1240___JRubyTruffle-default-ruby.json#richards---16
warmup_results_0_8_linux3_e3_1240___JRubyTruffle-default-ruby.json#richards---26,warmup_results_0_8_linux3_e3_1240___JRubyTruffle-default-ruby.json#richards---6
warmup_results_0_8_linux3_e3_1240___JRubyTruffle-default-ruby.json#richards---27,warmup_results_0_8_linux3_e3_1240___JRubyTruffle-default-ruby.json#richards---6
warmup_results_0_8_linux3_e3_1240___JRubyTruffle-default-ruby.json#richards---28,warmup_results_0_8_linux3_e3_1240___JRubyTruffle-default-ruby.json#richards---23
warmup_results_0_8_linux3_e3_1240___JRubyTruffle-default-ruby.json#richards---29,warmup_results_0_8_linux3_e3_1240___JRubyTruffle-default-ruby.json#richards---5
warmup_results_0_8_linux3_e3_1240___JRubyTruffle-default-ruby.json#richards---3,warmup_results_0_8_linux3_e3_1240___JRubyTruffle-default-ruby.json#richards---27
warmup_results_0_8_linux3_e3_1240___JRubyTruffle-default-ruby.json#richards---4,warmup_results_0_8_linux3_e3_1240___JRubyTruffle-default-ruby.json#richards---23
warmup_results_0_8_linux3_e3_1240___JRubyTruffle-default-ruby.json#richards---5,warmup_results_0_8_linux3_e3_1240___JRubyTruffle-default-ruby.json#richards---25
warmup_results_0_8_linux3_e3_1240___JRubyTruffle-default-ruby.json#richards---6,warmup_results_0_8_linux3_e3_1240___JRubyTruffle-default-ruby.json#richards---8
warmup_results_0_8_linux3_e3_1240___JRubyTruffle-default-ruby.json#richards---7,warmup_results_0_8_linux3_e3_1240___JRubyTruffle-default-ruby.json#richards---20
warmup_results_0_8_linux3_e3_1240___JRubyTruffle-default-ruby.json#richards---8,warmup_results_0_8_linux3_e3_1240___JRubyTruffle-default-ruby.json#richards---5
warmup_results_0_8_linux3_e3_1240___JRubyTruffle-default-ruby.json#richards---9,warmup_results_0_8_linux3_e3_1240___JRubyTruffle-default-ruby.json#richards---23
warmup_results_0_8_linux3_e3_1240___JRubyTruffle-default-ruby.json#spectralnorm---0,warmup_results_0_8_linux3_e3_1240___JRubyTruffle-default-ruby.json#spectralnorm---22
warmup_results_0_8_linux3_e3_1240___JRubyTruffle-default-ruby.json#spectralnorm---1,warmup_results_0_8_linux3_e3_1240___JRubyTruffle-default-ruby.json#spectralnorm---9
warmup_results_0_8_linux3_e3_1240___JRubyTruffle-default-ruby.json#spectralnorm---10,warmup_results_0_8_linux3_e3_1240___JRubyTruffle-default-ruby.json#spectralnorm---29
warmup_results_0_8_linux3_e3_1240___JRubyTruffle-default-ruby.json#spectralnorm---11,warmup_results_0_8_linux3_e3_1240___JRubyTruffle-default-ruby.json#spectralnorm---9
warmup_results_0_8_linux3_e3_1240___JRubyTruffle-default-ruby.json#spectralnorm---12,warmup_results_0_8_linux3_e3_1240___JRubyTruffle-default-ruby.json#spectralnorm---11
warmup_results_0_8_linux3_e3_1240___JRubyTruffle-default-ruby.json#spectralnorm---13,warmup_results_0_8_linux3_e3_1240___JRubyTruffle-default-ruby.json#spectralnorm---29
warmup_results_0_8_linux3_e3_1240___JRubyTruffle-default-ruby.json#spectralnorm---14,warmup_results_0_8_linux3_e3_1240___JRubyTruffle-default-ruby.json#spectralnorm---26
warmup_results_0_8_linux3_e3_1240___JRubyTruffle-default-ruby.json#spectralnorm---15,warmup_results_0_8_linux3_e3_1240___JRubyTruffle-default-ruby.json#spectralnorm---8
warmup_results_0_8_linux3_e3_1240___JRubyTruffle-default-ruby.json#spectralnorm---16,warmup_results_0_8_linux3_e3_1240___JRubyTruffle-default-ruby.json#spectralnorm---3
warmup_results_0_8_linux3_e3_1240___JRubyTruffle-default-ruby.json#spectralnorm---17,warmup_results_0_8_linux3_e3_1240___JRubyTruffle-default-ruby.json#spectralnorm---3
warmup_results_0_8_linux3_e3_1240___JRubyTruffle-default-ruby.json#spectralnorm---18,warmup_results_0_8_linux3_e3_1240___JRubyTruffle-default-ruby.json#spectralnorm---11
warmup_results_0_8_linux3_e3_1240___JRubyTruffle-default-ruby.json#spectralnorm---19,warmup_results_0_8_linux3_e3_1240___JRubyTruffle-default-ruby.json#spectralnorm---9
warmup_results_0_8_linux3_e3_1240___JRubyTruffle-default-ruby.json#spectralnorm---2,warmup_results_0_8_linux3_e3_1240___JRubyTruffle-default-ruby.json#spectralnorm---26
warmup_results_0_8_linux3_e3_1240___JRubyTruffle-default-ruby.json#spectralnorm---20,warmup_results_0_8_linux3_e3_1240___JRubyTruffle-default-ruby.json#spectralnorm---25
warmup_results_0_8_linux3_e3_1240___JRubyTruffle-default-ruby.json#spectralnorm---21,warmup_results_0_8_linux3_e3_1240___JRubyTruffle-default-ruby.json#spectralnorm---19
warmup_results_0_8_linux3_e3_1240___JRubyTruffle-default-ruby.json#spectralnorm---22,warmup_results_0_8_linux3_e3_1240___JRubyTruffle-default-ruby.json#spectralnorm---9
warmup_results_0_8_linux3_e3_1240___JRubyTruffle-default-ruby.json#spectralnorm---23,warmup_results_0_8_linux3_e3_1240___JRubyTruffle-default-ruby.json#spectralnorm---3
warmup_results_0_8_linux3_e3_1240___JRubyTruffle-default-ruby.json#spectralnorm---24,warmup_results_0_8_linux3_e3_1240___JRubyTruffle-default-ruby.json#spectralnorm---11
warmup_results_0_8_linux3_e3_1240___JRubyTruffle-default-ruby.json#spectralnorm---25,warmup_results_0_8_linux3_e3_1240___JRubyTruffle-default-ruby.json#spectralnorm---17
warmup_results_0_8_linux3_e3_1240___JRubyTruffle-default-ruby.json#spectralnorm---26,warmup_results_0_8_linux3_e3_1240___JRubyTruffle-default-ruby.json#spectralnorm---10
warmup_results_0_8_linux3_e3_1240___JRubyTruffle-default-ruby.json#spectralnorm---27,warmup_results_0_8_linux3_e3_1240___JRubyTruffle-default-ruby.json#spectralnorm---2
warmup_results_0_8_linux3_e3_1240___JRubyTruffle-default-ruby.json#spectralnorm---28,warmup_results_0_8_linux3_e3_1240___JRubyTruffle-default-ruby.json#spectralnorm---15
warmup_results_0_8_linux3_e3_1240___JRubyTruffle-default-ruby.json#spectralnorm---29,warmup_results_0_8_linux3_e3_1240___JRubyTruffle-default-ruby.json#spectralnorm---5
warmup_results_0_8_linux3_e3_1240___JRubyTruffle-default-ruby.json#spectralnorm---3,warmup_results_0_8_linux3_e3_1240___JRubyTruffle-default-ruby.json#spectralnorm---20
warmup_results_0_8_linux3_e3_1240___JRubyTruffle-default-ruby.json#spectralnorm---4,warmup_results_0_8_linux3_e3_1240___JRubyTruffle-default-ruby.json#spectralnorm---21
warmup_results_0_8_linux3_e3_1240___JRubyTruffle-default-ruby.json#spectralnorm---5,warmup_results_0_8_linux3_e3_1240___JRubyTruffle-default-ruby.json#spectralnorm---28
warmup_results_0_8_linux3_e3_1240___JRubyTruffle-default-ruby.json#spectralnorm---6,warmup_results_0_8_linux3_e3_1240___JRubyTruffle-default-ruby.json#spectralnorm---27
warmup_results_0_8_linux3_e3_1240___JRubyTruffle-default-ruby.json#spectralnorm---7,warmup_results_0_8_linux3_e3_1240___JRubyTruffle-default-ruby.json#spectralnorm---1
warmup_results_0_8_linux3_e3_1240___JRubyTruffle-default-ruby.json#spectralnorm---8,warmup_results_0_8_linux3_e3_1240___JRubyTruffle-default-ruby.json#spectralnorm---27
warmup_results_0_8_linux3_e3_1240___JRubyTruffle-default-ruby.json#spectralnorm---9,warmup_results_0_8_linux3_e3_1240___JRubyTruffle-default-ruby.json#spectralnorm---4
warmup_results_0_8_linux3_e3_1240___LuaJIT-default-lua.json#binarytrees---0,warmup_results_0_8_linux3_e3_1240___LuaJIT-default-lua.json#binarytrees---10
warmup_results_0_8_linux3_e3_1240___LuaJIT-default-lua.json#binarytrees---1,warmup_results_0_8_linux3_e3_1240___LuaJIT-default-lua.json#binarytrees---18
warmup_results_0_8_linux3_e3_1240___LuaJIT-default-lua.json#binarytrees---10,warmup_results_0_8_linux3_e3_1240___LuaJIT-default-lua.json#binarytrees---15
warmup_results_0_8_linux3_e3_1240___LuaJIT-default-lua.json#binarytrees---11,warmup_results_0_8_linux3_e3_1240___LuaJIT-default-lua.json#binarytrees---20
warmup_results_0_8_linux3_e3_1240___LuaJIT-default-lua.json#binarytrees---12,warmup_results_0_8_linux3_e3_1240___LuaJIT-default-lua.json#binarytrees---1
warmup_results_0_8_linux3_e3_1240___LuaJIT-default-lua.json#binarytrees---13,warmup_results_0_8_linux3_e3_1240___LuaJIT-default-lua.json#binarytrees---2
warmup_results_0_8_linux3_e3_1240___LuaJIT-default-lua.json#binarytrees---14,warmup_results_0_8_linux3_e3_1240___LuaJIT-default-lua.json#binarytrees---15
warmup_results_0_8_linux3_e3_1240___LuaJIT-default-lua.json#binarytrees---15,warmup_results_0_8_linux3_e3_1240___LuaJIT-default-lua.json#binarytrees---20
warmup_results_0_8_linux3_e3_1240___LuaJIT-default-lua.json#binarytrees---16,warmup_results_0_8_linux3_e3_1240___LuaJIT-default-lua.json#binarytrees---24
warmup_results_0_8_linux3_e3_1240___LuaJIT-default-lua.json#binarytrees---17,warmup_results_0_8_linux3_e3_1240___LuaJIT-default-lua.json#binarytrees---3
warmup_results_0_8_linux3_e3_1240___LuaJIT-default-lua.json#binarytrees---18,warmup_results_0_8_linux3_e3_1240___LuaJIT-default-lua.json#binarytrees---12
warmup_results_0_8_linux3_e3_1240___LuaJIT-default-lua.json#binarytrees---19,warmup_results_0_8_linux3_e3_1240___LuaJIT-default-lua.json#binarytrees---20
warmup_results_0_8_linux3_e3_1240___LuaJIT-default-lua.json#binarytrees---2,warmup_results_0_8_linux3_e3_1240___LuaJIT-default-lua.json#binarytrees---27
warmup_results_0_8_linux3_e3_1240___LuaJIT-default-lua.json#binarytrees---20,warmup_results_0_8_linux3_e3_1240___LuaJIT-default-lua.json#binarytrees---16
warmup_results_0_8_linux3_e3_1240___LuaJIT-default-lua.json#binarytrees---21,warmup_results_0_8_linux3_e3_1240___LuaJIT-default-lua.json#binarytrees---9
warmup_results_0_8_linux3_e3_1240___LuaJIT-default-lua.json#binarytrees---22,warmup_results_0_8_linux3_e3_1240___LuaJIT-default-lua.json#binarytrees---19
warmup_results_0_8_linux3_e3_1240___LuaJIT-default-lua.json#binarytrees---23,warmup_results_0_8_linux3_e3_1240___LuaJIT-default-lua.json#binarytrees---1
warmup_results_0_8_linux3_e3_1240___LuaJIT-default-lua.json#binarytrees---24,warmup_results_0_8_linux3_e3_1240___LuaJIT-default-lua.json#binarytrees---0
warmup_results_0_8_linux3_e3_1240___LuaJIT-default-lua.json#binarytrees---25,warmup_results_0_8_linux3_e3_1240___LuaJIT-default-lua.json#binarytrees---17
warmup_results_0_8_linux3_e3_1240___LuaJIT-default-lua.json#binarytrees---26,warmup_results_0_8_linux3_e3_1240___LuaJIT-default-lua.json#binarytrees---20
warmup_results_0_8_linux3_e3_1240___LuaJIT-default-lua.json#binarytrees---27,warmup_results_0_8_linux3_e3_1240___LuaJIT-default-lua.json#binarytrees---22
warmup_results_0_8_linux3_e3_1240___LuaJIT-default-lua.json#binarytrees---28,warmup_results_0_8_linux3_e3_1240___LuaJIT-default-lua.json#binarytrees---6
warmup_results_0_8_linux3_e3_1240___LuaJIT-default-lua.json#binarytrees---29,warmup_results_0_8_linux3_e3_1240___LuaJIT-default-lua.json#binarytrees---10
warmup_results_0_8_linux3_e3_1240___LuaJIT-default-lua.json#binarytrees---3,warmup_results_0_8_linux3_e3_1240___LuaJIT-default-lua.json#binarytrees---16
warmup_results_0_8_linux3_e3_1240___LuaJIT-default-lua.json#binarytrees---4,warmup_results_0_8_linux3_e3_1240___LuaJIT-default-lua.json#binarytrees---13
warmup_results_0_8_linux3_e3_1240___LuaJIT-default-lua.json#binarytrees---5,warmup_results_0_8_linux3_e3_1240___LuaJIT-default-lua.json#binarytrees---11
warmup_results_0_8_linux3_e3_1240___LuaJIT-default-lua.json#binarytrees---6,warmup_results_0_8_linux3_e3_1240___LuaJIT-default-lua.json#binarytrees---12
warmup_results_0_8_linux3_e3_1240___LuaJIT-default-lua.json#binarytrees---7,warmup_results_0_8_linux3_e3_1240___LuaJIT-default-lua.json#binarytrees---9
warmup_results_0_8_linux3_e3_1240___LuaJIT-default-lua.json#binarytrees---8,warmup_results_0_8_linux3_e3_1240___LuaJIT-default-lua.json#binarytrees---22
warmup_results_0_8_linux3_e3_1240___LuaJIT-default-lua.json#binarytrees---9,warmup_results_0_8_linux3_e3_1240___LuaJIT-default-lua.json#binarytrees---1
warmup_results_0_8_linux3_e3_1240___LuaJIT-default-lua.json#fannkuch_redux---0,warmup_results_0_8_linux3_e3_1240___LuaJIT-default-lua.json#fannkuch_redux---2
warmup_results_0_8_linux3_e3_1240___LuaJIT-default-lua.json#fannkuch_redux---1,warmup_results_0_8_linux3_e3_1240___LuaJIT-default-lua.json#fannkuch_redux---18
warmup_results_0_8_linux3_e3_1240___LuaJIT-default-lua.json#fannkuch_redux---10,warmup_results_0_8_linux3_e3_1240___LuaJIT-default-lua.json#fannkuch_redux---19
warmup_results_0_8_linux3_e3_1240___LuaJIT-default-lua.json#fannkuch_redux---11,warmup_results_0_8_linux3_e3_1240___LuaJIT-default-lua.json#fannkuch_redux---1
warmup_results_0_8_linux3_e3_1240___LuaJIT-default-lua.json#fannkuch_redux---12,warmup_results_0_8_linux3_e3_1240___LuaJIT-default-lua.json#fannkuch_redux---4
warmup_results_0_8_linux3_e3_1240___LuaJIT-default-lua.json#fannkuch_redux---13,warmup_results_0_8_linux3_e3_1240___LuaJIT-default-lua.json#fannkuch_redux---11
warmup_results_0_8_linux3_e3_1240___LuaJIT-default-lua.json#fannkuch_redux---14,warmup_results_0_8_linux3_e3_1240___LuaJIT-default-lua.json#fannkuch_redux---21
warmup_results_0_8_linux3_e3_1240___LuaJIT-default-lua.json#fannkuch_redux---15,warmup_results_0_8_linux3_e3_1240___LuaJIT-default-lua.json#fannkuch_redux---7
warmup_results_0_8_linux3_e3_1240___LuaJIT-default-lua.json#fannkuch_redux---16,warmup_results_0_8_linux3_e3_1240___LuaJIT-default-lua.json#fannkuch_redux---17
warmup_results_0_8_linux3_e3_1240___LuaJIT-default-lua.json#fannkuch_redux---17,warmup_results_0_8_linux3_e3_1240___LuaJIT-default-lua.json#fannkuch_redux---28
warmup_results_0_8_linux3_e3_1240___LuaJIT-default-lua.json#fannkuch_redux---18,warmup_results_0_8_linux3_e3_1240___LuaJIT-default-lua.json#fannkuch_redux---27
warmup_results_0_8_linux3_e3_1240___LuaJIT-default-lua.json#fannkuch_redux---19,warmup_results_0_8_linux3_e3_1240___LuaJIT-default-lua.json#fannkuch_redux---29
warmup_results_0_8_linux3_e3_1240___LuaJIT-default-lua.json#fannkuch_redux---2,warmup_results_0_8_linux3_e3_1240___LuaJIT-default-lua.json#fannkuch_redux---11
warmup_results_0_8_linux3_e3_1240___LuaJIT-default-lua.json#fannkuch_redux---20,warmup_results_0_8_linux3_e3_1240___LuaJIT-default-lua.json#fannkuch_redux---22
warmup_results_0_8_linux3_e3_1240___LuaJIT-default-lua.json#fannkuch_redux---21,warmup_results_0_8_linux3_e3_1240___LuaJIT-default-lua.json#fannkuch_redux---5
warmup_results_0_8_linux3_e3_1240___LuaJIT-default-lua.json#fannkuch_redux---22,warmup_results_0_8_linux3_e3_1240___LuaJIT-default-lua.json#fannkuch_redux---25
warmup_results_0_8_linux3_e3_1240___LuaJIT-default-lua.json#fannkuch_redux---23,warmup_results_0_8_linux3_e3_1240___LuaJIT-default-lua.json#fannkuch_redux---7
warmup_results_0_8_linux3_e3_1240___LuaJIT-default-lua.json#fannkuch_redux---24,warmup_results_0_8_linux3_e3_1240___LuaJIT-default-lua.json#fannkuch_redux---7
warmup_results_0_8_linux3_e3_1240___LuaJIT-default-lua.json#fannkuch_redux---25,warmup_results_0_8_linux3_e3_1240___LuaJIT-default-lua.json#fannkuch_redux---23
warmup_results_0_8_linux3_e3_1240___LuaJIT-default-lua.json#fannkuch_redux---26,warmup_results_0_8_linux3_e3_1240___LuaJIT-default-lua.json#fannkuch_redux---15
warmup_results_0_8_linux3_e3_1240___LuaJIT-default-lua.json#fannkuch_redux---27,warmup_results_0_8_linux3_e3_1240___LuaJIT-default-lua.json#fannkuch_redux---2
warmup_results_0_8_linux3_e3_1240___LuaJIT-default-lua.json#fannkuch_redux---28,warmup_results_0_8_linux3_e3_1240___LuaJIT-default-lua.json#fannkuch_redux---13
warmup_results_0_8_linux3_e3_1240___LuaJIT-default-lua.json#fannkuch_redux---29,warmup_results_0_8_linux3_e3_1240___LuaJIT-default-lua.json#fannkuch_redux---19
warmup_results_0_8_linux3_e3_1240___LuaJIT-default-lua.json#fannkuch_redux---3,warmup_results_0_8_linux3_e3_1240___LuaJIT-default-lua.json#fannkuch_redux---8
warmup_results_0_8_linux3_e3_1240___LuaJIT-default-lua.json#fannkuch_redux---4,warmup_results_0_8_linux3_e3_1240___LuaJIT-default-lua.json#fannkuch_redux---2
warmup_results_0_8_linux3_e3_1240___LuaJIT-default-lua.json#fannkuch_redux---5,warmup_results_0_8_linux3_e3_1240___LuaJIT-default-lua.json#fannkuch_redux---22
warmup_results_0_8_linux3_e3_1240___LuaJIT-default-lua.json#fannkuch_redux---6,warmup_results_0_8_linux3_e3_1240___LuaJIT-default-lua.json#fannkuch_redux---26
warmup_results_0_8_linux3_e3_1240___LuaJIT-default-lua.json#fannkuch_redux---7,warmup_results_0_8_linux3_e3_1240___LuaJIT-default-lua.json#fannkuch_redux---28
warmup_results_0_8_linux3_e3_1240___LuaJIT-default-lua.json#fannkuch_redux---8,warmup_results_0_8_linux3_e3_1240___LuaJIT-default-lua.json#fannkuch_redux---24
warmup_results_0_8_linux3_e3_1240___LuaJIT-default-lua.json#fannkuch_redux---9,warmup_results_0_8_linux3_e3_1240___LuaJIT-default-lua.json#fannkuch_redux---5
warmup_results_0_8_linux3_e3_1240___LuaJIT-default-lua.json#fasta---0,warmup_results_0_8_linux3_e3_1240___LuaJIT-default-lua.json#fasta---21
warmup_results_0_8_linux3_e3_1240___LuaJIT-default-lua.json#fasta---1,warmup_results_0_8_linux3_e3_1240___LuaJIT-default-lua.json#fasta---3
warmup_results_0_8_linux3_e3_1240___LuaJIT-default-lua.json#fasta---10,warmup_results_0_8_linux3_e3_1240___LuaJIT-default-lua.json#fasta---4
warmup_results_0_8_linux3_e3_1240___LuaJIT-default-lua.json#fasta---11,warmup_results_0_8_linux3_e3_1240___LuaJIT-default-lua.json#fasta---3
warmup_results_0_8_linux3_e3_1240___LuaJIT-default-lua.json#fasta---12,warmup_results_0_8_linux3_e3_1240___LuaJIT-default-lua.json#fasta---19
warmup_results_0_8_linux3_e3_1240___LuaJIT-default-lua.json#fasta---13,warmup_results_0_8_linux3_e3_1240___LuaJIT-default-lua.json#fasta---22
warmup_results_0_8_linux3_e3_1240___LuaJIT-default-lua.json#fasta---14,warmup_results_0_8_linux3_e3_1240___LuaJIT-default-lua.json#fasta---20
warmup_results_0_8_linux3_e3_1240___LuaJIT-default-lua.json#fasta---15,warmup_results_0_8_linux3_e3_1240___LuaJIT-default-lua.json#fasta---1
warmup_results_0_8_linux3_e3_1240___LuaJIT-default-lua.json#fasta---16,warmup_results_0_8_linux3_e3_1240___LuaJIT-default-lua.json#fasta---26
warmup_results_0_8_linux3_e3_1240___LuaJIT-default-lua.json#fasta---17,warmup_results_0_8_linux3_e3_1240___LuaJIT-default-lua.json#fasta---16
warmup_results_0_8_linux3_e3_1240___LuaJIT-default-lua.json#fasta---18,warmup_results_0_8_linux3_e3_1240___LuaJIT-default-lua.json#fasta---22
warmup_results_0_8_linux3_e3_1240___LuaJIT-default-lua.json#fasta---19,warmup_results_0_8_linux3_e3_1240___LuaJIT-default-lua.json#fasta---7
warmup_results_0_8_linux3_e3_1240___LuaJIT-default-lua.json#fasta---2,warmup_results_0_8_linux3_e3_1240___LuaJIT-default-lua.json#fasta---28
warmup_results_0_8_linux3_e3_1240___LuaJIT-default-lua.json#fasta---20,warmup_results_0_8_linux3_e3_1240___LuaJIT-default-lua.json#fasta---16
warmup_results_0_8_linux3_e3_1240___LuaJIT-default-lua.json#fasta---21,warmup_results_0_8_linux3_e3_1240___LuaJIT-default-lua.json#fasta---9
warmup_results_0_8_linux3_e3_1240___LuaJIT-default-lua.json#fasta---22,warmup_results_0_8_linux3_e3_1240___LuaJIT-default-lua.json#fasta---8
warmup_results_0_8_linux3_e3_1240___LuaJIT-default-lua.json#fasta---23,warmup_results_0_8_linux3_e3_1240___LuaJIT-default-lua.json#fasta---10
warmup_results_0_8_linux3_e3_1240___LuaJIT-default-lua.json#fasta---24,warmup_results_0_8_linux3_e3_1240___LuaJIT-default-lua.json#fasta---26
warmup_results_0_8_linux3_e3_1240___LuaJIT-default-lua.json#fasta---25,warmup_results_0_8_linux3_e3_1240___LuaJIT-default-lua.json#fasta---26
warmup_results_0_8_linux3_e3_1240___LuaJIT-default-lua.json#fasta---26,warmup_results_0_8_linux3_e3_1240___LuaJIT-default-lua.json#fasta---1
warmup_results_0_8_linux3_e3_1240___LuaJIT-default-lua.json#fasta---27,warmup_results_0_8_linux3_e3_1240___LuaJIT-default-lua.json#fasta---25
warmup_results_0_8_linux3_e3_1240___LuaJIT-default-lua.json#fasta---28,warmup_results_0_8_linux3_e3_1240___LuaJIT-default-lua.json#fasta---20
warmup_results_0_8_linux3_e3_1240___LuaJIT-default-lua.json#fasta---29,warmup_results_0_8_linux3_e3_1240___LuaJIT-default-lua.json#fasta---27
warmup_results_0_8_linux3_e3_1240___LuaJIT-default-lua.json#fasta---3,warmup_results_0_8_linux3_e3_1240___LuaJIT-default-lua.json#fasta---14
warmup_results_0_8_linux3_e3_1240___LuaJIT-default-lua.json#fasta---4,warmup_results_0_8_linux3_e3_1240___LuaJIT-default-lua.json#fasta---8
warmup_results_0_8_linux3_e3_1240___LuaJIT-default-lua.json#fasta---5,warmup_results_0_8_linux3_e3_1240___LuaJIT-default-lua.json#fasta---18
warmup_results_0_8_linux3_e3_1240___LuaJIT-default-lua.json#fasta---6,warmup_results_0_8_linux3_e3_1240___LuaJIT-default-lua.json#fasta---22
warmup_results_0_8_linux3_e3_1240___LuaJIT-default-lua.json#fasta---7,warmup_results_0_8_linux3_e3_1240___LuaJIT-default-lua.json#fasta---6
warmup_results_0_8_linux3_e3_1240___LuaJIT-default-lua.json#fasta---8,warmup_results_0_8_linux3_e3_1240___LuaJIT-default-lua.json#fasta---15
warmup_results_0_8_linux3_e3_1240___LuaJIT-default-lua.json#fasta---9,warmup_results_0_8_linux3_e3_1240___LuaJIT-default-lua.json#fasta---6
warmup_results_0_8_linux3_e3_1240___LuaJIT-default-lua.json#nbody---0,warmup_results_0_8_linux3_e3_1240___LuaJIT-default-lua.json#nbody---5
warmup_results_0_8_linux3_e3_1240___LuaJIT-default-lua.json#nbody---1,warmup_results_0_8_linux3_e3_1240___LuaJIT-default-lua.json#nbody---6
warmup_results_0_8_linux3_e3_1240___LuaJIT-default-lua.json#nbody---10,warmup_results_0_8_linux3_e3_1240___LuaJIT-default-lua.json#nbody---0
warmup_results_0_8_linux3_e3_1240___LuaJIT-default-lua.json#nbody---11,warmup_results_0_8_linux3_e3_1240___LuaJIT-default-lua.json#nbody---9
warmup_results_0_8_linux3_e3_1240___LuaJIT-default-lua.json#nbody---12,warmup_results_0_8_linux3_e3_1240___LuaJIT-default-lua.json#nbody---4
warmup_results_0_8_linux3_e3_1240___LuaJIT-default-lua.json#nbody---13,warmup_results_0_8_linux3_e3_1240___LuaJIT-default-lua.json#nbody---27
warmup_results_0_8_linux3_e3_1240___LuaJIT-default-lua.json#nbody---14,warmup_results_0_8_linux3_e3_1240___LuaJIT-default-lua.json#nbody---9
warmup_results_0_8_linux3_e3_1240___LuaJIT-default-lua.json#nbody---15,warmup_results_0_8_linux3_e3_1240___LuaJIT-default-lua.json#nbody---1
warmup_results_0_8_linux3_e3_1240___LuaJIT-default-lua.json#nbody---16,warmup_results_0_8_linux3_e3_1240___LuaJIT-default-lua.json#nbody---28
warmup_results_0_8_linux3_e3_1240___LuaJIT-default-lua.json#nbody---17,warmup_results_0_8_linux3_e3_1240___LuaJIT-default-lua.json#nbody---9
warmup_results_0_8_linux3_e3_1240___LuaJIT-default-lua.json#nbody---18,warmup_results_0_8_linux3_e3_1240___LuaJIT-default-lua.json#nbody---11
warmup_results_0_8_linux3_e3_1240___LuaJIT-default-lua.json#nbody---19,warmup_results_0_8_linux3_e3_1240___LuaJIT-default-lua.json#nbody---9
warmup_results_0_8_linux3_e3_1240___LuaJIT-default-lua.json#nbody---2,warmup_results_0_8_linux3_e3_1240___LuaJIT-default-lua.json#nbody---10
warmup_results_0_8_linux3_e3_1240___LuaJIT-default-lua.json#nbody---20,warmup_results_0_8_linux3_e3_1240___LuaJIT-default-lua.json#nbody---19
warmup_results_0_8_linux3_e3_1240___LuaJIT-default-lua.json#nbody---21,warmup_results_0_8_linux3_e3_1240___LuaJIT-default-lua.json#nbody---9
warmup_results_0_8_linux3_e3_1240___LuaJIT-default-lua.json#nbody---22,warmup_results_0_8_linux3_e3_1240___LuaJIT-default-lua.json#nbody---13
warmup_results_0_8_linux3_e3_1240___LuaJIT-default-lua.json#nbody---23,warmup_results_0_8_linux3_e3_1240___LuaJIT-default-lua.json#nbody---28
warmup_results_0_8_linux3_e3_1240___LuaJIT-default-lua.json#nbody---24,warmup_results_0_8_linux3_e3_1240___LuaJIT-default-lua.json#nbody---15
warmup_results_0_8_linux3_e3_1240___LuaJIT-default-lua.json#nbody---25,warmup_results_0_8_linux3_e3_1240___LuaJIT-default-lua.json#nbody---29
warmup_results_0_8_linux3_e3_1240___LuaJIT-default-lua.json#nbody---26,warmup_results_0_8_linux3_e3_1240___LuaJIT-default-lua.json#nbody---23
warmup_results_0_8_linux3_e3_1240___LuaJIT-default-lua.json#nbody---27,warmup_results_0_8_linux3_e3_1240___LuaJIT-default-lua.json#nbody---9
warmup_results_0_8_linux3_e3_1240___LuaJIT-default-lua.json#nbody---28,warmup_results_0_8_linux3_e3_1240___LuaJIT-default-lua.json#nbody---8
warmup_results_0_8_linux3_e3_1240___LuaJIT-default-lua.json#nbody---29,warmup_results_0_8_linux3_e3_1240___LuaJIT-default-lua.json#nbody---23
warmup_results_0_8_linux3_e3_1240___LuaJIT-default-lua.json#nbody---3,warmup_results_0_8_linux3_e3_1240___LuaJIT-default-lua.json#nbody---16
warmup_results_0_8_linux3_e3_1240___LuaJIT-default-lua.json#nbody---4,warmup_results_0_8_linux3_e3_1240___LuaJIT-default-lua.json#nbody---16
warmup_results_0_8_linux3_e3_1240___LuaJIT-default-lua.json#nbody---5,warmup_results_0_8_linux3_e3_1240___LuaJIT-default-lua.json#nbody---23
warmup_results_0_8_linux3_e3_1240___LuaJIT-default-lua.json#nbody---6,warmup_results_0_8_linux3_e3_1240___LuaJIT-default-lua.json#nbody---23
warmup_results_0_8_linux3_e3_1240___LuaJIT-default-lua.json#nbody---7,warmup_results_0_8_linux3_e3_1240___LuaJIT-default-lua.json#nbody---6
warmup_results_0_8_linux3_e3_1240___LuaJIT-default-lua.json#nbody---8,warmup_results_0_8_linux3_e3_1240___LuaJIT-default-lua.json#nbody---16
warmup_results_0_8_linux3_e3_1240___LuaJIT-default-lua.json#nbody---9,warmup_results_0_8_linux3_e3_1240___LuaJIT-default-lua.json#nbody---8
warmup_results_0_8_linux3_e3_1240___LuaJIT-default-lua.json#richards---0,warmup_results_0_8_linux3_e3_1240___LuaJIT-default-lua.json#richards---25
warmup_results_0_8_linux3_e3_1240___LuaJIT-default-lua.json#richards---1,warmup_results_0_8_linux3_e3_1240___LuaJIT-default-lua.json#richards---10
warmup_results_0_8_linux3_e3_1240___LuaJIT-default-lua.json#richards---10,warmup_results_0_8_linux3_e3_1240___LuaJIT-default-lua.json#richards---16
warmup_results_0_8_linux3_e3_1240___LuaJIT-default-lua.json#richards---11,warmup_results_0_8_linux3_e3_1240___LuaJIT-default-lua.json#richards---12
warmup_results_0_8_linux3_e3_1240___LuaJIT-default-lua.json#richards---12,warmup_results_0_8_linux3_e3_1240___LuaJIT-default-lua.json#richards---24
warmup_results_0_8_linux3_e3_1240___LuaJIT-default-lua.json#richards---13,warmup_results_0_8_linux3_e3_1240___LuaJIT-default-lua.json#richards---19
warmup_results_0_8_linux3_e3_1240___LuaJIT-default-lua.json#richards---14,warmup_results_0_8_linux3_e3_1240___LuaJIT-default-lua.json#richards---2
warmup_results_0_8_linux3_e3_1240___LuaJIT-default-lua.json#richards---15,warmup_results_0_8_linux3_e3_1240___LuaJIT-default-lua.json#richards---24
warmup_results_0_8_linux3_e3_1240___LuaJIT-default-lua.json#richards---16,warmup_results_0_8_linux3_e3_1240___LuaJIT-default-lua.json#richards---3
warmup_results_0_8_linux3_e3_1240___LuaJIT-default-lua.json#richards---17,warmup_results_0_8_linux3_e3_1240___LuaJIT-default-lua.json#richards---0
warmup_results_0_8_linux3_e3_1240___LuaJIT-default-lua.json#richards---18,warmup_results_0_8_linux3_e3_1240___LuaJIT-default-lua.json#richards---26
warmup_results_0_8_linux3_e3_1240___LuaJIT-default-lua.json#richards---19,warmup_results_0_8_linux3_e3_1240___LuaJIT-default-lua.json#richards---2
warmup_results_0_8_linux3_e3_1240___LuaJIT-default-lua.json#richards---2,warmup_results_0_8_linux3_e3_1240___LuaJIT-default-lua.json#richards---28
warmup_results_0_8_linux3_e3_1240___LuaJIT-default-lua.json#richards---20,warmup_results_0_8_linux3_e3_1240___LuaJIT-default-lua.json#richards---12
warmup_results_0_8_linux3_e3_1240___LuaJIT-default-lua.json#richards---21,warmup_results_0_8_linux3_e3_1240___LuaJIT-default-lua.json#richards---23
warmup_results_0_8_linux3_e3_1240___LuaJIT-default-lua.json#richards---22,warmup_results_0_8_linux3_e3_1240___LuaJIT-default-lua.json#richards---18
warmup_results_0_8_linux3_e3_1240___LuaJIT-default-lua.json#richards---23,warmup_results_0_8_linux3_e3_1240___LuaJIT-default-lua.json#richards---26
warmup_results_0_8_linux3_e3_1240___LuaJIT-default-lua.json#richards---24,warmup_results_0_8_linux3_e3_1240___LuaJIT-default-lua.json#richards---2
warmup_results_0_8_linux3_e3_1240___LuaJIT-default-lua.json#richards---25,warmup_results_0_8_linux3_e3_1240___LuaJIT-default-lua.json#richards---0
warmup_results_0_8_linux3_e3_1240___LuaJIT-default-lua.json#richards---26,warmup_results_0_8_linux3_e3_1240___LuaJIT-default-lua.json#richards---8
warmup_results_0_8_linux3_e3_1240___LuaJIT-default-lua.json#richards---27,warmup_results_0_8_linux3_e3_1240___LuaJIT-default-lua.json#richards---26
warmup_results_0_8_linux3_e3_1240___LuaJIT-default-lua.json#richards---28,warmup_results_0_8_linux3_e3_1240___LuaJIT-default-lua.json#richards---29
warmup_results_0_8_linux3_e3_1240___LuaJIT-default-lua.json#richards---29,warmup_results_0_8_linux3_e3_1240___LuaJIT-default-lua.json#richards---9
warmup_results_0_8_linux3_e3_1240___LuaJIT-default-lua.json#richards---3,warmup_results_0_8_linux3_e3_1240___LuaJIT-default-lua.json#richards---13
warmup_results_0_8_linux3_e3_1240___LuaJIT-default-lua.json#richards---4,warmup_results_0_8_linux3_e3_1240___LuaJIT-default-lua.json#richards---23
warmup_results_0_8_linux3_e3_1240___LuaJIT-default-lua.json#richards---5,warmup_results_0_8_linux3_e3_1240___LuaJIT-default-lua.json#richards---10
warmup_results_0_8_linux3_e3_1240___LuaJIT-default-lua.json#richards---6,warmup_results_0_8_linux3_e3_1240___LuaJIT-default-lua.json#richards---22
warmup_results_0_8_linux3_e3_1240___LuaJIT-default-lua.json#richards---7,warmup_results_0_8_linux3_e3_1240___LuaJIT-default-lua.json#richards---11
warmup_results_0_8_linux3_e3_1240___LuaJIT-default-lua.json#richards---8,warmup_results_0_8_linux3_e3_1240___LuaJIT-default-lua.json#richards---27
warmup_results_0_8_linux3_e3_1240___LuaJIT-default-lua.json#richards---9,warmup_results_0_8_linux3_e3_1240___LuaJIT-default-lua.json#richards---1
warmup_results_0_8_linux3_e3_1240___LuaJIT-default-lua.json#spectralnorm---0,warmup_results_0_8_linux3_e3_1240___LuaJIT-default-lua.json#spectralnorm---5
warmup_results_0_8_linux3_e3_1240___LuaJIT-default-lua.json#spectralnorm---1,warmup_results_0_8_linux3_e3_1240___LuaJIT-default-lua.json#spectralnorm---14
warmup_results_0_8_linux3_e3_1240___LuaJIT-default-lua.json#spectralnorm---10,warmup_results_0_8_linux3_e3_1240___LuaJIT-default-lua.json#spectralnorm---19
warmup_results_0_8_linux3_e3_1240___LuaJIT-default-lua.json#spectralnorm---11,warmup_results_0_8_linux3_e3_1240___LuaJIT-default-lua.json#spectralnorm---5
warmup_results_0_8_linux3_e3_1240___LuaJIT-default-lua.json#spectralnorm---12,warmup_results_0_8_linux3_e3_1240___LuaJIT-default-lua.json#spectralnorm---19
warmup_results_0_8_linux3_e3_1240___LuaJIT-default-lua.json#spectralnorm---13,warmup_results_0_8_linux3_e3_1240___LuaJIT-default-lua.json#spectralnorm---9
warmup_results_0_8_linux3_e3_1240___LuaJIT-default-lua.json#spectralnorm---14,warmup_results_0_8_linux3_e3_1240___LuaJIT-default-lua.json#spectralnorm---29
warmup_results_0_8_linux3_e3_1240___LuaJIT-default-lua.json#spectralnorm---15,warmup_results_0_8_linux3_e3_1240___LuaJIT-default-lua.json#spectralnorm---26
warmup_results_0_8_linux3_e3_1240___LuaJIT-default-lua.json#spectralnorm---16,warmup_results_0_8_linux3_e3_1240___LuaJIT-default-lua.json#spectralnorm---8
warmup_results_0_8_linux3_e3_1240___LuaJIT-default-lua.json#spectralnorm---17,warmup_results_0_8_linux3_e3_1240___LuaJIT-default-lua.json#spectralnorm---22
warmup_results_0_8_linux3_e3_1240___LuaJIT-default-lua.json#spectralnorm---18,warmup_results_0_8_linux3_e3_1240___LuaJIT-default-lua.json#spectralnorm---28
warmup_results_0_8_linux3_e3_1240___LuaJIT-default-lua.json#spectralnorm---19,warmup_results_0_8_linux3_e3_1240___LuaJIT-default-lua.json#spectralnorm---15
warmup_results_0_8_linux3_e3_1240___LuaJIT-default-lua.json#spectralnorm---2,warmup_results_0_8_linux3_e3_1240___LuaJIT-default-lua.json#spectralnorm---23
warmup_results_0_8_linux3_e3_1240___LuaJIT-default-lua.json#spectralnorm---20,warmup_results_0_8_linux3_e3_1240___LuaJIT-default-lua.json#spectralnorm---23
warmup_results_0_8_linux3_e3_1240___LuaJIT-default-lua.json#spectralnorm---21,warmup_results_0_8_linux3_e3_1240___LuaJIT-default-lua.json#spectralnorm---24
warmup_results_0_8_linux3_e3_1240___LuaJIT-default-lua.json#spectralnorm---22,warmup_results_0_8_linux3_e3_1240___LuaJIT-default-lua.json#spectralnorm---27
warmup_results_0_8_linux3_e3_1240___LuaJIT-default-lua.json#spectralnorm---23,warmup_results_0_8_linux3_e3_1240___LuaJIT-default-lua.json#spectralnorm---13
warmup_results_0_8_linux3_e3_1240___LuaJIT-default-lua.json#spectralnorm---24,warmup_results_0_8_linux3_e3_1240___LuaJIT-default-lua.json#spectralnorm---21
warmup_results_0_8_linux3_e3_1240___LuaJIT-default-lua.json#spectralnorm---25,warmup_results_0_8_linux3_e3_1240___LuaJIT-default-lua.json#spectralnorm---0
warmup_results_0_8_linux3_e3_1240___LuaJIT-default-lua.json#spectralnorm---26,warmup_results_0_8_linux3_e3_1240___LuaJIT-default-lua.json#spectralnorm---14
warmup_results_0_8_linux3_e3_1240___LuaJIT-default-lua.json#spectralnorm---27,warmup_results_0_8_linux3_e3_1240___LuaJIT-default-lua.json#spectralnorm---28
warmup_results_0_8_linux3_e3_1240___LuaJIT-default-lua.json#spectralnorm---28,warmup_results_0_8_linux3_e3_1240___LuaJIT-default-lua.json#spectralnorm---22
warmup_results_0_8_linux3_e3_1240___LuaJIT-default-lua.json#spectralnorm---29,warmup_results_0_8_linux3_e3_1240___LuaJIT-default-lua.json#spectralnorm---9
warmup_results_0_8_linux3_e3_1240___LuaJIT-default-lua.json#spectralnorm---3,warmup_results_0_8_linux3_e3_1240___LuaJIT-default-lua.json#spectralnorm---12
warmup_results_0_8_linux3_e3_1240___LuaJIT-default-lua.json#spectralnorm---4,warmup_results_0_8_linux3_e3_1240___LuaJIT-default-lua.json#spectralnorm---23
warmup_results_0_8_linux3_e3_1240___LuaJIT-default-lua.json#spectralnorm---5,warmup_results_0_8_linux3_e3_1240___LuaJIT-default-lua.json#spectralnorm---20
warmup_results_0_8_linux3_e3_1240___LuaJIT-default-lua.json#spectralnorm---6,warmup_results_0_8_linux3_e3_1240___LuaJIT-default-lua.json#spectralnorm---5
warmup_results_0_8_linux3_e3_1240___LuaJIT-default-lua.json#spectralnorm---7,warmup_results_0_8_linux3_e3_1240___LuaJIT-default-lua.json#spectralnorm---5
warmup_results_0_8_linux3_e3_1240___LuaJIT-default-lua.json#spectralnorm---8,warmup_results_0_8_linux3_e3_1240___LuaJIT-default-lua.json#spectralnorm---16
warmup_results_0_8_linux3_e3_1240___LuaJIT-default-lua.json#spectralnorm---9,warmup_results_0_8_linux3_e3_1240___LuaJIT-default-lua.json#spectralnorm---16
warmup_results_0_8_linux3_e3_1240___V8-default-javascript.json#binarytrees---0,warmup_results_0_8_linux3_e3_1240___V8-default-javascript.json#binarytrees---5
warmup_results_0_8_linux3_e3_1240___V8-default-javascript.json#binarytrees---1,warmup_results_0_8_linux3_e3_1240___V8-default-javascript.json#binarytrees---6
warmup_results_0_8_linux3_e3_1240___V8-default-javascript.json#binarytrees---10,warmup_results_0_8_linux3_e3_1240___V8-default-javascript.json#binarytrees---22
warmup_results_0_8_linux3_e3_1240___V8-default-javascript.json#binarytrees---11,warmup_results_0_8_linux3_e3_1240___V8-default-javascript.json#binarytrees---7
warmup_results_0_8_linux3_e3_1240___V8-default-javascript.json#binarytrees---12,warmup_results_0_8_linux3_e3_1240___V8-default-javascript.json#binarytrees---24
warmup_results_0_8_linux3_e3_1240___V8-default-javascript.json#binarytrees---13,warmup_results_0_8_linux3_e3_1240___V8-default-javascript.json#binarytrees---14
warmup_results_0_8_linux3_e3_1240___V8-default-javascript.json#binarytrees---14,warmup_results_0_8_linux3_e3_1240___V8-default-javascript.json#binarytrees---18
warmup_results_0_8_linux3_e3_1240___V8-default-javascript.json#binarytrees---15,warmup_results_0_8_linux3_e3_1240___V8-default-javascript.json#binarytrees---24
warmup_results_0_8_linux3_e3_1240___V8-default-javascript.json#binarytrees---16,warmup_results_0_8_linux3_e3_1240___V8-default-javascript.json#binarytrees---1
warmup_results_0_8_linux3_e3_1240___V8-default-javascript.json#binarytrees---17,warmup_results_0_8_linux3_e3_1240___V8-default-javascript.json#binarytrees---19
warmup_results_0_8_linux3_e3_1240___V8-default-javascript.json#binarytrees---18,warmup_results_0_8_linux3_e3_1240___V8-default-javascript.json#binarytrees---29
warmup_results_0_8_linux3_e3_1240___V8-default-javascript.json#binarytrees---19,warmup_results_0_8_linux3_e3_1240___V8-default-javascript.json#binarytrees---3
warmup_results_0_8_linux3_e3_1240___V8-default-javascript.json#binarytrees---2,warmup_results_0_8_linux3_e3_1240___V8-default-javascript.json#binarytrees---26
warmup_results_0_8_linux3_e3_1240___V8-default-javascript.json#binarytrees---20,warmup_results_0_8_linux3_e3_1240___V8-default-javascript.json#binarytrees---12
warmup_results_0_8_linux3_e3_1240___V8-default-javascript.json#binarytrees---21,warmup_results_0_8_linux3_e3_1240___V8-default-javascript.json#binarytrees---5
warmup_results_0_8_linux3_e3_1240___V8-default-javascript.json#binarytrees---22,warmup_results_0_8_linux3_e3_1240___V8-default-javascript.json#binarytrees---0
warmup_results_0_8_linux3_e3_1240___V8-default-javascript.json#binarytrees---23,warmup_results_0_8_linux3_e3_1240___V8-default-javascript.json#binarytrees---20
warmup_results_0_8_linux3_e3_1240___V8-default-javascript.json#binarytrees---24,warmup_results_0_8_linux3_e3_1240___V8-default-javascript.json#binarytrees---1
warmup_results_0_8_linux3_e3_1240___V8-default-javascript.json#binarytrees---25,warmup_results_0_8_linux3_e3_1240___V8-default-javascript.json#binarytrees---29
warmup_results_0_8_linux3_e3_1240___V8-default-javascript.json#binarytrees---26,warmup_results_0_8_linux3_e3_1240___V8-default-javascript.json#binarytrees---23
warmup_results_0_8_linux3_e3_1240___V8-default-javascript.json#binarytrees---27,warmup_results_0_8_linux3_e3_1240___V8-default-javascript.json#binarytrees---26
warmup_results_0_8_linux3_e3_1240___V8-default-javascript.json#binarytrees---28,warmup_results_0_8_linux3_e3_1240___V8-default-javascript.json#binarytrees---23
warmup_results_0_8_linux3_e3_1240___V8-default-javascript.json#binarytrees---29,warmup_results_0_8_linux3_e3_1240___V8-default-javascript.json#binarytrees---7
warmup_results_0_8_linux3_e3_1240___V8-default-javascript.json#binarytrees---3,warmup_results_0_8_linux3_e3_1240___V8-default-javascript.json#binarytrees---4
warmup_results_0_8_linux3_e3_1240___V8-default-javascript.json#binarytrees---4,warmup_results_0_8_linux3_e3_1240___V8-default-javascript.json#binarytrees---9
warmup_results_0_8_linux3_e3_1240___V8-default-javascript.json#binarytrees---5,warmup_results_0_8_linux3_e3_1240___V8-default-javascript.json#binarytrees---4
warmup_results_0_8_linux3_e3_1240___V8-default-javascript.json#binarytrees---6,warmup_results_0_8_linux3_e3_1240___V8-default-javascript.json#binarytrees---11
warmup_results_0_8_linux3_e3_1240___V8-default-javascript.json#binarytrees---7,warmup_results_0_8_linux3_e3_1240___V8-default-javascript.json#binarytrees---14
warmup_results_0_8_linux3_e3_1240___V8-default-javascript.json#binarytrees---8,warmup_results_0_8_linux3_e3_1240___V8-default-javascript.json#binarytrees---12
warmup_results_0_8_linux3_e3_1240___V8-default-javascript.json#binarytrees---9,warmup_results_0_8_linux3_e3_1240___V8-default-javascript.json#binarytrees---24
warmup_results_0_8_linux3_e3_1240___V8-default-javascript.json#fannkuch_redux---0,warmup_results_0_8_linux3_e3_1240___V8-default-javascript.json#fannkuch_redux---16
warmup_results_0_8_linux3_e3_1240___V8-default-javascript.json#fannkuch_redux---1,warmup_results_0_8_linux3_e3_1240___V8-default-javascript.json#fannkuch_redux---16
warmup_results_0_8_linux3_e3_1240___V8-default-javascript.json#fannkuch_redux---10,warmup_results_0_8_linux3_e3_1240___V8-default-javascript.json#fannkuch_redux---6
warmup_results_0_8_linux3_e3_1240___V8-default-javascript.json#fannkuch_redux---11,warmup_results_0_8_linux3_e3_1240___V8-default-javascript.json#fannkuch_redux---4
warmup_results_0_8_linux3_e3_1240___V8-default-javascript.json#fannkuch_redux---12,warmup_results_0_8_linux3_e3_1240___V8-default-javascript.json#fannkuch_redux---2
warmup_results_0_8_linux3_e3_1240___V8-default-javascript.json#fannkuch_redux---13,warmup_results_0_8_linux3_e3_1240___V8-default-javascript.json#fannkuch_redux---11
warmup_results_0_8_linux3_e3_1240___V8-default-javascript.json#fannkuch_redux---14,warmup_results_0_8_linux3_e3_1240___V8-default-javascript.json#fannkuch_redux---29
warmup_results_0_8_linux3_e3_1240___V8-default-javascript.json#fannkuch_redux---15,warmup_results_0_8_linux3_e3_1240___V8-default-javascript.json#fannkuch_redux---11
warmup_results_0_8_linux3_e3_1240___V8-default-javascript.json#fannkuch_redux---16,warmup_results_0_8_linux3_e3_1240___V8-default-javascript.json#fannkuch_redux---8
warmup_results_0_8_linux3_e3_1240___V8-default-javascript.json#fannkuch_redux---17,warmup_results_0_8_linux3_e3_1240___V8-default-javascript.json#fannkuch_redux---16
warmup_results_0_8_linux3_e3_1240___V8-default-javascript.json#fannkuch_redux---18,warmup_results_0_8_linux3_e3_1240___V8-default-javascript.json#fannkuch_redux---1
warmup_results_0_8_linux3_e3_1240___V8-default-javascript.json#fannkuch_redux---19,warmup_results_0_8_linux3_e3_1240___V8-default-javascript.json#fannkuch_redux---29
warmup_results_0_8_linux3_e3_1240___V8-default-javascript.json#fannkuch_redux---2,warmup_results_0_8_linux3_e3_1240___V8-default-javascript.json#fannkuch_redux---17
warmup_results_0_8_linux3_e3_1240___V8-default-javascript.json#fannkuch_redux---20,warmup_results_0_8_linux3_e3_1240___V8-default-javascript.json#fannkuch_redux---3
warmup_results_0_8_linux3_e3_1240___V8-default-javascript.json#fannkuch_redux---21,warmup_results_0_8_linux3_e3_1240___V8-default-javascript.json#fannkuch_redux---4
warmup_results_0_8_linux3_e3_1240___V8-default-javascript.json#fannkuch_redux---22,warmup_results_0_8_linux3_e3_1240___V8-default-javascript.json#fannkuch_redux---0
warmup_results_0_8_linux3_e3_1240___V8-default-javascript.json#fannkuch_redux---23,warmup_results_0_8_linux3_e3_1240___V8-default-javascript.json#fannkuch_redux---26
warmup_results_0_8_linux3_e3_1240___V8-default-javascript.json#fannkuch_redux---24,warmup_results_0_8_linux3_e3_1240___V8-default-javascript.json#fannkuch_redux---22
warmup_results_0_8_linux3_e3_1240___V8-default-javascript.json#fannkuch_redux---25,warmup_results_0_8_linux3_e3_1240___V8-default-javascript.json#fannkuch_redux---1
warmup_results_0_8_linux3_e3_1240___V8-default-javascript.json#fannkuch_redux---26,warmup_results_0_8_linux3_e3_1240___V8-default-javascript.json#fannkuch_redux---9
warmup_results_0_8_linux3_e3_1240___V8-default-javascript.json#fannkuch_redux---27,warmup_results_0_8_linux3_e3_1240___V8-default-javascript.json#fannkuch_redux---2
warmup_results_0_8_linux3_e3_1240___V8-default-javascript.json#fannkuch_redux---28,warmup_results_0_8_linux3_e3_1240___V8-default-javascript.json#fannkuch_redux---27
warmup_results_0_8_linux3_e3_1240___V8-default-javascript.json#fannkuch_redux---29,warmup_results_0_8_linux3_e3_1240___V8-default-javascript.json#fannkuch_redux---10
warmup_results_0_8_linux3_e3_1240___V8-default-javascript.json#fannkuch_redux---3,warmup_results_0_8_linux3_e3_1240___V8-default-javascript.json#fannkuch_redux---0
warmup_results_0_8_linux3_e3_1240___V8-default-javascript.json#fannkuch_redux---4,warmup_results_0_8_linux3_e3_1240___V8-default-javascript.json#fannkuch_redux---10
warmup_results_0_8_linux3_e3_1240___V8-default-javascript.json#fannkuch_redux---5,warmup_results_0_8_linux3_e3_1240___V8-default-javascript.json#fannkuch_redux---14
warmup_results_0_8_linux3_e3_1240___V8-default-javascript.json#fannkuch_redux---6,warmup_results_0_8_linux3_e3_1240___V8-default-javascript.json#fannkuch_redux---26
warmup_results_0_8_linux3_e3_1240___V8-default-javascript.json#fannkuch_redux---7,warmup_results_0_8_linux3_e3_1240___V8-default-javascript.json#fannkuch_redux---8
warmup_results_0_8_linux3_e3_1240___V8-default-javascript.json#fannkuch_redux---8,warmup_results_0_8_linux3_e3_1240___V8-default-javascript.json#fannkuch_redux---15
warmup_results_0_8_linux3_e3_1240___V8-default-javascript.json#fannkuch_redux---9,warmup_results_0_8_linux3_e3_1240___V8-default-javascript.json#fannkuch_redux---15
warmup_results_0_8_linux3_e3_1240___V8-default-javascript.json#fasta---0,warmup_results_0_8_linux3_e3_1240___V8-default-javascript.json#fasta---6
warmup_results_0_8_linux3_e3_1240___V8-default-javascript.json#fasta---1,warmup_results_0_8_linux3_e3_1240___V8-default-javascript.json#fasta---9
warmup_results_0_8_linux3_e3_1240___V8-default-javascript.json#fasta---10,warmup_results_0_8_linux3_e3_1240___V8-default-javascript.json#fasta---13
warmup_results_0_8_linux3_e3_1240___V8-default-javascript.json#fasta---11,warmup_results_0_8_linux3_e3_1240___V8-default-javascript.json#fasta---6
warmup_results_0_8_linux3_e3_1240___V8-default-javascript.json#fasta---12,warmup_results_0_8_linux3_e3_1240___V8-default-javascript.json#fasta---4
warmup_results_0_8_linux3_e3_1240___V8-default-javascript.json#fasta---13,warmup_results_0_8_linux3_e3_1240___V8-default-javascript.json#fasta---2
warmup_results_0_8_linux3_e3_1240___V8-default-javascript.json#fasta---14,warmup_results_0_8_linux3_e3_1240___V8-default-javascript.json#fasta---17
warmup_results_0_8_linux3_e3_1240___V8-default-javascript.json#fasta---15,warmup_results_0_8_linux3_e3_1240___V8-default-javascript.json#fasta---29
warmup_results_0_8_linux3_e3_1240___V8-default-javascript.json#fasta---16,warmup_results_0_8_linux3_e3_1240___V8-default-javascript.json#fasta---25
warmup_results_0_8_linux3_e3_1240___V8-default-javascript.json#fasta---17,warmup_results_0_8_linux3_e3_1240___V8-default-javascript.json#fasta---1
warmup_results_0_8_linux3_e3_1240___V8-default-javascript.json#fasta---18,warmup_results_0_8_linux3_e3_1240___V8-default-javascript.json#fasta---0
warmup_results_0_8_linux3_e3_1240___V8-default-javascript.json#fasta---19,warmup_results_0_8_linux3_e3_1240___V8-default-javascript.json#fasta---1
warmup_results_0_8_linux3_e3_1240___V8-default-javascript.json#fasta---2,warmup_results_0_8_linux3_e3_1240___V8-default-javascript.json#fasta---24
warmup_results_0_8_linux3_e3_1240___V8-default-javascript.json#fasta---20,warmup_results_0_8_linux3_e3_1240___V8-default-javascript.json#fasta---14
warmup_results_0_8_linux3_e3_1240___V8-default-javascript.json#fasta---21,warmup_results_0_8_linux3_e3_1240___V8-default-javascript.json#fasta---23
warmup_results_0_8_linux3_e3_1240___V8-default-javascript.json#fasta---22,warmup_results_0_8_linux3_e3_1240___V8-default-javascript.json#fasta---5
warmup_results_0_8_linux3_e3_1240___V8-default-javascript.json#fasta---23,warmup_results_0_8_linux3_e3_1240___V8-default-javascript.json#fasta---25
warmup_results_0_8_linux3_e3_1240___V8-default-javascript.json#fasta---24,warmup_results_0_8_linux3_e3_1240___V8-default-javascript.json#fasta---8
warmup_results_0_8_linux3_e3_1240___V8-default-javascript.json#fasta---25,warmup_results_0_8_linux3_e3_1240___V8-default-javascript.json#fasta---12
warmup_results_0_8_linux3_e3_1240___V8-default-javascript.json#fasta---26,warmup_results_0_8_linux3_e3_1240___V8-default-javascript.json#fasta---19
warmup_results_0_8_linux3_e3_1240___V8-default-javascript.json#fasta---27,warmup_results_0_8_linux3_e3_1240___V8-default-javascript.json#fasta---4
warmup_results_0_8_linux3_e3_1240___V8-default-javascript.json#fasta---28,warmup_results_0_8_linux3_e3_1240___V8-default-javascript.json#fasta---12
warmup_results_0_8_linux3_e3_1240___V8-default-javascript.json#fasta---29,warmup_results_0_8_linux3_e3_1240___V8-default-javascript.json#fasta---7
warmup_results_0_8_linux3_e3_1240___V8-default-javascript.json#fasta---3,warmup_results_0_8_linux3_e3_1240___V8-default-javascript.json#fasta---7
warmup_results_0_8_linux3_e3_1240___V8-default-javascript.json#fasta---4,warmup_results_0_8_linux3_e3_1240___V8-default-javascript.json#fasta---29
warmup_results_0_8_linux3_e3_1240___V8-default-javascript.json#fasta---5,warmup_results_0_8_linux3_e3_1240___V8-default-javascript.json#fasta---1
warmup_results_0_8_linux3_e3_1240___V8-default-javascript.json#fasta---6,warmup_results_0_8_linux3_e3_1240___V8-default-javascript.json#fasta---13
warmup_results_0_8_linux3_e3_1240___V8-default-javascript.json#fasta---7,warmup_results_0_8_linux3_e3_1240___V8-default-javascript.json#fasta---6
warmup_results_0_8_linux3_e3_1240___V8-default-javascript.json#fasta---8,warmup_results_0_8_linux3_e3_1240___V8-default-javascript.json#fasta---1
warmup_results_0_8_linux3_e3_1240___V8-default-javascript.json#fasta---9,warmup_results_0_8_linux3_e3_1240___V8-default-javascript.json#fasta---5
warmup_results_0_8_linux3_e3_1240___V8-default-javascript.json#nbody---0,warmup_results_0_8_linux3_e3_1240___V8-default-javascript.json#nbody---29
warmup_results_0_8_linux3_e3_1240___V8-default-javascript.json#nbody---1,warmup_results_0_8_linux3_e3_1240___V8-default-javascript.json#nbody---28
warmup_results_0_8_linux3_e3_1240___V8-default-javascript.json#nbody---10,warmup_results_0_8_linux3_e3_1240___V8-default-javascript.json#nbody---29
warmup_results_0_8_linux3_e3_1240___V8-default-javascript.json#nbody---11,warmup_results_0_8_linux3_e3_1240___V8-default-javascript.json#nbody---19
warmup_results_0_8_linux3_e3_1240___V8-default-javascript.json#nbody---12,warmup_results_0_8_linux3_e3_1240___V8-default-javascript.json#nbody---26
warmup_results_0_8_linux3_e3_1240___V8-default-javascript.json#nbody---13,warmup_results_0_8_linux3_e3_1240___V8-default-javascript.json#nbody---2
warmup_results_0_8_linux3_e3_1240___V8-default-javascript.json#nbody---14,warmup_results_0_8_linux3_e3_1240___V8-default-javascript.json#nbody---27
warmup_results_0_8_linux3_e3_1240___V8-default-javascript.json#nbody---15,warmup_results_0_8_linux3_e3_1240___V8-default-javascript.json#nbody---5
warmup_results_0_8_linux3_e3_1240___V8-default-javascript.json#nbody---16,warmup_results_0_8_linux3_e3_1240___V8-default-javascript.json#nbody---8
warmup_results_0_8_linux3_e3_1240___V8-default-javascript.json#nbody---17,warmup_results_0_8_linux3_e3_1240___V8-default-javascript.json#nbody---0
warmup_results_0_8_linux3_e3_1240___V8-default-javascript.json#nbody---18,warmup_results_0_8_linux3_e3_1240___V8-default-javascript.json#nbody---22
warmup_results_0_8_linux3_e3_1240___V8-default-javascript.json#nbody---19,warmup_results_0_8_linux3_e3_1240___V8-default-javascript.json#nbody---23
warmup_results_0_8_linux3_e3_1240___V8-default-javascript.json#nbody---2,warmup_results_0_8_linux3_e3_1240___V8-default-javascript.json#nbody---6
warmup_results_0_8_linux3_e3_1240___V8-default-javascript.json#nbody---20,warmup_results_0_8_linux3_e3_1240___V8-default-javascript.json#nbody---19
warmup_results_0_8_linux3_e3_1240___V8-default-javascript.json#nbody---21,warmup_results_0_8_linux3_e3_1240___V8-default-javascript.json#nbody---26
warmup_results_0_8_linux3_e3_1240___V8-default-javascript.json#nbody---22,warmup_results_0_8_linux3_e3_1240___V8-default-javascript.json#nbody---2
warmup_results_0_8_linux3_e3_1240___V8-default-javascript.json#nbody---23,warmup_results_0_8_linux3_e3_1240___V8-default-javascript.json#nbody---14
warmup_results_0_8_linux3_e3_1240___V8-default-javascript.json#nbody---24,warmup_results_0_8_linux3_e3_1240___V8-default-javascript.json#nbody---1
warmup_results_0_8_linux3_e3_1240___V8-default-javascript.json#nbody---25,warmup_results_0_8_linux3_e3_1240___V8-default-javascript.json#nbody---20
warmup_results_0_8_linux3_e3_1240___V8-default-javascript.json#nbody---26,warmup_results_0_8_linux3_e3_1240___V8-default-javascript.json#nbody---27
warmup_results_0_8_linux3_e3_1240___V8-default-javascript.json#nbody---27,warmup_results_0_8_linux3_e3_1240___V8-default-javascript.json#nbody---16
warmup_results_0_8_linux3_e3_1240___V8-default-javascript.json#nbody---28,warmup_results_0_8_linux3_e3_1240___V8-default-javascript.json#nbody---5
warmup_results_0_8_linux3_e3_1240___V8-default-javascript.json#nbody---29,warmup_results_0_8_linux3_e3_1240___V8-default-javascript.json#nbody---11
warmup_results_0_8_linux3_e3_1240___V8-default-javascript.json#nbody---3,warmup_results_0_8_linux3_e3_1240___V8-default-javascript.json#nbody---10
warmup_results_0_8_linux3_e3_1240___V8-default-javascript.json#nbody---4,warmup_results_0_8_linux3_e3_1240___V8-default-javascript.json#nbody---2
warmup_results_0_8_linux3_e3_1240___V8-default-javascript.json#nbody---5,warmup_results_0_8_linux3_e3_1240___V8-default-javascript.json#nbody---24
warmup_results_0_8_linux3_e3_1240___V8-default-javascript.json#nbody---6,warmup_results_0_8_linux3_e3_1240___V8-default-javascript.json#nbody---18
warmup_results_0_8_linux3_e3_1240___V8-default-javascript.json#nbody---7,warmup_results_0_8_linux3_e3_1240___V8-default-javascript.json#nbody---9
warmup_results_0_8_linux3_e3_1240___V8-default-javascript.json#nbody---8,warmup_results_0_8_linux3_e3_1240___V8-default-javascript.json#nbody---11
warmup_results_0_8_linux3_e3_1240___V8-default-javascript.json#nbody---9,warmup_results_0_8_linux3_e3_1240___V8-default-javascript.json#nbody---19
warmup_results_0_8_linux3_e3_1240___V8-default-javascript.json#richards---0,warmup_results_0_8_linux3_e3_1240___V8-default-javascript.json#richards---17
warmup_results_0_8_linux3_e3_1240___V8-default-javascript.json#richards---1,warmup_results_0_8_linux3_e3_1240___V8-default-javascript.json#richards---27
warmup_results_0_8_linux3_e3_1240___V8-default-javascript.json#richards---10,warmup_results_0_8_linux3_e3_1240___V8-default-javascript.json#richards---1
warmup_results_0_8_linux3_e3_1240___V8-default-javascript.json#richards---11,warmup_results_0_8_linux3_e3_1240___V8-default-javascript.json#richards---23
warmup_results_0_8_linux3_e3_1240___V8-default-javascript.json#richards---12,warmup_results_0_8_linux3_e3_1240___V8-default-javascript.json#richards---24
warmup_results_0_8_linux3_e3_1240___V8-default-javascript.json#richards---13,warmup_results_0_8_linux3_e3_1240___V8-default-javascript.json#richards---9
warmup_results_0_8_linux3_e3_1240___V8-default-javascript.json#richards---14,warmup_results_0_8_linux3_e3_1240___V8-default-javascript.json#richards---25
warmup_results_0_8_linux3_e3_1240___V8-default-javascript.json#richards---15,warmup_results_0_8_linux3_e3_1240___V8-default-javascript.json#richards---23
warmup_results_0_8_linux3_e3_1240___V8-default-javascript.json#richards---16,warmup_results_0_8_linux3_e3_1240___V8-default-javascript.json#richards---19
warmup_results_0_8_linux3_e3_1240___V8-default-javascript.json#richards---17,warmup_results_0_8_linux3_e3_1240___V8-default-javascript.json#richards---20
warmup_results_0_8_linux3_e3_1240___V8-default-javascript.json#richards---18,warmup_results_0_8_linux3_e3_1240___V8-default-javascript.json#richards---9
warmup_results_0_8_linux3_e3_1240___V8-default-javascript.json#richards---19,warmup_results_0_8_linux3_e3_1240___V8-default-javascript.json#richards---10
warmup_results_0_8_linux3_e3_1240___V8-default-javascript.json#richards---2,warmup_results_0_8_linux3_e3_1240___V8-default-javascript.json#richards---12
warmup_results_0_8_linux3_e3_1240___V8-default-javascript.json#richards---20,warmup_results_0_8_linux3_e3_1240___V8-default-javascript.json#richards---14
warmup_results_0_8_linux3_e3_1240___V8-default-javascript.json#richards---21,warmup_results_0_8_linux3_e3_1240___V8-default-javascript.json#richards---7
warmup_results_0_8_linux3_e3_1240___V8-default-javascript.json#richards---22,warmup_results_0_8_linux3_e3_1240___V8-default-javascript.json#richards---25
warmup_results_0_8_linux3_e3_1240___V8-default-javascript.json#richards---23,warmup_results_0_8_linux3_e3_1240___V8-default-javascript.json#richards---9
warmup_results_0_8_linux3_e3_1240___V8-default-javascript.json#richards---24,warmup_results_0_8_linux3_e3_1240___V8-default-javascript.json#richards---13
warmup_results_0_8_linux3_e3_1240___V8-default-javascript.json#richards---25,warmup_results_0_8_linux3_e3_1240___V8-default-javascript.json#richards---18
warmup_results_0_8_linux3_e3_1240___V8-default-javascript.json#richards---26,warmup_results_0_8_linux3_e3_1240___V8-default-javascript.json#richards---5
warmup_results_0_8_linux3_e3_1240___V8-default-javascript.json#richards---27,warmup_results_0_8_linux3_e3_1240___V8-default-javascript.json#richards---6
warmup_results_0_8_linux3_e3_1240___V8-default-javascript.json#richards---28,warmup_results_0_8_linux3_e3_1240___V8-default-javascript.json#richards---20
warmup_results_0_8_linux3_e3_1240___V8-default-javascript.json#richards---29,warmup_results_0_8_linux3_e3_1240___V8-default-javascript.json#richards---6
warmup_results_0_8_linux3_e3_1240___V8-default-javascript.json#richards---3,warmup_results_0_8_linux3_e3_1240___V8-default-javascript.json#richards---5
warmup_results_0_8_linux3_e3_1240___V8-default-javascript.json#richards---4,warmup_results_0_8_linux3_e3_1240___V8-default-javascript.json#richards---22
warmup_results_0_8_linux3_e3_1240___V8-default-javascript.json#richards---5,warmup_results_0_8_linux3_e3_1240___V8-default-javascript.json#richards---12
warmup_results_0_8_linux3_e3_1240___V8-default-javascript.json#richards---6,warmup_results_0_8_linux3_e3_1240___V8-default-javascript.json#richards---9
warmup_results_0_8_linux3_e3_1240___V8-default-javascript.json#richards---7,warmup_results_0_8_linux3_e3_1240___V8-default-javascript.json#richards---28
warmup_results_0_8_linux3_e3_1240___V8-default-javascript.json#richards---8,warmup_results_0_8_linux3_e3_1240___V8-default-javascript.json#richards---9
warmup_results_0_8_linux3_e3_1240___V8-default-javascript.json#richards---9,warmup_results_0_8_linux3_e3_1240___V8-default-javascript.json#richards---29
warmup_results_0_8_linux3_e3_1240___V8-default-javascript.json#spectralnorm---0,warmup_results_0_8_linux3_e3_1240___V8-default-javascript.json#spectralnorm---23
warmup_results_0_8_linux3_e3_1240___V8-default-javascript.json#spectralnorm---1,warmup_results_0_8_linux3_e3_1240___V8-default-javascript.json#spectralnorm---21
warmup_results_0_8_linux3_e3_1240___V8-default-javascript.json#spectralnorm---10,warmup_results_0_8_linux3_e3_1240___V8-default-javascript.json#spectralnorm---22
warmup_results_0_8_linux3_e3_1240___V8-default-javascript.json#spectralnorm---11,warmup_results_0_8_linux3_e3_1240___V8-default-javascript.json#spectralnorm---25
warmup_results_0_8_linux3_e3_1240___V8-default-javascript.json#spectralnorm---12,warmup_results_0_8_linux3_e3_1240___V8-default-javascript.json#spectralnorm---14
warmup_results_0_8_linux3_e3_1240___V8-default-javascript.json#spectralnorm---13,warmup_results_0_8_linux3_e3_1240___V8-default-javascript.json#spectralnorm---29
warmup_results_0_8_linux3_e3_1240___V8-default-javascript.json#spectralnorm---14,warmup_results_0_8_linux3_e3_1240___V8-default-javascript.json#spectralnorm---2
warmup_results_0_8_linux3_e3_1240___V8-default-javascript.json#spectralnorm---15,warmup_results_0_8_linux3_e3_1240___V8-default-javascript.json#spectralnorm---1
warmup_results_0_8_linux3_e3_1240___V8-default-javascript.json#spectralnorm---16,warmup_results_0_8_linux3_e3_1240___V8-default-javascript.json#spectralnorm---12
warmup_results_0_8_linux3_e3_1240___V8-default-javascript.json#spectralnorm---17,warmup_results_0_8_linux3_e3_1240___V8-default-javascript.json#spectralnorm---12
warmup_results_0_8_linux3_e3_1240___V8-default-javascript.json#spectralnorm---18,warmup_results_0_8_linux3_e3_1240___V8-default-javascript.json#spectralnorm---4
warmup_results_0_8_linux3_e3_1240___V8-default-javascript.json#spectralnorm---19,warmup_results_0_8_linux3_e3_1240___V8-default-javascript.json#spectralnorm---1
warmup_results_0_8_linux3_e3_1240___V8-default-javascript.json#spectralnorm---2,warmup_results_0_8_linux3_e3_1240___V8-default-javascript.json#spectralnorm---9
warmup_results_0_8_linux3_e3_1240___V8-default-javascript.json#spectralnorm---20,warmup_results_0_8_linux3_e3_1240___V8-default-javascript.json#spectralnorm---11
warmup_results_0_8_linux3_e3_1240___V8-default-javascript.json#spectralnorm---21,warmup_results_0_8_linux3_e3_1240___V8-default-javascript.json#spectralnorm---18
warmup_results_0_8_linux3_e3_1240___V8-default-javascript.json#spectralnorm---22,warmup_results_0_8_linux3_e3_1240___V8-default-javascript.json#spectralnorm---28
warmup_results_0_8_linux3_e3_1240___V8-default-javascript.json#spectralnorm---23,warmup_results_0_8_linux3_e3_1240___V8-default-javascript.json#spectralnorm---25
warmup_results_0_8_linux3_e3_1240___V8-default-javascript.json#spectralnorm---24,warmup_results_0_8_linux3_e3_1240___V8-default-javascript.json#spectralnorm---25
warmup_results_0_8_linux3_e3_1240___V8-default-javascript.json#spectralnorm---25,warmup_results_0_8_linux3_e3_1240___V8-default-javascript.json#spectralnorm---11
warmup_results_0_8_linux3_e3_1240___V8-default-javascript.json#spectralnorm---26,warmup_results_0_8_linux3_e3_1240___V8-default-javascript.json#spectralnorm---28
warmup_results_0_8_linux3_e3_1240___V8-default-javascript.json#spectralnorm---27,warmup_results_0_8_linux3_e3_1240___V8-default-javascript.json#spectralnorm---7
warmup_results_0_8_linux3_e3_1240___V8-default-javascript.json#spectralnorm---28,warmup_results_0_8_linux3_e3_1240___V8-default-javascript.json#spectralnorm---17
warmup_results_0_8_linux3_e3_1240___V8-default-javascript.json#spectralnorm---29,warmup_results_0_8_linux3_e3_1240___V8-default-javascript.json#spectralnorm---2
warmup_results_0_8_linux3_e3_1240___V8-default-javascript.json#spectralnorm---3,warmup_results_0_8_linux3_e3_1240___V8-default-javascript.json#spectralnorm---6
warmup_results_0_8_linux3_e3_1240___V8-default-javascript.json#spectralnorm---4,warmup_results_0_8_linux3_e3_1240___V8-default-javascript.json#spectralnorm---8
warmup_results_0_8_linux3_e3_1240___V8-default-javascript.json#spectralnorm---5,warmup_results_0_8_linux3_e3_1240___V8-default-javascript.json#spectralnorm---15
warmup_results_0_8_linux3_e3_1240___V8-default-javascript.json#spectralnorm---6,warmup_results_0_8_linux3_e3_1240___V8-default-javascript.json#spectralnorm---16
warmup_results_0_8_linux3_e3_1240___V8-default-javascript.json#spectralnorm---7,warmup_results_0_8_linux3_e3_1240___V8-default-javascript.json#spectralnorm---27
warmup_results_0_8_linux3_e3_1240___V8-default-javascript.json#spectralnorm---8,warmup_results_0_8_linux3_e3_1240___V8-default-javascript.json#spectralnorm---19
warmup_results_0_8_linux3_e3_1240___V8-default-javascript.json#spectralnorm---9,warmup_results_0_8_linux3_e3_1240___V8-default-javascript.json#spectralnorm---23
warmup_results_0_8_openbsd1_i7_4790___C-default-c.json#binarytrees---0,warmup_results_0_8_openbsd1_i7_4790___C-default-c.json#binarytrees---12
warmup_results_0_8_openbsd1_i7_4790___C-default-c.json#binarytrees---1,warmup_results_0_8_openbsd1_i7_4790___C-default-c.json#binarytrees---12
warmup_results_0_8_openbsd1_i7_4790___C-default-c.json#binarytrees---10,warmup_results_0_8_openbsd1_i7_4790___C-default-c.json#binarytrees---12
warmup_results_0_8_openbsd1_i7_4790___C-default-c.json#binarytrees---11,warmup_results_0_8_openbsd1_i7_4790___C-default-c.json#binarytrees---14
warmup_results_0_8_openbsd1_i7_4790___C-default-c.json#binarytrees---12,warmup_results_0_8_openbsd1_i7_4790___C-default-c.json#binarytrees---10
warmup_results_0_8_openbsd1_i7_4790___C-default-c.json#binarytrees---13,warmup_results_0_8_openbsd1_i7_4790___C-default-c.json#binarytrees---2
warmup_results_0_8_openbsd1_i7_4790___C-default-c.json#binarytrees---14,warmup_results_0_8_openbsd1_i7_4790___C-default-c.json#binarytrees---0
warmup_results_0_8_openbsd1_i7_4790___C-default-c.json#binarytrees---15,warmup_results_0_8_openbsd1_i7_4790___C-default-c.json#binarytrees---17
warmup_results_0_8_openbsd1_i7_4790___C-default-c.json#binarytrees---16,warmup_results_0_8_openbsd1_i7_4790___C-default-c.json#binarytrees---24
warmup_results_0_8_openbsd1_i7_4790___C-default-c.json#binarytrees---17,warmup_results_0_8_openbsd1_i7_4790___C-default-c.json#binarytrees---13
warmup_results_0_8_openbsd1_i7_4790___C-default-c.json#binarytrees---18,warmup_results_0_8_openbsd1_i7_4790___C-default-c.json#binarytrees---24
warmup_results_0_8_openbsd1_i7_4790___C-default-c.json#binarytrees---19,warmup_results_0_8_openbsd1_i7_4790___C-default-c.json#binarytrees---4
warmup_results_0_8_openbsd1_i7_4790___C-default-c.json#binarytrees---2,warmup_results_0_8_openbsd1_i7_4790___C-default-c.json#binarytrees---5
warmup_results_0_8_openbsd1_i7_4790___C-default-c.json#binarytrees---20,warmup_results_0_8_openbsd1_i7_4790___C-default-c.json#binarytrees---1
warmup_results_0_8_openbsd1_i7_4790___C-default-c.json#binarytrees---21,warmup_results_0_8_openbsd1_i7_4790___C-default-c.json#binarytrees---2
warmup_results_0_8_openbsd1_i7_4790___C-default-c.json#binarytrees---22,warmup_results_0_8_openbsd1_i7_4790___C-default-c.json#binarytrees---10
warmup_results_0_8_openbsd1_i7_4790___C-default-c.json#binarytrees---23,warmup_results_0_8_openbsd1_i7_4790___C-default-c.json#binarytrees---0
warmup_results_0_8_openbsd1_i7_4790___C-default-c.json#binarytrees---24,warmup_results_0_8_openbsd1_i7_4790___C-default-c.json#binarytrees---19
warmup_results_0_8_openbsd1_i7_4790___C-default-c.json#binarytrees---25,warmup_results_0_8_openbsd1_i7_4790___C-default-c.json#binarytrees---3
warmup_results_0_8_openbsd1_i7_4790___C-default-c.json#binarytrees---26,warmup_results_0_8_openbsd1_i7_4790___C-default-c.json#binarytrees---29
warmup_results_0_8_openbsd1_i7_4790___C-default-c.json#binarytrees---27,warmup_results_0_8_openbsd1_i7_4790___C-default-c.json#binarytrees---8
warmup_results_0_8_openbsd1_i7_4790___C-default-c.json#binarytrees---28,warmup_results_0_8_openbsd1_i7_4790___C-default-c.json#binarytrees---15
warmup_results_0_8_openbsd1_i7_4790___C-default-c.json#binarytrees---29,warmup_results_0_8_openbsd1_i7_4790___C-default-c.json#binarytrees---15
warmup_results_0_8_openbsd1_i7_4790___C-default-c.json#binarytrees---3,warmup_results_0_8_openbsd1_i7_4790___C-default-c.json#binarytrees---18
warmup_results_0_8_openbsd1_i7_4790___C-default-c.json#binarytrees---4,warmup_results_0_8_openbsd1_i7_4790___C-default-c.json#binarytrees---0
warmup_results_0_8_openbsd1_i7_4790___C-default-c.json#binarytrees---5,warmup_results_0_8_openbsd1_i7_4790___C-default-c.json#binarytrees---12
warmup_results_0_8_openbsd1_i7_4790___C-default-c.json#binarytrees---6,warmup_results_0_8_openbsd1_i7_4790___C-default-c.json#binarytrees---16
warmup_results_0_8_openbsd1_i7_4790___C-default-c.json#binarytrees---7,warmup_results_0_8_openbsd1_i7_4790___C-default-c.json#binarytrees---25
warmup_results_0_8_openbsd1_i7_4790___C-default-c.json#binarytrees---8,warmup_results_0_8_openbsd1_i7_4790___C-default-c.json#binarytrees---20
warmup_results_0_8_openbsd1_i7_4790___C-default-c.json#binarytrees---9,warmup_results_0_8_openbsd1_i7_4790___C-default-c.json#binarytrees---21
warmup_results_0_8_openbsd1_i7_4790___C-default-c.json#fannkuch_redux---0,warmup_results_0_8_openbsd1_i7_4790___C-default-c.json#fannkuch_redux---1
warmup_results_0_8_openbsd1_i7_4790___C-default-c.json#fannkuch_redux---1,warmup_results_0_8_openbsd1_i7_4790___C-default-c.json#fannkuch_redux---23
warmup_results_0_8_openbsd1_i7_4790___C-default-c.json#fannkuch_redux---10,warmup_results_0_8_openbsd1_i7_4790___C-default-c.json#fannkuch_redux---21
warmup_results_0_8_openbsd1_i7_4790___C-default-c.json#fannkuch_redux---11,warmup_results_0_8_openbsd1_i7_4790___C-default-c.json#fannkuch_redux---27
warmup_results_0_8_openbsd1_i7_4790___C-default-c.json#fannkuch_redux---12,warmup_results_0_8_openbsd1_i7_4790___C-default-c.json#fannkuch_redux---8
warmup_results_0_8_openbsd1_i7_4790___C-default-c.json#fannkuch_redux---13,warmup_results_0_8_openbsd1_i7_4790___C-default-c.json#fannkuch_redux---0
warmup_results_0_8_openbsd1_i7_4790___C-default-c.json#fannkuch_redux---14,warmup_results_0_8_openbsd1_i7_4790___C-default-c.json#fannkuch_redux---29
warmup_results_0_8_openbsd1_i7_4790___C-default-c.json#fannkuch_redux---15,warmup_results_0_8_openbsd1_i7_4790___C-default-c.json#fannkuch_redux---25
warmup_results_0_8_openbsd1_i7_4790___C-default-c.json#fannkuch_redux---16,warmup_results_0_8_openbsd1_i7_4790___C-default-c.json#fannkuch_redux---11
warmup_results_0_8_openbsd1_i7_4790___C-default-c.json#fannkuch_redux---17,warmup_results_0_8_openbsd1_i7_4790___C-default-c.json#fannkuch_redux---3
warmup_results_0_8_openbsd1_i7_4790___C-default-c.json#fannkuch_redux---18,warmup_results_0_8_openbsd1_i7_4790___C-default-c.json#fannkuch_redux---12
warmup_results_0_8_openbsd1_i7_4790___C-default-c.json#fannkuch_redux---19,warmup_results_0_8_openbsd1_i7_4790___C-default-c.json#fannkuch_redux---25
warmup_results_0_8_openbsd1_i7_4790___C-default-c.json#fannkuch_redux---2,warmup_results_0_8_openbsd1_i7_4790___C-default-c.json#fannkuch_redux---18
warmup_results_0_8_openbsd1_i7_4790___C-default-c.json#fannkuch_redux---20,warmup_results_0_8_openbsd1_i7_4790___C-default-c.json#fannkuch_redux---14
warmup_results_0_8_openbsd1_i7_4790___C-default-c.json#fannkuch_redux---21,warmup_results_0_8_openbsd1_i7_4790___C-default-c.json#fannkuch_redux---11
warmup_results_0_8_openbsd1_i7_4790___C-default-c.json#fannkuch_redux---22,warmup_results_0_8_openbsd1_i7_4790___C-default-c.json#fannkuch_redux---24
warmup_results_0_8_openbsd1_i7_4790___C-default-c.json#fannkuch_redux---23,warmup_results_0_8_openbsd1_i7_4790___C-default-c.json#fannkuch_redux---21
warmup_results_0_8_openbsd1_i7_4790___C-default-c.json#fannkuch_redux---24,warmup_results_0_8_openbsd1_i7_4790___C-default-c.json#fannkuch_redux---26
warmup_results_0_8_openbsd1_i7_4790___C-default-c.json#fannkuch_redux---25,warmup_results_0_8_openbsd1_i7_4790___C-default-c.json#fannkuch_redux---2
warmup_results_0_8_openbsd1_i7_4790___C-default-c.json#fannkuch_redux---26,warmup_results_0_8_openbsd1_i7_4790___C-default-c.json#fannkuch_redux---27
warmup_results_0_8_openbsd1_i7_4790___C-default-c.json#fannkuch_redux---27,warmup_results_0_8_openbsd1_i7_4790___C-default-c.json#fannkuch_redux---28
warmup_results_0_8_openbsd1_i7_4790___C-default-c.json#fannkuch_redux---28,warmup_results_0_8_openbsd1_i7_4790___C-default-c.json#fannkuch_redux---18
warmup_results_0_8_openbsd1_i7_4790___C-default-c.json#fannkuch_redux---29,warmup_results_0_8_openbsd1_i7_4790___C-default-c.json#fannkuch_redux---8
warmup_results_0_8_openbsd1_i7_4790___C-default-c.json#fannkuch_redux---3,warmup_results_0_8_openbsd1_i7_4790___C-default-c.json#fannkuch_redux---7
warmup_results_0_8_openbsd1_i7_4790___C-default-c.json#fannkuch_redux---4,warmup_results_0_8_openbsd1_i7_4790___C-default-c.json#fannkuch_redux---21
warmup_results_0_8_openbsd1_i7_4790___C-default-c.json#fannkuch_redux---5,warmup_results_0_8_openbsd1_i7_4790___C-default-c.json#fannkuch_redux---10
warmup_results_0_8_openbsd1_i7_4790___C-default-c.json#fannkuch_redux---6,warmup_results_0_8_openbsd1_i7_4790___C-default-c.json#fannkuch_redux---3
warmup_results_0_8_openbsd1_i7_4790___C-default-c.json#fannkuch_redux---7,warmup_results_0_8_openbsd1_i7_4790___C-default-c.json#fannkuch_redux---25
warmup_results_0_8_openbsd1_i7_4790___C-default-c.json#fannkuch_redux---8,warmup_results_0_8_openbsd1_i7_4790___C-default-c.json#fannkuch_redux---15
warmup_results_0_8_openbsd1_i7_4790___C-default-c.json#fannkuch_redux---9,warmup_results_0_8_openbsd1_i7_4790___C-default-c.json#fannkuch_redux---16
warmup_results_0_8_openbsd1_i7_4790___C-default-c.json#fasta---0,warmup_results_0_8_openbsd1_i7_4790___C-default-c.json#fasta---14
warmup_results_0_8_openbsd1_i7_4790___C-default-c.json#fasta---1,warmup_results_0_8_openbsd1_i7_4790___C-default-c.json#fasta---6
warmup_results_0_8_openbsd1_i7_4790___C-default-c.json#fasta---10,warmup_results_0_8_openbsd1_i7_4790___C-default-c.json#fasta---6
warmup_results_0_8_openbsd1_i7_4790___C-default-c.json#fasta---11,warmup_results_0_8_openbsd1_i7_4790___C-default-c.json#fasta---4
warmup_results_0_8_openbsd1_i7_4790___C-default-c.json#fasta---12,warmup_results_0_8_openbsd1_i7_4790___C-default-c.json#fasta---2
warmup_results_0_8_openbsd1_i7_4790___C-default-c.json#fasta---13,warmup_results_0_8_openbsd1_i7_4790___C-default-c.json#fasta---11
warmup_results_0_8_openbsd1_i7_4790___C-default-c.json#fasta---14,warmup_results_0_8_openbsd1_i7_4790___C-default-c.json#fasta---2
warmup_results_0_8_openbsd1_i7_4790___C-default-c.json#fasta---15,warmup_results_0_8_openbsd1_i7_4790___C-default-c.json#fasta---17
warmup_results_0_8_openbsd1_i7_4790___C-default-c.json#fasta---16,warmup_results_0_8_openbsd1_i7_4790___C-default-c.json#fasta---19
warmup_results_0_8_openbsd1_i7_4790___C-default-c.json#fasta---17,warmup_results_0_8_openbsd1_i7_4790___C-default-c.json#fasta---12
warmup_results_0_8_openbsd1_i7_4790___C-default-c.json#fasta---18,warmup_results_0_8_openbsd1_i7_4790___C-default-c.json#fasta---23
warmup_results_0_8_openbsd1_i7_4790___C-default-c.json#fasta---19,warmup_results_0_8_openbsd1_i7_4790___C-default-c.json#fasta---29
warmup_results_0_8_openbsd1_i7_4790___C-default-c.json#fasta---2,warmup_results_0_8_openbsd1_i7_4790___C-default-c.json#fasta---1
warmup_results_0_8_openbsd1_i7_4790___C-default-c.json#fasta---20,warmup_results_0_8_openbsd1_i7_4790___C-default-c.json#fasta---19
warmup_results_0_8_openbsd1_i7_4790___C-default-c.json#fasta---21,warmup_results_0_8_openbsd1_i7_4790___C-default-c.json#fasta---2
warmup_results_0_8_openbsd1_i7_4790___C-default-c.json#fasta---22,warmup_results_0_8_openbsd1_i7_4790___C-default-c.json#fasta---3
warmup_results_0_8_openbsd1_i7_4790___C-default-c.json#fasta---23,warmup_results_0_8_openbsd1_i7_4790___C-default-c.json#fasta---21
warmup_results_0_8_openbsd1_i7_4790___C-default-c.json#fasta---24,warmup_results_0_8_openbsd1_i7_4790___C-default-c.json#fasta---16
warmup_results_0_8_openbsd1_i7_4790___C-default-c.json#fasta---25,warmup_results_0_8_openbsd1_i7_4790___C-default-c.json#fasta---21
warmup_results_0_8_openbsd1_i7_4790___C-default-c.json#fasta---26,warmup_results_0_8_openbsd1_i7_4790___C-default-c.json#fasta---25
warmup_results_0_8_openbsd1_i7_4790___C-default-c.json#fasta---27,warmup_results_0_8_openbsd1_i7_4790___C-default-c.json#fasta---21
warmup_results_0_8_openbsd1_i7_4790___C-default-c.json#fasta---28,warmup_results_0_8_openbsd1_i7_4790___C-default-c.json#fasta---26
warmup_results_0_8_openbsd1_i7_4790___C-default-c.json#fasta---29,warmup_results_0_8_openbsd1_i7_4790___C-default-c.json#fasta---16
warmup_results_0_8_openbsd1_i7_4790___C-default-c.json#fasta---3,warmup_results_0_8_openbsd1_i7_4790___C-default-c.json#fasta---25
warmup_results_0_8_openbsd1_i7_4790___C-default-c.json#fasta---4,warmup_results_0_8_openbsd1_i7_4790___C-default-c.json#fasta---6
warmup_results_0_8_openbsd1_i7_4790___C-default-c.json#fasta---5,warmup_results_0_8_openbsd1_i7_4790___C-default-c.json#fasta---1
warmup_results_0_8_openbsd1_i7_4790___C-default-c.json#fasta---6,warmup_results_0_8_openbsd1_i7_4790___C-default-c.json#fasta---20
warmup_results_0_8_openbsd1_i7_4790___C-default-c.json#fasta---7,warmup_results_0_8_openbsd1_i7_4790___C-default-c.json#fasta---25
warmup_results_0_8_openbsd1_i7_4790___C-default-c.json#fasta---8,warmup_results_0_8_openbsd1_i7_4790___C-default-c.json#fasta---13
warmup_results_0_8_openbsd1_i7_4790___C-default-c.json#fasta---9,warmup_results_0_8_openbsd1_i7_4790___C-default-c.json#fasta---0
warmup_results_0_8_openbsd1_i7_4790___C-default-c.json#nbody---0,warmup_results_0_8_openbsd1_i7_4790___C-default-c.json#nbody---4
warmup_results_0_8_openbsd1_i7_4790___C-default-c.json#nbody---1,warmup_results_0_8_openbsd1_i7_4790___C-default-c.json#nbody---12
warmup_results_0_8_openbsd1_i7_4790___C-default-c.json#nbody---10,warmup_results_0_8_openbsd1_i7_4790___C-default-c.json#nbody---1
warmup_results_0_8_openbsd1_i7_4790___C-default-c.json#nbody---11,warmup_results_0_8_openbsd1_i7_4790___C-default-c.json#nbody---19
warmup_results_0_8_openbsd1_i7_4790___C-default-c.json#nbody---12,warmup_results_0_8_openbsd1_i7_4790___C-default-c.json#nbody---21
warmup_results_0_8_openbsd1_i7_4790___C-default-c.json#nbody---13,warmup_results_0_8_openbsd1_i7_4790___C-default-c.json#nbody---16
warmup_results_0_8_openbsd1_i7_4790___C-default-c.json#nbody---14,warmup_results_0_8_openbsd1_i7_4790___C-default-c.json#nbody---6
warmup_results_0_8_openbsd1_i7_4790___C-default-c.json#nbody---15,warmup_results_0_8_openbsd1_i7_4790___C-default-c.json#nbody---18
warmup_results_0_8_openbsd1_i7_4790___C-default-c.json#nbody---16,warmup_results_0_8_openbsd1_i7_4790___C-default-c.json#nbody---15
warmup_results_0_8_openbsd1_i7_4790___C-default-c.json#nbody---17,warmup_results_0_8_openbsd1_i7_4790___C-default-c.json#nbody---0
warmup_results_0_8_openbsd1_i7_4790___C-default-c.json#nbody---18,warmup_results_0_8_openbsd1_i7_4790___C-default-c.json#nbody---20
warmup_results_0_8_openbsd1_i7_4790___C-default-c.json#nbody---19,warmup_results_0_8_openbsd1_i7_4790___C-default-c.json#nbody---14
warmup_results_0_8_openbsd1_i7_4790___C-default-c.json#nbody---2,warmup_results_0_8_openbsd1_i7_4790___C-default-c.json#nbody---4
warmup_results_0_8_openbsd1_i7_4790___C-default-c.json#nbody---20,warmup_results_0_8_openbsd1_i7_4790___C-default-c.json#nbody---8
warmup_results_0_8_openbsd1_i7_4790___C-default-c.json#nbody---21,warmup_results_0_8_openbsd1_i7_4790___C-default-c.json#nbody---28
warmup_results_0_8_openbsd1_i7_4790___C-default-c.json#nbody---22,warmup_results_0_8_openbsd1_i7_4790___C-default-c.json#nbody---28
warmup_results_0_8_openbsd1_i7_4790___C-default-c.json#nbody---23,warmup_results_0_8_openbsd1_i7_4790___C-default-c.json#nbody---8
warmup_results_0_8_openbsd1_i7_4790___C-default-c.json#nbody---24,warmup_results_0_8_openbsd1_i7_4790___C-default-c.json#nbody---5
warmup_results_0_8_openbsd1_i7_4790___C-default-c.json#nbody---25,warmup_results_0_8_openbsd1_i7_4790___C-default-c.json#nbody---1
warmup_results_0_8_openbsd1_i7_4790___C-default-c.json#nbody---26,warmup_results_0_8_openbsd1_i7_4790___C-default-c.json#nbody---10
warmup_results_0_8_openbsd1_i7_4790___C-default-c.json#nbody---27,warmup_results_0_8_openbsd1_i7_4790___C-default-c.json#nbody---8
warmup_results_0_8_openbsd1_i7_4790___C-default-c.json#nbody---28,warmup_results_0_8_openbsd1_i7_4790___C-default-c.json#nbody---6
warmup_results_0_8_openbsd1_i7_4790___C-default-c.json#nbody---29,warmup_results_0_8_openbsd1_i7_4790___C-default-c.json#nbody---10
warmup_results_0_8_openbsd1_i7_4790___C-default-c.json#nbody---3,warmup_results_0_8_openbsd1_i7_4790___C-default-c.json#nbody---0
warmup_results_0_8_openbsd1_i7_4790___C-default-c.json#nbody---4,warmup_results_0_8_openbsd1_i7_4790___C-default-c.json#nbody---16
warmup_results_0_8_openbsd1_i7_4790___C-default-c.json#nbody---5,warmup_results_0_8_openbsd1_i7_4790___C-default-c.json#nbody---23
warmup_results_0_8_openbsd1_i7_4790___C-default-c.json#nbody---6,warmup_results_0_8_openbsd1_i7_4790___C-default-c.json#nbody---21
warmup_results_0_8_openbsd1_i7_4790___C-default-c.json#nbody---7,warmup_results_0_8_openbsd1_i7_4790___C-default-c.json#nbody---6
warmup_results_0_8_openbsd1_i7_4790___C-default-c.json#nbody---8,warmup_results_0_8_openbsd1_i7_4790___C-default-c.json#nbody---24
warmup_results_0_8_openbsd1_i7_4790___C-default-c.json#nbody---9,warmup_results_0_8_openbsd1_i7_4790___C-default-c.json#nbody---23
warmup_results_0_8_openbsd1_i7_4790___C-default-c.json#richards---0,warmup_results_0_8_openbsd1_i7_4790___C-default-c.json#richards---14
warmup_results_0_8_openbsd1_i7_4790___C-default-c.json#richards---1,warmup_results_0_8_openbsd1_i7_4790___C-default-c.json#richards---18
warmup_results_0_8_openbsd1_i7_4790___C-default-c.json#richards---10,warmup_results_0_8_openbsd1_i7_4790___C-default-c.json#richards---29
warmup_results_0_8_openbsd1_i7_4790___C-default-c.json#richards---11,warmup_results_0_8_openbsd1_i7_4790___C-default-c.json#richards---12
warmup_results_0_8_openbsd1_i7_4790___C-default-c.json#richards---12,warmup_results_0_8_openbsd1_i7_4790___C-default-c.json#richards---16
warmup_results_0_8_openbsd1_i7_4790___C-default-c.json#richards---13,warmup_results_0_8_openbsd1_i7_4790___C-default-c.json#richards---21
warmup_results_0_8_openbsd1_i7_4790___C-default-c.json#richards---14,warmup_results_0_8_openbsd1_i7_4790___C-default-c.json#richards---11
warmup_results_0_8_openbsd1_i7_4790___C-default-c.json#richards---15,warmup_results_0_8_openbsd1_i7_4790___C-default-c.json#richards---0
warmup_results_0_8_openbsd1_i7_4790___C-default-c.json#richards---16,warmup_results_0_8_openbsd1_i7_4790___C-default-c.json#richards---25
warmup_results_0_8_openbsd1_i7_4790___C-default-c.json#richards---17,warmup_results_0_8_openbsd1_i7_4790___C-default-c.json#richards---10
warmup_results_0_8_openbsd1_i7_4790___C-default-c.json#richards---18,warmup_results_0_8_openbsd1_i7_4790___C-default-c.json#richards---9
warmup_results_0_8_openbsd1_i7_4790___C-default-c.json#richards---19,warmup_results_0_8_openbsd1_i7_4790___C-default-c.json#richards---1
warmup_results_0_8_openbsd1_i7_4790___C-default-c.json#richards---2,warmup_results_0_8_openbsd1_i7_4790___C-default-c.json#richards---16
warmup_results_0_8_openbsd1_i7_4790___C-default-c.json#richards---20,warmup_results_0_8_openbsd1_i7_4790___C-default-c.json#richards---9
warmup_results_0_8_openbsd1_i7_4790___C-default-c.json#richards---21,warmup_results_0_8_openbsd1_i7_4790___C-default-c.json#richards---1
warmup_results_0_8_openbsd1_i7_4790___C-default-c.json#richards---22,warmup_results_0_8_openbsd1_i7_4790___C-default-c.json#richards---7
warmup_results_0_8_openbsd1_i7_4790___C-default-c.json#richards---23,warmup_results_0_8_openbsd1_i7_4790___C-default-c.json#richards---13
warmup_results_0_8_openbsd1_i7_4790___C-default-c.json#richards---24,warmup_results_0_8_openbsd1_i7_4790___C-default-c.json#richards---29
warmup_results_0_8_openbsd1_i7_4790___C-default-c.json#richards---25,warmup_results_0_8_openbsd1_i7_4790___C-default-c.json#richards---14
warmup_results_0_8_openbsd1_i7_4790___C-default-c.json#richards---26,warmup_results_0_8_openbsd1_i7_4790___C-default-c.json#richards---25
warmup_results_0_8_openbsd1_i7_4790___C-default-c.json#richards---27,warmup_results_0_8_openbsd1_i7_4790___C-default-c.json#richards---4
warmup_results_0_8_openbsd1_i7_4790___C-default-c.json#richards---28,warmup_results_0_8_openbsd1_i7_4790___C-default-c.json#richards---4
warmup_results_0_8_openbsd1_i7_4790___C-default-c.json#richards---29,warmup_results_0_8_openbsd1_i7_4790___C-default-c.json#richards---11
warmup_results_0_8_openbsd1_i7_4790___C-default-c.json#richards---3,warmup_results_0_8_openbsd1_i7_4790___C-default-c.json#richards---26
warmup_results_0_8_openbsd1_i7_4790___C-default-c.json#richards---4,warmup_results_0_8_openbsd1_i7_4790___C-default-c.json#richards---17
warmup_results_0_8_openbsd1_i7_4790___C-default-c.json#richards---5,warmup_results_0_8_openbsd1_i7_4790___C-default-c.json#richards---9
warmup_results_0_8_openbsd1_i7_4790___C-default-c.json#richards---6,warmup_results_0_8_openbsd1_i7_4790___C-default-c.json#richards---22
warmup_results_0_8_openbsd1_i7_4790___C-default-c.json#richards---7,warmup_results_0_8_openbsd1_i7_4790___C-default-c.json#richards---28
warmup_results_0_8_openbsd1_i7_4790___C-default-c.json#richards---8,warmup_results_0_8_openbsd1_i7_4790___C-default-c.json#richards---11
warmup_results_0_8_openbsd1_i7_4790___C-default-c.json#richards---9,warmup_results_0_8_openbsd1_i7_4790___C-default-c.json#richards---20
warmup_results_0_8_openbsd1_i7_4790___C-default-c.json#spectralnorm---0,warmup_results_0_8_openbsd1_i7_4790___C-default-c.json#spectralnorm---10
warmup_results_0_8_openbsd1_i7_4790___C-default-c.json#spectralnorm---1,warmup_results_0_8_openbsd1_i7_4790___C-default-c.json#spectralnorm---14
warmup_results_0_8_openbsd1_i7_4790___C-default-c.json#spectralnorm---10,warmup_results_0_8_openbsd1_i7_4790___C-default-c.json#spectralnorm---13
warmup_results_0_8_openbsd1_i7_4790___C-default-c.json#spectralnorm---11,warmup_results_0_8_openbsd1_i7_4790___C-default-c.json#spectralnorm---29
warmup_results_0_8_openbsd1_i7_4790___C-default-c.json#spectralnorm---12,warmup_results_0_8_openbsd1_i7_4790___C-default-c.json#spectralnorm---7
warmup_results_0_8_openbsd1_i7_4790___C-default-c.json#spectralnorm---13,warmup_results_0_8_openbsd1_i7_4790___C-default-c.json#spectralnorm---26
warmup_results_0_8_openbsd1_i7_4790___C-default-c.json#spectralnorm---14,warmup_results_0_8_openbsd1_i7_4790___C-default-c.json#spectralnorm---19
warmup_results_0_8_openbsd1_i7_4790___C-default-c.json#spectralnorm---15,warmup_results_0_8_openbsd1_i7_4790___C-default-c.json#spectralnorm---29
warmup_results_0_8_openbsd1_i7_4790___C-default-c.json#spectralnorm---16,warmup_results_0_8_openbsd1_i7_4790___C-default-c.json#spectralnorm---5
warmup_results_0_8_openbsd1_i7_4790___C-default-c.json#spectralnorm---17,warmup_results_0_8_openbsd1_i7_4790___C-default-c.json#spectralnorm---0
warmup_results_0_8_openbsd1_i7_4790___C-default-c.json#spectralnorm---18,warmup_results_0_8_openbsd1_i7_4790___C-default-c.json#spectralnorm---16
warmup_results_0_8_openbsd1_i7_4790___C-default-c.json#spectralnorm---19,warmup_results_0_8_openbsd1_i7_4790___C-default-c.json#spectralnorm---8
warmup_results_0_8_openbsd1_i7_4790___C-default-c.json#spectralnorm---2,warmup_results_0_8_openbsd1_i7_4790___C-default-c.json#spectralnorm---3
warmup_results_0_8_openbsd1_i7_4790___C-default-c.json#spectralnorm---20,warmup_results_0_8_openbsd1_i7_4790___C-default-c.json#spectralnorm---28
warmup_results_0_8_openbsd1_i7_4790___C-default-c.json#spectralnorm---21,warmup_results_0_8_openbsd1_i7_4790___C-default-c.json#spectralnorm---16
warmup_results_0_8_openbsd1_i7_4790___C-default-c.json#spectralnorm---22,warmup_results_0_8_openbsd1_i7_4790___C-default-c.json#spectralnorm---14
warmup_results_0_8_openbsd1_i7_4790___C-default-c.json#spectralnorm---23,warmup_results_0_8_openbsd1_i7_4790___C-default-c.json#spectralnorm---26
warmup_results_0_8_openbsd1_i7_4790___C-default-c.json#spectralnorm---24,warmup_results_0_8_openbsd1_i7_4790___C-default-c.json#spectralnorm---21
warmup_results_0_8_openbsd1_i7_4790___C-default-c.json#spectralnorm---25,warmup_results_0_8_openbsd1_i7_4790___C-default-c.json#spectralnorm---19
warmup_results_0_8_openbsd1_i7_4790___C-default-c.json#spectralnorm---26,warmup_results_0_8_openbsd1_i7_4790___C-default-c.json#spectralnorm---1
warmup_results_0_8_openbsd1_i7_4790___C-default-c.json#spectralnorm---27,warmup_results_0_8_openbsd1_i7_4790___C-default-c.json#spectralnorm---1
warmup_results_0_8_openbsd1_i7_4790___C-default-c.json#spectralnorm---28,warmup_results_0_8_openbsd1_i7_4790___C-default-c.json#spectralnorm---18
warmup_results_0_8_openbsd1_i7_4790___C-default-c.json#spectralnorm---29,warmup_results_0_8_openbsd1_i7_4790___C-default-c.json#spectralnorm---9
warmup_results_0_8_openbsd1_i7_4790___C-default-c.json#spectralnorm---3,warmup_results_0_8_openbsd1_i7_4790___C-default-c.json#spectralnorm---29
warmup_results_0_8_openbsd1_i7_4790___C-default-c.json#spectralnorm---4,warmup_results_0_8_openbsd1_i7_4790___C-default-c.json#spectralnorm---28
warmup_results_0_8_openbsd1_i7_4790___C-default-c.json#spectralnorm---5,warmup_results_0_8_openbsd1_i7_4790___C-default-c.json#spectralnorm---8
warmup_results_0_8_openbsd1_i7_4790___C-default-c.json#spectralnorm---6,warmup_results_0_8_openbsd1_i7_4790___C-default-c.json#spectralnorm---21
warmup_results_0_8_openbsd1_i7_4790___C-default-c.json#spectralnorm---7,warmup_results_0_8_openbsd1_i7_4790___C-default-c.json#spectralnorm---8
warmup_results_0_8_openbsd1_i7_4790___C-default-c.json#spectralnorm---8,warmup_results_0_8_openbsd1_i7_4790___C-default-c.json#spectralnorm---19
warmup_results_0_8_openbsd1_i7_4790___C-default-c.json#spectralnorm---9,warmup_results_0_8_openbsd1_i7_4790___C-default-c.json#spectralnorm---3
warmup_results_0_8_openbsd1_i7_4790___Hotspot-default-java.json#binarytrees---0,warmup_results_0_8_openbsd1_i7_4790___Hotspot-default-java.json#binarytrees---11
warmup_results_0_8_openbsd1_i7_4790___Hotspot-default-java.json#binarytrees---1,warmup_results_0_8_openbsd1_i7_4790___Hotspot-default-java.json#binarytrees---25
warmup_results_0_8_openbsd1_i7_4790___Hotspot-default-java.json#binarytrees---10,warmup_results_0_8_openbsd1_i7_4790___Hotspot-default-java.json#binarytrees---20
warmup_results_0_8_openbsd1_i7_4790___Hotspot-default-java.json#binarytrees---11,warmup_results_0_8_openbsd1_i7_4790___Hotspot-default-java.json#binarytrees---24
warmup_results_0_8_openbsd1_i7_4790___Hotspot-default-java.json#binarytrees---12,warmup_results_0_8_openbsd1_i7_4790___Hotspot-default-java.json#binarytrees---21
warmup_results_0_8_openbsd1_i7_4790___Hotspot-default-java.json#binarytrees---13,warmup_results_0_8_openbsd1_i7_4790___Hotspot-default-java.json#binarytrees---7
warmup_results_0_8_openbsd1_i7_4790___Hotspot-default-java.json#binarytrees---14,warmup_results_0_8_openbsd1_i7_4790___Hotspot-default-java.json#binarytrees---25
warmup_results_0_8_openbsd1_i7_4790___Hotspot-default-java.json#binarytrees---15,warmup_results_0_8_openbsd1_i7_4790___Hotspot-default-java.json#binarytrees---22
warmup_results_0_8_openbsd1_i7_4790___Hotspot-default-java.json#binarytrees---16,warmup_results_0_8_openbsd1_i7_4790___Hotspot-default-java.json#binarytrees---21
warmup_results_0_8_openbsd1_i7_4790___Hotspot-default-java.json#binarytrees---17,warmup_results_0_8_openbsd1_i7_4790___Hotspot-default-java.json#binarytrees---18
warmup_results_0_8_openbsd1_i7_4790___Hotspot-default-java.json#binarytrees---18,warmup_results_0_8_openbsd1_i7_4790___Hotspot-default-java.json#binarytrees---21
warmup_results_0_8_openbsd1_i7_4790___Hotspot-default-java.json#binarytrees---19,warmup_results_0_8_openbsd1_i7_4790___Hotspot-default-java.json#binarytrees---24
warmup_results_0_8_openbsd1_i7_4790___Hotspot-default-java.json#binarytrees---2,warmup_results_0_8_openbsd1_i7_4790___Hotspot-default-java.json#binarytrees---20
warmup_results_0_8_openbsd1_i7_4790___Hotspot-default-java.json#binarytrees---20,warmup_results_0_8_openbsd1_i7_4790___Hotspot-default-java.json#binarytrees---28
warmup_results_0_8_openbsd1_i7_4790___Hotspot-default-java.json#binarytrees---21,warmup_results_0_8_openbsd1_i7_4790___Hotspot-default-java.json#binarytrees---14
warmup_results_0_8_openbsd1_i7_4790___Hotspot-default-java.json#binarytrees---22,warmup_results_0_8_openbsd1_i7_4790___Hotspot-default-java.json#binarytrees---18
warmup_results_0_8_openbsd1_i7_4790___Hotspot-default-java.json#binarytrees---23,warmup_results_0_8_openbsd1_i7_4790___Hotspot-default-java.json#binarytrees---24
warmup_results_0_8_openbsd1_i7_4790___Hotspot-default-java.json#binarytrees---24,warmup_results_0_8_openbsd1_i7_4790___Hotspot-default-java.json#binarytrees---7
warmup_results_0_8_openbsd1_i7_4790___Hotspot-default-java.json#binarytrees---25,warmup_results_0_8_openbsd1_i7_4790___Hotspot-default-java.json#binarytrees---7
warmup_results_0_8_openbsd1_i7_4790___Hotspot-default-java.json#binarytrees---26,warmup_results_0_8_openbsd1_i7_4790___Hotspot-default-java.json#binarytrees---28
warmup_results_0_8_openbsd1_i7_4790___Hotspot-default-java.json#binarytrees---27,warmup_results_0_8_openbsd1_i7_4790___Hotspot-default-java.json#binarytrees---0
warmup_results_0_8_openbsd1_i7_4790___Hotspot-default-java.json#binarytrees---28,warmup_results_0_8_openbsd1_i7_4790___Hotspot-default-java.json#binarytrees---20
warmup_results_0_8_openbsd1_i7_4790___Hotspot-default-java.json#binarytrees---29,warmup_results_0_8_openbsd1_i7_4790___Hotspot-default-java.json#binarytrees---17
warmup_results_0_8_openbsd1_i7_4790___Hotspot-default-java.json#binarytrees---3,warmup_results_0_8_openbsd1_i7_4790___Hotspot-default-java.json#binarytrees---18
warmup_results_0_8_openbsd1_i7_4790___Hotspot-default-java.json#binarytrees---4,warmup_results_0_8_openbsd1_i7_4790___Hotspot-default-java.json#binarytrees---26
warmup_results_0_8_openbsd1_i7_4790___Hotspot-default-java.json#binarytrees---5,warmup_results_0_8_openbsd1_i7_4790___Hotspot-default-java.json#binarytrees---14
warmup_results_0_8_openbsd1_i7_4790___Hotspot-default-java.json#binarytrees---6,warmup_results_0_8_openbsd1_i7_4790___Hotspot-default-java.json#binarytrees---24
warmup_results_0_8_openbsd1_i7_4790___Hotspot-default-java.json#binarytrees---7,warmup_results_0_8_openbsd1_i7_4790___Hotspot-default-java.json#binarytrees---14
warmup_results_0_8_openbsd1_i7_4790___Hotspot-default-java.json#binarytrees---8,warmup_results_0_8_openbsd1_i7_4790___Hotspot-default-java.json#binarytrees---6
warmup_results_0_8_openbsd1_i7_4790___Hotspot-default-java.json#binarytrees---9,warmup_results_0_8_openbsd1_i7_4790___Hotspot-default-java.json#binarytrees---29
warmup_results_0_8_openbsd1_i7_4790___Hotspot-default-java.json#fannkuch_redux---0,warmup_results_0_8_openbsd1_i7_4790___Hotspot-default-java.json#fannkuch_redux---9
warmup_results_0_8_openbsd1_i7_4790___Hotspot-default-java.json#fannkuch_redux---1,warmup_results_0_8_openbsd1_i7_4790___Hotspot-default-java.json#fannkuch_redux---6
warmup_results_0_8_openbsd1_i7_4790___Hotspot-default-java.json#fannkuch_redux---10,warmup_results_0_8_openbsd1_i7_4790___Hotspot-default-java.json#fannkuch_redux---1
warmup_results_0_8_openbsd1_i7_4790___Hotspot-default-java.json#fannkuch_redux---11,warmup_results_0_8_openbsd1_i7_4790___Hotspot-default-java.json#fannkuch_redux---25
warmup_results_0_8_openbsd1_i7_4790___Hotspot-default-java.json#fannkuch_redux---12,warmup_results_0_8_openbsd1_i7_4790___Hotspot-default-java.json#fannkuch_redux---25
warmup_results_0_8_openbsd1_i7_4790___Hotspot-default-java.json#fannkuch_redux---13,warmup_results_0_8_openbsd1_i7_4790___Hotspot-default-java.json#fannkuch_redux---24
warmup_results_0_8_openbsd1_i7_4790___Hotspot-default-java.json#fannkuch_redux---14,warmup_results_0_8_openbsd1_i7_4790___Hotspot-default-java.json#fannkuch_redux---12
warmup_results_0_8_openbsd1_i7_4790___Hotspot-default-java.json#fannkuch_redux---15,warmup_results_0_8_openbsd1_i7_4790___Hotspot-default-java.json#fannkuch_redux---25
warmup_results_0_8_openbsd1_i7_4790___Hotspot-default-java.json#fannkuch_redux---16,warmup_results_0_8_openbsd1_i7_4790___Hotspot-default-java.json#fannkuch_redux---13
warmup_results_0_8_openbsd1_i7_4790___Hotspot-default-java.json#fannkuch_redux---17,warmup_results_0_8_openbsd1_i7_4790___Hotspot-default-java.json#fannkuch_redux---26
warmup_results_0_8_openbsd1_i7_4790___Hotspot-default-java.json#fannkuch_redux---18,warmup_results_0_8_openbsd1_i7_4790___Hotspot-default-java.json#fannkuch_redux---20
warmup_results_0_8_openbsd1_i7_4790___Hotspot-default-java.json#fannkuch_redux---19,warmup_results_0_8_openbsd1_i7_4790___Hotspot-default-java.json#fannkuch_redux---5
warmup_results_0_8_openbsd1_i7_4790___Hotspot-default-java.json#fannkuch_redux---2,warmup_results_0_8_openbsd1_i7_4790___Hotspot-default-java.json#fannkuch_redux---23
warmup_results_0_8_openbsd1_i7_4790___Hotspot-default-java.json#fannkuch_redux---20,warmup_results_0_8_openbsd1_i7_4790___Hotspot-default-java.json#fannkuch_redux---17
warmup_results_0_8_openbsd1_i7_4790___Hotspot-default-java.json#fannkuch_redux---21,warmup_results_0_8_openbsd1_i7_4790___Hotspot-default-java.json#fannkuch_redux---1
warmup_results_0_8_openbsd1_i7_4790___Hotspot-default-java.json#fannkuch_redux---22,warmup_results_0_8_openbsd1_i7_4790___Hotspot-default-java.json#fannkuch_redux---23
warmup_results_0_8_openbsd1_i7_4790___Hotspot-default-java.json#fannkuch_redux---23,warmup_results_0_8_openbsd1_i7_4790___Hotspot-default-java.json#fannkuch_redux---28
warmup_results_0_8_openbsd1_i7_4790___Hotspot-default-java.json#fannkuch_redux---24,warmup_results_0_8_openbsd1_i7_4790___Hotspot-default-java.json#fannkuch_redux---0
warmup_results_0_8_openbsd1_i7_4790___Hotspot-default-java.json#fannkuch_redux---25,warmup_results_0_8_openbsd1_i7_4790___Hotspot-default-java.json#fannkuch_redux---21
warmup_results_0_8_openbsd1_i7_4790___Hotspot-default-java.json#fannkuch_redux---26,warmup_results_0_8_openbsd1_i7_4790___Hotspot-default-java.json#fannkuch_redux---5
warmup_results_0_8_openbsd1_i7_4790___Hotspot-default-java.json#fannkuch_redux---27,warmup_results_0_8_openbsd1_i7_4790___Hotspot-default-java.json#fannkuch_redux---2
warmup_results_0_8_openbsd1_i7_4790___Hotspot-default-java.json#fannkuch_redux---28,warmup_results_0_8_openbsd1_i7_4790___Hotspot-default-java.json#fannkuch_redux---4
warmup_results_0_8_openbsd1_i7_4790___Hotspot-default-java.json#fannkuch_redux---29,warmup_results_0_8_openbsd1_i7_4790___Hotspot-default-java.json#fannkuch_redux---2
warmup_results_0_8_openbsd1_i7_4790___Hotspot-default-java.json#fannkuch_redux---3,warmup_results_0_8_openbsd1_i7_4790___Hotspot-default-java.json#fannkuch_redux---4
warmup_results_0_8_openbsd1_i7_4790___Hotspot-default-java.json#fannkuch_redux---4,warmup_results_0_8_openbsd1_i7_4790___Hotspot-default-java.json#fannkuch_redux---27
warmup_results_0_8_openbsd1_i7_4790___Hotspot-default-java.json#fannkuch_redux---5,warmup_results_0_8_openbsd1_i7_4790___Hotspot-default-java.json#fannkuch_redux---12
warmup_results_0_8_openbsd1_i7_4790___Hotspot-default-java.json#fannkuch_redux---6,warmup_results_0_8_openbsd1_i7_4790___Hotspot-default-java.json#fannkuch_redux---2
warmup_results_0_8_openbsd1_i7_4790___Hotspot-default-java.json#fannkuch_redux---7,warmup_results_0_8_openbsd1_i7_4790___Hotspot-default-java.json#fannkuch_redux---17
warmup_results_0_8_openbsd1_i7_4790___Hotspot-default-java.json#fannkuch_redux---8,warmup_results_0_8_openbsd1_i7_4790___Hotspot-default-java.json#fannkuch_redux---25
warmup_results_0_8_openbsd1_i7_4790___Hotspot-default-java.json#fannkuch_redux---9,warmup_results_0_8_openbsd1_i7_4790___Hotspot-default-java.json#fannkuch_redux---27
warmup_results_0_8_openbsd1_i7_4790___Hotspot-default-java.json#fasta---0,warmup_results_0_8_openbsd1_i7_4790___Hotspot-default-java.json#fasta---9
warmup_results_0_8_openbsd1_i7_4790___Hotspot-default-java.json#fasta---1,warmup_results_0_8_openbsd1_i7_4790___Hotspot-default-java.json#fasta---20
warmup_results_0_8_openbsd1_i7_4790___Hotspot-default-java.json#fasta---10,warmup_results_0_8_openbsd1_i7_4790___Hotspot-default-java.json#fasta---24
warmup_results_0_8_openbsd1_i7_4790___Hotspot-default-java.json#fasta---11,warmup_results_0_8_openbsd1_i7_4790___Hotspot-default-java.json#fasta---7
warmup_results_0_8_openbsd1_i7_4790___Hotspot-default-java.json#fasta---12,warmup_results_0_8_openbsd1_i7_4790___Hotspot-default-java.json#fasta---15
warmup_results_0_8_openbsd1_i7_4790___Hotspot-default-java.json#fasta---13,warmup_results_0_8_openbsd1_i7_4790___Hotspot-default-java.json#fasta---25
warmup_results_0_8_openbsd1_i7_4790___Hotspot-default-java.json#fasta---14,warmup_results_0_8_openbsd1_i7_4790___Hotspot-default-java.json#fasta---21
warmup_results_0_8_openbsd1_i7_4790___Hotspot-default-java.json#fasta---15,warmup_results_0_8_openbsd1_i7_4790___Hotspot-default-java.json#fasta---16
warmup_results_0_8_openbsd1_i7_4790___Hotspot-default-java.json#fasta---16,warmup_results_0_8_openbsd1_i7_4790___Hotspot-default-java.json#fasta---4
warmup_results_0_8_openbsd1_i7_4790___Hotspot-default-java.json#fasta---17,warmup_results_0_8_openbsd1_i7_4790___Hotspot-default-java.json#fasta---22
warmup_results_0_8_openbsd1_i7_4790___Hotspot-default-java.json#fasta---18,warmup_results_0_8_openbsd1_i7_4790___Hotspot-default-java.json#fasta---8
warmup_results_0_8_openbsd1_i7_4790___Hotspot-default-java.json#fasta---19,warmup_results_0_8_openbsd1_i7_4790___Hotspot-default-java.json#fasta---29
warmup_results_0_8_openbsd1_i7_4790___Hotspot-default-java.json#fasta---2,warmup_results_0_8_openbsd1_i7_4790___Hotspot-default-java.json#fasta---3
warmup_results_0_8_openbsd1_i7_4790___Hotspot-default-java.json#fasta---20,warmup_results_0_8_openbsd1_i7_4790___Hotspot-default-java.json#fasta---18
warmup_results_0_8_openbsd1_i7_4790___Hotspot-default-java.json#fasta---21,warmup_results_0_8_openbsd1_i7_4790___Hotspot-default-java.json#fasta---29
warmup_results_0_8_openbsd1_i7_4790___Hotspot-default-java.json#fasta---22,warmup_results_0_8_openbsd1_i7_4790___Hotspot-default-java.json#fasta---0
warmup_results_0_8_openbsd1_i7_4790___Hotspot-default-java.json#fasta---23,warmup_results_0_8_openbsd1_i7_4790___Hotspot-default-java.json#fasta---20
warmup_results_0_8_openbsd1_i7_4790___Hotspot-default-java.json#fasta---24,warmup_results_0_8_openbsd1_i7_4790___Hotspot-default-java.json#fasta---25
warmup_results_0_8_openbsd1_i7_4790___Hotspot-default-java.json#fasta---25,warmup_results_0_8_openbsd1_i7_4790___Hotspot-default-java.json#fasta---22
warmup_results_0_8_openbsd1_i7_4790___Hotspot-default-java.json#fasta---26,warmup_results_0_8_openbsd1_i7_4790___Hotspot-default-java.json#fasta---29
warmup_results_0_8_openbsd1_i7_4790___Hotspot-default-java.json#fasta---27,warmup_results_0_8_openbsd1_i7_4790___Hotspot-default-java.json#fasta---24
warmup_results_0_8_openbsd1_i7_4790___Hotspot-default-java.json#fasta---28,warmup_results_0_8_openbsd1_i7_4790___Hotspot-default-java.json#fasta---27
warmup_results_0_8_openbsd1_i7_4790___Hotspot-default-java.json#fasta---29,warmup_results_0_8_openbsd1_i7_4790___Hotspot-default-java.json#fasta---9
warmup_results_0_8_openbsd1_i7_4790___Hotspot-default-java.json#fasta---3,warmup_results_0_8_openbsd1_i7_4790___Hotspot-default-java.json#fasta---18
warmup_results_0_8_openbsd1_i7_4790___Hotspot-default-java.json#fasta---4,warmup_results_0_8_openbsd1_i7_4790___Hotspot-default-java.json#fasta---19
warmup_results_0_8_openbsd1_i7_4790___Hotspot-default-java.json#fasta---5,warmup_results_0_8_openbsd1_i7_4790___Hotspot-default-java.json#fasta---8
warmup_results_0_8_openbsd1_i7_4790___Hotspot-default-java.json#fasta---6,warmup_results_0_8_openbsd1_i7_4790___Hotspot-default-java.json#fasta---2
warmup_results_0_8_openbsd1_i7_4790___Hotspot-default-java.json#fasta---7,warmup_results_0_8_openbsd1_i7_4790___Hotspot-default-java.json#fasta---26
warmup_results_0_8_openbsd1_i7_4790___Hotspot-default-java.json#fasta---8,warmup_results_0_8_openbsd1_i7_4790___Hotspot-default-java.json#fasta---25
warmup_results_0_8_openbsd1_i7_4790___Hotspot-default-java.json#fasta---9,warmup_results_0_8_openbsd1_i7_4790___Hotspot-default-java.json#fasta---15
warmup_results_0_8_openbsd1_i7_4790___Hotspot-default-java.json#nbody---0,warmup_results_0_8_openbsd1_i7_4790___Hotspot-default-java.json#nbody---29
warmup_results_0_8_openbsd1_i7_4790___Hotspot-default-java.json#nbody---1,warmup_results_0_8_openbsd1_i7_4790___Hotspot-default-java.json#nbody---14
warmup_results_0_8_openbsd1_i7_4790___Hotspot-default-java.json#nbody---10,warmup_results_0_8_openbsd1_i7_4790___Hotspot-default-java.json#nbody---29
warmup_results_0_8_openbsd1_i7_4790___Hotspot-default-java.json#nbody---11,warmup_results_0_8_openbsd1_i7_4790___Hotspot-default-java.json#nbody---28
warmup_results_0_8_openbsd1_i7_4790___Hotspot-default-java.json#nbody---12,warmup_results_0_8_openbsd1_i7_4790___Hotspot-default-java.json#nbody---28
warmup_results_0_8_openbsd1_i7_4790___Hotspot-default-java.json#nbody---13,warmup_results_0_8_openbsd1_i7_4790___Hotspot-default-java.json#nbody---26
warmup_results_0_8_openbsd1_i7_4790___Hotspot-default-java.json#nbody---14,warmup_results_0_8_openbsd1_i7_4790___Hotspot-default-java.json#nbody---7
warmup_results_0_8_openbsd1_i7_4790___Hotspot-default-java.json#nbody---15,warmup_results_0_8_openbsd1_i7_4790___Hotspot-default-java.json#nbody---0
warmup_results_0_8_openbsd1_i7_4790___Hotspot-default-java.json#nbody---16,warmup_results_0_8_openbsd1_i7_4790___Hotspot-default-java.json#nbody---13
warmup_results_0_8_openbsd1_i7_4790___Hotspot-default-java.json#nbody---17,warmup_results_0_8_openbsd1_i7_4790___Hotspot-default-java.json#nbody---8
warmup_results_0_8_openbsd1_i7_4790___Hotspot-default-java.json#nbody---18,warmup_results_0_8_openbsd1_i7_4790___Hotspot-default-java.json#nbody---15
warmup_results_0_8_openbsd1_i7_4790___Hotspot-default-java.json#nbody---19,warmup_results_0_8_openbsd1_i7_4790___Hotspot-default-java.json#nbody---14
warmup_results_0_8_openbsd1_i7_4790___Hotspot-default-java.json#nbody---2,warmup_results_0_8_openbsd1_i7_4790___Hotspot-default-java.json#nbody---3
warmup_results_0_8_openbsd1_i7_4790___Hotspot-default-java.json#nbody---20,warmup_results_0_8_openbsd1_i7_4790___Hotspot-default-java.json#nbody---27
warmup_results_0_8_openbsd1_i7_4790___Hotspot-default-java.json#nbody---21,warmup_results_0_8_openbsd1_i7_4790___Hotspot-default-java.json#nbody---22
warmup_results_0_8_openbsd1_i7_4790___Hotspot-default-java.json#nbody---22,warmup_results_0_8_openbsd1_i7_4790___Hotspot-default-java.json#nbody---18
warmup_results_0_8_openbsd1_i7_4790___Hotspot-default-java.json#nbody---23,warmup_results_0_8_openbsd1_i7_4790___Hotspot-default-java.json#nbody---6
warmup_results_0_8_openbsd1_i7_4790___Hotspot-default-java.json#nbody---24,warmup_results_0_8_openbsd1_i7_4790___Hotspot-default-java.json#nbody---6
warmup_results_0_8_openbsd1_i7_4790___Hotspot-default-java.json#nbody---25,warmup_results_0_8_openbsd1_i7_4790___Hotspot-default-java.json#nbody---14
warmup_results_0_8_openbsd1_i7_4790___Hotspot-default-java.json#nbody---26,warmup_results_0_8_openbsd1_i7_4790___Hotspot-default-java.json#nbody---10
warmup_results_0_8_openbsd1_i7_4790___Hotspot-default-java.json#nbody---27,warmup_results_0_8_openbsd1_i7_4790___Hotspot-default-java.json#nbody---23
warmup_results_0_8_openbsd1_i7_4790___Hotspot-default-java.json#nbody---28,warmup_results_0_8_openbsd1_i7_4790___Hotspot-default-java.json#nbody---0
warmup_results_0_8_openbsd1_i7_4790___Hotspot-default-java.json#nbody---29,warmup_results_0_8_openbsd1_i7_4790___Hotspot-default-java.json#nbody---0
warmup_results_0_8_openbsd1_i7_4790___Hotspot-default-java.json#nbody---3,warmup_results_0_8_openbsd1_i7_4790___Hotspot-default-java.json#nbody---13
warmup_results_0_8_openbsd1_i7_4790___Hotspot-default-java.json#nbody---4,warmup_results_0_8_openbsd1_i7_4790___Hotspot-default-java.json#nbody---7
warmup_results_0_8_openbsd1_i7_4790___Hotspot-default-java.json#nbody---5,warmup_results_0_8_openbsd1_i7_4790___Hotspot-default-java.json#nbody---9
warmup_results_0_8_openbsd1_i7_4790___Hotspot-default-java.json#nbody---6,warmup_results_0_8_openbsd1_i7_4790___Hotspot-default-java.json#nbody---5
warmup_results_0_8_openbsd1_i7_4790___Hotspot-default-java.json#nbody---7,warmup_results_0_8_openbsd1_i7_4790___Hotspot-default-java.json#nbody---11
warmup_results_0_8_openbsd1_i7_4790___Hotspot-default-java.json#nbody---8,warmup_results_0_8_openbsd1_i7_4790___Hotspot-default-java.json#nbody---23
warmup_results_0_8_openbsd1_i7_4790___Hotspot-default-java.json#nbody---9,warmup_results_0_8_openbsd1_i7_4790___Hotspot-default-java.json#nbody---8
warmup_results_0_8_openbsd1_i7_4790___Hotspot-default-java.json#richards---0,warmup_results_0_8_openbsd1_i7_4790___Hotspot-default-java.json#richards---29
warmup_results_0_8_openbsd1_i7_4790___Hotspot-default-java.json#richards---1,warmup_results_0_8_openbsd1_i7_4790___Hotspot-default-java.json#richards---15
warmup_results_0_8_openbsd1_i7_4790___Hotspot-default-java.json#richards---10,warmup_results_0_8_openbsd1_i7_4790___Hotspot-default-java.json#richards---1
warmup_results_0_8_openbsd1_i7_4790___Hotspot-default-java.json#richards---11,warmup_results_0_8_openbsd1_i7_4790___Hotspot-default-java.json#richards---15
warmup_results_0_8_openbsd1_i7_4790___Hotspot-default-java.json#richards---12,warmup_results_0_8_openbsd1_i7_4790___Hotspot-default-java.json#richards---14
warmup_results_0_8_openbsd1_i7_4790___Hotspot-default-java.json#richards---13,warmup_results_0_8_openbsd1_i7_4790___Hotspot-default-java.json#richards---25
warmup_results_0_8_openbsd1_i7_4790___Hotspot-default-java.json#richards---14,warmup_results_0_8_openbsd1_i7_4790___Hotspot-default-java.json#richards---4
warmup_results_0_8_openbsd1_i7_4790___Hotspot-default-java.json#richards---15,warmup_results_0_8_openbsd1_i7_4790___Hotspot-default-java.json#richards---25
warmup_results_0_8_openbsd1_i7_4790___Hotspot-default-java.json#richards---16,warmup_results_0_8_openbsd1_i7_4790___Hotspot-default-java.json#richards---13
warmup_results_0_8_openbsd1_i7_4790___Hotspot-default-java.json#richards---17,warmup_results_0_8_openbsd1_i7_4790___Hotspot-default-java.json#richards---8
warmup_results_0_8_openbsd1_i7_4790___Hotspot-default-java.json#richards---18,warmup_results_0_8_openbsd1_i7_4790___Hotspot-default-java.json#richards---22
warmup_results_0_8_openbsd1_i7_4790___Hotspot-default-java.json#richards---19,warmup_results_0_8_openbsd1_i7_4790___Hotspot-default-java.json#richards---27
warmup_results_0_8_openbsd1_i7_4790___Hotspot-default-java.json#richards---2,warmup_results_0_8_openbsd1_i7_4790___Hotspot-default-java.json#richards---25
warmup_results_0_8_openbsd1_i7_4790___Hotspot-default-java.json#richards---20,warmup_results_0_8_openbsd1_i7_4790___Hotspot-default-java.json#richards---21
warmup_results_0_8_openbsd1_i7_4790___Hotspot-default-java.json#richards---21,warmup_results_0_8_openbsd1_i7_4790___Hotspot-default-java.json#richards---24
warmup_results_0_8_openbsd1_i7_4790___Hotspot-default-java.json#richards---22,warmup_results_0_8_openbsd1_i7_4790___Hotspot-default-java.json#richards---3
warmup_results_0_8_openbsd1_i7_4790___Hotspot-default-java.json#richards---23,warmup_results_0_8_openbsd1_i7_4790___Hotspot-default-java.json#richards---16
warmup_results_0_8_openbsd1_i7_4790___Hotspot-default-java.json#richards---24,warmup_results_0_8_openbsd1_i7_4790___Hotspot-default-java.json#richards---26
warmup_results_0_8_openbsd1_i7_4790___Hotspot-default-java.json#richards---25,warmup_results_0_8_openbsd1_i7_4790___Hotspot-default-java.json#richards---21
warmup_results_0_8_openbsd1_i7_4790___Hotspot-default-java.json#richards---26,warmup_results_0_8_openbsd1_i7_4790___Hotspot-default-java.json#richards---3
warmup_results_0_8_openbsd1_i7_4790___Hotspot-default-java.json#richards---27,warmup_results_0_8_openbsd1_i7_4790___Hotspot-default-java.json#richards---12
warmup_results_0_8_openbsd1_i7_4790___Hotspot-default-java.json#richards---28,warmup_results_0_8_openbsd1_i7_4790___Hotspot-default-java.json#richards---10
warmup_results_0_8_openbsd1_i7_4790___Hotspot-default-java.json#richards---29,warmup_results_0_8_openbsd1_i7_4790___Hotspot-default-java.json#richards---23
warmup_results_0_8_openbsd1_i7_4790___Hotspot-default-java.json#richards---3,warmup_results_0_8_openbsd1_i7_4790___Hotspot-default-java.json#richards---14
warmup_results_0_8_openbsd1_i7_4790___Hotspot-default-java.json#richards---4,warmup_results_0_8_openbsd1_i7_4790___Hotspot-default-java.json#richards---19
warmup_results_0_8_openbsd1_i7_4790___Hotspot-default-java.json#richards---5,warmup_results_0_8_openbsd1_i7_4790___Hotspot-default-java.json#richards---24
warmup_results_0_8_openbsd1_i7_4790___Hotspot-default-java.json#richards---6,warmup_results_0_8_openbsd1_i7_4790___Hotspot-default-java.json#richards---25
warmup_results_0_8_openbsd1_i7_4790___Hotspot-default-java.json#richards---7,warmup_results_0_8_openbsd1_i7_4790___Hotspot-default-java.json#richards---20
warmup_results_0_8_openbsd1_i7_4790___Hotspot-default-java.json#richards---8,warmup_results_0_8_openbsd1_i7_4790___Hotspot-default-java.json#richards---26
warmup_results_0_8_openbsd1_i7_4790___Hotspot-default-java.json#richards---9,warmup_results_0_8_openbsd1_i7_4790___Hotspot-default-java.json#richards---2
warmup_results_0_8_openbsd1_i7_4790___Hotspot-default-java.json#spectralnorm---0,warmup_results_0_8_openbsd1_i7_4790___Hotspot-default-java.json#spectralnorm---28
warmup_results_0_8_openbsd1_i7_4790___Hotspot-default-java.json#spectralnorm---1,warmup_results_0_8_openbsd1_i7_4790___Hotspot-default-java.json#spectralnorm---26
warmup_results_0_8_openbsd1_i7_4790___Hotspot-default-java.json#spectralnorm---10,warmup_results_0_8_openbsd1_i7_4790___Hotspot-default-java.json#spectralnorm---29
warmup_results_0_8_openbsd1_i7_4790___Hotspot-default-java.json#spectralnorm---11,warmup_results_0_8_openbsd1_i7_4790___Hotspot-default-java.json#spectralnorm---16
warmup_results_0_8_openbsd1_i7_4790___Hotspot-default-java.json#spectralnorm---12,warmup_results_0_8_openbsd1_i7_4790___Hotspot-default-java.json#spectralnorm---13
warmup_results_0_8_openbsd1_i7_4790___Hotspot-default-java.json#spectralnorm---13,warmup_results_0_8_openbsd1_i7_4790___Hotspot-default-java.json#spectralnorm---21
warmup_results_0_8_openbsd1_i7_4790___Hotspot-default-java.json#spectralnorm---14,warmup_results_0_8_openbsd1_i7_4790___Hotspot-default-java.json#spectralnorm---1
warmup_results_0_8_openbsd1_i7_4790___Hotspot-default-java.json#spectralnorm---15,warmup_results_0_8_openbsd1_i7_4790___Hotspot-default-java.json#spectralnorm---8
warmup_results_0_8_openbsd1_i7_4790___Hotspot-default-java.json#spectralnorm---16,warmup_results_0_8_openbsd1_i7_4790___Hotspot-default-java.json#spectralnorm---23
warmup_results_0_8_openbsd1_i7_4790___Hotspot-default-java.json#spectralnorm---17,warmup_results_0_8_openbsd1_i7_4790___Hotspot-default-java.json#spectralnorm---6
warmup_results_0_8_openbsd1_i7_4790___Hotspot-default-java.json#spectralnorm---18,warmup_results_0_8_openbsd1_i7_4790___Hotspot-default-java.json#spectralnorm---6
warmup_results_0_8_openbsd1_i7_4790___Hotspot-default-java.json#spectralnorm---19,warmup_results_0_8_openbsd1_i7_4790___Hotspot-default-java.json#spectralnorm---15
warmup_results_0_8_openbsd1_i7_4790___Hotspot-default-java.json#spectralnorm---2,warmup_results_0_8_openbsd1_i7_4790___Hotspot-default-java.json#spectralnorm---14
warmup_results_0_8_openbsd1_i7_4790___Hotspot-default-java.json#spectralnorm---20,warmup_results_0_8_openbsd1_i7_4790___Hotspot-default-java.json#spectralnorm---25
warmup_results_0_8_openbsd1_i7_4790___Hotspot-default-java.json#spectralnorm---21,warmup_results_0_8_openbsd1_i7_4790___Hotspot-default-java.json#spectralnorm---29
warmup_results_0_8_openbsd1_i7_4790___Hotspot-default-java.json#spectralnorm---22,warmup_results_0_8_openbsd1_i7_4790___Hotspot-default-java.json#spectralnorm---0
warmup_results_0_8_openbsd1_i7_4790___Hotspot-default-java.json#spectralnorm---23,warmup_results_0_8_openbsd1_i7_4790___Hotspot-default-java.json#spectralnorm---28
warmup_results_0_8_openbsd1_i7_4790___Hotspot-default-java.json#spectralnorm---24,warmup_results_0_8_openbsd1_i7_4790___Hotspot-default-java.json#spectralnorm---26
warmup_results_0_8_openbsd1_i7_4790___Hotspot-default-java.json#spectralnorm---25,warmup_results_0_8_openbsd1_i7_4790___Hotspot-default-java.json#spectralnorm---26
warmup_results_0_8_openbsd1_i7_4790___Hotspot-default-java.json#spectralnorm---26,warmup_results_0_8_openbsd1_i7_4790___Hotspot-default-java.json#spectralnorm---18
warmup_results_0_8_openbsd1_i7_4790___Hotspot-default-java.json#spectralnorm---27,warmup_results_0_8_openbsd1_i7_4790___Hotspot-default-java.json#spectralnorm---13
warmup_results_0_8_openbsd1_i7_4790___Hotspot-default-java.json#spectralnorm---28,warmup_results_0_8_openbsd1_i7_4790___Hotspot-default-java.json#spectralnorm---0
warmup_results_0_8_openbsd1_i7_4790___Hotspot-default-java.json#spectralnorm---29,warmup_results_0_8_openbsd1_i7_4790___Hotspot-default-java.json#spectralnorm---17
warmup_results_0_8_openbsd1_i7_4790___Hotspot-default-java.json#spectralnorm---3,warmup_results_0_8_openbsd1_i7_4790___Hotspot-default-java.json#spectralnorm---17
warmup_results_0_8_openbsd1_i7_4790___Hotspot-default-java.json#spectralnorm---4,warmup_results_0_8_openbsd1_i7_4790___Hotspot-default-java.json#spectralnorm---6
warmup_results_0_8_openbsd1_i7_4790___Hotspot-default-java.json#spectralnorm---5,warmup_results_0_8_openbsd1_i7_4790___Hotspot-default-java.json#spectralnorm---28
warmup_results_0_8_openbsd1_i7_4790___Hotspot-default-java.json#spectralnorm---6,warmup_results_0_8_openbsd1_i7_4790___Hotspot-default-java.json#spectralnorm---27
warmup_results_0_8_openbsd1_i7_4790___Hotspot-default-java.json#spectralnorm---7,warmup_results_0_8_openbsd1_i7_4790___Hotspot-default-java.json#spectralnorm---1
warmup_results_0_8_openbsd1_i7_4790___Hotspot-default-java.json#spectralnorm---8,warmup_results_0_8_openbsd1_i7_4790___Hotspot-default-java.json#spectralnorm---10
warmup_results_0_8_openbsd1_i7_4790___Hotspot-default-java.json#spectralnorm---9,warmup_results_0_8_openbsd1_i7_4790___Hotspot-default-java.json#spectralnorm---23
warmup_results_0_8_openbsd1_i7_4790___LuaJIT-default-lua.json#binarytrees---0,warmup_results_0_8_openbsd1_i7_4790___LuaJIT-default-lua.json#binarytrees---26
warmup_results_0_8_openbsd1_i7_4790___LuaJIT-default-lua.json#binarytrees---1,warmup_results_0_8_openbsd1_i7_4790___LuaJIT-default-lua.json#binarytrees---24
warmup_results_0_8_openbsd1_i7_4790___LuaJIT-default-lua.json#binarytrees---10,warmup_results_0_8_openbsd1_i7_4790___LuaJIT-default-lua.json#binarytrees---5
warmup_results_0_8_openbsd1_i7_4790___LuaJIT-default-lua.json#binarytrees---11,warmup_results_0_8_openbsd1_i7_4790___LuaJIT-default-lua.json#binarytrees---7
warmup_results_0_8_openbsd1_i7_4790___LuaJIT-default-lua.json#binarytrees---12,warmup_results_0_8_openbsd1_i7_4790___LuaJIT-default-lua.json#binarytrees---10
warmup_results_0_8_openbsd1_i7_4790___LuaJIT-default-lua.json#binarytrees---13,warmup_results_0_8_openbsd1_i7_4790___LuaJIT-default-lua.json#binarytrees---4
warmup_results_0_8_openbsd1_i7_4790___LuaJIT-default-lua.json#binarytrees---14,warmup_results_0_8_openbsd1_i7_4790___LuaJIT-default-lua.json#binarytrees---4
warmup_results_0_8_openbsd1_i7_4790___LuaJIT-default-lua.json#binarytrees---15,warmup_results_0_8_openbsd1_i7_4790___LuaJIT-default-lua.json#binarytrees---21
warmup_results_0_8_openbsd1_i7_4790___LuaJIT-default-lua.json#binarytrees---16,warmup_results_0_8_openbsd1_i7_4790___LuaJIT-default-lua.json#binarytrees---8
warmup_results_0_8_openbsd1_i7_4790___LuaJIT-default-lua.json#binarytrees---17,warmup_results_0_8_openbsd1_i7_4790___LuaJIT-default-lua.json#binarytrees---26
warmup_results_0_8_openbsd1_i7_4790___LuaJIT-default-lua.json#binarytrees---18,warmup_results_0_8_openbsd1_i7_4790___LuaJIT-default-lua.json#binarytrees---3
warmup_results_0_8_openbsd1_i7_4790___LuaJIT-default-lua.json#binarytrees---19,warmup_results_0_8_openbsd1_i7_4790___LuaJIT-default-lua.json#binarytrees---1
warmup_results_0_8_openbsd1_i7_4790___LuaJIT-default-lua.json#binarytrees---2,warmup_results_0_8_openbsd1_i7_4790___LuaJIT-default-lua.json#binarytrees---0
warmup_results_0_8_openbsd1_i7_4790___LuaJIT-default-lua.json#binarytrees---20,warmup_results_0_8_openbsd1_i7_4790___LuaJIT-default-lua.json#binarytrees---2
warmup_results_0_8_openbsd1_i7_4790___LuaJIT-default-lua.json#binarytrees---21,warmup_results_0_8_openbsd1_i7_4790___LuaJIT-default-lua.json#binarytrees---27
warmup_results_0_8_openbsd1_i7_4790___LuaJIT-default-lua.json#binarytrees---22,warmup_results_0_8_openbsd1_i7_4790___LuaJIT-default-lua.json#binarytrees---20
warmup_results_0_8_openbsd1_i7_4790___LuaJIT-default-lua.json#binarytrees---23,warmup_results_0_8_openbsd1_i7_4790___LuaJIT-default-lua.json#binarytrees---21
warmup_results_0_8_openbsd1_i7_4790___LuaJIT-default-lua.json#binarytrees---24,warmup_results_0_8_openbsd1_i7_4790___LuaJIT-default-lua.json#binarytrees---13
warmup_results_0_8_openbsd1_i7_4790___LuaJIT-default-lua.json#binarytrees---25,warmup_results_0_8_openbsd1_i7_4790___LuaJIT-default-lua.json#binarytrees---24
warmup_results_0_8_openbsd1_i7_4790___LuaJIT-default-lua.json#binarytrees---26,warmup_results_0_8_openbsd1_i7_4790___LuaJIT-default-lua.json#binarytrees---14
warmup_results_0_8_openbsd1_i7_4790___LuaJIT-default-lua.json#binarytrees---27,warmup_results_0_8_openbsd1_i7_4790___LuaJIT-default-lua.json#binarytrees---18
warmup_results_0_8_openbsd1_i7_4790___LuaJIT-default-lua.json#binarytrees---28,warmup_results_0_8_openbsd1_i7_4790___LuaJIT-default-lua.json#binarytrees---23
warmup_results_0_8_openbsd1_i7_4790___LuaJIT-default-lua.json#binarytrees---29,warmup_results_0_8_openbsd1_i7_4790___LuaJIT-default-lua.json#binarytrees---20
warmup_results_0_8_openbsd1_i7_4790___LuaJIT-default-lua.json#binarytrees---3,warmup_results_0_8_openbsd1_i7_4790___LuaJIT-default-lua.json#binarytrees---14
warmup_results_0_8_openbsd1_i7_4790___LuaJIT-default-lua.json#binarytrees---4,warmup_results_0_8_openbsd1_i7_4790___LuaJIT-default-lua.json#binarytrees---29
warmup_results_0_8_openbsd1_i7_4790___LuaJIT-default-lua.json#binarytrees---5,warmup_results_0_8_openbsd1_i7_4790___LuaJIT-default-lua.json#binarytrees---25
warmup_results_0_8_openbsd1_i7_4790___LuaJIT-default-lua.json#binarytrees---6,warmup_results_0_8_openbsd1_i7_4790___LuaJIT-default-lua.json#binarytrees---9
warmup_results_0_8_openbsd1_i7_4790___LuaJIT-default-lua.json#binarytrees---7,warmup_results_0_8_openbsd1_i7_4790___LuaJIT-default-lua.json#binarytrees---27
warmup_results_0_8_openbsd1_i7_4790___LuaJIT-default-lua.json#binarytrees---8,warmup_results_0_8_openbsd1_i7_4790___LuaJIT-default-lua.json#binarytrees---13
warmup_results_0_8_openbsd1_i7_4790___LuaJIT-default-lua.json#binarytrees---9,warmup_results_0_8_openbsd1_i7_4790___LuaJIT-default-lua.json#binarytrees---7
warmup_results_0_8_openbsd1_i7_4790___LuaJIT-default-lua.json#fannkuch_redux---0,warmup_results_0_8_openbsd1_i7_4790___LuaJIT-default-lua.json#fannkuch_redux---2
warmup_results_0_8_openbsd1_i7_4790___LuaJIT-default-lua.json#fannkuch_redux---1,warmup_results_0_8_openbsd1_i7_4790___LuaJIT-default-lua.json#fannkuch_redux---20
warmup_results_0_8_openbsd1_i7_4790___LuaJIT-default-lua.json#fannkuch_redux---10,warmup_results_0_8_openbsd1_i7_4790___LuaJIT-default-lua.json#fannkuch_redux---19
warmup_results_0_8_openbsd1_i7_4790___LuaJIT-default-lua.json#fannkuch_redux---11,warmup_results_0_8_openbsd1_i7_4790___LuaJIT-default-lua.json#fannkuch_redux---1
warmup_results_0_8_openbsd1_i7_4790___LuaJIT-default-lua.json#fannkuch_redux---12,warmup_results_0_8_openbsd1_i7_4790___LuaJIT-default-lua.json#fannkuch_redux---5
warmup_results_0_8_openbsd1_i7_4790___LuaJIT-default-lua.json#fannkuch_redux---13,warmup_results_0_8_openbsd1_i7_4790___LuaJIT-default-lua.json#fannkuch_redux---12
warmup_results_0_8_openbsd1_i7_4790___LuaJIT-default-lua.json#fannkuch_redux---14,warmup_results_0_8_openbsd1_i7_4790___LuaJIT-default-lua.json#fannkuch_redux---3
warmup_results_0_8_openbsd1_i7_4790___LuaJIT-default-lua.json#fannkuch_redux---15,warmup_results_0_8_openbsd1_i7_4790___LuaJIT-default-lua.json#fannkuch_redux---26
warmup_results_0_8_openbsd1_i7_4790___LuaJIT-default-lua.json#fannkuch_redux---16,warmup_results_0_8_openbsd1_i7_4790___LuaJIT-default-lua.json#fannkuch_redux---5
warmup_results_0_8_openbsd1_i7_4790___LuaJIT-default-lua.json#fannkuch_redux---17,warmup_results_0_8_openbsd1_i7_4790___LuaJIT-default-lua.json#fannkuch_redux---29
warmup_results_0_8_openbsd1_i7_4790___LuaJIT-default-lua.json#fannkuch_redux---18,warmup_results_0_8_openbsd1_i7_4790___LuaJIT-default-lua.json#fannkuch_redux---12
warmup_results_0_8_openbsd1_i7_4790___LuaJIT-default-lua.json#fannkuch_redux---19,warmup_results_0_8_openbsd1_i7_4790___LuaJIT-default-lua.json#fannkuch_redux---12
warmup_results_0_8_openbsd1_i7_4790___LuaJIT-default-lua.json#fannkuch_redux---2,warmup_results_0_8_openbsd1_i7_4790___LuaJIT-default-lua.json#fannkuch_redux---18
warmup_results_0_8_openbsd1_i7_4790___LuaJIT-default-lua.json#fannkuch_redux---20,warmup_results_0_8_openbsd1_i7_4790___LuaJIT-default-lua.json#fannkuch_redux---4
warmup_results_0_8_openbsd1_i7_4790___LuaJIT-default-lua.json#fannkuch_redux---21,warmup_results_0_8_openbsd1_i7_4790___LuaJIT-default-lua.json#fannkuch_redux---7
warmup_results_0_8_openbsd1_i7_4790___LuaJIT-default-lua.json#fannkuch_redux---22,warmup_results_0_8_openbsd1_i7_4790___LuaJIT-default-lua.json#fannkuch_redux---1
warmup_results_0_8_openbsd1_i7_4790___LuaJIT-default-lua.json#fannkuch_redux---23,warmup_results_0_8_openbsd1_i7_4790___LuaJIT-default-lua.json#fannkuch_redux---15
warmup_results_0_8_openbsd1_i7_4790___LuaJIT-default-lua.json#fannkuch_redux---24,warmup_results_0_8_openbsd1_i7_4790___LuaJIT-default-lua.json#fannkuch_redux---21
warmup_results_0_8_openbsd1_i7_4790___LuaJIT-default-lua.json#fannkuch_redux---25,warmup_results_0_8_openbsd1_i7_4790___LuaJIT-default-lua.json#fannkuch_redux---1
warmup_results_0_8_openbsd1_i7_4790___LuaJIT-default-lua.json#fannkuch_redux---26,warmup_results_0_8_openbsd1_i7_4790___LuaJIT-default-lua.json#fannkuch_redux---22
warmup_results_0_8_openbsd1_i7_4790___LuaJIT-default-lua.json#fannkuch_redux---27,warmup_results_0_8_openbsd1_i7_4790___LuaJIT-default-lua.json#fannkuch_redux---11
warmup_results_0_8_openbsd1_i7_4790___LuaJIT-default-lua.json#fannkuch_redux---28,warmup_results_0_8_openbsd1_i7_4790___LuaJIT-default-lua.json#fannkuch_redux---22
warmup_results_0_8_openbsd1_i7_4790___LuaJIT-default-lua.json#fannkuch_redux---29,warmup_results_0_8_openbsd1_i7_4790___LuaJIT-default-lua.json#fannkuch_redux---5
warmup_results_0_8_openbsd1_i7_4790___LuaJIT-default-lua.json#fannkuch_redux---3,warmup_results_0_8_openbsd1_i7_4790___LuaJIT-default-lua.json#fannkuch_redux---8
warmup_results_0_8_openbsd1_i7_4790___LuaJIT-default-lua.json#fannkuch_redux---4,warmup_results_0_8_openbsd1_i7_4790___LuaJIT-default-lua.json#fannkuch_redux---6
warmup_results_0_8_openbsd1_i7_4790___LuaJIT-default-lua.json#fannkuch_redux---5,warmup_results_0_8_openbsd1_i7_4790___LuaJIT-default-lua.json#fannkuch_redux---15
warmup_results_0_8_openbsd1_i7_4790___LuaJIT-default-lua.json#fannkuch_redux---6,warmup_results_0_8_openbsd1_i7_4790___LuaJIT-default-lua.json#fannkuch_redux---15
warmup_results_0_8_openbsd1_i7_4790___LuaJIT-default-lua.json#fannkuch_redux---7,warmup_results_0_8_openbsd1_i7_4790___LuaJIT-default-lua.json#fannkuch_redux---10
warmup_results_0_8_openbsd1_i7_4790___LuaJIT-default-lua.json#fannkuch_redux---8,warmup_results_0_8_openbsd1_i7_4790___LuaJIT-default-lua.json#fannkuch_redux---12
warmup_results_0_8_openbsd1_i7_4790___LuaJIT-default-lua.json#fannkuch_redux---9,warmup_results_0_8_openbsd1_i7_4790___LuaJIT-default-lua.json#fannkuch_redux---19
warmup_results_0_8_openbsd1_i7_4790___LuaJIT-default-lua.json#fasta---0,warmup_results_0_8_openbsd1_i7_4790___LuaJIT-default-lua.json#fasta---7
warmup_results_0_8_openbsd1_i7_4790___LuaJIT-default-lua.json#fasta---1,warmup_results_0_8_openbsd1_i7_4790___LuaJIT-default-lua.json#fasta---16
warmup_results_0_8_openbsd1_i7_4790___LuaJIT-default-lua.json#fasta---10,warmup_results_0_8_openbsd1_i7_4790___LuaJIT-default-lua.json#fasta---14
warmup_results_0_8_openbsd1_i7_4790___LuaJIT-default-lua.json#fasta---11,warmup_results_0_8_openbsd1_i7_4790___LuaJIT-default-lua.json#fasta---24
warmup_results_0_8_openbsd1_i7_4790___LuaJIT-default-lua.json#fasta---12,warmup_results_0_8_openbsd1_i7_4790___LuaJIT-default-lua.json#fasta---24
warmup_results_0_8_openbsd1_i7_4790___LuaJIT-default-lua.json#fasta---13,warmup_results_0_8_openbsd1_i7_4790___LuaJIT-default-lua.json#fasta---21
warmup_results_0_8_openbsd1_i7_4790___LuaJIT-default-lua.json#fasta---14,warmup_results_0_8_openbsd1_i7_4790___LuaJIT-default-lua.json#fasta---5
warmup_results_0_8_openbsd1_i7_4790___LuaJIT-default-lua.json#fasta---15,warmup_results_0_8_openbsd1_i7_4790___LuaJIT-default-lua.json#fasta---12
warmup_results_0_8_openbsd1_i7_4790___LuaJIT-default-lua.json#fasta---16,warmup_results_0_8_openbsd1_i7_4790___LuaJIT-default-lua.json#fasta---7
warmup_results_0_8_openbsd1_i7_4790___LuaJIT-default-lua.json#fasta---17,warmup_results_0_8_openbsd1_i7_4790___LuaJIT-default-lua.json#fasta---20
warmup_results_0_8_openbsd1_i7_4790___LuaJIT-default-lua.json#fasta---18,warmup_results_0_8_openbsd1_i7_4790___LuaJIT-default-lua.json#fasta---16
warmup_results_0_8_openbsd1_i7_4790___LuaJIT-default-lua.json#fasta---19,warmup_results_0_8_openbsd1_i7_4790___LuaJIT-default-lua.json#fasta---24
warmup_results_0_8_openbsd1_i7_4790___LuaJIT-default-lua.json#fasta---2,warmup_results_0_8_openbsd1_i7_4790___LuaJIT-default-lua.json#fasta---16
warmup_results_0_8_openbsd1_i7_4790___LuaJIT-default-lua.json#fasta---20,warmup_results_0_8_openbsd1_i7_4790___LuaJIT-default-lua.json#fasta---21
warmup_results_0_8_openbsd1_i7_4790___LuaJIT-default-lua.json#fasta---21,warmup_results_0_8_openbsd1_i7_4790___LuaJIT-default-lua.json#fasta---29
warmup_results_0_8_openbsd1_i7_4790___LuaJIT-default-lua.json#fasta---22,warmup_results_0_8_openbsd1_i7_4790___LuaJIT-default-lua.json#fasta---4
warmup_results_0_8_openbsd1_i7_4790___LuaJIT-default-lua.json#fasta---23,warmup_results_0_8_openbsd1_i7_4790___LuaJIT-default-lua.json#fasta---4
warmup_results_0_8_openbsd1_i7_4790___LuaJIT-default-lua.json#fasta---24,warmup_results_0_8_openbsd1_i7_4790___LuaJIT-default-lua.json#fasta---7
warmup_results_0_8_openbsd1_i7_4790___LuaJIT-default-lua.json#fasta---25,warmup_results_0_8_openbsd1_i7_4790___LuaJIT-default-lua.json#fasta---29
warmup_results_0_8_openbsd1_i7_4790___LuaJIT-default-lua.json#fasta---26,warmup_results_0_8_openbsd1_i7_4790___LuaJIT-default-lua.json#fasta---28
warmup_results_0_8_openbsd1_i7_4790___LuaJIT-default-lua.json#fasta---27,warmup_results_0_8_openbsd1_i7_4790___LuaJIT-default-lua.json#fasta---13
warmup_results_0_8_openbsd1_i7_4790___LuaJIT-default-lua.json#fasta---28,warmup_results_0_8_openbsd1_i7_4790___LuaJIT-default-lua.json#fasta---12
warmup_results_0_8_openbsd1_i7_4790___LuaJIT-default-lua.json#fasta---29,warmup_results_0_8_openbsd1_i7_4790___LuaJIT-default-lua.json#fasta---9
warmup_results_0_8_openbsd1_i7_4790___LuaJIT-default-lua.json#fasta---3,warmup_results_0_8_openbsd1_i7_4790___LuaJIT-default-lua.json#fasta---7
warmup_results_0_8_openbsd1_i7_4790___LuaJIT-default-lua.json#fasta---4,warmup_results_0_8_openbsd1_i7_4790___LuaJIT-default-lua.json#fasta---7
warmup_results_0_8_openbsd1_i7_4790___LuaJIT-default-lua.json#fasta---5,warmup_results_0_8_openbsd1_i7_4790___LuaJIT-default-lua.json#fasta---7
warmup_results_0_8_openbsd1_i7_4790___LuaJIT-default-lua.json#fasta---6,warmup_results_0_8_openbsd1_i7_4790___LuaJIT-default-lua.json#fasta---7
warmup_results_0_8_openbsd1_i7_4790___LuaJIT-default-lua.json#fasta---7,warmup_results_0_8_openbsd1_i7_4790___LuaJIT-default-lua.json#fasta---26
warmup_results_0_8_openbsd1_i7_4790___LuaJIT-default-lua.json#fasta---8,warmup_results_0_8_openbsd1_i7_4790___LuaJIT-default-lua.json#fasta---12
warmup_results_0_8_openbsd1_i7_4790___LuaJIT-default-lua.json#fasta---9,warmup_results_0_8_openbsd1_i7_4790___LuaJIT-default-lua.json#fasta---4
warmup_results_0_8_openbsd1_i7_4790___LuaJIT-default-lua.json#nbody---0,warmup_results_0_8_openbsd1_i7_4790___LuaJIT-default-lua.json#nbody---13
warmup_results_0_8_openbsd1_i7_4790___LuaJIT-default-lua.json#nbody---1,warmup_results_0_8_openbsd1_i7_4790___LuaJIT-default-lua.json#nbody---23
warmup_results_0_8_openbsd1_i7_4790___LuaJIT-default-lua.json#nbody---10,warmup_results_0_8_openbsd1_i7_4790___LuaJIT-default-lua.json#nbody---16
warmup_results_0_8_openbsd1_i7_4790___LuaJIT-default-lua.json#nbody---11,warmup_results_0_8_openbsd1_i7_4790___LuaJIT-default-lua.json#nbody---26
warmup_results_0_8_openbsd1_i7_4790___LuaJIT-default-lua.json#nbody---12,warmup_results_0_8_openbsd1_i7_4790___LuaJIT-default-lua.json#nbody---21
warmup_results_0_8_openbsd1_i7_4790___LuaJIT-default-lua.json#nbody---13,warmup_results_0_8_openbsd1_i7_4790___LuaJIT-default-lua.json#nbody---17
warmup_results_0_8_openbsd1_i7_4790___LuaJIT-default-lua.json#nbody---14,warmup_results_0_8_openbsd1_i7_4790___LuaJIT-default-lua.json#nbody---15
warmup_results_0_8_openbsd1_i7_4790___LuaJIT-default-lua.json#nbody---15,warmup_results_0_8_openbsd1_i7_4790___LuaJIT-default-lua.json#nbody---6
warmup_results_0_8_openbsd1_i7_4790___LuaJIT-default-lua.json#nbody---16,warmup_results_0_8_openbsd1_i7_4790___LuaJIT-default-lua.json#nbody---18
warmup_results_0_8_openbsd1_i7_4790___LuaJIT-default-lua.json#nbody---17,warmup_results_0_8_openbsd1_i7_4790___LuaJIT-default-lua.json#nbody---22
warmup_results_0_8_openbsd1_i7_4790___LuaJIT-default-lua.json#nbody---18,warmup_results_0_8_openbsd1_i7_4790___LuaJIT-default-lua.json#nbody---21
warmup_results_0_8_openbsd1_i7_4790___LuaJIT-default-lua.json#nbody---19,warmup_results_0_8_openbsd1_i7_4790___LuaJIT-default-lua.json#nbody---24
warmup_results_0_8_openbsd1_i7_4790___LuaJIT-default-lua.json#nbody---2,warmup_results_0_8_openbsd1_i7_4790___LuaJIT-default-lua.json#nbody---11
warmup_results_0_8_openbsd1_i7_4790___LuaJIT-default-lua.json#nbody---20,warmup_results_0_8_openbsd1_i7_4790___LuaJIT-default-lua.json#nbody---10
warmup_results_0_8_openbsd1_i7_4790___LuaJIT-default-lua.json#nbody---21,warmup_results_0_8_openbsd1_i7_4790___LuaJIT-default-lua.json#nbody---7
warmup_results_0_8_openbsd1_i7_4790___LuaJIT-default-lua.json#nbody---22,warmup_results_0_8_openbsd1_i7_4790___LuaJIT-default-lua.json#nbody---21
warmup_results_0_8_openbsd1_i7_4790___LuaJIT-default-lua.json#nbody---23,warmup_results_0_8_openbsd1_i7_4790___LuaJIT-default-lua.json#nbody---29
warmup_results_0_8_openbsd1_i7_4790___LuaJIT-default-lua.json#nbody---24,warmup_results_0_8_openbsd1_i7_4790___LuaJIT-default-lua.json#nbody---0
warmup_results_0_8_openbsd1_i7_4790___LuaJIT-default-lua.json#nbody---25,warmup_results_0_8_openbsd1_i7_4790___LuaJIT-default-lua.json#nbody---2
warmup_results_0_8_openbsd1_i7_4790___LuaJIT-default-lua.json#nbody---26,warmup_results_0_8_openbsd1_i7_4790___LuaJIT-default-lua.json#nbody---24
warmup_results_0_8_openbsd1_i7_4790___LuaJIT-default-lua.json#nbody---27,warmup_results_0_8_openbsd1_i7_4790___LuaJIT-default-lua.json#nbody---21
warmup_results_0_8_openbsd1_i7_4790___LuaJIT-default-lua.json#nbody---28,warmup_results_0_8_openbsd1_i7_4790___LuaJIT-default-lua.json#nbody---15
warmup_results_0_8_openbsd1_i7_4790___LuaJIT-default-lua.json#nbody---29,warmup_results_0_8_openbsd1_i7_4790___LuaJIT-default-lua.json#nbody---18
warmup_results_0_8_openbsd1_i7_4790___LuaJIT-default-lua.json#nbody---3,warmup_results_0_8_openbsd1_i7_4790___LuaJIT-default-lua.json#nbody---17
warmup_results_0_8_openbsd1_i7_4790___LuaJIT-default-lua.json#nbody---4,warmup_results_0_8_openbsd1_i7_4790___LuaJIT-default-lua.json#nbody---18
warmup_results_0_8_openbsd1_i7_4790___LuaJIT-default-lua.json#nbody---5,warmup_results_0_8_openbsd1_i7_4790___LuaJIT-default-lua.json#nbody---12
warmup_results_0_8_openbsd1_i7_4790___LuaJIT-default-lua.json#nbody---6,warmup_results_0_8_openbsd1_i7_4790___LuaJIT-default-lua.json#nbody---24
warmup_results_0_8_openbsd1_i7_4790___LuaJIT-default-lua.json#nbody---7,warmup_results_0_8_openbsd1_i7_4790___LuaJIT-default-lua.json#nbody---17
warmup_results_0_8_openbsd1_i7_4790___LuaJIT-default-lua.json#nbody---8,warmup_results_0_8_openbsd1_i7_4790___LuaJIT-default-lua.json#nbody---19
warmup_results_0_8_openbsd1_i7_4790___LuaJIT-default-lua.json#nbody---9,warmup_results_0_8_openbsd1_i7_4790___LuaJIT-default-lua.json#nbody---11
warmup_results_0_8_openbsd1_i7_4790___LuaJIT-default-lua.json#richards---0,warmup_results_0_8_openbsd1_i7_4790___LuaJIT-default-lua.json#richards---11
warmup_results_0_8_openbsd1_i7_4790___LuaJIT-default-lua.json#richards---1,warmup_results_0_8_openbsd1_i7_4790___LuaJIT-default-lua.json#richards---4
warmup_results_0_8_openbsd1_i7_4790___LuaJIT-default-lua.json#richards---10,warmup_results_0_8_openbsd1_i7_4790___LuaJIT-default-lua.json#richards---16
warmup_results_0_8_openbsd1_i7_4790___LuaJIT-default-lua.json#richards---11,warmup_results_0_8_openbsd1_i7_4790___LuaJIT-default-lua.json#richards---6
warmup_results_0_8_openbsd1_i7_4790___LuaJIT-default-lua.json#richards---12,warmup_results_0_8_openbsd1_i7_4790___LuaJIT-default-lua.json#richards---21
warmup_results_0_8_openbsd1_i7_4790___LuaJIT-default-lua.json#richards---13,warmup_results_0_8_openbsd1_i7_4790___LuaJIT-default-lua.json#richards---27
warmup_results_0_8_openbsd1_i7_4790___LuaJIT-default-lua.json#richards---14,warmup_results_0_8_openbsd1_i7_4790___LuaJIT-default-lua.json#richards---10
warmup_results_0_8_openbsd1_i7_4790___LuaJIT-default-lua.json#richards---15,warmup_results_0_8_openbsd1_i7_4790___LuaJIT-default-lua.json#richards---22
warmup_results_0_8_openbsd1_i7_4790___LuaJIT-default-lua.json#richards---16,warmup_results_0_8_openbsd1_i7_4790___LuaJIT-default-lua.json#richards---28
warmup_results_0_8_openbsd1_i7_4790___LuaJIT-default-lua.json#richards---17,warmup_results_0_8_openbsd1_i7_4790___LuaJIT-default-lua.json#richards---10
warmup_results_0_8_openbsd1_i7_4790___LuaJIT-default-lua.json#richards---18,warmup_results_0_8_openbsd1_i7_4790___LuaJIT-default-lua.json#richards---0
warmup_results_0_8_openbsd1_i7_4790___LuaJIT-default-lua.json#richards---19,warmup_results_0_8_openbsd1_i7_4790___LuaJIT-default-lua.json#richards---23
warmup_results_0_8_openbsd1_i7_4790___LuaJIT-default-lua.json#richards---2,warmup_results_0_8_openbsd1_i7_4790___LuaJIT-default-lua.json#richards---4
warmup_results_0_8_openbsd1_i7_4790___LuaJIT-default-lua.json#richards---20,warmup_results_0_8_openbsd1_i7_4790___LuaJIT-default-lua.json#richards---7
warmup_results_0_8_openbsd1_i7_4790___LuaJIT-default-lua.json#richards---21,warmup_results_0_8_openbsd1_i7_4790___LuaJIT-default-lua.json#richards---26
warmup_results_0_8_openbsd1_i7_4790___LuaJIT-default-lua.json#richards---22,warmup_results_0_8_openbsd1_i7_4790___LuaJIT-default-lua.json#richards---16
warmup_results_0_8_openbsd1_i7_4790___LuaJIT-default-lua.json#richards---23,warmup_results_0_8_openbsd1_i7_4790___LuaJIT-default-lua.json#richards---0
warmup_results_0_8_openbsd1_i7_4790___LuaJIT-default-lua.json#richards---24,warmup_results_0_8_openbsd1_i7_4790___LuaJIT-default-lua.json#richards---11
warmup_results_0_8_openbsd1_i7_4790___LuaJIT-default-lua.json#richards---25,warmup_results_0_8_openbsd1_i7_4790___LuaJIT-default-lua.json#richards---14
warmup_results_0_8_openbsd1_i7_4790___LuaJIT-default-lua.json#richards---26,warmup_results_0_8_openbsd1_i7_4790___LuaJIT-default-lua.json#richards---23
warmup_results_0_8_openbsd1_i7_4790___LuaJIT-default-lua.json#richards---27,warmup_results_0_8_openbsd1_i7_4790___LuaJIT-default-lua.json#richards---9
warmup_results_0_8_openbsd1_i7_4790___LuaJIT-default-lua.json#richards---28,warmup_results_0_8_openbsd1_i7_4790___LuaJIT-default-lua.json#richards---6
warmup_results_0_8_openbsd1_i7_4790___LuaJIT-default-lua.json#richards---29,warmup_results_0_8_openbsd1_i7_4790___LuaJIT-default-lua.json#richards---9
warmup_results_0_8_openbsd1_i7_4790___LuaJIT-default-lua.json#richards---3,warmup_results_0_8_openbsd1_i7_4790___LuaJIT-default-lua.json#richards---1
warmup_results_0_8_openbsd1_i7_4790___LuaJIT-default-lua.json#richards---4,warmup_results_0_8_openbsd1_i7_4790___LuaJIT-default-lua.json#richards---29
warmup_results_0_8_openbsd1_i7_4790___LuaJIT-default-lua.json#richards---5,warmup_results_0_8_openbsd1_i7_4790___LuaJIT-default-lua.json#richards---18
warmup_results_0_8_openbsd1_i7_4790___LuaJIT-default-lua.json#richards---6,warmup_results_0_8_openbsd1_i7_4790___LuaJIT-default-lua.json#richards---26
warmup_results_0_8_openbsd1_i7_4790___LuaJIT-default-lua.json#richards---7,warmup_results_0_8_openbsd1_i7_4790___LuaJIT-default-lua.json#richards---29
warmup_results_0_8_openbsd1_i7_4790___LuaJIT-default-lua.json#richards---8,warmup_results_0_8_openbsd1_i7_4790___LuaJIT-default-lua.json#richards---26
warmup_results_0_8_openbsd1_i7_4790___LuaJIT-default-lua.json#richards---9,warmup_results_0_8_openbsd1_i7_4790___LuaJIT-default-lua.json#richards---22
warmup_results_0_8_openbsd1_i7_4790___LuaJIT-default-lua.json#spectralnorm---0,warmup_results_0_8_openbsd1_i7_4790___LuaJIT-default-lua.json#spectralnorm---29
warmup_results_0_8_openbsd1_i7_4790___LuaJIT-default-lua.json#spectralnorm---1,warmup_results_0_8_openbsd1_i7_4790___LuaJIT-default-lua.json#spectralnorm---29
warmup_results_0_8_openbsd1_i7_4790___LuaJIT-default-lua.json#spectralnorm---10,warmup_results_0_8_openbsd1_i7_4790___LuaJIT-default-lua.json#spectralnorm---7
warmup_results_0_8_openbsd1_i7_4790___LuaJIT-default-lua.json#spectralnorm---11,warmup_results_0_8_openbsd1_i7_4790___LuaJIT-default-lua.json#spectralnorm---15
warmup_results_0_8_openbsd1_i7_4790___LuaJIT-default-lua.json#spectralnorm---12,warmup_results_0_8_openbsd1_i7_4790___LuaJIT-default-lua.json#spectralnorm---7
warmup_results_0_8_openbsd1_i7_4790___LuaJIT-default-lua.json#spectralnorm---13,warmup_results_0_8_openbsd1_i7_4790___LuaJIT-default-lua.json#spectralnorm---4
warmup_results_0_8_openbsd1_i7_4790___LuaJIT-default-lua.json#spectralnorm---14,warmup_results_0_8_openbsd1_i7_4790___LuaJIT-default-lua.json#spectralnorm---25
warmup_results_0_8_openbsd1_i7_4790___LuaJIT-default-lua.json#spectralnorm---15,warmup_results_0_8_openbsd1_i7_4790___LuaJIT-default-lua.json#spectralnorm---18
warmup_results_0_8_openbsd1_i7_4790___LuaJIT-default-lua.json#spectralnorm---16,warmup_results_0_8_openbsd1_i7_4790___LuaJIT-default-lua.json#spectralnorm---5
warmup_results_0_8_openbsd1_i7_4790___LuaJIT-default-lua.json#spectralnorm---17,warmup_results_0_8_openbsd1_i7_4790___LuaJIT-default-lua.json#spectralnorm---8
warmup_results_0_8_openbsd1_i7_4790___LuaJIT-default-lua.json#spectralnorm---18,warmup_results_0_8_openbsd1_i7_4790___LuaJIT-default-lua.json#spectralnorm---29
warmup_results_0_8_openbsd1_i7_4790___LuaJIT-default-lua.json#spectralnorm---19,warmup_results_0_8_openbsd1_i7_4790___LuaJIT-default-lua.json#spectralnorm---25
warmup_results_0_8_openbsd1_i7_4790___LuaJIT-default-lua.json#spectralnorm---2,warmup_results_0_8_openbsd1_i7_4790___LuaJIT-default-lua.json#spectralnorm---8
warmup_results_0_8_openbsd1_i7_4790___LuaJIT-default-lua.json#spectralnorm---20,warmup_results_0_8_openbsd1_i7_4790___LuaJIT-default-lua.json#spectralnorm---7
warmup_results_0_8_openbsd1_i7_4790___LuaJIT-default-lua.json#spectralnorm---21,warmup_results_0_8_openbsd1_i7_4790___LuaJIT-default-lua.json#spectralnorm---25
warmup_results_0_8_openbsd1_i7_4790___LuaJIT-default-lua.json#spectralnorm---22,warmup_results_0_8_openbsd1_i7_4790___LuaJIT-default-lua.json#spectralnorm---20
warmup_results_0_8_openbsd1_i7_4790___LuaJIT-default-lua.json#spectralnorm---23,warmup_results_0_8_openbsd1_i7_4790___LuaJIT-default-lua.json#spectralnorm---25
warmup_results_0_8_openbsd1_i7_4790___LuaJIT-default-lua.json#spectralnorm---24,warmup_results_0_8_openbsd1_i7_4790___LuaJIT-default-lua.json#spectralnorm---13
warmup_results_0_8_openbsd1_i7_4790___LuaJIT-default-lua.json#spectralnorm---25,warmup_results_0_8_openbsd1_i7_4790___LuaJIT-default-lua.json#spectralnorm---23
warmup_results_0_8_openbsd1_i7_4790___LuaJIT-default-lua.json#spectralnorm---26,warmup_results_0_8_openbsd1_i7_4790___LuaJIT-default-lua.json#spectralnorm---27
warmup_results_0_8_openbsd1_i7_4790___LuaJIT-default-lua.json#spectralnorm---27,warmup_results_0_8_openbsd1_i7_4790___LuaJIT-default-lua.json#spectralnorm---13
warmup_results_0_8_openbsd1_i7_4790___LuaJIT-default-lua.json#spectralnorm---28,warmup_results_0_8_openbsd1_i7_4790___LuaJIT-default-lua.json#spectralnorm---9
warmup_results_0_8_openbsd1_i7_4790___LuaJIT-default-lua.json#spectralnorm---29,warmup_results_0_8_openbsd1_i7_4790___LuaJIT-default-lua.json#spectralnorm---17
warmup_results_0_8_openbsd1_i7_4790___LuaJIT-default-lua.json#spectralnorm---3,warmup_results_0_8_openbsd1_i7_4790___LuaJIT-default-lua.json#spectralnorm---5
warmup_results_0_8_openbsd1_i7_4790___LuaJIT-default-lua.json#spectralnorm---4,warmup_results_0_8_openbsd1_i7_4790___LuaJIT-default-lua.json#spectralnorm---3
warmup_results_0_8_openbsd1_i7_4790___LuaJIT-default-lua.json#spectralnorm---5,warmup_results_0_8_openbsd1_i7_4790___LuaJIT-default-lua.json#spectralnorm---4
warmup_results_0_8_openbsd1_i7_4790___LuaJIT-default-lua.json#spectralnorm---6,warmup_results_0_8_openbsd1_i7_4790___LuaJIT-default-lua.json#spectralnorm---5
warmup_results_0_8_openbsd1_i7_4790___LuaJIT-default-lua.json#spectralnorm---7,warmup_results_0_8_openbsd1_i7_4790___LuaJIT-default-lua.json#spectralnorm---25
warmup_results_0_8_openbsd1_i7_4790___LuaJIT-default-lua.json#spectralnorm---8,warmup_results_0_8_openbsd1_i7_4790___LuaJIT-default-lua.json#spectralnorm---3
warmup_results_0_8_openbsd1_i7_4790___LuaJIT-default-lua.json#spectralnorm---9,warmup_results_0_8_openbsd1_i7_4790___LuaJIT-default-lua.json#spectralnorm---14
warmup_results_0_8_openbsd1_i7_4790___V8-default-javascript.json#binarytrees---0,warmup_results_0_8_openbsd1_i7_4790___V8-default-javascript.json#binarytrees---11
warmup_results_0_8_openbsd1_i7_4790___V8-default-javascript.json#binarytrees---1,warmup_results_0_8_openbsd1_i7_4790___V8-default-javascript.json#binarytrees---15
warmup_results_0_8_openbsd1_i7_4790___V8-default-javascript.json#binarytrees---10,warmup_results_0_8_openbsd1_i7_4790___V8-default-javascript.json#binarytrees---24
warmup_results_0_8_openbsd1_i7_4790___V8-default-javascript.json#binarytrees---11,warmup_results_0_8_openbsd1_i7_4790___V8-default-javascript.json#binarytrees---9
warmup_results_0_8_openbsd1_i7_4790___V8-default-javascript.json#binarytrees---12,warmup_results_0_8_openbsd1_i7_4790___V8-default-javascript.json#binarytrees---19
warmup_results_0_8_openbsd1_i7_4790___V8-default-javascript.json#binarytrees---13,warmup_results_0_8_openbsd1_i7_4790___V8-default-javascript.json#binarytrees---11
warmup_results_0_8_openbsd1_i7_4790___V8-default-javascript.json#binarytrees---14,warmup_results_0_8_openbsd1_i7_4790___V8-default-javascript.json#binarytrees---1
warmup_results_0_8_openbsd1_i7_4790___V8-default-javascript.json#binarytrees---15,warmup_results_0_8_openbsd1_i7_4790___V8-default-javascript.json#binarytrees---13
warmup_results_0_8_openbsd1_i7_4790___V8-default-javascript.json#binarytrees---16,warmup_results_0_8_openbsd1_i7_4790___V8-default-javascript.json#binarytrees---6
warmup_results_0_8_openbsd1_i7_4790___V8-default-javascript.json#binarytrees---17,warmup_results_0_8_openbsd1_i7_4790___V8-default-javascript.json#binarytrees---5
warmup_results_0_8_openbsd1_i7_4790___V8-default-javascript.json#binarytrees---18,warmup_results_0_8_openbsd1_i7_4790___V8-default-javascript.json#binarytrees---21
warmup_results_0_8_openbsd1_i7_4790___V8-default-javascript.json#binarytrees---19,warmup_results_0_8_openbsd1_i7_4790___V8-default-javascript.json#binarytrees---29
warmup_results_0_8_openbsd1_i7_4790___V8-default-javascript.json#binarytrees---2,warmup_results_0_8_openbsd1_i7_4790___V8-default-javascript.json#binarytrees---24
warmup_results_0_8_openbsd1_i7_4790___V8-default-javascript.json#binarytrees---20,warmup_results_0_8_openbsd1_i7_4790___V8-default-javascript.json#binarytrees---16
warmup_results_0_8_openbsd1_i7_4790___V8-default-javascript.json#binarytrees---21,warmup_results_0_8_openbsd1_i7_4790___V8-default-javascript.json#binarytrees---24
warmup_results_0_8_openbsd1_i7_4790___V8-default-javascript.json#binarytrees---22,warmup_results_0_8_openbsd1_i7_4790___V8-default-javascript.json#binarytrees---15
warmup_results_0_8_openbsd1_i7_4790___V8-default-javascript.json#binarytrees---23,warmup_results_0_8_openbsd1_i7_4790___V8-default-javascript.json#binarytrees---28
warmup_results_0_8_openbsd1_i7_4790___V8-default-javascript.json#binarytrees---24,warmup_results_0_8_openbsd1_i7_4790___V8-default-javascript.json#binarytrees---14
warmup_results_0_8_openbsd1_i7_4790___V8-default-javascript.json#binarytrees---25,warmup_results_0_8_openbsd1_i7_4790___V8-default-javascript.json#binarytrees---7
warmup_results_0_8_openbsd1_i7_4790___V8-default-javascript.json#binarytrees---26,warmup_results_0_8_openbsd1_i7_4790___V8-default-javascript.json#binarytrees---14
warmup_results_0_8_openbsd1_i7_4790___V8-default-javascript.json#binarytrees---27,warmup_results_0_8_openbsd1_i7_4790___V8-default-javascript.json#binarytrees---28
warmup_results_0_8_openbsd1_i7_4790___V8-default-javascript.json#binarytrees---28,warmup_results_0_8_openbsd1_i7_4790___V8-default-javascript.json#binarytrees---1
warmup_results_0_8_openbsd1_i7_4790___V8-default-javascript.json#binarytrees---29,warmup_results_0_8_openbsd1_i7_4790___V8-default-javascript.json#binarytrees---12
warmup_results_0_8_openbsd1_i7_4790___V8-default-javascript.json#binarytrees---3,warmup_results_0_8_openbsd1_i7_4790___V8-default-javascript.json#binarytrees---20
warmup_results_0_8_openbsd1_i7_4790___V8-default-javascript.json#binarytrees---4,warmup_results_0_8_openbsd1_i7_4790___V8-default-javascript.json#binarytrees---20
warmup_results_0_8_openbsd1_i7_4790___V8-default-javascript.json#binarytrees---5,warmup_results_0_8_openbsd1_i7_4790___V8-default-javascript.json#binarytrees---14
warmup_results_0_8_openbsd1_i7_4790___V8-default-javascript.json#binarytrees---6,warmup_results_0_8_openbsd1_i7_4790___V8-default-javascript.json#binarytrees---2
warmup_results_0_8_openbsd1_i7_4790___V8-default-javascript.json#binarytrees---7,warmup_results_0_8_openbsd1_i7_4790___V8-default-javascript.json#binarytrees---6
warmup_results_0_8_openbsd1_i7_4790___V8-default-javascript.json#binarytrees---8,warmup_results_0_8_openbsd1_i7_4790___V8-default-javascript.json#binarytrees---13
warmup_results_0_8_openbsd1_i7_4790___V8-default-javascript.json#binarytrees---9,warmup_results_0_8_openbsd1_i7_4790___V8-default-javascript.json#binarytrees---27
warmup_results_0_8_openbsd1_i7_4790___V8-default-javascript.json#fannkuch_redux---0,warmup_results_0_8_openbsd1_i7_4790___V8-default-javascript.json#fannkuch_redux---6
warmup_results_0_8_openbsd1_i7_4790___V8-default-javascript.json#fannkuch_redux---1,warmup_results_0_8_openbsd1_i7_4790___V8-default-javascript.json#fannkuch_redux---18
warmup_results_0_8_openbsd1_i7_4790___V8-default-javascript.json#fannkuch_redux---10,warmup_results_0_8_openbsd1_i7_4790___V8-default-javascript.json#fannkuch_redux---28
warmup_results_0_8_openbsd1_i7_4790___V8-default-javascript.json#fannkuch_redux---11,warmup_results_0_8_openbsd1_i7_4790___V8-default-javascript.json#fannkuch_redux---27
warmup_results_0_8_openbsd1_i7_4790___V8-default-javascript.json#fannkuch_redux---12,warmup_results_0_8_openbsd1_i7_4790___V8-default-javascript.json#fannkuch_redux---3
warmup_results_0_8_openbsd1_i7_4790___V8-default-javascript.json#fannkuch_redux---13,warmup_results_0_8_openbsd1_i7_4790___V8-default-javascript.json#fannkuch_redux---12
warmup_results_0_8_openbsd1_i7_4790___V8-default-javascript.json#fannkuch_redux---14,warmup_results_0_8_openbsd1_i7_4790___V8-default-javascript.json#fannkuch_redux---22
warmup_results_0_8_openbsd1_i7_4790___V8-default-javascript.json#fannkuch_redux---15,warmup_results_0_8_openbsd1_i7_4790___V8-default-javascript.json#fannkuch_redux---1
warmup_results_0_8_openbsd1_i7_4790___V8-default-javascript.json#fannkuch_redux---16,warmup_results_0_8_openbsd1_i7_4790___V8-default-javascript.json#fannkuch_redux---8
warmup_results_0_8_openbsd1_i7_4790___V8-default-javascript.json#fannkuch_redux---17,warmup_results_0_8_openbsd1_i7_4790___V8-default-javascript.json#fannkuch_redux---7
warmup_results_0_8_openbsd1_i7_4790___V8-default-javascript.json#fannkuch_redux---18,warmup_results_0_8_openbsd1_i7_4790___V8-default-javascript.json#fannkuch_redux---19
warmup_results_0_8_openbsd1_i7_4790___V8-default-javascript.json#fannkuch_redux---19,warmup_results_0_8_openbsd1_i7_4790___V8-default-javascript.json#fannkuch_redux---14
warmup_results_0_8_openbsd1_i7_4790___V8-default-javascript.json#fannkuch_redux---2,warmup_results_0_8_openbsd1_i7_4790___V8-default-javascript.json#fannkuch_redux---15
warmup_results_0_8_openbsd1_i7_4790___V8-default-javascript.json#fannkuch_redux---20,warmup_results_0_8_openbsd1_i7_4790___V8-default-javascript.json#fannkuch_redux---2
warmup_results_0_8_openbsd1_i7_4790___V8-default-javascript.json#fannkuch_redux---21,warmup_results_0_8_openbsd1_i7_4790___V8-default-javascript.json#fannkuch_redux---20
warmup_results_0_8_openbsd1_i7_4790___V8-default-javascript.json#fannkuch_redux---22,warmup_results_0_8_openbsd1_i7_4790___V8-default-javascript.json#fannkuch_redux---1
warmup_results_0_8_openbsd1_i7_4790___V8-default-javascript.json#fannkuch_redux---23,warmup_results_0_8_openbsd1_i7_4790___V8-default-javascript.json#fannkuch_redux---28
warmup_results_0_8_openbsd1_i7_4790___V8-default-javascript.json#fannkuch_redux---24,warmup_results_0_8_openbsd1_i7_4790___V8-default-javascript.json#fannkuch_redux---16
warmup_results_0_8_openbsd1_i7_4790___V8-default-javascript.json#fannkuch_redux---25,warmup_results_0_8_openbsd1_i7_4790___V8-default-javascript.json#fannkuch_redux---22
warmup_results_0_8_openbsd1_i7_4790___V8-default-javascript.json#fannkuch_redux---26,warmup_results_0_8_openbsd1_i7_4790___V8-default-javascript.json#fannkuch_redux---5
warmup_results_0_8_openbsd1_i7_4790___V8-default-javascript.json#fannkuch_redux---27,warmup_results_0_8_openbsd1_i7_4790___V8-default-javascript.json#fannkuch_redux---3
warmup_results_0_8_openbsd1_i7_4790___V8-default-javascript.json#fannkuch_redux---28,warmup_results_0_8_openbsd1_i7_4790___V8-default-javascript.json#fannkuch_redux---6
warmup_results_0_8_openbsd1_i7_4790___V8-default-javascript.json#fannkuch_redux---29,warmup_results_0_8_openbsd1_i7_4790___V8-default-javascript.json#fannkuch_redux---10
warmup_results_0_8_openbsd1_i7_4790___V8-default-javascript.json#fannkuch_redux---3,warmup_results_0_8_openbsd1_i7_4790___V8-default-javascript.json#fannkuch_redux---9
warmup_results_0_8_openbsd1_i7_4790___V8-default-javascript.json#fannkuch_redux---4,warmup_results_0_8_openbsd1_i7_4790___V8-default-javascript.json#fannkuch_redux---27
warmup_results_0_8_openbsd1_i7_4790___V8-default-javascript.json#fannkuch_redux---5,warmup_results_0_8_openbsd1_i7_4790___V8-default-javascript.json#fannkuch_redux---28
warmup_results_0_8_openbsd1_i7_4790___V8-default-javascript.json#fannkuch_redux---6,warmup_results_0_8_openbsd1_i7_4790___V8-default-javascript.json#fannkuch_redux---21
warmup_results_0_8_openbsd1_i7_4790___V8-default-javascript.json#fannkuch_redux---7,warmup_results_0_8_openbsd1_i7_4790___V8-default-javascript.json#fannkuch_redux---15
warmup_results_0_8_openbsd1_i7_4790___V8-default-javascript.json#fannkuch_redux---8,warmup_results_0_8_openbsd1_i7_4790___V8-default-javascript.json#fannkuch_redux---7
warmup_results_0_8_openbsd1_i7_4790___V8-default-javascript.json#fannkuch_redux---9,warmup_results_0_8_openbsd1_i7_4790___V8-default-javascript.json#fannkuch_redux---5
warmup_results_0_8_openbsd1_i7_4790___V8-default-javascript.json#fasta---0,warmup_results_0_8_openbsd1_i7_4790___V8-default-javascript.json#fasta---22
warmup_results_0_8_openbsd1_i7_4790___V8-default-javascript.json#fasta---1,warmup_results_0_8_openbsd1_i7_4790___V8-default-javascript.json#fasta---5
warmup_results_0_8_openbsd1_i7_4790___V8-default-javascript.json#fasta---10,warmup_results_0_8_openbsd1_i7_4790___V8-default-javascript.json#fasta---11
warmup_results_0_8_openbsd1_i7_4790___V8-default-javascript.json#fasta---11,warmup_results_0_8_openbsd1_i7_4790___V8-default-javascript.json#fasta---9
warmup_results_0_8_openbsd1_i7_4790___V8-default-javascript.json#fasta---12,warmup_results_0_8_openbsd1_i7_4790___V8-default-javascript.json#fasta---5
warmup_results_0_8_openbsd1_i7_4790___V8-default-javascript.json#fasta---13,warmup_results_0_8_openbsd1_i7_4790___V8-default-javascript.json#fasta---8
warmup_results_0_8_openbsd1_i7_4790___V8-default-javascript.json#fasta---14,warmup_results_0_8_openbsd1_i7_4790___V8-default-javascript.json#fasta---11
warmup_results_0_8_openbsd1_i7_4790___V8-default-javascript.json#fasta---15,warmup_results_0_8_openbsd1_i7_4790___V8-default-javascript.json#fasta---26
warmup_results_0_8_openbsd1_i7_4790___V8-default-javascript.json#fasta---16,warmup_results_0_8_openbsd1_i7_4790___V8-default-javascript.json#fasta---4
warmup_results_0_8_openbsd1_i7_4790___V8-default-javascript.json#fasta---17,warmup_results_0_8_openbsd1_i7_4790___V8-default-javascript.json#fasta---22
warmup_results_0_8_openbsd1_i7_4790___V8-default-javascript.json#fasta---18,warmup_results_0_8_openbsd1_i7_4790___V8-default-javascript.json#fasta---29
warmup_results_0_8_openbsd1_i7_4790___V8-default-javascript.json#fasta---19,warmup_results_0_8_openbsd1_i7_4790___V8-default-javascript.json#fasta---8
warmup_results_0_8_openbsd1_i7_4790___V8-default-javascript.json#fasta---2,warmup_results_0_8_openbsd1_i7_4790___V8-default-javascript.json#fasta---11
warmup_results_0_8_openbsd1_i7_4790___V8-default-javascript.json#fasta---20,warmup_results_0_8_openbsd1_i7_4790___V8-default-javascript.json#fasta---23
warmup_results_0_8_openbsd1_i7_4790___V8-default-javascript.json#fasta---21,warmup_results_0_8_openbsd1_i7_4790___V8-default-javascript.json#fasta---18
warmup_results_0_8_openbsd1_i7_4790___V8-default-javascript.json#fasta---22,warmup_results_0_8_openbsd1_i7_4790___V8-default-javascript.json#fasta---7
warmup_results_0_8_openbsd1_i7_4790___V8-default-javascript.json#fasta---23,warmup_results_0_8_openbsd1_i7_4790___V8-default-javascript.json#fasta---21
warmup_results_0_8_openbsd1_i7_4790___V8-default-javascript.json#fasta---24,warmup_results_0_8_openbsd1_i7_4790___V8-default-javascript.json#fasta---29
warmup_results_0_8_openbsd1_i7_4790___V8-default-javascript.json#fasta---25,warmup_results_0_8_openbsd1_i7_4790___V8-default-javascript.json#fasta---0
warmup_results_0_8_openbsd1_i7_4790___V8-default-javascript.json#fasta---26,warmup_results_0_8_openbsd1_i7_4790___V8-default-javascript.json#fasta---11
warmup_results_0_8_openbsd1_i7_4790___V8-default-javascript.json#fasta---27,warmup_results_0_8_openbsd1_i7_4790___V8-default-javascript.json#fasta---16
warmup_results_0_8_openbsd1_i7_4790___V8-default-javascript.json#fasta---28,warmup_results_0_8_openbsd1_i7_4790___V8-default-javascript.json#fasta---23
warmup_results_0_8_openbsd1_i7_4790___V8-default-javascript.json#fasta---29,warmup_results_0_8_openbsd1_i7_4790___V8-default-javascript.json#fasta---21
warmup_results_0_8_openbsd1_i7_4790___V8-default-javascript.json#fasta---3,warmup_results_0_8_openbsd1_i7_4790___V8-default-javascript.json#fasta---25
warmup_results_0_8_openbsd1_i7_4790___V8-default-javascript.json#fasta---4,warmup_results_0_8_openbsd1_i7_4790___V8-default-javascript.json#fasta---16
warmup_results_0_8_openbsd1_i7_4790___V8-default-javascript.json#fasta---5,warmup_results_0_8_openbsd1_i7_4790___V8-default-javascript.json#fasta---23
warmup_results_0_8_openbsd1_i7_4790___V8-default-javascript.json#fasta---6,warmup_results_0_8_openbsd1_i7_4790___V8-default-javascript.json#fasta---4
warmup_results_0_8_openbsd1_i7_4790___V8-default-javascript.json#fasta---7,warmup_results_0_8_openbsd1_i7_4790___V8-default-javascript.json#fasta---26
warmup_results_0_8_openbsd1_i7_4790___V8-default-javascript.json#fasta---8,warmup_results_0_8_openbsd1_i7_4790___V8-default-javascript.json#fasta---27
warmup_results_0_8_openbsd1_i7_4790___V8-default-javascript.json#fasta---9,warmup_results_0_8_openbsd1_i7_4790___V8-default-javascript.json#fasta---25
warmup_results_0_8_openbsd1_i7_4790___V8-default-javascript.json#nbody---0,warmup_results_0_8_openbsd1_i7_4790___V8-default-javascript.json#nbody---21
warmup_results_0_8_openbsd1_i7_4790___V8-default-javascript.json#nbody---1,warmup_results_0_8_openbsd1_i7_4790___V8-default-javascript.json#nbody---4
warmup_results_0_8_openbsd1_i7_4790___V8-default-javascript.json#nbody---10,warmup_results_0_8_openbsd1_i7_4790___V8-default-javascript.json#nbody---14
warmup_results_0_8_openbsd1_i7_4790___V8-default-javascript.json#nbody---11,warmup_results_0_8_openbsd1_i7_4790___V8-default-javascript.json#nbody---21
warmup_results_0_8_openbsd1_i7_4790___V8-default-javascript.json#nbody---12,warmup_results_0_8_openbsd1_i7_4790___V8-default-javascript.json#nbody---16
warmup_results_0_8_openbsd1_i7_4790___V8-default-javascript.json#nbody---13,warmup_results_0_8_openbsd1_i7_4790___V8-default-javascript.json#nbody---10
warmup_results_0_8_openbsd1_i7_4790___V8-default-javascript.json#nbody---14,warmup_results_0_8_openbsd1_i7_4790___V8-default-javascript.json#nbody---27
warmup_results_0_8_openbsd1_i7_4790___V8-default-javascript.json#nbody---15,warmup_results_0_8_openbsd1_i7_4790___V8-default-javascript.json#nbody---6
warmup_results_0_8_openbsd1_i7_4790___V8-default-javascript.json#nbody---16,warmup_results_0_8_openbsd1_i7_4790___V8-default-javascript.json#nbody---23
warmup_results_0_8_openbsd1_i7_4790___V8-default-javascript.json#nbody---17,warmup_results_0_8_openbsd1_i7_4790___V8-default-javascript.json#nbody---23
warmup_results_0_8_openbsd1_i7_4790___V8-default-javascript.json#nbody---18,warmup_results_0_8_openbsd1_i7_4790___V8-default-javascript.json#nbody---29
warmup_results_0_8_openbsd1_i7_4790___V8-default-javascript.json#nbody---19,warmup_results_0_8_openbsd1_i7_4790___V8-default-javascript.json#nbody---21
warmup_results_0_8_openbsd1_i7_4790___V8-default-javascript.json#nbody---2,warmup_results_0_8_openbsd1_i7_4790___V8-default-javascript.json#nbody---14
warmup_results_0_8_openbsd1_i7_4790___V8-default-javascript.json#nbody---20,warmup_results_0_8_openbsd1_i7_4790___V8-default-javascript.json#nbody---2
warmup_results_0_8_openbsd1_i7_4790___V8-default-javascript.json#nbody---21,warmup_results_0_8_openbsd1_i7_4790___V8-default-javascript.json#nbody---4
warmup_results_0_8_openbsd1_i7_4790___V8-default-javascript.json#nbody---22,warmup_results_0_8_openbsd1_i7_4790___V8-default-javascript.json#nbody---7
warmup_results_0_8_openbsd1_i7_4790___V8-default-javascript.json#nbody---23,warmup_results_0_8_openbsd1_i7_4790___V8-default-javascript.json#nbody---6
warmup_results_0_8_openbsd1_i7_4790___V8-default-javascript.json#nbody---24,warmup_results_0_8_openbsd1_i7_4790___V8-default-javascript.json#nbody---6
warmup_results_0_8_openbsd1_i7_4790___V8-default-javascript.json#nbody---25,warmup_results_0_8_openbsd1_i7_4790___V8-default-javascript.json#nbody---10
warmup_results_0_8_openbsd1_i7_4790___V8-default-javascript.json#nbody---26,warmup_results_0_8_openbsd1_i7_4790___V8-default-javascript.json#nbody---13
warmup_results_0_8_openbsd1_i7_4790___V8-default-javascript.json#nbody---27,warmup_results_0_8_openbsd1_i7_4790___V8-default-javascript.json#nbody---3
warmup_results_0_8_openbsd1_i7_4790___V8-default-javascript.json#nbody---28,warmup_results_0_8_openbsd1_i7_4790___V8-default-javascript.json#nbody---23
warmup_results_0_8_openbsd1_i7_4790___V8-default-javascript.json#nbody---29,warmup_results_0_8_openbsd1_i7_4790___V8-default-javascript.json#nbody---24
warmup_results_0_8_openbsd1_i7_4790___V8-default-javascript.json#nbody---3,warmup_results_0_8_openbsd1_i7_4790___V8-default-javascript.json#nbody---1
warmup_results_0_8_openbsd1_i7_4790___V8-default-javascript.json#nbody---4,warmup_results_0_8_openbsd1_i7_4790___V8-default-javascript.json#nbody---3
warmup_results_0_8_openbsd1_i7_4790___V8-default-javascript.json#nbody---5,warmup_results_0_8_openbsd1_i7_4790___V8-default-javascript.json#nbody---28
warmup_results_0_8_openbsd1_i7_4790___V8-default-javascript.json#nbody---6,warmup_results_0_8_openbsd1_i7_4790___V8-default-javascript.json#nbody---16
warmup_results_0_8_openbsd1_i7_4790___V8-default-javascript.json#nbody---7,warmup_results_0_8_openbsd1_i7_4790___V8-default-javascript.json#nbody---0
warmup_results_0_8_openbsd1_i7_4790___V8-default-javascript.json#nbody---8,warmup_results_0_8_openbsd1_i7_4790___V8-default-javascript.json#nbody---13
warmup_results_0_8_openbsd1_i7_4790___V8-default-javascript.json#nbody---9,warmup_results_0_8_openbsd1_i7_4790___V8-default-javascript.json#nbody---1
warmup_results_0_8_openbsd1_i7_4790___V8-default-javascript.json#richards---0,warmup_results_0_8_openbsd1_i7_4790___V8-default-javascript.json#richards---3
warmup_results_0_8_openbsd1_i7_4790___V8-default-javascript.json#richards---1,warmup_results_0_8_openbsd1_i7_4790___V8-default-javascript.json#richards---11
warmup_results_0_8_openbsd1_i7_4790___V8-default-javascript.json#richards---10,warmup_results_0_8_openbsd1_i7_4790___V8-default-javascript.json#richards---12
warmup_results_0_8_openbsd1_i7_4790___V8-default-javascript.json#richards---11,warmup_results_0_8_openbsd1_i7_4790___V8-default-javascript.json#richards---10
warmup_results_0_8_openbsd1_i7_4790___V8-default-javascript.json#richards---12,warmup_results_0_8_openbsd1_i7_4790___V8-default-javascript.json#richards---17
warmup_results_0_8_openbsd1_i7_4790___V8-default-javascript.json#richards---13,warmup_results_0_8_openbsd1_i7_4790___V8-default-javascript.json#richards---7
warmup_results_0_8_openbsd1_i7_4790___V8-default-javascript.json#richards---14,warmup_results_0_8_openbsd1_i7_4790___V8-default-javascript.json#richards---6
warmup_results_0_8_openbsd1_i7_4790___V8-default-javascript.json#richards---15,warmup_results_0_8_openbsd1_i7_4790___V8-default-javascript.json#richards---4
warmup_results_0_8_openbsd1_i7_4790___V8-default-javascript.json#richards---16,warmup_results_0_8_openbsd1_i7_4790___V8-default-javascript.json#richards---20
warmup_results_0_8_openbsd1_i7_4790___V8-default-javascript.json#richards---17,warmup_results_0_8_openbsd1_i7_4790___V8-default-javascript.json#richards---29
warmup_results_0_8_openbsd1_i7_4790___V8-default-javascript.json#richards---18,warmup_results_0_8_openbsd1_i7_4790___V8-default-javascript.json#richards---2
warmup_results_0_8_openbsd1_i7_4790___V8-default-javascript.json#richards---19,warmup_results_0_8_openbsd1_i7_4790___V8-default-javascript.json#richards---6
warmup_results_0_8_openbsd1_i7_4790___V8-default-javascript.json#richards---2,warmup_results_0_8_openbsd1_i7_4790___V8-default-javascript.json#richards---24
warmup_results_0_8_openbsd1_i7_4790___V8-default-javascript.json#richards---20,warmup_results_0_8_openbsd1_i7_4790___V8-default-javascript.json#richards---21
warmup_results_0_8_openbsd1_i7_4790___V8-default-javascript.json#richards---21,warmup_results_0_8_openbsd1_i7_4790___V8-default-javascript.json#richards---28
warmup_results_0_8_openbsd1_i7_4790___V8-default-javascript.json#richards---22,warmup_results_0_8_openbsd1_i7_4790___V8-default-javascript.json#richards---10
warmup_results_0_8_openbsd1_i7_4790___V8-default-javascript.json#richards---23,warmup_results_0_8_openbsd1_i7_4790___V8-default-javascript.json#richards---18
warmup_results_0_8_openbsd1_i7_4790___V8-default-javascript.json#richards---24,warmup_results_0_8_openbsd1_i7_4790___V8-default-javascript.json#richards---8
warmup_results_0_8_openbsd1_i7_4790___V8-default-javascript.json#richards---25,warmup_results_0_8_openbsd1_i7_4790___V8-default-javascript.json#richards---12
warmup_results_0_8_openbsd1_i7_4790___V8-default-javascript.json#richards---26,warmup_results_0_8_openbsd1_i7_4790___V8-default-javascript.json#richards---6
warmup_results_0_8_openbsd1_i7_4790___V8-default-javascript.json#richards---27,warmup_results_0_8_openbsd1_i7_4790___V8-default-javascript.json#richards---2
warmup_results_0_8_openbsd1_i7_4790___V8-default-javascript.json#richards---28,warmup_results_0_8_openbsd1_i7_4790___V8-default-javascript.json#richards---9
warmup_results_0_8_openbsd1_i7_4790___V8-default-javascript.json#richards---29,warmup_results_0_8_openbsd1_i7_4790___V8-default-javascript.json#richards---22
warmup_results_0_8_openbsd1_i7_4790___V8-default-javascript.json#richards---3,warmup_results_0_8_openbsd1_i7_4790___V8-default-javascript.json#richards---27
warmup_results_0_8_openbsd1_i7_4790___V8-default-javascript.json#richards---4,warmup_results_0_8_openbsd1_i7_4790___V8-default-javascript.json#richards---8
warmup_results_0_8_openbsd1_i7_4790___V8-default-javascript.json#richards---5,warmup_results_0_8_openbsd1_i7_4790___V8-default-javascript.json#richards---19
warmup_results_0_8_openbsd1_i7_4790___V8-default-javascript.json#richards---6,warmup_results_0_8_openbsd1_i7_4790___V8-default-javascript.json#richards---13
warmup_results_0_8_openbsd1_i7_4790___V8-default-javascript.json#richards---7,warmup_results_0_8_openbsd1_i7_4790___V8-default-javascript.json#richards---18
warmup_results_0_8_openbsd1_i7_4790___V8-default-javascript.json#richards---8,warmup_results_0_8_openbsd1_i7_4790___V8-default-javascript.json#richards---28
warmup_results_0_8_openbsd1_i7_4790___V8-default-javascript.json#richards---9,warmup_results_0_8_openbsd1_i7_4790___V8-default-javascript.json#richards---16
warmup_results_0_8_openbsd1_i7_4790___V8-default-javascript.json#spectralnorm---0,warmup_results_0_8_openbsd1_i7_4790___V8-default-javascript.json#spectralnorm---2
warmup_results_0_8_openbsd1_i7_4790___V8-default-javascript.json#spectralnorm---1,warmup_results_0_8_openbsd1_i7_4790___V8-default-javascript.json#spectralnorm---10
warmup_results_0_8_openbsd1_i7_4790___V8-default-javascript.json#spectralnorm---10,warmup_results_0_8_openbsd1_i7_4790___V8-default-javascript.json#spectralnorm---28
warmup_results_0_8_openbsd1_i7_4790___V8-default-javascript.json#spectralnorm---11,warmup_results_0_8_openbsd1_i7_4790___V8-default-javascript.json#spectralnorm---18
warmup_results_0_8_openbsd1_i7_4790___V8-default-javascript.json#spectralnorm---12,warmup_results_0_8_openbsd1_i7_4790___V8-default-javascript.json#spectralnorm---16
warmup_results_0_8_openbsd1_i7_4790___V8-default-javascript.json#spectralnorm---13,warmup_results_0_8_openbsd1_i7_4790___V8-default-javascript.json#spectralnorm---11
warmup_results_0_8_openbsd1_i7_4790___V8-default-javascript.json#spectralnorm---14,warmup_results_0_8_openbsd1_i7_4790___V8-default-javascript.json#spectralnorm---0
warmup_results_0_8_openbsd1_i7_4790___V8-default-javascript.json#spectralnorm---15,warmup_results_0_8_openbsd1_i7_4790___V8-default-javascript.json#spectralnorm---10
warmup_results_0_8_openbsd1_i7_4790___V8-default-javascript.json#spectralnorm---16,warmup_results_0_8_openbsd1_i7_4790___V8-default-javascript.json#spectralnorm---17
warmup_results_0_8_openbsd1_i7_4790___V8-default-javascript.json#spectralnorm---17,warmup_results_0_8_openbsd1_i7_4790___V8-default-javascript.json#spectralnorm---26
warmup_results_0_8_openbsd1_i7_4790___V8-default-javascript.json#spectralnorm---18,warmup_results_0_8_openbsd1_i7_4790___V8-default-javascript.json#spectralnorm---24
warmup_results_0_8_openbsd1_i7_4790___V8-default-javascript.json#spectralnorm---19,warmup_results_0_8_openbsd1_i7_4790___V8-default-javascript.json#spectralnorm---3
warmup_results_0_8_openbsd1_i7_4790___V8-default-javascript.json#spectralnorm---2,warmup_results_0_8_openbsd1_i7_4790___V8-default-javascript.json#spectralnorm---6
warmup_results_0_8_openbsd1_i7_4790___V8-default-javascript.json#spectralnorm---20,warmup_results_0_8_openbsd1_i7_4790___V8-default-javascript.json#spectralnorm---29
warmup_results_0_8_openbsd1_i7_4790___V8-default-javascript.json#spectralnorm---21,warmup_results_0_8_openbsd1_i7_4790___V8-default-javascript.json#spectralnorm---17
warmup_results_0_8_openbsd1_i7_4790___V8-default-javascript.json#spectralnorm---22,warmup_results_0_8_openbsd1_i7_4790___V8-default-javascript.json#spectralnorm---12
warmup_results_0_8_openbsd1_i7_4790___V8-default-javascript.json#spectralnorm---23,warmup_results_0_8_openbsd1_i7_4790___V8-default-javascript.json#spectralnorm---5
warmup_results_0_8_openbsd1_i7_4790___V8-default-javascript.json#spectralnorm---24,warmup_results_0_8_openbsd1_i7_4790___V8-default-javascript.json#spectralnorm---18
warmup_results_0_8_openbsd1_i7_4790___V8-default-javascript.json#spectralnorm---25,warmup_results_0_8_openbsd1_i7_4790___V8-default-javascript.json#spectralnorm---5
warmup_results_0_8_openbsd1_i7_4790___V8-default-javascript.json#spectralnorm---26,warmup_results_0_8_openbsd1_i7_4790___V8-default-javascript.json#spectralnorm---10
warmup_results_0_8_openbsd1_i7_4790___V8-default-javascript.json#spectralnorm---27,warmup_results_0_8_openbsd1_i7_4790___V8-default-javascript.json#spectralnorm---29
warmup_results_0_8_openbsd1_i7_4790___V8-default-javascript.json#spectralnorm---28,warmup_results_0_8_openbsd1_i7_4790___V8-default-javascript.json#spectralnorm---7
warmup_results_0_8_openbsd1_i7_4790___V8-default-javascript.json#spectralnorm---29,warmup_results_0_8_openbsd1_i7_4790___V8-default-javascript.json#spectralnorm---19
warmup_results_0_8_openbsd1_i7_4790___V8-default-javascript.json#spectralnorm---3,warmup_results_0_8_openbsd1_i7_4790___V8-default-javascript.json#spectralnorm---23
warmup_results_0_8_openbsd1_i7_4790___V8-default-javascript.json#spectralnorm---4,warmup_results_0_8_openbsd1_i7_4790___V8-default-javascript.json#spectralnorm---13
warmup_results_0_8_openbsd1_i7_4790___V8-default-javascript.json#spectralnorm---5,warmup_results_0_8_openbsd1_i7_4790___V8-default-javascript.json#spectralnorm---8
warmup_results_0_8_openbsd1_i7_4790___V8-default-javascript.json#spectralnorm---6,warmup_results_0_8_openbsd1_i7_4790___V8-default-javascript.json#spectralnorm---24
warmup_results_0_8_openbsd1_i7_4790___V8-default-javascript.json#spectralnorm---7,warmup_results_0_8_openbsd1_i7_4790___V8-default-javascript.json#spectralnorm---0
warmup_results_0_8_openbsd1_i7_4790___V8-default-javascript.json#spectralnorm---8,warmup_results_0_8_openbsd1_i7_4790___V8-default-javascript.json#spectralnorm---13
warmup_results_0_8_openbsd1_i7_4790___V8-default-javascript.json#spectralnorm---9,warmup_results_0_8_openbsd1_i7_4790___V8-default-javascript.json#spectralnorm---21
