id,y__abs_energy,y__absolute_maximum,y__absolute_sum_of_changes,y__ar_coefficient__coeff_8__k_10,"y__cwt_coefficients__coeff_0__w_2__widths_(2, 5, 10, 20)"
warmup_results_0_8_linux2_i7_4790___C-default-c.json#fannkuch_redux---0,355.087700288692,0.421986,0.1329570000000002,-0.0007698733706065,0.0002103720624074
warmup_results_0_8_linux2_i7_4790___C-default-c.json#fannkuch_redux---15,355.087700288692,0.421986,0.1329570000000002,-0.0007698733706065,0.0002103720624074
warmup_results_0_8_linux2_i7_4790___C-default-c.json#fannkuch_redux---24,355.087700288692,0.421986,0.1329570000000002,-0.0007698733706065,0.0002103720624074
warmup_results_0_8_linux2_i7_4790___C-default-c.json#fannkuch_redux---26,355.087700288692,0.421986,0.1329570000000002,-0.0007698733706065,0.0002103720624074
warmup_results_0_8_linux2_i7_4790___C-default-c.json#fannkuch_redux---1,355.87753594477897,0.422444,0.2393919999999991,0.0169829352741892,-7.21108230559958e-05
warmup_results_0_8_linux2_i7_4790___C-default-c.json#fannkuch_redux---10,355.838151201172,0.422446,0.1949099999999993,0.0130992442556849,-2.308882451093114e-05
warmup_results_0_8_linux2_i7_4790___C-default-c.json#fannkuch_redux---11,358.021083520168,0.449459,0.5994360000000014,-0.0500410851480715,0.0009207125137961
warmup_results_0_8_linux2_i7_4790___C-default-c.json#fannkuch_redux---14,358.021083520168,0.449459,0.5994360000000014,-0.0500410851480715,0.0009207125137961
warmup_results_0_8_linux2_i7_4790___C-default-c.json#fannkuch_redux---12,355.715323192031,0.422241,0.2547379999999986,0.0112336159961419,9.809336823031904e-05
warmup_results_0_8_linux2_i7_4790___C-default-c.json#fannkuch_redux---29,355.715323192031,0.422241,0.2547379999999986,0.0112336159961419,9.809336823031904e-05
warmup_results_0_8_linux2_i7_4790___C-default-c.json#fannkuch_redux---13,355.161488594891,0.422166,0.1434280000000017,-0.0003185067548967,0.0001466195409572
warmup_results_0_8_linux2_i7_4790___C-default-c.json#fannkuch_redux---16,355.47414305921,0.422367,0.1691090000000007,-0.0044350988727592,-0.0001138053144633
warmup_results_0_8_linux2_i7_4790___C-default-c.json#fannkuch_redux---17,356.04550404171005,0.422617,0.1672730000000004,-0.0246417771873418,0.0001397536579124
warmup_results_0_8_linux2_i7_4790___C-default-c.json#fannkuch_redux---18,355.655010791274,0.422313,0.1652000000000003,-0.0189515362597121,-7.083849182747769e-05
warmup_results_0_8_linux2_i7_4790___C-default-c.json#fannkuch_redux---19,355.63141418161297,0.422417,0.1516859999999997,0.0169187291661911,-4.228947025690976e-06
warmup_results_0_8_linux2_i7_4790___C-default-c.json#fannkuch_redux---22,355.63141418161297,0.422417,0.1516859999999997,0.0169187291661911,-4.228947025690976e-06
warmup_results_0_8_linux2_i7_4790___C-default-c.json#fannkuch_redux---6,355.63141418161297,0.422417,0.1516859999999997,0.0169187291661911,-4.228947025690976e-06
warmup_results_0_8_linux2_i7_4790___C-default-c.json#fannkuch_redux---2,355.123415306647,0.422547,0.6788179999999981,-0.0330870261733559,0.0006366012142011
warmup_results_0_8_linux2_i7_4790___C-default-c.json#fannkuch_redux---9,355.123415306647,0.422547,0.6788179999999981,-0.0330870261733559,0.0006366012142011
warmup_results_0_8_linux2_i7_4790___C-default-c.json#fannkuch_redux---20,355.5085599087729,0.422251,0.2190260000000007,-0.0048978005050273,0.0001525770075788
warmup_results_0_8_linux2_i7_4790___C-default-c.json#fannkuch_redux---21,360.83838054437,0.425586,0.2432989999999983,0.0025784035819569,0.0002062992714276
warmup_results_0_8_linux2_i7_4790___C-default-c.json#fannkuch_redux---25,360.83838054437,0.425586,0.2432989999999983,0.0025784035819569,0.0002062992714276
warmup_results_0_8_linux2_i7_4790___C-default-c.json#fannkuch_redux---23,355.16552484047406,0.422286,0.128745,-0.0212219522334029,0.0003549788927695
warmup_results_0_8_linux2_i7_4790___C-default-c.json#fannkuch_redux---27,355.64395750626994,0.44936,0.6365530000000019,-0.1285632197235285,-6.163097558059758e-05
warmup_results_0_8_linux2_i7_4790___C-default-c.json#fannkuch_redux---28,355.5525324142299,0.422199,0.145060000000001,0.0155559525745154,0.0002647205725616
warmup_results_0_8_linux2_i7_4790___C-default-c.json#fannkuch_redux---4,355.051343320043,0.4224,0.591029,-0.0169739183502831,0.0005858783151359
warmup_results_0_8_linux2_i7_4790___C-default-c.json#fannkuch_redux---8,355.590957175296,0.422462,0.1667379999999988,-0.0085351758675742,8.486963371811343e-05
warmup_results_0_8_linux2_i7_4790___C-default-c.json#fasta---0,10.959091977273,0.074126,0.0759660000000005,0.0200178835511934,4.3644523227194025e-05
warmup_results_0_8_linux2_i7_4790___C-default-c.json#fasta---1,11.015943392871002,0.074342,0.1074820000000008,0.0746910570627622,-2.549952838981192e-05
warmup_results_0_8_linux2_i7_4790___C-default-c.json#fasta---10,10.94629199157,0.074293,0.1832999999999997,0.0344124622866357,1.7641551039645038e-05
warmup_results_0_8_linux2_i7_4790___C-default-c.json#fasta---21,10.94629199157,0.074293,0.1832999999999997,0.0344124622866357,1.7641551039645038e-05
warmup_results_0_8_linux2_i7_4790___C-default-c.json#fasta---11,10.984147223635002,0.074275,0.0918170000000003,-0.0049016695612852,5.510554734600166e-05
warmup_results_0_8_linux2_i7_4790___C-default-c.json#fasta---16,10.984147223635002,0.074275,0.0918170000000003,-0.0049016695612852,5.510554734600166e-05
warmup_results_0_8_linux2_i7_4790___C-default-c.json#fasta---12,10.990657525854,0.074277,0.0957169999999999,0.056916163258212,-1.2384847083085244e-05
warmup_results_0_8_linux2_i7_4790___C-default-c.json#fasta---13,10.947094138573002,0.074335,0.1288309999999993,0.0172963095377716,3.523073068321727e-05
warmup_results_0_8_linux2_i7_4790___C-default-c.json#fasta---23,10.947094138573002,0.074335,0.1288309999999993,0.0172963095377716,3.523073068321727e-05
warmup_results_0_8_linux2_i7_4790___C-default-c.json#fasta---4,10.947094138573002,0.074335,0.1288309999999993,0.0172963095377716,3.523073068321727e-05
warmup_results_0_8_linux2_i7_4790___C-default-c.json#fasta---14,11.018178949444,0.074356,0.076339,0.0422661391036092,-2.656291144261641e-05
warmup_results_0_8_linux2_i7_4790___C-default-c.json#fasta---15,10.984406740678004,0.074394,0.0776299999999995,-0.0073724804104735,2.8649646128854145e-05
warmup_results_0_8_linux2_i7_4790___C-default-c.json#fasta---17,10.988215916626,0.074276,0.1212289999999997,-0.0037246832083237,4.29857726929742e-06
warmup_results_0_8_linux2_i7_4790___C-default-c.json#fasta---18,10.958769862143,0.074122,0.0230720000000001,0.0022313541110214,3.874193261579344e-05
warmup_results_0_8_linux2_i7_4790___C-default-c.json#fasta---6,10.958769862143,0.074122,0.0230720000000001,0.0022313541110214,3.874193261579344e-05
warmup_results_0_8_linux2_i7_4790___C-default-c.json#fasta---19,11.008524613986,0.074311,0.0752859999999994,0.002107583919669,4.6445574784085406e-05
warmup_results_0_8_linux2_i7_4790___C-default-c.json#fasta---2,11.021478224582,0.074351,0.0758520000000002,0.0404391673796252,-7.67790478096127e-05
warmup_results_0_8_linux2_i7_4790___C-default-c.json#fasta---5,11.021478224582,0.074351,0.0758520000000002,0.0404391673796252,-7.67790478096127e-05
warmup_results_0_8_linux2_i7_4790___C-default-c.json#fasta---20,10.953419745510002,0.074355,0.1188909999999998,-0.0236358166559436,2.7689036716562515e-05
warmup_results_0_8_linux2_i7_4790___C-default-c.json#fasta---22,10.975217285676,0.074278,0.1199350000000003,0.0252127649883975,-1.790993313569924e-05
warmup_results_0_8_linux2_i7_4790___C-default-c.json#fasta---24,10.964459553584,0.074242,0.1051989999999999,0.0134977842695838,5.807520171567634e-05
warmup_results_0_8_linux2_i7_4790___C-default-c.json#fasta---25,10.973239382508,0.07432,0.1295940000000003,0.1358644868935571,-5.4306386575693214e-05
warmup_results_0_8_linux2_i7_4790___C-default-c.json#fasta---26,11.018712845617998,0.074354,0.0920950000000001,0.0840077773907006,-2.613775240694224e-05
warmup_results_0_8_linux2_i7_4790___C-default-c.json#fasta---8,11.018712845617998,0.074354,0.0920950000000001,0.0840077773907006,-2.613775240694224e-05
warmup_results_0_8_linux2_i7_4790___C-default-c.json#fasta---27,10.943654329616002,0.074249,0.0627190000000007,0.0065424150651685,9.55758281217708e-05
warmup_results_0_8_linux2_i7_4790___C-default-c.json#fasta---7,10.943654329616002,0.074249,0.0627190000000007,0.0065424150651685,9.55758281217708e-05
warmup_results_0_8_linux2_i7_4790___C-default-c.json#fasta---28,10.948601008275,0.074336,0.1889529999999999,-0.0028601550699052,9.103744479593147e-06
warmup_results_0_8_linux2_i7_4790___C-default-c.json#fasta---29,10.948601008275,0.074336,0.1889529999999999,-0.0028601550699052,9.103744479593147e-06
warmup_results_0_8_linux2_i7_4790___C-default-c.json#fasta---3,10.959037210522002,0.07431,0.1545679999999995,0.0207358078480418,-0.0001134342662634
warmup_results_0_8_linux2_i7_4790___C-default-c.json#fasta---9,10.965822619922,0.074315,0.1325580000000009,0.0100303147323325,3.231401326237508e-05
warmup_results_0_8_linux2_i7_4790___C-default-c.json#nbody---0,328.16255476209795,0.407155,1.0493079999999997,0.0083560206279826,-0.0003997125267754
warmup_results_0_8_linux2_i7_4790___C-default-c.json#nbody---1,355.260252556915,0.422397,1.369299999999999,0.0445914129171932,0.002348879985749
warmup_results_0_8_linux2_i7_4790___C-default-c.json#nbody---10,340.5615926611599,0.42092,5.390460999999998,0.0071562334006954,-0.0006164376903057
warmup_results_0_8_linux2_i7_4790___C-default-c.json#nbody---20,340.5615926611599,0.42092,5.390460999999998,0.0071562334006954,-0.0006164376903057
warmup_results_0_8_linux2_i7_4790___C-default-c.json#nbody---29,340.5615926611599,0.42092,5.390460999999998,0.0071562334006954,-0.0006164376903057
warmup_results_0_8_linux2_i7_4790___C-default-c.json#nbody---11,355.1013594901321,0.422394,1.1767199999999949,0.0323014991465293,-0.0022721299283522
warmup_results_0_8_linux2_i7_4790___C-default-c.json#nbody---16,336.67523784899777,0.413055,0.3329189999999929,-0.1893521260890106,0.0015364674362237
warmup_results_0_8_linux2_i7_4790___C-default-c.json#nbody---26,336.67523784899777,0.413055,0.3329189999999929,-0.1893521260890106,0.0015364674362237
warmup_results_0_8_linux2_i7_4790___C-default-c.json#nbody---13,343.339863430099,0.421334,5.646402999999999,0.0244626324417687,0.0007914020657723
warmup_results_0_8_linux2_i7_4790___C-default-c.json#nbody---28,343.339863430099,0.421334,5.646402999999999,0.0244626324417687,0.0007914020657723
warmup_results_0_8_linux2_i7_4790___C-default-c.json#nbody---14,330.97779974157595,0.417309,1.5609850000000025,-0.1088880612393142,-0.0040115939454957
warmup_results_0_8_linux2_i7_4790___C-default-c.json#nbody---4,338.8080474485712,0.42412,0.2458610000000006,-0.0484586101477841,0.0025659782503144
warmup_results_0_8_linux2_i7_4790___C-default-c.json#nbody---18,336.5849317355137,0.411431,0.1360730000000033,-0.0180346089132466,0.0001267626301188
warmup_results_0_8_linux2_i7_4790___C-default-c.json#nbody---21,336.5792247148757,0.412681,0.123689000000005,-0.0041521705622811,0.0003040501955915
warmup_results_0_8_linux2_i7_4790___C-default-c.json#nbody---22,336.6808885749498,0.411503,0.3552229999999933,-0.1172084367413426,0.0001592860703809
warmup_results_0_8_linux2_i7_4790___C-default-c.json#nbody---23,338.4709670667521,0.420165,1.2010040000000093,0.0530811573843833,0.0038855412133152
warmup_results_0_8_linux2_i7_4790___C-default-c.json#nbody---25,344.851450209535,0.421295,7.253048999999997,-0.0512759349958293,-0.0029090765107654
warmup_results_0_8_linux2_i7_4790___C-default-c.json#nbody---27,343.37219264002897,0.421338,6.149305,0.0200222422527879,9.412741222309092e-06
warmup_results_0_8_linux2_i7_4790___C-default-c.json#nbody---5,336.67804990266484,0.413395,0.1511610000000091,-0.0072055464241524,-7.11048383657414e-05
warmup_results_0_8_linux2_i7_4790___C-default-c.json#nbody---6,336.67804990266484,0.413395,0.1511610000000091,-0.0072055464241524,-7.11048383657414e-05
warmup_results_0_8_linux2_i7_4790___C-default-c.json#nbody---8,336.4175071405813,0.414272,0.0337490000000083,-0.0212268067687964,1.073163300822999e-05
warmup_results_0_8_linux2_i7_4790___C-default-c.json#nbody---9,342.63053353882793,0.421303,6.449289999999998,-0.0273818208861438,-0.0010837757790444
warmup_results_0_8_linux2_i7_4790___C-default-c.json#richards---4,1187.88299855407,0.771919,0.6817800000000025,-0.009002759199548,0.0009033146158609
warmup_results_0_8_linux2_i7_4790___C-default-c.json#richards---1,1147.084810352495,0.758381,0.4158559999999984,0.0056595697853385,-8.38796333002805e-05
warmup_results_0_8_linux2_i7_4790___C-default-c.json#richards---12,1147.084810352495,0.758381,0.4158559999999984,0.0056595697853385,-8.38796333002805e-05
warmup_results_0_8_linux2_i7_4790___C-default-c.json#richards---14,1147.084810352495,0.758381,0.4158559999999984,0.0056595697853385,-8.38796333002805e-05
warmup_results_0_8_linux2_i7_4790___C-default-c.json#richards---10,1161.471697259511,0.820688,1.662940999999999,-0.061707488984648,-2.882213363252584e-05
warmup_results_0_8_linux2_i7_4790___C-default-c.json#richards---7,1161.471697259511,0.820688,1.662940999999999,-0.061707488984648,-2.882213363252584e-05
warmup_results_0_8_linux2_i7_4790___C-default-c.json#richards---11,1157.7977669772258,0.76198,0.6713359999999988,-0.0080878828691093,0.0002319941557462
warmup_results_0_8_linux2_i7_4790___C-default-c.json#richards---9,1157.7977669772258,0.76198,0.6713359999999988,-0.0080878828691093,0.0002319941557462
warmup_results_0_8_linux2_i7_4790___C-default-c.json#richards---13,1187.64225931004,0.771799,0.7261720000000033,0.0090449792126115,-0.0002010094772659
warmup_results_0_8_linux2_i7_4790___C-default-c.json#richards---15,1160.231934607101,0.818084,1.453075999999999,-0.0208775992519344,0.0001349446779167
warmup_results_0_8_linux2_i7_4790___C-default-c.json#richards---18,1160.4736452400653,0.762449,0.3436419999999984,0.0027387092882247,-0.0004506052377138
warmup_results_0_8_linux2_i7_4790___C-default-c.json#richards---21,1160.4736452400653,0.762449,0.3436419999999984,0.0027387092882247,-0.0004506052377138
warmup_results_0_8_linux2_i7_4790___C-default-c.json#richards---27,1160.4736452400653,0.762449,0.3436419999999984,0.0027387092882247,-0.0004506052377138
warmup_results_0_8_linux2_i7_4790___C-default-c.json#richards---17,1147.0664971500032,0.757912,0.3079399999999995,0.0177437238032696,-0.0002119999616094
warmup_results_0_8_linux2_i7_4790___C-default-c.json#richards---19,1157.5394529902778,0.762055,0.6805009999999988,0.0246496531428519,1.795331461907484e-05
warmup_results_0_8_linux2_i7_4790___C-default-c.json#richards---2,1423.29813757904,0.850047,0.7468450000000021,-0.0143477516094453,-0.0007146563134845
warmup_results_0_8_linux2_i7_4790___C-default-c.json#richards---20,1145.9788434759569,0.76414,1.3058249999999978,-0.0074784308093721,0.0003576832732701
warmup_results_0_8_linux2_i7_4790___C-default-c.json#richards---23,1157.076623387616,0.773353,0.7087020000000042,0.012891602410552,-0.0002176871813125
warmup_results_0_8_linux2_i7_4790___C-default-c.json#richards---24,1204.63756789541,0.835571,1.0474460000000012,-0.0424724305939614,-7.120862199633297e-05
warmup_results_0_8_linux2_i7_4790___C-default-c.json#richards---25,1162.849229267993,0.768806,0.807395000000002,0.0361761729310207,-0.0001662161709431
warmup_results_0_8_linux2_i7_4790___C-default-c.json#richards---26,1172.6935047728912,0.76691,0.6594820000000007,-0.0073051359559563,0.0006536439356226
warmup_results_0_8_linux2_i7_4790___C-default-c.json#richards---6,1172.947722666066,0.771927,0.8809699999999991,0.0453594555308794,0.0008195541697393
warmup_results_0_8_linux2_i7_4790___C-default-c.json#richards---3,1193.512736094122,0.773209,0.3358760000000045,-0.0052345396720152,3.961087424651902e-05
warmup_results_0_8_linux2_i7_4790___C-default-c.json#richards---5,1152.882002363643,0.81927,1.8385570000000009,0.0499174684336479,0.0002993292967635
warmup_results_0_8_linux2_i7_4790___C-default-c.json#richards---8,1176.049948238012,0.834866,0.9788090000000006,0.1458136227467211,-9.738092753768444e-05
warmup_results_0_8_linux2_i7_4790___C-default-c.json#spectralnorm---0,609.6261080777019,0.559831,0.2609760000000034,0.1438344691941351,0.0044192505421743
warmup_results_0_8_linux2_i7_4790___C-default-c.json#spectralnorm---14,609.6261080777019,0.559831,0.2609760000000034,0.1438344691941351,0.0044192505421743
warmup_results_0_8_linux2_i7_4790___C-default-c.json#spectralnorm---1,555.7137353245381,0.528473,0.0643219999999956,0.1468205012193664,0.0003925445677076
warmup_results_0_8_linux2_i7_4790___C-default-c.json#spectralnorm---11,555.7137353245381,0.528473,0.0643219999999956,0.1468205012193664,0.0003925445677076
warmup_results_0_8_linux2_i7_4790___C-default-c.json#spectralnorm---29,555.7137353245381,0.528473,0.0643219999999956,0.1468205012193664,0.0003925445677076
warmup_results_0_8_linux2_i7_4790___C-default-c.json#spectralnorm---10,551.8484904579611,0.550419,0.0893800000000002,0.2960884340192971,0.0142725008518434
warmup_results_0_8_linux2_i7_4790___C-default-c.json#spectralnorm---12,591.189839954531,0.544692,0.208972000000003,0.048352916580395,-0.008792110891211
warmup_results_0_8_linux2_i7_4790___C-default-c.json#spectralnorm---13,580.9206049031097,0.541982,0.0642169999999979,0.1588206203490934,0.0018806904407052
warmup_results_0_8_linux2_i7_4790___C-default-c.json#spectralnorm---15,626.674320960195,0.561513,0.3031750000000007,0.0188790686148853,0.0004579173745711
warmup_results_0_8_linux2_i7_4790___C-default-c.json#spectralnorm---6,626.674320960195,0.561513,0.3031750000000007,0.0188790686148853,0.0004579173745711
warmup_results_0_8_linux2_i7_4790___C-default-c.json#spectralnorm---16,598.823240469884,0.555523,0.1921109999999974,0.042643152941435,0.0047953882985458
warmup_results_0_8_linux2_i7_4790___C-default-c.json#spectralnorm---17,598.823240469884,0.555523,0.1921109999999974,0.042643152941435,0.0047953882985458
warmup_results_0_8_linux2_i7_4790___C-default-c.json#spectralnorm---18,564.3028512073079,0.531895,0.0794099999999964,0.1378899935873215,0.0007959475209355
warmup_results_0_8_linux2_i7_4790___C-default-c.json#spectralnorm---19,608.624041775324,0.556893,0.1990430000000009,-0.0020262527390161,0.0031990626421217
warmup_results_0_8_linux2_i7_4790___C-default-c.json#spectralnorm---2,605.142739040201,0.551528,0.2039249999999998,-0.0004929946862262,-0.0019625532677678
warmup_results_0_8_linux2_i7_4790___C-default-c.json#spectralnorm---20,729.464510633165,0.611506,0.1847640000000012,0.0562055677776793,0.0043663258976967
warmup_results_0_8_linux2_i7_4790___C-default-c.json#spectralnorm---5,729.464510633165,0.611506,0.1847640000000012,0.0562055677776793,0.0043663258976967
warmup_results_0_8_linux2_i7_4790___C-default-c.json#spectralnorm---21,610.4534138903059,0.559048,0.1778929999999958,0.0616622978690042,0.0037959923509995
warmup_results_0_8_linux2_i7_4790___C-default-c.json#spectralnorm---22,623.6509154637761,0.564574,0.2308399999999982,0.0200170045372759,0.0036280276895675
warmup_results_0_8_linux2_i7_4790___C-default-c.json#spectralnorm---23,615.302000974157,0.568807,0.2061129999999975,0.0353399590501313,0.0080259308889245
warmup_results_0_8_linux2_i7_4790___C-default-c.json#spectralnorm---24,617.334382310836,0.559279,0.2257959999999973,0.0405855208202137,0.0023071522944502
warmup_results_0_8_linux2_i7_4790___C-default-c.json#spectralnorm---3,617.334382310836,0.559279,0.2257959999999973,0.0405855208202137,0.0023071522944502
warmup_results_0_8_linux2_i7_4790___C-default-c.json#spectralnorm---25,608.2558145424299,0.555744,0.1929459999999977,0.0503231314822143,0.002570416841981
warmup_results_0_8_linux2_i7_4790___C-default-c.json#spectralnorm---26,608.2558145424299,0.555744,0.1929459999999977,0.0503231314822143,0.002570416841981
warmup_results_0_8_linux2_i7_4790___C-default-c.json#spectralnorm---7,608.2558145424299,0.555744,0.1929459999999977,0.0503231314822143,0.002570416841981
warmup_results_0_8_linux2_i7_4790___C-default-c.json#spectralnorm---27,602.1261465612299,0.550358,0.2131970000000022,0.0959677254811106,0.000723341994734
warmup_results_0_8_linux2_i7_4790___C-default-c.json#spectralnorm---28,598.207066956076,0.548181,0.2627659999999975,0.0282503678368626,-0.0107351768226242
warmup_results_0_8_linux2_i7_4790___C-default-c.json#spectralnorm---4,555.130178448316,0.531917,0.0630499999999993,0.2035966825166451,0.0029869439850525
warmup_results_0_8_linux2_i7_4790___C-default-c.json#spectralnorm---8,603.456993516373,0.550978,0.2092459999999949,0.1244502332718246,-0.0009992261928899
warmup_results_0_8_linux2_i7_4790___C-default-c.json#spectralnorm---9,605.853495191029,0.554676,0.2501679999999981,0.1060687503704498,0.002678102773911
warmup_results_0_8_linux2_i7_4790___Graal-default-java.json#binarytrees---0,73.116628713437,0.469042,2.144418,-0.0908250360683632,0.1647202994135087
warmup_results_0_8_linux2_i7_4790___Graal-default-java.json#binarytrees---10,73.116628713437,0.469042,2.144418,-0.0908250360683632,0.1647202994135087
warmup_results_0_8_linux2_i7_4790___Graal-default-java.json#binarytrees---2,73.116628713437,0.469042,2.144418,-0.0908250360683632,0.1647202994135087
warmup_results_0_8_linux2_i7_4790___Graal-default-java.json#binarytrees---9,73.116628713437,0.469042,2.144418,-0.0908250360683632,0.1647202994135087
warmup_results_0_8_linux2_i7_4790___Graal-default-java.json#binarytrees---1,72.97174401642701,0.470653,2.116972,0.0225649518274544,0.1519889235045619
warmup_results_0_8_linux2_i7_4790___Graal-default-java.json#binarytrees---11,72.97174401642701,0.470653,2.116972,0.0225649518274544,0.1519889235045619
warmup_results_0_8_linux2_i7_4790___Graal-default-java.json#binarytrees---12,73.00510640766498,0.471754,2.196821,0.1143242562840269,0.1579713648329096
warmup_results_0_8_linux2_i7_4790___Graal-default-java.json#binarytrees---13,72.896864151823,0.474213,2.158776,0.0201965521683767,0.153922617837126
warmup_results_0_8_linux2_i7_4790___Graal-default-java.json#binarytrees---14,73.55829826212299,0.473678,2.124016999999999,0.1548474916792699,0.1533229772156347
warmup_results_0_8_linux2_i7_4790___Graal-default-java.json#binarytrees---15,73.46880649959,0.470422,2.248114,0.2578501709929611,0.1582128896162296
warmup_results_0_8_linux2_i7_4790___Graal-default-java.json#binarytrees---16,72.93080602213499,0.469479,2.163237000000001,0.0541539938329497,0.1553886152681592
warmup_results_0_8_linux2_i7_4790___Graal-default-java.json#binarytrees---8,72.93080602213499,0.469479,2.163237000000001,0.0541539938329497,0.1553886152681592
warmup_results_0_8_linux2_i7_4790___Graal-default-java.json#binarytrees---18,72.800608246996,0.468917,2.0241780000000014,-0.0705268347941672,0.1628058166802549
warmup_results_0_8_linux2_i7_4790___Graal-default-java.json#binarytrees---22,72.800608246996,0.468917,2.0241780000000014,-0.0705268347941672,0.1628058166802549
warmup_results_0_8_linux2_i7_4790___Graal-default-java.json#binarytrees---19,73.58968457523301,0.473424,2.071037999999999,0.152873986485479,0.1597858879986157
warmup_results_0_8_linux2_i7_4790___Graal-default-java.json#binarytrees---5,73.58968457523301,0.473424,2.071037999999999,0.152873986485479,0.1597858879986157
warmup_results_0_8_linux2_i7_4790___Graal-default-java.json#binarytrees---20,72.71761393977698,0.471227,2.1754890000000016,-0.0418868146326938,0.1666276448601436
warmup_results_0_8_linux2_i7_4790___Graal-default-java.json#binarytrees---21,72.71761393977698,0.471227,2.1754890000000016,-0.0418868146326938,0.1666276448601436
warmup_results_0_8_linux2_i7_4790___Graal-default-java.json#binarytrees---23,73.260047473148,0.468142,2.034307999999999,-0.1317273607158372,0.1654648147779288
warmup_results_0_8_linux2_i7_4790___Graal-default-java.json#binarytrees---4,73.260047473148,0.468142,2.034307999999999,-0.1317273607158372,0.1654648147779288
warmup_results_0_8_linux2_i7_4790___Graal-default-java.json#binarytrees---24,73.630783491182,0.473794,2.1935830000000003,0.1557118730110511,0.1598554743729574
warmup_results_0_8_linux2_i7_4790___Graal-default-java.json#binarytrees---29,73.630783491182,0.473794,2.1935830000000003,0.1557118730110511,0.1598554743729574
warmup_results_0_8_linux2_i7_4790___Graal-default-java.json#binarytrees---25,72.959260544667,0.471726,2.2036040000000003,0.1112206285275211,0.1587377646755897
warmup_results_0_8_linux2_i7_4790___Graal-default-java.json#binarytrees---26,72.945411043115,0.469774,2.2161120000000003,0.154413473528872,0.1504637874111817
warmup_results_0_8_linux2_i7_4790___Graal-default-java.json#binarytrees---7,72.945411043115,0.469774,2.2161120000000003,0.154413473528872,0.1504637874111817
warmup_results_0_8_linux2_i7_4790___Graal-default-java.json#binarytrees---27,72.772987981578,0.470832,1.9737690000000008,-0.0586046218564707,0.1664662179499755
warmup_results_0_8_linux2_i7_4790___Graal-default-java.json#binarytrees---28,72.74157317279801,0.471191,2.160498,0.2049580933412242,0.1608215413520948
warmup_results_0_8_linux2_i7_4790___Graal-default-java.json#binarytrees---3,73.487401932246,0.483297,2.1022289999999995,0.2118341953684618,0.1586127101901168
warmup_results_0_8_linux2_i7_4790___Graal-default-java.json#binarytrees---6,72.812147645606,0.47039,2.132566,0.147710903158428,0.1395662534148891
warmup_results_0_8_linux2_i7_4790___Graal-default-java.json#fannkuch_redux---0,284.383505639751,0.841928,0.6804610000000006,0.0281441948910936,0.2723132420587696
warmup_results_0_8_linux2_i7_4790___Graal-default-java.json#fannkuch_redux---22,284.383505639751,0.841928,0.6804610000000006,0.0281441948910936,0.2723132420587696
warmup_results_0_8_linux2_i7_4790___Graal-default-java.json#fannkuch_redux---10,275.50014882727,0.77811,1.022803,-0.0012681737200746,0.2132558489737473
warmup_results_0_8_linux2_i7_4790___Graal-default-java.json#fannkuch_redux---12,289.203694196415,0.75273,0.6709850000000015,0.0324645370364111,0.2037217829017971
warmup_results_0_8_linux2_i7_4790___Graal-default-java.json#fannkuch_redux---13,281.167923433825,0.74787,1.5362070000000023,0.1759705069909741,0.2080352067603644
warmup_results_0_8_linux2_i7_4790___Graal-default-java.json#fannkuch_redux---27,281.167923433825,0.74787,1.5362070000000023,0.1759705069909741,0.2080352067603644
warmup_results_0_8_linux2_i7_4790___Graal-default-java.json#fannkuch_redux---14,279.20420071497097,0.755653,0.7714400000000003,-0.0075473597976784,0.2106069427969225
warmup_results_0_8_linux2_i7_4790___Graal-default-java.json#fannkuch_redux---15,283.625861497086,0.764317,1.347946,0.1850753578574439,0.2160246854605561
warmup_results_0_8_linux2_i7_4790___Graal-default-java.json#fannkuch_redux---5,276.657627272699,0.762338,1.431691,0.0778398852108256,0.2146699087397879
warmup_results_0_8_linux2_i7_4790___Graal-default-java.json#fannkuch_redux---6,276.657627272699,0.762338,1.431691,0.0778398852108256,0.2146699087397879
warmup_results_0_8_linux2_i7_4790___Graal-default-java.json#fannkuch_redux---8,276.657627272699,0.762338,1.431691,0.0778398852108256,0.2146699087397879
warmup_results_0_8_linux2_i7_4790___Graal-default-java.json#fannkuch_redux---17,278.917066299328,0.869196,1.92759,0.024119131602713,0.289549709074318
warmup_results_0_8_linux2_i7_4790___Graal-default-java.json#fannkuch_redux---19,278.917066299328,0.869196,1.92759,0.024119131602713,0.289549709074318
warmup_results_0_8_linux2_i7_4790___Graal-default-java.json#fannkuch_redux---18,291.835351273432,0.801678,1.5274029999999996,-0.0033474994758992,0.2465721628189441
warmup_results_0_8_linux2_i7_4790___Graal-default-java.json#fannkuch_redux---26,291.835351273432,0.801678,1.5274029999999996,-0.0033474994758992,0.2465721628189441
warmup_results_0_8_linux2_i7_4790___Graal-default-java.json#fannkuch_redux---9,291.835351273432,0.801678,1.5274029999999996,-0.0033474994758992,0.2465721628189441
warmup_results_0_8_linux2_i7_4790___Graal-default-java.json#fannkuch_redux---2,278.974401364374,0.76401,1.2951559999999982,0.0586135330525353,0.2208520810879678
warmup_results_0_8_linux2_i7_4790___Graal-default-java.json#fannkuch_redux---20,274.915874878047,0.758559,0.6372110000000011,0.0369541786878365,0.2141029726378837
warmup_results_0_8_linux2_i7_4790___Graal-default-java.json#fannkuch_redux---21,289.6312654567839,0.869288,1.7680559999999992,8.321100973610052e-05,0.2924339759560788
warmup_results_0_8_linux2_i7_4790___Graal-default-java.json#fannkuch_redux---23,296.985464556692,0.750733,1.1505159999999997,0.0337771250133105,0.2091347244978113
warmup_results_0_8_linux2_i7_4790___Graal-default-java.json#fannkuch_redux---24,276.099814553881,0.863879,1.956395999999999,0.0045632100121517,0.2890692963764906
warmup_results_0_8_linux2_i7_4790___Graal-default-java.json#fannkuch_redux---25,276.225198264496,1.044725,1.0474449999999995,0.0465284642099541,0.3719035953561677
warmup_results_0_8_linux2_i7_4790___Graal-default-java.json#fannkuch_redux---28,284.7462951505,0.762952,0.6643620000000002,-0.0102762960171267,0.2169639662685731
warmup_results_0_8_linux2_i7_4790___Graal-default-java.json#fannkuch_redux---29,281.080958598766,0.755724,1.7140289999999991,-0.0111042206289021,0.2128380048996253
warmup_results_0_8_linux2_i7_4790___Graal-default-java.json#fannkuch_redux---3,274.71342943615,0.755221,1.4906620000000024,0.0601373540125648,0.2130242266138339
warmup_results_0_8_linux2_i7_4790___Graal-default-java.json#fannkuch_redux---4,284.30306617765405,0.863335,0.9804700000000004,0.1379710519682923,0.2800902180542633
warmup_results_0_8_linux2_i7_4790___Graal-default-java.json#fannkuch_redux---7,280.40986521950094,0.75108,0.6583140000000003,0.0821772223583161,0.2108975308738595
warmup_results_0_8_linux2_i7_4790___Graal-default-java.json#fasta---0,44.006092716907006,0.294785,1.297562000000001,0.0229463274091103,0.0865044269550638
warmup_results_0_8_linux2_i7_4790___Graal-default-java.json#fasta---10,44.006092716907006,0.294785,1.297562000000001,0.0229463274091103,0.0865044269550638
warmup_results_0_8_linux2_i7_4790___Graal-default-java.json#fasta---1,44.660905156089,0.296927,1.2087679999999992,0.0523091006184649,0.0883584272440535
warmup_results_0_8_linux2_i7_4790___Graal-default-java.json#fasta---15,44.660905156089,0.296927,1.2087679999999992,0.0523091006184649,0.0883584272440535
warmup_results_0_8_linux2_i7_4790___Graal-default-java.json#fasta---3,44.660905156089,0.296927,1.2087679999999992,0.0523091006184649,0.0883584272440535
warmup_results_0_8_linux2_i7_4790___Graal-default-java.json#fasta---6,44.660905156089,0.296927,1.2087679999999992,0.0523091006184649,0.0883584272440535
warmup_results_0_8_linux2_i7_4790___Graal-default-java.json#fasta---11,44.674560652282,0.29447,1.484710999999999,-0.0105730769756773,0.0818411902816568
warmup_results_0_8_linux2_i7_4790___Graal-default-java.json#fasta---17,44.674560652282,0.29447,1.484710999999999,-0.0105730769756773,0.0818411902816568
warmup_results_0_8_linux2_i7_4790___Graal-default-java.json#fasta---23,44.674560652282,0.29447,1.484710999999999,-0.0105730769756773,0.0818411902816568
warmup_results_0_8_linux2_i7_4790___Graal-default-java.json#fasta---12,44.318090803768,0.290552,1.4852269999999996,-0.0103313581203107,0.084649911068252
warmup_results_0_8_linux2_i7_4790___Graal-default-java.json#fasta---13,44.590715751998,0.290175,1.4926250000000003,0.0008324542979993,0.0852800476293467
warmup_results_0_8_linux2_i7_4790___Graal-default-java.json#fasta---14,44.74612727183899,0.291132,1.4768530000000006,0.0329239670219943,0.0861328299344119
warmup_results_0_8_linux2_i7_4790___Graal-default-java.json#fasta---16,44.75961251027,0.288876,1.2052919999999994,0.019948240883667,0.0824329997891961
warmup_results_0_8_linux2_i7_4790___Graal-default-java.json#fasta---22,44.75961251027,0.288876,1.2052919999999994,0.019948240883667,0.0824329997891961
warmup_results_0_8_linux2_i7_4790___Graal-default-java.json#fasta---18,44.53011060029999,0.293256,1.29262,0.0599994062776155,0.0850887681144946
warmup_results_0_8_linux2_i7_4790___Graal-default-java.json#fasta---4,44.53011060029999,0.293256,1.29262,0.0599994062776155,0.0850887681144946
warmup_results_0_8_linux2_i7_4790___Graal-default-java.json#fasta---19,44.084755182587,0.293371,1.3177950000000007,0.0204454873308477,0.0815144493443531
warmup_results_0_8_linux2_i7_4790___Graal-default-java.json#fasta---21,44.084755182587,0.293371,1.3177950000000007,0.0204454873308477,0.0815144493443531
warmup_results_0_8_linux2_i7_4790___Graal-default-java.json#fasta---2,44.806046033008,0.28935,1.2331470000000002,-0.0260523645208427,0.0791561519415017
warmup_results_0_8_linux2_i7_4790___Graal-default-java.json#fasta---20,43.96218219287999,0.292976,1.296818,0.0321452248942428,0.0861998251500439
warmup_results_0_8_linux2_i7_4790___Graal-default-java.json#fasta---7,43.96218219287999,0.292976,1.296818,0.0321452248942428,0.0861998251500439
warmup_results_0_8_linux2_i7_4790___Graal-default-java.json#fasta---24,44.37811082701499,0.293772,1.4302410000000003,0.0223457914504368,0.0771903712821154
warmup_results_0_8_linux2_i7_4790___Graal-default-java.json#fasta---8,44.37811082701499,0.293772,1.4302410000000003,0.0223457914504368,0.0771903712821154
warmup_results_0_8_linux2_i7_4790___Graal-default-java.json#fasta---9,44.37811082701499,0.293772,1.4302410000000003,0.0223457914504368,0.0771903712821154
warmup_results_0_8_linux2_i7_4790___Graal-default-java.json#fasta---25,44.65523080987,0.291587,1.3944650000000005,0.0522964198876993,0.0893327470076405
warmup_results_0_8_linux2_i7_4790___Graal-default-java.json#fasta---26,44.787859314573,0.293177,1.2158470000000012,0.0552697854566086,0.0853343852287876
warmup_results_0_8_linux2_i7_4790___Graal-default-java.json#fasta---27,44.669829940086,0.291275,1.444905,0.0080675978561813,0.082963160588339
warmup_results_0_8_linux2_i7_4790___Graal-default-java.json#fasta---28,44.098362090244,0.28993,1.2970760000000003,-0.0096805811207343,0.0811450346788411
warmup_results_0_8_linux2_i7_4790___Graal-default-java.json#fasta---29,44.320258139163,0.289962,1.4941810000000002,0.0034674064942392,0.0826209647944347
warmup_results_0_8_linux2_i7_4790___Graal-default-java.json#fasta---5,44.803549110123,0.293203,1.220243,0.0684242320788667,0.0863043408199817
warmup_results_0_8_linux2_i7_4790___Graal-default-java.json#nbody---0,55.96720406574801,0.251394,0.5313289999999999,0.0043766200313077,0.0494189289445562
warmup_results_0_8_linux2_i7_4790___Graal-default-java.json#nbody---12,55.96720406574801,0.251394,0.5313289999999999,0.0043766200313077,0.0494189289445562
warmup_results_0_8_linux2_i7_4790___Graal-default-java.json#nbody---1,55.978198153386,0.252515,0.5945350000000003,-0.0015713265203918,0.0496299214912108
warmup_results_0_8_linux2_i7_4790___Graal-default-java.json#nbody---10,55.994563766494,0.292911,0.624388,0.0855286731195118,0.0584648727625696
warmup_results_0_8_linux2_i7_4790___Graal-default-java.json#nbody---11,55.972024587209006,0.253413,0.5263120000000001,0.076470377752032,0.050312061968013
warmup_results_0_8_linux2_i7_4790___Graal-default-java.json#nbody---14,55.972024587209006,0.253413,0.5263120000000001,0.076470377752032,0.050312061968013
warmup_results_0_8_linux2_i7_4790___Graal-default-java.json#nbody---13,55.96667843235601,0.250249,0.5347419999999994,0.0254463748278277,0.0491006043640435
warmup_results_0_8_linux2_i7_4790___Graal-default-java.json#nbody---15,55.9796233456,0.254854,0.564031,0.0020810176358603,0.0483121732021976
warmup_results_0_8_linux2_i7_4790___Graal-default-java.json#nbody---8,55.9796233456,0.254854,0.564031,0.0020810176358603,0.0483121732021976
warmup_results_0_8_linux2_i7_4790___Graal-default-java.json#nbody---16,55.981714614072,0.249694,0.5723209999999994,0.0186581900708833,0.046873288467726
warmup_results_0_8_linux2_i7_4790___Graal-default-java.json#nbody---2,55.981714614072,0.249694,0.5723209999999994,0.0186581900708833,0.046873288467726
warmup_results_0_8_linux2_i7_4790___Graal-default-java.json#nbody---17,55.976931944534,0.257697,0.5577530000000002,0.0338457018035181,0.0508177245907961
warmup_results_0_8_linux2_i7_4790___Graal-default-java.json#nbody---6,55.976931944534,0.257697,0.5577530000000002,0.0338457018035181,0.0508177245907961
warmup_results_0_8_linux2_i7_4790___Graal-default-java.json#nbody---18,55.981611385414006,0.249973,0.5703060000000001,0.0143259973341015,0.0487614555193515
warmup_results_0_8_linux2_i7_4790___Graal-default-java.json#nbody---26,55.981611385414006,0.249973,0.5703060000000001,0.0143259973341015,0.0487614555193515
warmup_results_0_8_linux2_i7_4790___Graal-default-java.json#nbody---19,55.97284506987501,0.251343,0.5387469999999996,0.0097088401999491,0.0481215434878386
warmup_results_0_8_linux2_i7_4790___Graal-default-java.json#nbody---20,55.978619228532,0.251872,0.5647679999999997,-0.0082905994255492,0.0465444463260198
warmup_results_0_8_linux2_i7_4790___Graal-default-java.json#nbody---4,55.978619228532,0.251872,0.5647679999999997,-0.0082905994255492,0.0465444463260198
warmup_results_0_8_linux2_i7_4790___Graal-default-java.json#nbody---21,55.976717944263,0.251483,0.5570280000000007,-0.0112239244101179,0.0482839657086552
warmup_results_0_8_linux2_i7_4790___Graal-default-java.json#nbody---24,55.976717944263,0.251483,0.5570280000000007,-0.0112239244101179,0.0482839657086552
warmup_results_0_8_linux2_i7_4790___Graal-default-java.json#nbody---22,55.966701777354,0.250018,0.5099699999999995,0.0554920090053858,0.0482516062494399
warmup_results_0_8_linux2_i7_4790___Graal-default-java.json#nbody---23,55.97130709847301,0.25416,0.5567719999999999,0.0096990872621343,0.0501829691941698
warmup_results_0_8_linux2_i7_4790___Graal-default-java.json#nbody---25,55.968410329725,0.25125,0.530013000000001,0.0274839275333888,0.0483631794642501
warmup_results_0_8_linux2_i7_4790___Graal-default-java.json#nbody---27,55.977721124688,0.253175,0.5637650000000007,0.0024708630981378,0.0499867677794736
warmup_results_0_8_linux2_i7_4790___Graal-default-java.json#nbody---29,55.977721124688,0.253175,0.5637650000000007,0.0024708630981378,0.0499867677794736
warmup_results_0_8_linux2_i7_4790___Graal-default-java.json#nbody---7,55.977721124688,0.253175,0.5637650000000007,0.0024708630981378,0.0499867677794736
warmup_results_0_8_linux2_i7_4790___Graal-default-java.json#nbody---28,55.975482971583,0.252935,0.5517720000000006,0.032476920184928,0.0494353897968124
warmup_results_0_8_linux2_i7_4790___Graal-default-java.json#nbody---3,55.975482971583,0.252935,0.5517720000000006,0.032476920184928,0.0494353897968124
warmup_results_0_8_linux2_i7_4790___Graal-default-java.json#nbody---9,55.975482971583,0.252935,0.5517720000000006,0.032476920184928,0.0494353897968124
warmup_results_0_8_linux2_i7_4790___Graal-default-java.json#nbody---5,55.990742069984,0.254209,0.6367020000000008,0.0128517794871008,0.0439575979514325
warmup_results_0_8_linux2_i7_4790___Graal-default-java.json#richards---0,171.215753505262,1.073695,2.765974,-0.0383710175278962,0.4257591022205482
warmup_results_0_8_linux2_i7_4790___Graal-default-java.json#richards---3,171.215753505262,1.073695,2.765974,-0.0383710175278962,0.4257591022205482
warmup_results_0_8_linux2_i7_4790___Graal-default-java.json#richards---1,157.416198041852,1.094793,2.119675,0.0258879276105558,0.4435385487624034
warmup_results_0_8_linux2_i7_4790___Graal-default-java.json#richards---10,162.965636698424,1.088455,1.3183819999999988,0.0144564184097128,0.4373366967451391
warmup_results_0_8_linux2_i7_4790___Graal-default-java.json#richards---11,157.54927480119602,1.045176,1.092810000000001,0.0664440860665675,0.4157102225176434
warmup_results_0_8_linux2_i7_4790___Graal-default-java.json#richards---12,156.909376086508,1.091532,1.2456840000000005,0.1160155672000264,0.4413902921960675
warmup_results_0_8_linux2_i7_4790___Graal-default-java.json#richards---19,156.909376086508,1.091532,1.2456840000000005,0.1160155672000264,0.4413902921960675
warmup_results_0_8_linux2_i7_4790___Graal-default-java.json#richards---6,156.909376086508,1.091532,1.2456840000000005,0.1160155672000264,0.4413902921960675
warmup_results_0_8_linux2_i7_4790___Graal-default-java.json#richards---8,156.909376086508,1.091532,1.2456840000000005,0.1160155672000264,0.4413902921960675
warmup_results_0_8_linux2_i7_4790___Graal-default-java.json#richards---13,163.33245619052397,1.065179,1.7468609999999978,0.0252890160368436,0.4237927660803309
warmup_results_0_8_linux2_i7_4790___Graal-default-java.json#richards---26,163.33245619052397,1.065179,1.7468609999999978,0.0252890160368436,0.4237927660803309
warmup_results_0_8_linux2_i7_4790___Graal-default-java.json#richards---29,163.33245619052397,1.065179,1.7468609999999978,0.0252890160368436,0.4237927660803309
warmup_results_0_8_linux2_i7_4790___Graal-default-java.json#richards---14,158.33307472291204,1.06963,1.1303110000000005,0.110402347383943,0.4286486071669146
warmup_results_0_8_linux2_i7_4790___Graal-default-java.json#richards---9,158.33307472291204,1.06963,1.1303110000000005,0.110402347383943,0.4286486071669146
warmup_results_0_8_linux2_i7_4790___Graal-default-java.json#richards---15,157.15485056300702,1.085702,1.2022339999999982,0.0644573610464532,0.4379079784147767
warmup_results_0_8_linux2_i7_4790___Graal-default-java.json#richards---16,162.09492346537198,1.052853,1.274588,-0.0115136399449082,0.4181616181992601
warmup_results_0_8_linux2_i7_4790___Graal-default-java.json#richards---18,162.09492346537198,1.052853,1.274588,-0.0115136399449082,0.4181616181992601
warmup_results_0_8_linux2_i7_4790___Graal-default-java.json#richards---17,158.392726245566,1.118701,1.3046890000000009,0.0591101634205276,0.4552995239832879
warmup_results_0_8_linux2_i7_4790___Graal-default-java.json#richards---21,157.00806022669602,1.051866,1.2414969999999996,0.031633532646408,0.4198520810328601
warmup_results_0_8_linux2_i7_4790___Graal-default-java.json#richards---22,156.799887296688,1.080299,1.2213390000000006,-0.0397618645554418,0.4350708715535311
warmup_results_0_8_linux2_i7_4790___Graal-default-java.json#richards---24,157.244192165268,1.05001,1.0537569999999994,0.0330650506521053,0.4195683818403217
warmup_results_0_8_linux2_i7_4790___Graal-default-java.json#richards---28,157.244192165268,1.05001,1.0537569999999994,0.0330650506521053,0.4195683818403217
warmup_results_0_8_linux2_i7_4790___Graal-default-java.json#richards---4,159.522341043582,1.066205,1.103415000000001,0.03995997229358,0.4261234736817253
warmup_results_0_8_linux2_i7_4790___Graal-default-java.json#richards---5,156.926834389964,1.072324,1.254450000000002,0.0569427271598367,0.4304514049933406
warmup_results_0_8_linux2_i7_4790___Graal-default-java.json#richards---7,163.26214738329298,1.073815,1.1662110000000012,0.0652807316541444,0.4281488140475559
warmup_results_0_8_linux2_i7_4790___Graal-default-java.json#spectralnorm---16,2143.33512301039,1.075758,0.2107939999999974,0.0651435888235105,-0.0204983007386303
warmup_results_0_8_linux2_i7_4790___Graal-default-java.json#spectralnorm---11,2143.598057387276,1.038559,0.1345870000000074,0.0641862868994035,-0.0310268568875085
warmup_results_0_8_linux2_i7_4790___Graal-default-java.json#spectralnorm---12,2143.7587631645592,1.045614,0.1514110000000057,0.0518405506802177,-0.0310172592319395
warmup_results_0_8_linux2_i7_4790___Graal-default-java.json#spectralnorm---24,2143.7587631645592,1.045614,0.1514110000000057,0.0518405506802177,-0.0310172592319395
warmup_results_0_8_linux2_i7_4790___Graal-default-java.json#spectralnorm---17,2142.931802035807,1.043307,0.1426540000000157,0.0177857071883646,-0.0295369707457384
warmup_results_0_8_linux2_i7_4790___Graal-default-java.json#spectralnorm---7,2142.931802035807,1.043307,0.1426540000000157,0.0177857071883646,-0.0295369707457384
warmup_results_0_8_linux2_i7_4790___Graal-default-java.json#spectralnorm---18,2142.9859588546133,1.039321,0.1177740000000058,0.0168298882715675,-0.0203465228662098
warmup_results_0_8_linux2_i7_4790___Graal-default-java.json#spectralnorm---2,2143.166105190648,1.047806,0.1435470000000099,0.0501294089590768,-0.0196890268578873
warmup_results_0_8_linux2_i7_4790___Graal-default-java.json#spectralnorm---22,2143.166105190648,1.047806,0.1435470000000099,0.0501294089590768,-0.0196890268578873
warmup_results_0_8_linux2_i7_4790___Graal-default-java.json#spectralnorm---23,2143.166105190648,1.047806,0.1435470000000099,0.0501294089590768,-0.0196890268578873
warmup_results_0_8_linux2_i7_4790___Graal-default-java.json#spectralnorm---20,2143.854071927672,1.041987,0.1222260000000121,0.0302348650103772,-0.0177191437026996
warmup_results_0_8_linux2_i7_4790___Graal-default-java.json#spectralnorm---21,2143.059807417067,1.038751,0.1462420000000038,0.0511954223109116,-0.0315812814516703
warmup_results_0_8_linux2_i7_4790___Graal-default-java.json#spectralnorm---25,2142.964878123259,1.045168,0.1364920000000106,0.0221505056595931,-0.0238574088130337
warmup_results_0_8_linux2_i7_4790___Graal-default-java.json#spectralnorm---28,2143.327426520808,1.051725,0.1425900000000013,0.0470498960488054,-0.0156843305928606
warmup_results_0_8_linux2_i7_4790___Graal-default-java.json#spectralnorm---29,2143.6415366981573,1.041225,0.1397410000000067,0.0813842371738524,-0.0287071541720675
warmup_results_0_8_linux2_i7_4790___Graal-default-java.json#spectralnorm---4,2143.6415366981573,1.041225,0.1397410000000067,0.0813842371738524,-0.0287071541720675
warmup_results_0_8_linux2_i7_4790___Graal-default-java.json#spectralnorm---3,2143.0152222081915,1.041988,0.1348699999999891,0.0273423151569112,-0.0226810463868899
warmup_results_0_8_linux2_i7_4790___HHVM-default-php.json#binarytrees---10,10947.938846379446,2.353667,1.2011440000000042,0.4253633172436404,0.0119898848046036
warmup_results_0_8_linux2_i7_4790___HHVM-default-php.json#binarytrees---3,11157.695703376088,2.619756,2.999987999999985,0.0475433300943628,0.0122234132126302
warmup_results_0_8_linux2_i7_4790___HHVM-default-php.json#binarytrees---16,10771.11104393818,2.343694,0.7047260000000084,0.0938691988786868,0.0115436882787285
warmup_results_0_8_linux2_i7_4790___HHVM-default-php.json#binarytrees---19,11063.69733758432,2.602866,2.77394200000001,-0.2420723339477833,0.0128953596430642
warmup_results_0_8_linux2_i7_4790___HHVM-default-php.json#binarytrees---5,11122.463625597333,2.385025,0.5918870000000069,0.1653016545549728,0.0121521700487536
warmup_results_0_8_linux2_i7_4790___HHVM-default-php.json#binarytrees---22,10856.30162592666,2.557363,1.3998719999999991,0.0149342998079315,0.0120421110463549
warmup_results_0_8_linux2_i7_4790___HHVM-default-php.json#binarytrees---23,10967.225849298378,2.367419,1.2160910000000067,0.3104782923603885,0.0119990205582183
warmup_results_0_8_linux2_i7_4790___HHVM-default-php.json#binarytrees---29,10751.443418723487,2.34225,1.1355699999999742,0.3314440082828753,0.0117856764282717
warmup_results_0_8_linux2_i7_4790___HHVM-default-php.json#binarytrees---4,11173.88687211067,2.460225,1.300512999999989,0.1592404406299062,0.0064442866936545
warmup_results_0_8_linux2_i7_4790___HHVM-default-php.json#binarytrees---7,10825.599312376984,2.46357,1.1881379999999968,0.040865432570646,0.0095384034114912
warmup_results_0_8_linux2_i7_4790___HHVM-default-php.json#fannkuch_redux---1,4300.253145438178,5.837655,4.537118000000005,1.0913882258099257e-05,0.0135614373031184
warmup_results_0_8_linux2_i7_4790___HHVM-default-php.json#fannkuch_redux---7,4300.253145438178,5.837655,4.537118000000005,1.0913882258099257e-05,0.0135614373031184
warmup_results_0_8_linux2_i7_4790___HHVM-default-php.json#fannkuch_redux---10,4307.582617635431,5.838538,6.349917000000003,-2.760938467130909e-05,0.0136376337772198
warmup_results_0_8_linux2_i7_4790___HHVM-default-php.json#fannkuch_redux---11,4304.400446209396,5.852008,4.556716999999993,2.7889443369506785e-05,0.0172425997414615
warmup_results_0_8_linux2_i7_4790___HHVM-default-php.json#fannkuch_redux---24,4304.400446209396,5.852008,4.556716999999993,2.7889443369506785e-05,0.0172425997414615
warmup_results_0_8_linux2_i7_4790___HHVM-default-php.json#fannkuch_redux---12,4324.323069921068,5.838272,5.376770000000002,-0.0001209081247223,0.0138240246910572
warmup_results_0_8_linux2_i7_4790___HHVM-default-php.json#fannkuch_redux---13,4377.502216148993,5.84152,4.545728999999998,8.34669995685942e-06,0.0136948617475144
warmup_results_0_8_linux2_i7_4790___HHVM-default-php.json#fannkuch_redux---14,4325.891753984263,5.843251,4.545906,-6.608341461127116e-06,0.0141025005166454
warmup_results_0_8_linux2_i7_4790___HHVM-default-php.json#fannkuch_redux---4,4359.583518981314,5.838008,5.3346960000000045,-1.3499785715909748e-05,0.0136675377749414
warmup_results_0_8_linux2_i7_4790___HHVM-default-php.json#fannkuch_redux---16,4306.260735269606,5.838384,4.594344000000005,2.033723743613213e-06,0.0134375911030503
warmup_results_0_8_linux2_i7_4790___HHVM-default-php.json#fannkuch_redux---19,4307.958599557208,5.842565,4.602279999999996,1.3801922489034688e-05,0.0135982861854128
warmup_results_0_8_linux2_i7_4790___HHVM-default-php.json#fannkuch_redux---27,4307.958599557208,5.842565,4.602279999999996,1.3801922489034688e-05,0.0135982861854128
warmup_results_0_8_linux2_i7_4790___HHVM-default-php.json#fannkuch_redux---20,4404.122634662246,5.84798,4.607957000000003,1.6968633958867675e-05,0.0140148382910125
warmup_results_0_8_linux2_i7_4790___HHVM-default-php.json#fannkuch_redux---22,4303.685120265371,5.837786,5.753168000000004,-1.2189615108919882e-05,0.0139245830979615
warmup_results_0_8_linux2_i7_4790___HHVM-default-php.json#fannkuch_redux---28,4307.328179355244,5.837641,4.643364,-4.2468990676917e-05,0.0133259701697633
warmup_results_0_8_linux2_i7_4790___HHVM-default-php.json#fannkuch_redux---26,4313.7928363918,5.838447,4.602053000000002,2.726638444423164e-05,0.0130092766045023
warmup_results_0_8_linux2_i7_4790___HHVM-default-php.json#fannkuch_redux---29,4372.064961800686,5.845844,5.28044899999999,1.56085455713836e-05,0.0174002049819745
warmup_results_0_8_linux2_i7_4790___HHVM-default-php.json#fannkuch_redux---3,4341.630062578328,5.838163,7.107064000000001,-9.86016955924918e-06,0.0139217458893444
warmup_results_0_8_linux2_i7_4790___HHVM-default-php.json#fasta---21,1343.5112350662218,1.206496,0.5117519999999997,-0.0002596711657465,0.0237177522431452
warmup_results_0_8_linux2_i7_4790___HHVM-default-php.json#fasta---25,1287.8636447673632,1.192168,0.5400249999999975,0.0006162582594412,0.02372691358748
warmup_results_0_8_linux2_i7_4790___HHVM-default-php.json#nbody---0,28622.895913220127,8.825142,5.960110999999982,-0.0018599336272963,0.0379291927789117
warmup_results_0_8_linux2_i7_4790___HHVM-default-php.json#nbody---17,28622.895913220127,8.825142,5.960110999999982,-0.0018599336272963,0.0379291927789117
warmup_results_0_8_linux2_i7_4790___HHVM-default-php.json#nbody---1,28664.58902827017,8.828634,5.799932000000005,-0.0017912726368941,0.0382088081844217
warmup_results_0_8_linux2_i7_4790___HHVM-default-php.json#nbody---11,28699.052518513672,8.852505,5.930231000000011,-0.0014364117943448,0.0378418685947178
warmup_results_0_8_linux2_i7_4790___HHVM-default-php.json#nbody---5,28957.09585764279,8.841449,7.413399000000041,-0.000474516752037,0.0383434674150591
warmup_results_0_8_linux2_i7_4790___HHVM-default-php.json#nbody---15,28604.020201870426,8.825757,5.804036000000025,-0.0018493292331198,0.0381048902787795
warmup_results_0_8_linux2_i7_4790___HHVM-default-php.json#nbody---18,29306.697215667205,8.844869,6.317963999999963,-0.0011388605649153,0.0379049993483812
warmup_results_0_8_linux2_i7_4790___HHVM-default-php.json#nbody---25,29306.697215667205,8.844869,6.317963999999963,-0.0011388605649153,0.0379049993483812
warmup_results_0_8_linux2_i7_4790___HHVM-default-php.json#nbody---28,28646.68732758204,8.829735,5.797768000000021,-0.0019584171868929,0.0383116234321122
warmup_results_0_8_linux2_i7_4790___HHVM-default-php.json#nbody---22,29079.09659690036,8.843996,5.808592999999979,-0.0022586680548833,0.0382433053194655
warmup_results_0_8_linux2_i7_4790___HHVM-default-php.json#nbody---24,28726.3230257975,8.831633,5.7936079999999865,-0.0017971154362358,0.0380522501319284
warmup_results_0_8_linux2_i7_4790___HHVM-default-php.json#nbody---29,28669.584655329545,8.831549,6.060292999999993,-0.0021234242255109,0.0380814998102684
warmup_results_0_8_linux2_i7_4790___HHVM-default-php.json#nbody---6,28882.37223746969,8.843567,5.976988000000008,-0.0021125427823016,0.0378488969979799
warmup_results_0_8_linux2_i7_4790___HHVM-default-php.json#spectralnorm---18,5810.748101299208,4.036903,2.449664999999998,-0.0076093582248764,0.0163814844781173
warmup_results_0_8_linux2_i7_4790___HHVM-default-php.json#spectralnorm---25,5810.748101299208,4.036903,2.449664999999998,-0.0076093582248764,0.0163814844781173
warmup_results_0_8_linux2_i7_4790___HHVM-default-php.json#spectralnorm---8,5810.748101299208,4.036903,2.449664999999998,-0.0076093582248764,0.0163814844781173
warmup_results_0_8_linux2_i7_4790___HHVM-default-php.json#spectralnorm---11,5809.409243981895,4.035888,2.4527739999999905,-0.0071529281363977,0.0158368627420049
warmup_results_0_8_linux2_i7_4790___HHVM-default-php.json#spectralnorm---14,5811.465745151363,4.036064,2.464436999999992,-0.0077401753665903,0.0159144029389775
warmup_results_0_8_linux2_i7_4790___HHVM-default-php.json#spectralnorm---15,5807.96934645207,4.035555,2.446173999999996,-0.0073874369330258,0.015681841472342
warmup_results_0_8_linux2_i7_4790___HHVM-default-php.json#spectralnorm---2,5807.96934645207,4.035555,2.446173999999996,-0.0073874369330258,0.015681841472342
warmup_results_0_8_linux2_i7_4790___HHVM-default-php.json#spectralnorm---17,5807.064976270856,4.035461,2.451681000000004,-0.0072741849251358,0.0162445464108049
warmup_results_0_8_linux2_i7_4790___HHVM-default-php.json#spectralnorm---20,5810.451805368874,4.035475,2.478136000000006,-0.0085878705315891,0.0155794705787139
warmup_results_0_8_linux2_i7_4790___HHVM-default-php.json#spectralnorm---24,5809.294303485663,4.035664,2.452574000000012,-0.0070244453637211,0.0162731804713051
warmup_results_0_8_linux2_i7_4790___HHVM-default-php.json#spectralnorm---26,5808.991948951138,4.035959,2.455619000000017,-0.0083814287636903,0.0153983300185779
warmup_results_0_8_linux2_i7_4790___HHVM-default-php.json#spectralnorm---9,5806.982995604774,4.036611,2.446434000000007,-0.0079776268924707,0.0160960890528521
warmup_results_0_8_linux2_i7_4790___Hotspot-default-java.json#binarytrees---0,72.208484188184,0.247109,0.932208,0.0565878835333849,0.0310886452289014
warmup_results_0_8_linux2_i7_4790___Hotspot-default-java.json#binarytrees---11,72.208484188184,0.247109,0.932208,0.0565878835333849,0.0310886452289014
warmup_results_0_8_linux2_i7_4790___Hotspot-default-java.json#binarytrees---6,72.208484188184,0.247109,0.932208,0.0565878835333849,0.0310886452289014
warmup_results_0_8_linux2_i7_4790___Hotspot-default-java.json#binarytrees---1,72.75521966313698,0.247714,0.9867680000000012,-0.0170893530035983,0.0425989919901549
warmup_results_0_8_linux2_i7_4790___Hotspot-default-java.json#binarytrees---14,72.75521966313698,0.247714,0.9867680000000012,-0.0170893530035983,0.0425989919901549
warmup_results_0_8_linux2_i7_4790___Hotspot-default-java.json#binarytrees---10,72.174646763113,0.250849,0.9453909999999994,0.0031707144874296,0.0436171389725643
warmup_results_0_8_linux2_i7_4790___Hotspot-default-java.json#binarytrees---18,72.174646763113,0.250849,0.9453909999999994,0.0031707144874296,0.0436171389725643
warmup_results_0_8_linux2_i7_4790___Hotspot-default-java.json#binarytrees---2,71.25309429149799,0.250223,0.9511919999999996,0.0359144505794105,0.033305220142173
warmup_results_0_8_linux2_i7_4790___Hotspot-default-java.json#binarytrees---22,71.25309429149799,0.250223,0.9511919999999996,0.0359144505794105,0.033305220142173
warmup_results_0_8_linux2_i7_4790___Hotspot-default-java.json#binarytrees---13,72.240480597735,0.250766,0.920379,-0.0237137104083041,0.0449555053299528
warmup_results_0_8_linux2_i7_4790___Hotspot-default-java.json#binarytrees---23,72.240480597735,0.250766,0.920379,-0.0237137104083041,0.0449555053299528
warmup_results_0_8_linux2_i7_4790___Hotspot-default-java.json#binarytrees---15,71.29885936808,0.250355,0.9256849999999998,0.0160751609635837,0.0454542631470879
warmup_results_0_8_linux2_i7_4790___Hotspot-default-java.json#binarytrees---16,72.265769658843,0.24689,0.9330479999999992,0.0420766870462465,0.042659214125425
warmup_results_0_8_linux2_i7_4790___Hotspot-default-java.json#binarytrees---17,72.194599120712,0.251128,0.9688379999999998,-0.0331734313403532,0.0330931883939468
warmup_results_0_8_linux2_i7_4790___Hotspot-default-java.json#binarytrees---19,72.18993826012799,0.246632,0.9187499999999996,-0.0233897412360736,0.030634633565019
warmup_results_0_8_linux2_i7_4790___Hotspot-default-java.json#binarytrees---20,71.339623400501,0.249916,0.9516240000000004,-0.0049770872123093,0.033251435901148
warmup_results_0_8_linux2_i7_4790___Hotspot-default-java.json#binarytrees---21,72.191150898581,0.251349,0.9280949999999996,0.0092716881517838,0.0438640550549579
warmup_results_0_8_linux2_i7_4790___Hotspot-default-java.json#binarytrees---24,72.25265645624299,0.247355,0.978849,0.0384907044376167,0.0311352492651274
warmup_results_0_8_linux2_i7_4790___Hotspot-default-java.json#binarytrees---25,72.241150666518,0.250612,0.9681070000000004,0.0245386707016033,0.044831035164602
warmup_results_0_8_linux2_i7_4790___Hotspot-default-java.json#binarytrees---26,71.40647421175399,0.254282,0.9217840000000008,0.0152001872144738,0.0475140302464118
warmup_results_0_8_linux2_i7_4790___Hotspot-default-java.json#binarytrees---27,72.321402845991,0.250909,0.9242899999999986,0.0325419899068215,0.0435512094042166
warmup_results_0_8_linux2_i7_4790___Hotspot-default-java.json#binarytrees---9,72.321402845991,0.250909,0.9242899999999986,0.0325419899068215,0.0435512094042166
warmup_results_0_8_linux2_i7_4790___Hotspot-default-java.json#binarytrees---28,72.83279196074398,0.250716,0.9676540000000003,0.0298632648830491,0.0446437436720801
warmup_results_0_8_linux2_i7_4790___Hotspot-default-java.json#binarytrees---29,72.76223003195199,0.250283,1.0330649999999992,0.0033050636646688,0.0446302619420676
warmup_results_0_8_linux2_i7_4790___Hotspot-default-java.json#binarytrees---3,71.30895094156801,0.250288,0.9530559999999998,0.001915255305177,0.0333769227660103
warmup_results_0_8_linux2_i7_4790___Hotspot-default-java.json#binarytrees---5,71.30895094156801,0.250288,0.9530559999999998,0.001915255305177,0.0333769227660103
warmup_results_0_8_linux2_i7_4790___Hotspot-default-java.json#binarytrees---4,72.285292758656,0.250305,0.926623,0.0392583325345362,0.043011747651673
warmup_results_0_8_linux2_i7_4790___Hotspot-default-java.json#binarytrees---7,72.80149764679697,0.250197,0.9638690000000002,0.0355384885715081,0.0327318771332629
warmup_results_0_8_linux2_i7_4790___Hotspot-default-java.json#binarytrees---8,72.32496733984598,0.250945,0.9340309999999998,0.0222219115106264,0.0449874451150744
warmup_results_0_8_linux2_i7_4790___Hotspot-default-java.json#fannkuch_redux---0,269.547932032475,0.384079,0.599871,0.0932421450391707,0.0100947870788944
warmup_results_0_8_linux2_i7_4790___Hotspot-default-java.json#fannkuch_redux---1,244.975031440837,0.395226,0.4391630000000014,0.0586890589974231,0.0103683005718113
warmup_results_0_8_linux2_i7_4790___Hotspot-default-java.json#fannkuch_redux---14,270.956151758735,0.383146,0.5814239999999979,0.0898540672371134,0.008510903369932
warmup_results_0_8_linux2_i7_4790___Hotspot-default-java.json#fannkuch_redux---27,244.78001590261005,0.38593,0.3775029999999979,-0.0088729148709106,0.0039652186223861
warmup_results_0_8_linux2_i7_4790___Hotspot-default-java.json#fannkuch_redux---5,269.24549229178,0.382495,0.3911260000000006,-0.0344816445384348,0.0087311632202924
warmup_results_0_8_linux2_i7_4790___Hotspot-default-java.json#fannkuch_redux---16,269.3321006277371,0.380763,0.2780570000000005,-0.0203969556884293,0.0077877154800744
warmup_results_0_8_linux2_i7_4790___Hotspot-default-java.json#fannkuch_redux---17,269.3321006277371,0.380763,0.2780570000000005,-0.0203969556884293,0.0077877154800744
warmup_results_0_8_linux2_i7_4790___Hotspot-default-java.json#fannkuch_redux---19,245.308056225465,0.391514,0.356969,-0.0186483577088493,0.0069019193803922
warmup_results_0_8_linux2_i7_4790___Hotspot-default-java.json#fannkuch_redux---2,245.76195895744297,0.394527,0.3981990000000006,-0.0097502461666163,0.0083853932434527
warmup_results_0_8_linux2_i7_4790___Hotspot-default-java.json#fannkuch_redux---21,244.591597901208,0.389616,0.6916950000000003,0.0176381101806002,0.0082986594197638
warmup_results_0_8_linux2_i7_4790___Hotspot-default-java.json#fannkuch_redux---3,244.591597901208,0.389616,0.6916950000000003,0.0176381101806002,0.0082986594197638
warmup_results_0_8_linux2_i7_4790___Hotspot-default-java.json#fannkuch_redux---22,244.0695761820361,0.387945,0.3444580000000001,-0.0031684497853892,0.0069656938992729
warmup_results_0_8_linux2_i7_4790___Hotspot-default-java.json#fannkuch_redux---24,245.41209336995703,0.394172,0.4781380000000014,-0.0095835376783372,0.0083635168377184
warmup_results_0_8_linux2_i7_4790___Hotspot-default-java.json#fannkuch_redux---26,272.672035780862,0.38466,0.5242810000000004,0.0389987083926413,0.0086719004643739
warmup_results_0_8_linux2_i7_4790___Hotspot-default-java.json#fannkuch_redux---28,244.623328680368,0.392785,0.4276869999999977,-0.0261371636743238,0.0088705300900972
warmup_results_0_8_linux2_i7_4790___Hotspot-default-java.json#fannkuch_redux---4,244.5676168003021,0.386856,0.6585619999999999,-0.003009847509399,0.0061927300921806
warmup_results_0_8_linux2_i7_4790___Hotspot-default-java.json#fannkuch_redux---6,271.442951487221,0.38182,0.7706640000000005,0.2443253602842333,0.0074150470322945
warmup_results_0_8_linux2_i7_4790___Hotspot-default-java.json#fannkuch_redux---8,244.41792588814,0.386765,0.6313109999999986,-0.0400934756192357,0.0060506679800535
warmup_results_0_8_linux2_i7_4790___Hotspot-default-java.json#fasta---0,24.175273800988005,0.124023,0.6371939999999996,-0.2590348174717538,0.0064908509105109
warmup_results_0_8_linux2_i7_4790___Hotspot-default-java.json#fasta---1,24.102467175760005,0.124189,0.6465460000000001,-0.2655013864253241,0.0065195931762002
warmup_results_0_8_linux2_i7_4790___Hotspot-default-java.json#fasta---13,24.102467175760005,0.124189,0.6465460000000001,-0.2655013864253241,0.0065195931762002
warmup_results_0_8_linux2_i7_4790___Hotspot-default-java.json#fasta---7,24.102467175760005,0.124189,0.6465460000000001,-0.2655013864253241,0.0065195931762002
warmup_results_0_8_linux2_i7_4790___Hotspot-default-java.json#fasta---10,24.24871863857,0.124566,0.639867,-0.2756575553167189,0.0060647438965556
warmup_results_0_8_linux2_i7_4790___Hotspot-default-java.json#fasta---11,24.24871863857,0.124566,0.639867,-0.2756575553167189,0.0060647438965556
warmup_results_0_8_linux2_i7_4790___Hotspot-default-java.json#fasta---17,24.24871863857,0.124566,0.639867,-0.2756575553167189,0.0060647438965556
warmup_results_0_8_linux2_i7_4790___Hotspot-default-java.json#fasta---12,24.267239856820005,0.123947,0.6618099999999999,-0.2889864573144993,0.0060123811007071
warmup_results_0_8_linux2_i7_4790___Hotspot-default-java.json#fasta---18,24.267239856820005,0.123947,0.6618099999999999,-0.2889864573144993,0.0060123811007071
warmup_results_0_8_linux2_i7_4790___Hotspot-default-java.json#fasta---27,24.267239856820005,0.123947,0.6618099999999999,-0.2889864573144993,0.0060123811007071
warmup_results_0_8_linux2_i7_4790___Hotspot-default-java.json#fasta---14,24.079037491617,0.125316,0.6412500000000002,-0.2582762511226502,0.0063376167021207
warmup_results_0_8_linux2_i7_4790___Hotspot-default-java.json#fasta---15,24.687043720074,0.12483,0.6478709999999999,-0.2705818250099363,0.0056857256774473
warmup_results_0_8_linux2_i7_4790___Hotspot-default-java.json#fasta---16,24.086230358372006,0.124286,0.6346000000000004,-0.2847097627495615,0.0063210064051558
warmup_results_0_8_linux2_i7_4790___Hotspot-default-java.json#fasta---25,24.086230358372006,0.124286,0.6346000000000004,-0.2847097627495615,0.0063210064051558
warmup_results_0_8_linux2_i7_4790___Hotspot-default-java.json#fasta---19,24.788050381678005,0.12666,0.6210379999999998,-0.2844051902305335,0.0056891576853277
warmup_results_0_8_linux2_i7_4790___Hotspot-default-java.json#fasta---9,24.788050381678005,0.12666,0.6210379999999998,-0.2844051902305335,0.0056891576853277
warmup_results_0_8_linux2_i7_4790___Hotspot-default-java.json#fasta---2,24.685539589502,0.126048,0.6571389999999995,-0.2917939585254922,0.0065737755132998
warmup_results_0_8_linux2_i7_4790___Hotspot-default-java.json#fasta---20,24.385341752385006,0.1244,0.6199199999999997,-0.2824851913595727,0.0058573771586812
warmup_results_0_8_linux2_i7_4790___Hotspot-default-java.json#fasta---21,24.050470121866,0.124709,0.6145840000000002,-0.2636560100151993,0.0063205118369427
warmup_results_0_8_linux2_i7_4790___Hotspot-default-java.json#fasta---22,24.125166342065995,0.12286,0.6165599999999991,-0.2864782967460992,0.004569122398207
warmup_results_0_8_linux2_i7_4790___Hotspot-default-java.json#fasta---23,24.700892344686,0.126911,0.6534420000000001,-0.294965891669095,0.0059949365005229
warmup_results_0_8_linux2_i7_4790___Hotspot-default-java.json#fasta---24,24.744842618979,0.124813,0.6316410000000006,-0.271765831912434,0.0056223926941406
warmup_results_0_8_linux2_i7_4790___Hotspot-default-java.json#fasta---26,24.38526104232901,0.124296,0.650496,-0.2637522959001082,0.0057526965957422
warmup_results_0_8_linux2_i7_4790___Hotspot-default-java.json#fasta---28,24.088910042074,0.124884,0.6645630000000001,-0.2814757405953428,0.0056061173278284
warmup_results_0_8_linux2_i7_4790___Hotspot-default-java.json#fasta---29,24.194466849994004,0.124788,0.6287720000000006,-0.2915632176262457,0.0063639324599583
warmup_results_0_8_linux2_i7_4790___Hotspot-default-java.json#fasta---6,24.194466849994004,0.124788,0.6287720000000006,-0.2915632176262457,0.0063639324599583
warmup_results_0_8_linux2_i7_4790___Hotspot-default-java.json#fasta---8,24.194466849994004,0.124788,0.6287720000000006,-0.2915632176262457,0.0063639324599583
warmup_results_0_8_linux2_i7_4790___Hotspot-default-java.json#fasta---3,24.322264826241,0.125929,0.644968999999999,-0.2739060658543516,0.0071361968651421
warmup_results_0_8_linux2_i7_4790___Hotspot-default-java.json#fasta---4,24.775649991865,0.126507,0.6495780000000002,-0.2848634289668704,0.0066888290696183
warmup_results_0_8_linux2_i7_4790___Hotspot-default-java.json#fasta---5,24.711335518378995,0.12434,0.6302229999999995,-0.2593616898702168,0.0057505957487989
warmup_results_0_8_linux2_i7_4790___Hotspot-default-java.json#nbody---0,60.42172668879199,0.177408,0.5829249999999999,0.3468556998656801,0.0019597643684269
warmup_results_0_8_linux2_i7_4790___Hotspot-default-java.json#nbody---19,60.42172668879199,0.177408,0.5829249999999999,0.3468556998656801,0.0019597643684269
warmup_results_0_8_linux2_i7_4790___Hotspot-default-java.json#nbody---1,60.381457617851,0.177255,0.6152569999999996,0.2796614320805799,0.0019206985733629
warmup_results_0_8_linux2_i7_4790___Hotspot-default-java.json#nbody---21,60.381457617851,0.177255,0.6152569999999996,0.2796614320805799,0.0019206985733629
warmup_results_0_8_linux2_i7_4790___Hotspot-default-java.json#nbody---10,60.42364054762899,0.177377,0.579812,0.3228173967035134,0.0019649266126011
warmup_results_0_8_linux2_i7_4790___Hotspot-default-java.json#nbody---4,60.42364054762899,0.177377,0.579812,0.3228173967035134,0.0019649266126011
warmup_results_0_8_linux2_i7_4790___Hotspot-default-java.json#nbody---5,60.42364054762899,0.177377,0.579812,0.3228173967035134,0.0019649266126011
warmup_results_0_8_linux2_i7_4790___Hotspot-default-java.json#nbody---11,60.425650500515005,0.177321,0.586915999999999,0.3021247727715216,0.0019173062636059
warmup_results_0_8_linux2_i7_4790___Hotspot-default-java.json#nbody---20,60.425650500515005,0.177321,0.586915999999999,0.3021247727715216,0.0019173062636059
warmup_results_0_8_linux2_i7_4790___Hotspot-default-java.json#nbody---22,60.425650500515005,0.177321,0.586915999999999,0.3021247727715216,0.0019173062636059
warmup_results_0_8_linux2_i7_4790___Hotspot-default-java.json#nbody---24,60.425650500515005,0.177321,0.586915999999999,0.3021247727715216,0.0019173062636059
warmup_results_0_8_linux2_i7_4790___Hotspot-default-java.json#nbody---12,60.42859489508,0.177357,0.5805199999999997,0.3388254364867814,0.0019271130685228
warmup_results_0_8_linux2_i7_4790___Hotspot-default-java.json#nbody---26,60.42859489508,0.177357,0.5805199999999997,0.3388254364867814,0.0019271130685228
warmup_results_0_8_linux2_i7_4790___Hotspot-default-java.json#nbody---13,60.434432789202,0.177478,0.5828220000000011,0.2960254186438746,0.0020091260170718
warmup_results_0_8_linux2_i7_4790___Hotspot-default-java.json#nbody---14,60.424221674512,0.177476,0.5788800000000003,0.3061429339985235,0.0020187127278758
warmup_results_0_8_linux2_i7_4790___Hotspot-default-java.json#nbody---29,60.424221674512,0.177476,0.5788800000000003,0.3061429339985235,0.0020187127278758
warmup_results_0_8_linux2_i7_4790___Hotspot-default-java.json#nbody---15,60.42852551854999,0.177354,0.5835029999999998,0.2867762276761973,0.0019525379076573
warmup_results_0_8_linux2_i7_4790___Hotspot-default-java.json#nbody---16,60.380235171679,0.17734,0.6120169999999993,0.2988345589182575,0.0019629578230867
warmup_results_0_8_linux2_i7_4790___Hotspot-default-java.json#nbody---18,60.380235171679,0.17734,0.6120169999999993,0.2988345589182575,0.0019629578230867
warmup_results_0_8_linux2_i7_4790___Hotspot-default-java.json#nbody---8,60.380235171679,0.17734,0.6120169999999993,0.2988345589182575,0.0019629578230867
warmup_results_0_8_linux2_i7_4790___Hotspot-default-java.json#nbody---17,60.428706020194,0.177387,0.5821270000000005,0.31711043223112,0.0019530848139053
warmup_results_0_8_linux2_i7_4790___Hotspot-default-java.json#nbody---2,60.380063763702,0.17756,0.6159079999999998,0.3119545003433377,0.0020274091031728
warmup_results_0_8_linux2_i7_4790___Hotspot-default-java.json#nbody---23,60.38525791639298,0.177311,0.6167410000000001,0.2758458792778699,0.0019571422474633
warmup_results_0_8_linux2_i7_4790___Hotspot-default-java.json#nbody---7,60.38525791639298,0.177311,0.6167410000000001,0.2758458792778699,0.0019571422474633
warmup_results_0_8_linux2_i7_4790___Hotspot-default-java.json#nbody---25,60.43344531411,0.177398,0.5810360000000003,0.303629453292336,0.0018227643909896
warmup_results_0_8_linux2_i7_4790___Hotspot-default-java.json#nbody---27,60.438741832968,0.177423,0.5856860000000002,0.3104603908487197,0.0019849897679156
warmup_results_0_8_linux2_i7_4790___Hotspot-default-java.json#nbody---28,60.434750226178,0.177438,0.5844239999999997,0.3458507209782995,0.001968385593821
warmup_results_0_8_linux2_i7_4790___Hotspot-default-java.json#nbody---9,60.434750226178,0.177438,0.5844239999999997,0.3458507209782995,0.001968385593821
warmup_results_0_8_linux2_i7_4790___Hotspot-default-java.json#nbody---3,60.439870143186994,0.177406,0.5870690000000011,0.3337038663242927,0.0019590696492719
warmup_results_0_8_linux2_i7_4790___Hotspot-default-java.json#nbody---6,60.438614716809,0.177433,0.580477000000001,0.31123484349004,0.0019731539131036
warmup_results_0_8_linux2_i7_4790___Hotspot-default-java.json#richards---0,152.84834407023004,0.285926,0.2844749999999989,-0.0035241014704726,0.0116886351051291
warmup_results_0_8_linux2_i7_4790___Hotspot-default-java.json#richards---29,152.84834407023004,0.285926,0.2844749999999989,-0.0035241014704726,0.0116886351051291
warmup_results_0_8_linux2_i7_4790___Hotspot-default-java.json#richards---1,141.34764451651398,0.274104,0.2705809999999997,0.0174253382870709,0.0120340518526161
warmup_results_0_8_linux2_i7_4790___Hotspot-default-java.json#richards---10,150.216779037138,0.285863,0.3570479999999991,-0.001278100977021,0.0116587395134634
warmup_results_0_8_linux2_i7_4790___Hotspot-default-java.json#richards---15,150.216779037138,0.285863,0.3570479999999991,-0.001278100977021,0.0116587395134634
warmup_results_0_8_linux2_i7_4790___Hotspot-default-java.json#richards---11,144.15281711363895,0.281974,0.2751289999999977,-0.0119020369896142,0.0112815888288524
warmup_results_0_8_linux2_i7_4790___Hotspot-default-java.json#richards---7,144.15281711363895,0.281974,0.2751289999999977,-0.0119020369896142,0.0112815888288524
warmup_results_0_8_linux2_i7_4790___Hotspot-default-java.json#richards---12,147.20181147860998,0.281494,0.3247570000000003,0.0144801739642449,0.0116062205265805
warmup_results_0_8_linux2_i7_4790___Hotspot-default-java.json#richards---8,147.20181147860998,0.281494,0.3247570000000003,0.0144801739642449,0.0116062205265805
warmup_results_0_8_linux2_i7_4790___Hotspot-default-java.json#richards---13,147.63590802999903,0.279649,0.4585559999999982,-0.0098276030214312,0.0112039954846091
warmup_results_0_8_linux2_i7_4790___Hotspot-default-java.json#richards---25,147.63590802999903,0.279649,0.4585559999999982,-0.0098276030214312,0.0112039954846091
warmup_results_0_8_linux2_i7_4790___Hotspot-default-java.json#richards---14,152.90479767871102,0.289306,0.3302099999999986,-0.0071292569319495,0.0124718879165728
warmup_results_0_8_linux2_i7_4790___Hotspot-default-java.json#richards---16,137.47095464827103,0.272922,0.2992839999999998,0.0125018174864948,0.0120596540025801
warmup_results_0_8_linux2_i7_4790___Hotspot-default-java.json#richards---17,144.88728561749,0.281956,0.4344519999999994,0.0256010835944034,0.011556365243165
warmup_results_0_8_linux2_i7_4790___Hotspot-default-java.json#richards---18,141.38011320804898,0.277101,0.3304309999999987,-0.0117050001699546,0.0125419117134701
warmup_results_0_8_linux2_i7_4790___Hotspot-default-java.json#richards---22,141.38011320804898,0.277101,0.3304309999999987,-0.0117050001699546,0.0125419117134701
warmup_results_0_8_linux2_i7_4790___Hotspot-default-java.json#richards---2,143.40190440469502,0.282113,0.3908580000000016,0.0044162988063512,0.0118316861922196
warmup_results_0_8_linux2_i7_4790___Hotspot-default-java.json#richards---20,146.75850183618502,0.281889,0.2967709999999993,-0.001738748075624,0.0119590296475338
warmup_results_0_8_linux2_i7_4790___Hotspot-default-java.json#richards---21,137.915896651124,0.291938,0.3772610000000018,0.0074254828011968,0.0194628779231992
warmup_results_0_8_linux2_i7_4790___Hotspot-default-java.json#richards---23,140.50813104000903,0.273151,0.3469520000000006,-0.0069848186976786,0.0115117912285173
warmup_results_0_8_linux2_i7_4790___Hotspot-default-java.json#richards---24,150.575139232937,0.287532,0.3738789999999996,-0.0017735899056303,0.011851098218558
warmup_results_0_8_linux2_i7_4790___Hotspot-default-java.json#richards---26,153.14019230006002,0.288667,0.2954029999999996,0.00166039753322,0.0118926247706287
warmup_results_0_8_linux2_i7_4790___Hotspot-default-java.json#richards---27,151.87460283356802,0.291712,0.2439500000000004,0.021354372634242,0.0115334694614845
warmup_results_0_8_linux2_i7_4790___Hotspot-default-java.json#richards---28,144.179664646243,0.278408,0.2931309999999994,-0.0035157983723525,0.0121456233517664
warmup_results_0_8_linux2_i7_4790___Hotspot-default-java.json#richards---3,141.008823975899,0.275978,0.306703000000001,0.0141022071119082,0.0115845654355252
warmup_results_0_8_linux2_i7_4790___Hotspot-default-java.json#richards---6,146.129490655461,0.329305,0.5362489999999996,-0.0463700892095513,0.0112660274976915
warmup_results_0_8_linux2_i7_4790___Hotspot-default-java.json#richards---9,149.249415825321,0.330413,0.4980400000000002,0.0210612401348386,0.0121204224266406
warmup_results_0_8_linux2_i7_4790___Hotspot-default-java.json#spectralnorm---0,456.678330572365,0.490881,0.044765999999996,0.1076273210590531,0.0069127906862069
warmup_results_0_8_linux2_i7_4790___Hotspot-default-java.json#spectralnorm---1,456.678330572365,0.490881,0.044765999999996,0.1076273210590531,0.0069127906862069
warmup_results_0_8_linux2_i7_4790___Hotspot-default-java.json#spectralnorm---10,456.54576359698274,0.489156,0.0454339999999881,0.1068564622464361,0.0059864962843836
warmup_results_0_8_linux2_i7_4790___Hotspot-default-java.json#spectralnorm---11,456.59897793311,0.490805,0.0474249999999903,0.1111941935656961,0.006882842469145
warmup_results_0_8_linux2_i7_4790___Hotspot-default-java.json#spectralnorm---12,456.59526313452267,0.489152,0.0495619999999936,0.1151785517530347,0.0059863495317129
warmup_results_0_8_linux2_i7_4790___Hotspot-default-java.json#spectralnorm---13,456.694682406875,0.490887,0.0550899999999909,0.1021308957808486,0.00689869840017
warmup_results_0_8_linux2_i7_4790___Hotspot-default-java.json#spectralnorm---18,456.694682406875,0.490887,0.0550899999999909,0.1021308957808486,0.00689869840017
warmup_results_0_8_linux2_i7_4790___Hotspot-default-java.json#spectralnorm---14,456.5615776101367,0.490809,0.0851939999999942,0.0901407692865126,0.0068599045565611
warmup_results_0_8_linux2_i7_4790___Hotspot-default-java.json#spectralnorm---15,456.6061950447738,0.490771,0.0543969999999887,0.0929007340706868,0.0068618918019692
warmup_results_0_8_linux2_i7_4790___Hotspot-default-java.json#spectralnorm---16,456.5853955119428,0.490718,0.0504619999999893,0.0976995309737727,0.0068979804956974
warmup_results_0_8_linux2_i7_4790___Hotspot-default-java.json#spectralnorm---9,456.5853955119428,0.490718,0.0504619999999893,0.0976995309737727,0.0068979804956974
warmup_results_0_8_linux2_i7_4790___Hotspot-default-java.json#spectralnorm---17,456.5447937306038,0.489208,0.0458759999999858,0.1143983323593718,0.0060234040718223
warmup_results_0_8_linux2_i7_4790___Hotspot-default-java.json#spectralnorm---29,456.5447937306038,0.489208,0.0458759999999858,0.1143983323593718,0.0060234040718223
warmup_results_0_8_linux2_i7_4790___Hotspot-default-java.json#spectralnorm---19,456.52870073983365,0.488982,0.0467129999999861,0.1223244128259585,0.0059637434377603
warmup_results_0_8_linux2_i7_4790___Hotspot-default-java.json#spectralnorm---27,456.52870073983365,0.488982,0.0467129999999861,0.1223244128259585,0.0059637434377603
warmup_results_0_8_linux2_i7_4790___Hotspot-default-java.json#spectralnorm---8,456.52870073983365,0.488982,0.0467129999999861,0.1223244128259585,0.0059637434377603
warmup_results_0_8_linux2_i7_4790___Hotspot-default-java.json#spectralnorm---2,456.5267024630136,0.490675,0.0448569999999875,0.1187493377719628,0.0068926553578753
warmup_results_0_8_linux2_i7_4790___Hotspot-default-java.json#spectralnorm---20,456.5423877892618,0.490683,0.0778469999999939,0.041492001629664,0.0068638377710965
warmup_results_0_8_linux2_i7_4790___Hotspot-default-java.json#spectralnorm---21,456.592209331481,0.490766,0.0658159999999891,0.1222124786305487,0.0068695897011237
warmup_results_0_8_linux2_i7_4790___Hotspot-default-java.json#spectralnorm---22,456.592209331481,0.490766,0.0658159999999891,0.1222124786305487,0.0068695897011237
warmup_results_0_8_linux2_i7_4790___Hotspot-default-java.json#spectralnorm---23,456.6204592071708,0.48922,0.0506689999999959,0.1192405326094713,0.0059952872505787
warmup_results_0_8_linux2_i7_4790___Hotspot-default-java.json#spectralnorm---24,456.55206658779474,0.490803,0.0494509999999945,0.1037916166494492,0.0068730476603367
warmup_results_0_8_linux2_i7_4790___Hotspot-default-java.json#spectralnorm---25,456.55206658779474,0.490803,0.0494509999999945,0.1037916166494492,0.0068730476603367
warmup_results_0_8_linux2_i7_4790___Hotspot-default-java.json#spectralnorm---28,456.55206658779474,0.490803,0.0494509999999945,0.1037916166494492,0.0068730476603367
warmup_results_0_8_linux2_i7_4790___Hotspot-default-java.json#spectralnorm---26,456.5986747594878,0.490821,0.0628589999999888,0.0902312995922837,0.0068902021138875
warmup_results_0_8_linux2_i7_4790___Hotspot-default-java.json#spectralnorm---3,456.5576933874628,0.490743,0.0601879999999914,0.1100033360886865,0.0068892100101372
warmup_results_0_8_linux2_i7_4790___Hotspot-default-java.json#spectralnorm---5,456.5576933874628,0.490743,0.0601879999999914,0.1100033360886865,0.0068892100101372
warmup_results_0_8_linux2_i7_4790___Hotspot-default-java.json#spectralnorm---4,456.6905046329151,0.490889,0.0577829999999949,0.1162799866125778,0.0068986228812486
warmup_results_0_8_linux2_i7_4790___Hotspot-default-java.json#spectralnorm---6,456.75864653015816,0.490845,0.0437450000000039,0.117151188645403,0.0068739900206095
warmup_results_0_8_linux2_i7_4790___Hotspot-default-java.json#spectralnorm---7,456.60636754993686,0.489147,0.0498269999999909,0.0936329789591217,0.006031843493045
warmup_results_0_8_linux2_i7_4790___JRubyTruffle-default-ruby.json#binarytrees---0,8088.183580034211,4.37817,11.97055399999999,0.0216188917334735,1.2555007373837297
warmup_results_0_8_linux2_i7_4790___JRubyTruffle-default-ruby.json#binarytrees---25,8088.183580034211,4.37817,11.97055399999999,0.0216188917334735,1.2555007373837297
warmup_results_0_8_linux2_i7_4790___JRubyTruffle-default-ruby.json#binarytrees---1,7710.580164923005,4.10963,11.059640000000003,0.0141344823779568,1.1453709184414549
warmup_results_0_8_linux2_i7_4790___JRubyTruffle-default-ruby.json#binarytrees---10,8092.96009274052,3.96235,11.286531999999994,0.0143450705205529,1.0247333161315153
warmup_results_0_8_linux2_i7_4790___JRubyTruffle-default-ruby.json#binarytrees---28,8092.96009274052,3.96235,11.286531999999994,0.0143450705205529,1.0247333161315153
warmup_results_0_8_linux2_i7_4790___JRubyTruffle-default-ruby.json#binarytrees---11,8073.877159838594,4.175978,12.458659,0.043492748348597,1.1512786395845906
warmup_results_0_8_linux2_i7_4790___JRubyTruffle-default-ruby.json#binarytrees---12,8057.671503372421,4.150085,11.168489,0.0354174589077188,1.1364853386081315
warmup_results_0_8_linux2_i7_4790___JRubyTruffle-default-ruby.json#binarytrees---3,8057.671503372421,4.150085,11.168489,0.0354174589077188,1.1364853386081315
warmup_results_0_8_linux2_i7_4790___JRubyTruffle-default-ruby.json#binarytrees---13,7683.171109278899,4.180949,11.513671999999996,0.0212299746560243,1.1834084035177872
warmup_results_0_8_linux2_i7_4790___JRubyTruffle-default-ruby.json#binarytrees---2,7683.171109278899,4.180949,11.513671999999996,0.0212299746560243,1.1834084035177872
warmup_results_0_8_linux2_i7_4790___JRubyTruffle-default-ruby.json#binarytrees---7,7683.171109278899,4.180949,11.513671999999996,0.0212299746560243,1.1834084035177872
warmup_results_0_8_linux2_i7_4790___JRubyTruffle-default-ruby.json#binarytrees---14,8184.635212179883,4.232063,14.618280999999996,0.017475572329033,1.1771813347504552
warmup_results_0_8_linux2_i7_4790___JRubyTruffle-default-ruby.json#binarytrees---22,8184.635212179883,4.232063,14.618280999999996,0.017475572329033,1.1771813347504552
warmup_results_0_8_linux2_i7_4790___JRubyTruffle-default-ruby.json#binarytrees---15,7689.757651334291,4.206903,11.452163000000002,-0.0063929715054288,1.2025581451066223
warmup_results_0_8_linux2_i7_4790___JRubyTruffle-default-ruby.json#binarytrees---16,8130.373375531824,4.030409,12.183316999999995,0.0155040903275253,1.0698735760637104
warmup_results_0_8_linux2_i7_4790___JRubyTruffle-default-ruby.json#binarytrees---21,8130.373375531824,4.030409,12.183316999999995,0.0155040903275253,1.0698735760637104
warmup_results_0_8_linux2_i7_4790___JRubyTruffle-default-ruby.json#binarytrees---8,7675.7731847497635,4.110668,11.945039999999995,0.0168703391034435,1.1460979449032815
warmup_results_0_8_linux2_i7_4790___JRubyTruffle-default-ruby.json#binarytrees---19,7724.933562420207,4.533598,12.880010000000004,0.0032164714639481,1.3661068647298893
warmup_results_0_8_linux2_i7_4790___JRubyTruffle-default-ruby.json#binarytrees---20,7724.933562420207,4.533598,12.880010000000004,0.0032164714639481,1.3661068647298893
warmup_results_0_8_linux2_i7_4790___JRubyTruffle-default-ruby.json#binarytrees---23,8119.771362833018,4.120093,11.056693999999991,0.0028726617104594,1.124226142167353
warmup_results_0_8_linux2_i7_4790___JRubyTruffle-default-ruby.json#binarytrees---9,8119.771362833018,4.120093,11.056693999999991,0.0028726617104594,1.124226142167353
warmup_results_0_8_linux2_i7_4790___JRubyTruffle-default-ruby.json#binarytrees---24,8108.712207444894,4.105642,10.946931999999997,0.0169207611417363,1.1069190021697437
warmup_results_0_8_linux2_i7_4790___JRubyTruffle-default-ruby.json#binarytrees---26,8005.443170764417,4.283259,12.218656000000005,0.0238065366998236,1.210515783996818
warmup_results_0_8_linux2_i7_4790___JRubyTruffle-default-ruby.json#binarytrees---29,7692.342519156995,4.091958,10.925823000000005,0.0171384439744712,1.129222917566503
warmup_results_0_8_linux2_i7_4790___JRubyTruffle-default-ruby.json#binarytrees---4,7751.099230784921,4.209966,10.765122,0.0528204643468123,1.2039463000126829
warmup_results_0_8_linux2_i7_4790___JRubyTruffle-default-ruby.json#binarytrees---5,7798.400639549021,4.094058,13.399016,0.0021378727322682,1.1212110455225397
warmup_results_0_8_linux2_i7_4790___JRubyTruffle-default-ruby.json#fannkuch_redux---0,2465.789186610284,4.769986,7.372969999999999,0.0033318782217402,2.0152914210719857
warmup_results_0_8_linux2_i7_4790___JRubyTruffle-default-ruby.json#fannkuch_redux---19,2465.789186610284,4.769986,7.372969999999999,0.0033318782217402,2.0152914210719857
warmup_results_0_8_linux2_i7_4790___JRubyTruffle-default-ruby.json#fannkuch_redux---1,2427.8513676951898,4.982961,7.985033,0.0015538040058233,2.11863534658146
warmup_results_0_8_linux2_i7_4790___JRubyTruffle-default-ruby.json#fannkuch_redux---10,2373.9480605446624,5.308236,8.866775000000004,0.0300393658883952,2.2839145099966376
warmup_results_0_8_linux2_i7_4790___JRubyTruffle-default-ruby.json#fannkuch_redux---14,2373.9480605446624,5.308236,8.866775000000004,0.0300393658883952,2.2839145099966376
warmup_results_0_8_linux2_i7_4790___JRubyTruffle-default-ruby.json#fannkuch_redux---20,2373.9480605446624,5.308236,8.866775000000004,0.0300393658883952,2.2839145099966376
warmup_results_0_8_linux2_i7_4790___JRubyTruffle-default-ruby.json#fannkuch_redux---11,2416.117300294611,5.084736,7.947399000000002,0.0078834433620253,2.186455085064602
warmup_results_0_8_linux2_i7_4790___JRubyTruffle-default-ruby.json#fannkuch_redux---12,2409.537723540769,4.778661,8.047765000000002,0.0358182235491283,2.023091138540367
warmup_results_0_8_linux2_i7_4790___JRubyTruffle-default-ruby.json#fannkuch_redux---13,2409.537723540769,4.778661,8.047765000000002,0.0358182235491283,2.023091138540367
warmup_results_0_8_linux2_i7_4790___JRubyTruffle-default-ruby.json#fannkuch_redux---28,2409.537723540769,4.778661,8.047765000000002,0.0358182235491283,2.023091138540367
warmup_results_0_8_linux2_i7_4790___JRubyTruffle-default-ruby.json#fannkuch_redux---15,2350.641472646676,5.473421,8.751987000000003,0.0290696326496978,2.3727530443758886
warmup_results_0_8_linux2_i7_4790___JRubyTruffle-default-ruby.json#fannkuch_redux---16,2483.88785201651,4.911359,9.131541999999992,0.0411949566245464,2.071348402233574
warmup_results_0_8_linux2_i7_4790___JRubyTruffle-default-ruby.json#fannkuch_redux---17,2416.112099963516,4.700367,8.160194999999995,0.0111397769479438,1.982801396149636
warmup_results_0_8_linux2_i7_4790___JRubyTruffle-default-ruby.json#fannkuch_redux---18,2396.4796628736467,4.885328,8.51869199999999,0.0167363707858944,2.0730257098661924
warmup_results_0_8_linux2_i7_4790___JRubyTruffle-default-ruby.json#fannkuch_redux---2,2386.9987836174687,4.7821,7.9018380000000015,0.0307282068215231,2.0085395111871827
warmup_results_0_8_linux2_i7_4790___JRubyTruffle-default-ruby.json#fannkuch_redux---25,2386.9987836174687,4.7821,7.9018380000000015,0.0307282068215231,2.0085395111871827
warmup_results_0_8_linux2_i7_4790___JRubyTruffle-default-ruby.json#fannkuch_redux---5,2386.9987836174687,4.7821,7.9018380000000015,0.0307282068215231,2.0085395111871827
warmup_results_0_8_linux2_i7_4790___JRubyTruffle-default-ruby.json#fannkuch_redux---8,2386.9987836174687,4.7821,7.9018380000000015,0.0307282068215231,2.0085395111871827
warmup_results_0_8_linux2_i7_4790___JRubyTruffle-default-ruby.json#fannkuch_redux---21,2440.725025597694,5.4523,9.049665000000008,0.0049140419654681,2.369443959323077
warmup_results_0_8_linux2_i7_4790___JRubyTruffle-default-ruby.json#fannkuch_redux---22,2394.688303750012,5.057132,8.425215000000001,0.0349910189169481,2.155792133174068
warmup_results_0_8_linux2_i7_4790___JRubyTruffle-default-ruby.json#fannkuch_redux---23,2387.009890144812,4.845944,8.482650000000003,0.0280242041830216,2.0444741849509223
warmup_results_0_8_linux2_i7_4790___JRubyTruffle-default-ruby.json#fannkuch_redux---24,2393.399959685624,5.027941,8.253396999999996,0.0377949439414811,2.152734505303762
warmup_results_0_8_linux2_i7_4790___JRubyTruffle-default-ruby.json#fannkuch_redux---7,2393.399959685624,5.027941,8.253396999999996,0.0377949439414811,2.152734505303762
warmup_results_0_8_linux2_i7_4790___JRubyTruffle-default-ruby.json#fannkuch_redux---26,2530.2115225710786,5.43511,8.967768000000008,0.0504115008228454,2.3655812599015413
warmup_results_0_8_linux2_i7_4790___JRubyTruffle-default-ruby.json#fannkuch_redux---9,2530.2115225710786,5.43511,8.967768000000008,0.0504115008228454,2.3655812599015413
warmup_results_0_8_linux2_i7_4790___JRubyTruffle-default-ruby.json#fannkuch_redux---27,2473.456905214727,5.680088,8.713055,0.0206296628294415,2.5008275737459584
warmup_results_0_8_linux2_i7_4790___JRubyTruffle-default-ruby.json#fannkuch_redux---29,2360.5490285490823,4.465834,7.095431999999996,0.0056424158222673,1.830544130702896
warmup_results_0_8_linux2_i7_4790___JRubyTruffle-default-ruby.json#fannkuch_redux---6,2360.5490285490823,4.465834,7.095431999999996,0.0056424158222673,1.830544130702896
warmup_results_0_8_linux2_i7_4790___JRubyTruffle-default-ruby.json#fannkuch_redux---3,2457.4883459861385,5.661393,7.850279000000006,0.0223627997043277,2.4987223930796447
warmup_results_0_8_linux2_i7_4790___JRubyTruffle-default-ruby.json#fannkuch_redux---4,2486.387366810646,4.610035,8.463191000000005,0.0141010808299819,1.8201337124122048
warmup_results_0_8_linux2_i7_4790___JRubyTruffle-default-ruby.json#nbody---0,134.81044921193,2.413708,5.029992,0.0449371023261836,1.1144635854404408
warmup_results_0_8_linux2_i7_4790___JRubyTruffle-default-ruby.json#nbody---1,137.825119283442,2.744429,4.8660320000000015,0.0401502358076441,1.3241698675383913
warmup_results_0_8_linux2_i7_4790___JRubyTruffle-default-ruby.json#nbody---17,137.825119283442,2.744429,4.8660320000000015,0.0401502358076441,1.3241698675383913
warmup_results_0_8_linux2_i7_4790___JRubyTruffle-default-ruby.json#nbody---10,137.694607538588,2.495287,5.278543999999999,0.04354061584604,1.1769033432892742
warmup_results_0_8_linux2_i7_4790___JRubyTruffle-default-ruby.json#nbody---11,136.34007265858696,2.424833,4.979910000000002,0.0228831393395784,1.144929363241589
warmup_results_0_8_linux2_i7_4790___JRubyTruffle-default-ruby.json#nbody---12,138.52424610371196,2.596926,5.422752000000002,0.1852502884938744,1.2441488378263272
warmup_results_0_8_linux2_i7_4790___JRubyTruffle-default-ruby.json#nbody---25,138.52424610371196,2.596926,5.422752000000002,0.1852502884938744,1.2441488378263272
warmup_results_0_8_linux2_i7_4790___JRubyTruffle-default-ruby.json#nbody---13,137.128731638026,2.409679,4.897786999999999,0.0166397863118808,1.139444483459221
warmup_results_0_8_linux2_i7_4790___JRubyTruffle-default-ruby.json#nbody---18,137.128731638026,2.409679,4.897786999999999,0.0166397863118808,1.139444483459221
warmup_results_0_8_linux2_i7_4790___JRubyTruffle-default-ruby.json#nbody---14,135.57378862269698,2.29095,4.895566000000002,0.0476570409302381,1.0643181658616403
warmup_results_0_8_linux2_i7_4790___JRubyTruffle-default-ruby.json#nbody---15,137.130939108084,2.428603,4.347420999999999,0.0647625712499932,1.1487332174767826
warmup_results_0_8_linux2_i7_4790___JRubyTruffle-default-ruby.json#nbody---27,137.130939108084,2.428603,4.347420999999999,0.0647625712499932,1.1487332174767826
warmup_results_0_8_linux2_i7_4790___JRubyTruffle-default-ruby.json#nbody---16,137.910268218252,2.598679,4.395420000000001,0.0314893967482027,1.2328949568133591
warmup_results_0_8_linux2_i7_4790___JRubyTruffle-default-ruby.json#nbody---19,136.87201348719998,2.570794,5.078802,0.0480371958302641,1.2240396795256765
warmup_results_0_8_linux2_i7_4790___JRubyTruffle-default-ruby.json#nbody---2,136.284785426626,2.493587,4.3002590000000005,0.0482141778935783,1.179593864981055
warmup_results_0_8_linux2_i7_4790___JRubyTruffle-default-ruby.json#nbody---5,136.284785426626,2.493587,4.3002590000000005,0.0482141778935783,1.179593864981055
warmup_results_0_8_linux2_i7_4790___JRubyTruffle-default-ruby.json#nbody---20,138.629362868471,2.572194,4.893940000000001,0.039629722488447,1.2354964362596044
warmup_results_0_8_linux2_i7_4790___JRubyTruffle-default-ruby.json#nbody---6,138.629362868471,2.572194,4.893940000000001,0.039629722488447,1.2354964362596044
warmup_results_0_8_linux2_i7_4790___JRubyTruffle-default-ruby.json#nbody---21,137.47701371720598,2.685904,4.745965,0.0504557350013836,1.2814166889891887
warmup_results_0_8_linux2_i7_4790___JRubyTruffle-default-ruby.json#nbody---28,137.47701371720598,2.685904,4.745965,0.0504557350013836,1.2814166889891887
warmup_results_0_8_linux2_i7_4790___JRubyTruffle-default-ruby.json#nbody---22,135.71139834073398,2.595893,5.007471000000001,0.0173198139537063,1.2170776878975866
warmup_results_0_8_linux2_i7_4790___JRubyTruffle-default-ruby.json#nbody---23,137.356407259089,2.627664,5.240433999999999,0.0481029916450358,1.2387408364145849
warmup_results_0_8_linux2_i7_4790___JRubyTruffle-default-ruby.json#nbody---24,136.390484352637,2.510646,4.556206999999999,0.0435419610505114,1.188009190421954
warmup_results_0_8_linux2_i7_4790___JRubyTruffle-default-ruby.json#nbody---9,136.390484352637,2.510646,4.556206999999999,0.0435419610505114,1.188009190421954
warmup_results_0_8_linux2_i7_4790___JRubyTruffle-default-ruby.json#nbody---26,137.274052553065,2.459475,4.465933,0.0326332970459544,1.17553397848897
warmup_results_0_8_linux2_i7_4790___JRubyTruffle-default-ruby.json#nbody---29,136.87144446568897,2.586287,4.789726000000001,0.0356947084985996,1.22909873116086
warmup_results_0_8_linux2_i7_4790___JRubyTruffle-default-ruby.json#nbody---3,135.820668645343,2.397748,4.233077,0.057822662475559,1.1343484694464687
warmup_results_0_8_linux2_i7_4790___JRubyTruffle-default-ruby.json#nbody---4,137.70133043318498,2.525268,4.78232,0.1419210755884275,1.1866167721047982
warmup_results_0_8_linux2_i7_4790___JRubyTruffle-default-ruby.json#nbody---7,139.57317249618998,2.750261,4.587575999999999,0.0654179137968451,1.3182010710079604
warmup_results_0_8_linux2_i7_4790___JRubyTruffle-default-ruby.json#nbody---8,139.57317249618998,2.750261,4.587575999999999,0.0654179137968451,1.3182010710079604
warmup_results_0_8_linux2_i7_4790___JRubyTruffle-default-ruby.json#richards---0,1926.825227071918,5.560584,8.808297,0.0134062869763876,2.4944954010813576
warmup_results_0_8_linux2_i7_4790___JRubyTruffle-default-ruby.json#richards---1,1941.6181616616311,6.030273,7.557570999999998,0.0511347745518522,2.743090577623382
warmup_results_0_8_linux2_i7_4790___JRubyTruffle-default-ruby.json#richards---11,1941.6181616616311,6.030273,7.557570999999998,0.0511347745518522,2.743090577623382
warmup_results_0_8_linux2_i7_4790___JRubyTruffle-default-ruby.json#richards---10,1901.513055182583,6.2781,8.877723,-0.0002081135921844,2.9448055572449943
warmup_results_0_8_linux2_i7_4790___JRubyTruffle-default-ruby.json#richards---9,1901.513055182583,6.2781,8.877723,-0.0002081135921844,2.9448055572449943
warmup_results_0_8_linux2_i7_4790___JRubyTruffle-default-ruby.json#richards---12,1922.6776209713385,5.804523,8.905283000000003,0.0334338265545835,2.6552080343170283
warmup_results_0_8_linux2_i7_4790___JRubyTruffle-default-ruby.json#richards---13,1943.941280249783,5.799198,7.618584000000003,0.0348523359542301,2.666427571980012
warmup_results_0_8_linux2_i7_4790___JRubyTruffle-default-ruby.json#richards---14,2040.6970223696849,5.565655,6.648489999999995,0.0258975209766068,2.5457828414604684
warmup_results_0_8_linux2_i7_4790___JRubyTruffle-default-ruby.json#richards---15,1929.3033776391933,5.519755,8.094676000000002,0.0477649629066087,2.531915231510995
warmup_results_0_8_linux2_i7_4790___JRubyTruffle-default-ruby.json#richards---3,1929.3033776391933,5.519755,8.094676000000002,0.0477649629066087,2.531915231510995
warmup_results_0_8_linux2_i7_4790___JRubyTruffle-default-ruby.json#richards---16,1942.907319121097,5.73047,8.293486000000001,0.0357333651808098,2.577326649201337
warmup_results_0_8_linux2_i7_4790___JRubyTruffle-default-ruby.json#richards---23,1942.907319121097,5.73047,8.293486000000001,0.0357333651808098,2.577326649201337
warmup_results_0_8_linux2_i7_4790___JRubyTruffle-default-ruby.json#richards---17,1868.47340928306,6.669629,9.135955000000004,0.0475443674427585,3.099115727108069
warmup_results_0_8_linux2_i7_4790___JRubyTruffle-default-ruby.json#richards---18,1966.1998239481984,5.867976,7.925751999999999,0.0282270412209036,2.7255118263493268
warmup_results_0_8_linux2_i7_4790___JRubyTruffle-default-ruby.json#richards---7,1966.1998239481984,5.867976,7.925751999999999,0.0282270412209036,2.7255118263493268
warmup_results_0_8_linux2_i7_4790___JRubyTruffle-default-ruby.json#richards---19,1864.672149311561,5.558374,7.958818000000001,0.0016650365687026,2.544645354772202
warmup_results_0_8_linux2_i7_4790___JRubyTruffle-default-ruby.json#richards---2,2105.1815349289445,5.389827,6.904883000000003,0.0391289904082642,2.4488822495745364
warmup_results_0_8_linux2_i7_4790___JRubyTruffle-default-ruby.json#richards---20,2105.1815349289445,5.389827,6.904883000000003,0.0391289904082642,2.4488822495745364
warmup_results_0_8_linux2_i7_4790___JRubyTruffle-default-ruby.json#richards---21,1973.044999981933,6.184138,8.98503,0.0014099370906846,2.9958101279270792
warmup_results_0_8_linux2_i7_4790___JRubyTruffle-default-ruby.json#richards---22,1972.7088623955349,6.039021,8.852475000000002,-0.0011728196574042,2.727468742528277
warmup_results_0_8_linux2_i7_4790___JRubyTruffle-default-ruby.json#richards---28,1972.7088623955349,6.039021,8.852475000000002,-0.0011728196574042,2.727468742528277
warmup_results_0_8_linux2_i7_4790___JRubyTruffle-default-ruby.json#richards---24,1918.555993859116,6.321598,8.637080000000001,0.0150269829816811,2.941118402077546
warmup_results_0_8_linux2_i7_4790___JRubyTruffle-default-ruby.json#richards---25,1986.9450777684767,5.888948,7.878352999999997,0.032282332051941,2.715624924755931
warmup_results_0_8_linux2_i7_4790___JRubyTruffle-default-ruby.json#richards---5,1986.9450777684767,5.888948,7.878352999999997,0.032282332051941,2.715624924755931
warmup_results_0_8_linux2_i7_4790___JRubyTruffle-default-ruby.json#richards---26,1895.370265239089,5.818794,8.415364999999992,0.0108175963063743,2.671232683146324
warmup_results_0_8_linux2_i7_4790___JRubyTruffle-default-ruby.json#richards---27,1979.65638732738,5.978424,7.813472000000002,0.0200515204926279,2.740359303001464
warmup_results_0_8_linux2_i7_4790___JRubyTruffle-default-ruby.json#richards---29,1976.7964878437688,5.665573,8.176259000000003,0.0612826429106844,2.617750669506288
warmup_results_0_8_linux2_i7_4790___JRubyTruffle-default-ruby.json#richards---4,2236.305537248185,6.76626,8.936327,0.0142646103297367,3.109694093119109
warmup_results_0_8_linux2_i7_4790___JRubyTruffle-default-ruby.json#richards---8,2236.305537248185,6.76626,8.936327,0.0142646103297367,3.109694093119109
warmup_results_0_8_linux2_i7_4790___JRubyTruffle-default-ruby.json#spectralnorm---0,2117.769117366715,3.751873,8.50353100000001,0.0684619240611302,1.4487434719989525
warmup_results_0_8_linux2_i7_4790___JRubyTruffle-default-ruby.json#spectralnorm---5,2117.769117366715,3.751873,8.50353100000001,0.0684619240611302,1.4487434719989525
warmup_results_0_8_linux2_i7_4790___JRubyTruffle-default-ruby.json#spectralnorm---1,2144.567985183166,3.724772,7.177190000000003,0.0540245938584213,1.4404733789390691
warmup_results_0_8_linux2_i7_4790___JRubyTruffle-default-ruby.json#spectralnorm---10,2130.722459211593,3.812243,7.993376999999992,0.0645663336371209,1.495720720275052
warmup_results_0_8_linux2_i7_4790___JRubyTruffle-default-ruby.json#spectralnorm---11,2104.135343432717,3.895224,7.372783999999998,0.061039095193424,1.5232347095832428
warmup_results_0_8_linux2_i7_4790___JRubyTruffle-default-ruby.json#spectralnorm---12,2123.98765340818,3.704191,7.310736999999996,0.0566112077003248,1.435926754811572
warmup_results_0_8_linux2_i7_4790___JRubyTruffle-default-ruby.json#spectralnorm---15,2123.98765340818,3.704191,7.310736999999996,0.0566112077003248,1.435926754811572
warmup_results_0_8_linux2_i7_4790___JRubyTruffle-default-ruby.json#spectralnorm---2,2123.98765340818,3.704191,7.310736999999996,0.0566112077003248,1.435926754811572
warmup_results_0_8_linux2_i7_4790___JRubyTruffle-default-ruby.json#spectralnorm---13,2111.2568810257617,3.915044,9.199867999999991,0.0737937145183267,1.53864459404522
warmup_results_0_8_linux2_i7_4790___JRubyTruffle-default-ruby.json#spectralnorm---14,2126.1088979171554,3.587387,7.691921,0.056582388096553,1.3696422597443618
warmup_results_0_8_linux2_i7_4790___JRubyTruffle-default-ruby.json#spectralnorm---21,2126.1088979171554,3.587387,7.691921,0.056582388096553,1.3696422597443618
warmup_results_0_8_linux2_i7_4790___JRubyTruffle-default-ruby.json#spectralnorm---27,2126.1088979171554,3.587387,7.691921,0.056582388096553,1.3696422597443618
warmup_results_0_8_linux2_i7_4790___JRubyTruffle-default-ruby.json#spectralnorm---16,2111.18979548692,4.072973,7.927749999999995,0.0597710618663184,1.6318410671187489
warmup_results_0_8_linux2_i7_4790___JRubyTruffle-default-ruby.json#spectralnorm---20,2111.18979548692,4.072973,7.927749999999995,0.0597710618663184,1.6318410671187489
warmup_results_0_8_linux2_i7_4790___JRubyTruffle-default-ruby.json#spectralnorm---17,2125.572244802337,3.824141,7.573831999999999,0.0533434432941598,1.4722586617344302
warmup_results_0_8_linux2_i7_4790___JRubyTruffle-default-ruby.json#spectralnorm---18,2132.3538105324,3.897024,7.373897000000002,0.0703718625530549,1.530191764904326
warmup_results_0_8_linux2_i7_4790___JRubyTruffle-default-ruby.json#spectralnorm---19,2104.380282999621,3.969538,7.626195000000001,0.0688502873591992,1.565579598357789
warmup_results_0_8_linux2_i7_4790___JRubyTruffle-default-ruby.json#spectralnorm---25,2104.380282999621,3.969538,7.626195000000001,0.0688502873591992,1.565579598357789
warmup_results_0_8_linux2_i7_4790___JRubyTruffle-default-ruby.json#spectralnorm---22,2132.603405807229,3.96001,8.706451000000001,0.0418251711360622,1.55638574087005
warmup_results_0_8_linux2_i7_4790___JRubyTruffle-default-ruby.json#spectralnorm---23,2122.046958347345,3.831394,8.40543499999999,0.0497927837465602,1.503044766297152
warmup_results_0_8_linux2_i7_4790___JRubyTruffle-default-ruby.json#spectralnorm---29,2122.046958347345,3.831394,8.40543499999999,0.0497927837465602,1.503044766297152
warmup_results_0_8_linux2_i7_4790___JRubyTruffle-default-ruby.json#spectralnorm---24,2130.771791563148,3.957858,6.741767000000008,0.076970091402285,1.56850644926637
warmup_results_0_8_linux2_i7_4790___JRubyTruffle-default-ruby.json#spectralnorm---26,2098.15063474826,3.679785,8.352347000000004,0.0843363503476741,1.4195244369288418
warmup_results_0_8_linux2_i7_4790___JRubyTruffle-default-ruby.json#spectralnorm---28,2098.15063474826,3.679785,8.352347000000004,0.0843363503476741,1.4195244369288418
warmup_results_0_8_linux2_i7_4790___JRubyTruffle-default-ruby.json#spectralnorm---3,2119.976824876274,3.880446,8.095273,0.0298602442594258,1.5309077942133884
warmup_results_0_8_linux2_i7_4790___JRubyTruffle-default-ruby.json#spectralnorm---4,2102.959792912058,4.237534,7.432174,0.0579098188064989,1.720886967709192
warmup_results_0_8_linux2_i7_4790___JRubyTruffle-default-ruby.json#spectralnorm---6,2148.03158765474,4.029782,8.474822000000003,0.0566417568253549,1.6071460135212017
warmup_results_0_8_linux2_i7_4790___JRubyTruffle-default-ruby.json#spectralnorm---7,2140.796914870029,3.74226,7.462440000000001,0.0454793236431731,1.4506146083429765
warmup_results_0_8_linux2_i7_4790___JRubyTruffle-default-ruby.json#spectralnorm---8,2140.796914870029,3.74226,7.462440000000001,0.0454793236431731,1.4506146083429765
warmup_results_0_8_linux2_i7_4790___JRubyTruffle-default-ruby.json#spectralnorm---9,2124.1399843625627,4.028951,8.424088000000003,0.0736536543001069,1.6137082182750004
warmup_results_0_8_linux2_i7_4790___LuaJIT-default-lua.json#binarytrees---0,6107.653953515177,1.831944,40.508921,0.0682533235937802,-0.0066339012255983
warmup_results_0_8_linux2_i7_4790___LuaJIT-default-lua.json#binarytrees---16,6107.653953515177,1.831944,40.508921,0.0682533235937802,-0.0066339012255983
warmup_results_0_8_linux2_i7_4790___LuaJIT-default-lua.json#binarytrees---29,6107.653953515177,1.831944,40.508921,0.0682533235937802,-0.0066339012255983
warmup_results_0_8_linux2_i7_4790___LuaJIT-default-lua.json#binarytrees---1,6329.47345129508,1.82608,26.417515,0.0403408538372951,-0.0160632606540269
warmup_results_0_8_linux2_i7_4790___LuaJIT-default-lua.json#binarytrees---10,5950.628030579313,1.764042,11.367229000000004,0.0427213782883893,0.0078187549608413
warmup_results_0_8_linux2_i7_4790___LuaJIT-default-lua.json#binarytrees---26,5950.628030579313,1.764042,11.367229000000004,0.0427213782883893,0.0078187549608413
warmup_results_0_8_linux2_i7_4790___LuaJIT-default-lua.json#binarytrees---11,5992.915598289841,1.760301,14.710912999999998,0.0797330473297466,0.0064159535449387
warmup_results_0_8_linux2_i7_4790___LuaJIT-default-lua.json#binarytrees---21,5992.915598289841,1.760301,14.710912999999998,0.0797330473297466,0.0064159535449387
warmup_results_0_8_linux2_i7_4790___LuaJIT-default-lua.json#binarytrees---25,5992.915598289841,1.760301,14.710912999999998,0.0797330473297466,0.0064159535449387
warmup_results_0_8_linux2_i7_4790___LuaJIT-default-lua.json#binarytrees---12,6062.377878034737,1.776302,21.235747000000003,0.0529395825941608,-0.0156253015323541
warmup_results_0_8_linux2_i7_4790___LuaJIT-default-lua.json#binarytrees---13,6206.984419354507,1.834237,47.565111,0.0147919641660118,0.0096835898911652
warmup_results_0_8_linux2_i7_4790___LuaJIT-default-lua.json#binarytrees---28,6206.984419354507,1.834237,47.565111,0.0147919641660118,0.0096835898911652
warmup_results_0_8_linux2_i7_4790___LuaJIT-default-lua.json#binarytrees---14,6626.121350149328,1.904041,45.66578200000001,-0.0148528921869528,-0.0200155759083137
warmup_results_0_8_linux2_i7_4790___LuaJIT-default-lua.json#binarytrees---15,6108.145996976607,1.780611,23.882956,0.154208655227897,-0.0198884830303199
warmup_results_0_8_linux2_i7_4790___LuaJIT-default-lua.json#binarytrees---17,6073.019988031865,1.770276,15.565165999999998,-0.0226299422825139,0.000414611601906
warmup_results_0_8_linux2_i7_4790___LuaJIT-default-lua.json#binarytrees---18,6722.402365018968,1.874614,38.847317,0.0419335105206721,-0.006711059474157
warmup_results_0_8_linux2_i7_4790___LuaJIT-default-lua.json#binarytrees---3,6722.402365018968,1.874614,38.847317,0.0419335105206721,-0.006711059474157
warmup_results_0_8_linux2_i7_4790___LuaJIT-default-lua.json#binarytrees---19,6640.369819999831,1.871262,72.51260300000001,0.0560562300736653,-0.0359749298510928
warmup_results_0_8_linux2_i7_4790___LuaJIT-default-lua.json#binarytrees---2,6102.562882460137,1.783048,17.746449,-0.0518417927298895,-0.0054979621549676
warmup_results_0_8_linux2_i7_4790___LuaJIT-default-lua.json#binarytrees---20,6102.562882460137,1.783048,17.746449,-0.0518417927298895,-0.0054979621549676
warmup_results_0_8_linux2_i7_4790___LuaJIT-default-lua.json#binarytrees---22,6172.141614245766,1.811414,28.762947000000004,0.0130903848442623,-0.018160468192312
warmup_results_0_8_linux2_i7_4790___LuaJIT-default-lua.json#binarytrees---6,6172.141614245766,1.811414,28.762947000000004,0.0130903848442623,-0.018160468192312
warmup_results_0_8_linux2_i7_4790___LuaJIT-default-lua.json#binarytrees---23,5972.830541397162,1.78476,17.29142,0.0579960451506851,-0.011276887027431
warmup_results_0_8_linux2_i7_4790___LuaJIT-default-lua.json#binarytrees---24,5987.38259717444,1.770901,11.967146000000003,-0.007044126466797,0.0284206896442019
warmup_results_0_8_linux2_i7_4790___LuaJIT-default-lua.json#binarytrees---5,5987.38259717444,1.770901,11.967146000000003,-0.007044126466797,0.0284206896442019
warmup_results_0_8_linux2_i7_4790___LuaJIT-default-lua.json#binarytrees---9,5987.38259717444,1.770901,11.967146000000003,-0.007044126466797,0.0284206896442019
warmup_results_0_8_linux2_i7_4790___LuaJIT-default-lua.json#binarytrees---27,6047.8378968736615,1.788077,24.82081400000001,0.0225629205504958,-0.0014760137798304
warmup_results_0_8_linux2_i7_4790___LuaJIT-default-lua.json#binarytrees---4,6443.056057262523,1.841705,37.27188100000001,0.0587097463753214,-0.0316723499290196
warmup_results_0_8_linux2_i7_4790___LuaJIT-default-lua.json#binarytrees---8,6041.836427390984,1.757022,10.23577,-0.013997522834301,0.0143607558760251
warmup_results_0_8_linux2_i7_4790___LuaJIT-default-lua.json#fannkuch_redux---0,639.0198040629981,0.565898,0.3320979999999991,-0.0370067623573739,0.0005436539689794
warmup_results_0_8_linux2_i7_4790___LuaJIT-default-lua.json#fannkuch_redux---29,639.0198040629981,0.565898,0.3320979999999991,-0.0370067623573739,0.0005436539689794
warmup_results_0_8_linux2_i7_4790___LuaJIT-default-lua.json#fannkuch_redux---1,638.9878524504868,0.565803,0.3187959999999974,-0.018170437464664,0.0004038688366155
warmup_results_0_8_linux2_i7_4790___LuaJIT-default-lua.json#fannkuch_redux---10,639.090517639706,0.566619,0.4378489999999997,0.0199159090169439,0.0001932511945403
warmup_results_0_8_linux2_i7_4790___LuaJIT-default-lua.json#fannkuch_redux---3,639.090517639706,0.566619,0.4378489999999997,0.0199159090169439,0.0001932511945403
warmup_results_0_8_linux2_i7_4790___LuaJIT-default-lua.json#fannkuch_redux---11,638.83282978273,0.565841,0.3262010000000046,-0.0304184059064231,0.0002744247661377
warmup_results_0_8_linux2_i7_4790___LuaJIT-default-lua.json#fannkuch_redux---15,638.83282978273,0.565841,0.3262010000000046,-0.0304184059064231,0.0002744247661377
warmup_results_0_8_linux2_i7_4790___LuaJIT-default-lua.json#fannkuch_redux---6,638.83282978273,0.565841,0.3262010000000046,-0.0304184059064231,0.0002744247661377
warmup_results_0_8_linux2_i7_4790___LuaJIT-default-lua.json#fannkuch_redux---12,639.054464124156,0.566236,0.3650090000000042,-0.004735426983752,0.0001485251346285
warmup_results_0_8_linux2_i7_4790___LuaJIT-default-lua.json#fannkuch_redux---13,638.934856489892,0.566003,0.3539139999999986,0.0122831540991197,0.0003514864651192
warmup_results_0_8_linux2_i7_4790___LuaJIT-default-lua.json#fannkuch_redux---14,638.5310210386899,0.56588,0.3352110000000023,-0.0097463963504815,0.0004243339531687
warmup_results_0_8_linux2_i7_4790___LuaJIT-default-lua.json#fannkuch_redux---20,638.5310210386899,0.56588,0.3352110000000023,-0.0097463963504815,0.0004243339531687
warmup_results_0_8_linux2_i7_4790___LuaJIT-default-lua.json#fannkuch_redux---16,638.6314945540561,0.565626,0.3306639999999965,0.012636394791268,0.0002613984455793
warmup_results_0_8_linux2_i7_4790___LuaJIT-default-lua.json#fannkuch_redux---21,638.6314945540561,0.565626,0.3306639999999965,0.012636394791268,0.0002613984455793
warmup_results_0_8_linux2_i7_4790___LuaJIT-default-lua.json#fannkuch_redux---17,639.0025615599261,0.566408,0.3698859999999979,-0.0202846769429636,0.000282548323591
warmup_results_0_8_linux2_i7_4790___LuaJIT-default-lua.json#fannkuch_redux---18,638.6026668522659,0.565927,0.3368990000000025,-0.0205458417019839,0.0003012587146354
warmup_results_0_8_linux2_i7_4790___LuaJIT-default-lua.json#fannkuch_redux---25,638.6026668522659,0.565927,0.3368990000000025,-0.0205458417019839,0.0003012587146354
warmup_results_0_8_linux2_i7_4790___LuaJIT-default-lua.json#fannkuch_redux---19,638.964742158955,0.565999,0.3442539999999947,0.012915723017898,0.0002052089248581
warmup_results_0_8_linux2_i7_4790___LuaJIT-default-lua.json#fannkuch_redux---2,639.0424555075181,0.572882,0.3969609999999985,0.0850892993118858,0.0001338388470944
warmup_results_0_8_linux2_i7_4790___LuaJIT-default-lua.json#fannkuch_redux---22,638.935787474197,0.565934,0.3492359999999989,-0.0060468186989679,0.0003113264036273
warmup_results_0_8_linux2_i7_4790___LuaJIT-default-lua.json#fannkuch_redux---23,638.919361940847,0.565715,0.3208249999999963,-0.0047432184847258,0.00022653424373
warmup_results_0_8_linux2_i7_4790___LuaJIT-default-lua.json#fannkuch_redux---9,638.919361940847,0.565715,0.3208249999999963,-0.0047432184847258,0.00022653424373
warmup_results_0_8_linux2_i7_4790___LuaJIT-default-lua.json#fannkuch_redux---24,638.5718352427779,0.565969,0.3405220000000003,-0.000165160652584,0.0001363565874961
warmup_results_0_8_linux2_i7_4790___LuaJIT-default-lua.json#fannkuch_redux---8,638.5718352427779,0.565969,0.3405220000000003,-0.000165160652584,0.0001363565874961
warmup_results_0_8_linux2_i7_4790___LuaJIT-default-lua.json#fannkuch_redux---26,638.9582276290341,0.565952,0.3445450000000019,-0.0144233241090052,0.0001808890753642
warmup_results_0_8_linux2_i7_4790___LuaJIT-default-lua.json#fannkuch_redux---27,638.533244583733,0.565558,0.3220219999999988,-0.0156153484806891,0.0001618702439504
warmup_results_0_8_linux2_i7_4790___LuaJIT-default-lua.json#fannkuch_redux---28,638.652595135722,0.565796,0.3424089999999945,-0.0178498924010779,0.0003908017863963
warmup_results_0_8_linux2_i7_4790___LuaJIT-default-lua.json#fannkuch_redux---7,639.0145058971691,0.566196,0.3714179999999981,-0.0257811334625535,0.000237126184725
warmup_results_0_8_linux2_i7_4790___LuaJIT-default-lua.json#fasta---0,221.16068503819804,0.333841,0.584072000000001,0.0594708445156556,0.0006950154291407
warmup_results_0_8_linux2_i7_4790___LuaJIT-default-lua.json#fasta---25,221.16068503819804,0.333841,0.584072000000001,0.0594708445156556,0.0006950154291407
warmup_results_0_8_linux2_i7_4790___LuaJIT-default-lua.json#fasta---1,221.17999063972,0.334166,0.5988380000000008,0.0439109339812773,0.0005956534918391
warmup_results_0_8_linux2_i7_4790___LuaJIT-default-lua.json#fasta---15,221.17999063972,0.334166,0.5988380000000008,0.0439109339812773,0.0005956534918391
warmup_results_0_8_linux2_i7_4790___LuaJIT-default-lua.json#fasta---18,221.17999063972,0.334166,0.5988380000000008,0.0439109339812773,0.0005956534918391
warmup_results_0_8_linux2_i7_4790___LuaJIT-default-lua.json#fasta---10,221.39786963920903,0.336024,0.6202080000000019,0.0252385960371318,0.0006064991870259
warmup_results_0_8_linux2_i7_4790___LuaJIT-default-lua.json#fasta---4,221.39786963920903,0.336024,0.6202080000000019,0.0252385960371318,0.0006064991870259
warmup_results_0_8_linux2_i7_4790___LuaJIT-default-lua.json#fasta---11,221.317018417292,0.335559,0.593156000000001,0.0290200470566069,0.0005952885700461
warmup_results_0_8_linux2_i7_4790___LuaJIT-default-lua.json#fasta---12,223.86544069450903,0.33722,0.5805109999999987,0.0309571961872082,0.0005889128456233
warmup_results_0_8_linux2_i7_4790___LuaJIT-default-lua.json#fasta---20,223.86544069450903,0.33722,0.5805109999999987,0.0309571961872082,0.0005889128456233
warmup_results_0_8_linux2_i7_4790___LuaJIT-default-lua.json#fasta---26,223.86544069450903,0.33722,0.5805109999999987,0.0309571961872082,0.0005889128456233
warmup_results_0_8_linux2_i7_4790___LuaJIT-default-lua.json#fasta---13,221.380144148904,0.339419,0.6269040000000001,0.0276348454912925,0.0006516646550846
warmup_results_0_8_linux2_i7_4790___LuaJIT-default-lua.json#fasta---29,221.380144148904,0.339419,0.6269040000000001,0.0276348454912925,0.0006516646550846
warmup_results_0_8_linux2_i7_4790___LuaJIT-default-lua.json#fasta---16,221.350006603365,0.334253,0.5747349999999999,0.0248799964220132,0.0006679539454697
warmup_results_0_8_linux2_i7_4790___LuaJIT-default-lua.json#fasta---23,221.350006603365,0.334253,0.5747349999999999,0.0248799964220132,0.0006679539454697
warmup_results_0_8_linux2_i7_4790___LuaJIT-default-lua.json#fasta---17,224.227640483875,0.339192,0.5887209999999994,0.0054232324049492,0.0007738453103774
warmup_results_0_8_linux2_i7_4790___LuaJIT-default-lua.json#fasta---19,221.565312281373,0.337086,0.5766500000000017,0.0083450969595511,0.0006224795732449
warmup_results_0_8_linux2_i7_4790___LuaJIT-default-lua.json#fasta---2,224.049063064481,0.335987,0.5996160000000018,0.0328629546750032,0.0006784419368526
warmup_results_0_8_linux2_i7_4790___LuaJIT-default-lua.json#fasta---21,223.83786481003403,0.338311,0.5977109999999998,0.006771136546037,0.0006217818876821
warmup_results_0_8_linux2_i7_4790___LuaJIT-default-lua.json#fasta---22,221.67409398337,0.335889,0.5989229999999992,-0.0078539670070805,0.0006363411260122
warmup_results_0_8_linux2_i7_4790___LuaJIT-default-lua.json#fasta---24,221.36350631832,0.335938,0.5773260000000007,0.0850055089915822,0.0006988948402201
warmup_results_0_8_linux2_i7_4790___LuaJIT-default-lua.json#fasta---28,221.36350631832,0.335938,0.5773260000000007,0.0850055089915822,0.0006988948402201
warmup_results_0_8_linux2_i7_4790___LuaJIT-default-lua.json#fasta---27,221.344268192141,0.335452,0.5690860000000024,0.033810965366484,0.0006490408705901
warmup_results_0_8_linux2_i7_4790___LuaJIT-default-lua.json#fasta---3,223.91426024633603,0.342149,0.6199039999999993,-0.0180672709876725,0.0006084792973893
warmup_results_0_8_linux2_i7_4790___LuaJIT-default-lua.json#fasta---5,221.219927678884,0.333996,0.5836370000000002,0.0144936170805931,0.0006331388734255
warmup_results_0_8_linux2_i7_4790___LuaJIT-default-lua.json#fasta---6,221.219927678884,0.333996,0.5836370000000002,0.0144936170805931,0.0006331388734255
warmup_results_0_8_linux2_i7_4790___LuaJIT-default-lua.json#fasta---7,220.909836504434,0.333642,0.5885550000000017,0.0397221782374905,0.0006153261282893
warmup_results_0_8_linux2_i7_4790___LuaJIT-default-lua.json#fasta---8,223.952774802984,0.343741,0.5837389999999989,0.0521470878924189,0.0006926239666846
warmup_results_0_8_linux2_i7_4790___LuaJIT-default-lua.json#nbody---0,174.32229741078902,0.296781,1.122172,0.0710187707859382,6.052731396605577e-05
warmup_results_0_8_linux2_i7_4790___LuaJIT-default-lua.json#nbody---1,175.10722542304802,0.302152,1.5916189999999983,-0.1237650960751133,0.0002033185116442
warmup_results_0_8_linux2_i7_4790___LuaJIT-default-lua.json#nbody---22,175.10722542304802,0.302152,1.5916189999999983,-0.1237650960751133,0.0002033185116442
warmup_results_0_8_linux2_i7_4790___LuaJIT-default-lua.json#nbody---10,174.93148542125098,0.297871,1.834070000000001,-0.1730944905902519,0.0004246278628895
warmup_results_0_8_linux2_i7_4790___LuaJIT-default-lua.json#nbody---17,174.93148542125098,0.297871,1.834070000000001,-0.1730944905902519,0.0004246278628895
warmup_results_0_8_linux2_i7_4790___LuaJIT-default-lua.json#nbody---27,174.93148542125098,0.297871,1.834070000000001,-0.1730944905902519,0.0004246278628895
warmup_results_0_8_linux2_i7_4790___LuaJIT-default-lua.json#nbody---9,174.93148542125098,0.297871,1.834070000000001,-0.1730944905902519,0.0004246278628895
warmup_results_0_8_linux2_i7_4790___LuaJIT-default-lua.json#nbody---11,174.331927176401,0.29845,1.2575419999999986,0.0154874591905858,0.000102887285121
warmup_results_0_8_linux2_i7_4790___LuaJIT-default-lua.json#nbody---12,174.98906395845998,0.297681,1.4699720000000007,-0.123475772980667,0.0003231310598469
warmup_results_0_8_linux2_i7_4790___LuaJIT-default-lua.json#nbody---3,174.98906395845998,0.297681,1.4699720000000007,-0.123475772980667,0.0003231310598469
warmup_results_0_8_linux2_i7_4790___LuaJIT-default-lua.json#nbody---4,174.98906395845998,0.297681,1.4699720000000007,-0.123475772980667,0.0003231310598469
warmup_results_0_8_linux2_i7_4790___LuaJIT-default-lua.json#nbody---13,175.26049011235202,0.297691,1.2012320000000007,0.0372153488424652,0.0002074491718939
warmup_results_0_8_linux2_i7_4790___LuaJIT-default-lua.json#nbody---14,175.15690533801998,0.30226,1.4809499999999989,-0.0776957799877711,0.0001553512404291
warmup_results_0_8_linux2_i7_4790___LuaJIT-default-lua.json#nbody---26,175.15690533801998,0.30226,1.4809499999999989,-0.0776957799877711,0.0001553512404291
warmup_results_0_8_linux2_i7_4790___LuaJIT-default-lua.json#nbody---15,181.46745095927704,0.303513,1.3574660000000005,0.0113714865547803,0.0003109699874111
warmup_results_0_8_linux2_i7_4790___LuaJIT-default-lua.json#nbody---28,181.46745095927704,0.303513,1.3574660000000005,0.0113714865547803,0.0003109699874111
warmup_results_0_8_linux2_i7_4790___LuaJIT-default-lua.json#nbody---5,181.46745095927704,0.303513,1.3574660000000005,0.0113714865547803,0.0003109699874111
warmup_results_0_8_linux2_i7_4790___LuaJIT-default-lua.json#nbody---16,175.12787948193602,0.302309,0.9715439999999989,0.0714905753246018,0.0003553200698135
warmup_results_0_8_linux2_i7_4790___LuaJIT-default-lua.json#nbody---29,175.12787948193602,0.302309,0.9715439999999989,0.0714905753246018,0.0003553200698135
warmup_results_0_8_linux2_i7_4790___LuaJIT-default-lua.json#nbody---18,176.279518135537,0.302335,1.0887240000000005,-0.066484133028923,0.0003349064723386
warmup_results_0_8_linux2_i7_4790___LuaJIT-default-lua.json#nbody---19,174.91108746470303,0.307792,1.3850659999999997,-0.0270523293411735,-4.378479461046822e-05
warmup_results_0_8_linux2_i7_4790___LuaJIT-default-lua.json#nbody---2,174.96469474807202,0.301533,1.0367019999999991,-0.0451230271311896,0.0001139377594486
warmup_results_0_8_linux2_i7_4790___LuaJIT-default-lua.json#nbody---20,174.30685198768003,0.297429,2.059568000000003,-0.1517710816029739,0.000260707353601
warmup_results_0_8_linux2_i7_4790___LuaJIT-default-lua.json#nbody---21,174.88860226093,0.300991,1.5455820000000002,-0.1561251253449431,-0.0001610195500822
warmup_results_0_8_linux2_i7_4790___LuaJIT-default-lua.json#nbody---23,177.305758505735,0.299982,1.8891669999999976,-0.077707283687233,0.0005770036687725
warmup_results_0_8_linux2_i7_4790___LuaJIT-default-lua.json#nbody---24,175.114095943811,0.301715,0.8893710000000006,0.1294599379732818,0.0003650690718954
warmup_results_0_8_linux2_i7_4790___LuaJIT-default-lua.json#nbody---25,174.383635427643,0.297579,1.1342269999999997,0.0641674823632822,0.000344931902572
warmup_results_0_8_linux2_i7_4790___LuaJIT-default-lua.json#nbody---8,174.33575594617002,0.300954,1.555451,-0.1462423106713963,0.0001137060557556
warmup_results_0_8_linux2_i7_4790___LuaJIT-default-lua.json#nbody---7,175.460335982762,0.30242,1.2899050000000003,-0.0545699945781693,0.0001190416014791
warmup_results_0_8_linux2_i7_4790___LuaJIT-default-lua.json#richards---0,17547.14963206667,2.968105,1.8784150000000035,-0.0196362031326249,0.0027624950175413
warmup_results_0_8_linux2_i7_4790___LuaJIT-default-lua.json#richards---2,17547.14963206667,2.968105,1.8784150000000035,-0.0196362031326249,0.0027624950175413
warmup_results_0_8_linux2_i7_4790___LuaJIT-default-lua.json#richards---1,16805.451463527137,2.905138,1.8158509999999888,0.0286677818223226,0.002391959337661
warmup_results_0_8_linux2_i7_4790___LuaJIT-default-lua.json#richards---29,16805.451463527137,2.905138,1.8158509999999888,0.0286677818223226,0.002391959337661
warmup_results_0_8_linux2_i7_4790___LuaJIT-default-lua.json#richards---10,16701.00864420461,2.935418,1.770958000000006,-0.0052558860974507,-0.0008580788866334
warmup_results_0_8_linux2_i7_4790___LuaJIT-default-lua.json#richards---16,16701.00864420461,2.935418,1.770958000000006,-0.0052558860974507,-0.0008580788866334
warmup_results_0_8_linux2_i7_4790___LuaJIT-default-lua.json#richards---12,17470.8770547514,2.960543,1.4637010000000013,-0.0031740689201036,0.0020751861595078
warmup_results_0_8_linux2_i7_4790___LuaJIT-default-lua.json#richards---13,16861.360189864223,2.909679,1.6950570000000056,-0.0307194905582903,0.0024697207766182
warmup_results_0_8_linux2_i7_4790___LuaJIT-default-lua.json#richards---15,17454.785067575358,2.999496,1.7958439999999825,0.0104931461268017,0.0024261502310029
warmup_results_0_8_linux2_i7_4790___LuaJIT-default-lua.json#richards---17,17566.06804608221,2.969404,1.8100370000000088,-0.0122259228367027,0.0029555402486095
warmup_results_0_8_linux2_i7_4790___LuaJIT-default-lua.json#richards---21,17566.06804608221,2.969404,1.8100370000000088,-0.0122259228367027,0.0029555402486095
warmup_results_0_8_linux2_i7_4790___LuaJIT-default-lua.json#richards---18,16700.14797557055,2.92987,1.818376000000008,0.018329192877513,0.0023843105912239
warmup_results_0_8_linux2_i7_4790___LuaJIT-default-lua.json#richards---20,16700.14797557055,2.92987,1.818376000000008,0.018329192877513,0.0023843105912239
warmup_results_0_8_linux2_i7_4790___LuaJIT-default-lua.json#richards---19,16699.81703278834,2.936601,2.5130680000000063,0.000993582291747,0.0026809169930311
warmup_results_0_8_linux2_i7_4790___LuaJIT-default-lua.json#richards---22,16721.137213645936,2.897634,1.6173700000000104,-0.0254639426348728,0.0025926741796063
warmup_results_0_8_linux2_i7_4790___LuaJIT-default-lua.json#richards---27,16721.137213645936,2.897634,1.6173700000000104,-0.0254639426348728,0.0025926741796063
warmup_results_0_8_linux2_i7_4790___LuaJIT-default-lua.json#richards---23,16807.197682986152,2.945894,4.043119000000015,-0.0110115642318047,0.0029570484719416
warmup_results_0_8_linux2_i7_4790___LuaJIT-default-lua.json#richards---26,17545.196409871045,3.003426,1.9689400000000044,-0.0173720141102787,0.0032268952218554
warmup_results_0_8_linux2_i7_4790___LuaJIT-default-lua.json#richards---8,17471.442032230632,2.961073,1.4790139999999905,-0.028153181394706,0.00207344953234
warmup_results_0_8_linux2_i7_4790___LuaJIT-default-lua.json#richards---3,16733.870776575444,2.899819,1.6359280000000016,-0.0132606662468868,0.0027688960923261
warmup_results_0_8_linux2_i7_4790___LuaJIT-default-lua.json#richards---4,16716.279138612994,2.896307,1.5149970000000024,-0.0322210480824973,0.0027920901443922
warmup_results_0_8_linux2_i7_4790___LuaJIT-default-lua.json#richards---6,16797.964793129962,2.913061,1.6703419999999962,0.0205461186174211,0.002812975457959
warmup_results_0_8_linux2_i7_4790___LuaJIT-default-lua.json#richards---7,16816.56406064736,2.906501,1.5040430000000025,0.0270292765729642,0.0033177252222976
warmup_results_0_8_linux2_i7_4790___LuaJIT-default-lua.json#richards---9,17456.705717977464,2.959677,1.471615999999984,0.0228660326187868,0.0019148404914233
warmup_results_0_8_linux2_i7_4790___LuaJIT-default-lua.json#spectralnorm---0,437.8939552110381,0.468141,0.0255530000000028,0.1485788515523474,8.5025141305259e-05
warmup_results_0_8_linux2_i7_4790___LuaJIT-default-lua.json#spectralnorm---24,437.8939552110381,0.468141,0.0255530000000028,0.1485788515523474,8.5025141305259e-05
warmup_results_0_8_linux2_i7_4790___LuaJIT-default-lua.json#spectralnorm---27,437.8939552110381,0.468141,0.0255530000000028,0.1485788515523474,8.5025141305259e-05
warmup_results_0_8_linux2_i7_4790___LuaJIT-default-lua.json#spectralnorm---1,437.6503618077738,0.468003,0.0227639999999927,0.4348849488825248,8.458616155650604e-05
warmup_results_0_8_linux2_i7_4790___LuaJIT-default-lua.json#spectralnorm---10,437.6599862355549,0.46799,0.0290689999999978,0.3677623043502072,7.277052138865726e-05
warmup_results_0_8_linux2_i7_4790___LuaJIT-default-lua.json#spectralnorm---11,437.6567452104229,0.467979,0.0280139999999994,0.3922218804193846,7.780729810651332e-05
warmup_results_0_8_linux2_i7_4790___LuaJIT-default-lua.json#spectralnorm---12,437.8384605779801,0.468084,0.0224509999999955,0.193503320311386,8.232573066220139e-05
warmup_results_0_8_linux2_i7_4790___LuaJIT-default-lua.json#spectralnorm---15,437.8384605779801,0.468084,0.0224509999999955,0.193503320311386,8.232573066220139e-05
warmup_results_0_8_linux2_i7_4790___LuaJIT-default-lua.json#spectralnorm---4,437.8384605779801,0.468084,0.0224509999999955,0.193503320311386,8.232573066220139e-05
warmup_results_0_8_linux2_i7_4790___LuaJIT-default-lua.json#spectralnorm---13,437.9006984833862,0.468133,0.0210720000000025,0.1709032280445193,8.497443975036458e-05
warmup_results_0_8_linux2_i7_4790___LuaJIT-default-lua.json#spectralnorm---14,437.8398053263551,0.468098,0.0253629999999979,0.2630565494972501,8.493637425059076e-05
warmup_results_0_8_linux2_i7_4790___LuaJIT-default-lua.json#spectralnorm---5,437.8398053263551,0.468098,0.0253629999999979,0.2630565494972501,8.493637425059076e-05
warmup_results_0_8_linux2_i7_4790___LuaJIT-default-lua.json#spectralnorm---16,437.843561402242,0.468141,0.0207440000000008,0.180669654998514,8.444977712179545e-05
warmup_results_0_8_linux2_i7_4790___LuaJIT-default-lua.json#spectralnorm---17,437.907786448352,0.46813,0.0217700000000067,0.2057568019079934,8.025953123399338e-05
warmup_results_0_8_linux2_i7_4790___LuaJIT-default-lua.json#spectralnorm---19,437.907786448352,0.46813,0.0217700000000067,0.2057568019079934,8.025953123399338e-05
warmup_results_0_8_linux2_i7_4790___LuaJIT-default-lua.json#spectralnorm---29,437.907786448352,0.46813,0.0217700000000067,0.2057568019079934,8.025953123399338e-05
warmup_results_0_8_linux2_i7_4790___LuaJIT-default-lua.json#spectralnorm---18,437.834573436814,0.46808,0.0257130000000022,0.2402719679326388,7.708517535661638e-05
warmup_results_0_8_linux2_i7_4790___LuaJIT-default-lua.json#spectralnorm---28,437.834573436814,0.46808,0.0257130000000022,0.2402719679326388,7.708517535661638e-05
warmup_results_0_8_linux2_i7_4790___LuaJIT-default-lua.json#spectralnorm---7,437.834573436814,0.46808,0.0257130000000022,0.2402719679326388,7.708517535661638e-05
warmup_results_0_8_linux2_i7_4790___LuaJIT-default-lua.json#spectralnorm---2,437.8407831465361,0.468085,0.0231699999999935,0.2836205558157232,8.330033735848187e-05
warmup_results_0_8_linux2_i7_4790___LuaJIT-default-lua.json#spectralnorm---20,437.84487921239696,0.468103,0.0274749999999993,0.2402810729969928,8.420276221566955e-05
warmup_results_0_8_linux2_i7_4790___LuaJIT-default-lua.json#spectralnorm---21,437.8932269278582,0.468133,0.0206909999999995,0.177353428510667,8.4444668823783e-05
warmup_results_0_8_linux2_i7_4790___LuaJIT-default-lua.json#spectralnorm---22,437.65197373070487,0.467981,0.0289510000000006,0.3199043391247826,8.533392991997283e-05
warmup_results_0_8_linux2_i7_4790___LuaJIT-default-lua.json#spectralnorm---3,437.65197373070487,0.467981,0.0289510000000006,0.3199043391247826,8.533392991997283e-05
warmup_results_0_8_linux2_i7_4790___LuaJIT-default-lua.json#spectralnorm---8,437.65197373070487,0.467981,0.0289510000000006,0.3199043391247826,8.533392991997283e-05
warmup_results_0_8_linux2_i7_4790___LuaJIT-default-lua.json#spectralnorm---23,437.64925769697385,0.467984,0.0255149999999932,0.3969224599859764,7.901017184218232e-05
warmup_results_0_8_linux2_i7_4790___LuaJIT-default-lua.json#spectralnorm---25,437.83823503739313,0.468101,0.0224719999999941,0.2840194525599573,8.840340227287136e-05
warmup_results_0_8_linux2_i7_4790___LuaJIT-default-lua.json#spectralnorm---26,437.837230919924,0.468089,0.022784999999994,0.2862415741574011,8.652597609754595e-05
warmup_results_0_8_linux2_i7_4790___LuaJIT-default-lua.json#spectralnorm---9,437.837230919924,0.468089,0.022784999999994,0.2862415741574011,8.652597609754595e-05
warmup_results_0_8_linux2_i7_4790___LuaJIT-default-lua.json#spectralnorm---6,437.6460626915768,0.467969,0.025028999999989,0.3483282237722918,7.494679527190921e-05
warmup_results_0_8_linux2_i7_4790___V8-default-javascript.json#binarytrees---26,478.409017056556,0.500868,1.537811999999999,0.4214164621049018,0.0067408975370157
warmup_results_0_8_linux2_i7_4790___V8-default-javascript.json#binarytrees---4,478.409017056556,0.500868,1.537811999999999,0.4214164621049018,0.0067408975370157
warmup_results_0_8_linux2_i7_4790___V8-default-javascript.json#binarytrees---1,481.0713733207091,0.496616,1.533094999999999,0.1954949630906078,0.003400964558228
warmup_results_0_8_linux2_i7_4790___V8-default-javascript.json#binarytrees---10,479.2815072476041,0.500195,1.5448920000000008,0.3311065340103933,0.0060788295953771
warmup_results_0_8_linux2_i7_4790___V8-default-javascript.json#binarytrees---18,479.2815072476041,0.500195,1.5448920000000008,0.3311065340103933,0.0060788295953771
warmup_results_0_8_linux2_i7_4790___V8-default-javascript.json#binarytrees---11,477.903855844724,0.496366,1.5188760000000014,0.4138981864380422,0.0035276543147168
warmup_results_0_8_linux2_i7_4790___V8-default-javascript.json#binarytrees---12,480.319962889396,0.498965,1.4806309999999987,0.483968374067528,0.0050749317063989
warmup_results_0_8_linux2_i7_4790___V8-default-javascript.json#binarytrees---13,476.945964027889,0.498175,1.419731000000001,0.2480022301599453,0.0039779865626193
warmup_results_0_8_linux2_i7_4790___V8-default-javascript.json#binarytrees---6,483.3220217442109,0.502677,1.4782779999999964,0.1886977978709395,0.0051560349287706
warmup_results_0_8_linux2_i7_4790___V8-default-javascript.json#binarytrees---20,482.6553523528111,0.505535,1.530430999999998,0.2041045335153359,0.0070982460516556
warmup_results_0_8_linux2_i7_4790___V8-default-javascript.json#binarytrees---7,482.6553523528111,0.505535,1.530430999999998,0.2041045335153359,0.0070982460516556
warmup_results_0_8_linux2_i7_4790___V8-default-javascript.json#binarytrees---21,478.785119726402,0.495219,1.473530000000001,0.4202156566655896,0.003189548033929
warmup_results_0_8_linux2_i7_4790___V8-default-javascript.json#binarytrees---22,477.46662708276097,0.500301,1.535727000000001,0.307661716676389,0.006735755087114
warmup_results_0_8_linux2_i7_4790___V8-default-javascript.json#binarytrees---24,483.059003737475,0.502268,1.5228080000000013,0.2256431395884404,0.005129090569659
warmup_results_0_8_linux2_i7_4790___V8-default-javascript.json#binarytrees---3,483.059003737475,0.502268,1.5228080000000013,0.2256431395884404,0.005129090569659
warmup_results_0_8_linux2_i7_4790___V8-default-javascript.json#binarytrees---9,483.059003737475,0.502268,1.5228080000000013,0.2256431395884404,0.005129090569659
warmup_results_0_8_linux2_i7_4790___V8-default-javascript.json#binarytrees---29,482.471699569851,0.502047,1.5153550000000002,0.2175655670098172,0.0057376266721613
warmup_results_0_8_linux2_i7_4790___V8-default-javascript.json#fannkuch_redux---0,184.894715844958,0.308771,0.435411,0.0650811907693054,0.0024863533665742
warmup_results_0_8_linux2_i7_4790___V8-default-javascript.json#fannkuch_redux---1,185.05724230049697,0.308781,0.4691490000000011,-0.0534850478268447,0.0024721187757335
warmup_results_0_8_linux2_i7_4790___V8-default-javascript.json#fannkuch_redux---5,185.05724230049697,0.308781,0.4691490000000011,-0.0534850478268447,0.0024721187757335
warmup_results_0_8_linux2_i7_4790___V8-default-javascript.json#fannkuch_redux---10,185.015503678531,0.308681,0.5893339999999996,0.0531511396744802,0.0023391397407309
warmup_results_0_8_linux2_i7_4790___V8-default-javascript.json#fannkuch_redux---11,185.11997460620995,0.309134,0.6099229999999998,-0.022549998219129,0.0025105791122455
warmup_results_0_8_linux2_i7_4790___V8-default-javascript.json#fannkuch_redux---12,185.11997460620995,0.309134,0.6099229999999998,-0.022549998219129,0.0025105791122455
warmup_results_0_8_linux2_i7_4790___V8-default-javascript.json#fannkuch_redux---13,185.046087561893,0.30886,0.4344799999999988,0.0146550596241734,0.0025749703264792
warmup_results_0_8_linux2_i7_4790___V8-default-javascript.json#fannkuch_redux---14,185.032158104023,0.308998,0.398522000000001,-0.0027183597451934,0.002601295150475
warmup_results_0_8_linux2_i7_4790___V8-default-javascript.json#fannkuch_redux---15,184.906330254462,0.308783,0.3858229999999987,0.0330809709506126,0.0025178026411239
warmup_results_0_8_linux2_i7_4790___V8-default-javascript.json#fannkuch_redux---2,184.906330254462,0.308783,0.3858229999999987,0.0330809709506126,0.0025178026411239
warmup_results_0_8_linux2_i7_4790___V8-default-javascript.json#fannkuch_redux---16,184.922512437429,0.309221,0.4384260000000007,-0.0340647953590924,0.002712723794364
warmup_results_0_8_linux2_i7_4790___V8-default-javascript.json#fannkuch_redux---6,184.922512437429,0.309221,0.4384260000000007,-0.0340647953590924,0.002712723794364
warmup_results_0_8_linux2_i7_4790___V8-default-javascript.json#fannkuch_redux---17,185.04718003259305,0.308697,0.4596639999999998,0.0403041477338532,0.0023830948169807
warmup_results_0_8_linux2_i7_4790___V8-default-javascript.json#fannkuch_redux---29,185.04718003259305,0.308697,0.4596639999999998,0.0403041477338532,0.0023830948169807
warmup_results_0_8_linux2_i7_4790___V8-default-javascript.json#fannkuch_redux---18,185.0992077415769,0.308782,0.5709300000000004,-0.0191417380675931,0.0023543736121094
warmup_results_0_8_linux2_i7_4790___V8-default-javascript.json#fannkuch_redux---20,185.0992077415769,0.308782,0.5709300000000004,-0.0191417380675931,0.0023543736121094
warmup_results_0_8_linux2_i7_4790___V8-default-javascript.json#fannkuch_redux---27,185.0992077415769,0.308782,0.5709300000000004,-0.0191417380675931,0.0023543736121094
warmup_results_0_8_linux2_i7_4790___V8-default-javascript.json#fannkuch_redux---19,185.02618377334,0.308902,0.4299250000000009,0.0647994768108091,0.0025827796220842
warmup_results_0_8_linux2_i7_4790___V8-default-javascript.json#fannkuch_redux---21,184.966955290994,0.308921,0.4971550000000008,-0.0015016817903461,0.0025282406451907
warmup_results_0_8_linux2_i7_4790___V8-default-javascript.json#fannkuch_redux---28,184.966955290994,0.308921,0.4971550000000008,-0.0015016817903461,0.0025282406451907
warmup_results_0_8_linux2_i7_4790___V8-default-javascript.json#fannkuch_redux---22,185.125722192898,0.308934,0.6079089999999991,-0.0473326632188594,0.0024638819764242
warmup_results_0_8_linux2_i7_4790___V8-default-javascript.json#fannkuch_redux---9,185.125722192898,0.308934,0.6079089999999991,-0.0473326632188594,0.0024638819764242
warmup_results_0_8_linux2_i7_4790___V8-default-javascript.json#fannkuch_redux---23,184.98944050318704,0.308917,0.351284000000001,0.0017714627791278,0.0024724910914781
warmup_results_0_8_linux2_i7_4790___V8-default-javascript.json#fannkuch_redux---24,185.059633541069,0.308897,0.4794240000000009,-0.0198572623237626,0.0025353590619782
warmup_results_0_8_linux2_i7_4790___V8-default-javascript.json#fannkuch_redux---7,185.059633541069,0.308897,0.4794240000000009,-0.0198572623237626,0.0025353590619782
warmup_results_0_8_linux2_i7_4790___V8-default-javascript.json#fannkuch_redux---25,185.055431249274,0.309055,0.6938480000000009,-0.0562679300046082,0.0025382331418086
warmup_results_0_8_linux2_i7_4790___V8-default-javascript.json#fannkuch_redux---26,185.060773533715,0.308999,0.4453789999999995,0.0512071587840425,0.0026260319612689
warmup_results_0_8_linux2_i7_4790___V8-default-javascript.json#fannkuch_redux---3,185.103387756744,0.309065,0.4518089999999989,0.0205323278730161,0.0026650793060475
warmup_results_0_8_linux2_i7_4790___V8-default-javascript.json#fannkuch_redux---4,185.09787270707704,0.308776,0.436845,-0.0088890159115545,0.0025308729498287
warmup_results_0_8_linux2_i7_4790___V8-default-javascript.json#fannkuch_redux---8,185.10517600170505,0.309042,0.542858000000001,0.0398277989692482,0.0026337849209757
warmup_results_0_8_linux2_i7_4790___V8-default-javascript.json#fasta---0,2718.177529368902,1.176498,2.490044000000001,-0.028227943582918,0.0026309352863194
warmup_results_0_8_linux2_i7_4790___V8-default-javascript.json#fasta---12,2718.177529368902,1.176498,2.490044000000001,-0.028227943582918,0.0026309352863194
warmup_results_0_8_linux2_i7_4790___V8-default-javascript.json#fasta---1,2640.4325638660407,1.161511,3.1700390000000045,0.0319860772811368,0.0047870925142569
warmup_results_0_8_linux2_i7_4790___V8-default-javascript.json#fasta---10,2638.094511843843,1.163228,1.9654779999999976,0.1096287221182525,0.0041749557099826
warmup_results_0_8_linux2_i7_4790___V8-default-javascript.json#fasta---11,2638.094511843843,1.163228,1.9654779999999976,0.1096287221182525,0.0041749557099826
warmup_results_0_8_linux2_i7_4790___V8-default-javascript.json#fasta---13,2666.571060150841,1.177223,2.3179539999999914,0.0572788367032065,0.0038884129182746
warmup_results_0_8_linux2_i7_4790___V8-default-javascript.json#fasta---14,2703.0669746446165,1.202496,1.9643430000000004,0.0897246436896363,0.0026237077054846
warmup_results_0_8_linux2_i7_4790___V8-default-javascript.json#fasta---2,2703.0669746446165,1.202496,1.9643430000000004,0.0897246436896363,0.0026237077054846
warmup_results_0_8_linux2_i7_4790___V8-default-javascript.json#fasta---15,2681.690046512367,1.188467,1.6435449999999978,0.1018589984643977,0.0002538050805486
warmup_results_0_8_linux2_i7_4790___V8-default-javascript.json#fasta---3,2681.690046512367,1.188467,1.6435449999999978,0.1018589984643977,0.0002538050805486
warmup_results_0_8_linux2_i7_4790___V8-default-javascript.json#fasta---16,2734.1784690830664,1.193349,1.3947789999999922,0.1230525898156516,0.0055042885600881
warmup_results_0_8_linux2_i7_4790___V8-default-javascript.json#fasta---6,2734.1784690830664,1.193349,1.3947789999999922,0.1230525898156516,0.0055042885600881
warmup_results_0_8_linux2_i7_4790___V8-default-javascript.json#fasta---17,2689.206871152063,1.182385,2.2156970000000067,0.0169531113232594,0.0052689797194937
warmup_results_0_8_linux2_i7_4790___V8-default-javascript.json#fasta---23,2689.206871152063,1.182385,2.2156970000000067,0.0169531113232594,0.0052689797194937
warmup_results_0_8_linux2_i7_4790___V8-default-javascript.json#fasta---18,2707.227543859771,1.18943,1.8454189999999944,0.0403784413726686,0.0062422488237322
warmup_results_0_8_linux2_i7_4790___V8-default-javascript.json#fasta---19,2689.164449610696,1.171287,2.175228,0.0730748001979837,0.0055520874845342
warmup_results_0_8_linux2_i7_4790___V8-default-javascript.json#fasta---24,2689.164449610696,1.171287,2.175228,0.0730748001979837,0.0055520874845342
warmup_results_0_8_linux2_i7_4790___V8-default-javascript.json#fasta---27,2689.164449610696,1.171287,2.175228,0.0730748001979837,0.0055520874845342
warmup_results_0_8_linux2_i7_4790___V8-default-javascript.json#fasta---28,2689.164449610696,1.171287,2.175228,0.0730748001979837,0.0055520874845342
warmup_results_0_8_linux2_i7_4790___V8-default-javascript.json#fasta---20,2671.232113228171,1.165451,2.2469560000000013,0.0613202931094885,0.0058313249494572
warmup_results_0_8_linux2_i7_4790___V8-default-javascript.json#fasta---8,2671.232113228171,1.165451,2.2469560000000013,0.0613202931094885,0.0058313249494572
warmup_results_0_8_linux2_i7_4790___V8-default-javascript.json#fasta---21,2728.819073627663,1.194172,2.5218960000000035,-0.0389107964346756,0.0035930742549791
warmup_results_0_8_linux2_i7_4790___V8-default-javascript.json#fasta---22,2654.7561789175634,1.161435,1.337239999999998,-0.1426885912081612,0.0052562345004536
warmup_results_0_8_linux2_i7_4790___V8-default-javascript.json#fasta---25,2674.1309620495213,1.183421,1.370998000000006,-0.0683968685030131,0.0067206085521399
warmup_results_0_8_linux2_i7_4790___V8-default-javascript.json#fasta---26,2662.331128718626,1.165549,2.069626000000003,0.0754584341193828,0.0039880866735004
warmup_results_0_8_linux2_i7_4790___V8-default-javascript.json#fasta---29,2638.553537555485,1.159831,2.827169999999998,0.0141401270168507,0.0028101275122828
warmup_results_0_8_linux2_i7_4790___V8-default-javascript.json#fasta---4,2644.9198828198696,1.161715,2.826614,0.047583631636123,0.0050226359716258
warmup_results_0_8_linux2_i7_4790___V8-default-javascript.json#fasta---5,2637.231154415724,1.160591,2.6012830000000005,0.1388066314841902,0.0063732187372878
warmup_results_0_8_linux2_i7_4790___V8-default-javascript.json#fasta---7,2651.963140608099,1.164864,2.8603470000000053,0.0503076732547072,0.00307281776302
warmup_results_0_8_linux2_i7_4790___V8-default-javascript.json#fasta---9,2672.142441385015,1.166285,2.2601129999999965,0.0828508915300065,0.0024298680710719
warmup_results_0_8_linux2_i7_4790___V8-default-javascript.json#nbody---0,157.91312907240194,0.290593,3.3191370000000004,0.0251775500885488,0.002620773555254
warmup_results_0_8_linux2_i7_4790___V8-default-javascript.json#nbody---20,157.91312907240194,0.290593,3.3191370000000004,0.0251775500885488,0.002620773555254
warmup_results_0_8_linux2_i7_4790___V8-default-javascript.json#nbody---24,157.91312907240194,0.290593,3.3191370000000004,0.0251775500885488,0.002620773555254
warmup_results_0_8_linux2_i7_4790___V8-default-javascript.json#nbody---1,157.996115834085,0.291313,3.441509000000001,0.0449484982726369,0.0023210521079864
warmup_results_0_8_linux2_i7_4790___V8-default-javascript.json#nbody---14,157.996115834085,0.291313,3.441509000000001,0.0449484982726369,0.0023210521079864
warmup_results_0_8_linux2_i7_4790___V8-default-javascript.json#nbody---7,157.996115834085,0.291313,3.441509000000001,0.0449484982726369,0.0023210521079864
warmup_results_0_8_linux2_i7_4790___V8-default-javascript.json#nbody---10,157.84024732680302,0.289615,3.4171089999999995,-0.0103995356143715,0.0032991448225887
warmup_results_0_8_linux2_i7_4790___V8-default-javascript.json#nbody---11,157.893131797346,0.290713,3.247498,-0.0005258684591523,0.002778704068928
warmup_results_0_8_linux2_i7_4790___V8-default-javascript.json#nbody---12,158.020412405586,0.293223,3.528318999999999,0.0179112794347854,0.005333281051016
warmup_results_0_8_linux2_i7_4790___V8-default-javascript.json#nbody---13,157.833588597879,0.290453,3.326607,-0.0147839216315122,0.0049123958793191
warmup_results_0_8_linux2_i7_4790___V8-default-javascript.json#nbody---8,157.833588597879,0.290453,3.326607,-0.0147839216315122,0.0049123958793191
warmup_results_0_8_linux2_i7_4790___V8-default-javascript.json#nbody---9,157.833588597879,0.290453,3.326607,-0.0147839216315122,0.0049123958793191
warmup_results_0_8_linux2_i7_4790___V8-default-javascript.json#nbody---15,157.91682938470703,0.290647,3.588558,-0.0139107791453024,0.0035457527832819
warmup_results_0_8_linux2_i7_4790___V8-default-javascript.json#nbody---16,158.044297953831,0.297576,3.488380999999999,-0.0143732997311213,0.0029623448043151
warmup_results_0_8_linux2_i7_4790___V8-default-javascript.json#nbody---23,158.044297953831,0.297576,3.488380999999999,-0.0143732997311213,0.0029623448043151
warmup_results_0_8_linux2_i7_4790___V8-default-javascript.json#nbody---17,157.97015319503,0.301299,3.436799000000003,0.0334124910122222,0.0025968565238785
warmup_results_0_8_linux2_i7_4790___V8-default-javascript.json#nbody---18,157.80339207173802,0.2931,3.413034,-0.0214516434588089,0.002563432264226
warmup_results_0_8_linux2_i7_4790___V8-default-javascript.json#nbody---19,157.947229380355,0.293599,3.097851000000001,-0.0268112974475988,0.0040563938991024
warmup_results_0_8_linux2_i7_4790___V8-default-javascript.json#nbody---2,157.98825922063,0.289582,3.3842560000000006,0.0295366876374225,0.0052614279699732
warmup_results_0_8_linux2_i7_4790___V8-default-javascript.json#nbody---25,157.98825922063,0.289582,3.3842560000000006,0.0295366876374225,0.0052614279699732
warmup_results_0_8_linux2_i7_4790___V8-default-javascript.json#nbody---3,157.98825922063,0.289582,3.3842560000000006,0.0295366876374225,0.0052614279699732
warmup_results_0_8_linux2_i7_4790___V8-default-javascript.json#nbody---4,157.98825922063,0.289582,3.3842560000000006,0.0295366876374225,0.0052614279699732
warmup_results_0_8_linux2_i7_4790___V8-default-javascript.json#nbody---21,158.03029095194597,0.290279,3.441733000000001,0.0387129189395483,0.002243846455572
warmup_results_0_8_linux2_i7_4790___V8-default-javascript.json#nbody---22,157.86633460722,0.289511,3.4207539999999987,0.0130545231227044,0.0024717705228834
warmup_results_0_8_linux2_i7_4790___V8-default-javascript.json#nbody---26,157.959720556008,0.289823,3.364564,0.0073902287653098,0.0037560051024635
warmup_results_0_8_linux2_i7_4790___V8-default-javascript.json#nbody---27,158.27963534052503,0.296945,3.600097999999999,-0.0046130929342995,0.0034930199218369
warmup_results_0_8_linux2_i7_4790___V8-default-javascript.json#nbody---28,157.994323765847,0.289713,3.4005379999999983,-0.0428536353272672,0.0030610159421642
warmup_results_0_8_linux2_i7_4790___V8-default-javascript.json#nbody---29,158.01976007638,0.292367,3.6177259999999993,0.0261858110501729,0.0039731080333091
warmup_results_0_8_linux2_i7_4790___V8-default-javascript.json#nbody---5,157.95154418744698,0.294666,3.660711,0.0274926751157433,0.0025821449092418
warmup_results_0_8_linux2_i7_4790___V8-default-javascript.json#nbody---6,157.88755843036,0.292109,3.3991179999999988,-0.0121536526963358,0.0026043747464494
warmup_results_0_8_linux2_i7_4790___V8-default-javascript.json#richards---0,616.4882316394992,0.56754,0.812682999999999,0.2402842464620717,0.0060386174618653
warmup_results_0_8_linux2_i7_4790___V8-default-javascript.json#richards---1,616.429539919035,0.565899,0.5811059999999982,0.1381842215409939,0.005037460715585
warmup_results_0_8_linux2_i7_4790___V8-default-javascript.json#richards---16,615.6984326795371,0.56441,0.6372429999999989,0.2452983591209854,0.0048637911117775
warmup_results_0_8_linux2_i7_4790___V8-default-javascript.json#richards---24,615.6984326795371,0.56441,0.6372429999999989,0.2452983591209854,0.0048637911117775
warmup_results_0_8_linux2_i7_4790___V8-default-javascript.json#richards---15,615.5361074705761,0.565047,0.5775279999999965,0.2342108746336344,0.0042161674729324
warmup_results_0_8_linux2_i7_4790___V8-default-javascript.json#richards---12,615.5258841005409,0.570133,0.7227989999999976,0.1640934675028088,0.0019624710667205
warmup_results_0_8_linux2_i7_4790___V8-default-javascript.json#richards---13,615.4312536120822,0.642268,1.1748200000000009,0.020198134429459,0.003510300953209
warmup_results_0_8_linux2_i7_4790___V8-default-javascript.json#richards---17,615.4312536120822,0.642268,1.1748200000000009,0.020198134429459,0.003510300953209
warmup_results_0_8_linux2_i7_4790___V8-default-javascript.json#richards---14,615.7890083077801,0.564653,0.6784839999999971,0.2846528851062904,0.0048237733507695
warmup_results_0_8_linux2_i7_4790___V8-default-javascript.json#richards---23,615.7890083077801,0.564653,0.6784839999999971,0.2846528851062904,0.0048237733507695
warmup_results_0_8_linux2_i7_4790___V8-default-javascript.json#richards---9,615.7890083077801,0.564653,0.6784839999999971,0.2846528851062904,0.0048237733507695
warmup_results_0_8_linux2_i7_4790___V8-default-javascript.json#richards---18,545.977398925792,0.597864,0.605009000000001,0.0466200105945164,0.0051553265749137
warmup_results_0_8_linux2_i7_4790___V8-default-javascript.json#richards---3,545.977398925792,0.597864,0.605009000000001,0.0466200105945164,0.0051553265749137
warmup_results_0_8_linux2_i7_4790___V8-default-javascript.json#richards---19,615.737938358673,0.567715,0.7000629999999978,0.1241711466121296,0.0024618338736807
warmup_results_0_8_linux2_i7_4790___V8-default-javascript.json#richards---2,615.2816733368751,0.56501,0.6081030000000004,0.3612106471517088,0.004781584766907
warmup_results_0_8_linux2_i7_4790___V8-default-javascript.json#richards---8,615.2816733368751,0.56501,0.6081030000000004,0.3612106471517088,0.004781584766907
warmup_results_0_8_linux2_i7_4790___V8-default-javascript.json#richards---20,614.7622883395,0.565036,0.6158590000000043,0.4208402389589109,0.0057462022029949
warmup_results_0_8_linux2_i7_4790___V8-default-javascript.json#richards---4,614.7622883395,0.565036,0.6158590000000043,0.4208402389589109,0.0057462022029949
warmup_results_0_8_linux2_i7_4790___V8-default-javascript.json#richards---21,538.6435768638529,0.531555,0.3688599999999972,0.243505605838374,0.0058493536658264
warmup_results_0_8_linux2_i7_4790___V8-default-javascript.json#richards---22,610.087733878187,0.563143,0.4668229999999985,0.3468942538741889,0.0053491409182436
warmup_results_0_8_linux2_i7_4790___V8-default-javascript.json#richards---25,615.556013953242,0.606648,0.6293410000000014,0.0121469164253378,-0.0047039120512435
warmup_results_0_8_linux2_i7_4790___V8-default-javascript.json#richards---29,615.556013953242,0.606648,0.6293410000000014,0.0121469164253378,-0.0047039120512435
warmup_results_0_8_linux2_i7_4790___V8-default-javascript.json#richards---26,615.752812102245,0.564816,0.534358999999997,0.3551236981015724,0.0047458573096658
warmup_results_0_8_linux2_i7_4790___V8-default-javascript.json#richards---27,615.768214885805,0.56534,0.5449940000000023,0.1486090156952968,0.0051191252696576
warmup_results_0_8_linux2_i7_4790___V8-default-javascript.json#richards---6,615.768214885805,0.56534,0.5449940000000023,0.1486090156952968,0.0051191252696576
warmup_results_0_8_linux2_i7_4790___V8-default-javascript.json#richards---28,615.4506668292191,0.565037,0.4991140000000003,0.2315386306209252,0.0049712427047582
warmup_results_0_8_linux2_i7_4790___V8-default-javascript.json#spectralnorm---0,437.69740054883096,0.470686,0.0369440000000017,0.0705649305890667,0.0014454874807768
warmup_results_0_8_linux2_i7_4790___V8-default-javascript.json#spectralnorm---3,437.69740054883096,0.470686,0.0369440000000017,0.0705649305890667,0.0014454874807768
warmup_results_0_8_linux2_i7_4790___V8-default-javascript.json#spectralnorm---1,437.813615181758,0.470669,0.0301069999999961,0.0115984324284676,0.0014090386787944
warmup_results_0_8_linux2_i7_4790___V8-default-javascript.json#spectralnorm---10,437.629649144257,0.470612,0.0378100000000052,0.0135277397008745,0.0014324851139803
warmup_results_0_8_linux2_i7_4790___V8-default-javascript.json#spectralnorm---11,437.8115939341381,0.47066,0.0304899999999971,0.0106653749239471,0.0014072802903714
warmup_results_0_8_linux2_i7_4790___V8-default-javascript.json#spectralnorm---13,437.8115939341381,0.47066,0.0304899999999971,0.0106653749239471,0.0014072802903714
warmup_results_0_8_linux2_i7_4790___V8-default-javascript.json#spectralnorm---2,437.8115939341381,0.47066,0.0304899999999971,0.0106653749239471,0.0014072802903714
warmup_results_0_8_linux2_i7_4790___V8-default-javascript.json#spectralnorm---21,437.8115939341381,0.47066,0.0304899999999971,0.0106653749239471,0.0014072802903714
warmup_results_0_8_linux2_i7_4790___V8-default-javascript.json#spectralnorm---5,437.8115939341381,0.47066,0.0304899999999971,0.0106653749239471,0.0014072802903714
warmup_results_0_8_linux2_i7_4790___V8-default-javascript.json#spectralnorm---12,437.842804020985,0.47073,0.0303319999999971,0.0582137176331413,0.001408455052153
warmup_results_0_8_linux2_i7_4790___V8-default-javascript.json#spectralnorm---14,437.8134112765781,0.47068,0.0296999999999951,0.0158306045307126,0.0014149109114913
warmup_results_0_8_linux2_i7_4790___V8-default-javascript.json#spectralnorm---17,437.8134112765781,0.47068,0.0296999999999951,0.0158306045307126,0.0014149109114913
warmup_results_0_8_linux2_i7_4790___V8-default-javascript.json#spectralnorm---22,437.8134112765781,0.47068,0.0296999999999951,0.0158306045307126,0.0014149109114913
warmup_results_0_8_linux2_i7_4790___V8-default-javascript.json#spectralnorm---15,437.6405396051139,0.470591,0.0412920000000019,0.0212726547408174,0.00140870707516
warmup_results_0_8_linux2_i7_4790___V8-default-javascript.json#spectralnorm---19,437.6405396051139,0.470591,0.0412920000000019,0.0212726547408174,0.00140870707516
warmup_results_0_8_linux2_i7_4790___V8-default-javascript.json#spectralnorm---24,437.6405396051139,0.470591,0.0412920000000019,0.0212726547408174,0.00140870707516
warmup_results_0_8_linux2_i7_4790___V8-default-javascript.json#spectralnorm---16,437.63824023911593,0.470584,0.0421759999999998,0.0147392700113573,0.0014009655767142
warmup_results_0_8_linux2_i7_4790___V8-default-javascript.json#spectralnorm---25,437.63824023911593,0.470584,0.0421759999999998,0.0147392700113573,0.0014009655767142
warmup_results_0_8_linux2_i7_4790___V8-default-javascript.json#spectralnorm---18,437.68869441872994,0.470641,0.0324519999999938,0.0710151135819792,0.0014368868220349
warmup_results_0_8_linux2_i7_4790___V8-default-javascript.json#spectralnorm---20,437.6306049379029,0.470598,0.035637000000002,0.0106584920175256,0.0014178120924784
warmup_results_0_8_linux2_i7_4790___V8-default-javascript.json#spectralnorm---9,437.6306049379029,0.470598,0.035637000000002,0.0106584920175256,0.0014178120924784
warmup_results_0_8_linux2_i7_4790___V8-default-javascript.json#spectralnorm---23,437.6340316147629,0.47066,0.0430610000000046,0.0140405101583378,0.0014473836978799
warmup_results_0_8_linux2_i7_4790___V8-default-javascript.json#spectralnorm---28,437.6340316147629,0.47066,0.0430610000000046,0.0140405101583378,0.0014473836978799
warmup_results_0_8_linux2_i7_4790___V8-default-javascript.json#spectralnorm---8,437.6340316147629,0.47066,0.0430610000000046,0.0140405101583378,0.0014473836978799
warmup_results_0_8_linux2_i7_4790___V8-default-javascript.json#spectralnorm---26,437.687961070344,0.470657,0.0388910000000051,0.0713735482860171,0.0014379535793971
warmup_results_0_8_linux2_i7_4790___V8-default-javascript.json#spectralnorm---27,437.8373547160069,0.470735,0.0327719999999936,0.054955472368523,0.0014110337742133
warmup_results_0_8_linux2_i7_4790___V8-default-javascript.json#spectralnorm---29,437.816096807858,0.470669,0.0299829999999948,0.0168829634984267,0.0014019950973858
warmup_results_0_8_linux2_i7_4790___V8-default-javascript.json#spectralnorm---4,437.6406858667598,0.470623,0.0424259999999975,0.0229910410531528,0.0014193437271927
warmup_results_0_8_linux2_i7_4790___V8-default-javascript.json#spectralnorm---7,437.6406858667598,0.470623,0.0424259999999975,0.0229910410531528,0.0014193437271927
warmup_results_0_8_linux2_i7_4790___V8-default-javascript.json#spectralnorm---6,437.68232663422,0.470606,0.0353789999999955,0.0732509578768574,0.0014269279899365
warmup_results_0_8_linux3_e3_1240___C-default-c.json#fannkuch_redux---0,385.2117541562691,0.442919,0.8518390000000003,0.0238728058793682,0.00011052159401
warmup_results_0_8_linux3_e3_1240___C-default-c.json#fannkuch_redux---16,385.2117541562691,0.442919,0.8518390000000003,0.0238728058793682,0.00011052159401
warmup_results_0_8_linux3_e3_1240___C-default-c.json#fannkuch_redux---28,385.2117541562691,0.442919,0.8518390000000003,0.0238728058793682,0.00011052159401
warmup_results_0_8_linux3_e3_1240___C-default-c.json#fannkuch_redux---1,373.66734889212,0.435128,1.0266269999999986,-0.0175690857487575,9.480090511929456e-05
warmup_results_0_8_linux3_e3_1240___C-default-c.json#fannkuch_redux---13,373.66734889212,0.435128,1.0266269999999986,-0.0175690857487575,9.480090511929456e-05
warmup_results_0_8_linux3_e3_1240___C-default-c.json#fannkuch_redux---10,373.36988275979,0.435065,1.2123730000000008,-0.0889220426230292,-7.384800414399476e-05
warmup_results_0_8_linux3_e3_1240___C-default-c.json#fannkuch_redux---17,373.36988275979,0.435065,1.2123730000000008,-0.0889220426230292,-7.384800414399476e-05
warmup_results_0_8_linux3_e3_1240___C-default-c.json#fannkuch_redux---22,373.36988275979,0.435065,1.2123730000000008,-0.0889220426230292,-7.384800414399476e-05
warmup_results_0_8_linux3_e3_1240___C-default-c.json#fannkuch_redux---12,373.3144808723189,0.43749,1.1676129999999991,-0.0337531434339579,-0.0013430733393437
warmup_results_0_8_linux3_e3_1240___C-default-c.json#fannkuch_redux---14,373.734324476301,0.43537,1.000514000000002,0.0048229643377422,-0.0002815625761726
warmup_results_0_8_linux3_e3_1240___C-default-c.json#fannkuch_redux---15,374.574299459947,0.435683,1.3638670000000006,-0.0432269092208422,7.633284983448731e-05
warmup_results_0_8_linux3_e3_1240___C-default-c.json#fannkuch_redux---18,373.98979744775,0.435748,1.3436210000000008,-0.0776091408899988,-0.0005286983936049
warmup_results_0_8_linux3_e3_1240___C-default-c.json#fannkuch_redux---19,374.261611838107,0.440079,1.4868130000000002,-0.0770270796587568,-0.0005828885990921
warmup_results_0_8_linux3_e3_1240___C-default-c.json#fannkuch_redux---7,374.261611838107,0.440079,1.4868130000000002,-0.0770270796587568,-0.0005828885990921
warmup_results_0_8_linux3_e3_1240___C-default-c.json#fannkuch_redux---2,376.302131608964,0.441974,2.283625999999999,-0.0093052212945575,-0.0002406407878839
warmup_results_0_8_linux3_e3_1240___C-default-c.json#fannkuch_redux---8,376.302131608964,0.441974,2.283625999999999,-0.0093052212945575,-0.0002406407878839
warmup_results_0_8_linux3_e3_1240___C-default-c.json#fannkuch_redux---20,373.73854270263496,0.437254,1.2156459999999976,-0.0400901941913601,0.0004378564705845
warmup_results_0_8_linux3_e3_1240___C-default-c.json#fannkuch_redux---21,373.750447568608,0.435314,1.35868,-0.043511068703562,-0.0003185319133651
warmup_results_0_8_linux3_e3_1240___C-default-c.json#fannkuch_redux---23,373.57496486267,0.435397,1.0863419999999986,-0.0042884080427429,-9.959856144964148e-05
warmup_results_0_8_linux3_e3_1240___C-default-c.json#fannkuch_redux---6,373.57496486267,0.435397,1.0863419999999986,-0.0042884080427429,-9.959856144964148e-05
warmup_results_0_8_linux3_e3_1240___C-default-c.json#fannkuch_redux---24,374.058461574033,0.440451,1.383492999999998,-0.0833876950167646,-0.0008501435577161
warmup_results_0_8_linux3_e3_1240___C-default-c.json#fannkuch_redux---25,373.379625108666,0.435169,1.4161980000000012,-0.0409398427058548,0.0003806058044326
warmup_results_0_8_linux3_e3_1240___C-default-c.json#fannkuch_redux---26,373.379625108666,0.435169,1.4161980000000012,-0.0409398427058548,0.0003806058044326
warmup_results_0_8_linux3_e3_1240___C-default-c.json#fannkuch_redux---27,374.92141168064,0.946957,2.1450399999999985,-0.004297698015756,0.0058022981033125
warmup_results_0_8_linux3_e3_1240___C-default-c.json#fannkuch_redux---9,374.92141168064,0.946957,2.1450399999999985,-0.004297698015756,0.0058022981033125
warmup_results_0_8_linux3_e3_1240___C-default-c.json#fannkuch_redux---29,413.382940556642,0.463657,2.884421,0.0265472615759893,-0.0003927392749442
warmup_results_0_8_linux3_e3_1240___C-default-c.json#fannkuch_redux---3,373.70171874617,0.435747,1.5915479999999975,-0.0528006549220424,-0.0011046572395607
warmup_results_0_8_linux3_e3_1240___C-default-c.json#fannkuch_redux---4,373.690553579911,0.438332,1.102847,0.0452699258294488,-0.0001457890513403
warmup_results_0_8_linux3_e3_1240___C-default-c.json#fannkuch_redux---5,407.7658469563,0.460922,1.858895,-0.0369230712409539,-7.45975630726173e-05
warmup_results_0_8_linux3_e3_1240___C-default-c.json#fasta---0,9.903085374215005,0.070918,0.0164559999999979,-0.0385013069198519,0.0002957255066115
warmup_results_0_8_linux3_e3_1240___C-default-c.json#fasta---1,9.928362572714,0.07053,0.0145510000000003,0.0103951075089749,4.116954479796835e-05
warmup_results_0_8_linux3_e3_1240___C-default-c.json#fasta---10,9.95984617693599,0.070623,0.008580999999996,0.0194463530917938,3.1670072378257e-05
warmup_results_0_8_linux3_e3_1240___C-default-c.json#fasta---11,9.916713898959,0.070466,0.0085039999999947,0.0083942459067296,2.6566192461157227e-05
warmup_results_0_8_linux3_e3_1240___C-default-c.json#fasta---5,9.916713898959,0.070466,0.0085039999999947,0.0083942459067296,2.6566192461157227e-05
warmup_results_0_8_linux3_e3_1240___C-default-c.json#fasta---8,9.916713898959,0.070466,0.0085039999999947,0.0083942459067296,2.6566192461157227e-05
warmup_results_0_8_linux3_e3_1240___C-default-c.json#fasta---12,9.968985366408996,0.070649,0.010347000000001,0.0112542545010789,2.7396726307811867e-05
warmup_results_0_8_linux3_e3_1240___C-default-c.json#fasta---6,9.968985366408996,0.070649,0.010347000000001,0.0112542545010789,2.7396726307811867e-05
warmup_results_0_8_linux3_e3_1240___C-default-c.json#fasta---7,9.968985366408996,0.070649,0.010347000000001,0.0112542545010789,2.7396726307811867e-05
warmup_results_0_8_linux3_e3_1240___C-default-c.json#fasta---13,9.913688104685995,0.070458,0.0090049999999975,0.0956378920326233,2.623731204085294e-05
warmup_results_0_8_linux3_e3_1240___C-default-c.json#fasta---29,9.913688104685995,0.070458,0.0090049999999975,0.0956378920326233,2.623731204085294e-05
warmup_results_0_8_linux3_e3_1240___C-default-c.json#fasta---14,9.943659395703005,0.070562,0.0095199999999985,-0.0212686314904555,3.055419010530685e-05
warmup_results_0_8_linux3_e3_1240___C-default-c.json#fasta---24,9.943659395703005,0.070562,0.0095199999999985,-0.0212686314904555,3.055419010530685e-05
warmup_results_0_8_linux3_e3_1240___C-default-c.json#fasta---15,9.888482299045997,0.07037,0.0084970000000025,0.0187315949202897,2.9445949719466044e-05
warmup_results_0_8_linux3_e3_1240___C-default-c.json#fasta---22,9.888482299045997,0.07037,0.0084970000000025,0.0187315949202897,2.9445949719466044e-05
warmup_results_0_8_linux3_e3_1240___C-default-c.json#fasta---26,9.888482299045997,0.07037,0.0084970000000025,0.0187315949202897,2.9445949719466044e-05
warmup_results_0_8_linux3_e3_1240___C-default-c.json#fasta---16,9.920982384832996,0.070482,0.0078339999999934,0.0481352050243817,2.9576945118863413e-05
warmup_results_0_8_linux3_e3_1240___C-default-c.json#fasta---20,9.920982384832996,0.070482,0.0078339999999934,0.0481352050243817,2.9576945118863413e-05
warmup_results_0_8_linux3_e3_1240___C-default-c.json#fasta---17,9.960106244203994,0.070615,0.0168409999999994,0.0202629994035286,3.3961380022898494e-05
warmup_results_0_8_linux3_e3_1240___C-default-c.json#fasta---18,9.918458744789998,0.07046,0.0090530000000033,0.0619222114776727,2.2788156891191827e-05
warmup_results_0_8_linux3_e3_1240___C-default-c.json#fasta---2,9.918458744789998,0.07046,0.0090530000000033,0.0619222114776727,2.2788156891191827e-05
warmup_results_0_8_linux3_e3_1240___C-default-c.json#fasta---19,9.941901057461,0.070551,0.0132409999999971,-0.1029089301824077,2.9664090652596364e-05
warmup_results_0_8_linux3_e3_1240___C-default-c.json#fasta---21,9.916846578298998,0.070462,0.008708999999997,0.109869640439941,2.680945914942003e-05
warmup_results_0_8_linux3_e3_1240___C-default-c.json#fasta---25,9.916846578298998,0.070462,0.008708999999997,0.109869640439941,2.680945914942003e-05
warmup_results_0_8_linux3_e3_1240___C-default-c.json#fasta---23,9.947539170198,0.070577,0.0110989999999996,-0.003317941402404,2.7472680454362724e-05
warmup_results_0_8_linux3_e3_1240___C-default-c.json#fasta---27,9.942464570000006,0.070554,0.0114630000000029,0.0299521952066132,2.961897501538706e-05
warmup_results_0_8_linux3_e3_1240___C-default-c.json#fasta---28,9.915446782203,0.070464,0.0110600000000015,0.0788365287816064,3.297318016044487e-05
warmup_results_0_8_linux3_e3_1240___C-default-c.json#fasta---3,9.915446782203,0.070464,0.0110600000000015,0.0788365287816064,3.297318016044487e-05
warmup_results_0_8_linux3_e3_1240___C-default-c.json#fasta---4,9.964377791759,0.070638,0.0137460000000004,-0.0616419699880967,2.9749498337695155e-05
warmup_results_0_8_linux3_e3_1240___C-default-c.json#fasta---9,9.958323009170996,0.070617,0.0156180000000017,0.0119190551059213,2.751889368637255e-05
warmup_results_0_8_linux3_e3_1240___C-default-c.json#nbody---0,328.9831646797519,0.409555,0.0277290000000008,0.0396589477050406,4.15393567289243e-06
warmup_results_0_8_linux3_e3_1240___C-default-c.json#nbody---1,328.949278664566,0.40956,0.0280750000000041,0.0313332374706749,1.1217854239619672e-05
warmup_results_0_8_linux3_e3_1240___C-default-c.json#nbody---22,328.949278664566,0.40956,0.0280750000000041,0.0313332374706749,1.1217854239619672e-05
warmup_results_0_8_linux3_e3_1240___C-default-c.json#nbody---10,328.983051813466,0.409616,0.0278390000000022,0.0409696380360129,1.423179347107632e-05
warmup_results_0_8_linux3_e3_1240___C-default-c.json#nbody---11,328.923368695978,0.405575,0.024115000000006,-0.0313691788060297,3.8619503977498105e-06
warmup_results_0_8_linux3_e3_1240___C-default-c.json#nbody---9,328.923368695978,0.405575,0.024115000000006,-0.0313691788060297,3.8619503977498105e-06
warmup_results_0_8_linux3_e3_1240___C-default-c.json#nbody---12,328.921206391382,0.405571,0.0253510000000029,-0.0018708388389327,6.255838044598432e-06
warmup_results_0_8_linux3_e3_1240___C-default-c.json#nbody---14,328.921206391382,0.405571,0.0253510000000029,-0.0018708388389327,6.255838044598432e-06
warmup_results_0_8_linux3_e3_1240___C-default-c.json#nbody---28,328.921206391382,0.405571,0.0253510000000029,-0.0018708388389327,6.255838044598432e-06
warmup_results_0_8_linux3_e3_1240___C-default-c.json#nbody---13,328.979625251558,0.409583,0.0278010000000034,0.0439976948132783,-2.849487601158501e-06
warmup_results_0_8_linux3_e3_1240___C-default-c.json#nbody---15,328.93524452002794,0.409565,0.0277570000000053,0.0093497837852716,1.1404671014734348e-05
warmup_results_0_8_linux3_e3_1240___C-default-c.json#nbody---2,328.93524452002794,0.409565,0.0277570000000053,0.0093497837852716,1.1404671014734348e-05
warmup_results_0_8_linux3_e3_1240___C-default-c.json#nbody---16,329.835382271982,0.410124,0.0273820000000031,0.0558211630987209,1.29647234379014e-05
warmup_results_0_8_linux3_e3_1240___C-default-c.json#nbody---7,329.835382271982,0.410124,0.0273820000000031,0.0558211630987209,1.29647234379014e-05
warmup_results_0_8_linux3_e3_1240___C-default-c.json#nbody---17,328.92354876406193,0.405577,0.0245070000000049,-0.0296571720282123,-9.319068862800128e-06
warmup_results_0_8_linux3_e3_1240___C-default-c.json#nbody---20,328.92354876406193,0.405577,0.0245070000000049,-0.0296571720282123,-9.319068862800128e-06
warmup_results_0_8_linux3_e3_1240___C-default-c.json#nbody---18,328.981095931381,0.409599,0.0277239999999993,0.0370176532108113,6.390755994425526e-06
warmup_results_0_8_linux3_e3_1240___C-default-c.json#nbody---19,328.985076647513,0.409549,0.0279210000000029,0.0446952063244303,1.5706999693461067e-05
warmup_results_0_8_linux3_e3_1240___C-default-c.json#nbody---21,328.9200213954949,0.405568,0.0244410000000031,0.0112182547523236,9.155395267797467e-06
warmup_results_0_8_linux3_e3_1240___C-default-c.json#nbody---25,328.9200213954949,0.405568,0.0244410000000031,0.0112182547523236,9.155395267797467e-06
warmup_results_0_8_linux3_e3_1240___C-default-c.json#nbody---23,328.9219160640929,0.405575,0.0244030000000047,-0.0015253526676985,1.465789194013204e-05
warmup_results_0_8_linux3_e3_1240___C-default-c.json#nbody---24,328.9344771300179,0.409553,0.0270820000000061,0.0051981451749342,5.407231742295249e-06
warmup_results_0_8_linux3_e3_1240___C-default-c.json#nbody---4,328.9344771300179,0.409553,0.0270820000000061,0.0051981451749342,5.407231742295249e-06
warmup_results_0_8_linux3_e3_1240___C-default-c.json#nbody---26,328.9256843852009,0.405579,0.0282980000000052,-0.0422011140691012,7.414951676514115e-06
warmup_results_0_8_linux3_e3_1240___C-default-c.json#nbody---8,328.9256843852009,0.405579,0.0282980000000052,-0.0422011140691012,7.414951676514115e-06
warmup_results_0_8_linux3_e3_1240___C-default-c.json#nbody---27,328.92321136323187,0.405567,0.0254740000000038,0.0157616291767279,3.2536389240475497e-06
warmup_results_0_8_linux3_e3_1240___C-default-c.json#nbody---29,328.9221707421789,0.40557,0.0245910000000052,-0.0113193934037667,1.7528347276028205e-05
warmup_results_0_8_linux3_e3_1240___C-default-c.json#nbody---3,328.9220571844449,0.405567,0.023804000000005,-0.0321203538495886,7.617366636587558e-06
warmup_results_0_8_linux3_e3_1240___C-default-c.json#nbody---5,345.62724235268206,0.415859,0.0709499999999971,-0.0406830943284739,5.889784420468322e-06
warmup_results_0_8_linux3_e3_1240___C-default-c.json#nbody---6,328.94153209592594,0.409534,0.0288430000000037,0.02405649105306,1.5882610875864373e-05
warmup_results_0_8_linux3_e3_1240___C-default-c.json#richards---6,1119.917824519384,0.7529,2.729393000000001,0.181137090095876,-0.0002467280776943
warmup_results_0_8_linux3_e3_1240___C-default-c.json#richards---1,1117.5712813777182,0.753686,2.0260290000000003,0.1677255942865648,0.0002756917880535
warmup_results_0_8_linux3_e3_1240___C-default-c.json#richards---26,1117.5712813777182,0.753686,2.0260290000000003,0.1677255942865648,0.0002756917880535
warmup_results_0_8_linux3_e3_1240___C-default-c.json#richards---10,1101.578016189534,0.75081,2.610220999999998,0.0353839906803661,-0.0006221962257025
warmup_results_0_8_linux3_e3_1240___C-default-c.json#richards---27,1101.578016189534,0.75081,2.610220999999998,0.0353839906803661,-0.0006221962257025
warmup_results_0_8_linux3_e3_1240___C-default-c.json#richards---11,1100.735064559454,0.750462,2.6682189999999983,0.0653089963777432,0.0001669564399361
warmup_results_0_8_linux3_e3_1240___C-default-c.json#richards---12,1095.912261681346,0.744305,0.7685349999999996,0.0630127772047182,-8.695879198611713e-06
warmup_results_0_8_linux3_e3_1240___C-default-c.json#richards---13,1249.823451915282,0.794284,1.0886910000000012,0.0583935867329026,0.000324653399541
warmup_results_0_8_linux3_e3_1240___C-default-c.json#richards---15,1114.9807927972884,0.752665,0.7032819999999972,0.0590113746412376,0.0002513981979378
warmup_results_0_8_linux3_e3_1240___C-default-c.json#richards---16,1095.984076614971,0.746791,0.6216779999999995,0.0541028307004605,0.0002045529943206
warmup_results_0_8_linux3_e3_1240___C-default-c.json#richards---20,1095.984076614971,0.746791,0.6216779999999995,0.0541028307004605,0.0002045529943206
warmup_results_0_8_linux3_e3_1240___C-default-c.json#richards---17,1097.80127076881,0.75172,0.7309119999999959,-0.0027619679245545,-1.57546342942775e-05
warmup_results_0_8_linux3_e3_1240___C-default-c.json#richards---8,1097.80127076881,0.75172,0.7309119999999959,-0.0027619679245545,-1.57546342942775e-05
warmup_results_0_8_linux3_e3_1240___C-default-c.json#richards---18,1098.303966407782,0.748107,0.7753540000000037,0.1068140993000268,0.0002100019928831
warmup_results_0_8_linux3_e3_1240___C-default-c.json#richards---2,1098.303966407782,0.748107,0.7753540000000037,0.1068140993000268,0.0002100019928831
warmup_results_0_8_linux3_e3_1240___C-default-c.json#richards---19,1107.2454163892048,0.747859,0.9305889999999972,0.068990637884357,-0.0003905791026932
warmup_results_0_8_linux3_e3_1240___C-default-c.json#richards---22,1097.977640533641,0.745209,0.6427370000000034,0.0964279161352321,8.473675894075048e-05
warmup_results_0_8_linux3_e3_1240___C-default-c.json#richards---23,1098.8224017702792,0.748829,1.0115749999999997,0.0504040689944096,-0.0002590659509709
warmup_results_0_8_linux3_e3_1240___C-default-c.json#richards---24,1128.699707145132,0.756697,2.886417,0.1476921979968101,0.0012175080013481
warmup_results_0_8_linux3_e3_1240___C-default-c.json#richards---29,1128.699707145132,0.756697,2.886417,0.1476921979968101,0.0012175080013481
warmup_results_0_8_linux3_e3_1240___C-default-c.json#richards---25,1096.458677988194,0.745442,0.9176340000000016,0.0367815557939363,0.0005088951148748
warmup_results_0_8_linux3_e3_1240___C-default-c.json#richards---3,1096.458677988194,0.745442,0.9176340000000016,0.0367815557939363,0.0005088951148748
warmup_results_0_8_linux3_e3_1240___C-default-c.json#richards---5,1096.545007691608,0.746636,0.8785599999999975,0.0521054977251579,0.0002459052913064
warmup_results_0_8_linux3_e3_1240___C-default-c.json#richards---7,1097.457365491693,0.747077,0.7612809999999973,0.1294239068337572,0.0001517545052669
warmup_results_0_8_linux3_e3_1240___C-default-c.json#richards---9,1120.001470341422,0.753228,2.8273190000000006,0.2320759613148625,-0.0001794827569465
warmup_results_0_8_linux3_e3_1240___C-default-c.json#spectralnorm---0,599.3915971189309,0.552561,0.0741730000000037,0.0019167544046891,0.0003932633669613
warmup_results_0_8_linux3_e3_1240___C-default-c.json#spectralnorm---12,599.3915971189309,0.552561,0.0741730000000037,0.0019167544046891,0.0003932633669613
warmup_results_0_8_linux3_e3_1240___C-default-c.json#spectralnorm---13,599.3915971189309,0.552561,0.0741730000000037,0.0019167544046891,0.0003932633669613
warmup_results_0_8_linux3_e3_1240___C-default-c.json#spectralnorm---7,599.3915971189309,0.552561,0.0741730000000037,0.0019167544046891,0.0003932633669613
warmup_results_0_8_linux3_e3_1240___C-default-c.json#spectralnorm---1,590.7492329993781,0.54696,0.4800769999999996,0.0022636063392409,0.002161480986157
warmup_results_0_8_linux3_e3_1240___C-default-c.json#spectralnorm---10,596.2034325765828,0.551294,0.2013459999999971,0.0121230271170822,0.0023483946645571
warmup_results_0_8_linux3_e3_1240___C-default-c.json#spectralnorm---27,596.2034325765828,0.551294,0.2013459999999971,0.0121230271170822,0.0023483946645571
warmup_results_0_8_linux3_e3_1240___C-default-c.json#spectralnorm---11,596.984993792753,0.551809,0.0883410000000041,0.0062101078124795,0.001196095663633
warmup_results_0_8_linux3_e3_1240___C-default-c.json#spectralnorm---21,596.984993792753,0.551809,0.0883410000000041,0.0062101078124795,0.001196095663633
warmup_results_0_8_linux3_e3_1240___C-default-c.json#spectralnorm---14,597.101166661002,0.547536,0.5290579999999971,0.0603409781898738,0.0019544177807595
warmup_results_0_8_linux3_e3_1240___C-default-c.json#spectralnorm---25,597.101166661002,0.547536,0.5290579999999971,0.0603409781898738,0.0019544177807595
warmup_results_0_8_linux3_e3_1240___C-default-c.json#spectralnorm---15,598.351675585362,0.550474,0.0800319999999998,0.0037567556337967,0.0012827612284787
warmup_results_0_8_linux3_e3_1240___C-default-c.json#spectralnorm---16,597.99879994516,0.552201,0.2400980000000028,0.0001063861416912,0.0011729626441891
warmup_results_0_8_linux3_e3_1240___C-default-c.json#spectralnorm---24,597.99879994516,0.552201,0.2400980000000028,0.0001063861416912,0.0011729626441891
warmup_results_0_8_linux3_e3_1240___C-default-c.json#spectralnorm---6,597.99879994516,0.552201,0.2400980000000028,0.0001063861416912,0.0011729626441891
warmup_results_0_8_linux3_e3_1240___C-default-c.json#spectralnorm---17,595.857950729177,0.552378,0.0819000000000038,0.0065796190032786,0.0030527395033991
warmup_results_0_8_linux3_e3_1240___C-default-c.json#spectralnorm---22,595.857950729177,0.552378,0.0819000000000038,0.0065796190032786,0.0030527395033991
warmup_results_0_8_linux3_e3_1240___C-default-c.json#spectralnorm---23,595.857950729177,0.552378,0.0819000000000038,0.0065796190032786,0.0030527395033991
warmup_results_0_8_linux3_e3_1240___C-default-c.json#spectralnorm---26,595.857950729177,0.552378,0.0819000000000038,0.0065796190032786,0.0030527395033991
warmup_results_0_8_linux3_e3_1240___C-default-c.json#spectralnorm---9,595.857950729177,0.552378,0.0819000000000038,0.0065796190032786,0.0030527395033991
warmup_results_0_8_linux3_e3_1240___C-default-c.json#spectralnorm---18,598.462721923813,0.550941,0.2184969999999981,-0.0246345565595806,0.0007368586156517
warmup_results_0_8_linux3_e3_1240___C-default-c.json#spectralnorm---19,592.51401271744,0.550982,0.1870959999999991,0.0061328632470645,0.0030374494666023
warmup_results_0_8_linux3_e3_1240___C-default-c.json#spectralnorm---28,592.51401271744,0.550982,0.1870959999999991,0.0061328632470645,0.0030374494666023
warmup_results_0_8_linux3_e3_1240___C-default-c.json#spectralnorm---2,598.0360910117599,0.552245,0.3054669999999982,0.053221351740831,0.0014739985214593
warmup_results_0_8_linux3_e3_1240___C-default-c.json#spectralnorm---20,601.149221207149,0.553016,0.2350100000000002,0.0271413435626244,0.0005505721121598
warmup_results_0_8_linux3_e3_1240___C-default-c.json#spectralnorm---3,601.149221207149,0.553016,0.2350100000000002,0.0271413435626244,0.0005505721121598
warmup_results_0_8_linux3_e3_1240___C-default-c.json#spectralnorm---4,601.149221207149,0.553016,0.2350100000000002,0.0271413435626244,0.0005505721121598
warmup_results_0_8_linux3_e3_1240___C-default-c.json#spectralnorm---29,595.4086389183921,0.549821,0.2837789999999978,0.0527432434807009,0.0011556116851735
warmup_results_0_8_linux3_e3_1240___C-default-c.json#spectralnorm---5,594.527386471928,0.550025,0.1704899999999957,0.0327998295990388,0.0020248598233668
warmup_results_0_8_linux3_e3_1240___C-default-c.json#spectralnorm---8,598.2743518047171,0.550826,0.0733279999999935,0.0146275730381149,0.0015418190650198
warmup_results_0_8_linux3_e3_1240___Graal-default-java.json#binarytrees---0,69.402286869473,0.428157,1.7769389999999996,0.0965188243069039,0.1476993190095735
warmup_results_0_8_linux3_e3_1240___Graal-default-java.json#binarytrees---17,69.402286869473,0.428157,1.7769389999999996,0.0965188243069039,0.1476993190095735
warmup_results_0_8_linux3_e3_1240___Graal-default-java.json#binarytrees---1,69.75442570280698,0.424505,1.728794,0.1695143693154275,0.1457732045485062
warmup_results_0_8_linux3_e3_1240___Graal-default-java.json#binarytrees---10,69.66956940007202,0.43096,1.6906340000000002,0.0923829725169856,0.1433841048536859
warmup_results_0_8_linux3_e3_1240___Graal-default-java.json#binarytrees---12,69.66956940007202,0.43096,1.6906340000000002,0.0923829725169856,0.1433841048536859
warmup_results_0_8_linux3_e3_1240___Graal-default-java.json#binarytrees---15,69.66956940007202,0.43096,1.6906340000000002,0.0923829725169856,0.1433841048536859
warmup_results_0_8_linux3_e3_1240___Graal-default-java.json#binarytrees---21,69.66956940007202,0.43096,1.6906340000000002,0.0923829725169856,0.1433841048536859
warmup_results_0_8_linux3_e3_1240___Graal-default-java.json#binarytrees---11,69.51967674873501,0.429614,1.7386679999999988,0.3132226439642785,0.1450427703323513
warmup_results_0_8_linux3_e3_1240___Graal-default-java.json#binarytrees---6,69.51967674873501,0.429614,1.7386679999999988,0.3132226439642785,0.1450427703323513
warmup_results_0_8_linux3_e3_1240___Graal-default-java.json#binarytrees---14,69.492488931128,0.430134,1.766792,0.1403605026323336,0.139987676612332
warmup_results_0_8_linux3_e3_1240___Graal-default-java.json#binarytrees---16,69.610606711693,0.428319,1.7380440000000006,0.1731863800610683,0.1418794071692216
warmup_results_0_8_linux3_e3_1240___Graal-default-java.json#binarytrees---18,69.481377597821,0.434486,1.8516740000000007,-0.0913045539462713,0.146414867565103
warmup_results_0_8_linux3_e3_1240___Graal-default-java.json#binarytrees---9,69.481377597821,0.434486,1.8516740000000007,-0.0913045539462713,0.146414867565103
warmup_results_0_8_linux3_e3_1240___Graal-default-java.json#binarytrees---19,69.675659541785,0.425611,1.828469,0.1533669899505332,0.1332095405202068
warmup_results_0_8_linux3_e3_1240___Graal-default-java.json#binarytrees---2,69.470185725389,0.441321,1.7625029999999997,0.3095154327347403,0.1471255990014462
warmup_results_0_8_linux3_e3_1240___Graal-default-java.json#binarytrees---20,69.709146838891,0.426841,1.8181890000000005,0.1254467636485702,0.1439122017024748
warmup_results_0_8_linux3_e3_1240___Graal-default-java.json#binarytrees---24,69.709146838891,0.426841,1.8181890000000005,0.1254467636485702,0.1439122017024748
warmup_results_0_8_linux3_e3_1240___Graal-default-java.json#binarytrees---22,69.63964813243399,0.448507,1.8703030000000007,-0.0792978636754076,0.1507923577289769
warmup_results_0_8_linux3_e3_1240___Graal-default-java.json#binarytrees---23,69.828092347585,0.43765,1.7716940000000008,0.2897396207183473,0.1398079717652475
warmup_results_0_8_linux3_e3_1240___Graal-default-java.json#binarytrees---25,69.57947735831,0.468685,1.7971719999999998,0.1559172118246004,0.1576008303429418
warmup_results_0_8_linux3_e3_1240___Graal-default-java.json#binarytrees---26,69.46806057264,0.420006,1.7742690000000003,0.0968628437793026,0.1458439755016577
warmup_results_0_8_linux3_e3_1240___Graal-default-java.json#binarytrees---27,69.73056378228999,0.439024,1.835957,-0.0266318729648973,0.140443737200764
warmup_results_0_8_linux3_e3_1240___Graal-default-java.json#binarytrees---5,69.73056378228999,0.439024,1.835957,-0.0266318729648973,0.140443737200764
warmup_results_0_8_linux3_e3_1240___Graal-default-java.json#binarytrees---28,69.654737003849,0.427587,1.6618050000000002,-0.0098978052820993,0.1195420541676791
warmup_results_0_8_linux3_e3_1240___Graal-default-java.json#binarytrees---29,69.46239047424402,0.425571,1.7040890000000004,0.1536269655068388,0.1451466416660831
warmup_results_0_8_linux3_e3_1240___Graal-default-java.json#binarytrees---3,69.47616651767,0.430471,1.7198279999999997,0.1122173725926261,0.1464861296300581
warmup_results_0_8_linux3_e3_1240___Graal-default-java.json#binarytrees---7,69.47616651767,0.430471,1.7198279999999997,0.1122173725926261,0.1464861296300581
warmup_results_0_8_linux3_e3_1240___Graal-default-java.json#binarytrees---4,69.58204818441001,0.430307,1.644834,0.2376384901074121,0.1505316358950469
warmup_results_0_8_linux3_e3_1240___Graal-default-java.json#binarytrees---8,69.65718401486899,0.428791,1.7314010000000004,0.166280819132181,0.1475542995562952
warmup_results_0_8_linux3_e3_1240___Graal-default-java.json#fannkuch_redux---0,297.833883092338,0.889081,1.087754,0.0397174638397607,0.3453323178266078
warmup_results_0_8_linux3_e3_1240___Graal-default-java.json#fannkuch_redux---1,297.833883092338,0.889081,1.087754,0.0397174638397607,0.3453323178266078
warmup_results_0_8_linux3_e3_1240___Graal-default-java.json#fannkuch_redux---11,297.833883092338,0.889081,1.087754,0.0397174638397607,0.3453323178266078
warmup_results_0_8_linux3_e3_1240___Graal-default-java.json#fannkuch_redux---17,297.833883092338,0.889081,1.087754,0.0397174638397607,0.3453323178266078
warmup_results_0_8_linux3_e3_1240___Graal-default-java.json#fannkuch_redux---10,295.608255208368,0.875487,1.089363999999999,0.0478648684062527,0.3315561090586143
warmup_results_0_8_linux3_e3_1240___Graal-default-java.json#fannkuch_redux---12,290.531258306938,0.848323,0.926110999999999,0.0571163319489371,0.2623744547298894
warmup_results_0_8_linux3_e3_1240___Graal-default-java.json#fannkuch_redux---13,287.533315325737,0.859499,0.9274650000000012,0.0566877610921664,0.2893059911789712
warmup_results_0_8_linux3_e3_1240___Graal-default-java.json#fannkuch_redux---14,294.8129684206659,0.823869,0.9616340000000008,0.0544180927884148,0.2416758314263767
warmup_results_0_8_linux3_e3_1240___Graal-default-java.json#fannkuch_redux---20,294.8129684206659,0.823869,0.9616340000000008,0.0544180927884148,0.2416758314263767
warmup_results_0_8_linux3_e3_1240___Graal-default-java.json#fannkuch_redux---21,294.8129684206659,0.823869,0.9616340000000008,0.0544180927884148,0.2416758314263767
warmup_results_0_8_linux3_e3_1240___Graal-default-java.json#fannkuch_redux---27,294.8129684206659,0.823869,0.9616340000000008,0.0544180927884148,0.2416758314263767
warmup_results_0_8_linux3_e3_1240___Graal-default-java.json#fannkuch_redux---15,292.71846465707097,0.836552,0.9307499999999992,0.0407333263034983,0.2510228901984094
warmup_results_0_8_linux3_e3_1240___Graal-default-java.json#fannkuch_redux---5,292.71846465707097,0.836552,0.9307499999999992,0.0407333263034983,0.2510228901984094
warmup_results_0_8_linux3_e3_1240___Graal-default-java.json#fannkuch_redux---16,297.21401716899504,0.861,1.016176999999998,0.1096575459530505,0.2617842473883056
warmup_results_0_8_linux3_e3_1240___Graal-default-java.json#fannkuch_redux---18,296.82791634327293,0.897328,0.9066619999999996,0.081871303866851,0.2853719218894504
warmup_results_0_8_linux3_e3_1240___Graal-default-java.json#fannkuch_redux---22,296.82791634327293,0.897328,0.9066619999999996,0.081871303866851,0.2853719218894504
warmup_results_0_8_linux3_e3_1240___Graal-default-java.json#fannkuch_redux---28,296.82791634327293,0.897328,0.9066619999999996,0.081871303866851,0.2853719218894504
warmup_results_0_8_linux3_e3_1240___Graal-default-java.json#fannkuch_redux---19,289.640939056092,0.86354,0.9896979999999992,0.0664764122850526,0.2647375103613256
warmup_results_0_8_linux3_e3_1240___Graal-default-java.json#fannkuch_redux---24,289.640939056092,0.86354,0.9896979999999992,0.0664764122850526,0.2647375103613256
warmup_results_0_8_linux3_e3_1240___Graal-default-java.json#fannkuch_redux---8,289.640939056092,0.86354,0.9896979999999992,0.0664764122850526,0.2647375103613256
warmup_results_0_8_linux3_e3_1240___Graal-default-java.json#fannkuch_redux---2,294.68578557927697,0.876881,0.9668859999999986,0.0366837874862371,0.3054829254113058
warmup_results_0_8_linux3_e3_1240___Graal-default-java.json#fannkuch_redux---23,297.19109708053304,0.894125,1.2037840000000013,0.0460053700706306,0.3229896629376501
warmup_results_0_8_linux3_e3_1240___Graal-default-java.json#fannkuch_redux---26,296.343096760957,0.865883,0.9813779999999992,0.0936567951095224,0.2709655999259275
warmup_results_0_8_linux3_e3_1240___Graal-default-java.json#fannkuch_redux---29,289.209451094114,0.845359,0.9045580000000006,0.0430494233627198,0.2623920541418767
warmup_results_0_8_linux3_e3_1240___Graal-default-java.json#fannkuch_redux---3,290.776690430483,0.859344,0.9055370000000008,0.0462250327341493,0.2668573778818298
warmup_results_0_8_linux3_e3_1240___Graal-default-java.json#fannkuch_redux---4,296.57136492670804,0.905397,0.8762960000000009,-0.113131354429928,0.3000737601821183
warmup_results_0_8_linux3_e3_1240___Graal-default-java.json#fannkuch_redux---6,294.67754448955407,0.869271,0.9520480000000012,0.0776936658949347,0.2758580271816364
warmup_results_0_8_linux3_e3_1240___Graal-default-java.json#fannkuch_redux---7,295.40222138871,0.847523,1.2015819999999988,0.0005765985303975,0.2578932909444511
warmup_results_0_8_linux3_e3_1240___Graal-default-java.json#fannkuch_redux---9,295.5205390728749,0.900883,1.121462000000001,0.0183396754896405,0.3507278078764742
warmup_results_0_8_linux3_e3_1240___Graal-default-java.json#fasta---0,55.680501249291,0.278855,1.2620129999999994,0.0216455715077952,0.037514374982496
warmup_results_0_8_linux3_e3_1240___Graal-default-java.json#fasta---1,55.390255765292,0.278934,1.3720299999999996,-0.0558885493631998,0.0333184496336537
warmup_results_0_8_linux3_e3_1240___Graal-default-java.json#fasta---10,54.90549583691501,0.286819,1.059273000000001,0.0029258752224231,0.0232511031945557
warmup_results_0_8_linux3_e3_1240___Graal-default-java.json#fasta---14,54.90549583691501,0.286819,1.059273000000001,0.0029258752224231,0.0232511031945557
warmup_results_0_8_linux3_e3_1240___Graal-default-java.json#fasta---21,54.90549583691501,0.286819,1.059273000000001,0.0029258752224231,0.0232511031945557
warmup_results_0_8_linux3_e3_1240___Graal-default-java.json#fasta---11,55.72994218096101,0.278792,1.2253920000000007,0.0151704845903392,0.0382919385329623
warmup_results_0_8_linux3_e3_1240___Graal-default-java.json#fasta---16,55.72994218096101,0.278792,1.2253920000000007,0.0151704845903392,0.0382919385329623
warmup_results_0_8_linux3_e3_1240___Graal-default-java.json#fasta---23,55.72994218096101,0.278792,1.2253920000000007,0.0151704845903392,0.0382919385329623
warmup_results_0_8_linux3_e3_1240___Graal-default-java.json#fasta---12,54.935573239815,0.279667,1.3073160000000006,-0.0063294616849459,0.0412746001359012
warmup_results_0_8_linux3_e3_1240___Graal-default-java.json#fasta---29,54.935573239815,0.279667,1.3073160000000006,-0.0063294616849459,0.0412746001359012
warmup_results_0_8_linux3_e3_1240___Graal-default-java.json#fasta---5,54.935573239815,0.279667,1.3073160000000006,-0.0063294616849459,0.0412746001359012
warmup_results_0_8_linux3_e3_1240___Graal-default-java.json#fasta---13,54.999241724437,0.279263,1.274658,0.0203781241266217,0.0296168220831735
warmup_results_0_8_linux3_e3_1240___Graal-default-java.json#fasta---26,54.999241724437,0.279263,1.274658,0.0203781241266217,0.0296168220831735
warmup_results_0_8_linux3_e3_1240___Graal-default-java.json#fasta---15,54.468873303779,0.27859,1.1775800000000003,0.0098132636263362,0.0431560711905381
warmup_results_0_8_linux3_e3_1240___Graal-default-java.json#fasta---24,54.468873303779,0.27859,1.1775800000000003,0.0098132636263362,0.0431560711905381
warmup_results_0_8_linux3_e3_1240___Graal-default-java.json#fasta---19,55.72367536607799,0.276854,1.137372000000001,0.0061920115774633,0.0369792988181704
warmup_results_0_8_linux3_e3_1240___Graal-default-java.json#fasta---18,54.42873740755101,0.273496,1.3916709999999997,0.021522085265401,0.0035580245219821
warmup_results_0_8_linux3_e3_1240___Graal-default-java.json#fasta---2,55.28219840463001,0.277161,1.3115650000000008,-0.0409781957743638,0.0329112498544525
warmup_results_0_8_linux3_e3_1240___Graal-default-java.json#fasta---8,55.28219840463001,0.277161,1.3115650000000008,-0.0409781957743638,0.0329112498544525
warmup_results_0_8_linux3_e3_1240___Graal-default-java.json#fasta---20,55.312966458874,0.279335,1.33418,-0.002466305334115,0.0356974175705578
warmup_results_0_8_linux3_e3_1240___Graal-default-java.json#fasta---22,55.074055994236005,0.279004,1.377889,0.0280247585047574,0.0366098179311422
warmup_results_0_8_linux3_e3_1240___Graal-default-java.json#fasta---9,55.074055994236005,0.279004,1.377889,0.0280247585047574,0.0366098179311422
warmup_results_0_8_linux3_e3_1240___Graal-default-java.json#fasta---25,54.47388534461301,0.277469,1.3258159999999988,0.0262276484063396,0.0405575403313454
warmup_results_0_8_linux3_e3_1240___Graal-default-java.json#fasta---27,55.25896677016699,0.281692,1.458145999999999,0.0209679977117856,0.0383744091249997
warmup_results_0_8_linux3_e3_1240___Graal-default-java.json#fasta---28,55.166245263346994,0.273091,1.3313290000000009,0.0484191686819242,0.0381335591381137
warmup_results_0_8_linux3_e3_1240___Graal-default-java.json#fasta---4,55.166245263346994,0.273091,1.3313290000000009,0.0484191686819242,0.0381335591381137
warmup_results_0_8_linux3_e3_1240___Graal-default-java.json#fasta---3,55.444193549509,0.272732,1.4580080000000002,0.0012692353033013,0.0346722123760585
warmup_results_0_8_linux3_e3_1240___Graal-default-java.json#fasta---6,56.05425784711899,0.2738,1.1981279999999996,0.0199850849016919,0.0032989232344881
warmup_results_0_8_linux3_e3_1240___Graal-default-java.json#fasta---7,55.326125776702,0.284302,1.3885350000000003,0.0383184798147205,0.038166317609278
warmup_results_0_8_linux3_e3_1240___Graal-default-java.json#nbody---0,35.680403994333005,0.218895,0.6097560000000006,0.0140671253190309,0.0222064340525004
warmup_results_0_8_linux3_e3_1240___Graal-default-java.json#nbody---8,35.680403994333005,0.218895,0.6097560000000006,0.0140671253190309,0.0222064340525004
warmup_results_0_8_linux3_e3_1240___Graal-default-java.json#nbody---1,35.65757505958,0.216776,0.6017580000000007,0.0156423085938981,0.0240835972536865
warmup_results_0_8_linux3_e3_1240___Graal-default-java.json#nbody---16,35.65757505958,0.216776,0.6017580000000007,0.0156423085938981,0.0240835972536865
warmup_results_0_8_linux3_e3_1240___Graal-default-java.json#nbody---19,35.65757505958,0.216776,0.6017580000000007,0.0156423085938981,0.0240835972536865
warmup_results_0_8_linux3_e3_1240___Graal-default-java.json#nbody---10,35.648752253423,0.21652,0.5770379999999999,0.0381714904721155,0.0257823561449146
warmup_results_0_8_linux3_e3_1240___Graal-default-java.json#nbody---11,35.640479192644,0.216707,0.5981160000000008,0.0228252397657209,0.0254020820580812
warmup_results_0_8_linux3_e3_1240___Graal-default-java.json#nbody---14,35.640479192644,0.216707,0.5981160000000008,0.0228252397657209,0.0254020820580812
warmup_results_0_8_linux3_e3_1240___Graal-default-java.json#nbody---12,35.649407929144004,0.218713,0.5797639999999996,0.0689740823512495,0.0264349681699253
warmup_results_0_8_linux3_e3_1240___Graal-default-java.json#nbody---17,35.649407929144004,0.218713,0.5797639999999996,0.0689740823512495,0.0264349681699253
warmup_results_0_8_linux3_e3_1240___Graal-default-java.json#nbody---13,35.64457776110599,0.218853,0.6056389999999996,0.003627848170984,0.0258329933478283
warmup_results_0_8_linux3_e3_1240___Graal-default-java.json#nbody---15,35.647617057668,0.216916,0.625365,0.0136750012634529,0.0274195124723163
warmup_results_0_8_linux3_e3_1240___Graal-default-java.json#nbody---29,35.647617057668,0.216916,0.625365,0.0136750012634529,0.0274195124723163
warmup_results_0_8_linux3_e3_1240___Graal-default-java.json#nbody---18,35.654626473072,0.217165,0.606287,0.0323754093625385,0.0255569297774612
warmup_results_0_8_linux3_e3_1240___Graal-default-java.json#nbody---2,35.645429219397,0.216026,0.5779070000000007,0.0376147759919083,0.0276364435270064
warmup_results_0_8_linux3_e3_1240___Graal-default-java.json#nbody---20,35.667052574093,0.215833,0.6443279999999997,0.0158469669740685,0.0226544268576651
warmup_results_0_8_linux3_e3_1240___Graal-default-java.json#nbody---9,35.667052574093,0.215833,0.6443279999999997,0.0158469669740685,0.0226544268576651
warmup_results_0_8_linux3_e3_1240___Graal-default-java.json#nbody---21,35.674916292743006,0.21644,0.6037340000000015,0.0704037721790479,0.027571656788882
warmup_results_0_8_linux3_e3_1240___Graal-default-java.json#nbody---22,35.668350830734,0.220346,0.5715080000000003,0.0485860144561881,0.0251705990669479
warmup_results_0_8_linux3_e3_1240___Graal-default-java.json#nbody---4,35.668350830734,0.220346,0.5715080000000003,0.0485860144561881,0.0251705990669479
warmup_results_0_8_linux3_e3_1240___Graal-default-java.json#nbody---5,35.668350830734,0.220346,0.5715080000000003,0.0485860144561881,0.0251705990669479
warmup_results_0_8_linux3_e3_1240___Graal-default-java.json#nbody---23,35.639577458593,0.216191,0.5744159999999991,0.0566763942089838,0.0264266729864535
warmup_results_0_8_linux3_e3_1240___Graal-default-java.json#nbody---26,35.639577458593,0.216191,0.5744159999999991,0.0566763942089838,0.0264266729864535
warmup_results_0_8_linux3_e3_1240___Graal-default-java.json#nbody---28,35.639577458593,0.216191,0.5744159999999991,0.0566763942089838,0.0264266729864535
warmup_results_0_8_linux3_e3_1240___Graal-default-java.json#nbody---24,35.79928864538701,0.216184,0.6196750000000002,0.0003309458902585,0.0014368106449199
warmup_results_0_8_linux3_e3_1240___Graal-default-java.json#nbody---25,35.657820831418,0.216756,0.6353000000000002,0.0027910968256631,0.0260910037739173
warmup_results_0_8_linux3_e3_1240___Graal-default-java.json#nbody---7,35.657820831418,0.216756,0.6353000000000002,0.0027910968256631,0.0260910037739173
warmup_results_0_8_linux3_e3_1240___Graal-default-java.json#nbody---27,35.649697571144,0.216566,0.6235520000000006,0.0010298684322092,0.0246303284394651
warmup_results_0_8_linux3_e3_1240___Graal-default-java.json#nbody---3,35.659962541919995,0.216991,0.6811320000000005,0.0065448038833368,0.0237456080848902
warmup_results_0_8_linux3_e3_1240___Graal-default-java.json#nbody---6,35.66438466914601,0.219701,0.6057389999999985,0.0457216926119279,0.0284371306550241
warmup_results_0_8_linux3_e3_1240___Graal-default-java.json#richards---0,149.982730792959,1.154245,1.1214969999999995,0.0509975251068984,0.4779282935916601
warmup_results_0_8_linux3_e3_1240___Graal-default-java.json#richards---1,148.109022986929,1.169095,1.2368749999999995,0.0239408394445136,0.4890909250628973
warmup_results_0_8_linux3_e3_1240___Graal-default-java.json#richards---11,148.109022986929,1.169095,1.2368749999999995,0.0239408394445136,0.4890909250628973
warmup_results_0_8_linux3_e3_1240___Graal-default-java.json#richards---10,143.842868957065,1.161153,1.2583200000000008,0.06846215371183,0.4867832245104976
warmup_results_0_8_linux3_e3_1240___Graal-default-java.json#richards---13,143.842868957065,1.161153,1.2583200000000008,0.06846215371183,0.4867832245104976
warmup_results_0_8_linux3_e3_1240___Graal-default-java.json#richards---19,143.842868957065,1.161153,1.2583200000000008,0.06846215371183,0.4867832245104976
warmup_results_0_8_linux3_e3_1240___Graal-default-java.json#richards---22,143.842868957065,1.161153,1.2583200000000008,0.06846215371183,0.4867832245104976
warmup_results_0_8_linux3_e3_1240___Graal-default-java.json#richards---8,143.842868957065,1.161153,1.2583200000000008,0.06846215371183,0.4867832245104976
warmup_results_0_8_linux3_e3_1240___Graal-default-java.json#richards---15,144.91204788447794,1.183105,1.1609519999999995,0.063926540806548,0.4975915653687175
warmup_results_0_8_linux3_e3_1240___Graal-default-java.json#richards---16,144.30405120199902,1.162466,1.3050980000000012,0.0423504499420938,0.4874030866908516
warmup_results_0_8_linux3_e3_1240___Graal-default-java.json#richards---6,144.30405120199902,1.162466,1.3050980000000012,0.0423504499420938,0.4874030866908516
warmup_results_0_8_linux3_e3_1240___Graal-default-java.json#richards---17,143.749486203407,1.176256,1.2532880000000004,0.0056321439829647,0.4925448930783267
warmup_results_0_8_linux3_e3_1240___Graal-default-java.json#richards---18,151.23400204086602,1.152867,1.2722969999999982,0.0280044188092473,0.4821266575860477
warmup_results_0_8_linux3_e3_1240___Graal-default-java.json#richards---2,143.656231071376,1.17197,1.3058579999999973,0.0642887938247993,0.4915390837748991
warmup_results_0_8_linux3_e3_1240___Graal-default-java.json#richards---20,148.588445237298,1.175115,1.2282699999999984,0.0023595635028517,0.4913684655674574
warmup_results_0_8_linux3_e3_1240___Graal-default-java.json#richards---21,143.733953695391,1.11671,1.141908,0.0629124608619464,0.4605409751170956
warmup_results_0_8_linux3_e3_1240___Graal-default-java.json#richards---23,144.001065648099,1.233057,1.4080949999999988,0.0693379114145713,0.5243259857659331
warmup_results_0_8_linux3_e3_1240___Graal-default-java.json#richards---24,145.29589541009204,1.154414,1.3781070000000006,0.0049652804306734,0.4813945618163367
warmup_results_0_8_linux3_e3_1240___Graal-default-java.json#richards---28,145.29589541009204,1.154414,1.3781070000000006,0.0049652804306734,0.4813945618163367
warmup_results_0_8_linux3_e3_1240___Graal-default-java.json#richards---9,145.29589541009204,1.154414,1.3781070000000006,0.0049652804306734,0.4813945618163367
warmup_results_0_8_linux3_e3_1240___Graal-default-java.json#richards---25,147.68140170864996,1.172603,1.2485530000000018,0.0589377953915118,0.4904301202187039
warmup_results_0_8_linux3_e3_1240___Graal-default-java.json#richards---26,145.31502333814495,1.150357,1.2462560000000011,0.0431473615929797,0.4800066221081753
warmup_results_0_8_linux3_e3_1240___Graal-default-java.json#richards---27,143.84549263364903,1.184127,1.2662989999999994,0.0775164524753408,0.4983124770350935
warmup_results_0_8_linux3_e3_1240___Graal-default-java.json#richards---7,143.84549263364903,1.184127,1.2662989999999994,0.0775164524753408,0.4983124770350935
warmup_results_0_8_linux3_e3_1240___Graal-default-java.json#richards---29,143.96373536355503,1.198405,1.3126670000000005,0.0208510341585305,0.5068218678303432
warmup_results_0_8_linux3_e3_1240___Graal-default-java.json#richards---4,143.96373536355503,1.198405,1.3126670000000005,0.0208510341585305,0.5068218678303432
warmup_results_0_8_linux3_e3_1240___Graal-default-java.json#richards---3,144.78970905497,1.187693,1.4732839999999998,0.0081573283426109,0.4993283466024982
warmup_results_0_8_linux3_e3_1240___Graal-default-java.json#richards---5,145.41262760010997,1.156611,1.1998110000000022,0.048100623563455,0.4824944971294734
warmup_results_0_8_linux3_e3_1240___Graal-default-java.json#spectralnorm---0,1594.5328121162847,0.896403,0.1532510000000054,0.0658044182012905,-0.0356790439605978
warmup_results_0_8_linux3_e3_1240___Graal-default-java.json#spectralnorm---11,1594.5584219658667,0.896373,0.1599480000000021,0.0490499732789779,-0.0422757952781367
warmup_results_0_8_linux3_e3_1240___Graal-default-java.json#spectralnorm---12,1594.6558878178898,0.900048,0.1704780000000093,0.0617129543475656,-0.0347341079137217
warmup_results_0_8_linux3_e3_1240___Graal-default-java.json#spectralnorm---15,1594.6983449238824,0.901342,0.1648100000000047,0.0733210404425963,-0.0346240310295462
warmup_results_0_8_linux3_e3_1240___Graal-default-java.json#spectralnorm---16,1594.5309465821658,0.896188,0.149010000000006,0.0728770623122978,-0.0360719985402615
warmup_results_0_8_linux3_e3_1240___Graal-default-java.json#spectralnorm---3,1594.763978123538,0.896324,0.163417000000008,0.0834784398704445,-0.0482061608935419
warmup_results_0_8_linux3_e3_1240___Graal-default-java.json#spectralnorm---18,1594.8042869778433,0.897028,0.1681050000000004,0.0626023977911328,-0.0350747324321665
warmup_results_0_8_linux3_e3_1240___Graal-default-java.json#spectralnorm---19,1594.5592214283026,0.896986,0.1687580000000068,0.0744731786173774,-0.0585299352347792
warmup_results_0_8_linux3_e3_1240___Graal-default-java.json#spectralnorm---21,1594.608378362877,0.89617,0.1424570000000053,0.0958420912564912,-0.0361109157658653
warmup_results_0_8_linux3_e3_1240___Graal-default-java.json#spectralnorm---24,1594.454967992652,0.896052,0.1650060000000026,0.074802333321353,-0.0479063110103698
warmup_results_0_8_linux3_e3_1240___Graal-default-java.json#spectralnorm---27,1594.6034666383143,0.897082,0.1670200000000055,0.0583511927335979,-0.0360316422052183
warmup_results_0_8_linux3_e3_1240___Graal-default-java.json#spectralnorm---5,1594.6034666383143,0.897082,0.1670200000000055,0.0583511927335979,-0.0360316422052183
warmup_results_0_8_linux3_e3_1240___Graal-default-java.json#spectralnorm---4,1594.7120259528808,0.899555,0.1586550000000025,0.0814814108290796,-0.0344067627260669
warmup_results_0_8_linux3_e3_1240___Graal-default-java.json#spectralnorm---6,1594.613133235623,0.896966,0.1552920000000063,0.0614641909254511,-0.0358900888779609
warmup_results_0_8_linux3_e3_1240___Graal-default-java.json#spectralnorm---7,1594.5219948276936,0.901679,0.182357999999998,0.0905128748450204,-0.0498046366381525
warmup_results_0_8_linux3_e3_1240___HHVM-default-php.json#binarytrees---0,8733.658166174111,2.119822,0.9429810000000044,0.3550405222613495,0.0137019416917476
warmup_results_0_8_linux3_e3_1240___HHVM-default-php.json#binarytrees---1,8962.92527950625,2.142508,0.8427559999999712,0.3072866989173919,0.0118243797477193
warmup_results_0_8_linux3_e3_1240___HHVM-default-php.json#binarytrees---26,8962.92527950625,2.142508,0.8427559999999712,0.3072866989173919,0.0118243797477193
warmup_results_0_8_linux3_e3_1240___HHVM-default-php.json#binarytrees---12,8879.138282431852,2.131543,1.0795100000000093,0.3663028847142215,0.0124003993876142
warmup_results_0_8_linux3_e3_1240___HHVM-default-php.json#binarytrees---23,8879.138282431852,2.131543,1.0795100000000093,0.3663028847142215,0.0124003993876142
warmup_results_0_8_linux3_e3_1240___HHVM-default-php.json#binarytrees---28,8879.138282431852,2.131543,1.0795100000000093,0.3663028847142215,0.0124003993876142
warmup_results_0_8_linux3_e3_1240___HHVM-default-php.json#binarytrees---13,8894.97536302097,2.136125,1.716046999999993,0.1489230837018124,0.0143420446708078
warmup_results_0_8_linux3_e3_1240___HHVM-default-php.json#binarytrees---14,9452.688274244356,2.210057,0.9035259999999958,0.2830660827901434,0.0144132480874735
warmup_results_0_8_linux3_e3_1240___HHVM-default-php.json#binarytrees---15,9096.90482384439,2.165787,1.389658000000003,0.3469286000712805,0.0139716178551779
warmup_results_0_8_linux3_e3_1240___HHVM-default-php.json#binarytrees---16,8695.613190894379,2.111272,0.9059039999999934,0.3032729411078301,0.0115051506232362
warmup_results_0_8_linux3_e3_1240___HHVM-default-php.json#binarytrees---24,8695.613190894379,2.111272,0.9059039999999934,0.3032729411078301,0.0115051506232362
warmup_results_0_8_linux3_e3_1240___HHVM-default-php.json#binarytrees---19,9151.613680106922,2.162014,0.5156779999999954,0.1075180965502755,0.0062131189902014
warmup_results_0_8_linux3_e3_1240___HHVM-default-php.json#binarytrees---6,9151.613680106922,2.162014,0.5156779999999954,0.1075180965502755,0.0062131189902014
warmup_results_0_8_linux3_e3_1240___HHVM-default-php.json#binarytrees---22,9283.075379240625,2.183724,1.0120589999999925,0.2992782660305673,0.0140532753180243
warmup_results_0_8_linux3_e3_1240___HHVM-default-php.json#binarytrees---25,9283.075379240625,2.183724,1.0120589999999925,0.2992782660305673,0.0140532753180243
warmup_results_0_8_linux3_e3_1240___HHVM-default-php.json#binarytrees---29,9463.128621873511,2.200337,1.6306439999999998,0.4162965231209878,0.0141404211370802
warmup_results_0_8_linux3_e3_1240___HHVM-default-php.json#binarytrees---7,9295.55058656654,2.192013,1.6391319999999987,0.3494130045266166,0.0143142166973252
warmup_results_0_8_linux3_e3_1240___HHVM-default-php.json#binarytrees---5,9338.93145320866,2.176609,1.295644999999992,0.3955373384516003,0.0119785835512558
warmup_results_0_8_linux3_e3_1240___HHVM-default-php.json#binarytrees---8,8988.570912744788,2.145819,0.9277070000000004,0.2906137415988961,0.0145072925322488
warmup_results_0_8_linux3_e3_1240___HHVM-default-php.json#binarytrees---9,9617.22635070118,2.21163,3.509122000000006,0.0698206686364284,0.0116537858821542
warmup_results_0_8_linux3_e3_1240___HHVM-default-php.json#fannkuch_redux---0,4025.73191499006,5.873179,5.132484,0.0001276211720098,0.012812223060247
warmup_results_0_8_linux3_e3_1240___HHVM-default-php.json#fannkuch_redux---1,4025.73191499006,5.873179,5.132484,0.0001276211720098,0.012812223060247
warmup_results_0_8_linux3_e3_1240___HHVM-default-php.json#fannkuch_redux---15,4034.145811241665,5.873088,5.213289999999995,5.156816161982919e-05,0.0128759780189791
warmup_results_0_8_linux3_e3_1240___HHVM-default-php.json#fannkuch_redux---16,4034.145811241665,5.873088,5.213289999999995,5.156816161982919e-05,0.0128759780189791
warmup_results_0_8_linux3_e3_1240___HHVM-default-php.json#fannkuch_redux---17,4034.145811241665,5.873088,5.213289999999995,5.156816161982919e-05,0.0128759780189791
warmup_results_0_8_linux3_e3_1240___HHVM-default-php.json#fannkuch_redux---12,4020.992187917049,5.872047,4.846290000000008,1.0350294952600976e-05,0.0128500080915072
warmup_results_0_8_linux3_e3_1240___HHVM-default-php.json#fannkuch_redux---13,4002.182193898768,5.87234,5.041804999999995,6.366840252126639e-05,0.0130007482722392
warmup_results_0_8_linux3_e3_1240___HHVM-default-php.json#fannkuch_redux---14,4000.40967087524,5.872052,5.201706999999997,5.930785822029321e-07,0.0128553298576801
warmup_results_0_8_linux3_e3_1240___HHVM-default-php.json#fannkuch_redux---2,4000.40967087524,5.872052,5.201706999999997,5.930785822029321e-07,0.0128553298576801
warmup_results_0_8_linux3_e3_1240___HHVM-default-php.json#fannkuch_redux---23,4000.40967087524,5.872052,5.201706999999997,5.930785822029321e-07,0.0128553298576801
warmup_results_0_8_linux3_e3_1240___HHVM-default-php.json#fannkuch_redux---18,4020.263553214723,5.873091,4.887341000000007,-5.1634438853402525e-05,0.0129967790501114
warmup_results_0_8_linux3_e3_1240___HHVM-default-php.json#fannkuch_redux---19,4011.202538876149,5.873962,5.20899,-2.896900973324744e-05,0.0131332656094034
warmup_results_0_8_linux3_e3_1240___HHVM-default-php.json#fannkuch_redux---20,4024.4026469789032,5.872234,5.329768999999996,-1.7894072694277005e-05,0.0129152158837818
warmup_results_0_8_linux3_e3_1240___HHVM-default-php.json#fannkuch_redux---21,3995.074808411599,5.872219,5.223371999999997,0.0001195268088509,0.0129876418253137
warmup_results_0_8_linux3_e3_1240___HHVM-default-php.json#fannkuch_redux---28,3995.074808411599,5.872219,5.223371999999997,0.0001195268088509,0.0129876418253137
warmup_results_0_8_linux3_e3_1240___HHVM-default-php.json#fannkuch_redux---22,4001.582911850532,5.872606,5.17892,7.244594251798196e-05,0.0130157852037857
warmup_results_0_8_linux3_e3_1240___HHVM-default-php.json#fannkuch_redux---24,3990.624106957605,5.872095,5.1758320000000015,2.489326342695933e-05,0.012805280699069
warmup_results_0_8_linux3_e3_1240___HHVM-default-php.json#fannkuch_redux---5,4001.995004067718,5.872569,5.332126,2.2336709330872703e-05,0.0131364344842007
warmup_results_0_8_linux3_e3_1240___HHVM-default-php.json#fannkuch_redux---26,3994.217700139687,5.872331,5.354653000000002,1.661808625427768e-06,0.0130288019312596
warmup_results_0_8_linux3_e3_1240___HHVM-default-php.json#fannkuch_redux---27,3994.4946283577424,5.871995,5.267493000000001,4.921943483358013e-05,0.0129151161227899
warmup_results_0_8_linux3_e3_1240___HHVM-default-php.json#fannkuch_redux---3,4121.198219421293,5.878521,5.188743999999999,0.0001769149407404,0.0129908170343388
warmup_results_0_8_linux3_e3_1240___HHVM-default-php.json#fannkuch_redux---4,4035.952543877632,5.872329,5.008022,4.524123425721685e-05,0.0130341079194376
warmup_results_0_8_linux3_e3_1240___HHVM-default-php.json#fannkuch_redux---6,4018.332050821329,5.872588,4.93385,5.452580120427021e-05,0.0129299645775638
warmup_results_0_8_linux3_e3_1240___HHVM-default-php.json#fannkuch_redux---7,3995.373511729604,5.872201,5.076433,-8.690229710265276e-05,0.0129841502991538
warmup_results_0_8_linux3_e3_1240___HHVM-default-php.json#fannkuch_redux---8,3999.406026023775,5.871949,5.203845999999996,-0.000106641613944,0.0127539905067509
warmup_results_0_8_linux3_e3_1240___HHVM-default-php.json#fasta---29,1197.945977479042,1.247629,0.6422459999999999,-0.0004009075637555,0.0229744779641097
warmup_results_0_8_linux3_e3_1240___HHVM-default-php.json#fasta---7,1191.1930967377657,1.235187,0.5567009999999996,-0.0001308303843158,0.0230141836397492
warmup_results_0_8_linux3_e3_1240___HHVM-default-php.json#nbody---11,26858.38067074505,8.861206,6.038269000000003,-0.0018813692501796,0.0351031344222097
warmup_results_0_8_linux3_e3_1240___HHVM-default-php.json#nbody---17,26779.29608981716,8.858092,6.013212000000001,-0.0016427163565185,0.0353554822961372
warmup_results_0_8_linux3_e3_1240___HHVM-default-php.json#nbody---12,27199.07490765985,8.861954,6.676600000000004,-0.0024072574829021,0.0358688587854391
warmup_results_0_8_linux3_e3_1240___HHVM-default-php.json#nbody---13,27150.73050504009,8.863389,6.273795000000025,-0.0013685177462171,0.035896685498751
warmup_results_0_8_linux3_e3_1240___HHVM-default-php.json#nbody---22,27150.73050504009,8.863389,6.273795000000025,-0.0013685177462171,0.035896685498751
warmup_results_0_8_linux3_e3_1240___HHVM-default-php.json#nbody---15,27282.944295369824,8.868763,5.986765000000006,-0.0018370200599277,0.0351231832901828
warmup_results_0_8_linux3_e3_1240___HHVM-default-php.json#nbody---16,26782.949209120125,8.853026,5.994531000000015,-0.0018762894969345,0.0360813548819663
warmup_results_0_8_linux3_e3_1240___HHVM-default-php.json#nbody---2,26930.48086720956,8.878012,6.083373999999992,-0.0016606368344169,0.032719590531118
warmup_results_0_8_linux3_e3_1240___HHVM-default-php.json#nbody---23,26783.75956598211,8.852102,6.007095000000037,-0.0018998520672018,0.0356408006833449
warmup_results_0_8_linux3_e3_1240___HHVM-default-php.json#nbody---8,26783.75956598211,8.852102,6.007095000000037,-0.0018998520672018,0.0356408006833449
warmup_results_0_8_linux3_e3_1240___HHVM-default-php.json#nbody---24,26773.02361336185,8.853236,5.993378000000005,-0.0017483602683477,0.0350997788488034
warmup_results_0_8_linux3_e3_1240___HHVM-default-php.json#nbody---29,26798.73537503062,8.854256,6.004878000000006,-0.001841560864324,0.0355324007108966
warmup_results_0_8_linux3_e3_1240___HHVM-default-php.json#nbody---4,26980.11853914732,8.854823,6.037609000000012,-0.002217785006014,0.0361546318894099
warmup_results_0_8_linux3_e3_1240___HHVM-default-php.json#spectralnorm---0,4464.930923161022,4.175571,2.846335000000009,-0.0071736382238157,0.0149176384066536
warmup_results_0_8_linux3_e3_1240___HHVM-default-php.json#spectralnorm---21,4464.930923161022,4.175571,2.846335000000009,-0.0071736382238157,0.0149176384066536
warmup_results_0_8_linux3_e3_1240___HHVM-default-php.json#spectralnorm---1,4465.131786174199,4.174632,2.841423999999999,-0.0071981710322001,0.0149050933624963
warmup_results_0_8_linux3_e3_1240___HHVM-default-php.json#spectralnorm---19,4465.131786174199,4.174632,2.841423999999999,-0.0071981710322001,0.0149050933624963
warmup_results_0_8_linux3_e3_1240___HHVM-default-php.json#spectralnorm---29,4465.131786174199,4.174632,2.841423999999999,-0.0071981710322001,0.0149050933624963
warmup_results_0_8_linux3_e3_1240___HHVM-default-php.json#spectralnorm---9,4465.131786174199,4.174632,2.841423999999999,-0.0071981710322001,0.0149050933624963
warmup_results_0_8_linux3_e3_1240___HHVM-default-php.json#spectralnorm---10,4465.407948134653,4.174891,2.8282640000000043,-0.0071447329287181,0.0149631545307991
warmup_results_0_8_linux3_e3_1240___HHVM-default-php.json#spectralnorm---11,4464.552720057919,4.175405,2.850544,-0.0072178228297614,0.0148329825766929
warmup_results_0_8_linux3_e3_1240___HHVM-default-php.json#spectralnorm---2,4464.552720057919,4.175405,2.850544,-0.0072178228297614,0.0148329825766929
warmup_results_0_8_linux3_e3_1240___HHVM-default-php.json#spectralnorm---3,4464.552720057919,4.175405,2.850544,-0.0072178228297614,0.0148329825766929
warmup_results_0_8_linux3_e3_1240___HHVM-default-php.json#spectralnorm---12,4464.601082091024,4.175021,2.849374000000003,-0.0071268539797359,0.0150448911128711
warmup_results_0_8_linux3_e3_1240___HHVM-default-php.json#spectralnorm---16,4464.601082091024,4.175021,2.849374000000003,-0.0071268539797359,0.0150448911128711
warmup_results_0_8_linux3_e3_1240___HHVM-default-php.json#spectralnorm---13,4464.574435553455,4.174886,2.8510849999999945,-0.0073220686559834,0.0149502312790436
warmup_results_0_8_linux3_e3_1240___HHVM-default-php.json#spectralnorm---14,4464.615772786901,4.174541,2.844697999999994,-0.0071964442161701,0.0147975631412091
warmup_results_0_8_linux3_e3_1240___HHVM-default-php.json#spectralnorm---15,4464.870430699493,4.174744,2.8380049999999954,-0.0072320693287092,0.0149691090017361
warmup_results_0_8_linux3_e3_1240___HHVM-default-php.json#spectralnorm---8,4464.870430699493,4.174744,2.8380049999999954,-0.0072320693287092,0.0149691090017361
warmup_results_0_8_linux3_e3_1240___HHVM-default-php.json#spectralnorm---17,4587.538926729236,4.175373,2.8240329999999965,-0.0073132028902029,0.0149325915064218
warmup_results_0_8_linux3_e3_1240___HHVM-default-php.json#spectralnorm---27,4587.538926729236,4.175373,2.8240329999999965,-0.0073132028902029,0.0149325915064218
warmup_results_0_8_linux3_e3_1240___HHVM-default-php.json#spectralnorm---18,4464.608491184306,4.17469,2.8419650000000005,-0.0071560472570242,0.0148830329148792
warmup_results_0_8_linux3_e3_1240___HHVM-default-php.json#spectralnorm---20,4463.193194049333,4.174961,2.8627650000000067,-0.0073052129144137,0.0150756613793253
warmup_results_0_8_linux3_e3_1240___HHVM-default-php.json#spectralnorm---25,4463.193194049333,4.174961,2.8627650000000067,-0.0073052129144137,0.0150756613793253
warmup_results_0_8_linux3_e3_1240___HHVM-default-php.json#spectralnorm---22,4465.09203282364,4.174683,2.853048999999994,-0.0068423373990002,0.0148973168445525
warmup_results_0_8_linux3_e3_1240___HHVM-default-php.json#spectralnorm---4,4465.09203282364,4.174683,2.853048999999994,-0.0068423373990002,0.0148973168445525
warmup_results_0_8_linux3_e3_1240___HHVM-default-php.json#spectralnorm---5,4465.09203282364,4.174683,2.853048999999994,-0.0068423373990002,0.0148973168445525
warmup_results_0_8_linux3_e3_1240___HHVM-default-php.json#spectralnorm---23,4464.215082747819,4.174793,2.845797000000009,-0.0072289576666385,0.0149024875059931
warmup_results_0_8_linux3_e3_1240___HHVM-default-php.json#spectralnorm---24,4464.461443016624,4.174723,2.845957000000002,-0.0071667165002778,0.0148557786531591
warmup_results_0_8_linux3_e3_1240___HHVM-default-php.json#spectralnorm---26,4464.333238667008,4.174783,2.8426459999999945,-0.0071476489212151,0.0148574076399806
warmup_results_0_8_linux3_e3_1240___HHVM-default-php.json#spectralnorm---28,4464.0371717974285,4.174849,2.847878000000001,-0.0072056794669203,0.0149367141609101
warmup_results_0_8_linux3_e3_1240___HHVM-default-php.json#spectralnorm---7,4464.0371717974285,4.174849,2.847878000000001,-0.0072056794669203,0.0149367141609101
warmup_results_0_8_linux3_e3_1240___HHVM-default-php.json#spectralnorm---6,4465.733817294667,4.175084,2.8486709999999955,-0.0069944939668696,0.0149175052953492
warmup_results_0_8_linux3_e3_1240___Hotspot-default-java.json#binarytrees---0,66.885907486473,0.238486,0.7204550000000008,0.0360024116148277,0.0395630879254874
warmup_results_0_8_linux3_e3_1240___Hotspot-default-java.json#binarytrees---7,66.885907486473,0.238486,0.7204550000000008,0.0360024116148277,0.0395630879254874
warmup_results_0_8_linux3_e3_1240___Hotspot-default-java.json#binarytrees---9,66.885907486473,0.238486,0.7204550000000008,0.0360024116148277,0.0395630879254874
warmup_results_0_8_linux3_e3_1240___Hotspot-default-java.json#binarytrees---1,66.952880911539,0.239068,1.1247969999999987,-0.021466279017789,0.0389780572987683
warmup_results_0_8_linux3_e3_1240___Hotspot-default-java.json#binarytrees---10,66.932258242855,0.238002,0.7027320000000001,-0.0068815954936485,0.0383074373415265
warmup_results_0_8_linux3_e3_1240___Hotspot-default-java.json#binarytrees---11,66.81790398345399,0.26643,0.8369629999999992,0.0044163485509247,0.0273528893337518
warmup_results_0_8_linux3_e3_1240___Hotspot-default-java.json#binarytrees---12,66.819936647549,0.236047,0.727823,0.0150250201604987,0.0373967808660824
warmup_results_0_8_linux3_e3_1240___Hotspot-default-java.json#binarytrees---27,66.819936647549,0.236047,0.727823,0.0150250201604987,0.0373967808660824
warmup_results_0_8_linux3_e3_1240___Hotspot-default-java.json#binarytrees---13,66.77328084880699,0.237857,0.7401859999999999,0.0148339404500077,0.0383277435933844
warmup_results_0_8_linux3_e3_1240___Hotspot-default-java.json#binarytrees---17,66.77328084880699,0.237857,0.7401859999999999,0.0148339404500077,0.0383277435933844
warmup_results_0_8_linux3_e3_1240___Hotspot-default-java.json#binarytrees---14,66.828260069765,0.23909,0.7558249999999991,-0.0371845503686301,0.0399899424469422
warmup_results_0_8_linux3_e3_1240___Hotspot-default-java.json#binarytrees---15,66.83465714107,0.239859,0.7613699999999995,-0.0173371051607608,0.0403489447247981
warmup_results_0_8_linux3_e3_1240___Hotspot-default-java.json#binarytrees---29,66.83465714107,0.239859,0.7613699999999995,-0.0173371051607608,0.0403489447247981
warmup_results_0_8_linux3_e3_1240___Hotspot-default-java.json#binarytrees---16,66.92472737948499,0.240694,0.7374900000000006,-0.0249011290782465,0.0407389910471735
warmup_results_0_8_linux3_e3_1240___Hotspot-default-java.json#binarytrees---20,66.809972184278,0.265957,0.785939,0.0030252368624982,0.0275388696030304
warmup_results_0_8_linux3_e3_1240___Hotspot-default-java.json#binarytrees---8,66.809972184278,0.265957,0.785939,0.0030252368624982,0.0275388696030304
warmup_results_0_8_linux3_e3_1240___Hotspot-default-java.json#binarytrees---19,66.78312829164,0.240115,0.7306029999999991,0.0101330662918859,0.0405055642185484
warmup_results_0_8_linux3_e3_1240___Hotspot-default-java.json#binarytrees---2,66.943882226493,0.267001,0.8414739999999996,0.0023175739965551,0.0265548629354031
warmup_results_0_8_linux3_e3_1240___Hotspot-default-java.json#binarytrees---21,66.80840068324899,0.241232,0.7916010000000008,0.0110848287762471,0.0410901214549396
warmup_results_0_8_linux3_e3_1240___Hotspot-default-java.json#binarytrees---3,66.80840068324899,0.241232,0.7916010000000008,0.0110848287762471,0.0410901214549396
warmup_results_0_8_linux3_e3_1240___Hotspot-default-java.json#binarytrees---22,66.84006701697498,0.239289,0.7147419999999993,-0.002286380171064,0.0390888394808322
warmup_results_0_8_linux3_e3_1240___Hotspot-default-java.json#binarytrees---23,66.85542670203,0.239539,0.7132190000000007,-0.0026034550181564,0.0402957044125388
warmup_results_0_8_linux3_e3_1240___Hotspot-default-java.json#binarytrees---25,66.833747355844,0.241386,0.7086070000000007,-0.0060305592356484,0.0402109202667218
warmup_results_0_8_linux3_e3_1240___Hotspot-default-java.json#binarytrees---26,66.866265859346,0.240025,0.7338420000000001,0.0158708417543695,0.0404528181751858
warmup_results_0_8_linux3_e3_1240___Hotspot-default-java.json#binarytrees---28,66.88414641113398,0.239837,0.7362639999999996,0.0462152138710882,0.0404507604556324
warmup_results_0_8_linux3_e3_1240___Hotspot-default-java.json#binarytrees---4,66.88414641113398,0.239837,0.7362639999999996,0.0462152138710882,0.0404507604556324
warmup_results_0_8_linux3_e3_1240___Hotspot-default-java.json#binarytrees---6,66.88414641113398,0.239837,0.7362639999999996,0.0462152138710882,0.0404507604556324
warmup_results_0_8_linux3_e3_1240___Hotspot-default-java.json#fannkuch_redux---0,272.64312402386,0.409025,0.3987469999999986,-0.0131681852094459,0.0061160922433187
warmup_results_0_8_linux3_e3_1240___Hotspot-default-java.json#fannkuch_redux---4,272.64312402386,0.409025,0.3987469999999986,-0.0131681852094459,0.0061160922433187
warmup_results_0_8_linux3_e3_1240___Hotspot-default-java.json#fannkuch_redux---1,316.847462736748,0.411656,0.3437430000000011,0.0677482199555492,0.0068049650293253
warmup_results_0_8_linux3_e3_1240___Hotspot-default-java.json#fannkuch_redux---14,316.847462736748,0.411656,0.3437430000000011,0.0677482199555492,0.0068049650293253
warmup_results_0_8_linux3_e3_1240___Hotspot-default-java.json#fannkuch_redux---2,316.847462736748,0.411656,0.3437430000000011,0.0677482199555492,0.0068049650293253
warmup_results_0_8_linux3_e3_1240___Hotspot-default-java.json#fannkuch_redux---9,316.847462736748,0.411656,0.3437430000000011,0.0677482199555492,0.0068049650293253
warmup_results_0_8_linux3_e3_1240___Hotspot-default-java.json#fannkuch_redux---10,273.468942965126,0.408197,0.3648070000000007,0.0147729209565556,0.0050501450759557
warmup_results_0_8_linux3_e3_1240___Hotspot-default-java.json#fannkuch_redux---21,273.468942965126,0.408197,0.3648070000000007,0.0147729209565556,0.0050501450759557
warmup_results_0_8_linux3_e3_1240___Hotspot-default-java.json#fannkuch_redux---11,271.37853072769497,0.405223,0.3703420000000026,0.012660303640739,0.0036868654633798
warmup_results_0_8_linux3_e3_1240___Hotspot-default-java.json#fannkuch_redux---28,271.37853072769497,0.405223,0.3703420000000026,0.012660303640739,0.0036868654633798
warmup_results_0_8_linux3_e3_1240___Hotspot-default-java.json#fannkuch_redux---12,267.37209414994607,0.40878,0.3691310000000012,-0.0155190473066973,0.0059859272001418
warmup_results_0_8_linux3_e3_1240___Hotspot-default-java.json#fannkuch_redux---13,316.2489831826,0.40775,0.2362069999999993,0.0274262497028665,0.0053689316436599
warmup_results_0_8_linux3_e3_1240___Hotspot-default-java.json#fannkuch_redux---29,316.2489831826,0.40775,0.2362069999999993,0.0274262497028665,0.0053689316436599
warmup_results_0_8_linux3_e3_1240___Hotspot-default-java.json#fannkuch_redux---15,317.68757750187694,0.406511,0.266636999999999,-0.005119512971572,0.0042577846361257
warmup_results_0_8_linux3_e3_1240___Hotspot-default-java.json#fannkuch_redux---16,317.137415409029,0.409267,0.3182880000000003,0.0385990217628333,0.0055379855898395
warmup_results_0_8_linux3_e3_1240___Hotspot-default-java.json#fannkuch_redux---26,317.137415409029,0.409267,0.3182880000000003,0.0385990217628333,0.0055379855898395
warmup_results_0_8_linux3_e3_1240___Hotspot-default-java.json#fannkuch_redux---17,271.972390361368,0.407858,0.3124380000000006,0.0184838540352185,0.0037226423525085
warmup_results_0_8_linux3_e3_1240___Hotspot-default-java.json#fannkuch_redux---20,271.972390361368,0.407858,0.3124380000000006,0.0184838540352185,0.0037226423525085
warmup_results_0_8_linux3_e3_1240___Hotspot-default-java.json#fannkuch_redux---18,270.153240634857,0.403194,0.3248810000000004,-0.0248354255325582,0.0044064097558306
warmup_results_0_8_linux3_e3_1240___Hotspot-default-java.json#fannkuch_redux---22,270.153240634857,0.403194,0.3248810000000004,-0.0248354255325582,0.0044064097558306
warmup_results_0_8_linux3_e3_1240___Hotspot-default-java.json#fannkuch_redux---19,317.04193231517104,0.405466,0.3443649999999989,0.0484487574095907,0.0035478706638396
warmup_results_0_8_linux3_e3_1240___Hotspot-default-java.json#fannkuch_redux---23,317.04193231517104,0.405466,0.3443649999999989,0.0484487574095907,0.0035478706638396
warmup_results_0_8_linux3_e3_1240___Hotspot-default-java.json#fannkuch_redux---24,271.45632273025603,0.407156,0.3866069999999993,-0.0130765258098804,0.0052670762850816
warmup_results_0_8_linux3_e3_1240___Hotspot-default-java.json#fannkuch_redux---25,271.22605702951097,0.407237,0.3454139999999989,0.0007674610028623,0.0053035580331389
warmup_results_0_8_linux3_e3_1240___Hotspot-default-java.json#fannkuch_redux---27,268.11989761844904,0.408704,0.3719669999999986,0.0202378583807402,0.0067826914276045
warmup_results_0_8_linux3_e3_1240___Hotspot-default-java.json#fannkuch_redux---3,271.014750721882,0.408448,0.3567620000000004,0.0124900051089349,0.0067957745582245
warmup_results_0_8_linux3_e3_1240___Hotspot-default-java.json#fannkuch_redux---5,324.82405707162803,0.411317,0.2569820000000011,-0.0287945128316164,0.0033881212053086
warmup_results_0_8_linux3_e3_1240___Hotspot-default-java.json#fannkuch_redux---6,316.028477956255,0.407467,0.2423650000000009,0.0634133537942021,0.0053937379415572
warmup_results_0_8_linux3_e3_1240___Hotspot-default-java.json#fannkuch_redux---7,271.78465690685897,0.405001,0.3804959999999995,0.0033112860350258,0.0058041050191668
warmup_results_0_8_linux3_e3_1240___Hotspot-default-java.json#fannkuch_redux---8,316.211904466013,0.407571,0.2591859999999997,0.0031108844105225,0.0053065539783529
warmup_results_0_8_linux3_e3_1240___Hotspot-default-java.json#fasta---0,28.077028146517,0.131564,0.8717880000000007,0.1546746063604951,0.0060741127116911
warmup_results_0_8_linux3_e3_1240___Hotspot-default-java.json#fasta---28,28.077028146517,0.131564,0.8717880000000007,0.1546746063604951,0.0060741127116911
warmup_results_0_8_linux3_e3_1240___Hotspot-default-java.json#fasta---1,28.13225209451,0.132893,0.87249,0.1412482189682162,0.0070591856424894
warmup_results_0_8_linux3_e3_1240___Hotspot-default-java.json#fasta---10,27.307625261208,0.131899,0.8804429999999994,0.1566715170238024,0.0071611165862181
warmup_results_0_8_linux3_e3_1240___Hotspot-default-java.json#fasta---11,27.307625261208,0.131899,0.8804429999999994,0.1566715170238024,0.0071611165862181
warmup_results_0_8_linux3_e3_1240___Hotspot-default-java.json#fasta---22,27.307625261208,0.131899,0.8804429999999994,0.1566715170238024,0.0071611165862181
warmup_results_0_8_linux3_e3_1240___Hotspot-default-java.json#fasta---12,27.449065868333005,0.130912,0.8586199999999999,0.1902744352444654,0.0070116992434916
warmup_results_0_8_linux3_e3_1240___Hotspot-default-java.json#fasta---13,27.449065868333005,0.130912,0.8586199999999999,0.1902744352444654,0.0070116992434916
warmup_results_0_8_linux3_e3_1240___Hotspot-default-java.json#fasta---18,27.449065868333005,0.130912,0.8586199999999999,0.1902744352444654,0.0070116992434916
warmup_results_0_8_linux3_e3_1240___Hotspot-default-java.json#fasta---9,27.449065868333005,0.130912,0.8586199999999999,0.1902744352444654,0.0070116992434916
warmup_results_0_8_linux3_e3_1240___Hotspot-default-java.json#fasta---14,27.976519299148,0.133112,0.8775700000000005,0.1529722654517197,0.0069135293504429
warmup_results_0_8_linux3_e3_1240___Hotspot-default-java.json#fasta---19,27.976519299148,0.133112,0.8775700000000005,0.1529722654517197,0.0069135293504429
warmup_results_0_8_linux3_e3_1240___Hotspot-default-java.json#fasta---21,27.976519299148,0.133112,0.8775700000000005,0.1529722654517197,0.0069135293504429
warmup_results_0_8_linux3_e3_1240___Hotspot-default-java.json#fasta---15,27.80948768116701,0.131472,0.8660610000000001,0.1631356781501343,0.0060750786893739
warmup_results_0_8_linux3_e3_1240___Hotspot-default-java.json#fasta---16,27.680101690796,0.132762,0.8783389999999999,0.1537544356284593,0.0071280977240537
warmup_results_0_8_linux3_e3_1240___Hotspot-default-java.json#fasta---27,27.680101690796,0.132762,0.8783389999999999,0.1537544356284593,0.0071280977240537
warmup_results_0_8_linux3_e3_1240___Hotspot-default-java.json#fasta---8,27.680101690796,0.132762,0.8783389999999999,0.1537544356284593,0.0071280977240537
warmup_results_0_8_linux3_e3_1240___Hotspot-default-java.json#fasta---2,28.046121386635,0.134499,0.8719319999999997,0.1583786031655876,0.0076597324802898
warmup_results_0_8_linux3_e3_1240___Hotspot-default-java.json#fasta---5,28.046121386635,0.134499,0.8719319999999997,0.1583786031655876,0.0076597324802898
warmup_results_0_8_linux3_e3_1240___Hotspot-default-java.json#fasta---20,27.519212510590005,0.135224,0.8830650000000002,0.1641510956382127,0.0084943548934436
warmup_results_0_8_linux3_e3_1240___Hotspot-default-java.json#fasta---3,27.519212510590005,0.135224,0.8830650000000002,0.1641510956382127,0.0084943548934436
warmup_results_0_8_linux3_e3_1240___Hotspot-default-java.json#fasta---23,27.477876003277,0.130804,0.8886909999999999,0.1672535723990153,0.0063850509396383
warmup_results_0_8_linux3_e3_1240___Hotspot-default-java.json#fasta---24,27.486809327341,0.134094,0.8753439999999999,0.1380290581584809,0.0075044109979655
warmup_results_0_8_linux3_e3_1240___Hotspot-default-java.json#fasta---25,27.317360877865003,0.133699,0.8697409999999994,0.1249332877002489,0.0076757319118204
warmup_results_0_8_linux3_e3_1240___Hotspot-default-java.json#fasta---26,27.452945464943,0.13508,0.8647870000000005,0.1845414886647577,0.0078104974879685
warmup_results_0_8_linux3_e3_1240___Hotspot-default-java.json#fasta---4,27.452945464943,0.13508,0.8647870000000005,0.1845414886647577,0.0078104974879685
warmup_results_0_8_linux3_e3_1240___Hotspot-default-java.json#fasta---29,27.491024679902,0.13504,0.8754529999999994,0.1602725187230159,0.0078797736891392
warmup_results_0_8_linux3_e3_1240___Hotspot-default-java.json#fasta---6,27.935650670836,0.133829,0.8792410000000006,0.115410785380702,0.0069520126203136
warmup_results_0_8_linux3_e3_1240___Hotspot-default-java.json#fasta---7,27.463134630719004,0.133975,0.8827080000000003,0.1803851415342443,0.0071194571901633
warmup_results_0_8_linux3_e3_1240___Hotspot-default-java.json#nbody---0,37.532591872397006,0.142552,0.4623190000000007,0.2546944367607625,0.0030247579200659
warmup_results_0_8_linux3_e3_1240___Hotspot-default-java.json#nbody---1,37.534480446442,0.141241,0.4633219999999994,0.2682308781603242,0.002305028522449
warmup_results_0_8_linux3_e3_1240___Hotspot-default-java.json#nbody---11,37.534480446442,0.141241,0.4633219999999994,0.2682308781603242,0.002305028522449
warmup_results_0_8_linux3_e3_1240___Hotspot-default-java.json#nbody---10,37.532289055956994,0.141406,0.4645030000000009,0.2787322414647001,0.0024127028347549
warmup_results_0_8_linux3_e3_1240___Hotspot-default-java.json#nbody---12,37.534157202413,0.142723,0.4708589999999985,0.2997010083975518,0.0031112703160961
warmup_results_0_8_linux3_e3_1240___Hotspot-default-java.json#nbody---13,37.534157202413,0.142723,0.4708589999999985,0.2997010083975518,0.0031112703160961
warmup_results_0_8_linux3_e3_1240___Hotspot-default-java.json#nbody---28,37.534157202413,0.142723,0.4708589999999985,0.2997010083975518,0.0031112703160961
warmup_results_0_8_linux3_e3_1240___Hotspot-default-java.json#nbody---14,37.533527110512,0.141574,0.463991999999999,0.2729330636337205,0.0024968878011653
warmup_results_0_8_linux3_e3_1240___Hotspot-default-java.json#nbody---15,37.533704483441,0.142882,0.4650550000000007,0.2787276943545428,0.0032009565685557
warmup_results_0_8_linux3_e3_1240___Hotspot-default-java.json#nbody---16,37.544862722492,0.140824,0.4557700000000001,0.2581321555217032,0.0020827378782471
warmup_results_0_8_linux3_e3_1240___Hotspot-default-java.json#nbody---17,37.55916942704399,0.14143,0.4625470000000002,0.2744583483710647,0.0023889827704125
warmup_results_0_8_linux3_e3_1240___Hotspot-default-java.json#nbody---18,37.53400044944099,0.141221,0.4608059999999998,0.2857114751782881,0.002278479716193
warmup_results_0_8_linux3_e3_1240___Hotspot-default-java.json#nbody---19,37.53166767678499,0.141697,0.4559289999999998,0.2587091941938294,0.0025594632322735
warmup_results_0_8_linux3_e3_1240___Hotspot-default-java.json#nbody---20,37.53166767678499,0.141697,0.4559289999999998,0.2587091941938294,0.0025594632322735
warmup_results_0_8_linux3_e3_1240___Hotspot-default-java.json#nbody---8,37.53166767678499,0.141697,0.4559289999999998,0.2587091941938294,0.0025594632322735
warmup_results_0_8_linux3_e3_1240___Hotspot-default-java.json#nbody---2,37.553644600031,0.141074,0.4668650000000001,0.2686322451349794,0.0021921058823953
warmup_results_0_8_linux3_e3_1240___Hotspot-default-java.json#nbody---21,37.534882784677,0.142629,0.4599690000000013,0.272248094110308,0.0030708670592966
warmup_results_0_8_linux3_e3_1240___Hotspot-default-java.json#nbody---22,37.534433808175,0.141148,0.467513,0.2859002550123799,0.0022699883649015
warmup_results_0_8_linux3_e3_1240___Hotspot-default-java.json#nbody---23,37.53486452492,0.141345,0.4737829999999995,0.278577891831291,0.002380679401714
warmup_results_0_8_linux3_e3_1240___Hotspot-default-java.json#nbody---24,37.533835576155,0.142332,0.4646350000000001,0.2792717976841061,0.0028950406348271
warmup_results_0_8_linux3_e3_1240___Hotspot-default-java.json#nbody---25,37.533637822721005,0.141004,0.4616420000000006,0.2566189233616611,0.0021700025277935
warmup_results_0_8_linux3_e3_1240___Hotspot-default-java.json#nbody---26,37.532952026761,0.141073,0.4675649999999995,0.2651750670112042,0.0022026396415176
warmup_results_0_8_linux3_e3_1240___Hotspot-default-java.json#nbody---27,37.53355697724601,0.142625,0.4698059999999996,0.2643498003931492,0.0030673158944312
warmup_results_0_8_linux3_e3_1240___Hotspot-default-java.json#nbody---29,37.53258038636899,0.141735,0.4631959999999999,0.2734468409580463,0.0025692927745391
warmup_results_0_8_linux3_e3_1240___Hotspot-default-java.json#nbody---4,37.53258038636899,0.141735,0.4631959999999999,0.2734468409580463,0.0025692927745391
warmup_results_0_8_linux3_e3_1240___Hotspot-default-java.json#nbody---3,37.533119027345,0.142515,0.4658400000000008,0.2758010586256936,0.0029971771756975
warmup_results_0_8_linux3_e3_1240___Hotspot-default-java.json#nbody---5,37.533695510155,0.141455,0.4608449999999999,0.2691666661596996,0.0024249718921955
warmup_results_0_8_linux3_e3_1240___Hotspot-default-java.json#nbody---6,37.533695510155,0.141455,0.4608449999999999,0.2691666661596996,0.0024249718921955
warmup_results_0_8_linux3_e3_1240___Hotspot-default-java.json#nbody---7,37.534838125638,0.14226,0.4713730000000001,0.2817559655783672,0.0028519879771881
warmup_results_0_8_linux3_e3_1240___Hotspot-default-java.json#nbody---9,37.532295639135,0.142582,0.4627409999999992,0.251378704205691,0.0030240650261674
warmup_results_0_8_linux3_e3_1240___Hotspot-default-java.json#richards---1,127.49795924953898,0.277125,0.3491979999999991,0.0279010216589087,0.0156241303942502
warmup_results_0_8_linux3_e3_1240___Hotspot-default-java.json#richards---10,122.04931231185402,0.273529,0.3429949999999997,0.0512023475904139,0.0157712829878114
warmup_results_0_8_linux3_e3_1240___Hotspot-default-java.json#richards---11,121.134469145291,0.27744,0.3390740000000003,0.0304598028032863,0.0208828219896072
warmup_results_0_8_linux3_e3_1240___Hotspot-default-java.json#richards---12,122.227382169573,0.274014,0.3182900000000002,0.0216344916778083,0.0186951879651866
warmup_results_0_8_linux3_e3_1240___Hotspot-default-java.json#richards---22,122.227382169573,0.274014,0.3182900000000002,0.0216344916778083,0.0186951879651866
warmup_results_0_8_linux3_e3_1240___Hotspot-default-java.json#richards---25,122.227382169573,0.274014,0.3182900000000002,0.0216344916778083,0.0186951879651866
warmup_results_0_8_linux3_e3_1240___Hotspot-default-java.json#richards---26,122.233108028529,0.273282,0.2960979999999994,0.020821845923143,0.0171843068299134
warmup_results_0_8_linux3_e3_1240___Hotspot-default-java.json#richards---14,120.545446130107,0.268944,0.436431,0.0434304053533061,0.0167834113363187
warmup_results_0_8_linux3_e3_1240___Hotspot-default-java.json#richards---15,120.545446130107,0.268944,0.436431,0.0434304053533061,0.0167834113363187
warmup_results_0_8_linux3_e3_1240___Hotspot-default-java.json#richards---16,120.549847048091,0.268912,0.3715609999999998,0.0265659635641645,0.0159174511389101
warmup_results_0_8_linux3_e3_1240___Hotspot-default-java.json#richards---17,122.84609371706898,0.272945,0.3362570000000007,0.0232948404769179,0.0179479669066822
warmup_results_0_8_linux3_e3_1240___Hotspot-default-java.json#richards---5,122.84609371706898,0.272945,0.3362570000000007,0.0232948404769179,0.0179479669066822
warmup_results_0_8_linux3_e3_1240___Hotspot-default-java.json#richards---18,129.375566147793,0.285428,0.3656289999999993,0.048117301598763,0.016897577004314
warmup_results_0_8_linux3_e3_1240___Hotspot-default-java.json#richards---20,129.375566147793,0.285428,0.3656289999999993,0.048117301598763,0.016897577004314
warmup_results_0_8_linux3_e3_1240___Hotspot-default-java.json#richards---19,120.064969206904,0.267217,0.3334979999999987,0.0379023008210401,0.0146533157683528
warmup_results_0_8_linux3_e3_1240___Hotspot-default-java.json#richards---23,120.064969206904,0.267217,0.3334979999999987,0.0379023008210401,0.0146533157683528
warmup_results_0_8_linux3_e3_1240___Hotspot-default-java.json#richards---2,123.97364083167398,0.270259,0.3880090000000002,0.0044916872125802,0.0163600226809674
warmup_results_0_8_linux3_e3_1240___Hotspot-default-java.json#richards---21,122.201519358142,0.269747,0.4611240000000003,0.0046979167644545,0.0166667525020254
warmup_results_0_8_linux3_e3_1240___Hotspot-default-java.json#richards---8,122.201519358142,0.269747,0.4611240000000003,0.0046979167644545,0.0166667525020254
warmup_results_0_8_linux3_e3_1240___Hotspot-default-java.json#richards---24,120.182453836945,0.275783,0.3979230000000001,0.0401925862058615,0.018709671949972
warmup_results_0_8_linux3_e3_1240___Hotspot-default-java.json#richards---7,120.182453836945,0.275783,0.3979230000000001,0.0401925862058615,0.018709671949972
warmup_results_0_8_linux3_e3_1240___Hotspot-default-java.json#richards---27,123.47530039919198,0.273056,0.3635349999999996,0.0132490795887291,0.0181941870833197
warmup_results_0_8_linux3_e3_1240___Hotspot-default-java.json#richards---29,123.47530039919198,0.273056,0.3635349999999996,0.0132490795887291,0.0181941870833197
warmup_results_0_8_linux3_e3_1240___Hotspot-default-java.json#richards---28,122.96405597809,0.273399,0.6093729999999997,0.0364274061789171,0.0181831684399018
warmup_results_0_8_linux3_e3_1240___Hotspot-default-java.json#richards---3,120.96077591434698,0.272656,0.3727549999999994,0.0149259264967574,0.0184708067943597
warmup_results_0_8_linux3_e3_1240___Hotspot-default-java.json#richards---4,118.65890466751,0.274242,0.3410179999999999,0.0522999235210225,0.0163864601247366
warmup_results_0_8_linux3_e3_1240___Hotspot-default-java.json#richards---6,118.70639325206098,0.274177,0.3293359999999995,0.0357187983515723,0.0169208711495013
warmup_results_0_8_linux3_e3_1240___Hotspot-default-java.json#richards---9,123.201354891325,0.269345,0.4027799999999999,0.0203023989956735,0.0155210967040127
warmup_results_0_8_linux3_e3_1240___Hotspot-default-java.json#spectralnorm---0,198.08206776790405,0.326882,0.0540009999999993,0.0677317921582167,0.0063848242174683
warmup_results_0_8_linux3_e3_1240___Hotspot-default-java.json#spectralnorm---23,198.08206776790405,0.326882,0.0540009999999993,0.0677317921582167,0.0063848242174683
warmup_results_0_8_linux3_e3_1240___Hotspot-default-java.json#spectralnorm---6,198.08206776790405,0.326882,0.0540009999999993,0.0677317921582167,0.0063848242174683
warmup_results_0_8_linux3_e3_1240___Hotspot-default-java.json#spectralnorm---1,198.06042690737405,0.326767,0.0556059999999936,0.0655707882530648,0.0064095915355169
warmup_results_0_8_linux3_e3_1240___Hotspot-default-java.json#spectralnorm---12,198.08311735658708,0.329437,0.0558669999999965,0.0695715213316824,0.0078601923978289
warmup_results_0_8_linux3_e3_1240___Hotspot-default-java.json#spectralnorm---13,198.08138051888005,0.326813,0.0630429999999966,0.0679210852902107,0.0064415574241183
warmup_results_0_8_linux3_e3_1240___Hotspot-default-java.json#spectralnorm---20,198.08138051888005,0.326813,0.0630429999999966,0.0679210852902107,0.0064415574241183
warmup_results_0_8_linux3_e3_1240___Hotspot-default-java.json#spectralnorm---14,198.08144787191105,0.329776,0.0647529999999945,0.0638033072629962,0.0080318712097432
warmup_results_0_8_linux3_e3_1240___Hotspot-default-java.json#spectralnorm---16,198.10609559440505,0.329531,0.0586189999999973,0.0853083718823159,0.007908526321104
warmup_results_0_8_linux3_e3_1240___Hotspot-default-java.json#spectralnorm---4,198.12141481087707,0.326869,0.051196999999998,0.0884121609059552,0.0064125376264434
warmup_results_0_8_linux3_e3_1240___Hotspot-default-java.json#spectralnorm---18,198.08935931079407,0.326726,0.0611099999999936,0.0580374648637793,0.0063863005570194
warmup_results_0_8_linux3_e3_1240___Hotspot-default-java.json#spectralnorm---2,198.08367718406305,0.326753,0.0556369999999994,0.073240483896704,0.0063871498103956
warmup_results_0_8_linux3_e3_1240___Hotspot-default-java.json#spectralnorm---25,198.127205082856,0.332985,0.0605119999999996,0.0790858931025695,0.0097357383308785
warmup_results_0_8_linux3_e3_1240___Hotspot-default-java.json#spectralnorm---22,198.06621341294908,0.326775,0.0546719999999966,0.0946261582372565,0.0063832546228087
warmup_results_0_8_linux3_e3_1240___Hotspot-default-java.json#spectralnorm---24,198.06627303338408,0.328746,0.0578589999999965,0.0701045258106356,0.0074898450263578
warmup_results_0_8_linux3_e3_1240___Hotspot-default-java.json#spectralnorm---27,198.06627303338408,0.328746,0.0578589999999965,0.0701045258106356,0.0074898450263578
warmup_results_0_8_linux3_e3_1240___Hotspot-default-java.json#spectralnorm---26,200.67024488433503,0.688839,2.121357999999999,0.0003381302675283,0.006418134902389
warmup_results_0_8_linux3_e3_1240___Hotspot-default-java.json#spectralnorm---28,198.0944373099391,0.327118,0.0532479999999956,0.0604989744450353,0.0065236523882234
warmup_results_0_8_linux3_e3_1240___Hotspot-default-java.json#spectralnorm---29,198.11785876466303,0.332822,0.0601180000000006,0.0788175185155604,0.0096864632469124
warmup_results_0_8_linux3_e3_1240___Hotspot-default-java.json#spectralnorm---8,198.0591759616971,0.32837,0.0555939999999928,0.0795127800850465,0.0072838292977316
warmup_results_0_8_linux3_e3_1240___JRubyTruffle-default-ruby.json#binarytrees---0,8465.37527295615,4.140492,9.444778,0.0236879257681078,1.1188206280359376
warmup_results_0_8_linux3_e3_1240___JRubyTruffle-default-ruby.json#binarytrees---22,8465.37527295615,4.140492,9.444778,0.0236879257681078,1.1188206280359376
warmup_results_0_8_linux3_e3_1240___JRubyTruffle-default-ruby.json#binarytrees---1,8346.555890089097,4.560491,8.368083999999993,0.0297555107993741,1.3470472260193884
warmup_results_0_8_linux3_e3_1240___JRubyTruffle-default-ruby.json#binarytrees---12,8346.555890089097,4.560491,8.368083999999993,0.0297555107993741,1.3470472260193884
warmup_results_0_8_linux3_e3_1240___JRubyTruffle-default-ruby.json#binarytrees---19,8346.555890089097,4.560491,8.368083999999993,0.0297555107993741,1.3470472260193884
warmup_results_0_8_linux3_e3_1240___JRubyTruffle-default-ruby.json#binarytrees---10,8466.075251158785,4.040111,8.461796000000016,0.0381495668110769,1.0603301854280331
warmup_results_0_8_linux3_e3_1240___JRubyTruffle-default-ruby.json#binarytrees---23,8466.075251158785,4.040111,8.461796000000016,0.0381495668110769,1.0603301854280331
warmup_results_0_8_linux3_e3_1240___JRubyTruffle-default-ruby.json#binarytrees---4,8466.075251158785,4.040111,8.461796000000016,0.0381495668110769,1.0603301854280331
warmup_results_0_8_linux3_e3_1240___JRubyTruffle-default-ruby.json#binarytrees---11,8415.40573258654,4.290974,9.090332000000014,0.0379380020582401,1.19656272405812
warmup_results_0_8_linux3_e3_1240___JRubyTruffle-default-ruby.json#binarytrees---7,8415.40573258654,4.290974,9.090332000000014,0.0379380020582401,1.19656272405812
warmup_results_0_8_linux3_e3_1240___JRubyTruffle-default-ruby.json#binarytrees---13,8459.124620203913,4.397154,7.141164999999999,0.0315099160062706,1.249970816900107
warmup_results_0_8_linux3_e3_1240___JRubyTruffle-default-ruby.json#binarytrees---14,8552.800116415185,4.14577,7.423603,0.0281823567597516,1.117459800272442
warmup_results_0_8_linux3_e3_1240___JRubyTruffle-default-ruby.json#binarytrees---15,8386.263524528742,4.268141,8.052681999999992,0.0160921722920904,1.1751743620980757
warmup_results_0_8_linux3_e3_1240___JRubyTruffle-default-ruby.json#binarytrees---16,8422.555678967245,4.274063,8.95076499999999,0.0133689724581599,1.1885713111097589
warmup_results_0_8_linux3_e3_1240___JRubyTruffle-default-ruby.json#binarytrees---20,8422.555678967245,4.274063,8.95076499999999,0.0133689724581599,1.1885713111097589
warmup_results_0_8_linux3_e3_1240___JRubyTruffle-default-ruby.json#binarytrees---17,8410.38980366438,4.070627,8.245644999999985,0.024153896579041,1.067926601119386
warmup_results_0_8_linux3_e3_1240___JRubyTruffle-default-ruby.json#binarytrees---2,8410.38980366438,4.070627,8.245644999999985,0.024153896579041,1.067926601119386
warmup_results_0_8_linux3_e3_1240___JRubyTruffle-default-ruby.json#binarytrees---21,8410.38980366438,4.070627,8.245644999999985,0.024153896579041,1.067926601119386
warmup_results_0_8_linux3_e3_1240___JRubyTruffle-default-ruby.json#binarytrees---18,8323.894590285663,4.223712,9.336270000000008,0.0212086365878421,1.1656062200615636
warmup_results_0_8_linux3_e3_1240___JRubyTruffle-default-ruby.json#binarytrees---24,8323.894590285663,4.223712,9.336270000000008,0.0212086365878421,1.1656062200615636
warmup_results_0_8_linux3_e3_1240___JRubyTruffle-default-ruby.json#binarytrees---9,8323.894590285663,4.223712,9.336270000000008,0.0212086365878421,1.1656062200615636
warmup_results_0_8_linux3_e3_1240___JRubyTruffle-default-ruby.json#binarytrees---25,8384.345379936065,4.113704,8.026954000000003,0.0423547899970958,1.1069358472842756
warmup_results_0_8_linux3_e3_1240___JRubyTruffle-default-ruby.json#binarytrees---26,8404.423430155464,4.04302,8.134511000000018,0.0377597013445002,1.0828479510437472
warmup_results_0_8_linux3_e3_1240___JRubyTruffle-default-ruby.json#binarytrees---8,8404.423430155464,4.04302,8.134511000000018,0.0377597013445002,1.0828479510437472
warmup_results_0_8_linux3_e3_1240___JRubyTruffle-default-ruby.json#binarytrees---27,8391.648215949737,4.203631,8.990794999999997,0.0418356347184607,1.1504053349975536
warmup_results_0_8_linux3_e3_1240___JRubyTruffle-default-ruby.json#binarytrees---28,8370.262058660406,4.112642,8.208938999999997,0.0227605681402004,1.1162339062768651
warmup_results_0_8_linux3_e3_1240___JRubyTruffle-default-ruby.json#binarytrees---3,8370.262058660406,4.112642,8.208938999999997,0.0227605681402004,1.1162339062768651
warmup_results_0_8_linux3_e3_1240___JRubyTruffle-default-ruby.json#binarytrees---5,8370.262058660406,4.112642,8.208938999999997,0.0227605681402004,1.1162339062768651
warmup_results_0_8_linux3_e3_1240___JRubyTruffle-default-ruby.json#binarytrees---29,8496.157757786026,4.239423,7.981063000000006,0.0498358838317473,1.171993493679153
warmup_results_0_8_linux3_e3_1240___JRubyTruffle-default-ruby.json#binarytrees---6,8423.577028427426,4.185405,7.957062000000004,0.0234806429833916,1.1413904356735702
warmup_results_0_8_linux3_e3_1240___JRubyTruffle-default-ruby.json#fannkuch_redux---0,2272.846482958794,4.732912,6.343697000000002,0.0079283761811636,2.002362979539692
warmup_results_0_8_linux3_e3_1240___JRubyTruffle-default-ruby.json#fannkuch_redux---1,2281.129658570943,4.362012,6.141615999999994,0.0384408348150936,1.7960916269087337
warmup_results_0_8_linux3_e3_1240___JRubyTruffle-default-ruby.json#fannkuch_redux---11,2281.129658570943,4.362012,6.141615999999994,0.0384408348150936,1.7960916269087337
warmup_results_0_8_linux3_e3_1240___JRubyTruffle-default-ruby.json#fannkuch_redux---18,2281.129658570943,4.362012,6.141615999999994,0.0384408348150936,1.7960916269087337
warmup_results_0_8_linux3_e3_1240___JRubyTruffle-default-ruby.json#fannkuch_redux---10,2344.733909620019,4.550441,6.888658999999989,0.0541405164018733,1.900391376773716
warmup_results_0_8_linux3_e3_1240___JRubyTruffle-default-ruby.json#fannkuch_redux---23,2344.733909620019,4.550441,6.888658999999989,0.0541405164018733,1.900391376773716
warmup_results_0_8_linux3_e3_1240___JRubyTruffle-default-ruby.json#fannkuch_redux---5,2344.733909620019,4.550441,6.888658999999989,0.0541405164018733,1.900391376773716
warmup_results_0_8_linux3_e3_1240___JRubyTruffle-default-ruby.json#fannkuch_redux---9,2344.733909620019,4.550441,6.888658999999989,0.0541405164018733,1.900391376773716
warmup_results_0_8_linux3_e3_1240___JRubyTruffle-default-ruby.json#fannkuch_redux---12,2279.6788999818714,5.222948,7.705969000000004,0.044203686919345,2.2449943405788337
warmup_results_0_8_linux3_e3_1240___JRubyTruffle-default-ruby.json#fannkuch_redux---19,2279.6788999818714,5.222948,7.705969000000004,0.044203686919345,2.2449943405788337
warmup_results_0_8_linux3_e3_1240___JRubyTruffle-default-ruby.json#fannkuch_redux---13,2235.362400828593,4.515043,6.492931000000005,0.0247704372610755,1.8852069144704864
warmup_results_0_8_linux3_e3_1240___JRubyTruffle-default-ruby.json#fannkuch_redux---2,2235.362400828593,4.515043,6.492931000000005,0.0247704372610755,1.8852069144704864
warmup_results_0_8_linux3_e3_1240___JRubyTruffle-default-ruby.json#fannkuch_redux---7,2235.362400828593,4.515043,6.492931000000005,0.0247704372610755,1.8852069144704864
warmup_results_0_8_linux3_e3_1240___JRubyTruffle-default-ruby.json#fannkuch_redux---14,2201.069389300853,4.740442,6.50550900000001,0.0275263511415364,2.0120971856345986
warmup_results_0_8_linux3_e3_1240___JRubyTruffle-default-ruby.json#fannkuch_redux---15,2207.896343467677,5.001766,7.187364999999999,0.0460159486613944,2.141810965054082
warmup_results_0_8_linux3_e3_1240___JRubyTruffle-default-ruby.json#fannkuch_redux---16,2340.759613095137,5.115023,7.112842,0.0149228470834068,2.198373822841633
warmup_results_0_8_linux3_e3_1240___JRubyTruffle-default-ruby.json#fannkuch_redux---27,2340.759613095137,5.115023,7.112842,0.0149228470834068,2.198373822841633
warmup_results_0_8_linux3_e3_1240___JRubyTruffle-default-ruby.json#fannkuch_redux---17,2195.591515820732,5.267281,8.033159000000001,0.0286135046766167,2.2843723157715505
warmup_results_0_8_linux3_e3_1240___JRubyTruffle-default-ruby.json#fannkuch_redux---24,2195.591515820732,5.267281,8.033159000000001,0.0286135046766167,2.2843723157715505
warmup_results_0_8_linux3_e3_1240___JRubyTruffle-default-ruby.json#fannkuch_redux---20,2247.4042010075,4.332611,5.971218,0.025731531008697,1.802903974705344
warmup_results_0_8_linux3_e3_1240___JRubyTruffle-default-ruby.json#fannkuch_redux---21,2303.346149520855,5.14393,7.1316219999999975,0.0549546147630175,2.2357453314430376
warmup_results_0_8_linux3_e3_1240___JRubyTruffle-default-ruby.json#fannkuch_redux---22,2225.9978933437405,5.023872,7.2213679999999965,0.0436241408045105,2.1566037183610804
warmup_results_0_8_linux3_e3_1240___JRubyTruffle-default-ruby.json#fannkuch_redux---25,2371.917023518784,4.750891,7.055748999999996,0.0171886326574513,1.9975187515904635
warmup_results_0_8_linux3_e3_1240___JRubyTruffle-default-ruby.json#fannkuch_redux---26,2235.547181589346,5.384498,6.91646700000001,0.0344976607249858,2.3548449892814007
warmup_results_0_8_linux3_e3_1240___JRubyTruffle-default-ruby.json#fannkuch_redux---28,2259.955002689334,5.084285,7.437535000000007,0.0135412829100366,2.1686447960035355
warmup_results_0_8_linux3_e3_1240___JRubyTruffle-default-ruby.json#fannkuch_redux---29,2342.918974856274,4.347903,6.493284000000007,0.0398718209170807,1.7899514222302173
warmup_results_0_8_linux3_e3_1240___JRubyTruffle-default-ruby.json#fannkuch_redux---3,2167.810419959811,4.906327,7.055842000000005,0.0407077698043687,2.09589916941121
warmup_results_0_8_linux3_e3_1240___JRubyTruffle-default-ruby.json#fannkuch_redux---6,2316.109498073709,4.799793,7.612862000000002,0.0114510927429631,2.035758346987237
warmup_results_0_8_linux3_e3_1240___JRubyTruffle-default-ruby.json#fannkuch_redux---8,2222.961664529728,5.107546,7.107342000000005,0.0467351969918927,2.198211558370645
warmup_results_0_8_linux3_e3_1240___JRubyTruffle-default-ruby.json#nbody---0,93.151303485461,2.411696,4.956205000000002,0.0367740887897234,1.161959377982941
warmup_results_0_8_linux3_e3_1240___JRubyTruffle-default-ruby.json#nbody---20,93.151303485461,2.411696,4.956205000000002,0.0367740887897234,1.161959377982941
warmup_results_0_8_linux3_e3_1240___JRubyTruffle-default-ruby.json#nbody---24,93.151303485461,2.411696,4.956205000000002,0.0367740887897234,1.161959377982941
warmup_results_0_8_linux3_e3_1240___JRubyTruffle-default-ruby.json#nbody---26,93.151303485461,2.411696,4.956205000000002,0.0367740887897234,1.161959377982941
warmup_results_0_8_linux3_e3_1240___JRubyTruffle-default-ruby.json#nbody---1,93.15953922766,2.48307,4.380673,0.0421368258797139,1.198289587808114
warmup_results_0_8_linux3_e3_1240___JRubyTruffle-default-ruby.json#nbody---10,92.394483544725,2.517675,4.561569999999999,0.0739443599292618,1.2191304117697987
warmup_results_0_8_linux3_e3_1240___JRubyTruffle-default-ruby.json#nbody---11,91.872165974267,2.390937,4.399179,0.0382630677769161,1.1553799205038244
warmup_results_0_8_linux3_e3_1240___JRubyTruffle-default-ruby.json#nbody---12,92.835809082379,2.332742,4.353281000000001,0.0742875357830018,1.1211430368582156
warmup_results_0_8_linux3_e3_1240___JRubyTruffle-default-ruby.json#nbody---8,92.835809082379,2.332742,4.353281000000001,0.0742875357830018,1.1211430368582156
warmup_results_0_8_linux3_e3_1240___JRubyTruffle-default-ruby.json#nbody---13,92.069436037844,2.522958,4.826606,0.0657800265875622,1.2274712060041733
warmup_results_0_8_linux3_e3_1240___JRubyTruffle-default-ruby.json#nbody---3,92.069436037844,2.522958,4.826606,0.0657800265875622,1.2274712060041733
warmup_results_0_8_linux3_e3_1240___JRubyTruffle-default-ruby.json#nbody---14,92.754890143796,2.263317,4.263102999999999,0.042914762387575,1.077317536982142
warmup_results_0_8_linux3_e3_1240___JRubyTruffle-default-ruby.json#nbody---7,92.754890143796,2.263317,4.263102999999999,0.042914762387575,1.077317536982142
warmup_results_0_8_linux3_e3_1240___JRubyTruffle-default-ruby.json#nbody---15,93.22888259140498,2.418262,4.965174,-0.0112931767233399,1.15087787744504
warmup_results_0_8_linux3_e3_1240___JRubyTruffle-default-ruby.json#nbody---16,90.703839151412,2.205358,4.562136999999998,0.0467628472362293,1.0498025824494306
warmup_results_0_8_linux3_e3_1240___JRubyTruffle-default-ruby.json#nbody---2,90.703839151412,2.205358,4.562136999999998,0.0467628472362293,1.0498025824494306
warmup_results_0_8_linux3_e3_1240___JRubyTruffle-default-ruby.json#nbody---23,90.703839151412,2.205358,4.562136999999998,0.0467628472362293,1.0498025824494306
warmup_results_0_8_linux3_e3_1240___JRubyTruffle-default-ruby.json#nbody---4,90.703839151412,2.205358,4.562136999999998,0.0467628472362293,1.0498025824494306
warmup_results_0_8_linux3_e3_1240___JRubyTruffle-default-ruby.json#nbody---17,92.078379837277,2.450974,4.546539999999998,0.0318918265838508,1.1825983574255403
warmup_results_0_8_linux3_e3_1240___JRubyTruffle-default-ruby.json#nbody---18,91.44142463096502,2.297593,4.173876000000001,0.0768793777146184,1.0989339491763113
warmup_results_0_8_linux3_e3_1240___JRubyTruffle-default-ruby.json#nbody---9,91.44142463096502,2.297593,4.173876000000001,0.0768793777146184,1.0989339491763113
warmup_results_0_8_linux3_e3_1240___JRubyTruffle-default-ruby.json#nbody---19,91.84664763896102,2.589813,4.415561,0.0634481823427154,1.2664856266129014
warmup_results_0_8_linux3_e3_1240___JRubyTruffle-default-ruby.json#nbody---21,92.942977193708,2.414626,4.677748,0.0274364060961601,1.1669094149625845
warmup_results_0_8_linux3_e3_1240___JRubyTruffle-default-ruby.json#nbody---22,91.889789345722,2.554603,4.547077999999999,0.1107494478481394,1.2423984828058705
warmup_results_0_8_linux3_e3_1240___JRubyTruffle-default-ruby.json#nbody---25,92.537187402368,2.539791,4.457568,0.0707345008204184,1.233523622043884
warmup_results_0_8_linux3_e3_1240___JRubyTruffle-default-ruby.json#nbody---27,92.77881648378302,2.679936,4.4471110000000005,0.0532675578813729,1.3112805908164311
warmup_results_0_8_linux3_e3_1240___JRubyTruffle-default-ruby.json#nbody---28,91.938717357454,2.374846,4.927885,0.0499155670130439,1.132552167238527
warmup_results_0_8_linux3_e3_1240___JRubyTruffle-default-ruby.json#nbody---29,91.938717357454,2.374846,4.927885,0.0499155670130439,1.132552167238527
warmup_results_0_8_linux3_e3_1240___JRubyTruffle-default-ruby.json#nbody---6,91.938717357454,2.374846,4.927885,0.0499155670130439,1.132552167238527
warmup_results_0_8_linux3_e3_1240___JRubyTruffle-default-ruby.json#nbody---5,92.31748245192,2.314543,3.960834999999999,0.062402799416975,1.1151494204933303
warmup_results_0_8_linux3_e3_1240___JRubyTruffle-default-ruby.json#richards---0,1627.1093504288633,5.667289,7.027407000000004,0.0478184391968281,2.616469003672323
warmup_results_0_8_linux3_e3_1240___JRubyTruffle-default-ruby.json#richards---1,1585.9389983390042,5.614562,7.799192000000003,0.0181023280847917,2.541673898184133
warmup_results_0_8_linux3_e3_1240___JRubyTruffle-default-ruby.json#richards---21,1585.9389983390042,5.614562,7.799192000000003,0.0181023280847917,2.541673898184133
warmup_results_0_8_linux3_e3_1240___JRubyTruffle-default-ruby.json#richards---23,1585.9389983390042,5.614562,7.799192000000003,0.0181023280847917,2.541673898184133
warmup_results_0_8_linux3_e3_1240___JRubyTruffle-default-ruby.json#richards---10,1617.1386878575818,5.229752,7.266713000000004,-0.0022174413581754,2.370288064128597
warmup_results_0_8_linux3_e3_1240___JRubyTruffle-default-ruby.json#richards---11,1732.7065221146108,5.655815,6.710939000000001,0.0218735781831872,2.6127470588734623
warmup_results_0_8_linux3_e3_1240___JRubyTruffle-default-ruby.json#richards---26,1732.7065221146108,5.655815,6.710939000000001,0.0218735781831872,2.6127470588734623
warmup_results_0_8_linux3_e3_1240___JRubyTruffle-default-ruby.json#richards---27,1732.7065221146108,5.655815,6.710939000000001,0.0218735781831872,2.6127470588734623
warmup_results_0_8_linux3_e3_1240___JRubyTruffle-default-ruby.json#richards---12,1599.287665460447,5.560972,7.373292,-0.012464876989925,2.543426956936748
warmup_results_0_8_linux3_e3_1240___JRubyTruffle-default-ruby.json#richards---13,1612.286267105485,5.199758,7.218650999999998,0.0852329865506888,2.455438951210785
warmup_results_0_8_linux3_e3_1240___JRubyTruffle-default-ruby.json#richards---14,1630.3697214697931,5.281658,7.288578999999995,0.0243899502000239,2.385964366799225
warmup_results_0_8_linux3_e3_1240___JRubyTruffle-default-ruby.json#richards---15,1623.181740615668,5.210788,6.862815000000002,0.0151237571015964,2.3491508487555004
warmup_results_0_8_linux3_e3_1240___JRubyTruffle-default-ruby.json#richards---16,1645.9001053476773,5.158227,6.472648,0.0252805385191775,2.377624887972905
warmup_results_0_8_linux3_e3_1240___JRubyTruffle-default-ruby.json#richards---29,1645.9001053476773,5.158227,6.472648,0.0252805385191775,2.377624887972905
warmup_results_0_8_linux3_e3_1240___JRubyTruffle-default-ruby.json#richards---8,1645.9001053476773,5.158227,6.472648,0.0252805385191775,2.377624887972905
warmup_results_0_8_linux3_e3_1240___JRubyTruffle-default-ruby.json#richards---17,1771.3926745034378,6.045364,7.764035000000001,0.0423257433227391,2.8063385504696345
warmup_results_0_8_linux3_e3_1240___JRubyTruffle-default-ruby.json#richards---5,1771.3926745034378,6.045364,7.764035000000001,0.0423257433227391,2.8063385504696345
warmup_results_0_8_linux3_e3_1240___JRubyTruffle-default-ruby.json#richards---18,1625.6529443788522,5.11449,6.482053999999998,-0.002869937166305,2.3127500958315785
warmup_results_0_8_linux3_e3_1240___JRubyTruffle-default-ruby.json#richards---20,1625.6529443788522,5.11449,6.482053999999998,-0.002869937166305,2.3127500958315785
warmup_results_0_8_linux3_e3_1240___JRubyTruffle-default-ruby.json#richards---19,1613.9929515679328,5.397452,7.306041000000002,0.0112914162064994,2.467902503969256
warmup_results_0_8_linux3_e3_1240___JRubyTruffle-default-ruby.json#richards---2,1604.050577508318,5.578914,7.479882000000002,0.0484842975702067,2.609355651807884
warmup_results_0_8_linux3_e3_1240___JRubyTruffle-default-ruby.json#richards---28,1604.050577508318,5.578914,7.479882000000002,0.0484842975702067,2.609355651807884
warmup_results_0_8_linux3_e3_1240___JRubyTruffle-default-ruby.json#richards---4,1604.050577508318,5.578914,7.479882000000002,0.0484842975702067,2.609355651807884
warmup_results_0_8_linux3_e3_1240___JRubyTruffle-default-ruby.json#richards---9,1604.050577508318,5.578914,7.479882000000002,0.0484842975702067,2.609355651807884
warmup_results_0_8_linux3_e3_1240___JRubyTruffle-default-ruby.json#richards---22,1593.717218193544,5.324223,6.395278000000003,0.018761585193717,2.483700398846702
warmup_results_0_8_linux3_e3_1240___JRubyTruffle-default-ruby.json#richards---6,1593.717218193544,5.324223,6.395278000000003,0.018761585193717,2.483700398846702
warmup_results_0_8_linux3_e3_1240___JRubyTruffle-default-ruby.json#richards---24,1739.5470600298493,5.311418,6.274817999999999,0.0189397146720073,2.405348288706016
warmup_results_0_8_linux3_e3_1240___JRubyTruffle-default-ruby.json#richards---25,1624.808843440182,5.548258,7.6609079999999965,-0.0144900893200579,2.555332203575605
warmup_results_0_8_linux3_e3_1240___JRubyTruffle-default-ruby.json#richards---3,1687.243789662049,5.558764,6.573407999999999,0.0339009751742271,2.608980685737464
warmup_results_0_8_linux3_e3_1240___JRubyTruffle-default-ruby.json#richards---7,1642.378191848982,5.118746,6.433655999999997,0.0108474867812983,2.3256480297383626
warmup_results_0_8_linux3_e3_1240___JRubyTruffle-default-ruby.json#spectralnorm---0,1497.831725795,3.6728,6.007368999999999,0.0614040359843534,1.4643014721664016
warmup_results_0_8_linux3_e3_1240___JRubyTruffle-default-ruby.json#spectralnorm---1,1487.641356054371,3.691666,6.134466999999999,0.0557912001042041,1.4776941961986865
warmup_results_0_8_linux3_e3_1240___JRubyTruffle-default-ruby.json#spectralnorm---11,1487.641356054371,3.691666,6.134466999999999,0.0557912001042041,1.4776941961986865
warmup_results_0_8_linux3_e3_1240___JRubyTruffle-default-ruby.json#spectralnorm---19,1487.641356054371,3.691666,6.134466999999999,0.0557912001042041,1.4776941961986865
warmup_results_0_8_linux3_e3_1240___JRubyTruffle-default-ruby.json#spectralnorm---22,1487.641356054371,3.691666,6.134466999999999,0.0557912001042041,1.4776941961986865
warmup_results_0_8_linux3_e3_1240___JRubyTruffle-default-ruby.json#spectralnorm---10,1487.319827796547,3.588553,6.677131999999999,0.0669772883113199,1.4244753746504024
warmup_results_0_8_linux3_e3_1240___JRubyTruffle-default-ruby.json#spectralnorm---13,1487.319827796547,3.588553,6.677131999999999,0.0669772883113199,1.4244753746504024
warmup_results_0_8_linux3_e3_1240___JRubyTruffle-default-ruby.json#spectralnorm---12,1491.211335731004,3.907056,5.752075,0.0396551206397075,1.601913520948165
warmup_results_0_8_linux3_e3_1240___JRubyTruffle-default-ruby.json#spectralnorm---18,1491.211335731004,3.907056,5.752075,0.0396551206397075,1.601913520948165
warmup_results_0_8_linux3_e3_1240___JRubyTruffle-default-ruby.json#spectralnorm---24,1491.211335731004,3.907056,5.752075,0.0396551206397075,1.601913520948165
warmup_results_0_8_linux3_e3_1240___JRubyTruffle-default-ruby.json#spectralnorm---14,1494.954205994502,4.123255,5.574502000000004,0.0368706868997856,1.7058194171183518
warmup_results_0_8_linux3_e3_1240___JRubyTruffle-default-ruby.json#spectralnorm---2,1494.954205994502,4.123255,5.574502000000004,0.0368706868997856,1.7058194171183518
warmup_results_0_8_linux3_e3_1240___JRubyTruffle-default-ruby.json#spectralnorm---15,1492.8846184235654,3.809341,6.096554000000005,0.0699750364485709,1.54668337765123
warmup_results_0_8_linux3_e3_1240___JRubyTruffle-default-ruby.json#spectralnorm---16,1486.269116561573,3.474574,5.996262000000004,0.0572375320394166,1.3713900291049448
warmup_results_0_8_linux3_e3_1240___JRubyTruffle-default-ruby.json#spectralnorm---17,1486.269116561573,3.474574,5.996262000000004,0.0572375320394166,1.3713900291049448
warmup_results_0_8_linux3_e3_1240___JRubyTruffle-default-ruby.json#spectralnorm---23,1486.269116561573,3.474574,5.996262000000004,0.0572375320394166,1.3713900291049448
warmup_results_0_8_linux3_e3_1240___JRubyTruffle-default-ruby.json#spectralnorm---20,1501.931682937271,3.98664,6.708462999999999,0.0679842919387135,1.631203793186762
warmup_results_0_8_linux3_e3_1240___JRubyTruffle-default-ruby.json#spectralnorm---21,1476.253242189559,3.851429,5.899168,0.0652630904702561,1.563846713197438
warmup_results_0_8_linux3_e3_1240___JRubyTruffle-default-ruby.json#spectralnorm---25,1488.985104848891,3.620289,7.217433000000001,0.0810907048367028,1.449204342730637
warmup_results_0_8_linux3_e3_1240___JRubyTruffle-default-ruby.json#spectralnorm---26,1526.3196062772422,3.851183,5.584970999999998,0.0460923634189991,1.5728926815634154
warmup_results_0_8_linux3_e3_1240___JRubyTruffle-default-ruby.json#spectralnorm---27,1493.406724080971,3.635478,7.213399000000004,0.0636919833872965,1.439498321374245
warmup_results_0_8_linux3_e3_1240___JRubyTruffle-default-ruby.json#spectralnorm---28,1491.4116468051193,3.679912,5.839186000000004,0.0538138608752227,1.471348338743243
warmup_results_0_8_linux3_e3_1240___JRubyTruffle-default-ruby.json#spectralnorm---29,1498.229265081312,3.923699,6.694779999999996,0.072195464327172,1.602917688434016
warmup_results_0_8_linux3_e3_1240___JRubyTruffle-default-ruby.json#spectralnorm---3,1490.7399466635452,3.882972,5.656910000000003,0.0546837977038124,1.5816602531244202
warmup_results_0_8_linux3_e3_1240___JRubyTruffle-default-ruby.json#spectralnorm---4,1489.3424805023142,3.555941,6.559299999999999,0.0710414123794767,1.4037238625532302
warmup_results_0_8_linux3_e3_1240___JRubyTruffle-default-ruby.json#spectralnorm---5,1494.5923059374911,3.941033,6.539514999999995,0.0512427235444646,1.607309941834205
warmup_results_0_8_linux3_e3_1240___JRubyTruffle-default-ruby.json#spectralnorm---6,1489.427595160984,3.870038,6.013934000000001,0.0619686154849865,1.578428332179074
warmup_results_0_8_linux3_e3_1240___JRubyTruffle-default-ruby.json#spectralnorm---8,1489.427595160984,3.870038,6.013934000000001,0.0619686154849865,1.578428332179074
warmup_results_0_8_linux3_e3_1240___JRubyTruffle-default-ruby.json#spectralnorm---7,1492.4395812038051,3.600485,5.492301,0.062722549627646,1.4254764194195788
warmup_results_0_8_linux3_e3_1240___JRubyTruffle-default-ruby.json#spectralnorm---9,1491.854200733928,3.851056,5.8069190000000015,0.0224732412281458,1.5631534511358471
warmup_results_0_8_linux3_e3_1240___LuaJIT-default-lua.json#binarytrees---0,5644.513642933202,1.687314,0.6568790000000027,0.0940299569278801,-0.001073440477357
warmup_results_0_8_linux3_e3_1240___LuaJIT-default-lua.json#binarytrees---29,5644.513642933202,1.687314,0.6568790000000027,0.0940299569278801,-0.001073440477357
warmup_results_0_8_linux3_e3_1240___LuaJIT-default-lua.json#binarytrees---1,5597.332348358494,1.674084,0.5945769999999977,0.0487362958772878,-0.0026964947800326
warmup_results_0_8_linux3_e3_1240___LuaJIT-default-lua.json#binarytrees---10,5592.793918101706,1.676836,0.6060919999999987,0.0292225945361357,-0.0013688143378567
warmup_results_0_8_linux3_e3_1240___LuaJIT-default-lua.json#binarytrees---14,5592.793918101706,1.676836,0.6060919999999987,0.0292225945361357,-0.0013688143378567
warmup_results_0_8_linux3_e3_1240___LuaJIT-default-lua.json#binarytrees---11,5597.293784727353,1.674786,0.6749860000000094,0.1109836884324368,-0.0010097900169758
warmup_results_0_8_linux3_e3_1240___LuaJIT-default-lua.json#binarytrees---15,5597.293784727353,1.674786,0.6749860000000094,0.1109836884324368,-0.0010097900169758
warmup_results_0_8_linux3_e3_1240___LuaJIT-default-lua.json#binarytrees---19,5597.293784727353,1.674786,0.6749860000000094,0.1109836884324368,-0.0010097900169758
warmup_results_0_8_linux3_e3_1240___LuaJIT-default-lua.json#binarytrees---26,5597.293784727353,1.674786,0.6749860000000094,0.1109836884324368,-0.0010097900169758
warmup_results_0_8_linux3_e3_1240___LuaJIT-default-lua.json#binarytrees---12,5603.348961540643,1.684275,0.6523220000000001,0.0752074774360569,-0.0018066419970175
warmup_results_0_8_linux3_e3_1240___LuaJIT-default-lua.json#binarytrees---23,5603.348961540643,1.684275,0.6523220000000001,0.0752074774360569,-0.0018066419970175
warmup_results_0_8_linux3_e3_1240___LuaJIT-default-lua.json#binarytrees---9,5603.348961540643,1.684275,0.6523220000000001,0.0752074774360569,-0.0018066419970175
warmup_results_0_8_linux3_e3_1240___LuaJIT-default-lua.json#binarytrees---13,5579.802544621874,1.676324,0.5953500000000043,0.0617547590201689,-0.000724973030997
warmup_results_0_8_linux3_e3_1240___LuaJIT-default-lua.json#binarytrees---16,5619.442161487328,1.685382,0.6458429999999966,0.1313235577808005,-0.0023663800330153
warmup_results_0_8_linux3_e3_1240___LuaJIT-default-lua.json#binarytrees---17,5579.420642587513,1.674833,0.6558640000000022,0.0869985845546905,-0.0006589762322125
warmup_results_0_8_linux3_e3_1240___LuaJIT-default-lua.json#binarytrees---18,5618.242326948352,1.680473,0.6088420000000037,0.0965346650391685,-0.0005749292213564
warmup_results_0_8_linux3_e3_1240___LuaJIT-default-lua.json#binarytrees---6,5618.242326948352,1.680473,0.6088420000000037,0.0965346650391685,-0.0005749292213564
warmup_results_0_8_linux3_e3_1240___LuaJIT-default-lua.json#binarytrees---2,5635.593715777941,1.679743,0.5950129999999973,0.0977497946241572,-0.0014577667027037
warmup_results_0_8_linux3_e3_1240___LuaJIT-default-lua.json#binarytrees---20,6150.194916502416,1.75962,0.5930419999999998,0.0862040655054166,-0.00095772826228
warmup_results_0_8_linux3_e3_1240___LuaJIT-default-lua.json#binarytrees---3,6150.194916502416,1.75962,0.5930419999999998,0.0862040655054166,-0.00095772826228
warmup_results_0_8_linux3_e3_1240___LuaJIT-default-lua.json#binarytrees---21,5579.278331133071,1.677165,0.6131549999999983,0.0825884273654442,-0.0011203754410147
warmup_results_0_8_linux3_e3_1240___LuaJIT-default-lua.json#binarytrees---7,5579.278331133071,1.677165,0.6131549999999983,0.0825884273654442,-0.0011203754410147
warmup_results_0_8_linux3_e3_1240___LuaJIT-default-lua.json#binarytrees---22,5662.273334038919,1.687294,0.6369550000000048,0.081626897159246,-0.0022438507857582
warmup_results_0_8_linux3_e3_1240___LuaJIT-default-lua.json#binarytrees---24,6497.217323696254,1.807336,0.6010890000000015,0.0977630852690839,-0.0011963633704297
warmup_results_0_8_linux3_e3_1240___LuaJIT-default-lua.json#binarytrees---27,5604.758849044431,1.679887,0.6317800000000033,0.1265030501369961,-0.0022867908395631
warmup_results_0_8_linux3_e3_1240___LuaJIT-default-lua.json#binarytrees---8,5604.758849044431,1.679887,0.6317800000000033,0.1265030501369961,-0.0022867908395631
warmup_results_0_8_linux3_e3_1240___LuaJIT-default-lua.json#binarytrees---28,5601.187640302227,1.710894,0.7404490000000024,0.0775411360344927,-0.0008719171661462
warmup_results_0_8_linux3_e3_1240___LuaJIT-default-lua.json#binarytrees---4,5598.817069907564,1.677862,0.5824020000000021,0.0404443256218531,-0.0010642710857077
warmup_results_0_8_linux3_e3_1240___LuaJIT-default-lua.json#fannkuch_redux---0,633.7171097636171,0.566675,0.579947000000001,0.0886643365227298,8.50690854375083e-05
warmup_results_0_8_linux3_e3_1240___LuaJIT-default-lua.json#fannkuch_redux---27,633.7171097636171,0.566675,0.579947000000001,0.0886643365227298,8.50690854375083e-05
warmup_results_0_8_linux3_e3_1240___LuaJIT-default-lua.json#fannkuch_redux---4,633.7171097636171,0.566675,0.579947000000001,0.0886643365227298,8.50690854375083e-05
warmup_results_0_8_linux3_e3_1240___LuaJIT-default-lua.json#fannkuch_redux---1,633.6198897067311,0.56704,0.4701220000000017,0.0817154211303465,0.0002524889689659
warmup_results_0_8_linux3_e3_1240___LuaJIT-default-lua.json#fannkuch_redux---10,633.505599754262,0.567151,0.4480190000000004,0.0547918130311653,0.0003714287002932
warmup_results_0_8_linux3_e3_1240___LuaJIT-default-lua.json#fannkuch_redux---29,633.505599754262,0.567151,0.4480190000000004,0.0547918130311653,0.0003714287002932
warmup_results_0_8_linux3_e3_1240___LuaJIT-default-lua.json#fannkuch_redux---11,633.634809381386,0.566583,0.4644729999999988,0.0718649673736135,0.0003586078256289
warmup_results_0_8_linux3_e3_1240___LuaJIT-default-lua.json#fannkuch_redux---12,633.6063927294721,0.566791,0.4354040000000007,0.101307357178056,0.0002375333922346
warmup_results_0_8_linux3_e3_1240___LuaJIT-default-lua.json#fannkuch_redux---13,633.535516755766,0.566825,0.4314989999999973,0.0850150006585479,0.0002281997998883
warmup_results_0_8_linux3_e3_1240___LuaJIT-default-lua.json#fannkuch_redux---2,633.535516755766,0.566825,0.4314989999999973,0.0850150006585479,0.0002281997998883
warmup_results_0_8_linux3_e3_1240___LuaJIT-default-lua.json#fannkuch_redux---14,634.5374741494552,0.853342,1.025398000000003,-0.0303477232185436,0.0001573713941409
warmup_results_0_8_linux3_e3_1240___LuaJIT-default-lua.json#fannkuch_redux---15,633.390335235877,0.564133,0.4483960000000017,0.0089880622062596,0.0003002320442422
warmup_results_0_8_linux3_e3_1240___LuaJIT-default-lua.json#fannkuch_redux---23,633.390335235877,0.564133,0.4483960000000017,0.0089880622062596,0.0003002320442422
warmup_results_0_8_linux3_e3_1240___LuaJIT-default-lua.json#fannkuch_redux---24,633.390335235877,0.564133,0.4483960000000017,0.0089880622062596,0.0003002320442422
warmup_results_0_8_linux3_e3_1240___LuaJIT-default-lua.json#fannkuch_redux---16,633.659020326934,0.566826,0.4959209999999957,0.0783843623538613,0.0002254565165913
warmup_results_0_8_linux3_e3_1240___LuaJIT-default-lua.json#fannkuch_redux---17,633.3201830288441,0.563385,0.4046510000000021,-0.0191054947123845,0.0002715447686947
warmup_results_0_8_linux3_e3_1240___LuaJIT-default-lua.json#fannkuch_redux---7,633.3201830288441,0.563385,0.4046510000000021,-0.0191054947123845,0.0002715447686947
warmup_results_0_8_linux3_e3_1240___LuaJIT-default-lua.json#fannkuch_redux---18,633.69303062639,0.566879,0.4930379999999991,0.0520646803622872,0.0002148337924795
warmup_results_0_8_linux3_e3_1240___LuaJIT-default-lua.json#fannkuch_redux---19,633.526920009746,0.566894,0.410910000000003,0.0650856668631638,0.0001053395696522
warmup_results_0_8_linux3_e3_1240___LuaJIT-default-lua.json#fannkuch_redux---20,633.654162903052,0.566914,0.447960999999999,0.053308251726148,6.515472954946745e-05
warmup_results_0_8_linux3_e3_1240___LuaJIT-default-lua.json#fannkuch_redux---5,633.654162903052,0.566914,0.447960999999999,0.053308251726148,6.515472954946745e-05
warmup_results_0_8_linux3_e3_1240___LuaJIT-default-lua.json#fannkuch_redux---21,633.7373805298671,0.567151,0.4848130000000038,0.0619573725595268,0.0002133162505463
warmup_results_0_8_linux3_e3_1240___LuaJIT-default-lua.json#fannkuch_redux---9,633.7373805298671,0.567151,0.4848130000000038,0.0619573725595268,0.0002133162505463
warmup_results_0_8_linux3_e3_1240___LuaJIT-default-lua.json#fannkuch_redux---22,633.609790680632,0.566905,0.4532210000000004,0.0297288650827647,0.0002757051857528
warmup_results_0_8_linux3_e3_1240___LuaJIT-default-lua.json#fannkuch_redux---25,633.4999295026021,0.566571,0.4584109999999974,0.0371747965021301,0.0002291863610057
warmup_results_0_8_linux3_e3_1240___LuaJIT-default-lua.json#fannkuch_redux---26,633.5194602524541,0.566792,0.4252839999999999,0.0263698164376752,0.0002265757333156
warmup_results_0_8_linux3_e3_1240___LuaJIT-default-lua.json#fannkuch_redux---28,633.569480735476,0.566943,0.4759580000000011,0.0781180229107465,0.0001189799742749
warmup_results_0_8_linux3_e3_1240___LuaJIT-default-lua.json#fannkuch_redux---3,633.4700475286861,0.566923,0.4204849999999955,0.0530692533082954,0.0004015200039947
warmup_results_0_8_linux3_e3_1240___LuaJIT-default-lua.json#fannkuch_redux---6,633.5977222884021,0.566919,0.4681779999999956,0.0350610433375609,0.0003485180754899
warmup_results_0_8_linux3_e3_1240___LuaJIT-default-lua.json#fannkuch_redux---8,633.4861235961031,0.566932,0.4347649999999989,0.0599900518585152,0.0003576841177455
warmup_results_0_8_linux3_e3_1240___LuaJIT-default-lua.json#nbody---0,138.175892953057,0.264077,1.034477,-0.1216340478502542,0.0004614535483145
warmup_results_0_8_linux3_e3_1240___LuaJIT-default-lua.json#nbody---1,129.03054618390698,0.259293,0.7218930000000008,0.0430455222673486,0.0002580557403357
warmup_results_0_8_linux3_e3_1240___LuaJIT-default-lua.json#nbody---10,129.273941211178,0.259842,1.3009810000000015,-0.1112337708147044,0.0006556643872604
warmup_results_0_8_linux3_e3_1240___LuaJIT-default-lua.json#nbody---11,137.34881709511,0.26781,1.2030659999999995,-0.0875076208104521,0.0006318879067129
warmup_results_0_8_linux3_e3_1240___LuaJIT-default-lua.json#nbody---14,137.34881709511,0.26781,1.2030659999999995,-0.0875076208104521,0.0006318879067129
warmup_results_0_8_linux3_e3_1240___LuaJIT-default-lua.json#nbody---17,137.34881709511,0.26781,1.2030659999999995,-0.0875076208104521,0.0006318879067129
warmup_results_0_8_linux3_e3_1240___LuaJIT-default-lua.json#nbody---19,137.34881709511,0.26781,1.2030659999999995,-0.0875076208104521,0.0006318879067129
warmup_results_0_8_linux3_e3_1240___LuaJIT-default-lua.json#nbody---21,137.34881709511,0.26781,1.2030659999999995,-0.0875076208104521,0.0006318879067129
warmup_results_0_8_linux3_e3_1240___LuaJIT-default-lua.json#nbody---27,137.34881709511,0.26781,1.2030659999999995,-0.0875076208104521,0.0006318879067129
warmup_results_0_8_linux3_e3_1240___LuaJIT-default-lua.json#nbody---13,129.108800719816,0.262365,1.4160650000000006,-0.015537123478366,7.204750780001513e-05
warmup_results_0_8_linux3_e3_1240___LuaJIT-default-lua.json#nbody---15,129.00405101423996,0.254783,0.6567829999999981,-0.163290445050581,0.0003139760169834
warmup_results_0_8_linux3_e3_1240___LuaJIT-default-lua.json#nbody---16,128.996092867621,0.255127,1.0222139999999995,-0.0862489876324556,0.0001405743313508
warmup_results_0_8_linux3_e3_1240___LuaJIT-default-lua.json#nbody---23,128.996092867621,0.255127,1.0222139999999995,-0.0862489876324556,0.0001405743313508
warmup_results_0_8_linux3_e3_1240___LuaJIT-default-lua.json#nbody---18,128.95540907486,0.254852,0.6389900000000012,-0.1314657801534954,0.0001562088740832
warmup_results_0_8_linux3_e3_1240___LuaJIT-default-lua.json#nbody---2,129.023659706793,0.260232,1.4473709999999995,-0.1233070741587806,0.0005904909311169
warmup_results_0_8_linux3_e3_1240___LuaJIT-default-lua.json#nbody---20,129.02825294131995,0.260837,0.6916159999999999,0.0521943351477355,0.0002999961630491
warmup_results_0_8_linux3_e3_1240___LuaJIT-default-lua.json#nbody---22,128.960815590428,0.254731,0.6631650000000013,-0.093147811759606,0.0002115233650836
warmup_results_0_8_linux3_e3_1240___LuaJIT-default-lua.json#nbody---24,129.06593131648094,0.255305,1.3581419999999995,-0.088042115709525,0.0003129438018916
warmup_results_0_8_linux3_e3_1240___LuaJIT-default-lua.json#nbody---25,129.037196017817,0.259809,1.408497,0.1396439354015053,0.0002378703796117
warmup_results_0_8_linux3_e3_1240___LuaJIT-default-lua.json#nbody---26,128.952997294956,0.259223,1.0726980000000008,-0.1455184894493049,0.0001023717844429
warmup_results_0_8_linux3_e3_1240___LuaJIT-default-lua.json#nbody---29,128.952997294956,0.259223,1.0726980000000008,-0.1455184894493049,0.0001023717844429
warmup_results_0_8_linux3_e3_1240___LuaJIT-default-lua.json#nbody---5,128.952997294956,0.259223,1.0726980000000008,-0.1455184894493049,0.0001023717844429
warmup_results_0_8_linux3_e3_1240___LuaJIT-default-lua.json#nbody---6,128.952997294956,0.259223,1.0726980000000008,-0.1455184894493049,0.0001023717844429
warmup_results_0_8_linux3_e3_1240___LuaJIT-default-lua.json#nbody---28,131.967708129963,0.270214,1.7173680000000016,-0.1297734316222805,0.0002467679587742
warmup_results_0_8_linux3_e3_1240___LuaJIT-default-lua.json#nbody---9,131.967708129963,0.270214,1.7173680000000016,-0.1297734316222805,0.0002467679587742
warmup_results_0_8_linux3_e3_1240___LuaJIT-default-lua.json#nbody---3,129.82929506882795,0.260014,1.5589200000000014,0.0033917115810031,0.000291331710058
warmup_results_0_8_linux3_e3_1240___LuaJIT-default-lua.json#nbody---4,129.82929506882795,0.260014,1.5589200000000014,0.0033917115810031,0.000291331710058
warmup_results_0_8_linux3_e3_1240___LuaJIT-default-lua.json#richards---13,14212.873556576904,2.685997,2.3209469999999848,0.0272214013115476,0.0034542264903703
warmup_results_0_8_linux3_e3_1240___LuaJIT-default-lua.json#richards---14,14154.686373168395,2.668523,1.305100000000002,-0.0273559823244032,0.0033860146789231
warmup_results_0_8_linux3_e3_1240___LuaJIT-default-lua.json#richards---2,14314.219015355093,2.691247,1.750805000000006,-0.0866139757233264,0.001127176076848
warmup_results_0_8_linux3_e3_1240___LuaJIT-default-lua.json#richards---22,14312.174803402158,2.698958,1.5290680000000108,-0.0956168512943051,-0.0008152292911796
warmup_results_0_8_linux3_e3_1240___LuaJIT-default-lua.json#richards---6,14175.603546028684,2.671949,1.5735160000000064,-0.0131423621886996,0.0030668789791792
warmup_results_0_8_linux3_e3_1240___LuaJIT-default-lua.json#richards---8,14356.008309928093,2.705642,1.4120610000000051,-0.0191822153753984,0.0026373941276269
warmup_results_0_8_linux3_e3_1240___LuaJIT-default-lua.json#richards---9,14227.274386663335,2.685961,1.391109000000008,-0.0217177453800574,0.0038202165972515
warmup_results_0_8_linux3_e3_1240___LuaJIT-default-lua.json#spectralnorm---0,100.64998617431,0.224509,0.021425000000006,-0.0918114496948323,7.584199389639124e-05
warmup_results_0_8_linux3_e3_1240___LuaJIT-default-lua.json#spectralnorm---11,100.64998617431,0.224509,0.021425000000006,-0.0918114496948323,7.584199389639124e-05
warmup_results_0_8_linux3_e3_1240___LuaJIT-default-lua.json#spectralnorm---6,100.64998617431,0.224509,0.021425000000006,-0.0918114496948323,7.584199389639124e-05
warmup_results_0_8_linux3_e3_1240___LuaJIT-default-lua.json#spectralnorm---7,100.64998617431,0.224509,0.021425000000006,-0.0918114496948323,7.584199389639124e-05
warmup_results_0_8_linux3_e3_1240___LuaJIT-default-lua.json#spectralnorm---1,100.680718451862,0.224539,0.0167909999999944,-0.1509888034106055,8.026461832837821e-05
warmup_results_0_8_linux3_e3_1240___LuaJIT-default-lua.json#spectralnorm---26,100.680718451862,0.224539,0.0167909999999944,-0.1509888034106055,8.026461832837821e-05
warmup_results_0_8_linux3_e3_1240___LuaJIT-default-lua.json#spectralnorm---10,100.66822916043702,0.22454,0.0184310000000081,-0.0632974140477315,8.053299220354606e-05
warmup_results_0_8_linux3_e3_1240___LuaJIT-default-lua.json#spectralnorm---12,100.66822916043702,0.22454,0.0184310000000081,-0.0632974140477315,8.053299220354606e-05
warmup_results_0_8_linux3_e3_1240___LuaJIT-default-lua.json#spectralnorm---13,100.648893665715,0.224518,0.0187890000000067,-0.0815661405353074,7.725524066071376e-05
warmup_results_0_8_linux3_e3_1240___LuaJIT-default-lua.json#spectralnorm---29,100.648893665715,0.224518,0.0187890000000067,-0.0815661405353074,7.725524066071376e-05
warmup_results_0_8_linux3_e3_1240___LuaJIT-default-lua.json#spectralnorm---14,100.647953225741,0.22451,0.0185200000000061,-0.0860964661779295,7.487146322945308e-05
warmup_results_0_8_linux3_e3_1240___LuaJIT-default-lua.json#spectralnorm---15,100.67069175839904,0.224529,0.0207310000000072,-0.0946439308153799,7.215256775539066e-05
warmup_results_0_8_linux3_e3_1240___LuaJIT-default-lua.json#spectralnorm---16,100.66784954544904,0.224543,0.0163390000000083,-0.0197525686502473,8.078323278973492e-05
warmup_results_0_8_linux3_e3_1240___LuaJIT-default-lua.json#spectralnorm---17,100.65754194951808,0.22451,0.0167600000000076,-0.1005952037246453,7.668722403641696e-05
warmup_results_0_8_linux3_e3_1240___LuaJIT-default-lua.json#spectralnorm---28,100.65754194951808,0.22451,0.0167600000000076,-0.1005952037246453,7.668722403641696e-05
warmup_results_0_8_linux3_e3_1240___LuaJIT-default-lua.json#spectralnorm---18,100.66894936285804,0.224535,0.0187150000000074,-0.114163794463316,7.746448897954102e-05
warmup_results_0_8_linux3_e3_1240___LuaJIT-default-lua.json#spectralnorm---27,100.66894936285804,0.224535,0.0187150000000074,-0.114163794463316,7.746448897954102e-05
warmup_results_0_8_linux3_e3_1240___LuaJIT-default-lua.json#spectralnorm---19,100.64828029778396,0.22451,0.019377000000007,-0.0737115684200002,7.661659930747334e-05
warmup_results_0_8_linux3_e3_1240___LuaJIT-default-lua.json#spectralnorm---2,100.646225846413,0.224513,0.0165450000000083,-0.0332072408343071,7.818697917472187e-05
warmup_results_0_8_linux3_e3_1240___LuaJIT-default-lua.json#spectralnorm---20,100.646225846413,0.224513,0.0165450000000083,-0.0332072408343071,7.818697917472187e-05
warmup_results_0_8_linux3_e3_1240___LuaJIT-default-lua.json#spectralnorm---4,100.646225846413,0.224513,0.0165450000000083,-0.0332072408343071,7.818697917472187e-05
warmup_results_0_8_linux3_e3_1240___LuaJIT-default-lua.json#spectralnorm---21,100.67098746269204,0.22453,0.0214280000000055,-0.0602974152095687,7.106791335302491e-05
warmup_results_0_8_linux3_e3_1240___LuaJIT-default-lua.json#spectralnorm---22,100.64599880551096,0.224502,0.0158600000000087,-0.0496563978796267,7.143591371995717e-05
warmup_results_0_8_linux3_e3_1240___LuaJIT-default-lua.json#spectralnorm---23,100.64768492782898,0.224513,0.0189020000000076,-0.0425647534421571,7.754871770700042e-05
warmup_results_0_8_linux3_e3_1240___LuaJIT-default-lua.json#spectralnorm---24,100.67147793747702,0.224528,0.0225910000000041,-0.1118336296866568,7.562300636611e-05
warmup_results_0_8_linux3_e3_1240___LuaJIT-default-lua.json#spectralnorm---25,100.649052924242,0.224527,0.019962000000007,-0.0468066326333591,8.578983132944413e-05
warmup_results_0_8_linux3_e3_1240___LuaJIT-default-lua.json#spectralnorm---3,100.64929795053402,0.22451,0.0171000000000075,-0.0737477920561833,7.727144904326549e-05
warmup_results_0_8_linux3_e3_1240___LuaJIT-default-lua.json#spectralnorm---5,100.66727741923803,0.22453,0.0161230000000082,-0.0462918542478512,7.605347832723836e-05
warmup_results_0_8_linux3_e3_1240___LuaJIT-default-lua.json#spectralnorm---8,100.66838265197704,0.224531,0.0182110000000048,-0.0483561667242324,7.615039834865423e-05
warmup_results_0_8_linux3_e3_1240___LuaJIT-default-lua.json#spectralnorm---9,100.66838265197704,0.224531,0.0182110000000048,-0.0483561667242324,7.615039834865423e-05
warmup_results_0_8_linux3_e3_1240___V8-default-javascript.json#binarytrees---0,483.330564141552,0.499225,1.442519,0.5144338038035157,0.0033881397210839
warmup_results_0_8_linux3_e3_1240___V8-default-javascript.json#binarytrees---21,483.330564141552,0.499225,1.442519,0.5144338038035157,0.0033881397210839
warmup_results_0_8_linux3_e3_1240___V8-default-javascript.json#binarytrees---1,482.61363521964506,0.497903,1.440496000000001,0.5413168912445634,0.0033274629371626
warmup_results_0_8_linux3_e3_1240___V8-default-javascript.json#binarytrees---10,483.617054082037,0.498105,1.4322419999999991,0.6041256611311111,0.0033428660773811
warmup_results_0_8_linux3_e3_1240___V8-default-javascript.json#binarytrees---11,486.58112782770513,0.498541,1.3786200000000006,0.4595330798870427,0.0029786852838979
warmup_results_0_8_linux3_e3_1240___V8-default-javascript.json#binarytrees---29,486.58112782770513,0.498541,1.3786200000000006,0.4595330798870427,0.0029786852838979
warmup_results_0_8_linux3_e3_1240___V8-default-javascript.json#binarytrees---12,483.1276456002281,0.498081,1.4681849999999987,0.5847076024054579,0.0034107081405238
warmup_results_0_8_linux3_e3_1240___V8-default-javascript.json#binarytrees---15,483.1276456002281,0.498081,1.4681849999999987,0.5847076024054579,0.0034107081405238
warmup_results_0_8_linux3_e3_1240___V8-default-javascript.json#binarytrees---9,483.1276456002281,0.498081,1.4681849999999987,0.5847076024054579,0.0034107081405238
warmup_results_0_8_linux3_e3_1240___V8-default-javascript.json#binarytrees---13,482.738155408026,0.497562,1.4505709999999985,0.6156534736587722,0.0031301534423781
warmup_results_0_8_linux3_e3_1240___V8-default-javascript.json#binarytrees---7,482.738155408026,0.497562,1.4505709999999985,0.6156534736587722,0.0031301534423781
warmup_results_0_8_linux3_e3_1240___V8-default-javascript.json#binarytrees---14,490.505963104612,0.499566,1.4155239999999991,0.1450614272163993,0.0034204998997507
warmup_results_0_8_linux3_e3_1240___V8-default-javascript.json#binarytrees---16,483.86088784108097,0.498298,1.3696389999999985,0.6328133263936776,0.0033701289067108
warmup_results_0_8_linux3_e3_1240___V8-default-javascript.json#binarytrees---24,483.86088784108097,0.498298,1.3696389999999985,0.6328133263936776,0.0033701289067108
warmup_results_0_8_linux3_e3_1240___V8-default-javascript.json#binarytrees---17,484.9658933254671,0.497924,1.3945259999999993,0.5482917453093312,0.002602491377182
warmup_results_0_8_linux3_e3_1240___V8-default-javascript.json#binarytrees---18,483.925232370601,0.498386,1.451875,0.5009133085131996,0.0033183667908598
warmup_results_0_8_linux3_e3_1240___V8-default-javascript.json#binarytrees---25,483.925232370601,0.498386,1.451875,0.5009133085131996,0.0033183667908598
warmup_results_0_8_linux3_e3_1240___V8-default-javascript.json#binarytrees---19,486.0156571823,0.498956,1.4618839999999986,0.5954740711984354,0.003158451046083
warmup_results_0_8_linux3_e3_1240___V8-default-javascript.json#binarytrees---2,484.227934264367,0.498845,1.4094949999999993,0.5108590865557305,0.0031706104666418
warmup_results_0_8_linux3_e3_1240___V8-default-javascript.json#binarytrees---27,484.227934264367,0.498845,1.4094949999999993,0.5108590865557305,0.0031706104666418
warmup_results_0_8_linux3_e3_1240___V8-default-javascript.json#binarytrees---20,483.0483113656399,0.497575,1.4241019999999978,0.5289323514086279,0.0032062292216492
warmup_results_0_8_linux3_e3_1240___V8-default-javascript.json#binarytrees---8,483.0483113656399,0.497575,1.4241019999999978,0.5289323514086279,0.0032062292216492
warmup_results_0_8_linux3_e3_1240___V8-default-javascript.json#binarytrees---22,484.676901295025,0.498336,1.4344210000000004,0.6046628133246903,0.003088740214001
warmup_results_0_8_linux3_e3_1240___V8-default-javascript.json#binarytrees---23,485.5621656121431,0.498171,1.4552219999999982,0.5046405639431821,0.003273948536991
warmup_results_0_8_linux3_e3_1240___V8-default-javascript.json#binarytrees---26,484.277359442208,0.497919,1.4807100000000004,0.5425247478431618,0.0032207115982513
warmup_results_0_8_linux3_e3_1240___V8-default-javascript.json#binarytrees---28,484.277359442208,0.497919,1.4807100000000004,0.5425247478431618,0.0032207115982513
warmup_results_0_8_linux3_e3_1240___V8-default-javascript.json#binarytrees---3,484.3714932154991,0.498298,1.4145649999999987,0.5880462599367623,0.0032834710279401
warmup_results_0_8_linux3_e3_1240___V8-default-javascript.json#binarytrees---5,484.3714932154991,0.498298,1.4145649999999987,0.5880462599367623,0.0032834710279401
warmup_results_0_8_linux3_e3_1240___V8-default-javascript.json#binarytrees---4,486.05140555111495,0.498921,1.4028640000000006,0.5159885947792984,0.0027149710824384
warmup_results_0_8_linux3_e3_1240___V8-default-javascript.json#binarytrees---6,486.77949024289205,0.498354,1.4152410000000006,0.3448854090192046,0.003043153700348
warmup_results_0_8_linux3_e3_1240___V8-default-javascript.json#fannkuch_redux---0,185.003789306076,0.309446,0.941828000000001,-0.0028302849200463,0.002876437261404
warmup_results_0_8_linux3_e3_1240___V8-default-javascript.json#fannkuch_redux---1,185.003789306076,0.309446,0.941828000000001,-0.0028302849200463,0.002876437261404
warmup_results_0_8_linux3_e3_1240___V8-default-javascript.json#fannkuch_redux---17,185.003789306076,0.309446,0.941828000000001,-0.0028302849200463,0.002876437261404
warmup_results_0_8_linux3_e3_1240___V8-default-javascript.json#fannkuch_redux---10,184.776235322436,0.308694,0.7845689999999992,0.0006053728937077,0.0023053365313083
warmup_results_0_8_linux3_e3_1240___V8-default-javascript.json#fannkuch_redux---11,184.835318625558,0.315777,0.788667999999999,-0.0454812471373736,0.0023238065863332
warmup_results_0_8_linux3_e3_1240___V8-default-javascript.json#fannkuch_redux---21,184.835318625558,0.315777,0.788667999999999,-0.0454812471373736,0.0023238065863332
warmup_results_0_8_linux3_e3_1240___V8-default-javascript.json#fannkuch_redux---12,184.977915948752,0.308703,0.7820110000000007,-0.0395659602395433,0.002286830090545
warmup_results_0_8_linux3_e3_1240___V8-default-javascript.json#fannkuch_redux---27,184.977915948752,0.308703,0.7820110000000007,-0.0395659602395433,0.002286830090545
warmup_results_0_8_linux3_e3_1240___V8-default-javascript.json#fannkuch_redux---13,184.834137267304,0.308586,0.8280730000000001,-0.0047823675098062,0.0025643383762694
warmup_results_0_8_linux3_e3_1240___V8-default-javascript.json#fannkuch_redux---15,184.834137267304,0.308586,0.8280730000000001,-0.0047823675098062,0.0025643383762694
warmup_results_0_8_linux3_e3_1240___V8-default-javascript.json#fannkuch_redux---14,184.826910379444,0.32548,0.7413650000000009,0.0031696654392936,0.0025773719319388
warmup_results_0_8_linux3_e3_1240___V8-default-javascript.json#fannkuch_redux---19,184.826910379444,0.32548,0.7413650000000009,0.0031696654392936,0.0025773719319388
warmup_results_0_8_linux3_e3_1240___V8-default-javascript.json#fannkuch_redux---16,184.873418616224,0.30828,0.7351980000000016,0.0373388775333073,0.0022476938942817
warmup_results_0_8_linux3_e3_1240___V8-default-javascript.json#fannkuch_redux---7,184.873418616224,0.30828,0.7351980000000016,0.0373388775333073,0.0022476938942817
warmup_results_0_8_linux3_e3_1240___V8-default-javascript.json#fannkuch_redux---18,184.85823518247287,0.308402,0.820814999999999,-0.030898235862216,0.0025212731070583
warmup_results_0_8_linux3_e3_1240___V8-default-javascript.json#fannkuch_redux---25,184.85823518247287,0.308402,0.820814999999999,-0.030898235862216,0.0025212731070583
warmup_results_0_8_linux3_e3_1240___V8-default-javascript.json#fannkuch_redux---2,184.83095815667096,0.323947,0.7400490000000012,-0.0020467496031396,0.0023927391262105
warmup_results_0_8_linux3_e3_1240___V8-default-javascript.json#fannkuch_redux---20,184.816427915234,0.311029,0.6842630000000003,0.0243358186061415,0.0025276055758226
warmup_results_0_8_linux3_e3_1240___V8-default-javascript.json#fannkuch_redux---22,184.95297918363,0.311151,0.8201340000000015,0.0082050036356415,0.0029055182521625
warmup_results_0_8_linux3_e3_1240___V8-default-javascript.json#fannkuch_redux---3,184.95297918363,0.311151,0.8201340000000015,0.0082050036356415,0.0029055182521625
warmup_results_0_8_linux3_e3_1240___V8-default-javascript.json#fannkuch_redux---23,184.855029772834,0.316309,0.735107,0.0649025764358919,0.0023365269107376
warmup_results_0_8_linux3_e3_1240___V8-default-javascript.json#fannkuch_redux---6,184.855029772834,0.316309,0.735107,0.0649025764358919,0.0023365269107376
warmup_results_0_8_linux3_e3_1240___V8-default-javascript.json#fannkuch_redux---24,184.82353022764096,0.308835,0.7142059999999988,-0.0038815745027199,0.0024687808162951
warmup_results_0_8_linux3_e3_1240___V8-default-javascript.json#fannkuch_redux---28,184.8771903132969,0.327083,0.8769079999999996,0.0752804591323499,0.0022182710725705
warmup_results_0_8_linux3_e3_1240___V8-default-javascript.json#fannkuch_redux---29,186.622446470214,0.313133,0.8287349999999998,0.0425288241722064,0.0028463656806115
warmup_results_0_8_linux3_e3_1240___V8-default-javascript.json#fannkuch_redux---4,186.622446470214,0.313133,0.8287349999999998,0.0425288241722064,0.0028463656806115
warmup_results_0_8_linux3_e3_1240___V8-default-javascript.json#fannkuch_redux---5,184.874412787974,0.310308,0.7616880000000004,-0.0094075822226618,0.0029361983252256
warmup_results_0_8_linux3_e3_1240___V8-default-javascript.json#fannkuch_redux---8,184.849393051058,0.310073,0.8611050000000011,0.0177138679713084,0.0021301910781208
warmup_results_0_8_linux3_e3_1240___V8-default-javascript.json#fannkuch_redux---9,184.849393051058,0.310073,0.8611050000000011,0.0177138679713084,0.0021301910781208
warmup_results_0_8_linux3_e3_1240___V8-default-javascript.json#fasta---11,2176.968219837871,1.053905,1.4300249999999977,0.0756542651679029,0.0062590108688795
warmup_results_0_8_linux3_e3_1240___V8-default-javascript.json#fasta---7,2176.968219837871,1.053905,1.4300249999999977,0.0756542651679029,0.0062590108688795
warmup_results_0_8_linux3_e3_1240___V8-default-javascript.json#fasta---1,2248.597623606038,1.078924,1.214957999999997,0.1030323280387404,0.0053934447021381
warmup_results_0_8_linux3_e3_1240___V8-default-javascript.json#fasta---10,2176.433856937793,1.056655,1.2486339999999942,0.0986095930743908,0.0070211246563098
warmup_results_0_8_linux3_e3_1240___V8-default-javascript.json#fasta---6,2176.433856937793,1.056655,1.2486339999999942,0.0986095930743908,0.0070211246563098
warmup_results_0_8_linux3_e3_1240___V8-default-javascript.json#fasta---12,2192.037688070758,1.059684,1.2973290000000015,0.0730526763049278,0.0058643512671314
warmup_results_0_8_linux3_e3_1240___V8-default-javascript.json#fasta---27,2192.037688070758,1.059684,1.2973290000000015,0.0730526763049278,0.0058643512671314
warmup_results_0_8_linux3_e3_1240___V8-default-javascript.json#fasta---13,2188.299274104079,1.06128,1.6502330000000032,0.061084420929755,0.0061805772837778
warmup_results_0_8_linux3_e3_1240___V8-default-javascript.json#fasta---14,2178.661554788592,1.055541,1.041740999999995,0.0823090287682436,0.0058270988908026
warmup_results_0_8_linux3_e3_1240___V8-default-javascript.json#fasta---15,2184.611519984249,1.056684,2.033461000000005,0.2882957856230628,0.0056842142108096
warmup_results_0_8_linux3_e3_1240___V8-default-javascript.json#fasta---4,2184.611519984249,1.056684,2.033461000000005,0.2882957856230628,0.0056842142108096
warmup_results_0_8_linux3_e3_1240___V8-default-javascript.json#fasta---16,2186.096934147078,1.055825,1.300237000000007,0.1656772996690811,0.0058028539178903
warmup_results_0_8_linux3_e3_1240___V8-default-javascript.json#fasta---23,2186.096934147078,1.055825,1.300237000000007,0.1656772996690811,0.0058028539178903
warmup_results_0_8_linux3_e3_1240___V8-default-javascript.json#fasta---17,2253.4201597803385,1.068921,0.9800500000000016,0.1134389003075737,0.0058728864623958
warmup_results_0_8_linux3_e3_1240___V8-default-javascript.json#fasta---19,2253.4201597803385,1.068921,0.9800500000000016,0.1134389003075737,0.0058728864623958
warmup_results_0_8_linux3_e3_1240___V8-default-javascript.json#fasta---5,2253.4201597803385,1.068921,0.9800500000000016,0.1134389003075737,0.0058728864623958
warmup_results_0_8_linux3_e3_1240___V8-default-javascript.json#fasta---8,2253.4201597803385,1.068921,0.9800500000000016,0.1134389003075737,0.0058728864623958
warmup_results_0_8_linux3_e3_1240___V8-default-javascript.json#fasta---18,2295.021952040574,1.083384,1.446185,0.047418520272482,0.0063159060800581
warmup_results_0_8_linux3_e3_1240___V8-default-javascript.json#fasta---2,2200.539633674698,1.060245,1.6602610000000029,0.1031596169501437,0.0053734439619121
warmup_results_0_8_linux3_e3_1240___V8-default-javascript.json#fasta---20,2191.0681487494594,1.059385,1.1234850000000018,0.0288474971998562,0.0055809877765368
warmup_results_0_8_linux3_e3_1240___V8-default-javascript.json#fasta---21,2226.9466663649728,1.063921,1.2107839999999988,0.0127956331239404,0.0059706980409495
warmup_results_0_8_linux3_e3_1240___V8-default-javascript.json#fasta---22,2173.7076352129766,1.054102,1.0629679999999997,0.0192647336390376,0.0057120349483129
warmup_results_0_8_linux3_e3_1240___V8-default-javascript.json#fasta---9,2173.7076352129766,1.054102,1.0629679999999997,0.0192647336390376,0.0057120349483129
warmup_results_0_8_linux3_e3_1240___V8-default-javascript.json#fasta---24,2231.427990969845,1.061301,1.4072800000000056,0.0741893863437008,0.006035597475749
warmup_results_0_8_linux3_e3_1240___V8-default-javascript.json#fasta---25,2182.077252388203,1.056364,1.9405669999999944,0.1613413672499047,0.0059826200847309
warmup_results_0_8_linux3_e3_1240___V8-default-javascript.json#fasta---28,2182.077252388203,1.056364,1.9405669999999944,0.1613413672499047,0.0059826200847309
warmup_results_0_8_linux3_e3_1240___V8-default-javascript.json#fasta---26,2178.122151584547,1.05568,2.2897700000000016,0.2051931683249461,0.0066220764366111
warmup_results_0_8_linux3_e3_1240___V8-default-javascript.json#fasta---29,2185.31580660954,1.063164,1.3135609999999938,0.0769961357232136,0.0045950928214739
warmup_results_0_8_linux3_e3_1240___V8-default-javascript.json#fasta---3,2185.31580660954,1.063164,1.3135609999999938,0.0769961357232136,0.0045950928214739
warmup_results_0_8_linux3_e3_1240___V8-default-javascript.json#nbody---0,116.559696064294,0.254313,2.926913999999999,0.0772980078300085,9.94752352453828e-05
warmup_results_0_8_linux3_e3_1240___V8-default-javascript.json#nbody---10,116.559696064294,0.254313,2.926913999999999,0.0772980078300085,9.94752352453828e-05
warmup_results_0_8_linux3_e3_1240___V8-default-javascript.json#nbody---1,116.964457931926,0.253457,2.6584060000000003,0.0494278694806504,0.001539506721339
warmup_results_0_8_linux3_e3_1240___V8-default-javascript.json#nbody---11,116.526419085957,0.253597,2.722783999999999,0.0776124390306577,0.003458654506435
warmup_results_0_8_linux3_e3_1240___V8-default-javascript.json#nbody---20,116.526419085957,0.253597,2.722783999999999,0.0776124390306577,0.003458654506435
warmup_results_0_8_linux3_e3_1240___V8-default-javascript.json#nbody---9,116.526419085957,0.253597,2.722783999999999,0.0776124390306577,0.003458654506435
warmup_results_0_8_linux3_e3_1240___V8-default-javascript.json#nbody---12,116.653266826413,0.249671,2.774705999999999,0.0880681608624185,0.003194149464486
warmup_results_0_8_linux3_e3_1240___V8-default-javascript.json#nbody---21,116.653266826413,0.249671,2.774705999999999,0.0880681608624185,0.003194149464486
warmup_results_0_8_linux3_e3_1240___V8-default-javascript.json#nbody---13,116.575271398362,0.249464,2.687969,0.0747143720124531,0.0033199163814095
warmup_results_0_8_linux3_e3_1240___V8-default-javascript.json#nbody---22,116.575271398362,0.249464,2.687969,0.0747143720124531,0.0033199163814095
warmup_results_0_8_linux3_e3_1240___V8-default-javascript.json#nbody---4,116.575271398362,0.249464,2.687969,0.0747143720124531,0.0033199163814095
warmup_results_0_8_linux3_e3_1240___V8-default-javascript.json#nbody---14,116.516824503373,0.248852,2.582606,-0.0131674858583822,0.0026048912257372
warmup_results_0_8_linux3_e3_1240___V8-default-javascript.json#nbody---26,116.516824503373,0.248852,2.582606,-0.0131674858583822,0.0026048912257372
warmup_results_0_8_linux3_e3_1240___V8-default-javascript.json#nbody---15,116.68526452734898,0.271618,3.224125,0.0479532798581634,0.0026512979862491
warmup_results_0_8_linux3_e3_1240___V8-default-javascript.json#nbody---28,116.68526452734898,0.271618,3.224125,0.0479532798581634,0.0026512979862491
warmup_results_0_8_linux3_e3_1240___V8-default-javascript.json#nbody---16,116.824110735275,0.250572,2.689796,-0.0211508555395664,0.0017291068085351
warmup_results_0_8_linux3_e3_1240___V8-default-javascript.json#nbody---17,116.59531947419198,0.254186,2.873325999999999,0.0543950702879767,0.0031615095939679
warmup_results_0_8_linux3_e3_1240___V8-default-javascript.json#nbody---18,116.54945326338802,0.256045,2.636923999999999,0.0114826751088871,0.0030324216531153
warmup_results_0_8_linux3_e3_1240___V8-default-javascript.json#nbody---19,116.65945395482,0.263467,3.1889070000000004,0.0878388478583103,0.0015881480295625
warmup_results_0_8_linux3_e3_1240___V8-default-javascript.json#nbody---2,116.501093976915,0.252709,2.6276929999999994,0.0542505994774076,0.0036879984260551
warmup_results_0_8_linux3_e3_1240___V8-default-javascript.json#nbody---23,116.49689270139696,0.253776,2.4376679999999986,-0.0191707732797652,0.0023817691257456
warmup_results_0_8_linux3_e3_1240___V8-default-javascript.json#nbody---24,116.560294209326,0.250403,2.633106,0.011130341469955,0.0034289067434674
warmup_results_0_8_linux3_e3_1240___V8-default-javascript.json#nbody---25,116.714058537604,0.256891,3.0342520000000004,0.0339238903139302,0.0028709701075549
warmup_results_0_8_linux3_e3_1240___V8-default-javascript.json#nbody---27,116.633959393465,0.259724,3.433253,0.0269698036336311,0.0020754998441362
warmup_results_0_8_linux3_e3_1240___V8-default-javascript.json#nbody---29,116.513358552415,0.250705,2.644226,0.1097880802779674,0.0015249732852665
warmup_results_0_8_linux3_e3_1240___V8-default-javascript.json#nbody---8,116.513358552415,0.250705,2.644226,0.1097880802779674,0.0015249732852665
warmup_results_0_8_linux3_e3_1240___V8-default-javascript.json#nbody---3,116.500976573708,0.251427,2.677176,0.1211472166437474,0.0041369701144177
warmup_results_0_8_linux3_e3_1240___V8-default-javascript.json#nbody---6,116.586514138336,0.253169,2.809219999999999,0.0966324577594879,0.0015361318514173
warmup_results_0_8_linux3_e3_1240___V8-default-javascript.json#nbody---7,116.698392457494,0.253759,3.0399060000000007,0.0419810339048756,0.0015703554426548
warmup_results_0_8_linux3_e3_1240___V8-default-javascript.json#richards---0,449.63939119830405,0.485496,0.4220219999999988,0.255699049972002,0.0053989513356895
warmup_results_0_8_linux3_e3_1240___V8-default-javascript.json#richards---1,449.751854451047,0.485624,0.500842,0.2991432990439695,0.0055250926415666
warmup_results_0_8_linux3_e3_1240___V8-default-javascript.json#richards---10,449.997492852194,0.485553,0.3780329999999975,0.2441761533778803,0.0055008739930835
warmup_results_0_8_linux3_e3_1240___V8-default-javascript.json#richards---11,449.63406028793503,0.485386,0.3282830000000013,0.2811411959149155,0.005256659212046
warmup_results_0_8_linux3_e3_1240___V8-default-javascript.json#richards---15,449.63406028793503,0.485386,0.3282830000000013,0.2811411959149155,0.005256659212046
warmup_results_0_8_linux3_e3_1240___V8-default-javascript.json#richards---12,449.684407642157,0.486203,0.4236619999999999,0.207396229242277,0.0057302188892196
warmup_results_0_8_linux3_e3_1240___V8-default-javascript.json#richards---13,449.8996177372671,0.487339,0.503443999999999,0.1748488781766395,0.0063525345964412
warmup_results_0_8_linux3_e3_1240___V8-default-javascript.json#richards---18,449.8996177372671,0.487339,0.503443999999999,0.1748488781766395,0.0063525345964412
warmup_results_0_8_linux3_e3_1240___V8-default-javascript.json#richards---23,449.8996177372671,0.487339,0.503443999999999,0.1748488781766395,0.0063525345964412
warmup_results_0_8_linux3_e3_1240___V8-default-javascript.json#richards---6,449.8996177372671,0.487339,0.503443999999999,0.1748488781766395,0.0063525345964412
warmup_results_0_8_linux3_e3_1240___V8-default-javascript.json#richards---8,449.8996177372671,0.487339,0.503443999999999,0.1748488781766395,0.0063525345964412
warmup_results_0_8_linux3_e3_1240___V8-default-javascript.json#richards---14,449.769180097044,0.485613,0.4191870000000009,0.2200463128100516,0.0056454099371143
warmup_results_0_8_linux3_e3_1240___V8-default-javascript.json#richards---22,449.769180097044,0.485613,0.4191870000000009,0.2200463128100516,0.0056454099371143
warmup_results_0_8_linux3_e3_1240___V8-default-javascript.json#richards---16,449.960906262051,0.485425,0.5302409999999991,0.2602440556293626,0.0054667682933178
warmup_results_0_8_linux3_e3_1240___V8-default-javascript.json#richards---17,449.999178533958,0.485142,0.3335850000000011,0.1698305800585606,0.0050193340608645
warmup_results_0_8_linux3_e3_1240___V8-default-javascript.json#richards---28,449.999178533958,0.485142,0.3335850000000011,0.1698305800585606,0.0050193340608645
warmup_results_0_8_linux3_e3_1240___V8-default-javascript.json#richards---19,449.8168101358111,0.48527,0.3899430000000003,0.2800159924072218,0.0053765631473222
warmup_results_0_8_linux3_e3_1240___V8-default-javascript.json#richards---2,449.614009417207,0.485491,0.2751590000000014,0.3027971304853745,0.0057565106817962
warmup_results_0_8_linux3_e3_1240___V8-default-javascript.json#richards---5,449.614009417207,0.485491,0.2751590000000014,0.3027971304853745,0.0057565106817962
warmup_results_0_8_linux3_e3_1240___V8-default-javascript.json#richards---20,449.523760785829,0.484946,0.3436129999999999,0.3240772473450191,0.0052577469297832
warmup_results_0_8_linux3_e3_1240___V8-default-javascript.json#richards---21,451.79549151037,0.485998,0.4006969999999993,0.2692516629111037,0.0054514128905145
warmup_results_0_8_linux3_e3_1240___V8-default-javascript.json#richards---24,449.7249033000381,0.485432,0.3930309999999984,0.2501582768556693,0.0053244466865701
warmup_results_0_8_linux3_e3_1240___V8-default-javascript.json#richards---25,449.56589865648994,0.485313,0.3159849999999984,0.2353992545841299,0.0051530292830545
warmup_results_0_8_linux3_e3_1240___V8-default-javascript.json#richards---26,449.840670890116,0.485831,0.5228479999999981,0.2540202890136722,0.0055084457507663
warmup_results_0_8_linux3_e3_1240___V8-default-javascript.json#richards---3,449.840670890116,0.485831,0.5228479999999981,0.2540202890136722,0.0055084457507663
warmup_results_0_8_linux3_e3_1240___V8-default-javascript.json#richards---27,449.93729749778606,0.48478,0.4886009999999993,0.2785734550768395,0.0048499768961342
warmup_results_0_8_linux3_e3_1240___V8-default-javascript.json#richards---29,449.93729749778606,0.48478,0.4886009999999993,0.2785734550768395,0.0048499768961342
warmup_results_0_8_linux3_e3_1240___V8-default-javascript.json#richards---4,449.624148833398,0.485377,0.3798910000000009,0.2218507619708162,0.0054523264731492
warmup_results_0_8_linux3_e3_1240___V8-default-javascript.json#richards---7,455.420660638237,0.487674,0.4119299999999993,0.2514634945444312,0.0026430212055753
warmup_results_0_8_linux3_e3_1240___V8-default-javascript.json#richards---9,449.568294144422,0.485362,0.3440970000000017,0.234836085610263,0.0053873145414905
warmup_results_0_8_linux3_e3_1240___V8-default-javascript.json#spectralnorm---0,124.66021974377205,0.278452,0.0643759999999969,0.1929603580757171,0.0201858518360158
warmup_results_0_8_linux3_e3_1240___V8-default-javascript.json#spectralnorm---1,124.68203768258807,0.278449,0.0601299999999982,0.0771650583354218,0.0201888686747776
warmup_results_0_8_linux3_e3_1240___V8-default-javascript.json#spectralnorm---10,124.66159409576504,0.27847,0.0654709999999988,0.0110355429873952,0.0201926349195123
warmup_results_0_8_linux3_e3_1240___V8-default-javascript.json#spectralnorm---11,124.66219388788105,0.278443,0.0667439999999973,0.0023359413775505,0.0201891996041478
warmup_results_0_8_linux3_e3_1240___V8-default-javascript.json#spectralnorm---23,124.66219388788105,0.278443,0.0667439999999973,0.0023359413775505,0.0201891996041478
warmup_results_0_8_linux3_e3_1240___V8-default-javascript.json#spectralnorm---24,124.66219388788105,0.278443,0.0667439999999973,0.0023359413775505,0.0201891996041478
warmup_results_0_8_linux3_e3_1240___V8-default-javascript.json#spectralnorm---12,124.66083945755304,0.278495,0.0640749999999972,0.0009559674090829,0.0202089344244633
warmup_results_0_8_linux3_e3_1240___V8-default-javascript.json#spectralnorm---13,124.675675233356,0.278447,0.0604019999999964,0.053942760152091,0.0201879102258426
warmup_results_0_8_linux3_e3_1240___V8-default-javascript.json#spectralnorm---14,124.68355172869408,0.278464,0.0628969999999972,0.0864571432846912,0.0201916269653757
warmup_results_0_8_linux3_e3_1240___V8-default-javascript.json#spectralnorm---29,124.68355172869408,0.278464,0.0628969999999972,0.0864571432846912,0.0201916269653757
warmup_results_0_8_linux3_e3_1240___V8-default-javascript.json#spectralnorm---15,124.66133124418803,0.278445,0.0639459999999967,0.0171575443592985,0.02018860994648
warmup_results_0_8_linux3_e3_1240___V8-default-javascript.json#spectralnorm---19,124.66133124418803,0.278445,0.0639459999999967,0.0171575443592985,0.02018860994648
warmup_results_0_8_linux3_e3_1240___V8-default-javascript.json#spectralnorm---16,124.66135751307206,0.278511,0.0641299999999979,0.0005837120953418,0.0202161132580947
warmup_results_0_8_linux3_e3_1240___V8-default-javascript.json#spectralnorm---17,124.66135751307206,0.278511,0.0641299999999979,0.0005837120953418,0.0202161132580947
warmup_results_0_8_linux3_e3_1240___V8-default-javascript.json#spectralnorm---18,124.73657601758808,0.278483,0.0525310000000007,0.0090327467175302,0.0201729423291414
warmup_results_0_8_linux3_e3_1240___V8-default-javascript.json#spectralnorm---2,124.66601773236104,0.278453,0.083372999999996,0.0005441708092712,0.0201918563689683
warmup_results_0_8_linux3_e3_1240___V8-default-javascript.json#spectralnorm---20,124.72727574419908,0.278462,0.0528600000000015,0.0368239990610541,0.0201870133092074
warmup_results_0_8_linux3_e3_1240___V8-default-javascript.json#spectralnorm---25,124.72727574419908,0.278462,0.0528600000000015,0.0368239990610541,0.0201870133092074
warmup_results_0_8_linux3_e3_1240___V8-default-javascript.json#spectralnorm---21,124.66032008974904,0.278449,0.0638009999999966,0.0062946991957897,0.0201924891496551
warmup_results_0_8_linux3_e3_1240___V8-default-javascript.json#spectralnorm---22,124.70978262260594,0.278479,0.0511079999999993,0.0122254185460567,0.0201805899845686
warmup_results_0_8_linux3_e3_1240___V8-default-javascript.json#spectralnorm---26,124.70978262260594,0.278479,0.0511079999999993,0.0122254185460567,0.0201805899845686
warmup_results_0_8_linux3_e3_1240___V8-default-javascript.json#spectralnorm---27,124.68214109507208,0.278468,0.0611489999999981,0.0690717319190424,0.0201928894043054
warmup_results_0_8_linux3_e3_1240___V8-default-javascript.json#spectralnorm---28,124.71098259126794,0.27848,0.0543419999999979,0.0105718896787998,0.020181965840539
warmup_results_0_8_linux3_e3_1240___V8-default-javascript.json#spectralnorm---3,124.66175146894405,0.278509,0.0634429999999969,0.0073101902739967,0.0202244709545841
warmup_results_0_8_linux3_e3_1240___V8-default-javascript.json#spectralnorm---4,124.69731103023796,0.278453,0.0566449999999993,0.0465122412150905,0.0201773712132096
warmup_results_0_8_linux3_e3_1240___V8-default-javascript.json#spectralnorm---5,124.70970724262293,0.278455,0.0530880000000006,0.0165495315112837,0.0201681609928329
warmup_results_0_8_linux3_e3_1240___V8-default-javascript.json#spectralnorm---6,124.66174942431904,0.278496,0.0656379999999976,0.0124817466126058,0.0202084830251879
warmup_results_0_8_linux3_e3_1240___V8-default-javascript.json#spectralnorm---7,124.66063582081604,0.278475,0.0645039999999978,0.0117745231658387,0.0202072694023185
warmup_results_0_8_linux3_e3_1240___V8-default-javascript.json#spectralnorm---8,124.675389775733,0.278472,0.0591929999999965,0.0493934874107452,0.0201993543782361
warmup_results_0_8_openbsd1_i7_4790___C-default-c.json#binarytrees---0,53346.82099385537,5.247187,51.33265499999997,-0.0221149922039432,-0.0045500429325013
warmup_results_0_8_openbsd1_i7_4790___C-default-c.json#binarytrees---1,53346.82099385537,5.247187,51.33265499999997,-0.0221149922039432,-0.0045500429325013
warmup_results_0_8_openbsd1_i7_4790___C-default-c.json#binarytrees---10,53346.82099385537,5.247187,51.33265499999997,-0.0221149922039432,-0.0045500429325013
warmup_results_0_8_openbsd1_i7_4790___C-default-c.json#binarytrees---5,53346.82099385537,5.247187,51.33265499999997,-0.0221149922039432,-0.0045500429325013
warmup_results_0_8_openbsd1_i7_4790___C-default-c.json#binarytrees---11,52835.34370879167,5.229152,50.423794999999984,0.0083806907239012,-0.0030514228610873
warmup_results_0_8_openbsd1_i7_4790___C-default-c.json#binarytrees---12,55863.67483319434,5.34092,41.68502599999997,0.0329872783117995,-0.0197317075514826
warmup_results_0_8_openbsd1_i7_4790___C-default-c.json#binarytrees---22,55863.67483319434,5.34092,41.68502599999997,0.0329872783117995,-0.0197317075514826
warmup_results_0_8_openbsd1_i7_4790___C-default-c.json#binarytrees---13,52899.23257760503,5.229056,44.25661500000001,-0.0238027510159936,-0.0257869754448872
warmup_results_0_8_openbsd1_i7_4790___C-default-c.json#binarytrees---21,52899.23257760503,5.229056,44.25661500000001,-0.0238027510159936,-0.0257869754448872
warmup_results_0_8_openbsd1_i7_4790___C-default-c.json#binarytrees---14,53382.81892124643,5.229441,43.24009,-0.0174450428115547,-0.0028698692446084
warmup_results_0_8_openbsd1_i7_4790___C-default-c.json#binarytrees---23,53382.81892124643,5.229441,43.24009,-0.0174450428115547,-0.0028698692446084
warmup_results_0_8_openbsd1_i7_4790___C-default-c.json#binarytrees---4,53382.81892124643,5.229441,43.24009,-0.0174450428115547,-0.0028698692446084
warmup_results_0_8_openbsd1_i7_4790___C-default-c.json#binarytrees---15,54593.95312929068,5.30209,49.41337300000001,-0.0215982285806255,-0.0261645501255671
warmup_results_0_8_openbsd1_i7_4790___C-default-c.json#binarytrees---16,53022.654884514006,5.213931,43.367954,0.0031648746784441,-0.0037508828174411
warmup_results_0_8_openbsd1_i7_4790___C-default-c.json#binarytrees---18,53022.654884514006,5.213931,43.367954,0.0031648746784441,-0.0037508828174411
warmup_results_0_8_openbsd1_i7_4790___C-default-c.json#binarytrees---17,53907.25188595797,5.263637,45.944852,0.0016007888642387,0.0073991200556988
warmup_results_0_8_openbsd1_i7_4790___C-default-c.json#binarytrees---19,56774.69748720835,5.380396,33.40508199999997,-0.0259566833714743,0.0080734961294343
warmup_results_0_8_openbsd1_i7_4790___C-default-c.json#binarytrees---2,55075.84561607286,5.330094,52.66358399999998,-0.0305827614505242,-0.0021184431515735
warmup_results_0_8_openbsd1_i7_4790___C-default-c.json#binarytrees---20,52294.029594970336,5.177518,39.32884600000001,0.0183321217177757,0.0061648027905211
warmup_results_0_8_openbsd1_i7_4790___C-default-c.json#binarytrees---24,52704.53622345792,5.215154,50.558671,0.0216739424769769,0.0269569035357116
warmup_results_0_8_openbsd1_i7_4790___C-default-c.json#binarytrees---25,54530.57538037555,5.322075,55.87573700000002,0.0015925587272394,-0.0061065663839075
warmup_results_0_8_openbsd1_i7_4790___C-default-c.json#binarytrees---26,52167.97229708612,5.176523,44.91798200000001,0.0127663239405974,-0.007520677191408
warmup_results_0_8_openbsd1_i7_4790___C-default-c.json#binarytrees---27,53137.60561986924,5.24215,48.935626999999975,-0.0592102502589028,0.0014179136022243
warmup_results_0_8_openbsd1_i7_4790___C-default-c.json#binarytrees---28,52214.145787728514,5.177042,46.629184,-0.0158367104615532,0.0060526215240242
warmup_results_0_8_openbsd1_i7_4790___C-default-c.json#binarytrees---29,52214.145787728514,5.177042,46.629184,-0.0158367104615532,0.0060526215240242
warmup_results_0_8_openbsd1_i7_4790___C-default-c.json#binarytrees---3,54725.49928008997,5.330822,58.93797699999999,-0.0034414891513049,-0.0022932487777766
warmup_results_0_8_openbsd1_i7_4790___C-default-c.json#binarytrees---6,54266.8726230628,5.28948,51.836575,0.0011169769841344,-0.0132272499341628
warmup_results_0_8_openbsd1_i7_4790___C-default-c.json#binarytrees---7,54157.75576491968,5.301499,46.856150000000014,-0.0107405656235806,-0.0060859877320989
warmup_results_0_8_openbsd1_i7_4790___C-default-c.json#binarytrees---8,53262.496154757326,5.246897,50.357355,0.0093209288907668,-0.0135689696773083
warmup_results_0_8_openbsd1_i7_4790___C-default-c.json#binarytrees---9,54109.73243211236,5.305555,55.27922499999997,-0.0052829067951694,0.0250089563264229
warmup_results_0_8_openbsd1_i7_4790___C-default-c.json#fannkuch_redux---0,338.794163560368,0.413715,0.1634230000000029,-0.016988592168766,1.441632400865538e-05
warmup_results_0_8_openbsd1_i7_4790___C-default-c.json#fannkuch_redux---1,338.76083493490705,0.413756,0.1638140000000003,0.0183760779399058,-3.200692571146276e-05
warmup_results_0_8_openbsd1_i7_4790___C-default-c.json#fannkuch_redux---10,338.60107364906696,0.41183,0.1706149999999996,0.0112674567877122,-7.30240078293411e-06
warmup_results_0_8_openbsd1_i7_4790___C-default-c.json#fannkuch_redux---23,338.60107364906696,0.41183,0.1706149999999996,0.0112674567877122,-7.30240078293411e-06
warmup_results_0_8_openbsd1_i7_4790___C-default-c.json#fannkuch_redux---4,338.60107364906696,0.41183,0.1706149999999996,0.0112674567877122,-7.30240078293411e-06
warmup_results_0_8_openbsd1_i7_4790___C-default-c.json#fannkuch_redux---11,338.5519816372,0.411844,0.1935489999999998,0.0331252184663148,4.103340173111816e-05
warmup_results_0_8_openbsd1_i7_4790___C-default-c.json#fannkuch_redux---26,338.5519816372,0.411844,0.1935489999999998,0.0331252184663148,4.103340173111816e-05
warmup_results_0_8_openbsd1_i7_4790___C-default-c.json#fannkuch_redux---12,338.466149468365,0.411735,0.1577550000000009,-0.0065414706242004,3.607378429038335e-05
warmup_results_0_8_openbsd1_i7_4790___C-default-c.json#fannkuch_redux---29,338.466149468365,0.411735,0.1577550000000009,-0.0065414706242004,3.607378429038335e-05
warmup_results_0_8_openbsd1_i7_4790___C-default-c.json#fannkuch_redux---13,338.48278021647707,0.411797,0.1911310000000001,0.0202978632097117,1.6534132695808156e-05
warmup_results_0_8_openbsd1_i7_4790___C-default-c.json#fannkuch_redux---14,338.495858667463,0.411754,0.1953620000000001,0.0099092895825022,7.153096848472092e-05
warmup_results_0_8_openbsd1_i7_4790___C-default-c.json#fannkuch_redux---15,338.51086421596705,0.411715,0.1569289999999996,0.0077022202849402,4.003000686849402e-05
warmup_results_0_8_openbsd1_i7_4790___C-default-c.json#fannkuch_redux---19,338.51086421596705,0.411715,0.1569289999999996,0.0077022202849402,4.003000686849402e-05
warmup_results_0_8_openbsd1_i7_4790___C-default-c.json#fannkuch_redux---7,338.51086421596705,0.411715,0.1569289999999996,0.0077022202849402,4.003000686849402e-05
warmup_results_0_8_openbsd1_i7_4790___C-default-c.json#fannkuch_redux---16,338.51653482184,0.411759,0.1556759999999997,0.0399359348527816,-1.1738400219219997e-05
warmup_results_0_8_openbsd1_i7_4790___C-default-c.json#fannkuch_redux---21,338.51653482184,0.411759,0.1556759999999997,0.0399359348527816,-1.1738400219219997e-05
warmup_results_0_8_openbsd1_i7_4790___C-default-c.json#fannkuch_redux---17,338.496083254691,0.411748,0.2170139999999985,-0.0004874751896171,-7.15517605917423e-05
warmup_results_0_8_openbsd1_i7_4790___C-default-c.json#fannkuch_redux---6,338.496083254691,0.411748,0.2170139999999985,-0.0004874751896171,-7.15517605917423e-05
warmup_results_0_8_openbsd1_i7_4790___C-default-c.json#fannkuch_redux---18,338.4236445757431,0.411714,0.1572390000000003,0.043945207501846,3.147217519284287e-05
warmup_results_0_8_openbsd1_i7_4790___C-default-c.json#fannkuch_redux---2,338.46928415576,0.41173,0.2012819999999995,0.0198842388047296,-1.356163307947326e-05
warmup_results_0_8_openbsd1_i7_4790___C-default-c.json#fannkuch_redux---28,338.46928415576,0.41173,0.2012819999999995,0.0198842388047296,-1.356163307947326e-05
warmup_results_0_8_openbsd1_i7_4790___C-default-c.json#fannkuch_redux---20,338.669041660661,0.413713,0.1704139999999996,0.0039147827729453,4.375621622935927e-05
warmup_results_0_8_openbsd1_i7_4790___C-default-c.json#fannkuch_redux---22,338.50503377826203,0.411747,0.1601699999999997,-0.0123583586247035,-5.715137165085185e-07
warmup_results_0_8_openbsd1_i7_4790___C-default-c.json#fannkuch_redux---24,338.335971484321,0.411642,0.1571509999999976,0.0051867006672745,-4.193709148085408e-05
warmup_results_0_8_openbsd1_i7_4790___C-default-c.json#fannkuch_redux---25,338.52565551190094,0.411759,0.1964330000000014,0.0187329349779949,-8.984280464992326e-06
warmup_results_0_8_openbsd1_i7_4790___C-default-c.json#fannkuch_redux---27,338.840673655329,0.413817,0.1820190000000002,-0.0076662140466876,9.900469335962172e-06
warmup_results_0_8_openbsd1_i7_4790___C-default-c.json#fannkuch_redux---3,338.587036811566,0.411763,0.1966270000000001,-0.0327457914014455,2.5506646517530297e-05
warmup_results_0_8_openbsd1_i7_4790___C-default-c.json#fannkuch_redux---5,338.616735893332,0.413705,0.1944200000000005,0.0194755137473672,8.623028188201242e-05
warmup_results_0_8_openbsd1_i7_4790___C-default-c.json#fannkuch_redux---8,338.50540330988605,0.41173,0.1617890000000015,0.0027403388799092,9.963103749609788e-08
warmup_results_0_8_openbsd1_i7_4790___C-default-c.json#fannkuch_redux---9,353.99045183128385,0.420991,0.0986460000000011,0.0551235012262729,1.8775595446625907e-05
warmup_results_0_8_openbsd1_i7_4790___C-default-c.json#fasta---0,10.980487246015002,0.074213,0.0159519999999987,0.0343748613144931,3.814796729006548e-05
warmup_results_0_8_openbsd1_i7_4790___C-default-c.json#fasta---1,11.039792271833996,0.075019,0.1127150000000012,0.1087817424931931,4.667104665487343e-05
warmup_results_0_8_openbsd1_i7_4790___C-default-c.json#fasta---10,11.039792271833996,0.075019,0.1127150000000012,0.1087817424931931,4.667104665487343e-05
warmup_results_0_8_openbsd1_i7_4790___C-default-c.json#fasta---4,11.039792271833996,0.075019,0.1127150000000012,0.1087817424931931,4.667104665487343e-05
warmup_results_0_8_openbsd1_i7_4790___C-default-c.json#fasta---11,11.038891177074998,0.074826,0.0854289999999983,0.0933268740042919,9.66895838370996e-05
warmup_results_0_8_openbsd1_i7_4790___C-default-c.json#fasta---12,11.001177907067005,0.074408,0.0331310000000001,0.0659626905346728,7.46583302798327e-05
warmup_results_0_8_openbsd1_i7_4790___C-default-c.json#fasta---14,11.001177907067005,0.074408,0.0331310000000001,0.0659626905346728,7.46583302798327e-05
warmup_results_0_8_openbsd1_i7_4790___C-default-c.json#fasta---21,11.001177907067005,0.074408,0.0331310000000001,0.0659626905346728,7.46583302798327e-05
warmup_results_0_8_openbsd1_i7_4790___C-default-c.json#fasta---13,10.986625110517998,0.074552,0.049132000000001,0.0340583276598708,5.9255011929049926e-05
warmup_results_0_8_openbsd1_i7_4790___C-default-c.json#fasta---15,11.002499500028,0.074546,0.0272740000000001,0.0344769156931199,8.425620955225946e-05
warmup_results_0_8_openbsd1_i7_4790___C-default-c.json#fasta---16,10.989702406173002,0.074315,0.0594310000000006,0.0497473117879552,1.0470953496684814e-05
warmup_results_0_8_openbsd1_i7_4790___C-default-c.json#fasta---20,10.989702406173002,0.074315,0.0594310000000006,0.0497473117879552,1.0470953496684814e-05
warmup_results_0_8_openbsd1_i7_4790___C-default-c.json#fasta---17,10.983718344362,0.074542,0.109936,0.0440545916737173,0.0001033337073171
warmup_results_0_8_openbsd1_i7_4790___C-default-c.json#fasta---18,11.004337381252002,0.074718,0.0619310000000007,0.064363499574785,9.465171048458166e-05
warmup_results_0_8_openbsd1_i7_4790___C-default-c.json#fasta---19,11.071283982553,0.074942,0.1397040000000005,0.0915511880919771,0.0001416983451227
warmup_results_0_8_openbsd1_i7_4790___C-default-c.json#fasta---2,11.047137563525,0.074749,0.0392809999999999,-0.0138226522875788,3.476357984491671e-05
warmup_results_0_8_openbsd1_i7_4790___C-default-c.json#fasta---5,11.047137563525,0.074749,0.0392809999999999,-0.0138226522875788,3.476357984491671e-05
warmup_results_0_8_openbsd1_i7_4790___C-default-c.json#fasta---22,10.996171178815,0.074554,0.0402119999999999,0.0683479607231292,4.682985430729257e-06
warmup_results_0_8_openbsd1_i7_4790___C-default-c.json#fasta---23,10.997475738410005,0.074457,0.0345709999999992,0.0537948663881375,0.0001147781915958
warmup_results_0_8_openbsd1_i7_4790___C-default-c.json#fasta---25,10.997475738410005,0.074457,0.0345709999999992,0.0537948663881375,0.0001147781915958
warmup_results_0_8_openbsd1_i7_4790___C-default-c.json#fasta---27,10.997475738410005,0.074457,0.0345709999999992,0.0537948663881375,0.0001147781915958
warmup_results_0_8_openbsd1_i7_4790___C-default-c.json#fasta---24,11.008758198948,0.074538,0.1845819999999997,0.0379970305452251,7.891175216371528e-05
warmup_results_0_8_openbsd1_i7_4790___C-default-c.json#fasta---29,11.008758198948,0.074538,0.1845819999999997,0.0379970305452251,7.891175216371528e-05
warmup_results_0_8_openbsd1_i7_4790___C-default-c.json#fasta---26,11.058827228254,0.074914,0.2398049999999999,0.0342767017149711,0.0001296974017997
warmup_results_0_8_openbsd1_i7_4790___C-default-c.json#fasta---3,11.058827228254,0.074914,0.2398049999999999,0.0342767017149711,0.0001296974017997
warmup_results_0_8_openbsd1_i7_4790___C-default-c.json#fasta---7,11.058827228254,0.074914,0.2398049999999999,0.0342767017149711,0.0001296974017997
warmup_results_0_8_openbsd1_i7_4790___C-default-c.json#fasta---28,10.983826705248005,0.074385,0.040995999999999,0.0773205936575274,5.966919370910665e-05
warmup_results_0_8_openbsd1_i7_4790___C-default-c.json#fasta---6,10.996394695342005,0.074679,0.0488650000000001,0.0746478030147601,4.4387308614916256e-05
warmup_results_0_8_openbsd1_i7_4790___C-default-c.json#fasta---8,11.020574567176002,0.074379,0.0770830000000002,0.0036067855492281,8.762722681808194e-05
warmup_results_0_8_openbsd1_i7_4790___C-default-c.json#fasta---9,11.025210789366,0.074747,0.0499690000000004,0.0470438245227495,2.3598274478223245e-05
warmup_results_0_8_openbsd1_i7_4790___C-default-c.json#nbody---2,338.732955507505,0.416523,3.179568999999997,0.0432384854657142,-0.0011926136562035
warmup_results_0_8_openbsd1_i7_4790___C-default-c.json#nbody---1,337.2353585229251,0.43952,12.03845100000001,-0.0318331516585039,-0.0073587015037241
warmup_results_0_8_openbsd1_i7_4790___C-default-c.json#nbody---10,331.1242184029741,0.412936,0.5215630000000058,0.0241794864597213,0.0023941611255168
warmup_results_0_8_openbsd1_i7_4790___C-default-c.json#nbody---12,337.28041955223216,0.434783,13.608087000000014,-0.0402741459806029,-8.708441960089242e-06
warmup_results_0_8_openbsd1_i7_4790___C-default-c.json#nbody---6,337.28041955223216,0.434783,13.608087000000014,-0.0402741459806029,-8.708441960089242e-06
warmup_results_0_8_openbsd1_i7_4790___C-default-c.json#nbody---13,335.7571204806,0.416526,3.7298820000000026,0.0615208363496008,-0.000463308810749
warmup_results_0_8_openbsd1_i7_4790___C-default-c.json#nbody---4,335.7571204806,0.416526,3.7298820000000026,0.0615208363496008,-0.000463308810749
warmup_results_0_8_openbsd1_i7_4790___C-default-c.json#nbody---14,336.164554608748,0.41798,1.6847150000000004,0.0270942540212327,-0.0001072356763314
warmup_results_0_8_openbsd1_i7_4790___C-default-c.json#nbody---28,336.164554608748,0.41798,1.6847150000000004,0.0270942540212327,-0.0001072356763314
warmup_results_0_8_openbsd1_i7_4790___C-default-c.json#nbody---15,337.301580056192,0.414181,2.027766000000001,0.0217832206179226,0.0020238650657816
warmup_results_0_8_openbsd1_i7_4790___C-default-c.json#nbody---16,335.95096788579906,0.412933,1.4931360000000002,0.1137550965437078,-6.576261444365054e-05
warmup_results_0_8_openbsd1_i7_4790___C-default-c.json#nbody---17,335.02922677676304,0.420578,4.888742000000006,0.0986483777045503,-0.0015885906430227
warmup_results_0_8_openbsd1_i7_4790___C-default-c.json#nbody---3,335.02922677676304,0.420578,4.888742000000006,0.0986483777045503,-0.0015885906430227
warmup_results_0_8_openbsd1_i7_4790___C-default-c.json#nbody---18,337.45268595715606,0.439439,13.561496000000009,-0.0042366259657336,-0.0013296115689988
warmup_results_0_8_openbsd1_i7_4790___C-default-c.json#nbody---19,338.043617724035,0.421484,5.535921999999998,0.0673089079027465,-0.0046848916174434
warmup_results_0_8_openbsd1_i7_4790___C-default-c.json#nbody---20,339.40326348200904,0.422537,6.381438999999997,0.0150350835758768,0.0014292785062825
warmup_results_0_8_openbsd1_i7_4790___C-default-c.json#nbody---23,339.40326348200904,0.422537,6.381438999999997,0.0150350835758768,0.0014292785062825
warmup_results_0_8_openbsd1_i7_4790___C-default-c.json#nbody---27,339.40326348200904,0.422537,6.381438999999997,0.0150350835758768,0.0014292785062825
warmup_results_0_8_openbsd1_i7_4790___C-default-c.json#nbody---22,338.935589665389,0.417486,3.1902259999999982,0.0369228536999663,-8.562031996935308e-05
warmup_results_0_8_openbsd1_i7_4790___C-default-c.json#nbody---24,345.5339820600809,0.529561,15.181192,0.0462742525946978,-0.0033078266832837
warmup_results_0_8_openbsd1_i7_4790___C-default-c.json#nbody---26,333.31465750744115,0.420048,5.164701000000011,0.0051149343928442,-0.0037677363675981
warmup_results_0_8_openbsd1_i7_4790___C-default-c.json#nbody---29,333.31465750744115,0.420048,5.164701000000011,0.0051149343928442,-0.0037677363675981
warmup_results_0_8_openbsd1_i7_4790___C-default-c.json#nbody---9,339.507467756078,0.418606,2.206583000000004,0.0389872136902304,-0.0015311586331045
warmup_results_0_8_openbsd1_i7_4790___C-default-c.json#nbody---8,333.47796217506084,0.411862,1.6256650000000017,-0.0082976470919638,-0.0005850442635418
warmup_results_0_8_openbsd1_i7_4790___C-default-c.json#richards---0,1165.03712480264,0.767943,0.8291429999999977,0.0284795673849051,0.0003883154253291
warmup_results_0_8_openbsd1_i7_4790___C-default-c.json#richards---25,1165.03712480264,0.767943,0.8291429999999977,0.0284795673849051,0.0003883154253291
warmup_results_0_8_openbsd1_i7_4790___C-default-c.json#richards---1,1155.178870966948,0.761107,0.5699730000000011,0.0134888219104514,0.0002581823864967
warmup_results_0_8_openbsd1_i7_4790___C-default-c.json#richards---10,1166.892781033159,0.765797,1.2252710000000022,-0.0047086372810661,0.0008320285065362
warmup_results_0_8_openbsd1_i7_4790___C-default-c.json#richards---24,1166.892781033159,0.765797,1.2252710000000022,-0.0047086372810661,0.0008320285065362
warmup_results_0_8_openbsd1_i7_4790___C-default-c.json#richards---11,1156.3754528791148,0.761159,0.4824080000000005,0.0228832392937453,-3.37134760734085e-05
warmup_results_0_8_openbsd1_i7_4790___C-default-c.json#richards---12,1196.755779320595,0.781375,3.4465439999999994,0.0607298334986063,0.0002560632844354
warmup_results_0_8_openbsd1_i7_4790___C-default-c.json#richards---2,1196.755779320595,0.781375,3.4465439999999994,0.0607298334986063,0.0002560632844354
warmup_results_0_8_openbsd1_i7_4790___C-default-c.json#richards---13,1187.653415716558,0.776698,3.303062000000004,0.0141111376447633,0.0010685836868104
warmup_results_0_8_openbsd1_i7_4790___C-default-c.json#richards---14,1187.229935212621,0.776245,3.3919199999999963,-0.0296103086503108,0.001247074999551
warmup_results_0_8_openbsd1_i7_4790___C-default-c.json#richards---29,1187.229935212621,0.776245,3.3919199999999963,-0.0296103086503108,0.001247074999551
warmup_results_0_8_openbsd1_i7_4790___C-default-c.json#richards---8,1187.229935212621,0.776245,3.3919199999999963,-0.0296103086503108,0.001247074999551
warmup_results_0_8_openbsd1_i7_4790___C-default-c.json#richards---15,1174.1082377312332,0.771174,0.966624000000001,0.0720661613280458,0.0004397311171955
warmup_results_0_8_openbsd1_i7_4790___C-default-c.json#richards---16,1159.8522546900565,0.763048,0.8474049999999967,0.0160869330506363,8.009619855442235e-05
warmup_results_0_8_openbsd1_i7_4790___C-default-c.json#richards---26,1159.8522546900565,0.763048,0.8474049999999967,0.0160869330506363,8.009619855442235e-05
warmup_results_0_8_openbsd1_i7_4790___C-default-c.json#richards---17,1165.085075024309,0.764661,0.6455789999999949,0.0246123198940289,0.0005280488256168
warmup_results_0_8_openbsd1_i7_4790___C-default-c.json#richards---18,1182.6871842579292,0.769787,0.4772219999999979,0.0362957008365337,-0.0001877411448479
warmup_results_0_8_openbsd1_i7_4790___C-default-c.json#richards---20,1182.6871842579292,0.769787,0.4772219999999979,0.0362957008365337,-0.0001877411448479
warmup_results_0_8_openbsd1_i7_4790___C-default-c.json#richards---5,1182.6871842579292,0.769787,0.4772219999999979,0.0362957008365337,-0.0001877411448479
warmup_results_0_8_openbsd1_i7_4790___C-default-c.json#richards---19,1173.292096343821,0.770398,2.4435350000000025,-0.0252216103986819,0.0005898996185838
warmup_results_0_8_openbsd1_i7_4790___C-default-c.json#richards---21,1173.292096343821,0.770398,2.4435350000000025,-0.0252216103986819,0.0005898996185838
warmup_results_0_8_openbsd1_i7_4790___C-default-c.json#richards---22,1155.926017276542,0.765216,0.5465890000000005,0.0397289071509974,0.0003432312143008
warmup_results_0_8_openbsd1_i7_4790___C-default-c.json#richards---23,1156.51646140841,0.761392,0.5243580000000017,0.0492607074655149,-0.000263445507439
warmup_results_0_8_openbsd1_i7_4790___C-default-c.json#richards---27,1153.667990909194,0.761158,0.8203409999999962,0.0252783941159195,-9.291668658786586e-05
warmup_results_0_8_openbsd1_i7_4790___C-default-c.json#richards---28,1153.667990909194,0.761158,0.8203409999999962,0.0252783941159195,-9.291668658786586e-05
warmup_results_0_8_openbsd1_i7_4790___C-default-c.json#richards---3,1158.8077038036358,0.76229,0.5327519999999997,-0.0234070814457123,-9.370896627430133e-06
warmup_results_0_8_openbsd1_i7_4790___C-default-c.json#richards---4,1165.988967715485,0.764697,0.6113380000000063,0.0419860840639603,-0.0002760659835276
warmup_results_0_8_openbsd1_i7_4790___C-default-c.json#richards---6,1163.8378692541662,0.764607,0.486742000000005,0.0143522737097758,-4.966370305746959e-05
warmup_results_0_8_openbsd1_i7_4790___C-default-c.json#richards---7,1172.3209752280309,0.768047,1.2444930000000038,-0.0121156747289246,-0.0001152490007208
warmup_results_0_8_openbsd1_i7_4790___C-default-c.json#richards---9,1174.648644040239,0.772612,2.3837800000000047,0.0573961528453082,-0.0003412156742647
warmup_results_0_8_openbsd1_i7_4790___C-default-c.json#spectralnorm---0,568.286176164555,0.541096,5.032653000000003,-0.0055852063885319,-0.0019561460852363
warmup_results_0_8_openbsd1_i7_4790___C-default-c.json#spectralnorm---1,538.967343691513,0.524106,2.7484040000000016,0.0428243352771088,0.0012635776867631
warmup_results_0_8_openbsd1_i7_4790___C-default-c.json#spectralnorm---22,538.967343691513,0.524106,2.7484040000000016,0.0428243352771088,0.0012635776867631
warmup_results_0_8_openbsd1_i7_4790___C-default-c.json#spectralnorm---10,537.6643027119981,0.522543,2.575605,0.0392723068143185,0.0003671121693818
warmup_results_0_8_openbsd1_i7_4790___C-default-c.json#spectralnorm---11,540.1480447045169,0.527078,2.6264710000000044,0.1106260395451667,-0.0003151867998268
warmup_results_0_8_openbsd1_i7_4790___C-default-c.json#spectralnorm---15,540.1480447045169,0.527078,2.6264710000000044,0.1106260395451667,-0.0003151867998268
warmup_results_0_8_openbsd1_i7_4790___C-default-c.json#spectralnorm---3,540.1480447045169,0.527078,2.6264710000000044,0.1106260395451667,-0.0003151867998268
warmup_results_0_8_openbsd1_i7_4790___C-default-c.json#spectralnorm---12,538.8761536289419,0.524816,2.506104000000001,-0.0144918585361259,0.0005516264615475
warmup_results_0_8_openbsd1_i7_4790___C-default-c.json#spectralnorm---13,553.978937018067,0.53292,3.875899,-0.0005636653394116,-0.0006212842331872
warmup_results_0_8_openbsd1_i7_4790___C-default-c.json#spectralnorm---23,553.978937018067,0.53292,3.875899,-0.0005636653394116,-0.0006212842331872
warmup_results_0_8_openbsd1_i7_4790___C-default-c.json#spectralnorm---14,538.5034154837911,0.523194,2.6555290000000022,0.0538585866832376,0.0012623376064327
warmup_results_0_8_openbsd1_i7_4790___C-default-c.json#spectralnorm---25,538.5034154837911,0.523194,2.6555290000000022,0.0538585866832376,0.0012623376064327
warmup_results_0_8_openbsd1_i7_4790___C-default-c.json#spectralnorm---8,538.5034154837911,0.523194,2.6555290000000022,0.0538585866832376,0.0012623376064327
warmup_results_0_8_openbsd1_i7_4790___C-default-c.json#spectralnorm---16,540.7053686919139,0.530991,3.245436000000001,0.032501343557448,0.000812426275743
warmup_results_0_8_openbsd1_i7_4790___C-default-c.json#spectralnorm---17,550.187551000547,0.538704,6.548991000000003,-0.0073993288908144,-0.002108111435548
warmup_results_0_8_openbsd1_i7_4790___C-default-c.json#spectralnorm---18,540.255936983835,0.524145,2.6936120000000003,0.0292716244377736,-0.0006889327733955
warmup_results_0_8_openbsd1_i7_4790___C-default-c.json#spectralnorm---21,540.255936983835,0.524145,2.6936120000000003,0.0292716244377736,-0.0006889327733955
warmup_results_0_8_openbsd1_i7_4790___C-default-c.json#spectralnorm---19,538.362543812781,0.528182,2.693608000000004,-0.0319448820696453,0.0003285018921578
warmup_results_0_8_openbsd1_i7_4790___C-default-c.json#spectralnorm---5,538.362543812781,0.528182,2.693608000000004,-0.0319448820696453,0.0003285018921578
warmup_results_0_8_openbsd1_i7_4790___C-default-c.json#spectralnorm---7,538.362543812781,0.528182,2.693608000000004,-0.0319448820696453,0.0003285018921578
warmup_results_0_8_openbsd1_i7_4790___C-default-c.json#spectralnorm---2,566.745005866794,0.541015,5.308591999999999,-0.0006817445000834,-0.0010809691598609
warmup_results_0_8_openbsd1_i7_4790___C-default-c.json#spectralnorm---9,566.745005866794,0.541015,5.308591999999999,-0.0006817445000834,-0.0010809691598609
warmup_results_0_8_openbsd1_i7_4790___C-default-c.json#spectralnorm---20,538.389478182484,0.523419,2.695928000000004,0.0570008120649664,-9.183759832490717e-05
warmup_results_0_8_openbsd1_i7_4790___C-default-c.json#spectralnorm---4,538.389478182484,0.523419,2.695928000000004,0.0570008120649664,-9.183759832490717e-05
warmup_results_0_8_openbsd1_i7_4790___C-default-c.json#spectralnorm---6,538.3342739320949,0.532887,2.9933299999999967,0.0169894274500706,0.003580669848216
warmup_results_0_8_openbsd1_i7_4790___C-default-c.json#spectralnorm---26,556.739525151879,0.535299,4.2318560000000005,0.044138726197841,0.0016628293164536
warmup_results_0_8_openbsd1_i7_4790___C-default-c.json#spectralnorm---27,556.739525151879,0.535299,4.2318560000000005,0.044138726197841,0.0016628293164536
warmup_results_0_8_openbsd1_i7_4790___C-default-c.json#spectralnorm---28,558.831220890223,0.535797,4.307911999999996,0.03341286221159,0.0020070525197479
warmup_results_0_8_openbsd1_i7_4790___C-default-c.json#spectralnorm---29,563.7920324645061,0.537984,4.746057999999998,0.015060336793618,-0.0006584711525094
warmup_results_0_8_openbsd1_i7_4790___Hotspot-default-java.json#binarytrees---0,73.53165892874,0.264643,1.0079270000000018,0.0045635905171165,0.0391440095332207
warmup_results_0_8_openbsd1_i7_4790___Hotspot-default-java.json#binarytrees---1,70.178697849157,0.258884,0.8369220000000006,0.0716240240202349,0.0387287623521397
warmup_results_0_8_openbsd1_i7_4790___Hotspot-default-java.json#binarytrees---14,70.178697849157,0.258884,0.8369220000000006,0.0716240240202349,0.0387287623521397
warmup_results_0_8_openbsd1_i7_4790___Hotspot-default-java.json#binarytrees---10,69.67153342458099,0.259832,0.8440600000000009,0.0636954989711972,0.0396135184955525
warmup_results_0_8_openbsd1_i7_4790___Hotspot-default-java.json#binarytrees---2,69.67153342458099,0.259832,0.8440600000000009,0.0636954989711972,0.0396135184955525
warmup_results_0_8_openbsd1_i7_4790___Hotspot-default-java.json#binarytrees---28,69.67153342458099,0.259832,0.8440600000000009,0.0636954989711972,0.0396135184955525
warmup_results_0_8_openbsd1_i7_4790___Hotspot-default-java.json#binarytrees---11,70.05560331536901,0.263288,0.933763,0.102535978234287,0.0402395160376657
warmup_results_0_8_openbsd1_i7_4790___Hotspot-default-java.json#binarytrees---19,70.05560331536901,0.263288,0.933763,0.102535978234287,0.0402395160376657
warmup_results_0_8_openbsd1_i7_4790___Hotspot-default-java.json#binarytrees---23,70.05560331536901,0.263288,0.933763,0.102535978234287,0.0402395160376657
warmup_results_0_8_openbsd1_i7_4790___Hotspot-default-java.json#binarytrees---6,70.05560331536901,0.263288,0.933763,0.102535978234287,0.0402395160376657
warmup_results_0_8_openbsd1_i7_4790___Hotspot-default-java.json#binarytrees---12,70.18373404745401,0.26248,0.880007999999999,0.0001437405150645,0.0408367332281185
warmup_results_0_8_openbsd1_i7_4790___Hotspot-default-java.json#binarytrees---16,70.18373404745401,0.26248,0.880007999999999,0.0001437405150645,0.0408367332281185
warmup_results_0_8_openbsd1_i7_4790___Hotspot-default-java.json#binarytrees---18,70.18373404745401,0.26248,0.880007999999999,0.0001437405150645,0.0408367332281185
warmup_results_0_8_openbsd1_i7_4790___Hotspot-default-java.json#binarytrees---13,69.37566786245499,0.258955,0.8154060000000006,0.0964643719103337,0.0394125002551588
warmup_results_0_8_openbsd1_i7_4790___Hotspot-default-java.json#binarytrees---24,69.37566786245499,0.258955,0.8154060000000006,0.0964643719103337,0.0394125002551588
warmup_results_0_8_openbsd1_i7_4790___Hotspot-default-java.json#binarytrees---25,69.37566786245499,0.258955,0.8154060000000006,0.0964643719103337,0.0394125002551588
warmup_results_0_8_openbsd1_i7_4790___Hotspot-default-java.json#binarytrees---15,69.66124680586,0.261396,0.8122480000000003,0.2090236636482191,0.0402720056996765
warmup_results_0_8_openbsd1_i7_4790___Hotspot-default-java.json#binarytrees---17,69.329157198617,0.259633,0.7012370000000008,0.0707081437232612,0.0397526217630663
warmup_results_0_8_openbsd1_i7_4790___Hotspot-default-java.json#binarytrees---22,69.329157198617,0.259633,0.7012370000000008,0.0707081437232612,0.0397526217630663
warmup_results_0_8_openbsd1_i7_4790___Hotspot-default-java.json#binarytrees---3,69.329157198617,0.259633,0.7012370000000008,0.0707081437232612,0.0397526217630663
warmup_results_0_8_openbsd1_i7_4790___Hotspot-default-java.json#binarytrees---20,69.96024333205901,0.260041,0.821087,0.0691702457122923,0.0394093687021229
warmup_results_0_8_openbsd1_i7_4790___Hotspot-default-java.json#binarytrees---26,69.96024333205901,0.260041,0.821087,0.0691702457122923,0.0394093687021229
warmup_results_0_8_openbsd1_i7_4790___Hotspot-default-java.json#binarytrees---21,69.683382182803,0.259504,0.7253499999999997,0.0161918353235797,0.0395150905008741
warmup_results_0_8_openbsd1_i7_4790___Hotspot-default-java.json#binarytrees---5,69.683382182803,0.259504,0.7253499999999997,0.0161918353235797,0.0395150905008741
warmup_results_0_8_openbsd1_i7_4790___Hotspot-default-java.json#binarytrees---7,69.683382182803,0.259504,0.7253499999999997,0.0161918353235797,0.0395150905008741
warmup_results_0_8_openbsd1_i7_4790___Hotspot-default-java.json#binarytrees---27,68.881155081007,0.260866,0.6559700000000004,0.0817881669977126,0.0407771472699923
warmup_results_0_8_openbsd1_i7_4790___Hotspot-default-java.json#binarytrees---29,70.81719454662101,0.264481,0.8642900000000011,-0.0339525104201324,0.038838855742682
warmup_results_0_8_openbsd1_i7_4790___Hotspot-default-java.json#binarytrees---4,70.50447652658801,0.260629,0.7581420000000008,0.1703828552210626,0.038983812426078
warmup_results_0_8_openbsd1_i7_4790___Hotspot-default-java.json#binarytrees---8,70.43895201612601,0.26083,0.7406460000000004,0.0904247033992314,0.0396834012901403
warmup_results_0_8_openbsd1_i7_4790___Hotspot-default-java.json#binarytrees---9,69.93549475393,0.259614,0.8540909999999983,0.0780014458240391,0.0392233862995352
warmup_results_0_8_openbsd1_i7_4790___Hotspot-default-java.json#fannkuch_redux---0,269.127240831606,0.390513,0.7354139999999985,0.0321690418770846,0.0116000393655581
warmup_results_0_8_openbsd1_i7_4790___Hotspot-default-java.json#fannkuch_redux---1,260.81691284687304,0.401225,1.3364649999999996,0.1725952634512869,0.0095138118111061
warmup_results_0_8_openbsd1_i7_4790___Hotspot-default-java.json#fannkuch_redux---10,274.826123232853,0.393724,0.861868000000001,0.0664487409118928,0.0110500185229001
warmup_results_0_8_openbsd1_i7_4790___Hotspot-default-java.json#fannkuch_redux---21,274.826123232853,0.393724,0.861868000000001,0.0664487409118928,0.0110500185229001
warmup_results_0_8_openbsd1_i7_4790___Hotspot-default-java.json#fannkuch_redux---11,299.054777146431,0.39245,1.4369499999999986,0.2573961600601142,0.0065390895895939
warmup_results_0_8_openbsd1_i7_4790___Hotspot-default-java.json#fannkuch_redux---12,299.054777146431,0.39245,1.4369499999999986,0.2573961600601142,0.0065390895895939
warmup_results_0_8_openbsd1_i7_4790___Hotspot-default-java.json#fannkuch_redux---15,299.054777146431,0.39245,1.4369499999999986,0.2573961600601142,0.0065390895895939
warmup_results_0_8_openbsd1_i7_4790___Hotspot-default-java.json#fannkuch_redux---13,271.489242861095,0.385958,1.2447089999999992,-0.0046889328817919,0.0093504964574199
warmup_results_0_8_openbsd1_i7_4790___Hotspot-default-java.json#fannkuch_redux---14,273.49851277142795,0.389821,1.2086709999999976,0.0772368344341015,0.0097976974089197
warmup_results_0_8_openbsd1_i7_4790___Hotspot-default-java.json#fannkuch_redux---5,273.49851277142795,0.389821,1.2086709999999976,0.0772368344341015,0.0097976974089197
warmup_results_0_8_openbsd1_i7_4790___Hotspot-default-java.json#fannkuch_redux---16,257.45341554725303,0.395725,0.4151740000000016,0.0685145188023826,0.0072131300535447
warmup_results_0_8_openbsd1_i7_4790___Hotspot-default-java.json#fannkuch_redux---18,245.52822469176704,0.396071,0.8518330000000006,0.0279842395511212,0.0093256243719987
warmup_results_0_8_openbsd1_i7_4790___Hotspot-default-java.json#fannkuch_redux---19,269.245412563688,0.386168,1.2583810000000004,0.0921082485087648,0.0107906235754451
warmup_results_0_8_openbsd1_i7_4790___Hotspot-default-java.json#fannkuch_redux---26,269.245412563688,0.386168,1.2583810000000004,0.0921082485087648,0.0107906235754451
warmup_results_0_8_openbsd1_i7_4790___Hotspot-default-java.json#fannkuch_redux---2,259.993856831125,0.398312,1.0251170000000014,0.1691347214714801,0.0082982286007088
warmup_results_0_8_openbsd1_i7_4790___Hotspot-default-java.json#fannkuch_redux---22,259.993856831125,0.398312,1.0251170000000014,0.1691347214714801,0.0082982286007088
warmup_results_0_8_openbsd1_i7_4790___Hotspot-default-java.json#fannkuch_redux---20,287.410737134161,0.398541,1.660645,0.2467960650751385,0.0093947212956669
warmup_results_0_8_openbsd1_i7_4790___Hotspot-default-java.json#fannkuch_redux---7,287.410737134161,0.398541,1.660645,0.2467960650751385,0.0093947212956669
warmup_results_0_8_openbsd1_i7_4790___Hotspot-default-java.json#fannkuch_redux---24,271.53001358588995,0.386258,1.3009809999999995,0.0551247946368648,0.0095978621929598
warmup_results_0_8_openbsd1_i7_4790___Hotspot-default-java.json#fannkuch_redux---29,244.30446123385707,0.391208,0.8258830000000001,-0.0193563824755197,0.0085373762719528
warmup_results_0_8_openbsd1_i7_4790___Hotspot-default-java.json#fannkuch_redux---4,285.504056432891,0.39358,1.0280869999999984,0.2665357660686407,0.0076077211611451
warmup_results_0_8_openbsd1_i7_4790___Hotspot-default-java.json#fannkuch_redux---9,285.504056432891,0.39358,1.0280869999999984,0.2665357660686407,0.0076077211611451
warmup_results_0_8_openbsd1_i7_4790___Hotspot-default-java.json#fasta---0,24.807479439271003,0.125211,0.2959249999999998,0.680856414526746,0.0080042427026401
warmup_results_0_8_openbsd1_i7_4790___Hotspot-default-java.json#fasta---29,24.807479439271003,0.125211,0.2959249999999998,0.680856414526746,0.0080042427026401
warmup_results_0_8_openbsd1_i7_4790___Hotspot-default-java.json#fasta---1,24.610697118533,0.125616,0.2772700000000004,0.7236188911808368,0.007559200775811
warmup_results_0_8_openbsd1_i7_4790___Hotspot-default-java.json#fasta---23,24.610697118533,0.125616,0.2772700000000004,0.7236188911808368,0.007559200775811
warmup_results_0_8_openbsd1_i7_4790___Hotspot-default-java.json#fasta---10,24.773303815779,0.12747,0.3008570000000004,0.6377225264638778,0.0089801510242314
warmup_results_0_8_openbsd1_i7_4790___Hotspot-default-java.json#fasta---27,24.773303815779,0.12747,0.3008570000000004,0.6377225264638778,0.0089801510242314
warmup_results_0_8_openbsd1_i7_4790___Hotspot-default-java.json#fasta---11,24.737997414860995,0.126045,0.30861,0.6453541552586817,0.0082775893750085
warmup_results_0_8_openbsd1_i7_4790___Hotspot-default-java.json#fasta---12,24.888824811403992,0.130641,0.2646519999999999,0.6697331356733601,0.0095376976747752
warmup_results_0_8_openbsd1_i7_4790___Hotspot-default-java.json#fasta---9,24.888824811403992,0.130641,0.2646519999999999,0.6697331356733601,0.0095376976747752
warmup_results_0_8_openbsd1_i7_4790___Hotspot-default-java.json#fasta---13,24.730271104664,0.12742,0.258963,0.6968780726202217,0.0082714277067457
warmup_results_0_8_openbsd1_i7_4790___Hotspot-default-java.json#fasta---24,24.730271104664,0.12742,0.258963,0.6968780726202217,0.0082714277067457
warmup_results_0_8_openbsd1_i7_4790___Hotspot-default-java.json#fasta---8,24.730271104664,0.12742,0.258963,0.6968780726202217,0.0082714277067457
warmup_results_0_8_openbsd1_i7_4790___Hotspot-default-java.json#fasta---14,24.554311742397005,0.125231,0.3583459999999997,0.5386659084661469,0.0079434531589759
warmup_results_0_8_openbsd1_i7_4790___Hotspot-default-java.json#fasta---15,25.22964522460001,0.126424,0.2789129999999997,0.6022299510254525,0.0081640911761209
warmup_results_0_8_openbsd1_i7_4790___Hotspot-default-java.json#fasta---16,24.326938163154,0.12526,0.2547549999999996,0.7380764463755088,0.0084446538243247
warmup_results_0_8_openbsd1_i7_4790___Hotspot-default-java.json#fasta---17,24.971554934966,0.12765,0.3245970000000002,0.5211310750086435,0.0090829122258358
warmup_results_0_8_openbsd1_i7_4790___Hotspot-default-java.json#fasta---25,24.971554934966,0.12765,0.3245970000000002,0.5211310750086435,0.0090829122258358
warmup_results_0_8_openbsd1_i7_4790___Hotspot-default-java.json#fasta---18,24.768450787984,0.127049,0.3797830000000006,0.4807488405979861,0.009020551009219
warmup_results_0_8_openbsd1_i7_4790___Hotspot-default-java.json#fasta---5,24.768450787984,0.127049,0.3797830000000006,0.4807488405979861,0.009020551009219
warmup_results_0_8_openbsd1_i7_4790___Hotspot-default-java.json#fasta---19,24.951822897574,0.125765,0.3594739999999999,0.4370610324908673,0.0081166863418694
warmup_results_0_8_openbsd1_i7_4790___Hotspot-default-java.json#fasta---21,24.951822897574,0.125765,0.3594739999999999,0.4370610324908673,0.0081166863418694
warmup_results_0_8_openbsd1_i7_4790___Hotspot-default-java.json#fasta---26,24.951822897574,0.125765,0.3594739999999999,0.4370610324908673,0.0081166863418694
warmup_results_0_8_openbsd1_i7_4790___Hotspot-default-java.json#fasta---2,24.614701858322,0.125603,0.305019,0.628199262215134,0.0079178780375219
warmup_results_0_8_openbsd1_i7_4790___Hotspot-default-java.json#fasta---20,24.388032843552004,0.129332,0.271129,0.6934312240339304,0.0100270176689489
warmup_results_0_8_openbsd1_i7_4790___Hotspot-default-java.json#fasta---3,24.388032843552004,0.129332,0.271129,0.6934312240339304,0.0100270176689489
warmup_results_0_8_openbsd1_i7_4790___Hotspot-default-java.json#fasta---22,24.98105176534601,0.128966,0.3529249999999994,0.5376884923231822,0.0100064587658221
warmup_results_0_8_openbsd1_i7_4790___Hotspot-default-java.json#fasta---28,24.30624133979901,0.125201,0.277901,0.7391010625915404,0.0078582762203812
warmup_results_0_8_openbsd1_i7_4790___Hotspot-default-java.json#fasta---4,25.107607990398,0.126276,0.2906579999999998,0.5415088353003398,0.0084679460366292
warmup_results_0_8_openbsd1_i7_4790___Hotspot-default-java.json#fasta---6,24.809043687713,0.125723,0.30304,0.6760235620275442,0.0077668881833799
warmup_results_0_8_openbsd1_i7_4790___Hotspot-default-java.json#fasta---7,24.54407653047999,0.124899,0.2722819999999997,0.7691096537302033,0.0078904987350768
warmup_results_0_8_openbsd1_i7_4790___Hotspot-default-java.json#nbody---0,58.82825511893802,0.176904,0.557504,0.3120549994338793,0.0030058825706255
warmup_results_0_8_openbsd1_i7_4790___Hotspot-default-java.json#nbody---10,58.82825511893802,0.176904,0.557504,0.3120549994338793,0.0030058825706255
warmup_results_0_8_openbsd1_i7_4790___Hotspot-default-java.json#nbody---1,58.87739644543001,0.178264,0.6034009999999999,0.4361139331054336,0.0031676321795356
warmup_results_0_8_openbsd1_i7_4790___Hotspot-default-java.json#nbody---19,58.87739644543001,0.178264,0.6034009999999999,0.4361139331054336,0.0031676321795356
warmup_results_0_8_openbsd1_i7_4790___Hotspot-default-java.json#nbody---25,58.87739644543001,0.178264,0.6034009999999999,0.4361139331054336,0.0031676321795356
warmup_results_0_8_openbsd1_i7_4790___Hotspot-default-java.json#nbody---11,59.181209397655,0.177393,0.5634580000000001,0.3787178975896124,0.0029582138253976
warmup_results_0_8_openbsd1_i7_4790___Hotspot-default-java.json#nbody---12,59.181209397655,0.177393,0.5634580000000001,0.3787178975896124,0.0029582138253976
warmup_results_0_8_openbsd1_i7_4790___Hotspot-default-java.json#nbody---13,59.201726764274,0.178175,0.5235089999999993,0.5034804683645724,0.0028107086086022
warmup_results_0_8_openbsd1_i7_4790___Hotspot-default-java.json#nbody---14,59.191861433590006,0.177606,0.5072430000000004,0.3975144211794234,0.0030526085064918
warmup_results_0_8_openbsd1_i7_4790___Hotspot-default-java.json#nbody---4,59.191861433590006,0.177606,0.5072430000000004,0.3975144211794234,0.0030526085064918
warmup_results_0_8_openbsd1_i7_4790___Hotspot-default-java.json#nbody---15,58.938121366695015,0.177906,0.5928739999999997,0.3998406785559211,0.0030732154491354
warmup_results_0_8_openbsd1_i7_4790___Hotspot-default-java.json#nbody---28,58.938121366695015,0.177906,0.5928739999999997,0.3998406785559211,0.0030732154491354
warmup_results_0_8_openbsd1_i7_4790___Hotspot-default-java.json#nbody---29,58.938121366695015,0.177906,0.5928739999999997,0.3998406785559211,0.0030732154491354
warmup_results_0_8_openbsd1_i7_4790___Hotspot-default-java.json#nbody---16,59.183835993536,0.177871,0.5296969999999995,0.3805403743039464,0.0032317137340941
warmup_results_0_8_openbsd1_i7_4790___Hotspot-default-java.json#nbody---3,59.183835993536,0.177871,0.5296969999999995,0.3805403743039464,0.0032317137340941
warmup_results_0_8_openbsd1_i7_4790___Hotspot-default-java.json#nbody---17,58.82570332536501,0.176712,0.5606969999999998,0.26136446447466,0.0027841647669141
warmup_results_0_8_openbsd1_i7_4790___Hotspot-default-java.json#nbody---9,58.82570332536501,0.176712,0.5606969999999998,0.26136446447466,0.0027841647669141
warmup_results_0_8_openbsd1_i7_4790___Hotspot-default-java.json#nbody---18,59.32747295689301,0.17799,0.5295299999999998,0.5309819796786246,0.0026156998533063
warmup_results_0_8_openbsd1_i7_4790___Hotspot-default-java.json#nbody---2,58.827987688681006,0.177103,0.6042880000000005,0.3295786073170933,0.0028794196094738
warmup_results_0_8_openbsd1_i7_4790___Hotspot-default-java.json#nbody---20,58.79287541389401,0.176007,0.5557859999999988,0.4382252420814007,0.0029762818771677
warmup_results_0_8_openbsd1_i7_4790___Hotspot-default-java.json#nbody---21,58.87059004237801,0.178044,0.5877740000000011,0.413338632142305,0.0031921335675769
warmup_results_0_8_openbsd1_i7_4790___Hotspot-default-java.json#nbody---22,58.75356350810001,0.176028,0.6007379999999998,0.4241788920184018,0.0030346345182057
warmup_results_0_8_openbsd1_i7_4790___Hotspot-default-java.json#nbody---23,58.824413197826,0.176712,0.5910890000000002,0.3339852817636287,0.0027328721309757
warmup_results_0_8_openbsd1_i7_4790___Hotspot-default-java.json#nbody---24,58.824413197826,0.176712,0.5910890000000002,0.3339852817636287,0.0027328721309757
warmup_results_0_8_openbsd1_i7_4790___Hotspot-default-java.json#nbody---26,59.3567040786,0.178301,0.5174390000000004,0.4865951383842196,0.0030411409752116
warmup_results_0_8_openbsd1_i7_4790___Hotspot-default-java.json#nbody---27,59.18435625464001,0.177061,0.498253999999999,0.3473523348328946,0.0028442974817338
warmup_results_0_8_openbsd1_i7_4790___Hotspot-default-java.json#nbody---8,59.18435625464001,0.177061,0.498253999999999,0.3473523348328946,0.0028442974817338
warmup_results_0_8_openbsd1_i7_4790___Hotspot-default-java.json#nbody---5,59.287033242933006,0.178189,0.539376,0.4915891917948893,0.0029032452877446
warmup_results_0_8_openbsd1_i7_4790___Hotspot-default-java.json#nbody---6,59.212100545094,0.178423,0.5446459999999996,0.4910794166110941,0.0030726585795755
warmup_results_0_8_openbsd1_i7_4790___Hotspot-default-java.json#nbody---7,59.18513228824901,0.177126,0.5351240000000002,0.3777744404629279,0.0027689577112942
warmup_results_0_8_openbsd1_i7_4790___Hotspot-default-java.json#richards---0,132.491082106477,0.314329,0.9088480000000017,0.0255257444608514,0.0139605188136291
warmup_results_0_8_openbsd1_i7_4790___Hotspot-default-java.json#richards---1,155.59264824445103,0.333166,0.6571500000000021,-0.0450578969244204,0.0135510189722596
warmup_results_0_8_openbsd1_i7_4790___Hotspot-default-java.json#richards---10,152.09081269359,0.293857,1.1263140000000016,0.0340714643082197,0.0166648735773349
warmup_results_0_8_openbsd1_i7_4790___Hotspot-default-java.json#richards---13,134.88372277626297,0.28034,0.7488859999999999,0.0360529780969546,0.0128201556706996
warmup_results_0_8_openbsd1_i7_4790___Hotspot-default-java.json#richards---6,134.88372277626297,0.28034,0.7488859999999999,0.0360529780969546,0.0128201556706996
warmup_results_0_8_openbsd1_i7_4790___Hotspot-default-java.json#richards---14,135.01693793554998,0.317608,1.8857790000000003,0.0406502639702342,0.0143018986142031
warmup_results_0_8_openbsd1_i7_4790___Hotspot-default-java.json#richards---16,143.752913221286,0.286894,0.6638260000000009,0.0049893649493749,0.014316443895485
warmup_results_0_8_openbsd1_i7_4790___Hotspot-default-java.json#richards---18,152.31800444200297,0.32732,1.950082999999999,0.0135456658649611,0.0150476311922654
warmup_results_0_8_openbsd1_i7_4790___Hotspot-default-java.json#richards---19,136.10151618420798,0.321691,1.0461669999999996,0.0446921576377062,0.0130408833149979
warmup_results_0_8_openbsd1_i7_4790___Hotspot-default-java.json#richards---20,135.497020545098,0.282574,1.140687999999999,0.0149150229464198,0.013882578280586
warmup_results_0_8_openbsd1_i7_4790___Hotspot-default-java.json#richards---25,135.497020545098,0.282574,1.140687999999999,0.0149150229464198,0.013882578280586
warmup_results_0_8_openbsd1_i7_4790___Hotspot-default-java.json#richards---21,146.29540967444902,0.289696,0.5385850000000004,-0.0176545914953272,0.0166395244630077
warmup_results_0_8_openbsd1_i7_4790___Hotspot-default-java.json#richards---5,146.29540967444902,0.289696,0.5385850000000004,-0.0176545914953272,0.0166395244630077
warmup_results_0_8_openbsd1_i7_4790___Hotspot-default-java.json#richards---22,131.967139490713,0.313698,1.5494339999999989,0.0065396560855067,0.0126619521334087
warmup_results_0_8_openbsd1_i7_4790___Hotspot-default-java.json#richards---24,134.306904352726,0.317129,1.0408980000000003,0.0150650241039947,0.0109249734460878
warmup_results_0_8_openbsd1_i7_4790___Hotspot-default-java.json#richards---27,135.474066924924,0.317671,1.475322000000002,-0.0052183264005246,0.0131035542386628
warmup_results_0_8_openbsd1_i7_4790___Hotspot-default-java.json#richards---28,141.94023565870197,0.288188,0.8676139999999998,0.0364796273396454,0.0148591175338007
warmup_results_0_8_openbsd1_i7_4790___Hotspot-default-java.json#richards---7,136.89195891891498,0.282009,1.1058709999999985,0.0108254974149438,0.0138888726824038
warmup_results_0_8_openbsd1_i7_4790___Hotspot-default-java.json#richards---9,144.71117842120802,0.324476,1.1792310000000006,0.0428911282525264,0.0144286657288573
warmup_results_0_8_openbsd1_i7_4790___Hotspot-default-java.json#spectralnorm---0,456.560717557634,0.490673,0.1268509999999991,-0.0115707110444249,0.0068431049359288
warmup_results_0_8_openbsd1_i7_4790___Hotspot-default-java.json#spectralnorm---23,456.560717557634,0.490673,0.1268509999999991,-0.0115707110444249,0.0068431049359288
warmup_results_0_8_openbsd1_i7_4790___Hotspot-default-java.json#spectralnorm---5,456.560717557634,0.490673,0.1268509999999991,-0.0115707110444249,0.0068431049359288
warmup_results_0_8_openbsd1_i7_4790___Hotspot-default-java.json#spectralnorm---1,456.551371741294,0.493207,0.126799000000001,0.0110471812501566,0.0081500329962559
warmup_results_0_8_openbsd1_i7_4790___Hotspot-default-java.json#spectralnorm---24,456.551371741294,0.493207,0.126799000000001,0.0110471812501566,0.0081500329962559
warmup_results_0_8_openbsd1_i7_4790___Hotspot-default-java.json#spectralnorm---25,456.551371741294,0.493207,0.126799000000001,0.0110471812501566,0.0081500329962559
warmup_results_0_8_openbsd1_i7_4790___Hotspot-default-java.json#spectralnorm---10,456.552586430477,0.490638,0.1248419999999993,-0.0054372656510137,0.006802533741577
warmup_results_0_8_openbsd1_i7_4790___Hotspot-default-java.json#spectralnorm---21,456.552586430477,0.490638,0.1248419999999993,-0.0054372656510137,0.006802533741577
warmup_results_0_8_openbsd1_i7_4790___Hotspot-default-java.json#spectralnorm---11,456.5089465121729,0.490523,0.1407060000000037,0.011676702102032,0.0066048342977603
warmup_results_0_8_openbsd1_i7_4790___Hotspot-default-java.json#spectralnorm---12,456.55942488076994,0.490455,0.1265009999999997,-0.0079819152643416,0.0067246043449683
warmup_results_0_8_openbsd1_i7_4790___Hotspot-default-java.json#spectralnorm---27,456.55942488076994,0.490455,0.1265009999999997,-0.0079819152643416,0.0067246043449683
warmup_results_0_8_openbsd1_i7_4790___Hotspot-default-java.json#spectralnorm---13,456.58994843135406,0.492225,0.1457180000000001,-0.0027254866973757,0.0076762469264297
warmup_results_0_8_openbsd1_i7_4790___Hotspot-default-java.json#spectralnorm---14,456.5505296100099,0.490607,0.1277020000000022,0.0046532037058311,0.0067980548024539
warmup_results_0_8_openbsd1_i7_4790___Hotspot-default-java.json#spectralnorm---7,456.5505296100099,0.490607,0.1277020000000022,0.0046532037058311,0.0067980548024539
warmup_results_0_8_openbsd1_i7_4790___Hotspot-default-java.json#spectralnorm---15,456.43655059713,0.490527,0.1375279999999976,0.0123908641973318,0.0067192333184099
warmup_results_0_8_openbsd1_i7_4790___Hotspot-default-java.json#spectralnorm---16,456.556370391796,0.490585,0.1267289999999979,0.0013299464337301,0.006794654425712
warmup_results_0_8_openbsd1_i7_4790___Hotspot-default-java.json#spectralnorm---9,456.556370391796,0.490585,0.1267289999999979,0.0013299464337301,0.006794654425712
warmup_results_0_8_openbsd1_i7_4790___Hotspot-default-java.json#spectralnorm---17,456.551220074709,0.490662,0.1276020000000003,-0.0009086760125645,0.0068198665869367
warmup_results_0_8_openbsd1_i7_4790___Hotspot-default-java.json#spectralnorm---18,456.551220074709,0.490662,0.1276020000000003,-0.0009086760125645,0.0068198665869367
warmup_results_0_8_openbsd1_i7_4790___Hotspot-default-java.json#spectralnorm---4,456.551220074709,0.490662,0.1276020000000003,-0.0009086760125645,0.0068198665869367
warmup_results_0_8_openbsd1_i7_4790___Hotspot-default-java.json#spectralnorm---19,457.071033983958,0.493244,0.1263069999999997,-0.0048886176198106,0.0069675570299527
warmup_results_0_8_openbsd1_i7_4790___Hotspot-default-java.json#spectralnorm---2,456.67782135857897,0.493285,0.1300859999999987,0.0312841513482795,0.0069130135128828
warmup_results_0_8_openbsd1_i7_4790___Hotspot-default-java.json#spectralnorm---20,456.5455333034339,0.490528,0.1249099999999986,-0.0030755918613243,0.0067576514844268
warmup_results_0_8_openbsd1_i7_4790___Hotspot-default-java.json#spectralnorm---22,456.863163513904,0.494684,0.1321239999999979,0.0050820356645033,0.0077150815055746
warmup_results_0_8_openbsd1_i7_4790___Hotspot-default-java.json#spectralnorm---28,456.863163513904,0.494684,0.1321239999999979,0.0050820356645033,0.0077150815055746
warmup_results_0_8_openbsd1_i7_4790___Hotspot-default-java.json#spectralnorm---26,456.558909559512,0.490687,0.1281099999999984,0.03737545062368,0.0066754841538439
warmup_results_0_8_openbsd1_i7_4790___Hotspot-default-java.json#spectralnorm---29,456.550081850169,0.492352,0.1330469999999997,0.004595353894234,0.007741993440166
warmup_results_0_8_openbsd1_i7_4790___Hotspot-default-java.json#spectralnorm---3,456.550081850169,0.492352,0.1330469999999997,0.004595353894234,0.007741993440166
warmup_results_0_8_openbsd1_i7_4790___Hotspot-default-java.json#spectralnorm---6,456.5485815729309,0.490587,0.1264359999999983,0.0111944726025061,0.0067888602409117
warmup_results_0_8_openbsd1_i7_4790___Hotspot-default-java.json#spectralnorm---8,456.86308604394,0.493031,0.1345659999999983,-0.0100765436216443,0.0068103247899106
warmup_results_0_8_openbsd1_i7_4790___LuaJIT-default-lua.json#binarytrees---11,5739.814726339329,1.736098,1.6907830000000028,-0.0055593180922561,0.0020077949735334
warmup_results_0_8_openbsd1_i7_4790___LuaJIT-default-lua.json#binarytrees---5,5790.587773780942,1.867162,8.782937999999996,0.0068016742531953,-0.0039450204216835
warmup_results_0_8_openbsd1_i7_4790___LuaJIT-default-lua.json#fannkuch_redux---0,639.983531068669,0.567139,0.3451780000000038,-0.0524032405847569,0.0006058060287519
warmup_results_0_8_openbsd1_i7_4790___LuaJIT-default-lua.json#fannkuch_redux---1,640.4645724580521,0.569572,0.3468609999999974,0.005077674033415,0.0003254360864974
warmup_results_0_8_openbsd1_i7_4790___LuaJIT-default-lua.json#fannkuch_redux---10,639.953453787258,0.566673,0.3232339999999964,-0.0242400568689742,0.0003955982014813
warmup_results_0_8_openbsd1_i7_4790___LuaJIT-default-lua.json#fannkuch_redux---9,639.953453787258,0.566673,0.3232339999999964,-0.0242400568689742,0.0003955982014813
warmup_results_0_8_openbsd1_i7_4790___LuaJIT-default-lua.json#fannkuch_redux---11,640.2774292513332,0.569617,0.3120370000000025,0.0123588551746811,0.0005176631001342
warmup_results_0_8_openbsd1_i7_4790___LuaJIT-default-lua.json#fannkuch_redux---22,640.2774292513332,0.569617,0.3120370000000025,0.0123588551746811,0.0005176631001342
warmup_results_0_8_openbsd1_i7_4790___LuaJIT-default-lua.json#fannkuch_redux---25,640.2774292513332,0.569617,0.3120370000000025,0.0123588551746811,0.0005176631001342
warmup_results_0_8_openbsd1_i7_4790___LuaJIT-default-lua.json#fannkuch_redux---12,640.1291453280991,0.566878,0.3980699999999977,-0.010398719596383,0.0005117538475977
warmup_results_0_8_openbsd1_i7_4790___LuaJIT-default-lua.json#fannkuch_redux---16,640.1291453280991,0.566878,0.3980699999999977,-0.010398719596383,0.0005117538475977
warmup_results_0_8_openbsd1_i7_4790___LuaJIT-default-lua.json#fannkuch_redux---29,640.1291453280991,0.566878,0.3980699999999977,-0.010398719596383,0.0005117538475977
warmup_results_0_8_openbsd1_i7_4790___LuaJIT-default-lua.json#fannkuch_redux---13,639.986781091148,0.566442,0.3190360000000012,-0.0179876800781983,0.0003468576358607
warmup_results_0_8_openbsd1_i7_4790___LuaJIT-default-lua.json#fannkuch_redux---18,639.986781091148,0.566442,0.3190360000000012,-0.0179876800781983,0.0003468576358607
warmup_results_0_8_openbsd1_i7_4790___LuaJIT-default-lua.json#fannkuch_redux---19,639.986781091148,0.566442,0.3190360000000012,-0.0179876800781983,0.0003468576358607
warmup_results_0_8_openbsd1_i7_4790___LuaJIT-default-lua.json#fannkuch_redux---8,639.986781091148,0.566442,0.3190360000000012,-0.0179876800781983,0.0003468576358607
warmup_results_0_8_openbsd1_i7_4790___LuaJIT-default-lua.json#fannkuch_redux---14,640.0058945999871,0.567405,0.3667570000000038,-0.0577806545244437,0.0003033142982848
warmup_results_0_8_openbsd1_i7_4790___LuaJIT-default-lua.json#fannkuch_redux---15,640.0783652279782,0.566836,0.354183999999998,-0.0018516276890303,0.0003678511265572
warmup_results_0_8_openbsd1_i7_4790___LuaJIT-default-lua.json#fannkuch_redux---17,639.9519786036021,0.566813,0.3256720000000002,-0.0270244263769041,0.0004679301407079
warmup_results_0_8_openbsd1_i7_4790___LuaJIT-default-lua.json#fannkuch_redux---2,639.9449284588579,0.566654,0.3218330000000028,-0.0056458240796573,0.0003277395579639
warmup_results_0_8_openbsd1_i7_4790___LuaJIT-default-lua.json#fannkuch_redux---20,640.203460681707,0.569463,0.3231020000000022,0.0068800777934492,0.0002583109818656
warmup_results_0_8_openbsd1_i7_4790___LuaJIT-default-lua.json#fannkuch_redux---21,640.031612599658,0.566771,0.3330459999999982,0.0108816345320041,0.0003159997139434
warmup_results_0_8_openbsd1_i7_4790___LuaJIT-default-lua.json#fannkuch_redux---23,639.9741099442331,0.566678,0.3187649999999992,-0.015100122391267,0.0004663831033981
warmup_results_0_8_openbsd1_i7_4790___LuaJIT-default-lua.json#fannkuch_redux---5,639.9741099442331,0.566678,0.3187649999999992,-0.015100122391267,0.0004663831033981
warmup_results_0_8_openbsd1_i7_4790___LuaJIT-default-lua.json#fannkuch_redux---6,639.9741099442331,0.566678,0.3187649999999992,-0.015100122391267,0.0004663831033981
warmup_results_0_8_openbsd1_i7_4790___LuaJIT-default-lua.json#fannkuch_redux---24,639.9494008350282,0.56668,0.3225269999999983,-0.0101476486442271,0.0004896151158978
warmup_results_0_8_openbsd1_i7_4790___LuaJIT-default-lua.json#fannkuch_redux---26,640.032021560852,0.566754,0.3483509999999993,-0.0029003470068931,0.0003718199700885
warmup_results_0_8_openbsd1_i7_4790___LuaJIT-default-lua.json#fannkuch_redux---28,640.032021560852,0.566754,0.3483509999999993,-0.0029003470068931,0.0003718199700885
warmup_results_0_8_openbsd1_i7_4790___LuaJIT-default-lua.json#fannkuch_redux---27,640.4724549344651,0.575976,0.3843050000000011,-0.0108579804822779,-0.0008387002518509
warmup_results_0_8_openbsd1_i7_4790___LuaJIT-default-lua.json#fannkuch_redux---3,640.0812683699511,0.566685,0.357139,-0.0029953322204407,0.0004146774937915
warmup_results_0_8_openbsd1_i7_4790___LuaJIT-default-lua.json#fannkuch_redux---4,640.030988411226,0.566871,0.3718939999999987,-0.0392702296393623,0.0003780042165846
warmup_results_0_8_openbsd1_i7_4790___LuaJIT-default-lua.json#fannkuch_redux---7,640.003364687793,0.566817,0.3314319999999999,-0.0310990104004005,0.0003743284206954
warmup_results_0_8_openbsd1_i7_4790___LuaJIT-default-lua.json#fasta---0,253.18191182773,0.359137,0.7847689999999992,0.0472293412917241,0.0008231631694754
warmup_results_0_8_openbsd1_i7_4790___LuaJIT-default-lua.json#fasta---16,253.18191182773,0.359137,0.7847689999999992,0.0472293412917241,0.0008231631694754
warmup_results_0_8_openbsd1_i7_4790___LuaJIT-default-lua.json#fasta---24,253.18191182773,0.359137,0.7847689999999992,0.0472293412917241,0.0008231631694754
warmup_results_0_8_openbsd1_i7_4790___LuaJIT-default-lua.json#fasta---3,253.18191182773,0.359137,0.7847689999999992,0.0472293412917241,0.0008231631694754
warmup_results_0_8_openbsd1_i7_4790___LuaJIT-default-lua.json#fasta---4,253.18191182773,0.359137,0.7847689999999992,0.0472293412917241,0.0008231631694754
warmup_results_0_8_openbsd1_i7_4790___LuaJIT-default-lua.json#fasta---5,253.18191182773,0.359137,0.7847689999999992,0.0472293412917241,0.0008231631694754
warmup_results_0_8_openbsd1_i7_4790___LuaJIT-default-lua.json#fasta---6,253.18191182773,0.359137,0.7847689999999992,0.0472293412917241,0.0008231631694754
warmup_results_0_8_openbsd1_i7_4790___LuaJIT-default-lua.json#fasta---1,248.010082256211,0.353966,0.7918180000000001,-0.0324113263896007,0.0007014758378138
warmup_results_0_8_openbsd1_i7_4790___LuaJIT-default-lua.json#fasta---18,248.010082256211,0.353966,0.7918180000000001,-0.0324113263896007,0.0007014758378138
warmup_results_0_8_openbsd1_i7_4790___LuaJIT-default-lua.json#fasta---2,248.010082256211,0.353966,0.7918180000000001,-0.0324113263896007,0.0007014758378138
warmup_results_0_8_openbsd1_i7_4790___LuaJIT-default-lua.json#fasta---10,248.08308040672,0.353918,0.8000240000000011,-0.0131993764691492,0.0008213648597321
warmup_results_0_8_openbsd1_i7_4790___LuaJIT-default-lua.json#fasta---11,248.01681176016297,0.354179,0.793416999999997,-0.0166910174212455,0.0008838855840212
warmup_results_0_8_openbsd1_i7_4790___LuaJIT-default-lua.json#fasta---12,248.01681176016297,0.354179,0.793416999999997,-0.0166910174212455,0.0008838855840212
warmup_results_0_8_openbsd1_i7_4790___LuaJIT-default-lua.json#fasta---19,248.01681176016297,0.354179,0.793416999999997,-0.0166910174212455,0.0008838855840212
warmup_results_0_8_openbsd1_i7_4790___LuaJIT-default-lua.json#fasta---13,247.93994400322904,0.353942,0.7872540000000012,0.0027945618472761,0.0005881592888382
warmup_results_0_8_openbsd1_i7_4790___LuaJIT-default-lua.json#fasta---20,247.93994400322904,0.353942,0.7872540000000012,0.0027945618472761,0.0005881592888382
warmup_results_0_8_openbsd1_i7_4790___LuaJIT-default-lua.json#fasta---14,247.78716999572703,0.35403,0.785674999999999,0.0110250803821851,0.0006319627309327
warmup_results_0_8_openbsd1_i7_4790___LuaJIT-default-lua.json#fasta---15,248.254696145798,0.354105,0.7820789999999984,-0.0072492612900884,0.0006902224021056
warmup_results_0_8_openbsd1_i7_4790___LuaJIT-default-lua.json#fasta---28,248.254696145798,0.354105,0.7820789999999984,-0.0072492612900884,0.0006902224021056
warmup_results_0_8_openbsd1_i7_4790___LuaJIT-default-lua.json#fasta---8,248.254696145798,0.354105,0.7820789999999984,-0.0072492612900884,0.0006902224021056
warmup_results_0_8_openbsd1_i7_4790___LuaJIT-default-lua.json#fasta---17,248.818394568748,0.35583,0.7798790000000018,0.0661921705247132,0.0007046902951955
warmup_results_0_8_openbsd1_i7_4790___LuaJIT-default-lua.json#fasta---21,248.22520208419803,0.354246,0.7872460000000019,-0.0127521548278032,0.0006090264142909
warmup_results_0_8_openbsd1_i7_4790___LuaJIT-default-lua.json#fasta---25,248.22520208419803,0.354246,0.7872460000000019,-0.0127521548278032,0.0006090264142909
warmup_results_0_8_openbsd1_i7_4790___LuaJIT-default-lua.json#fasta---22,248.02271663587896,0.353862,0.791285999999999,-0.0091444005126815,0.0005790538022907
warmup_results_0_8_openbsd1_i7_4790___LuaJIT-default-lua.json#fasta---23,248.02271663587896,0.353862,0.791285999999999,-0.0091444005126815,0.0005790538022907
warmup_results_0_8_openbsd1_i7_4790___LuaJIT-default-lua.json#fasta---9,248.02271663587896,0.353862,0.791285999999999,-0.0091444005126815,0.0005790538022907
warmup_results_0_8_openbsd1_i7_4790___LuaJIT-default-lua.json#fasta---26,248.451239630538,0.354104,0.8039829999999993,-0.0203871393998542,0.0006745086294225
warmup_results_0_8_openbsd1_i7_4790___LuaJIT-default-lua.json#fasta---27,256.12181668859904,0.359851,0.7994720000000006,0.0141922650728489,0.0008837406361994
warmup_results_0_8_openbsd1_i7_4790___LuaJIT-default-lua.json#fasta---29,248.637159406948,0.35592,0.7961639999999995,0.0379525037566623,0.0008033185856788
warmup_results_0_8_openbsd1_i7_4790___LuaJIT-default-lua.json#fasta---7,248.50885716425904,0.354413,0.7908110000000019,0.0396425997561109,0.0009550414265297
warmup_results_0_8_openbsd1_i7_4790___LuaJIT-default-lua.json#nbody---0,172.13526284835297,0.300877,1.9729639999999984,0.0494018972669764,-7.850783957240326e-05
warmup_results_0_8_openbsd1_i7_4790___LuaJIT-default-lua.json#nbody---1,171.81608846276902,0.295152,1.4956779999999996,-0.1092146438630521,-3.917952259524399e-05
warmup_results_0_8_openbsd1_i7_4790___LuaJIT-default-lua.json#nbody---10,171.77231364045804,0.294421,1.1727300000000012,-0.1335118599966485,6.525685046235087e-05
warmup_results_0_8_openbsd1_i7_4790___LuaJIT-default-lua.json#nbody---11,172.149945951412,0.295834,1.3493650000000024,-0.1137691678882215,9.939309120394616e-05
warmup_results_0_8_openbsd1_i7_4790___LuaJIT-default-lua.json#nbody---12,171.82030948079404,0.2952,1.4576479999999998,-0.0280130976773033,0.0002253060401255
warmup_results_0_8_openbsd1_i7_4790___LuaJIT-default-lua.json#nbody---18,171.82030948079404,0.2952,1.4576479999999998,-0.0280130976773033,0.0002253060401255
warmup_results_0_8_openbsd1_i7_4790___LuaJIT-default-lua.json#nbody---22,171.82030948079404,0.2952,1.4576479999999998,-0.0280130976773033,0.0002253060401255
warmup_results_0_8_openbsd1_i7_4790___LuaJIT-default-lua.json#nbody---27,171.82030948079404,0.2952,1.4576479999999998,-0.0280130976773033,0.0002253060401255
warmup_results_0_8_openbsd1_i7_4790___LuaJIT-default-lua.json#nbody---13,172.803452392805,0.296168,1.7391690000000015,-0.2095697917672008,0.0004168580187381
warmup_results_0_8_openbsd1_i7_4790___LuaJIT-default-lua.json#nbody---3,172.803452392805,0.296168,1.7391690000000015,-0.2095697917672008,0.0004168580187381
warmup_results_0_8_openbsd1_i7_4790___LuaJIT-default-lua.json#nbody---7,172.803452392805,0.296168,1.7391690000000015,-0.2095697917672008,0.0004168580187381
warmup_results_0_8_openbsd1_i7_4790___LuaJIT-default-lua.json#nbody---14,172.021327488854,0.29562,1.1754619999999996,0.0486394248635754,0.0002018989244347
warmup_results_0_8_openbsd1_i7_4790___LuaJIT-default-lua.json#nbody---28,172.021327488854,0.29562,1.1754619999999996,0.0486394248635754,0.0002018989244347
warmup_results_0_8_openbsd1_i7_4790___LuaJIT-default-lua.json#nbody---15,171.97872656635698,0.300194,1.759393000000001,-0.030904095061817,-0.0002566712182836
warmup_results_0_8_openbsd1_i7_4790___LuaJIT-default-lua.json#nbody---16,171.76424023393696,0.296178,1.5704010000000008,-0.046643085710267,0.0001115048501423
warmup_results_0_8_openbsd1_i7_4790___LuaJIT-default-lua.json#nbody---29,171.76424023393696,0.296178,1.5704010000000008,-0.046643085710267,0.0001115048501423
warmup_results_0_8_openbsd1_i7_4790___LuaJIT-default-lua.json#nbody---4,171.76424023393696,0.296178,1.5704010000000008,-0.046643085710267,0.0001115048501423
warmup_results_0_8_openbsd1_i7_4790___LuaJIT-default-lua.json#nbody---17,171.869860955427,0.294576,1.1607030000000012,0.0712999936472318,0.000256246952872
warmup_results_0_8_openbsd1_i7_4790___LuaJIT-default-lua.json#nbody---19,172.04680849067205,0.29625,1.3923719999999966,-0.0739554323271936,0.0006479850481798
warmup_results_0_8_openbsd1_i7_4790___LuaJIT-default-lua.json#nbody---26,172.04680849067205,0.29625,1.3923719999999966,-0.0739554323271936,0.0006479850481798
warmup_results_0_8_openbsd1_i7_4790___LuaJIT-default-lua.json#nbody---6,172.04680849067205,0.29625,1.3923719999999966,-0.0739554323271936,0.0006479850481798
warmup_results_0_8_openbsd1_i7_4790___LuaJIT-default-lua.json#nbody---2,172.182978448117,0.297669,1.408688999999999,0.0200231926165492,0.0001631436155965
warmup_results_0_8_openbsd1_i7_4790___LuaJIT-default-lua.json#nbody---9,172.182978448117,0.297669,1.408688999999999,0.0200231926165492,0.0001631436155965
warmup_results_0_8_openbsd1_i7_4790___LuaJIT-default-lua.json#nbody---20,171.99204798299797,0.296149,1.2755119999999998,-0.0671764734779509,0.0001415348003027
warmup_results_0_8_openbsd1_i7_4790___LuaJIT-default-lua.json#nbody---21,172.99050227850302,0.295932,1.3207819999999986,-0.1759678856897542,0.0003301904282922
warmup_results_0_8_openbsd1_i7_4790___LuaJIT-default-lua.json#nbody---23,174.04761214218,0.297303,1.7746489999999997,-0.1614005856383878,-0.00019802485289
warmup_results_0_8_openbsd1_i7_4790___LuaJIT-default-lua.json#nbody---24,174.179839550115,0.300591,1.8426599999999995,-0.1345816610432452,0.0001158019485696
warmup_results_0_8_openbsd1_i7_4790___LuaJIT-default-lua.json#nbody---25,172.355736214185,0.297144,1.8754800000000005,-0.1193606353262817,-5.492016174580417e-05
warmup_results_0_8_openbsd1_i7_4790___LuaJIT-default-lua.json#nbody---5,171.822453833866,0.295131,1.288168000000001,-0.0677665282124169,0.0001805287527058
warmup_results_0_8_openbsd1_i7_4790___LuaJIT-default-lua.json#nbody---8,172.989337069852,0.295894,1.317544999999999,-0.1741936552973385,0.000307022406535
warmup_results_0_8_openbsd1_i7_4790___LuaJIT-default-lua.json#richards---0,16710.410461790125,2.901226,1.57198099999999,-0.0109688652393042,0.0058025200054362
warmup_results_0_8_openbsd1_i7_4790___LuaJIT-default-lua.json#richards---24,16710.410461790125,2.901226,1.57198099999999,-0.0109688652393042,0.0058025200054362
warmup_results_0_8_openbsd1_i7_4790___LuaJIT-default-lua.json#richards---1,16711.11036612463,2.899497,1.595454999999992,0.0101469305666026,0.0032390062124955
warmup_results_0_8_openbsd1_i7_4790___LuaJIT-default-lua.json#richards---10,16711.68590331136,2.89886,1.5945240000000007,-0.0073623808319018,0.0039544255033566
warmup_results_0_8_openbsd1_i7_4790___LuaJIT-default-lua.json#richards---22,16711.68590331136,2.89886,1.5945240000000007,-0.0073623808319018,0.0039544255033566
warmup_results_0_8_openbsd1_i7_4790___LuaJIT-default-lua.json#richards---11,16712.806273411334,2.900338,1.6025189999999996,0.0109757140634961,0.0049610102607538
warmup_results_0_8_openbsd1_i7_4790___LuaJIT-default-lua.json#richards---28,16712.806273411334,2.900338,1.6025189999999996,0.0109757140634961,0.0049610102607538
warmup_results_0_8_openbsd1_i7_4790___LuaJIT-default-lua.json#richards---13,16708.749070352736,2.900296,1.6770520000000153,0.0190122157263201,0.0051597205464517
warmup_results_0_8_openbsd1_i7_4790___LuaJIT-default-lua.json#richards---14,16713.85970839795,2.894808,1.6092910000000065,0.0141391537097096,0.0047218111109206
warmup_results_0_8_openbsd1_i7_4790___LuaJIT-default-lua.json#richards---17,16713.85970839795,2.894808,1.6092910000000065,0.0141391537097096,0.0047218111109206
warmup_results_0_8_openbsd1_i7_4790___LuaJIT-default-lua.json#richards---15,16708.35232771769,2.899313,1.5666209999999912,-0.0045922211996667,0.0043697751600189
warmup_results_0_8_openbsd1_i7_4790___LuaJIT-default-lua.json#richards---9,16708.35232771769,2.899313,1.5666209999999912,-0.0045922211996667,0.0043697751600189
warmup_results_0_8_openbsd1_i7_4790___LuaJIT-default-lua.json#richards---16,16710.780446257882,2.898834,1.5619999999999976,-0.0070040617360154,0.004209425950842
warmup_results_0_8_openbsd1_i7_4790___LuaJIT-default-lua.json#richards---23,16709.632664609777,2.899199,1.5431629999999943,-0.0037506846443395,0.0046428814301908
warmup_results_0_8_openbsd1_i7_4790___LuaJIT-default-lua.json#richards---19,16710.70012456527,2.990747,1.8140590000000216,0.0064340837003434,0.0051016295655234
warmup_results_0_8_openbsd1_i7_4790___LuaJIT-default-lua.json#richards---26,16710.70012456527,2.990747,1.8140590000000216,0.0064340837003434,0.0051016295655234
warmup_results_0_8_openbsd1_i7_4790___LuaJIT-default-lua.json#richards---20,16710.79790593594,2.900043,1.5437599999999958,-0.0147607159339551,0.005090503548552
warmup_results_0_8_openbsd1_i7_4790___LuaJIT-default-lua.json#richards---21,16712.217712325582,2.900464,1.547527000000004,0.034105233501736,0.0051628822030441
warmup_results_0_8_openbsd1_i7_4790___LuaJIT-default-lua.json#richards---6,16712.217712325582,2.900464,1.547527000000004,0.034105233501736,0.0051628822030441
warmup_results_0_8_openbsd1_i7_4790___LuaJIT-default-lua.json#richards---8,16712.217712325582,2.900464,1.547527000000004,0.034105233501736,0.0051628822030441
warmup_results_0_8_openbsd1_i7_4790___LuaJIT-default-lua.json#richards---27,16712.992095218517,2.915038,1.6063569999999974,-0.006418879127324,0.0051696548320284
warmup_results_0_8_openbsd1_i7_4790___LuaJIT-default-lua.json#richards---29,16712.992095218517,2.915038,1.6063569999999974,-0.006418879127324,0.0051696548320284
warmup_results_0_8_openbsd1_i7_4790___LuaJIT-default-lua.json#richards---3,16730.83570941959,2.901817,1.639656999999994,0.0166485420732812,0.0046482019198722
warmup_results_0_8_openbsd1_i7_4790___LuaJIT-default-lua.json#richards---4,16713.514985985275,2.915166,1.6463230000000113,0.0079427956672151,0.0054290307318168
warmup_results_0_8_openbsd1_i7_4790___LuaJIT-default-lua.json#richards---7,16713.514985985275,2.915166,1.6463230000000113,0.0079427956672151,0.0054290307318168
warmup_results_0_8_openbsd1_i7_4790___LuaJIT-default-lua.json#richards---5,16711.444304309472,3.030562,1.8435510000000104,-0.0588327812028763,0.0035233853812658
warmup_results_0_8_openbsd1_i7_4790___LuaJIT-default-lua.json#spectralnorm---0,437.6347633445829,0.468204,0.0147739999999831,-0.1031434490507159,8.77809183952319e-05
warmup_results_0_8_openbsd1_i7_4790___LuaJIT-default-lua.json#spectralnorm---1,437.6347633445829,0.468204,0.0147739999999831,-0.1031434490507159,8.77809183952319e-05
warmup_results_0_8_openbsd1_i7_4790___LuaJIT-default-lua.json#spectralnorm---18,437.6347633445829,0.468204,0.0147739999999831,-0.1031434490507159,8.77809183952319e-05
warmup_results_0_8_openbsd1_i7_4790___LuaJIT-default-lua.json#spectralnorm---10,437.6401077260489,0.468257,0.0151839999999796,-0.0915966023635128,0.0001232322031984
warmup_results_0_8_openbsd1_i7_4790___LuaJIT-default-lua.json#spectralnorm---12,437.6401077260489,0.468257,0.0151839999999796,-0.0915966023635128,0.0001232322031984
warmup_results_0_8_openbsd1_i7_4790___LuaJIT-default-lua.json#spectralnorm---20,437.6401077260489,0.468257,0.0151839999999796,-0.0915966023635128,0.0001232322031984
warmup_results_0_8_openbsd1_i7_4790___LuaJIT-default-lua.json#spectralnorm---11,437.6112255583879,0.467945,0.0180819999999861,-0.1549379087552687,0.000114486820403
warmup_results_0_8_openbsd1_i7_4790___LuaJIT-default-lua.json#spectralnorm---13,437.63847051954895,0.468186,0.0127629999999745,-0.0040794711038998,7.750953439732867e-05
warmup_results_0_8_openbsd1_i7_4790___LuaJIT-default-lua.json#spectralnorm---5,437.63847051954895,0.468186,0.0127629999999745,-0.0040794711038998,7.750953439732867e-05
warmup_results_0_8_openbsd1_i7_4790___LuaJIT-default-lua.json#spectralnorm---14,437.6372962734858,0.468191,0.0139269999999814,-0.0851869430488339,7.795659226691427e-05
warmup_results_0_8_openbsd1_i7_4790___LuaJIT-default-lua.json#spectralnorm---19,437.6372962734858,0.468191,0.0139269999999814,-0.0851869430488339,7.795659226691427e-05
warmup_results_0_8_openbsd1_i7_4790___LuaJIT-default-lua.json#spectralnorm---21,437.6372962734858,0.468191,0.0139269999999814,-0.0851869430488339,7.795659226691427e-05
warmup_results_0_8_openbsd1_i7_4790___LuaJIT-default-lua.json#spectralnorm---23,437.6372962734858,0.468191,0.0139269999999814,-0.0851869430488339,7.795659226691427e-05
warmup_results_0_8_openbsd1_i7_4790___LuaJIT-default-lua.json#spectralnorm---7,437.6372962734858,0.468191,0.0139269999999814,-0.0851869430488339,7.795659226691427e-05
warmup_results_0_8_openbsd1_i7_4790___LuaJIT-default-lua.json#spectralnorm---15,437.69458289430304,0.470347,0.0176609999999781,-0.0190032752202847,9.143937177511468e-05
warmup_results_0_8_openbsd1_i7_4790___LuaJIT-default-lua.json#spectralnorm---16,437.6351318983008,0.468238,0.0160729999999867,-0.0654991365413959,0.0001333468407702
warmup_results_0_8_openbsd1_i7_4790___LuaJIT-default-lua.json#spectralnorm---3,437.6351318983008,0.468238,0.0160729999999867,-0.0654991365413959,0.0001333468407702
warmup_results_0_8_openbsd1_i7_4790___LuaJIT-default-lua.json#spectralnorm---6,437.6351318983008,0.468238,0.0160729999999867,-0.0654991365413959,0.0001333468407702
warmup_results_0_8_openbsd1_i7_4790___LuaJIT-default-lua.json#spectralnorm---17,437.63584863638096,0.468249,0.0149579999999772,-0.0477734691889537,0.0001071661784292
warmup_results_0_8_openbsd1_i7_4790___LuaJIT-default-lua.json#spectralnorm---2,437.63584863638096,0.468249,0.0149579999999772,-0.0477734691889537,0.0001071661784292
warmup_results_0_8_openbsd1_i7_4790___LuaJIT-default-lua.json#spectralnorm---22,438.2706435494108,0.470539,0.0186469999999883,-0.0520833174131247,5.0814759177586246e-05
warmup_results_0_8_openbsd1_i7_4790___LuaJIT-default-lua.json#spectralnorm---24,437.6352922444019,0.468267,0.0133799999999841,-0.0664279645430188,9.75942472632663e-05
warmup_results_0_8_openbsd1_i7_4790___LuaJIT-default-lua.json#spectralnorm---27,437.6352922444019,0.468267,0.0133799999999841,-0.0664279645430188,9.75942472632663e-05
warmup_results_0_8_openbsd1_i7_4790___LuaJIT-default-lua.json#spectralnorm---25,437.6362773461029,0.468191,0.0146239999999823,-0.127320757044969,9.789726647087068e-05
warmup_results_0_8_openbsd1_i7_4790___LuaJIT-default-lua.json#spectralnorm---26,437.635810898455,0.468141,0.0132399999999801,-0.0831946234361282,9.059439210110524e-05
warmup_results_0_8_openbsd1_i7_4790___LuaJIT-default-lua.json#spectralnorm---28,437.771653477876,0.470625,0.0152059999999842,-0.1586379191405966,0.0001004827264741
warmup_results_0_8_openbsd1_i7_4790___LuaJIT-default-lua.json#spectralnorm---29,437.63856191223095,0.46818,0.0124759999999771,-0.0990956599058314,0.0001036352628951
warmup_results_0_8_openbsd1_i7_4790___LuaJIT-default-lua.json#spectralnorm---4,437.6346070654479,0.468189,0.0149829999999841,-0.0846677108551468,9.052706538151687e-05
warmup_results_0_8_openbsd1_i7_4790___LuaJIT-default-lua.json#spectralnorm---8,437.6346070654479,0.468189,0.0149829999999841,-0.0846677108551468,9.052706538151687e-05
warmup_results_0_8_openbsd1_i7_4790___LuaJIT-default-lua.json#spectralnorm---9,437.62300351255504,0.467859,0.0154819999999833,-0.0845687941671151,-6.435127566965764e-05
warmup_results_0_8_openbsd1_i7_4790___V8-default-javascript.json#binarytrees---0,473.730320659193,0.514601,1.679138,-0.1776658398124076,0.0127426748496345
warmup_results_0_8_openbsd1_i7_4790___V8-default-javascript.json#binarytrees---13,473.730320659193,0.514601,1.679138,-0.1776658398124076,0.0127426748496345
warmup_results_0_8_openbsd1_i7_4790___V8-default-javascript.json#binarytrees---1,474.989987375199,0.517133,2.330208,0.0171108785129931,0.0147572779474338
warmup_results_0_8_openbsd1_i7_4790___V8-default-javascript.json#binarytrees---22,474.989987375199,0.517133,2.330208,0.0171108785129931,0.0147572779474338
warmup_results_0_8_openbsd1_i7_4790___V8-default-javascript.json#binarytrees---10,496.75070560214704,0.521898,1.8438650000000016,-0.092531573343155,0.0102306351176299
warmup_results_0_8_openbsd1_i7_4790___V8-default-javascript.json#binarytrees---2,496.75070560214704,0.521898,1.8438650000000016,-0.092531573343155,0.0102306351176299
warmup_results_0_8_openbsd1_i7_4790___V8-default-javascript.json#binarytrees---21,496.75070560214704,0.521898,1.8438650000000016,-0.092531573343155,0.0102306351176299
warmup_results_0_8_openbsd1_i7_4790___V8-default-javascript.json#binarytrees---11,474.150125751513,0.5203,2.667913000000001,0.0176192535291943,0.0150373490196759
warmup_results_0_8_openbsd1_i7_4790___V8-default-javascript.json#binarytrees---12,473.019435368691,0.509162,1.6466590000000003,-0.186877608822233,0.0106352341664312
warmup_results_0_8_openbsd1_i7_4790___V8-default-javascript.json#binarytrees---14,474.661275413055,0.514672,2.640972999999999,0.0217018946498475,0.0136484275711894
warmup_results_0_8_openbsd1_i7_4790___V8-default-javascript.json#binarytrees---28,474.661275413055,0.514672,2.640972999999999,0.0217018946498475,0.0136484275711894
warmup_results_0_8_openbsd1_i7_4790___V8-default-javascript.json#binarytrees---15,474.14334097391,0.512637,1.6378219999999986,-0.1734084982599003,0.0135672700618181
warmup_results_0_8_openbsd1_i7_4790___V8-default-javascript.json#binarytrees---8,474.14334097391,0.512637,1.6378219999999986,-0.1734084982599003,0.0135672700618181
warmup_results_0_8_openbsd1_i7_4790___V8-default-javascript.json#binarytrees---16,494.87488900837593,0.521851,1.939079,-0.0097566043202548,0.0104544194760009
warmup_results_0_8_openbsd1_i7_4790___V8-default-javascript.json#binarytrees---7,494.87488900837593,0.521851,1.939079,-0.0097566043202548,0.0104544194760009
warmup_results_0_8_openbsd1_i7_4790___V8-default-javascript.json#binarytrees---17,478.25587523342506,0.521445,4.632900000000001,-0.0257209731405905,0.0148933336999647
warmup_results_0_8_openbsd1_i7_4790___V8-default-javascript.json#binarytrees---18,474.610154437447,0.512425,1.6791709999999995,-0.1842951999363527,0.0122298836094771
warmup_results_0_8_openbsd1_i7_4790___V8-default-javascript.json#binarytrees---19,473.8261506678661,0.512048,1.6491960000000006,-0.1861664158344868,0.0125286958118638
warmup_results_0_8_openbsd1_i7_4790___V8-default-javascript.json#binarytrees---20,477.5371556959,0.518522,2.3881059999999987,-5.765794449030803e-05,0.0144803754481817
warmup_results_0_8_openbsd1_i7_4790___V8-default-javascript.json#binarytrees---23,475.045501068001,0.512925,1.666514000000002,-0.2004819807247394,0.012551801264416
warmup_results_0_8_openbsd1_i7_4790___V8-default-javascript.json#binarytrees---27,475.045501068001,0.512925,1.666514000000002,-0.2004819807247394,0.012551801264416
warmup_results_0_8_openbsd1_i7_4790___V8-default-javascript.json#binarytrees---24,488.047807102466,0.511672,1.6862419999999991,-0.1599380991036857,0.0140375279773689
warmup_results_0_8_openbsd1_i7_4790___V8-default-javascript.json#binarytrees---26,488.047807102466,0.511672,1.6862419999999991,-0.1599380991036857,0.0140375279773689
warmup_results_0_8_openbsd1_i7_4790___V8-default-javascript.json#binarytrees---5,488.047807102466,0.511672,1.6862419999999991,-0.1599380991036857,0.0140375279773689
warmup_results_0_8_openbsd1_i7_4790___V8-default-javascript.json#binarytrees---25,474.567930955198,0.512352,1.793648,-0.1283379621163559,0.0136533756009896
warmup_results_0_8_openbsd1_i7_4790___V8-default-javascript.json#binarytrees---29,475.355113114083,0.520144,2.5934570000000003,-0.0155883085978324,0.0166639653688762
warmup_results_0_8_openbsd1_i7_4790___V8-default-javascript.json#binarytrees---3,473.6110163318729,0.515437,2.012197,-0.012422605919524,0.0141261869144712
warmup_results_0_8_openbsd1_i7_4790___V8-default-javascript.json#binarytrees---4,473.6110163318729,0.515437,2.012197,-0.012422605919524,0.0141261869144712
warmup_results_0_8_openbsd1_i7_4790___V8-default-javascript.json#binarytrees---6,474.621328134064,0.51325,1.6695270000000004,-0.1726339292606108,0.0115335221836269
warmup_results_0_8_openbsd1_i7_4790___V8-default-javascript.json#binarytrees---9,475.431621459437,0.519084,2.094538999999997,-0.0705637618019813,0.0147064344065533
warmup_results_0_8_openbsd1_i7_4790___V8-default-javascript.json#fannkuch_redux---0,182.14867650122105,0.310331,0.4415500000000023,-0.007817337385625,0.00448940275538
warmup_results_0_8_openbsd1_i7_4790___V8-default-javascript.json#fannkuch_redux---28,182.14867650122105,0.310331,0.4415500000000023,-0.007817337385625,0.00448940275538
warmup_results_0_8_openbsd1_i7_4790___V8-default-javascript.json#fannkuch_redux---1,182.136864694976,0.31007,0.4318389999999991,-0.0771821178966649,0.0046884308550015
warmup_results_0_8_openbsd1_i7_4790___V8-default-javascript.json#fannkuch_redux---10,183.605215303764,0.312594,1.1412899999999984,0.0980584267880336,0.0047480878425365
warmup_results_0_8_openbsd1_i7_4790___V8-default-javascript.json#fannkuch_redux---23,183.605215303764,0.312594,1.1412899999999984,0.0980584267880336,0.0047480878425365
warmup_results_0_8_openbsd1_i7_4790___V8-default-javascript.json#fannkuch_redux---5,183.605215303764,0.312594,1.1412899999999984,0.0980584267880336,0.0047480878425365
warmup_results_0_8_openbsd1_i7_4790___V8-default-javascript.json#fannkuch_redux---11,182.176931404842,0.310568,0.4336960000000009,-0.0160174407202279,0.0046847287188818
warmup_results_0_8_openbsd1_i7_4790___V8-default-javascript.json#fannkuch_redux---4,182.176931404842,0.310568,0.4336960000000009,-0.0160174407202279,0.0046847287188818
warmup_results_0_8_openbsd1_i7_4790___V8-default-javascript.json#fannkuch_redux---12,182.1081807735929,0.310642,0.4391000000000004,-0.0114046263132616,0.0046846970642342
warmup_results_0_8_openbsd1_i7_4790___V8-default-javascript.json#fannkuch_redux---27,182.1081807735929,0.310642,0.4391000000000004,-0.0114046263132616,0.0046846970642342
warmup_results_0_8_openbsd1_i7_4790___V8-default-javascript.json#fannkuch_redux---13,182.12093557104595,0.31075,0.4430240000000014,0.0002970599894175,0.0047366192771994
warmup_results_0_8_openbsd1_i7_4790___V8-default-javascript.json#fannkuch_redux---14,182.121320830225,0.310179,0.4468969999999987,-0.0147986610438916,0.0045367197306702
warmup_results_0_8_openbsd1_i7_4790___V8-default-javascript.json#fannkuch_redux---25,182.121320830225,0.310179,0.4468969999999987,-0.0147986610438916,0.0045367197306702
warmup_results_0_8_openbsd1_i7_4790___V8-default-javascript.json#fannkuch_redux---15,182.300936267578,0.310909,0.496990999999999,-0.0127058124262121,0.0045972415156932
warmup_results_0_8_openbsd1_i7_4790___V8-default-javascript.json#fannkuch_redux---22,182.300936267578,0.310909,0.496990999999999,-0.0127058124262121,0.0045972415156932
warmup_results_0_8_openbsd1_i7_4790___V8-default-javascript.json#fannkuch_redux---16,182.283246858582,0.310318,0.4623739999999989,-0.074426135317713,0.0045631530576658
warmup_results_0_8_openbsd1_i7_4790___V8-default-javascript.json#fannkuch_redux---17,182.319332280351,0.31021,0.4405959999999986,-0.1022093187976816,0.0046209117183669
warmup_results_0_8_openbsd1_i7_4790___V8-default-javascript.json#fannkuch_redux---8,182.319332280351,0.31021,0.4405959999999986,-0.1022093187976816,0.0046209117183669
warmup_results_0_8_openbsd1_i7_4790___V8-default-javascript.json#fannkuch_redux---18,183.137358071772,0.310454,0.8629030000000011,-0.0602624782665868,0.0045119458652209
warmup_results_0_8_openbsd1_i7_4790___V8-default-javascript.json#fannkuch_redux---19,182.307536562799,0.30922,0.5032179999999971,0.0297281139270364,0.004453139027931
warmup_results_0_8_openbsd1_i7_4790___V8-default-javascript.json#fannkuch_redux---2,182.474147205957,0.312237,0.5004070000000013,0.0697227757900147,0.0044770049003881
warmup_results_0_8_openbsd1_i7_4790___V8-default-javascript.json#fannkuch_redux---7,182.474147205957,0.312237,0.5004070000000013,0.0697227757900147,0.0044770049003881
warmup_results_0_8_openbsd1_i7_4790___V8-default-javascript.json#fannkuch_redux---20,182.35638980685505,0.310471,0.510085,-0.0722620722962784,0.0047237311652334
warmup_results_0_8_openbsd1_i7_4790___V8-default-javascript.json#fannkuch_redux---21,182.38244964434887,0.310641,0.5192359999999985,-0.0200763901807069,0.0046973218320091
warmup_results_0_8_openbsd1_i7_4790___V8-default-javascript.json#fannkuch_redux---24,182.286066376967,0.310505,0.4568710000000008,-0.0549732250183518,0.0046271134078995
warmup_results_0_8_openbsd1_i7_4790___V8-default-javascript.json#fannkuch_redux---26,182.154984883505,0.310405,0.4648730000000001,-0.0538611957466501,0.0045976682715531
warmup_results_0_8_openbsd1_i7_4790___V8-default-javascript.json#fannkuch_redux---9,182.154984883505,0.310405,0.4648730000000001,-0.0538611957466501,0.0045976682715531
warmup_results_0_8_openbsd1_i7_4790___V8-default-javascript.json#fannkuch_redux---29,183.506533852595,0.312063,1.2058519999999997,-0.0644417848741518,0.0049915614959353
warmup_results_0_8_openbsd1_i7_4790___V8-default-javascript.json#fannkuch_redux---3,182.163429897542,0.310334,0.4161989999999997,-0.0601420864584651,0.0047092721956698
warmup_results_0_8_openbsd1_i7_4790___V8-default-javascript.json#fannkuch_redux---6,182.104105656416,0.310606,0.4567960000000005,0.0153774481528302,0.0046283738239158
warmup_results_0_8_openbsd1_i7_4790___V8-default-javascript.json#fasta---0,2669.941093674817,1.186593,2.340050999999996,-0.0587888196425959,0.0134925241282187
warmup_results_0_8_openbsd1_i7_4790___V8-default-javascript.json#fasta---17,2669.941093674817,1.186593,2.340050999999996,-0.0587888196425959,0.0134925241282187
warmup_results_0_8_openbsd1_i7_4790___V8-default-javascript.json#fasta---1,2702.3373624925625,1.186991,1.6314039999999967,0.0104161945541737,0.0131795153150596
warmup_results_0_8_openbsd1_i7_4790___V8-default-javascript.json#fasta---12,2702.3373624925625,1.186991,1.6314039999999967,0.0104161945541737,0.0131795153150596
warmup_results_0_8_openbsd1_i7_4790___V8-default-javascript.json#fasta---10,2692.818020901535,1.198011,2.271507000000006,0.1072922307518542,0.0144199445056765
warmup_results_0_8_openbsd1_i7_4790___V8-default-javascript.json#fasta---14,2692.818020901535,1.198011,2.271507000000006,0.1072922307518542,0.0144199445056765
warmup_results_0_8_openbsd1_i7_4790___V8-default-javascript.json#fasta---2,2692.818020901535,1.198011,2.271507000000006,0.1072922307518542,0.0144199445056765
warmup_results_0_8_openbsd1_i7_4790___V8-default-javascript.json#fasta---26,2692.818020901535,1.198011,2.271507000000006,0.1072922307518542,0.0144199445056765
warmup_results_0_8_openbsd1_i7_4790___V8-default-javascript.json#fasta---11,2742.447824032578,1.214577,1.4910669999999917,-0.0337186127609304,0.0141284470066456
warmup_results_0_8_openbsd1_i7_4790___V8-default-javascript.json#fasta---13,2700.2881277904653,1.20115,3.513466999999994,0.0750032246749843,0.0173025053289093
warmup_results_0_8_openbsd1_i7_4790___V8-default-javascript.json#fasta---19,2700.2881277904653,1.20115,3.513466999999994,0.0750032246749843,0.0173025053289093
warmup_results_0_8_openbsd1_i7_4790___V8-default-javascript.json#fasta---15,2674.626403037545,1.190656,2.270276000000004,-0.0436106251407583,0.013803653326724
warmup_results_0_8_openbsd1_i7_4790___V8-default-javascript.json#fasta---7,2674.626403037545,1.190656,2.270276000000004,-0.0436106251407583,0.013803653326724
warmup_results_0_8_openbsd1_i7_4790___V8-default-javascript.json#fasta---16,2683.150506507196,1.18029,1.192037999999998,0.1509544474961325,0.0131780224529871
warmup_results_0_8_openbsd1_i7_4790___V8-default-javascript.json#fasta---6,2683.150506507196,1.18029,1.192037999999998,0.1509544474961325,0.0131780224529871
warmup_results_0_8_openbsd1_i7_4790___V8-default-javascript.json#fasta---18,2667.7811125596604,1.182372,3.087539999999996,0.0606837335635184,0.0117842752773895
warmup_results_0_8_openbsd1_i7_4790___V8-default-javascript.json#fasta---24,2667.7811125596604,1.182372,3.087539999999996,0.0606837335635184,0.0117842752773895
warmup_results_0_8_openbsd1_i7_4790___V8-default-javascript.json#fasta---20,2732.794231148123,1.182101,1.3704150000000042,-0.0799461409143956,0.0143688963090763
warmup_results_0_8_openbsd1_i7_4790___V8-default-javascript.json#fasta---28,2732.794231148123,1.182101,1.3704150000000042,-0.0799461409143956,0.0143688963090763
warmup_results_0_8_openbsd1_i7_4790___V8-default-javascript.json#fasta---5,2732.794231148123,1.182101,1.3704150000000042,-0.0799461409143956,0.0143688963090763
warmup_results_0_8_openbsd1_i7_4790___V8-default-javascript.json#fasta---21,2653.732055189991,1.181527,2.45312,0.0153649412728409,0.0140128422187441
warmup_results_0_8_openbsd1_i7_4790___V8-default-javascript.json#fasta---22,2722.8192406752632,1.190066,2.018011999999995,-0.0395857590523792,0.0098288086957285
warmup_results_0_8_openbsd1_i7_4790___V8-default-javascript.json#fasta---23,2679.416237093552,1.243005,1.2970210000000035,-0.002537503911662,0.0123442328380314
warmup_results_0_8_openbsd1_i7_4790___V8-default-javascript.json#fasta---29,2679.416237093552,1.243005,1.2970210000000035,-0.002537503911662,0.0123442328380314
warmup_results_0_8_openbsd1_i7_4790___V8-default-javascript.json#fasta---25,2664.135332434979,1.181766,2.7875019999999933,0.0938915115464521,0.0135698306377762
warmup_results_0_8_openbsd1_i7_4790___V8-default-javascript.json#fasta---27,2716.8013987296263,1.19148,2.3301519999999973,0.0489624807516234,0.014940388923474
warmup_results_0_8_openbsd1_i7_4790___V8-default-javascript.json#fasta---4,2716.8013987296263,1.19148,2.3301519999999973,0.0489624807516234,0.014940388923474
warmup_results_0_8_openbsd1_i7_4790___V8-default-javascript.json#fasta---3,2696.4695065819133,1.17952,3.047751000000005,0.1097840203877248,0.0140164027783658
warmup_results_0_8_openbsd1_i7_4790___V8-default-javascript.json#fasta---9,2696.4695065819133,1.17952,3.047751000000005,0.1097840203877248,0.0140164027783658
warmup_results_0_8_openbsd1_i7_4790___V8-default-javascript.json#fasta---8,2787.0759806449514,1.209605,2.632534,0.062628573965456,0.0127895812141954
warmup_results_0_8_openbsd1_i7_4790___V8-default-javascript.json#nbody---0,159.618932616326,0.299673,4.380911,0.0823861872769233,0.0056356333150268
warmup_results_0_8_openbsd1_i7_4790___V8-default-javascript.json#nbody---11,159.618932616326,0.299673,4.380911,0.0823861872769233,0.0056356333150268
warmup_results_0_8_openbsd1_i7_4790___V8-default-javascript.json#nbody---19,159.618932616326,0.299673,4.380911,0.0823861872769233,0.0056356333150268
warmup_results_0_8_openbsd1_i7_4790___V8-default-javascript.json#nbody---1,156.540909494322,0.292072,4.675963999999999,0.0277992069374596,0.0044098416100437
warmup_results_0_8_openbsd1_i7_4790___V8-default-javascript.json#nbody---21,156.540909494322,0.292072,4.675963999999999,0.0277992069374596,0.0044098416100437
warmup_results_0_8_openbsd1_i7_4790___V8-default-javascript.json#nbody---10,157.83566702398804,0.297434,5.3736380000000015,0.0073187425513722,0.0059103460481849
warmup_results_0_8_openbsd1_i7_4790___V8-default-javascript.json#nbody---2,157.83566702398804,0.297434,5.3736380000000015,0.0073187425513722,0.0059103460481849
warmup_results_0_8_openbsd1_i7_4790___V8-default-javascript.json#nbody---12,156.610227726918,0.295566,5.232547999999996,0.0301850604135807,0.0030189946455949
warmup_results_0_8_openbsd1_i7_4790___V8-default-javascript.json#nbody---6,156.610227726918,0.295566,5.232547999999996,0.0301850604135807,0.0030189946455949
warmup_results_0_8_openbsd1_i7_4790___V8-default-javascript.json#nbody---13,156.15136621357,0.294037,4.571128,0.0725586820272268,0.0074499506994241
warmup_results_0_8_openbsd1_i7_4790___V8-default-javascript.json#nbody---25,156.15136621357,0.294037,4.571128,0.0725586820272268,0.0074499506994241
warmup_results_0_8_openbsd1_i7_4790___V8-default-javascript.json#nbody---14,156.143687629395,0.296092,4.808024,0.0601437325568507,0.0060058869158692
warmup_results_0_8_openbsd1_i7_4790___V8-default-javascript.json#nbody---15,156.975912108383,0.306117,4.913311000000002,0.0457555300893886,0.005611230151977
warmup_results_0_8_openbsd1_i7_4790___V8-default-javascript.json#nbody---23,156.975912108383,0.306117,4.913311000000002,0.0457555300893886,0.005611230151977
warmup_results_0_8_openbsd1_i7_4790___V8-default-javascript.json#nbody---24,156.975912108383,0.306117,4.913311000000002,0.0457555300893886,0.005611230151977
warmup_results_0_8_openbsd1_i7_4790___V8-default-javascript.json#nbody---16,157.532794781696,0.297842,5.8161710000000015,0.1126119256825903,0.0063656727650452
warmup_results_0_8_openbsd1_i7_4790___V8-default-javascript.json#nbody---17,157.532794781696,0.297842,5.8161710000000015,0.1126119256825903,0.0063656727650452
warmup_results_0_8_openbsd1_i7_4790___V8-default-javascript.json#nbody---28,157.532794781696,0.297842,5.8161710000000015,0.1126119256825903,0.0063656727650452
warmup_results_0_8_openbsd1_i7_4790___V8-default-javascript.json#nbody---18,156.562197015565,0.297142,5.138135000000002,0.0760467241533779,0.0056646922182075
warmup_results_0_8_openbsd1_i7_4790___V8-default-javascript.json#nbody---20,157.202786912866,0.297057,6.018496999999999,0.0200026561706073,0.0060347844355334
warmup_results_0_8_openbsd1_i7_4790___V8-default-javascript.json#nbody---22,155.422063755151,0.290941,4.425807999999996,0.0581998959884438,0.0048496388220587
warmup_results_0_8_openbsd1_i7_4790___V8-default-javascript.json#nbody---26,154.90971356372597,0.29041,4.326212999999999,0.0228297545657365,0.0070643683134234
warmup_results_0_8_openbsd1_i7_4790___V8-default-javascript.json#nbody---8,154.90971356372597,0.29041,4.326212999999999,0.0228297545657365,0.0070643683134234
warmup_results_0_8_openbsd1_i7_4790___V8-default-javascript.json#nbody---27,154.998121598487,0.292653,4.462142,0.0156454889049643,0.0068738074046433
warmup_results_0_8_openbsd1_i7_4790___V8-default-javascript.json#nbody---4,154.998121598487,0.292653,4.462142,0.0156454889049643,0.0068738074046433
warmup_results_0_8_openbsd1_i7_4790___V8-default-javascript.json#nbody---29,157.096392516437,0.298553,5.322842,0.0317316543972776,0.0072136830484798
warmup_results_0_8_openbsd1_i7_4790___V8-default-javascript.json#nbody---3,158.50084879147698,0.300024,5.643449999999998,0.0701242665660013,0.0063797236757258
warmup_results_0_8_openbsd1_i7_4790___V8-default-javascript.json#nbody---9,158.50084879147698,0.300024,5.643449999999998,0.0701242665660013,0.0063797236757258
warmup_results_0_8_openbsd1_i7_4790___V8-default-javascript.json#nbody---5,159.98707154049703,0.297616,7.520444999999999,-0.0068857808349667,0.0057842745509762
warmup_results_0_8_openbsd1_i7_4790___V8-default-javascript.json#nbody---7,157.264826128061,0.298259,4.846858000000001,0.0386384532723271,0.006581113357894
warmup_results_0_8_openbsd1_i7_4790___V8-default-javascript.json#richards---0,609.30186490028,0.571147,0.5268190000000009,0.211533622780514,0.0094025166746181
warmup_results_0_8_openbsd1_i7_4790___V8-default-javascript.json#richards---1,611.0126140205282,0.572174,0.3660839999999964,0.2203424127790929,0.0097120741362194
warmup_results_0_8_openbsd1_i7_4790___V8-default-javascript.json#richards---10,609.9336501398659,0.570835,0.9014070000000022,0.1773021513581634,0.0092211964401364
warmup_results_0_8_openbsd1_i7_4790___V8-default-javascript.json#richards---25,609.9336501398659,0.570835,0.9014070000000022,0.1773021513581634,0.0092211964401364
warmup_results_0_8_openbsd1_i7_4790___V8-default-javascript.json#richards---11,614.9536774713399,0.574106,0.7835899999999976,0.1985332609841167,0.0087155586655927
warmup_results_0_8_openbsd1_i7_4790___V8-default-javascript.json#richards---22,614.9536774713399,0.574106,0.7835899999999976,0.1985332609841167,0.0087155586655927
warmup_results_0_8_openbsd1_i7_4790___V8-default-javascript.json#richards---12,612.6734444349711,0.573282,0.5516240000000009,0.0953004063202809,0.0100198488829986
warmup_results_0_8_openbsd1_i7_4790___V8-default-javascript.json#richards---13,611.8129182684911,0.574965,0.4091820000000027,0.2353320902393817,0.0098721283243221
warmup_results_0_8_openbsd1_i7_4790___V8-default-javascript.json#richards---14,609.9096815569009,0.573762,0.4103589999999988,0.1098335151305382,0.0094153020371541
warmup_results_0_8_openbsd1_i7_4790___V8-default-javascript.json#richards---19,609.9096815569009,0.573762,0.4103589999999988,0.1098335151305382,0.0094153020371541
warmup_results_0_8_openbsd1_i7_4790___V8-default-javascript.json#richards---26,609.9096815569009,0.573762,0.4103589999999988,0.1098335151305382,0.0094153020371541
warmup_results_0_8_openbsd1_i7_4790___V8-default-javascript.json#richards---15,611.496447041668,0.575407,0.7064469999999968,0.2284102588348658,0.0099135173705414
warmup_results_0_8_openbsd1_i7_4790___V8-default-javascript.json#richards---16,611.6321458506229,0.575001,0.465493000000003,0.16549265511456,0.0098415577139948
warmup_results_0_8_openbsd1_i7_4790___V8-default-javascript.json#richards---17,611.56994122704,0.571703,0.4350269999999997,0.2184766595801758,0.0126033293974262
warmup_results_0_8_openbsd1_i7_4790___V8-default-javascript.json#richards---18,611.004359313535,0.572386,0.5689920000000006,0.1749748628753097,0.0095744567886553
warmup_results_0_8_openbsd1_i7_4790___V8-default-javascript.json#richards---27,611.004359313535,0.572386,0.5689920000000006,0.1749748628753097,0.0095744567886553
warmup_results_0_8_openbsd1_i7_4790___V8-default-javascript.json#richards---2,611.239067798123,0.571879,0.5269839999999948,0.2118204646984937,0.0095181338665186
warmup_results_0_8_openbsd1_i7_4790___V8-default-javascript.json#richards---20,609.5898064299271,0.571613,0.4837280000000002,0.2336024592301315,0.0095982913530272
warmup_results_0_8_openbsd1_i7_4790___V8-default-javascript.json#richards---21,609.9343892541609,0.571777,0.5437610000000037,0.320105933823233,0.009966090185699
warmup_results_0_8_openbsd1_i7_4790___V8-default-javascript.json#richards---8,609.9343892541609,0.571777,0.5437610000000037,0.320105933823233,0.009966090185699
warmup_results_0_8_openbsd1_i7_4790___V8-default-javascript.json#richards---23,611.150132764689,0.569241,0.6478239999999974,0.1972434548001072,0.0097195068580454
warmup_results_0_8_openbsd1_i7_4790___V8-default-javascript.json#richards---7,611.150132764689,0.569241,0.6478239999999974,0.1972434548001072,0.0097195068580454
warmup_results_0_8_openbsd1_i7_4790___V8-default-javascript.json#richards---24,614.7818009362419,0.574878,0.5446329999999999,0.1132211559463383,0.0099237801280244
warmup_results_0_8_openbsd1_i7_4790___V8-default-javascript.json#richards---4,614.7818009362419,0.574878,0.5446329999999999,0.1132211559463383,0.0099237801280244
warmup_results_0_8_openbsd1_i7_4790___V8-default-javascript.json#richards---28,610.263850882217,0.574494,0.5121609999999983,0.3060733766482456,0.0097051521877592
warmup_results_0_8_openbsd1_i7_4790___V8-default-javascript.json#richards---29,610.2338356704039,0.573728,0.5189550000000005,0.2349082726600335,0.0092999647507245
warmup_results_0_8_openbsd1_i7_4790___V8-default-javascript.json#richards---3,608.987648723465,0.574211,0.4910089999999982,0.2967379618988262,0.0096907694935709
warmup_results_0_8_openbsd1_i7_4790___V8-default-javascript.json#richards---5,609.288248199797,0.571656,0.4825989999999985,0.2677819766172425,0.0097559438907972
warmup_results_0_8_openbsd1_i7_4790___V8-default-javascript.json#richards---6,616.1265880222782,0.575887,0.4849709999999992,0.226726510808747,0.0103498065456563
warmup_results_0_8_openbsd1_i7_4790___V8-default-javascript.json#richards---9,611.013550728597,0.571605,0.4597450000000008,0.2792873740908044,0.0093838592393483
warmup_results_0_8_openbsd1_i7_4790___V8-default-javascript.json#spectralnorm---0,437.6854419889209,0.482417,0.0683570000000095,-0.0012071139273202,0.0029284039313558
warmup_results_0_8_openbsd1_i7_4790___V8-default-javascript.json#spectralnorm---1,437.68588391504886,0.482374,0.0690240000000095,-0.0016380041103704,0.0029458212776175
warmup_results_0_8_openbsd1_i7_4790___V8-default-javascript.json#spectralnorm---15,437.68588391504886,0.482374,0.0690240000000095,-0.0016380041103704,0.0029458212776175
warmup_results_0_8_openbsd1_i7_4790___V8-default-javascript.json#spectralnorm---26,437.68588391504886,0.482374,0.0690240000000095,-0.0016380041103704,0.0029458212776175
warmup_results_0_8_openbsd1_i7_4790___V8-default-javascript.json#spectralnorm---10,437.6857482437189,0.482342,0.0687470000000107,-0.000362000685889,0.0028991795769212
warmup_results_0_8_openbsd1_i7_4790___V8-default-javascript.json#spectralnorm---11,437.693797461928,0.48243,0.07039200000001,-0.0020673989521498,0.0038432742638526
warmup_results_0_8_openbsd1_i7_4790___V8-default-javascript.json#spectralnorm---24,437.693797461928,0.48243,0.07039200000001,-0.0020673989521498,0.0038432742638526
warmup_results_0_8_openbsd1_i7_4790___V8-default-javascript.json#spectralnorm---12,437.6878339686989,0.482711,0.0701250000000088,-0.0021132608139967,0.0029556905741046
warmup_results_0_8_openbsd1_i7_4790___V8-default-javascript.json#spectralnorm---13,438.31156960528585,0.48235,0.0710280000000097,0.0595598045716958,0.0029256184380415
warmup_results_0_8_openbsd1_i7_4790___V8-default-javascript.json#spectralnorm---14,437.6854357399459,0.482316,0.0690000000000092,-4.148980658781609e-05,0.0029598448600282
warmup_results_0_8_openbsd1_i7_4790___V8-default-javascript.json#spectralnorm---7,437.6854357399459,0.482316,0.0690000000000092,-4.148980658781609e-05,0.0029598448600282
warmup_results_0_8_openbsd1_i7_4790___V8-default-javascript.json#spectralnorm---16,437.6861775293329,0.482564,0.06897400000001,-0.0002473205414353,0.0029323591947442
warmup_results_0_8_openbsd1_i7_4790___V8-default-javascript.json#spectralnorm---21,437.6861775293329,0.482564,0.06897400000001,-0.0002473205414353,0.0029323591947442
warmup_results_0_8_openbsd1_i7_4790___V8-default-javascript.json#spectralnorm---17,437.70645794613097,0.482473,0.0729260000000098,-0.0058409897864662,0.0029407674461369
warmup_results_0_8_openbsd1_i7_4790___V8-default-javascript.json#spectralnorm---18,437.68565583695886,0.482321,0.0686710000000087,-0.0008985684270382,0.0028644552730942
warmup_results_0_8_openbsd1_i7_4790___V8-default-javascript.json#spectralnorm---6,437.68565583695886,0.482321,0.0686710000000087,-0.0008985684270382,0.0028644552730942
warmup_results_0_8_openbsd1_i7_4790___V8-default-javascript.json#spectralnorm---19,437.6892015659498,0.48252,0.069526000000011,1.920624967827189e-05,0.0029065070764572
warmup_results_0_8_openbsd1_i7_4790___V8-default-javascript.json#spectralnorm---2,437.7967339682149,0.48261,0.0713610000000093,0.0495413730281527,0.0028835828460719
warmup_results_0_8_openbsd1_i7_4790___V8-default-javascript.json#spectralnorm---20,437.68823835532487,0.48259,0.0693210000000069,0.0002048705258719,0.0028855784353677
warmup_results_0_8_openbsd1_i7_4790___V8-default-javascript.json#spectralnorm---27,437.68823835532487,0.48259,0.0693210000000069,0.0002048705258719,0.0028855784353677
warmup_results_0_8_openbsd1_i7_4790___V8-default-javascript.json#spectralnorm---22,437.6847630733709,0.482545,0.067838000000008,-0.0024037424535111,0.0028792196679193
warmup_results_0_8_openbsd1_i7_4790___V8-default-javascript.json#spectralnorm---23,437.6890061588589,0.482567,0.0689480000000091,0.0012637407442799,0.0028324384276533
warmup_results_0_8_openbsd1_i7_4790___V8-default-javascript.json#spectralnorm---25,437.6890061588589,0.482567,0.0689480000000091,0.0012637407442799,0.0028324384276533
warmup_results_0_8_openbsd1_i7_4790___V8-default-javascript.json#spectralnorm---28,437.6849643316989,0.482384,0.068590000000009,-0.0008182074329878,0.0029707052904599
warmup_results_0_8_openbsd1_i7_4790___V8-default-javascript.json#spectralnorm---29,437.8961018145069,0.482651,0.0714910000000097,0.0560723675098995,0.0028654808098929
warmup_results_0_8_openbsd1_i7_4790___V8-default-javascript.json#spectralnorm---3,437.9055556395059,0.482524,0.0723760000000073,0.0563853393132218,0.0029227506243853
warmup_results_0_8_openbsd1_i7_4790___V8-default-javascript.json#spectralnorm---4,437.6858767689999,0.482224,0.0678880000000085,0.0002053731172827,0.0028848106730201
warmup_results_0_8_openbsd1_i7_4790___V8-default-javascript.json#spectralnorm---8,437.6858767689999,0.482224,0.0678880000000085,0.0002053731172827,0.0028848106730201
warmup_results_0_8_openbsd1_i7_4790___V8-default-javascript.json#spectralnorm---5,437.6890658757159,0.482497,0.0689730000000111,3.800529557439203e-05,0.0029108749186391
warmup_results_0_8_openbsd1_i7_4790___V8-default-javascript.json#spectralnorm---9,437.6853178431589,0.482297,0.0686580000000073,-0.0003528479909416,0.0029143946005587
