id,y__abs_energy,"y__agg_autocorrelation__f_agg_""mean""__maxlag_40","y__agg_linear_trend__attr_""rvalue""__chunk_len_10__f_agg_""max""","y__agg_linear_trend__attr_""rvalue""__chunk_len_10__f_agg_""var""","y__agg_linear_trend__attr_""slope""__chunk_len_10__f_agg_""max""",y__ar_coefficient__coeff_10__k_10,y__ar_coefficient__coeff_1__k_10,y__ar_coefficient__coeff_2__k_10,y__ar_coefficient__coeff_3__k_10,y__ar_coefficient__coeff_4__k_10,y__ar_coefficient__coeff_6__k_10,y__ar_coefficient__coeff_7__k_10,y__ar_coefficient__coeff_8__k_10,y__ar_coefficient__coeff_9__k_10,"y__augmented_dickey_fuller__attr_""pvalue""__autolag_""AIC""",y__benford_correlation,"y__change_quantiles__f_agg_""mean""__isabs_False__qh_0.4__ql_0.0","y__change_quantiles__f_agg_""mean""__isabs_False__qh_0.6__ql_0.0","y__change_quantiles__f_agg_""mean""__isabs_False__qh_1.0__ql_0.2",y__count_above_mean,"y__cwt_coefficients__coeff_0__w_10__widths_(2, 5, 10, 20)","y__cwt_coefficients__coeff_0__w_2__widths_(2, 5, 10, 20)","y__cwt_coefficients__coeff_0__w_5__widths_(2, 5, 10, 20)","y__cwt_coefficients__coeff_10__w_2__widths_(2, 5, 10, 20)","y__cwt_coefficients__coeff_6__w_2__widths_(2, 5, 10, 20)",y__energy_ratio_by_chunks__num_segments_10__segment_focus_2,y__energy_ratio_by_chunks__num_segments_10__segment_focus_3,y__energy_ratio_by_chunks__num_segments_10__segment_focus_5,"y__fft_aggregated__aggtype_""kurtosis""","y__fft_coefficient__attr_""angle""__coeff_1","y__fft_coefficient__attr_""angle""__coeff_16","y__fft_coefficient__attr_""angle""__coeff_19","y__fft_coefficient__attr_""angle""__coeff_2","y__fft_coefficient__attr_""angle""__coeff_20","y__fft_coefficient__attr_""angle""__coeff_23","y__fft_coefficient__attr_""angle""__coeff_28","y__fft_coefficient__attr_""angle""__coeff_33","y__fft_coefficient__attr_""angle""__coeff_34","y__fft_coefficient__attr_""angle""__coeff_36","y__fft_coefficient__attr_""angle""__coeff_37","y__fft_coefficient__attr_""angle""__coeff_38","y__fft_coefficient__attr_""angle""__coeff_39","y__fft_coefficient__attr_""angle""__coeff_4","y__fft_coefficient__attr_""angle""__coeff_40","y__fft_coefficient__attr_""angle""__coeff_41","y__fft_coefficient__attr_""angle""__coeff_43","y__fft_coefficient__attr_""angle""__coeff_46","y__fft_coefficient__attr_""angle""__coeff_49","y__fft_coefficient__attr_""angle""__coeff_5","y__fft_coefficient__attr_""angle""__coeff_50","y__fft_coefficient__attr_""angle""__coeff_52","y__fft_coefficient__attr_""angle""__coeff_53","y__fft_coefficient__attr_""angle""__coeff_59","y__fft_coefficient__attr_""angle""__coeff_6","y__fft_coefficient__attr_""angle""__coeff_60","y__fft_coefficient__attr_""angle""__coeff_63","y__fft_coefficient__attr_""angle""__coeff_65","y__fft_coefficient__attr_""angle""__coeff_66","y__fft_coefficient__attr_""angle""__coeff_69","y__fft_coefficient__attr_""angle""__coeff_72","y__fft_coefficient__attr_""angle""__coeff_74","y__fft_coefficient__attr_""angle""__coeff_76","y__fft_coefficient__attr_""angle""__coeff_77","y__fft_coefficient__attr_""angle""__coeff_78","y__fft_coefficient__attr_""angle""__coeff_81","y__fft_coefficient__attr_""angle""__coeff_82","y__fft_coefficient__attr_""angle""__coeff_83","y__fft_coefficient__attr_""angle""__coeff_85","y__fft_coefficient__attr_""angle""__coeff_89","y__fft_coefficient__attr_""angle""__coeff_90","y__fft_coefficient__attr_""angle""__coeff_94","y__fft_coefficient__attr_""angle""__coeff_96","y__fft_coefficient__attr_""angle""__coeff_97","y__fft_coefficient__attr_""angle""__coeff_99","y__fft_coefficient__attr_""imag""__coeff_40","y__fft_coefficient__attr_""imag""__coeff_47","y__fft_coefficient__attr_""imag""__coeff_64","y__fft_coefficient__attr_""imag""__coeff_75","y__fft_coefficient__attr_""imag""__coeff_77","y__fft_coefficient__attr_""real""__coeff_1","y__fft_coefficient__attr_""real""__coeff_38","y__fft_coefficient__attr_""real""__coeff_55","y__fft_coefficient__attr_""real""__coeff_58","y__fft_coefficient__attr_""real""__coeff_60","y__fft_coefficient__attr_""real""__coeff_64","y__fft_coefficient__attr_""real""__coeff_65","y__fft_coefficient__attr_""real""__coeff_66","y__fft_coefficient__attr_""real""__coeff_67","y__fft_coefficient__attr_""real""__coeff_70","y__fft_coefficient__attr_""real""__coeff_73","y__fft_coefficient__attr_""real""__coeff_81","y__fft_coefficient__attr_""real""__coeff_85","y__fft_coefficient__attr_""real""__coeff_92","y__fft_coefficient__attr_""real""__coeff_94","y__fft_coefficient__attr_""real""__coeff_97",y__first_location_of_maximum,y__first_location_of_minimum,y__last_location_of_minimum,y__lempel_ziv_complexity__bins_2,y__lempel_ziv_complexity__bins_3,"y__linear_trend__attr_""pvalue""",y__mean_second_derivative_central,y__number_cwt_peaks__n_5,y__number_peaks__n_1,y__partial_autocorrelation__lag_9,y__percentage_of_reoccurring_datapoints_to_all_datapoints,y__percentage_of_reoccurring_values_to_all_values,y__ratio_beyond_r_sigma__r_0.5,y__ratio_beyond_r_sigma__r_1.5,y__ratio_beyond_r_sigma__r_2,y__ratio_beyond_r_sigma__r_3,y__variation_coefficient
4,10165060.591385871,0.9402825346603834,0.3632839150297876,0.0305928635950896,0.0046934318237448,-0.0185493966493601,0.7688499579799632,-0.0108194244119236,0.1489644898723578,-0.0606088126319478,0.1107352321638887,-0.1755995525990726,0.0757533973436327,0.1211632728184917,0.1293723588517863,0.8248516523328109,0.0014188175946727,0.0007947030262724,0.0021964418248098,8997.0,4.515493671260555,-0.3181243195655812,2.282943826507432,0.5668268315576197,-0.0952281105451203,0.1229317115956209,0.1078375082491781,0.0834875793153209,4.32449966076027,55.249320132514015,104.318534702733,58.87385312858216,110.51738542716323,108.4980124470758,79.26152137219664,159.2180584712707,63.95684217786001,83.13823196471921,-175.46942054505104,73.24664214528977,81.881958820372,96.60540603869872,33.53964187651709,-15.427320707111493,13.68178483166038,141.47469855814438,135.33699453977437,-136.12485794286766,66.81856230007274,-171.1595553606877,16.308492245281943,83.4425577793219,60.08190480962608,-33.47514699227332,83.52956946382008,123.77795961396278,-20.64342331872109,170.60188676370558,52.71055575134152,-129.38447569352732,70.30891278329672,83.18516829518907,47.09900213989881,120.9947878165345,105.7961466667502,62.61778159867479,95.99961181481405,39.40397505443854,21.528606107388484,28.85598796714387,84.19761695875069,71.96752712587639,76.97263539284683,-41.76019179597435,-239.30958352949,201.74488133156515,-187.71509313527685,489.1481618864543,560.6689857569597,1703.359298387881,1422.0556629768828,852.5273860572779,1017.7482514813292,53.12166374965409,1159.1621548360322,1427.653273144101,-80.85879929371586,-266.9660629595676,172.15879635580683,-768.194505400076,-200.94338247159683,621.8688806478884,217.87471077308305,33.1708423913163,68.96865386036714,0.8384973951192761,0.0828077872223745,0.0840690978886756,0.0297778996435426,0.0439265149437894,0.0,-3.6563704870290135e-05,1508.0,4441.0,0.1063358654158412,0.9776802851658898,0.5834186284544524,0.6996983822319714,0.1317247052371812,0.0310392103098437,0.000712914724431,0.2863077496371309
5,13110416.627648702,0.8936372513750068,0.0680127709203839,-0.0026845551879327,0.0010226014439792,-0.0329839661126754,0.903706036889396,-0.1373516349569475,0.2571611772109635,-0.1764394593919057,0.0791439739845261,-0.0800722119345989,0.0169931987491864,0.1059775008668538,0.002595194523655,0.67827466974151,-0.0052270620090999,-0.0037853201850994,-0.0040830062062081,8684.0,0.4532123577345402,0.4082169693843028,0.2045060147490704,-0.5915671133724335,0.8339832467246555,0.0452625094412717,0.0771561065512736,0.1269772016385209,4.596039489699394,100.8613131662884,-157.58487630763855,-118.20543920913792,-5.361197087569375,43.354269792848136,-165.6417520559789,-87.78191369522443,1.528803963635821,-152.44196041586645,143.5027105372406,-110.29726751830276,75.03707675791722,-76.68927931724303,114.8142314602911,70.16256778369637,-113.68506779106288,-137.92609980412416,-18.84217465153389,169.20452497696914,32.15303775180299,-68.31399468417237,-101.38987204575554,69.30195097081962,-18.792575565455355,-70.51395660944141,136.6807686666043,-31.326623865049225,-102.80509675055566,25.032144592369143,-176.54999707956867,-61.32037639190304,-141.06512280080847,109.9853085438006,1.584033822834623,-145.7944773401615,-76.1822988514694,118.37803435275664,-98.07183827974086,-70.11953184276398,156.78474864095182,5.670142049782911,-112.59669725671732,175.1368783108067,106.44237452172436,23.96455332868104,3569.264040713167,-525.9801212171329,925.5366773906444,353.8474433426423,34.83571934185477,-2344.220859495022,2351.0846165798685,2156.274011940905,-2761.323796100912,-2498.039710759119,-368.4934936207141,-615.3409620828503,2885.6725691206666,-3217.769193073602,1061.0827930679434,196.9538726253932,257.9171209594115,689.4554090388071,1618.482277052111,-691.791460582513,-131.1628546780557,0.5401151631477927,0.2955305730737592,0.2955854126679462,0.0113517959967096,0.0176035097340279,1.3216905428041704e-46,-3.656375717380573e-05,1308.0,3809.0,0.0763821013436384,0.7856868659171922,0.131941359395824,0.6479298053194407,0.1085823964902659,0.0404716205100082,0.0082807787222374,0.2805586922123207
9,457679769907.9722,0.9836559047272064,0.0188072631726127,0.0840604800963927,0.0702675226349524,0.0628484165138773,0.5908065596677566,0.1144220609400292,0.0629232221737211,0.0499117641459338,0.0332275803829063,0.0327189944308014,-0.0239734118308529,0.0381745508209339,7.23688875359899e-13,0.1946871576732818,-0.3549861495844875,-0.1532476319350473,-0.2530796228752323,11488.0,14.687311457287905,-171.37294100643663,47.31268389621769,-34.11618296781879,176.5424924005603,0.0830576001267321,0.1039794838652801,0.0934494200860132,4.814812054522404,90.80323096267064,-103.62955322154262,-125.14611144279536,90.97345311636028,-113.9643557663518,-147.17053902255117,-21.790432692715072,-34.456035173388614,-26.483971142972145,-43.66836584480197,-62.289820875165695,-39.423343833538645,-36.20875031881761,110.10612434456952,-55.507089926445616,-49.15310220536134,-50.31322042899042,-43.06697229136153,-15.418676720104674,115.01983501260754,-6.640848837455552,-167.47454423064465,-133.4891542443974,-119.44465383450938,121.11987962178806,-142.45811773424623,-170.4948169661125,-24.93710897398512,-65.87274121167496,-53.18851552057995,-74.95904437055245,-83.99201592552008,-19.971498863056624,-101.20597332613929,-90.27844270266424,-102.95699909140296,-97.36743493992748,-92.2846145119823,-93.7765347304984,17.193192517008942,-73.2898822748373,-60.315548208160784,-87.86082738816016,-106.0169193729826,-120.18836111538222,-252017.2945485534,-323242.09283616906,-300172.5629630184,-111725.58652218342,-174855.98738082338,-15787.253928537308,3296935.4034647644,-221017.98824334203,-155226.8107635281,-250027.1885459739,599374.0963416016,261091.25264413643,119896.53046110678,67923.27633028547,22849.82293879411,-33052.532052541545,-37390.1835431354,-9333.678720191325,-11432.730665864729,52912.07714143241,-34662.249334302964,0.5791061146147518,0.4401425829448862,0.4401974225390732,0.0176035097340279,0.0363038113517959,0.0166451619389143,-0.0026600120660341,1760.0,5261.0,0.07386000031354,0.8961886482040032,0.6555050045495905,0.8227584315876062,0.1529476281875514,0.0,0.0,0.4225736337735941
10,293685764418.0,0.98215451951974,0.0053453332846465,-0.1155507717316708,0.0159699818192674,0.0579007764212753,0.5918067431816717,0.1776870098561574,0.0432925150664008,0.0018998725671063,0.0315958637213444,0.0107630230968609,0.0024588983723407,0.0736897567706929,4.6100803518615056e-10,0.2809125444845586,-0.0884391461047962,0.0749204512583164,-0.0664646325504511,11274.0,203.83552722737667,25.331439903812623,-160.24429203177328,183.90414653217172,165.56987468261303,0.1125465529577236,0.1206206378991546,0.0957866340704249,4.512818058182472,-166.19536537103448,5.164315451064418,54.48157915734391,163.36877309697454,41.504638644318455,51.36022241953631,-124.27261499712424,-92.04625537365516,-124.9552857535858,149.4276531150349,-43.564885801074965,-35.129430231431904,-127.39371469573408,139.78835250255867,88.19558643049126,59.30067698610359,45.23735287084245,159.05625281078764,122.94697586443064,-167.24848715290486,115.03759178742446,-47.71271985323493,-73.6348314208065,-49.75960796154851,164.64492846509884,28.028303814233944,54.84715832857014,-95.6410745795818,-104.70101573054264,-88.67816619286728,-131.40325335906,-12.21592720589453,-18.678327950627672,-93.83513660124912,-86.46213396080594,-162.18473123780944,-6.783951696435706,-27.74789287465012,-94.3242756356079,115.71299951676234,36.57658817031832,-150.12586795249436,-177.3855052219401,63.9374866367782,73.27184159058706,132933.35263894522,232330.7936988317,-389609.1315076213,-82313.78593584725,-33183.093332614495,-1558727.6826429989,2596347.6045892304,128160.06138491732,114756.78621639057,79442.2719732314,-290803.4516164059,-18672.6364173746,-37231.00411766078,-90972.45695689316,14295.97758714146,-9002.546445237793,-49410.71584716789,-6662.738506165657,-23029.075939998147,-27840.957301056,20248.55968254557,0.2147518508363038,0.019413216342199,0.0194680559363861,0.0203454894433781,0.0301617768028516,0.0623045709596292,0.0001371140240223,1682.0,5396.0,0.1090149314270586,0.9362215519605156,0.7583627675046748,0.7908417877707705,0.1523443926514943,0.000219358376748,0.0,0.4179190663042843
12,20420356.47065,0.7657488203781538,0.0266904701402885,-0.0024397560227371,0.0001890785240018,0.1297442280496608,0.4039187299357398,0.2335620295969873,-0.1218573959885271,0.1908415199544406,-0.0555984351248507,-0.0412663155778249,0.0257742285627568,0.0184445160730778,0.0002149194375964,0.1123544831142908,-0.0008960545080019,0.0002801878125956,2.446821591049e-05,9047.0,0.0033530572934095,-0.7835383830196926,-0.9612238130576588,0.8846574663853589,1.0025932282820438,0.1154675143496624,0.090667944209658,0.0922811312260122,4.072507821710698,-28.30603002787104,59.78154219284908,47.00500781278143,133.35312029467013,129.9171533430192,-87.83083351299194,46.28237237389938,-7.640031366151179,-159.12101597449742,62.673771872073736,-64.07496942031788,157.36673013992257,46.32905116081794,39.65365943196973,-49.647365957973406,-153.4627227590518,-112.15366168888887,-36.25527858023169,-104.71343387075817,-175.94771016711596,-169.08373881096966,-6.205791732276382,23.67484167633602,-80.6437906707376,123.11652693912404,138.16473930560244,-43.479691396518135,-3.733426430468536,-104.38983171630096,-94.80969036939484,-28.12185709085633,-17.387606395227806,154.88263407059145,135.3539875405916,72.31812071255284,7.447216854413436,55.37863245313016,-112.84521666980385,-146.44233668340908,52.648926426883015,-40.69111323788376,-3.441593394317469,-162.70013154529636,-35.06768807427648,-113.91901634677644,-201.8838298595639,214.1265573714764,483.9164236915207,-291.1467101784962,169.99421447985145,8631.058082467165,-3804.228934669728,1323.4953704341258,387.7926128711091,-539.694218567738,856.691283567154,564.6982662617025,-207.1250614293524,-451.4363903780097,-81.17289110481158,-192.2228472636924,877.3460807805212,-269.6998840976561,-561.9760004768414,124.91990200327896,579.4875190658263,0.6781685467816855,0.6743530192435302,0.6744083167440832,0.0112806901128069,0.0121654501216545,4.187033269073617e-06,-4.286030306382039e-05,1615.0,6000.0,0.0721861986673754,0.986839194868392,0.8496525584333544,0.6510727715107277,0.1142446361424463,0.0236673302366733,0.0022671975226719,0.0940944319137328
13,21008853.39701301,0.8150692801831912,0.1278601870996408,0.0268908193800648,0.0009590172469985,0.1027865124108206,0.4100263860881165,0.2618212026076956,-0.1502069989545592,0.2224658285179271,0.0086707597519939,-0.0568680021701293,-0.0062050925528573,0.0241455968437213,0.0008426243157312,0.1184811355216046,0.0057319682151589,-0.0007500249675421,-0.0001386368585323,9319.0,-1.233670528511535,0.5169251122635249,0.3187203345444855,0.8633412321183258,-0.5131021372729891,0.0893972947813053,0.0931175813825299,0.1094785962572658,3.996140165076562,32.48607316988649,112.0222196131697,5.437691544863458,-0.7903940817781185,-31.807639660009844,14.7718961020314,-114.91190829008256,-129.72573165708928,76.75816332673644,-92.51256071294875,49.85885447331543,-102.00586050614564,-37.26605701903,142.1985907293818,7.8500995126073505,-151.1217923792345,56.54207978049984,147.4757145072079,-127.63534270933654,55.18122925135755,54.92458779651812,-71.009208781954,-37.03909829140782,170.96779193348226,-150.82240669962073,-15.497401446616497,-76.23212797407099,116.2274165270437,90.5774788222162,66.13204144952391,72.3590419921582,2.5290880737898407,165.87989491386514,80.02967074682348,-151.85690698758907,-166.42231863271178,17.257867085657185,-46.74131541144287,11.731277596954524,46.72815179369088,-39.46034954094108,68.80982567353236,147.87794539773353,168.9980712688862,82.94433691707607,241.3885270912252,1165.7980990249014,1703.417859109963,-57.32971916273005,1269.8325109467958,5287.699339694758,-31.98029737986799,-147.97227476044077,134.70401967420912,646.7608102225297,-352.16674236705364,-69.03099002425947,-1.5575698926102888,-708.3034440980025,-258.81964339581106,-63.79683145041676,-753.5971065514997,373.6485190816588,-205.1522421355645,227.1885529472584,-479.8307901157925,0.4003946935643022,0.6584256112268392,0.6584804297774367,0.011347439973687,0.0178708474947922,5.322160691817279e-71,3.344298245614032e-05,1650.0,6128.0,0.0674412221497835,0.9683696963052296,0.7146389713155292,0.672678434382195,0.1117750246683477,0.0205021379234733,0.0022475605744984,0.1049553480777185
14,21845511.09266112,0.7039013674848437,0.119639459959978,-0.0068278604801854,0.0008056083928944,0.1009442943472207,0.4083246243643841,0.1881841135669512,-0.0607396153856845,0.199568193538222,0.0002329889611176,-0.0391261544194706,-0.0103223783731813,0.0232188701437638,1.0638031528420495e-06,0.0814642319381146,0.0021388979458754,-0.0022748621605064,-0.0017686556329848,8934.0,15.931864175463035,-10.358870284326349,-16.174818489284313,12.060597418560356,20.41032882896127,0.0958742233572008,0.095606120064714,0.0947850670369812,4.10444241999264,59.38703609413787,113.49106475533772,16.32226165933453,-138.35900969762594,18.74514688245537,-123.30724551473251,-62.07279220271133,-137.2182370208464,121.13223825033316,96.1290111456876,107.35395772651982,107.3722609909766,-41.85941973998182,-12.721878043449957,-103.00376390348436,140.76836861871527,113.32461627533078,39.23080253980494,-100.17362510896398,9.521548438450427,157.67459918081997,155.1419370903461,111.70401563449458,121.4432099057572,-154.23302265310917,-138.8083020186559,-78.69221767761512,-155.9284419740317,-113.3158795406102,125.13306411081376,32.55096948354043,-142.72801803095658,-83.08049989560385,87.83721781741927,89.4927638427552,-22.643621864779128,11.133282841521346,53.19798051537335,140.77945954840402,99.5237517487622,157.6087520326433,75.6420293347414,97.33321523281047,83.75299092421363,76.18542726803958,-1996.569743005444,-166.81222446901918,2773.332644029283,-143.37570929765536,920.4586651174671,5968.691501176644,-810.5413001530738,1125.407934633543,-433.60088496306776,-576.3084410769168,214.1188946334271,-616.5404032657713,-53.28694003055526,0.1956118599268563,-1172.184076326609,654.243956965579,314.50903413119414,-291.95630052943386,148.6940055217329,126.39955155900655,57.88095477100215,0.7936343852013058,0.1504352557127312,0.1504896626768226,0.0109902067464635,0.0114798694232861,1.4889105487656772e-90,-3.291979540755243e-05,1569.0,5946.0,0.0671537949744065,0.9770402611534276,0.7584430452203778,0.6192056583242656,0.1101741022850924,0.0281828073993471,0.0030467899891186,0.088642638969195
15,25945523.62339306,0.8100810450173773,-0.0034223739347757,-0.017956460730142,-3.522122890202525e-05,0.0667867223312874,0.3668478980006589,0.1832793007019432,-0.0364916664539429,0.2024932076570903,0.1096724063142366,0.0055709523162643,-0.047904086290573,0.0162921106747217,0.0001191206403716,0.0473626316190812,-0.0018512136649685,-0.0029703755077776,-0.0016621188185169,9396.0,-0.5458541149870381,1.017720383162452,1.907097114888648,-0.37107187523279,-1.2304553661131168,0.1095192890253719,0.0967336748500655,0.1026538309521189,4.152889725659921,175.6715801461203,-10.788022274371926,19.047513386017755,167.23393399339471,-74.5282849446812,-82.43588392735579,-3.7594151583767625,-124.47782562798592,-49.84904608079234,-86.60263697734854,86.34672540751453,18.508018268745047,-103.26841565784154,-46.135861523859965,153.57645008218418,-151.60126365759268,176.3854067451015,170.41691757908478,140.53552525709168,-54.72131777385553,82.10036509317568,-115.84589429507676,33.275948445028945,61.64260980662501,2.983273583458289,-43.88570491281574,-48.7386168004446,-74.04970775352714,0.7006836681584293,30.00949587359377,-59.10133888899964,-59.05134305580059,-12.50668004776228,-5.783029829209626,-66.11685142438915,-105.24183239086229,-101.5517119592455,-142.83223195091838,-62.2572115960434,158.49570924393657,109.59991066185874,-78.4247060525406,110.23345819208552,-21.231831504111536,103.47481307303354,883.1480364027612,1174.9001846203878,115.27559014107575,-932.8046038156136,-27.21456472676969,-3803.506542119937,3315.8145223090382,959.7515242349068,951.4420232570112,1055.6271285653615,-352.49272145056,198.36103033575148,1514.1391717474949,-430.8127059381168,-326.74312967420497,-370.6789033015582,-151.65406177576014,222.53375795820247,-711.8515377652332,100.04814136872938,550.0989414795131,0.3219084178777077,0.9124211680833562,0.9124760076775432,0.0109130792432136,0.0139292569234987,0.6890184329700006,-7.705808150057574e-05,1556.0,6102.0,0.0412858675615355,0.9758705785577186,0.802158273381295,0.6658623526185906,0.1127502056484782,0.0255552508911434,0.00164518782561,0.1187718128407509
16,22886457.6053,0.720048812252631,-0.049764371451792,0.0010874880156539,-0.0003826294808663,0.083687681555803,0.3804769372386307,0.2799449109177749,-0.1158119285075208,0.1736821541271387,0.0951182514453096,-0.0664199714034882,-0.0545946215725575,-0.0120088823065779,7.049770352961244e-06,0.0866033016427116,0.0069699342311305,-0.0019573361082205,0.0018913816888114,9676.0,1.161661386769414,-0.6254785876830482,0.4465662386713933,0.886461386032074,0.5892572724599624,0.1117754897729385,0.0983839881440876,0.1039875225840484,4.1484322994074345,-132.39474640343013,11.320768955663258,49.323081382126965,-111.36852616993968,-11.086933085698009,166.5507173087787,-111.66185004631052,-120.37566701412106,14.49420969445588,175.81648051286612,-178.13386365823055,-5.588169531567215,142.6187050872248,63.20308412458803,148.09543172467315,-130.67622819010705,88.34228870764075,-126.30051993247346,178.63081210650458,173.82810777829766,-126.6448527407985,99.49985594765158,46.35944819546496,-152.02540954140045,169.8452986542156,155.98318545079886,168.96687325049007,28.4224209551844,124.18256925234424,26.7601370080779,18.14723939917266,81.25787029160662,47.18306028981684,-80.38821900189821,77.32842447993515,24.35233928784333,75.96995182355619,85.89891083404505,-30.41292425283214,-135.5083632737772,23.515488446831657,-111.4377546525545,71.96057916866177,-106.64127744478893,36.37617318705265,1132.3267729999134,541.8426948041538,-332.85178003010526,236.2711218265972,-394.87266340132646,-3266.687569102979,2446.8020530326803,230.93866656174927,-916.383543637619,-575.6897847308103,1588.5626672608032,1235.264533368582,-316.35427860420464,288.7949973141321,-696.530980658932,52.23567514666131,638.8796423232641,644.5287262790649,-776.5578727404613,-185.30082412656105,-184.25953616894697,0.3415958321908418,0.3305182341650672,0.3305730737592541,0.0109130792432136,0.0123937482862626,1.4574159366583614e-11,4.469917183129478e-05,1598.0,6327.0,0.0199868071758707,0.983383602961338,0.8368336025848142,0.6262681656155744,0.1187277214148615,0.037565122018097,0.0025226213326021,0.1027972690283646
17,19727189.53177,0.7496207773482935,-0.1210781537849629,-0.0128663328884964,-0.0012289270896076,0.0664123612824112,0.3098403795415207,0.2238047233723237,-0.001715801302757,0.1416536822902963,0.106984722767246,-0.0146745833036031,-0.0161432140383708,0.0377592719146391,7.655293885813477e-05,0.1678686998169004,0.0014308126764982,0.0015086903799515,-0.0096042428675932,8524.0,0.3072044709890737,-0.1888995960713182,0.1598461087032823,1.9707667703160936,-0.772665067384284,0.09406161631953,0.0847434589045337,0.0922450975873615,4.604065563742514,-4.907174432951611,65.21152064919349,-72.06433583191038,-16.079385603141148,-24.18297494553353,20.1577214236759,-143.15619174029186,-56.69372003310204,10.354949109958238,-141.55982283400297,-162.37148367634106,82.84627417689505,1.5431367278593622,-37.37784538527952,-15.12505825498417,-112.53629092860751,-124.74590409499326,-2.567920236584161,8.825723815506247,-106.28240175215252,-61.801882905783344,155.0221996774631,-176.00383355487585,179.96933213873209,-106.09744384403184,-8.004711177378109,17.67586396241691,-84.36052221374106,-128.47726294503036,-5.010527673981502,-90.97451312520197,-110.3746265981674,51.453023201719006,-143.61091436737448,123.12913333909482,-162.66236692596854,-90.78924331261612,-133.3421872830933,-35.31828161833617,-3.076009656187976,79.77775039591924,3.245330357175101,-165.14040142116164,125.6422780713549,176.90771504979782,-421.33288031573727,174.2259899591663,-963.1568696989526,-177.40981530521134,-310.6829819421482,24105.338818744887,407.1486418264239,-984.868308681238,-195.21011214640163,150.6546858035922,-878.2366186640191,79.96919595663803,-1055.3201805551896,-661.98973086208,105.57552828858331,-385.6420869917675,-950.615020578404,481.12133741145215,167.17128382641602,918.8226047759284,-224.73390592687483,0.3689059500959692,0.6207293666026872,0.6207842061968741,0.0105292020839045,0.0107485604606525,4.178640504722973e-102,1.48083145944165e-05,1577.0,6161.0,0.0577571554112484,0.9840965176857692,0.8515864892528148,0.5914998629010145,0.1127502056484782,0.0360296133808609,0.0034548944337811,0.1224505976250585
19,294887485163.0,0.9829327894497272,8.750049133133452e-05,-0.1063628324202811,0.0002610024674698,0.0585869325838888,0.5869556756105038,0.1741222977124026,0.0647976305747138,-0.0140334370770785,0.041115654162201,0.0049257845341922,0.0201690604807931,0.0602919857753049,6.88293952716731e-10,0.2829919403645139,0.0149480968858131,0.1539426696264839,0.0552801872504474,11263.0,666.8821932779382,66.81287796355531,227.3431135827784,82.24606992471479,38.367174878240085,0.1120606780912866,0.1222411105139802,0.1044446569917184,4.485385459288865,-137.62646973819096,57.62279945288981,62.21912498570643,-176.96940618813218,78.44180788610531,90.45794889163398,-85.58952409958526,-61.797779166245896,-79.14680920835839,119.963172158635,-7.928335052905489,32.40818189646941,-46.223694517938725,-169.23032427400187,-136.1655023635786,-146.39717857859677,-132.10773172264504,-170.9645246517298,-156.93383973593384,163.05574837577487,-153.91048158700795,35.763216556205904,29.954872985107645,105.76457362111636,-144.20279790312492,108.28539396269564,168.36195116552068,2.27114322680486,15.71700483104232,28.508641389947915,108.37982364685374,94.69659757117384,117.92215930748738,-21.16024058145502,69.73700711723122,57.91154359905904,34.63543672233921,45.00119309865956,20.486564167808663,-84.59672303832598,-98.85286883149442,-17.910480156005114,-75.92077399994467,65.45368541939449,-75.24658546283788,-122264.2626698005,-12617.880535948823,-119452.54124149322,44880.982553712056,-26010.131005188214,-844908.6386774614,2664036.401320081,161650.33304270037,41894.1243026497,-37137.4290845285,538355.1855115618,199978.7635749557,176052.23112832726,187572.5869556357,47893.85351187732,62364.579603520935,63670.26546445742,37371.2763869966,96958.18637469035,9809.704695188197,7415.741259763107,0.1307924321360022,0.0161776802851658,0.0162325198793529,0.0208390457910611,0.0283520701946805,0.3086787720360652,0.0020292875555311,1721.0,5424.0,0.10069690100508,0.9358376748012064,0.7566049511129602,0.7973128598848368,0.1519605154921853,0.000274197970935,0.0,0.4167494501094866
21,934033962193.25,0.934957474072877,-0.0216787683528801,0.0004385203004736,-0.0974282697535021,0.0535360670548618,0.9589357282188916,-0.0149117778196756,-0.0406641123960266,-0.1116631914326923,0.0346669286966498,-0.0531377803862956,0.0050686051225726,0.0503823126136908,2.047524936142865e-05,-0.5712737275347128,0.2648248918654946,-0.7020333429700298,0.2466473109359878,10925.0,-57.55987318669788,354.9611732953395,-124.43328898650525,811.2996298367409,-209.0725169935276,0.1095940900322112,0.1051885155937427,0.0939423564208103,4.293421541438753,-162.55543047155695,-39.69166057881911,-54.62566489412645,-110.20004368364135,-44.51276534254277,-56.012973027836885,122.07716552854546,129.85687103349062,159.84968013920374,163.7405148063216,139.65991302828834,-170.82818128809612,85.39158552388011,151.35328840692165,110.1515203752964,-70.15045533377632,122.47422909412232,138.53791003298463,-98.7209967948573,161.83662188483,-104.05247007134892,82.61048876413788,81.1530216875245,115.34578696056307,164.7860386706273,77.33723199796974,118.62712344342272,32.99233208609645,-10.87022329821452,51.40201941940192,32.178007397772674,-124.7107626540408,-12.479868521297837,-168.50530563219905,90.7302823464032,74.48784719923806,-51.062644336955856,164.06284854710185,27.745593053218407,84.44203580934735,109.8046456528818,48.45090299815436,177.03185890182968,62.14131222089616,-98.78550651290664,395083.1775459215,-186117.12514172145,10033.640818697866,245384.90420884665,-30904.6386765567,-1120456.617583549,-2669305.1248730337,-180828.58762409005,-221571.8892757804,24217.78811140702,216090.3855791288,198280.71160688723,261805.32978926285,116066.81590856756,167916.3520312226,28660.345498550523,22165.60469090856,42708.32436124579,46163.35258117288,138169.25042452573,31373.20642610852,0.3188922401974225,0.8455717027693995,0.8456265423635865,0.019303537153825,0.0486427200438716,0.0024845413586811,0.0369933636812373,1119.0,5270.0,0.1026171558079614,0.8842336166712367,0.6814546551984306,0.7033726350425007,0.1327118179325473,0.0044420071291472,5.483959418700301e-05,0.3197280364219899
22,755460989669.5618,0.9436017333554932,-0.0972446226566623,-0.2449773252833975,-0.3800000146477069,0.1091642977848405,0.8755982072131561,0.0239519432243347,0.0500193331807084,-0.143272075481023,0.03582927206987,0.0321272605153478,-0.0539214092039796,0.0075316357293525,0.0001201387304565,-0.4436936263883581,0.62600028078057,-0.3923910976675969,0.2586995702204353,11209.0,-31.4025454637124,-296.10793810422814,-436.7259732570244,54.11759666068392,221.16109790682452,0.1167524205953102,0.1025456685895654,0.0983948056060338,4.152757592479559,-101.77079293483727,100.40646650311612,116.19219494053571,-176.57861214323643,124.89382726785034,-174.05578717911524,31.845977047453328,41.23376332268584,44.610817617850536,-53.21318748459864,71.92187047020185,152.38310742117503,37.844961821433095,-80.60585486784305,-31.160222893635844,35.36288896736958,77.87722340514586,15.490004206430568,-0.6800001211659564,-81.9912615669674,16.77705993551617,161.96713289228268,170.39245122576472,95.5357599862334,-86.21206315713742,97.74229585301326,46.892620162635225,164.19738023472166,73.00712280982702,89.34410097140189,74.99983726612328,39.51986290047937,-20.81766308720864,-154.64945783747126,23.12189505631008,91.114504130716,108.50137475214623,126.98626795641518,98.94622216709296,161.4477048922936,71.33170096580612,-170.49313705218222,169.80606429019736,111.27754308774206,88.12899373194325,-291542.4798856564,191342.54237808936,22104.42299392224,102924.00965477788,-48299.46238119948,-417850.8129217413,-1846590.1829930071,-181694.46237711268,-18009.21997447686,-46749.68817676936,-244635.15120453743,-299498.06027637614,67411.6161017321,69482.7284262235,126885.4721528746,21185.72472364838,-300.6066284462877,-27173.79748171909,-92339.0571299486,-96222.95690693049,-50656.02973839576,0.3030435974773787,0.5627090759528379,0.562763915547025,0.0326295585412667,0.0405264601041952,2.4073381366016816e-20,-0.0090769483902813,1287.0,5192.0,0.105086149988674,0.873485056210584,0.6474633251833741,0.7396216068001097,0.1492733753770222,0.0045516863175212,0.0,0.3182993490708581
23,741799122536.0833,0.9782964994374522,0.2622584568674861,0.0090783493637219,1.0556407714491711,0.125871753744875,0.586976017939244,0.05708991596516,0.077315931774951,0.0978892472308569,-0.047037970077559,0.0743890610226032,-0.0079601256124674,-0.0714878240933763,0.0003283499956066,-0.1934991520445526,0.2299843014128728,-0.5416261427737794,-0.1816607798323983,11075.0,-861.0257944264677,-2.313990829587897,-248.4369745948445,-91.86294946030158,99.5604371240969,0.0694224322798319,0.0773188592154341,0.0880039773071629,4.39018431187169,17.8739061577049,-157.17685000781287,120.0878462502273,34.14537673070331,120.80489110831786,55.57292641455832,-127.88861048100956,-121.96750922615766,-72.43674245184157,85.61870986508558,-145.0394892893746,146.94023825642486,-152.13291193670082,82.25582683509533,-170.43851372158596,-167.52384686378096,-164.69241657648624,111.38897101385813,140.53856078064385,80.91059057931427,120.33431313666726,-84.91126300834071,-99.6929787254432,-105.1795192775647,50.366195492954446,-95.29539441713668,-123.19963548948272,-105.0366529803344,-44.994194099118445,-119.14273409380758,-94.30230008181512,-128.84799027044824,-34.01832858129193,-57.64424020007877,-70.64855865179874,-115.59952929559113,-40.73591715231677,-5.825018162100054,155.72106976455424,-46.35002494223873,-39.01383496599839,-14.2244246239932,-112.1052889736823,-101.75498002131393,-42.28258087793985,-48547.698777379526,521631.57846297126,-190784.8729460437,29112.04802314518,-186626.17647424687,8563526.039411873,-2294431.3615116123,35056.009536277095,-30501.94207891101,-35206.826061509,104291.30443644537,-90077.79327016676,171257.13980022725,91247.75431608674,-23522.85289660965,-14416.919485799192,-48123.72216836364,-153286.13475711836,-130571.7200515661,69196.50301791665,-49268.48662734876,0.9060049355634768,0.3362763915547025,0.3363312311488895,0.0326295585412667,0.0269262407458184,6.4432267417144004e-279,-0.0106811824713431,1574.0,5373.0,0.00382823164856,0.855058952563751,0.6044597425920383,0.5338086098162873,0.1763641349054017,0.0431039210309843,0.000109679188374,0.3462662015337115
25,868772752643.0,0.95175217722947,0.0158631706849902,-0.0034458101333381,0.0638564538831505,0.0674652667395419,0.8398863670247978,0.0934992568659047,0.0261750448836047,-0.029447467207588,-0.0326334113160481,-0.0821731622681515,0.0076390738109408,0.0132665971210619,0.0001372076548894,-0.5672065900291635,-0.299584487534626,-2.3710298363811355,-0.0375407674692942,10988.0,497.6042952238787,-126.11980656999872,-43.20220834545734,203.7953555101112,243.92295889097343,0.1126738838047152,0.1010641626822289,0.1029189237461525,4.2414332674699775,176.07504022132895,22.665860462777708,64.16849194006687,-127.74445952762233,44.67218778696849,51.71295929234523,-120.39973699287556,129.80331675516942,160.38734032452638,-17.31011894925396,67.23097078631947,-47.32509731159695,147.9514972534382,144.59011818105108,148.38002928522715,100.03622171718892,148.6351869900113,125.48739587818362,105.85146087139154,-165.24416315541825,119.84928852174008,-48.66579599068134,-67.14303181942489,-97.13419657020576,154.8508389469971,-26.585637492608445,117.67031845491668,167.22124933991466,-29.277743272092152,-30.872369640656235,-77.91789193396389,-58.37858638735991,-7.360218574606076,23.53976235037507,-114.1065401223387,-102.11258927886615,-24.86812770651617,33.38190569774806,69.87006367014465,127.71303262629873,115.74255396016385,-117.66529265838108,159.571398082529,-90.79587103119754,155.6241463765576,234320.42238272872,171054.3145591021,-64087.35754469774,-80298.89641215702,46332.32981827057,-1293136.280210428,1376273.8923863326,187658.600543061,79076.6382886727,195115.86645471616,44500.03007243797,-160635.57161495107,47622.37393660153,-79058.27020188967,-11262.991176653206,23452.35109961541,-5064.105550709559,38900.99676378755,27480.7610744137,-28498.40786871241,-650.0285120163303,0.6744173293117631,0.018700301617768,0.0187551412119549,0.019084178777077,0.0484782012613106,0.0110866591174654,-0.0031536225525146,1262.0,5418.0,0.0706255658140386,0.90924047162051,0.7167066073262581,0.7792706333973128,0.1248697559638058,0.00054839594187,0.0,0.2981625890862671
26,745434496274.1469,0.95312444302217,0.1208078476401762,0.0605593882643962,0.4860104152430159,0.0672398195074609,0.824568855370947,0.0627409093114489,0.051160310748471,-0.0195837398239386,-0.03063026054358,-0.070581300172613,-0.0429928718447135,0.0496649595351435,8.849769542662133e-05,-0.5190026011480162,-0.4887144259077527,-2.384529312495414,0.1682213930348258,11087.0,-786.3695340007375,58.76537172897767,-300.52226583470485,-368.38359096225287,360.288153606321,0.0949777084624779,0.0784333855680563,0.1281668086901407,4.297985122108803,106.82582883877092,133.024202635299,101.61847786899668,8.791885237844129,-174.14172235033467,-80.7587465251644,114.72049272602614,120.92115852219672,125.28160542256178,-178.07230711152098,115.71996920174776,14.70750317377311,99.07483368769526,-8.40680172189479,134.80221613009672,96.00106254549064,101.10637619002388,139.51128809432453,177.65023506528024,25.24923376022984,-123.72227790135896,88.65283597742328,74.83564058998914,94.81844611238591,-29.17641505160763,100.47872805612796,-1.4809881460370191,69.69355507110886,116.6914717299416,108.10697801567592,112.6169135979614,89.87126831616051,10.492948539297704,101.84515746740637,73.88205211899819,114.06194453425806,91.22065697149594,77.53182625128184,95.3984469351076,-105.98761261314974,-66.28674946003048,129.87179250996917,96.39489322918944,147.0997545922814,125.9757640320451,327115.1244405601,213234.7771494949,528650.8035115385,347686.15897139825,251199.06776676932,-762211.6689414768,2613049.286710307,-23784.177311826585,118309.4815518489,-71845.98614323381,-119020.60521466796,129975.77426778966,-187940.01169988257,22847.1137662828,-22637.429213962256,41411.97372467947,-95463.23610059916,-28920.61376819024,-61005.1387640532,-132496.88645077124,-139370.241013657,0.9183986838497395,0.6268714011516314,0.6269262407458185,0.0248423361667123,0.0461749383054565,2.255008210424633e-59,0.0153841934953107,1360.0,5236.0,0.105168586743322,0.8982177131889224,0.7059103153224529,0.7015629284343295,0.1524540718398684,0.000712914724431,0.0,0.3299426269250273
27,179621.90184781302,0.8766090625744685,-0.1839025870513103,0.0209828212103882,-0.0004202232591169,0.0154563235370085,0.9035071260677936,0.0805712535020056,-0.0092085108068928,-0.0940915488576878,0.0504742473897886,0.0489725609694855,0.0336221397866007,0.0119120770306043,0.0083873926478711,0.5661597481310785,0.0001959069395006,0.0001833523991199,0.0004664914836708,8845.0,-0.2683287562167001,-0.1277713581687973,-0.1297674775513117,0.1370401518103479,-0.0896151985456955,0.1066010117352785,0.0759610906416809,0.1568593754130371,4.869688136419705,-115.18173855977544,155.1410580722629,128.77753704608878,-72.99706104944636,127.31634835003648,148.60538142774317,165.7952738024278,12.256797979074284,-142.90139925991934,-103.95760256220304,55.89652505462771,171.47483000270063,47.23416229328247,-78.95596081851718,21.534705751531103,21.56403270064216,-153.37443491943097,148.05473562891447,26.438806350494666,-71.14311177252344,79.43646891223308,-122.66056334760168,155.2356803792819,-161.52079917456544,-54.31271933008472,-90.07994369505415,108.49439135827818,-95.74146700368172,-67.68333018784212,136.9740870520974,-96.56449369653336,-167.6711427489875,-97.14581357401836,125.17918745506732,10.16911465648744,-169.1123420696682,73.3211510847769,-172.01231613634252,-129.20513186973162,-13.980913706565762,-177.15688240823138,43.05897461647906,108.0937601172681,-144.43063778346658,-42.28521165752133,117.61049176469028,-5.05782047782963,-50.97737624238916,209.15724408164613,218.48446818787207,-605.0738643609675,-1605.940528380058,-194.582114763006,-79.1559659397956,-0.076984687540893,95.42659762283468,-20.374331019324305,35.48000074641148,254.1637921494913,-109.0083361926323,-20.748606544334294,-15.694025042455984,-77.26538258668587,-10.509259383010647,35.95204069141262,-122.5462291557171,0.3723608445297505,0.3855771867288182,0.945708801754867,0.0120647107211406,0.0200164518782561,1.4542196239116265e-184,6.855707739263989e-06,1340.0,3513.0,0.03250952790219,0.9879901288730464,0.3520710059171598,0.6701946805593638,0.1202083904579106,0.0312037290924047,0.0041678091582122,0.36948079304912
28,148207.40656201565,0.8884716758331479,0.1160084711805515,-0.0812424939798066,0.0002249777498385,0.0549195400614841,0.9151278516900528,0.078960235957017,-0.027947501017631,-0.0133535797284384,-0.0344619719602757,0.1010896371304481,0.0450108785065012,-0.0174849287525585,0.0338832398748384,0.6744468360120945,0.0003566349239854,-0.0003023633067625,0.0001353637982544,8847.0,-0.0804493634234963,-0.0006749482635739,-0.0914160854248315,0.1795542120636533,0.045739377914717,0.0967861366830182,0.1090341137272908,0.0791263417036904,4.945565641726675,110.89740813659056,-11.362048116431064,-76.99007382928865,141.05293035983573,-125.3312682164488,-142.00770494891694,117.2660258423143,110.61296805506952,41.40457867113699,15.564189799702794,-135.67820271892816,161.65140020147686,-157.50436272321917,48.72285640099003,-103.17832786825372,13.016051028287515,-94.72299228666738,-110.48008368880132,177.56871508555412,152.57921343389836,-177.76188587577434,-60.763004421212976,-24.39272479661997,-76.47369637735056,-45.08235915693963,-84.71843195089559,-36.11888996858557,88.70759225018529,-107.4220128606942,118.45715779015616,-12.939596306188806,-121.9059486689168,-50.105641036601575,92.62433177976187,73.27101482034318,-4.966753102649962,-84.05163606801302,-73.98878159380274,-113.75703863447777,89.34213497479142,-78.66567375682718,-105.40804968859835,141.14380147220623,-141.2958396971072,114.40056705827746,-312.3604833445589,-228.653236257696,40.46239222495924,28.130006207470306,48.89690875337522,-590.8296877438406,-1376.7699489340494,-24.487763415950223,-31.45935695531663,22.896956025938664,-169.56743664967738,5.303507190304202,-30.44042900602192,97.0779330437678,-0.8307275013644926,-188.39314538377457,84.42984922561621,-49.00591730734324,-131.76068113758146,-20.246344165983945,-52.57772553574927,0.5023855223471346,0.7436248971757609,0.7436797367699479,0.0176583493282149,0.0278036742528105,1.0341999490244465e-102,0.0,1189.0,2893.0,0.0331153083624301,0.8812174389909515,0.0373333333333333,0.6815464765560735,0.1112695366054291,0.0309295311214697,0.0032355360570331,0.3511739520417755
29,88189.52804799443,0.8517875260289248,-0.5519799547321841,-0.0412927727327434,-0.0018733615345536,0.0111488608926437,1.0985310324535338,-0.1977105875751626,0.0668473439396299,-0.0079757928677985,-8.400256130927652e-05,0.0719353574492448,0.0695520258984746,0.0108352348786559,0.0189478201390523,0.6845707118383604,0.0003149369780254,-0.0003604739745852,-0.0001508171547658,9956.0,0.7196845793021505,0.0943474064013018,0.2873115444475452,0.2066846912210969,-0.0957203694094792,0.1190270288586573,0.1850757151173571,0.1564951301268792,5.645156130914371,-122.38317906533256,-40.39145231271621,-65.03894006927507,-46.15764802017616,-148.07916380536773,151.1474778280865,-61.30578989306625,-40.8106912467286,-90.43144592626696,127.94116530932476,-81.81332442651149,167.87817923428068,0.9043335136998976,-120.91649601039016,-178.22926553086808,123.8236638946766,-99.86215937638693,-142.9400778539703,-103.09599326395454,-33.50980477169136,-136.80064423915476,-74.84330061299215,129.52345080506373,150.81087800326816,-157.64660157255165,-49.55832792861413,143.03818950692542,147.3863996363179,-20.94869136184812,-47.29298099883162,-0.6002128299201024,-158.0580123327166,-78.0235864645886,-93.67634935607514,-19.76556771387487,13.48658243650167,-115.33101710423404,-75.04986204938481,-117.90260335110558,31.587446117125875,51.96329201908004,-62.18768663277488,47.95769288414263,-58.13314213160769,-141.27854158822245,-10.88260384624394,-67.51826058013488,-114.44755839911164,47.89461919298092,-127.10451137155184,-6734.929266491725,-768.1517871478236,293.8891489488792,-169.88219240828892,232.6297433500488,274.62899670112387,-278.64589937993406,409.28341412164855,128.9604394385886,46.77044247184399,98.0252713821304,228.2648105717325,-178.2163681276681,-228.9086406152716,171.71957124216453,197.5365038053024,0.3323827803674253,0.6437071565670414,1.0,0.0109130792432136,0.0114066355908966,0.0,6.8557012011188505e-06,805.0,1390.0,0.0227446637071134,0.998025774609268,0.6635514018691588,0.6610364683301344,0.0657526734302166,0.0097066081710995,0.0023581025500411,0.9109786691808914
30,167833.0381613507,0.8058748820067791,-0.11247702255858,0.0014297773116406,-0.000290101013612,0.0533305326363494,1.1012939745161654,-0.1812322922395203,0.0717377873044929,-0.1058389028973187,0.0943947512552284,0.1122934707660472,-0.0398137103381974,-0.0313066319706284,1.2351014333856517e-07,0.6578484518520421,0.0002628637523185,4.129375547586098e-05,-4.276806908698088e-05,8693.0,-0.0165461970363496,0.0462087046753155,0.0376049102731749,-0.0044726735040436,0.1907900889405238,0.135163438245269,0.077578610676571,0.0999135483084714,5.457506600280063,-162.38831874873125,-47.84748180573309,18.746555725930293,-95.76197779751976,-22.27032241080584,124.84142795551938,53.10631407598962,152.7988070766896,26.28623965175531,19.78711890129997,-142.52195836561668,32.15787649207321,-63.3700014196834,12.609176023996604,-31.95176188950869,-122.45212125890504,-164.04149998867462,0.3911149592043683,-87.2993276405105,-111.58479853615972,35.504867471578685,-173.634662171128,-133.1132413892692,-45.29852924814156,-62.05124894571841,-37.505646420413406,-91.19653177810346,-74.89664705121615,-157.83590957667036,-42.6351316668919,153.91493856549877,119.97476605620628,63.77917448390228,-109.81568231127368,86.75884744137932,-89.98308338885113,-158.8413767517024,-103.20753910766403,-57.87982869717748,19.996032052386443,53.98876719235753,-161.78558054838874,-103.50190119708836,-102.99446595263804,-15.286485375079195,-419.4355696132594,-268.2992239750379,629.54969567279,-477.7528899150444,-431.6082418496485,-1203.813794912688,1368.033352127888,127.37851798117735,159.75973236938975,171.87578279819564,193.4372735135384,170.61926766294744,-336.7861557923709,-63.476687288709584,195.8411890574061,90.28466336813445,0.12438769351931,412.0455962252544,-295.7813024172208,-181.5056403559927,-61.54402736310769,0.4935563476830271,0.2697011242116808,0.9846449136276392,0.0144776528653687,0.019358376748012,2.3195627065943187e-61,-4.570469646794268e-06,1304.0,3412.0,0.0272475301807258,0.9958870304359748,0.6445497630331753,0.6587880449684672,0.0673978612558267,0.0253907321085823,0.018261584864272,0.4172214760507255
31,158003.1199872033,0.8074186896143518,0.1206151680051475,-0.0136354782693274,0.0002858823040862,0.0356764317377561,1.0602470359053222,-0.1080291104134344,0.000520525479924,-0.064538273896454,0.0236557432444207,0.0928054532873253,-0.0129887121688572,0.0003486797079304,0.0021517914057234,0.6067442104628126,0.0001921273511419,0.0003330280576138,0.00032453728132,8630.0,0.1417330070131788,-0.0978053794975254,-0.0041245199776138,-0.0201792369000648,0.0669533535546662,0.104074804687975,0.0954534782795518,0.090475669858744,5.364576459297679,116.43012201487434,79.32719210002375,165.14430330565824,123.96386605597984,131.1414711170161,143.30731108816042,159.24567829478983,143.7792110776665,154.7295677813546,178.4139907717833,142.39304645295897,11.494505188699502,116.15137929629824,-165.48091349651784,37.93713156513266,-160.9272570060161,124.03776905772791,40.2758786769209,129.27461981996183,171.93816925460217,150.2467722483319,84.14978014649465,41.776024027693104,56.640917206938816,95.26618995873334,44.60325666242344,143.85123022517672,15.90677679139953,-138.5757692467572,119.90391269558437,64.17229978457584,-17.36964412596259,23.89808495477948,-102.04628688805728,-140.97479883690306,-40.49797790488272,19.78782264089928,143.5058524229832,-72.11110348224088,176.53834540395073,34.17775736542906,-114.01792448264472,155.40684183468625,129.0597731610758,-90.16435717189464,254.52137919468515,507.8390236573507,-160.18794968294495,10.955085755449955,-20.90875187601366,-723.5254315695037,1187.7872357436293,161.44646664375492,-174.1745823080053,379.48325018316064,167.63301339403557,323.78658863470463,-95.01732058439812,357.8878789023483,8.719469247402841,160.59375993737936,71.35611397101779,44.25364530766549,-221.42968253447,-98.863036186106,-101.29946279244966,0.8523718124485878,0.0823142308746915,0.0823690704688785,0.0111872772141486,0.0125582670688236,5.599411825204638e-103,2.2852380924697093e-06,1290.0,3016.0,0.0378068714342721,0.9881546476556072,0.3121019108280254,0.6834658623526186,0.109404990403071,0.0252810529202083,0.0046613655058952,0.3823123794626942
32,175514.72532043254,0.8852560554841638,0.2840501941244764,-0.0017117382270487,0.0006985046032302,0.0229499305829164,1.007424596412249,-0.0218297929935887,0.0054465312212307,-0.0653065203698532,-0.0427925717070468,0.0252369503079176,0.0861330090530844,0.0305179388353292,0.0002328866302657,0.6115072310771561,-0.0001048533710973,0.0002007240890692,0.0003104131186129,9122.0,-0.1488466297947831,0.0480723170466306,-0.0299624099189801,0.09177397511095,0.071598703130724,0.0600840104146125,0.0937261920511082,0.1079419869079684,5.366355538816066,80.98212400031089,-152.78672963913684,-117.42307146740688,57.59561387628766,-36.19866861637458,142.48922762089575,-98.35651283314374,-107.62179362492472,-165.9122666128741,-38.562021283062464,169.38375724712228,22.510073337992125,-31.02931792039708,-121.97399006660784,-13.258768756587385,-85.74155362713407,153.1610657735085,-74.08852655925085,75.02692792667179,-139.04315841510848,-51.48143315122392,150.27467897485894,89.52135464989432,-43.36933202995544,-109.50395465925769,128.60879734022748,3.8448338104484434,-156.3780168449962,-127.18724642673538,124.74061755372084,-74.11957903892501,129.1151973961237,-46.20466420366774,-70.1332090807347,170.1577276510678,-33.008962157173805,67.39674504239134,-157.87023247166417,-48.8252983651867,-91.54043658292186,-34.18451266412177,-55.76461654214041,143.01938580158068,115.3046408931202,-37.32766357055768,-165.41594898832864,-104.80051780225128,-99.84838054819662,120.34928597581904,-266.7962885954871,738.6379091233044,1321.7576350502327,260.0832396252919,-107.57004763990572,-411.2265338558869,-459.7459726443835,-512.0125652411213,-94.74616211599523,-24.75445680080921,-0.2176578884620212,-321.9021620116156,283.4374464754102,219.30339531304924,-106.69028408819548,147.13432991836305,-64.90295402992204,0.7770770496298327,0.1628735947353989,0.1951192761173567,0.0127776254455717,0.0266520427748834,0.0,-4.57046964679428e-06,1269.0,2856.0,0.0538581038209174,0.8987112695366054,0.138526119402985,0.691417603509734,0.109404990403071,0.0506169454346037,0.0038387715930902,0.4199649676864118
33,18719996.13550277,0.7655946395874951,-0.0052341993910741,-0.0292019829528049,-3.6684541552484887e-05,0.0516879401053075,0.3915250840207659,0.166244778342754,-0.1226740924924344,0.2223325181424791,0.170019692788385,-0.0624764325595032,0.0101076647539378,0.0012107482013784,2.9488361514788425e-05,0.1824825160934793,0.0030386378519973,0.0023016670014059,-0.0033958969882147,8622.0,-2.443586522583485,0.8679547852147226,-1.6210646559426094,-0.4987530079081471,1.4690708025216523,0.1034604716652086,0.1143998154662566,0.0826315455130543,4.134676025803173,-176.3775890160463,-124.70755703339849,-15.523377425909406,135.91353000267432,-87.50510761146428,172.22588038335266,-47.0529481152242,-16.344469369443487,-27.493249239406744,-79.52477595027096,-150.9245734160039,-125.07801188359944,-98.9629906767067,70.53112877817982,66.65584693730244,-156.21521954856732,130.52374395990995,79.18549782484203,7.448721511006939,-13.729785388871344,-129.24704110165456,63.67775727878836,-34.083294930539225,-55.99237908652932,51.0622071616621,-144.578109637711,81.61200335625989,179.63535351442607,-117.61621635857004,33.46783613880446,-85.19289494325254,-56.63970662359301,-4.766061147410417,41.16126455523213,-43.85814805215894,-90.84829801162132,-54.79855413951408,-166.17269424992713,-177.5884748737835,155.67523215420016,5.107067598084959,60.02623812204781,-3.337504667708301,-12.08138823126317,-15.335080336591975,1084.754756505106,-1066.7581175735447,-99.30055681954946,-100.09616837517676,138.9612958020829,-5897.556133382852,-2395.900628519528,1275.431188530909,-488.25152858538513,-851.8190354537869,-1269.1987255611805,-1121.7086434282464,-454.8016832488994,51.796136246147285,425.47451496724346,-410.5641335515991,-18.76624970972597,-689.500201174641,-955.5044129599198,217.96994360505224,580.5492024859991,0.1202083904579106,0.509075952837949,0.509130792432136,0.0112421168083356,0.0155744447491088,0.0040864226649808,-7.020238029945709e-05,1603.0,6249.0,0.0213366882464847,0.9877159309021112,0.8516556291390729,0.6494653139566767,0.1115437345763641,0.019851933095695,0.0021935837674801,0.0967994332279146
34,20068554.91669049,0.7574821638928985,0.1210439466930733,0.0236739450766921,0.0008147047821889,0.0338364083188236,0.3474185720132332,0.209211485722675,-0.1390259688159204,0.2211268248246439,0.1534400552780858,-0.0681530204456283,-0.0039307989512095,0.0178098235706648,9.86577937230006e-05,0.1259079857933143,-0.0022357789269553,0.0041759352881698,0.0018593278917567,9075.0,-1.5529532914699902,0.6226170112105879,-0.3565291015193455,-0.7687787940150801,2.519964264204104,0.0851634919028763,0.0987771385871615,0.1112525744272017,4.092274970512244,31.805664831789983,135.28406473494792,-49.23224273111031,20.33080001343637,106.81428572096304,138.3855596238756,64.81894601864326,85.48186584506945,65.84444829233068,69.45412534754888,-106.961128577419,-163.3017183831758,107.43377734158469,-124.6781701755141,4.003253009985383,62.95137344664321,67.04660911209166,75.86646392258459,-132.51153206589095,118.96580053368024,10.172733168167715,121.55570286426874,-21.87961049319239,-115.3452848683588,177.4805639025322,-46.04855699189788,-7.474035743551544,-152.69359720987484,122.39479400453072,74.67924678492804,153.17293210681066,82.68399947244718,-57.64922862567171,-145.12134131352713,94.66686672992483,62.501708376449386,-128.90552673465467,-148.8195349159936,73.23844729460934,175.62193729263635,164.23492934607006,118.3817644435001,92.18193381927308,114.98490332320684,-39.3517443691246,75.93248595101835,-425.2944443954191,821.1963751204137,-405.30157496686894,-216.5913826913955,5249.122792628281,-1835.9008875154443,-186.18305645672652,847.4110208246193,380.3560053713432,-816.247352398807,-249.52391913390795,-280.00775687188,-860.4210781180284,235.77444252074585,-35.47575449264389,131.7174365201629,136.06164214966594,-79.8031078617301,-314.11213890620905,-315.9197640889661,0.3831642445845901,0.2478749657252536,0.2479298053194406,0.0113517959967096,0.0121195503153276,1.641968844300676e-75,-6.444359129051723e-05,1585.0,6197.0,0.0297705028482042,0.9696188648204004,0.6925638179800222,0.6704688785302989,0.0978886756238003,0.0154099259665478,0.0035097340279681,0.0933340313434096
35,21316539.98066389,0.6526568402600995,0.2789539939305464,0.0437646996245916,0.0016887421836099,0.0296869874222168,0.3722141282808666,0.2061259961950869,-0.0686971219054411,0.1794088556280584,0.1200889821310137,-0.0876600843789171,0.0066285613792385,0.0176965583940784,8.785131543005681e-07,0.0851386232793977,-0.0057740026179499,-0.0022429857067231,-0.0028361718197987,9183.0,-0.0308948159139852,0.9184277937242716,1.1816420229382405,-0.0209384938920035,1.0908099335737953,0.0915653376507405,0.0883851562945499,0.1049959793128138,4.134136388846577,54.27994605095023,146.3943924992903,124.480704650213,-29.836720829341004,103.05983144134272,61.459602169713655,-172.989291899784,57.21794765524113,69.51600800520727,129.9539591494957,56.78154164978322,-103.20548962350748,-144.0047207584196,118.69348982017696,113.34687655873525,88.20099651208702,175.6494392893276,-29.452653011504257,168.7907212077056,8.077512833687504,110.97873367131017,-108.63755269449844,-114.91146880435254,-82.82951367299633,18.1719610092754,-7.18301974519919,179.84695010224354,94.40327863754923,-92.36742467159864,132.87521566575538,-105.6244038619532,59.96490741784771,-123.92417945626858,-24.02660623666949,58.15044485322886,104.95253822069824,22.88605924877108,-29.28381201346178,147.53792084311706,-140.23180157992698,-45.71102099823582,3.899492218480486,47.58097248512482,127.12214558935446,-100.77284745287425,800.4239480469575,938.6768374537738,103.18190014803032,85.62164563867644,-181.12936439387417,5129.010615158745,-814.3219651499094,-93.41830807097898,-106.4308134354056,238.19379839043933,1484.0290230586363,-45.827156460950334,-14.906489221696605,478.0115431376135,288.2966299205429,432.4712880004265,-74.19369218520737,-519.0787892992546,-218.59827767303508,194.4653166247936,-272.3701427176394,0.7827255278310941,0.2900466136550589,0.2901014532492459,0.0108034000548395,0.0112969564025226,1.2702342787064856e-289,6.18384248340921e-05,1558.0,5996.0,0.0288379252714998,0.9785577186728818,0.7627427184466019,0.617493830545654,0.1175212503427474,0.0291746641074856,0.001809706608171,0.0825507897807016
36,26663655.63972777,0.8062763349901797,-0.0373339924256602,-0.0114169571216662,-0.0003423145477117,0.1240239509418503,0.3291733901542073,0.2214801322710615,-0.0200420260631259,0.2026132544932992,0.0977000937246116,0.006858555705153,-0.0729806463345201,0.0317536981533512,0.0001312026033595,0.0403645146718094,-0.0026619761867945,-0.0002056694404979,-0.0013113934894346,9340.0,0.1786243124401095,-0.4205364786875803,-1.1073413277011297,1.5589571662120607,2.591343972404889,0.0940733077934415,0.1127481214249094,0.0928503275751605,4.024549920720907,36.4156881980935,-59.60356846372774,163.12923718035069,171.45317311581633,135.63863409249635,-108.24807374914984,16.430449877549734,-178.43526264209052,92.76668516200836,178.07004408947557,-57.83023712348304,20.823524166408053,160.1367543328202,-153.96881458349827,-76.29836846515862,5.177983305969442,-95.86720879230786,144.29115037911376,62.5307081331348,-164.4448928903934,-104.39859337163873,-137.84323631911505,162.20927647727137,-66.76490541257155,-135.3447821884494,2.8841413061700742,-26.04608270863008,163.08523372019638,121.32950361180563,-162.49158196486752,-109.20257963385228,-38.87342255059245,56.11506915951364,-75.18147452998812,88.179821385611,49.24465453997612,-99.45076354599692,-132.76233425704382,-165.5165630893121,-115.36334979920358,-77.21551363670565,77.99163454294526,-0.4392686743308535,140.7853384111551,137.41381276219516,-2573.664822638488,1240.7780247846404,1561.7230941519006,-276.04152621840115,-744.562457907519,3317.280981748777,2397.21759021817,515.7979992463752,-1000.747637745868,528.8378924612355,-50.47147780582384,-1439.2545192544617,-614.1896605273241,-465.4196935449293,-711.4832507725192,317.35081749494185,450.8316760037703,-1432.675939278321,-566.2257384068992,138.37474902323288,-441.32480805672265,0.1280257909403857,0.985465275121578,0.9855199169444292,0.0114747827987541,0.0375935741216326,2.689690800849491e-07,-2.404502978304852e-05,1532.0,6173.0,0.0738729835731252,0.9787443309108792,0.8228597449908925,0.6225889295666903,0.1299382547401781,0.0344789902191137,0.002349598382602,0.1118500489643368
37,22559836.98625001,0.7495236027060018,0.1805410472017372,0.0262939428775809,0.001285961657442,0.0308248154746739,0.3893442638176366,0.2713221973745526,-0.1305295152662345,0.2400750785537228,0.0928750451812722,-0.0782373524405565,-0.0508045461667258,0.0460333184157234,2.4011469611906373e-05,0.0862176191572579,-0.0062822554953806,0.0036631818652313,-0.0045563436346529,9597.0,-0.2099454756757392,-0.1677522674215127,-0.1674078094492356,0.5911644296577308,0.3543705173229239,0.0842456022115043,0.1014393318796935,0.1151182619928892,3.9950644830162094,48.81876774824866,107.04995401073408,149.7998301478795,29.124577245983808,80.8538764621588,128.64824472861127,-4.877695583176605,-12.54033813193391,158.3851068150858,47.49841065099279,-110.5199251763647,49.28458425091421,126.69858597349526,-151.95936292224243,122.3561002771988,49.16022817583441,-48.63862082823331,17.236449494350914,103.76217396836876,99.39574800404334,-58.58108044985589,116.75618652628862,-178.7631717448219,128.88683224240754,-171.52833297869506,120.92479911465188,-99.7516078941256,125.63666734859252,39.95443924412594,38.05409749321602,42.17939108178504,160.1284408377921,-130.51782808865644,78.28405363025868,86.40301879308585,71.80230036239561,38.555458921709125,153.97260832573636,84.03832777791479,115.05935805168762,72.31464061412373,-143.7569633592815,59.918721763816905,-31.019169681283948,115.60129333239983,485.45829309477193,214.78830248068635,836.5245574533076,1217.853331023044,360.44619859355294,1153.361509217092,1012.0904919261628,-897.034759495719,-348.43758146001164,-342.87627790991843,91.52392240375906,-931.2351744406168,605.6336969341119,512.2079037109846,112.35682217212036,-602.1046274352118,254.7094162540861,29.83241652424654,-235.98262125652212,-536.0421692000683,624.8429208079136,0.3347080171560541,0.6418673705047839,0.6419223578576927,0.0114373694050368,0.0322775761574837,4.2068012993265045e-135,-3.684557853057623e-05,1654.0,6261.0,0.0580663579856709,0.9865280985373364,0.8553719008264463,0.6419223578576927,0.1205872649290663,0.0301880567469482,0.002254481469262,0.0972756996556427
38,19865288.26539543,0.685261372842303,-0.2219538474965058,-0.0213191667802957,-0.0024492590043596,0.1153288318541764,0.2733423391836915,0.1606562841129831,0.0072873752489348,0.0964080016705723,0.1089607724854327,0.0048115768080608,0.0157059416229428,-0.0023838410718603,0.0004928529668633,0.1564267912378556,-0.0085322530383296,-0.0019294754031435,-0.0070117384415958,9233.0,5.749691696873793,-3.2393033342548674,-1.947328379922525,-15.877351673154909,-1.255086703749384,0.1087216704608444,0.0784959540323783,0.1060341407237098,5.370828641332697,-38.55911099115525,88.00123772403396,82.26165452168213,-76.67624758545391,-37.67495359683597,65.42657965843071,-137.2725269234391,-76.90446056330768,79.86340037059333,-110.48664173167816,-63.48499720582654,87.5972603980807,-133.84554447175475,75.372177240825,-67.70824963076133,23.75961678279384,-107.99508577843662,32.52570093038825,31.78482152165507,-61.556773955209536,-30.106457784316987,-149.36796611466036,83.8346975410711,-94.60012609983184,-92.77788430706669,16.606276381846172,-10.40163032820105,-171.34149910758856,-138.5150293651604,178.1155783536946,35.47268051548378,-104.01928443618566,47.97902849558375,-143.85751176998514,151.70075496314195,-103.170013638793,8.477656873575324,15.812260461750885,-144.46300498420885,74.28724500517258,-10.377398435664787,9.467359570222316,-153.1396896913197,-49.75073744221397,64.67565949218059,-940.5330245802706,-1481.4915221389183,240.2049540808603,447.38071136638416,-474.1349940429873,9439.358538585207,116.16767139399678,-901.9502197856766,-1036.437635351714,928.8740132902622,-219.6989611050593,-277.00887516948234,-711.8520207899431,-587.708552071083,-312.2673340020329,317.36366318029667,-36.60081888676698,-1041.6409889851843,93.33132058955933,233.30805749167084,130.6191052020197,0.3682419452220209,0.775015094132499,0.775069981887041,0.0104835611175146,0.0104835611175146,0.0,-0.0004789482351649,1578.0,6067.0,0.0296598109488839,0.9851254185191284,0.8528773072747015,0.610187167242988,0.0946264888303419,0.0173994181898018,0.0017564081453427,0.1207104965245996
45,348406.1647108525,0.9182972990356324,-0.1517791905554092,-0.0471838590633963,-0.000370136948063,0.1421779780062892,0.1720723264218625,0.1249423363549272,0.1070641282846181,0.070594153834618,0.0774092480116318,0.0787472707694867,0.0406683494741689,0.0660676006509857,0.0024636917905096,-0.0080964087436445,0.0004889659958459,0.0002142014742619,-9.866219004995784e-05,7966.0,-0.4235322781332008,-0.1214277713177448,-0.2818231478303593,-0.0880068721745659,0.2065984699975377,0.1063401584726034,0.0822296153016951,0.131260378584927,4.928621341978345,-141.4542282243591,140.4872026702331,94.45980129838992,-81.2777952602688,135.14576034922996,116.15859560970132,164.22543862092164,-44.627818798490495,-161.853778725073,-155.55700460931692,-99.33757166277644,103.80694538171916,125.52068645706228,-83.07357197510422,50.426347428411454,13.728062749144415,49.28278797247441,69.30750332127245,119.8014570695319,-86.8715756397496,-55.75977833315083,150.40904476896276,143.97669662008838,94.21504277919148,-65.59479251760884,102.70505364411142,-24.44652844699247,155.6614904417511,110.64323309488935,-178.32007247360468,18.181575335819165,130.1512533000588,58.09906124649702,58.65053046619649,40.36952113455605,-136.90849709131493,-55.50834893545769,109.64038963863904,86.57442714866579,71.18341005957116,67.37850826794455,162.9574171277357,94.044187534872,-116.48926813062393,51.2432302590421,94.68539735389358,-120.50070815969616,220.4214106199865,115.40899975892518,95.38257731311876,-622.7837748785366,-353.46938539959933,-209.66791132882483,26.402730300609807,-26.82718050699996,53.15948271132842,-77.46170446807928,-26.69450847900426,86.47303416573206,-66.9201892908213,-66.72534523232864,-165.21251821863478,11.072491049867502,106.15957274762413,-147.8611348166479,-20.168805805928976,0.1536497363308354,0.3961698584512906,0.4766028309741882,0.0106022758812101,0.0106022758812101,6.871661197242036e-92,6.617998093012147e-12,1462.0,5388.0,0.0929518181291917,0.9890091590341382,0.4210526315789473,0.6577851790174855,0.120233139050791,0.0353594227033028,0.0001665278934221,0.2638011591185708
46,397994.2419561696,0.9429784129813118,0.1641778593453747,0.0087894652162933,0.0003223764569719,0.1532834072654965,0.0904239440050563,0.1084400206625085,0.1334261666952887,0.0632879752522535,0.0885477297340314,0.0390415362964085,0.0580819041630231,0.0298259413280116,0.0005299258756006,-0.0890162423219209,-0.0010209312562016,7.429840961565627e-05,0.00050919682511,8798.0,-0.1511791879755054,0.1708624804956962,0.0033157472612366,-0.080260175552369,0.0465269224941099,0.0992651070699575,0.1004865075568657,0.0821640926338416,4.103619793594307,118.67516844037752,59.84960565007787,49.07998110620867,140.09607162379172,108.9597757509359,-136.2020590960103,162.6283161644142,-131.12977756216057,-170.17967727509583,73.179164062965,147.37151919170097,-31.595237920638883,-97.49827645653826,48.84066869752871,70.0866221707104,95.18136554161224,-81.49888748598455,102.38247418802216,-136.23620469155722,-166.00230626740958,21.403976385537167,50.9044040960132,-136.2810916881337,-122.84091713188792,-40.71471211623183,127.39424357635696,170.5194102328668,-125.70049349384476,35.6450841801847,-97.71545631186838,21.921422210031693,85.9471847236038,123.1806972487707,119.35504597963156,113.58444039425036,60.09234386640577,-15.575858830938078,-24.0798262739279,23.934357300733183,30.514178738111266,88.50727507167807,-124.6317863178632,136.00333971607748,-63.59993410668229,52.993965921359774,964.4163211643626,110.67119449140088,-136.77887938367465,-52.59035611176247,140.98255110744006,-1036.9233403873525,442.9287593876584,-155.3126021886009,-73.70584513757296,-94.33153043975298,149.2029767736976,-178.89918561382618,315.0103930700694,152.57426993524453,-87.09081455855855,29.17868563711357,56.68648271329012,186.2240669117067,-181.59646379900607,-28.13262912126792,54.52980931583253,0.4962163306344922,0.7408583373022173,0.7409112557548817,0.0260358787109064,0.038736307350373,1.3661767697879669e-123,2.367649800211689e-06,1384.0,5183.0,0.0459653426220925,0.8766470868391808,0.0709445994420087,0.6732285547970578,0.125840080436048,0.0310631317140286,0.0015346351272688,0.2320260205925823
47,173931.2140098944,0.9592813284260036,-0.5579738728319091,-0.0469508660679011,-0.0012851625927929,0.0885356539288876,0.0793623451702683,0.1734686106179424,0.206411963047185,0.05566380752058,0.0925292048948131,0.050355961303936,0.0906402031890157,-0.0117276132416383,0.0703154751337209,0.8505674088549827,-0.0003805797332408,-0.0005244941879326,0.0005033287845988,9300.0,-0.1999301504692982,0.1918197032003885,-0.0426115407135932,-0.0748270059473773,0.0266203426803395,0.1037830289658343,0.1383697859188417,0.1590194341839072,3.851514656246249,-109.66779335567176,73.48899639577543,24.19954655321968,-17.691232410578106,42.68061940659652,87.27422464796464,91.0610962909164,116.17968986921456,104.57842543463134,164.0968642833548,126.9717996327511,20.352811496496493,137.98851542319292,-59.71746161051737,-176.4897947634962,76.29520246122637,131.7005779963311,116.11374713816228,5.529243717774907,20.14599846434437,-136.21206792134208,-144.53724841450412,-120.61029263597776,-123.97124874792664,-63.86972928248367,-145.10807096021003,-38.88790224097021,-114.99582299270658,-32.14177280378792,64.55489694330795,57.19291423242268,90.76699488235695,36.4349995554954,85.80453790367478,-76.88637909100684,-110.05530484894182,32.86382622535724,-107.60444088597676,49.359931865726864,99.96450614844537,54.62853747090666,97.3834931716184,149.46759747880805,-156.087836629449,-176.6278330085458,-16.617519155582187,32.60071550335844,154.13838403498949,12.43320396009132,70.38752636242613,-3229.1508313004715,416.1260166204847,-87.38297286918238,39.15022965918382,-247.78829549241271,-86.64369527791564,-59.70137654507245,87.58451563272243,-0.6653728301611075,-131.1084533295353,176.08695670777195,-34.99854426637413,167.00196119197346,-81.27906197563881,-19.404939067498475,-70.67632214818079,0.9924693716983252,0.6173429245813196,0.6173991232999887,0.035405192761605,0.0428796223446105,0.0,-2.810249118424029e-06,1406.0,5578.0,-0.0075854626989382,0.9920197819489716,0.5709969788519638,0.7236147015848039,0.0819939305383837,0.0219736989996628,0.0001685961560076,0.4052076206473265
48,242501.67916624428,0.9194594174439732,-0.1649813632553151,-0.0932803893235024,-0.0002536730861081,0.1832375358825838,0.163807136227299,0.0941897595419736,0.1346488806222433,0.0634941294624283,0.0455289454529243,0.1029589610716574,0.044534378410091,-0.023923453854025,0.0007478719375221,0.1749388679964107,0.0002978572193725,0.0006420768882075,0.0007606605900153,8258.0,0.2061127000674968,0.0052132822984996,-0.0037714813384787,0.0786087295727038,0.4270239997577826,0.10724709458632,0.0922142813294276,0.0936184495774888,4.319159816510154,-102.14446766349604,-74.24542256111549,-75.62397448047861,-88.56045406342987,-37.977184013636574,-33.64297960270966,-169.9300118814607,-92.92496923686232,-142.10506551267798,-77.09319332318341,2.0212551189224555,-66.34183307536226,-151.46706935926343,85.3671711741202,-178.67887901812654,-125.59776260692284,-89.16900440638138,-99.49610531791872,-70.50131241494347,47.77644117250842,-49.40303931769587,116.34524910761743,157.56870131164882,158.27757458329995,129.28130966760006,-91.8030614856672,171.57831234537448,38.96352169950883,-125.97934315373988,-111.08474401856483,-148.9590663114729,-18.364571473851285,-132.74956933130855,-60.73615920264813,65.93123518433967,-18.315892671340578,-73.96375778429892,-110.43145461426502,-55.774157071632224,-89.8142197984746,116.22272237312016,51.168774640311966,-94.97392850494148,72.4771236048068,-94.87256743867596,-3.1699271927996904,181.96330140097817,39.81559515340766,54.11980143484631,-194.29281266265616,-300.08501248083616,488.3493368643565,-37.64219862393048,-119.92980070599025,-5.057103467728851,132.83852527355023,40.903229231028696,-80.43876769116227,-27.466462191670985,31.56416999660121,24.939574856955737,222.84460357368147,66.7022590417078,-4.58958700390433,70.27931326448478,9.698171511037591,0.1601316150260488,0.2754044420071291,0.2754592816013161,0.0398683849739511,0.0576912530847271,7.44595824241693e-106,2.74228440327979e-06,1506.0,5411.0,0.0070204711612702,0.9976418974499588,0.7650273224043715,0.6814367973676995,0.127392377296408,0.0325747189470797,0.001206471072114,0.2258806247159108
49,246242.5044569533,0.828070791498428,0.1763291452579608,0.1354706791767936,0.0002959951520209,0.1438804217727642,0.123936512614758,0.1228825569061436,0.1114555035914733,0.0792390564550735,0.11096143032709,0.0605423631122861,0.0705257333196763,-0.0026316911543454,0.0003509515410451,0.159536929254697,0.0033783238812998,0.0005268341097526,0.0012794379957088,8491.0,0.2084577848131351,-0.0203591851619645,-0.1028879689780568,-0.0417160117656897,0.2628173075611387,0.1086871278885463,0.0920120682682348,0.0822324332734613,5.689319440290517,29.48020875175656,82.87548943564911,76.88181997244422,155.15538475506497,32.53703783848896,-177.47760969083788,54.220282295097874,35.021428710024786,59.1786879445043,80.93660467152853,-23.553144972473284,-63.74794082389753,23.283972720259527,-132.07026166711873,58.45680917174749,142.26231776895705,59.04616139544228,44.81459380923527,64.50551456268948,62.47043426081896,35.40421467126262,-123.20823937341127,148.06214607244195,76.5198551721023,172.67076184189136,-174.4831183905664,53.662798775275846,104.41908533919468,131.04014576615876,140.96954292023713,6.950055225472705,-174.5291994122488,-120.20385834589264,11.341818406353756,12.097260916059126,-103.89183793867088,21.224036448272088,83.22795477837474,18.239796534332232,61.21678302270023,-167.44392101395235,-57.608562546370536,156.9483092000209,23.003508514713403,146.47814030380746,425.8279114506672,493.4991199327616,98.73448359758166,29.489964473080903,21.64403045696084,1613.0203813004584,524.7310641596318,20.321151708577315,174.95412214308132,-303.9834951212449,-232.35491267846552,-44.84020306691653,-244.3174335941424,-201.6991435023916,41.68463848281198,-38.66013329808675,-65.3539479050439,219.35214807101872,35.124471091184766,97.7142370034844,80.10262836576793,0.673539895804771,0.653852481491637,0.653907321085824,0.0457362215519605,0.0496846723334247,1.2827121744417298e-56,4.113423335984187e-06,1484.0,5438.0,0.0157293145498909,0.9906772689882096,0.4894894894894895,0.6738689333698931,0.1243213600219358,0.0331779544831368,0.0044968467233342,0.2325993975587789
50,236357.7941897397,0.9308220065489046,-0.0641315259452778,0.0507763034837989,-0.0001157270957827,0.1155722121472651,0.1872089537358733,0.1960988778156686,0.0757057591630795,0.0983386677182842,0.141926230542192,0.024041277689213,0.0349008432313502,-0.0304918724492886,0.0026065904426326,0.1910706853732702,0.0014623761553996,0.0010988946848354,0.0009072622672421,8306.0,0.1534258908041781,-0.1279643907032908,0.0959892726833815,0.1483153368414682,0.0174377370177577,0.1107003668111295,0.1150378069899303,0.1205356043329513,3.793362185168363,-88.55956809450136,-26.7371004985078,-11.590465677572908,62.65862564886447,120.0736015365274,120.2880458423728,-103.19089695426167,127.4625580099549,-78.22344371154361,167.32829872118364,-179.59179837004504,-65.3009446485866,110.84232502558162,-75.15548162808274,-85.33355239670533,16.44150996132232,-104.81027328152706,-112.70123665695094,-105.0802344160509,79.38185105151729,-165.40121557533013,-41.38026866068618,33.54572735691545,100.65028778704936,175.75968213251767,-106.56645741095646,-61.07326034676642,-63.609600202084856,54.40220950876265,1.860260647537205,61.19084872619074,-11.266441568209776,-136.85458413431033,-25.63924207729708,73.99182024625487,120.96436354115303,-125.86484051181604,-86.16196616852592,104.04235186830016,-52.95747898578635,-145.55554464479803,17.97235558241662,-76.64029476163743,56.26106020757816,-64.29532801627688,-323.6984863513223,-2.2323711366600127,481.8516305457644,62.42330579867293,-107.10215814864932,83.33230851675185,600.7534657699834,7.407427934448563,0.8009974962769633,-52.85881201371185,-102.95812450523252,38.65242306545845,139.85150035852735,-175.25064631918605,-308.54862813633406,-220.3117556594736,-42.64393239509784,-24.337420639823875,-115.28234483194352,68.43642342125956,83.0786753124213,0.9775157663833288,0.6420071291472443,0.654181519056759,0.0340005483959418,0.0458459007403345,7.652598490339202e-30,3.1536228140185384e-05,1402.0,4930.0,-0.0081612255805698,0.8795174115711544,0.09439406430338,0.6151357279956128,0.110556621880998,0.0510556621880998,0.0034000548395941,0.2670162279868434
53,26654.37810261522,0.9048993253676472,-0.4187399584561883,0.112181578680817,-0.0005577275070847,0.0674663188154519,-0.0038252507382102,0.1536378408294988,0.1354164868719221,0.1109701750451588,0.1082474075714653,0.1270009977063632,0.0914630004886567,0.0982281210445445,0.1974721443257989,0.949301430900884,0.0001190568280909,-3.035542285997092e-05,0.0001347147538113,9444.0,0.2535613677077095,0.5040909840127362,0.2894850418550175,0.0660301731997492,0.0024679708496463,0.1051631597221728,0.1421133389846366,0.1578260823539224,7.463365119076529,-105.2655489648594,101.54131926039442,31.156561706377307,-17.86975948266627,44.71619238152275,97.81744005445024,93.020511414192,111.95909863006328,130.97374562262047,144.5769736769353,118.9613940794764,78.44986911652786,134.07308485478617,-49.927916436044605,134.02933390743098,112.51535875390074,134.22631864363728,135.38417253933295,49.61359696565228,20.711190975807035,-125.7824587445868,-144.54948082738358,-118.88432540663432,-134.06400595877724,-55.117470054527686,-127.7471529201286,-17.82776867175026,-94.32971716208884,26.35269423293277,43.21351278192703,97.17087018658648,71.34122757757977,42.96552688601607,61.46647163495332,80.68481923094808,85.3994416118945,99.45828591694338,165.58330187901242,97.47359117897786,119.14229206123672,135.3561174550259,122.59096586823492,151.77702189746194,159.74185354661637,156.2084605507808,169.72047920022362,76.98205745809311,47.59628943572514,39.27791650630643,115.14176541140566,-1301.3817603150724,42.90178742017109,-44.79194353301052,61.77560932382645,-82.73519453678897,-65.59481223022915,-7.4090388632147395,72.69860889925752,17.321303625930636,-11.285110217184972,53.73534091643321,5.98446401747151,-11.142231430240596,-61.02806900135141,-29.86009684941836,-91.94071582948465,0.7179645768906382,0.6145066066910317,0.9407928029238122,0.0140567894292943,0.028844531908912,0.0,2.1087555530562903e-05,1027.0,5338.0,0.0961712010112967,0.9966263705369692,0.6774193548387096,0.6669665448411582,0.0820354231093618,0.0217036828788304,0.0091650267078999,0.5962835766989911
54,41568.33818051042,0.861708645156407,-0.0828161000688943,-0.0419848046919645,-7.475201536380698e-05,0.0885154424348417,0.008520951714162,0.1231241493934448,0.1160473233293428,0.1189625003694993,0.1203376018251409,0.0994033802137293,0.1106258813404267,0.0961925028092423,0.0200367143787136,0.9001095684185562,0.0004317047182278,0.0004750331533737,0.0002217709031599,7825.0,-0.0371476547558982,0.0495494289469624,0.0295445841325046,-0.0166396554283247,0.0174835399859531,0.1000244305713736,0.0804713830399171,0.0974693217920547,7.339771194949198,-98.83637549276465,177.04576586540935,-155.39082010935326,-84.54871462112352,-109.26989605722294,-31.0418676908869,-32.8579636672481,-32.972128305897066,-26.978708172988128,57.957462681522216,174.33088233361676,29.66114236393018,-69.48085555529394,60.61862071793424,-112.02196470260344,-32.30249612239985,31.580350444038764,-137.5103216689456,-68.81370895197118,18.760628067542992,-22.10278426319112,146.35209878242037,174.9416281099402,171.9471513239799,52.26435007684856,-95.50763961152538,145.77973846261798,-38.80813928340029,1.198450868563874,-161.3460013433728,8.083944236823282,16.624822378091448,9.928676334995648,-134.00120327261226,-154.48900798212253,-65.40095395695181,-178.17139011868275,-57.05440802780355,-25.68896679262569,-37.10519283194154,-148.1453772045624,-139.45104184623838,-137.48693629895502,-34.59180952624663,-17.265640593528087,-74.12175662502084,22.577455596421405,-40.97440819169704,-40.72824011042845,-35.81755614044003,-57.82059927370061,530.9461802311008,-8.458038937300174,-80.32794372917695,-6.426741734314877,118.93049111603528,30.80116519808681,12.635220638991072,-8.51336469937689,-11.207489636621784,-45.46704380552554,12.773199387279991,62.94117964802914,-1.3339080364940508,-12.89880809405413,1.260301372115188,0.2654236358650946,0.2970112421168083,0.9258020290649848,0.0297778996435426,0.0483685220729366,5.0803316831081075e-33,-2.742279499835466e-06,1162.0,5319.0,0.0982940330636066,0.9955579928708528,0.5235294117647059,0.6979983548121744,0.1064436523169728,0.037071565670414,0.0054291198245132,0.2688948839882926
57,178524.5088144242,0.9322358009902532,-0.1325468623826599,-0.0487315470493599,-0.000309199309053,0.1002790898310483,0.2076005679263781,0.133622995348261,0.0942318854181998,0.0809361123962039,0.0702041385878942,0.0794758186303589,0.0632428576735161,0.083969049425224,0.0024111731880965,0.652346894279699,-7.032318524989414e-05,7.974455276679886e-05,0.0002894635382696,8045.0,-0.3367789830996042,-0.0691596295451235,-0.1260753360731339,-0.0685003015444583,0.0202580542529169,0.1050812885231959,0.0744367040146948,0.1460404649078416,5.424926157145379,-164.0948329579785,144.58346882520067,99.40115654854264,-78.78408792971493,145.79768989387938,114.11421924097588,179.41220635609437,-26.94210821234827,-150.26054800307546,-136.4855172880382,-73.09583142419966,115.23437668399772,134.33002576158728,-77.93214042057353,79.88505958413693,-148.34013589676965,111.58391400235584,83.04766105104797,-29.50693005788869,-77.91966724973959,-16.869849122687395,-166.5343876177659,136.38907938133684,133.80111858970727,-55.93073459369653,160.6186684012918,33.287647698146635,-9.655524067141195,134.37000126993487,140.44890240578582,52.52035147185519,127.7441294109196,135.6844467912036,92.94738257822048,64.81040049195181,143.44488587693374,139.75643716952592,86.75987415613761,72.74409750106665,103.47349359254096,107.46040598812122,-173.5254421535661,103.27445394960388,60.28484646819385,116.02277679363382,193.44493036030264,-159.63072443275533,257.36894455459515,68.24457902391102,149.50981285170167,-512.7354246557015,-728.5269454393391,-198.1322042453735,26.85301212349773,-111.02471566171413,31.46899621017242,30.887572245378465,-46.69347091540412,5.055951115112144,-67.59030558310397,-8.389494740960117,-62.44817520561477,29.264770128064328,89.78133794660157,-150.42832848174967,68.42697554154282,0.1530550179706939,0.4746474979264584,0.9508985346972628,0.0106165330384296,0.0106165330384296,1.6595380100046905e-59,-7.49468005751259e-06,1476.0,4954.0,0.1064110153018075,0.9770528061929776,0.24408014571949,0.6892452308542991,0.1078794581144595,0.0357755045617915,0.0002211777716339,0.3555856687874501
58,157221.89344390188,0.9575607770053328,0.3002688361356672,-0.0231356547288853,0.0005539246054028,0.1428449186000822,0.1598722686292506,0.0855014713604967,0.0801561377708759,0.0825078137357938,0.0642175914095009,0.0221678097760203,0.0376628459238892,0.0688990047309874,0.0033593191984658,0.786398663685343,-0.0010042150171589,0.0004956593310309,-0.0002820008684087,8468.0,-0.0883237567133036,-0.2221490822767022,-0.0989129571179204,0.0505103154476455,0.1525923794962555,0.0793603417568543,0.0816338936274483,0.0750723010859507,4.46695564421564,92.51511545430036,80.39589602372462,89.38498705376284,155.82081161842277,119.76364829839594,-39.65206958338343,-117.39521384983308,-28.908829973220016,-33.732152309599336,157.22369711926137,-91.9543406783974,30.84569894556305,0.3729247080287209,61.5425527116572,148.61993544303368,157.5734234052867,38.96973442402325,164.29546286319973,37.99723415844961,-172.26093192102124,138.8330239863987,179.39287856553054,-2.4381578530172163,46.15674249360378,-27.10548413549516,-68.44802282566549,-11.226792453227372,38.81504474843549,-155.19680379715024,74.10061671551948,-178.96352719096654,-96.73183359570336,153.41686140935954,15.970884550924406,-30.8405864389318,98.68630965095755,41.7991154765677,139.4390894237175,129.23524713531853,157.7074095842133,-114.88711295497326,87.20113732396636,76.56458180211312,166.52013555362927,18.42531773147827,486.8780284494505,280.5894226904869,211.96526514330407,99.24265412174896,39.66794081206986,-203.1090949294059,627.2746705117302,305.9996987465573,139.74259594766406,20.778077424792503,-91.73903511927574,344.6055926706814,-288.7988816239336,-137.81889726786497,16.381566652784013,61.942441886899736,-7.6274952835200125,-62.51254989792273,150.45815091761557,3.927611186992236,-90.71791038670288,0.4886098749735113,0.7343187115914389,0.7343716889171434,0.0208200890019071,0.0380377198559016,0.0,2.5794309515735963e-06,1375.0,4747.0,0.0958308104468272,0.8771985590167408,0.0679533574587856,0.636681500317864,0.1149607967789786,0.0346471710108073,0.0028607755880483,0.3552548183332806
59,45145.025100143175,0.9740182596264828,-0.5922956010807267,-0.2166446995767747,-0.0011615471191545,0.067799813176317,0.1956219690627891,0.1504420371451757,0.1351335367362973,0.1122246193599296,0.0665868378492925,0.0742030346735775,0.0650215849267207,0.0424724600267028,0.1211179661721463,0.96513018550283,-1.8050220735352653e-05,-0.0003828753811446,-3.9994440677681714e-05,9183.0,-0.0385474041478665,0.0005998391391233,0.015669626645096,-0.1945264445367831,0.0863134324605104,0.0940481888566617,0.1646894160624336,0.1627880367166418,4.246109920164069,-106.07273308675325,-54.675277572745294,24.07771175286023,-16.836054866340813,60.37200881944546,116.08639230227747,133.3311569994929,162.10656341979748,-178.59590200429693,-138.13847084199952,162.9196367591413,100.74767171281108,175.79666771745545,-61.11733742852682,172.07499234986614,145.3769854674226,176.3770968504842,-172.35405321417153,96.99220130659803,22.705912381497573,-55.86148560589993,-83.03386035748979,-48.42696524855107,-24.94796790621356,-58.13826128358383,-61.26750121651735,28.44761893928544,-30.63708950125204,44.22262807797375,86.43637983626998,-174.57281144833155,111.06798983573728,102.8429243915114,139.6635832232499,95.1306556611777,124.54033539972322,165.33983875239363,-28.231794038345846,173.48499953663318,172.17802230312796,-145.87378012769815,-162.81147210490386,-130.83664418509898,-124.63820097998186,-128.6067161292131,42.084217151629744,59.77445431884458,-101.44070532498247,-3.0688193697142765,54.26965747067272,-2247.262844988494,-60.11625990727056,83.0907263757255,122.39441071931796,104.8564388190132,-14.468697511279233,118.87813040020892,38.30954374655197,21.670402607514628,47.41228563689702,4.775796084857262,-23.837175610637114,-89.46095507542307,-98.34682334191916,-57.86204766541246,-48.07233794039048,0.3390250774866159,0.6088475626937165,0.9559312482389406,0.0306565229642152,0.0487461256692025,0.0,-2.818010049878831e-06,1508.0,4884.0,0.0558274116262667,0.9974077204846435,0.7472527472527473,0.7022823330515638,0.0766413074105381,0.0218653141730064,0.0,0.7566188244970175
60,84111.92157859233,0.9520964497798168,-0.2034424798146947,-0.1913596396265947,-0.0002966222486926,0.0653195225430968,0.2270780960469821,0.1244988773427999,0.1072843320065992,0.0950632077632159,0.0738246349624267,0.0825806745040711,0.061564654335092,0.0761399925517928,0.0068687736883606,0.9602925914545102,0.0004487704848713,0.0001878713729945,1.759913359815429e-05,8186.0,0.0891546591513624,-0.1207200170192748,-0.0027268976398228,-0.0055650764936789,0.363490875739495,0.1175685901225242,0.0952102676172684,0.0899827365446756,4.618103561593994,-102.5682922176802,-69.31289999885483,-60.96621814866721,-87.55945220340246,-15.571672025255154,-10.032919212826782,-135.98855716720234,-67.77874315805398,-109.0317396731461,-23.55343376927589,27.090592557737786,-40.46771138656267,-82.51283991628333,90.47222431488564,-68.6562787758908,-62.74606022914591,41.09029494727934,-99.16945777966698,-50.059665503901904,52.56955292524508,-8.087419314875149,179.40410065832228,-155.80626179933714,-149.960843168714,141.48635780054968,-34.14671527697128,-117.91279146069051,97.95253720070838,-104.4050490095184,-102.5659261894031,-41.27384718475707,-100.40624832121522,-60.39225109327269,-96.25676656301988,-84.52266316807184,-48.37619612413699,-40.37409799284946,-88.45274230649926,-70.5439014129707,-86.87096574113664,-174.65950844689456,-127.33767542910788,-90.4370933172083,-122.41575982698026,-159.047826089375,-121.18569932245104,14.111604665766528,127.57509196999158,-9.606134410281856,-38.27331671844259,-353.21416489714005,891.0689374946766,16.768286262515588,-23.63127922680381,56.4211418191005,10.66840762490228,-2.398397421120245,-15.03636668392426,-12.434022329160436,-8.575269133593409,58.6318170988184,41.3004167656734,22.614113637545653,25.46806589775447,-35.36256525098244,-18.55179719018528,0.1569509185632026,0.2689882094872498,0.3525637510282424,0.0328489169180148,0.0454620235810255,8.121196588434942e-153,-9.597982335326052e-06,1565.0,4997.0,0.0918612937972216,0.9975322182615848,0.7457627118644068,0.6851658897724157,0.1085823964902659,0.037674801206471,0.0020839045791061,0.3647019060569479
61,86031.56815945034,0.912513542318724,0.0786894388955304,0.1476614598519971,0.0001114372326331,0.0701403517634147,0.1973414683102423,0.1646844471540348,0.125480755566518,0.0734902719496606,0.0723837904385541,0.0687728047560722,0.0545699551619228,0.074727914602243,0.034579273072241,0.9483362432159668,0.0003545274032858,0.0006730267919529,0.0008352422353034,7921.0,0.0471083766887357,-0.0418647784570482,0.030241227892504,0.0306701262884088,0.056393729561533,0.1188541843281492,0.0855490827101271,0.0762616050080273,5.390605126298047,7.778293935949473,95.82232322001134,77.40383070531632,173.32984489359268,47.70744907672497,-135.08316726669034,73.11999119293856,70.48452805499333,99.3779679635838,108.94139294540092,1.890804261209572,-19.9280570163134,50.84041456774714,-139.65225880895494,101.69486016450388,119.93895308514335,25.9854466937938,110.34510640556029,127.60358297198982,-13.768979563340164,106.17747895138322,-14.121395227508822,-132.48145637492902,129.03126244839373,178.64202796141487,-117.743219819872,108.33613900050348,108.5686946241241,-153.91531387483917,-160.52331760226568,156.8871729982601,11.444140909004169,2.472715750356957,89.0880987891872,131.2151477916884,59.78620686226103,58.12102114235771,85.48571144341606,-165.8792811204627,60.32571195268135,132.13679716649122,17.97137849754118,-179.10126431212524,-163.10919289731538,-106.97496648912562,291.5202652633418,144.76044591620595,17.034915913766156,47.92330726411096,152.46072525732302,1449.6486017680422,897.8585761914586,43.42152468849854,85.43898769792182,-65.1729684265054,105.1950930690929,-30.1920412827328,-141.13293619652882,149.2108703263313,87.52855498112947,55.77997065261419,48.04916523704763,-90.5880474922092,-25.90097168039633,90.95370468304444,-18.63498948195337,0.6758979983548121,0.6506717850287908,0.6522621332602139,0.018700301617768,0.037729640800658,8.044736654141887e-07,-2.742219816486257e-16,1479.0,4833.0,0.0886716285568582,0.9883740060323554,0.4143646408839779,0.6502879078694818,0.1045791061146147,0.0296133808609816,0.0021935837674801,0.3464666711975268
62,55695.90674499929,0.9267149353935016,0.030742956180967,0.0634014869727844,4.03511680307951e-05,0.0675223431478896,0.20317977238493,0.1381805654956463,0.1151394869725627,0.1066124260297976,0.0908129347387845,0.0744242689577957,0.0515879250673922,0.0613144270144426,0.0174880688265453,0.9500217055062644,-0.0003482475251441,4.2895736427658304e-05,-0.0001494111447978,7974.0,-3.4265734653308613e-13,-1.5763728285185105e-13,-2.502394426473251e-13,3.013199818070693e-05,0.0547522291622242,0.1126520821827933,0.1182721203957641,0.1186064962631196,5.044070434231592,-84.18103234112742,-12.234660458127172,14.15538666845365,74.37564941624069,151.5794494706145,145.07606014239852,-60.3482823815487,163.82333995461306,34.35318655886085,-153.20186056074047,-106.37766483668564,-23.515902895628315,155.9007757356814,-71.86049958209179,-28.880444923013933,65.22937965982324,-63.42984404684502,-64.08736210792934,-41.96580828086866,93.72727481045231,-111.70288146256084,17.04147385112211,121.20654452315078,150.6545396193218,172.61689577089365,-44.07257690312998,18.63117514162573,-138.25817289790004,126.10668488437642,139.47886651398198,88.7349785982176,38.24469131140349,-122.89083551049282,8.463233288371415,125.97589908273947,178.99616631687354,-62.024581316323626,7.748565909161856,-154.94334255843324,42.68860199327938,-97.28696532367177,122.32981717258887,56.03906925661931,175.89018953291898,36.14745086095684,-98.46968496072904,30.472605022655653,48.08005904320916,79.12146831977341,18.543949964554045,169.3429182008487,988.8164015627256,157.01044154138327,20.012178477727307,93.1550497560473,-229.99884650550888,-34.70165435127593,-38.85346940581055,-56.56927591878966,-73.85734909340368,-28.172883027346728,-79.33743612709958,-80.76949020941323,10.615555107398889,-45.389099164687806,-102.45752674100174,0.9743899095146696,0.6385522347134631,0.672443103921031,0.018261584864272,0.037948999177406,0.5202343779326417,2.492982849279225e-07,1378.0,4503.0,0.0760926764678767,0.9486701398409652,0.2238805970149253,0.618261584864272,0.1236084452975048,0.0608719495475733,0.000877433506992,0.3959073276869433
65,726699995292.4445,0.9784707800984744,0.2628628406985338,0.0129919787330366,1.0573980000073826,0.1088130803641747,0.5708687578581016,0.0580786635314512,0.0903647359276801,0.1124820881723189,-0.0303065043257128,0.0668852246768193,-0.0155715300664288,-0.0598021860128254,0.0003508820410919,-0.1892721097611461,0.2900686891814539,-0.1349329706625218,-0.1606834059625095,11108.0,-783.7561936430741,-32.14632613249783,-182.46159610179572,8.670029092499068,18.1728107378426,0.0693381413694277,0.0773923306148736,0.0877895781849791,4.325056668253463,18.11244045209864,-155.3673205498208,120.06787262109924,34.75366356371957,121.80910928836695,54.99221265340426,-127.31813783379371,-122.8329317033739,-74.60543055740861,87.85667429618631,-146.49562160227973,146.799262032311,-149.72896976724374,82.91302788452232,-170.33942077777246,-168.75105622058706,-163.75603465700704,114.08458096961148,139.89314866995528,80.4193120056958,120.14910575760663,-84.11132246788328,-100.65608451093156,-105.92815856351557,48.39246871298852,-91.62157619396493,-120.21333290736231,-105.65431744575002,-41.11780200410495,-115.11752758924396,-87.33089629869491,-130.9978779584819,-35.28233939937773,-62.393426652622615,-62.27709372298342,-104.00450082859966,-48.57573510214388,-1.3188933740722033,157.28364740221488,-41.50011119697599,-35.6361956404788,-30.020726677070613,-92.15235188916766,-105.4245853324462,-34.90602231024984,-48348.06679519343,510411.23300500814,-222008.3636505555,8876.578982438397,-162515.4909112769,8506720.092719922,-2244556.138285938,34838.20521214511,-19841.746263022484,-10149.737618125684,91043.50887472292,-92628.98453048537,216770.28560795408,102091.02720800848,-28882.29479812445,-13015.388888736024,-37101.89942613911,-157322.51914556904,-95908.82321990012,47068.813201854886,-62129.2619207079,0.9881546476556072,0.3381957773512476,0.3382506169454345,0.0337263504250068,0.0272552783109405,1.3082587964321541e-277,-0.0098584983272089,1644.0,5386.0,0.0037749139527638,0.8524814916369619,0.5983875783816065,0.5378667397861255,0.1769673704414587,0.0418974499588703,0.000164518782561,0.3503030457343479
66,1067271959835.1388,0.970174434272912,-0.0056742576867523,-0.0160205117971608,-0.0285436387070777,0.0684383915209823,0.8413209530579395,-0.0038195189661786,-0.0708662673671293,0.0496177712606071,0.0316032050883586,-0.0276836508828477,0.0409770439204509,0.0193035184895011,2.1576833183615825e-07,-0.4274941562673277,0.4072441812422531,-1.376372567905991,0.0453328757721345,11360.0,-597.344104764615,-187.52159800185885,62.45012704399623,-269.8441949774143,436.9970511425853,0.0889526368841341,0.1097932646530626,0.0887596871238264,4.389238498414388,89.27014838387913,-86.81794660007671,-106.98266871258166,81.36077639925647,-100.00349129638948,-122.7587754410248,10.798831217201124,-12.280566535363066,-7.932207615552706,-21.8329221533474,-25.23173834813176,-17.061299750536556,162.54737916736607,154.8612859786488,-62.51122808941143,159.36778831465114,-52.37016190457547,-54.21682119068922,138.15380685019068,126.44579665560003,4.793244464904,-123.20239369251186,-53.12584139179572,-94.1306230472945,137.50463909087827,-115.4332450208821,-111.62423088422592,86.02863043372642,-25.5497472720294,-125.49332371539882,-15.3224296083915,12.770007860661671,63.701415345140056,-106.57481545149707,-115.35822209034124,-61.05073956894383,-77.41200901120146,-112.94782610417631,-135.31251686019618,150.25984361497794,-85.62349503135218,-128.39818803842817,-75.91516048373462,-86.05178528071134,-155.5353097579316,-215094.0920139728,-345183.3839846578,663673.7217767324,195949.0954674171,-895666.3538361604,9807.28353333949,3601058.8646068256,-166510.68924670908,31703.445170044164,-170282.57157911133,239750.55575920496,15167.638536069737,195277.99895735795,100623.84058756146,-87571.6431201166,50781.66279812935,121796.26940045148,-106456.32729992636,31315.26962012697,-92403.83259532972,8378.955294077152,0.9484018762954074,0.4843460237809534,0.4844005672520999,0.0191993018435693,0.0281444311115959,0.6985282870332703,-0.0147556185904429,1468.0,5230.0,0.0785115093488016,0.8676229955274354,0.6289558171533405,0.8168430238900404,0.1461219592014835,0.000109086942293,0.0,0.3458410428880062
67,851637143048.0,0.9525214259585884,0.0242153822665542,-0.0905916169988101,0.0941441403833895,0.0611812522004181,0.8289527538959618,0.0914093328424156,0.0303100869256147,-0.0256694657281782,-0.0165451821532412,-0.0778883163824376,0.009222232529232,0.013082539419931,0.0001964902524284,-0.5439594629401995,0.1881160627516312,-1.9106572451843964,0.4297135706340378,11019.0,237.889976493237,257.6987964929928,266.4545755484348,-19.30388421904614,35.54801946088004,0.1098372325392198,0.0925450572222844,0.1113951411412935,4.350672179320266,168.946558403293,65.96095888989714,107.02335161744948,-111.85658742346617,92.11126819563287,114.94289037635136,21.557003263996,40.00356915436125,7.088690078636732,73.4233632446443,120.38789359305166,76.3894714013781,55.90108534665045,135.8097227661725,6.1435980507731855,81.7809134184014,9.661845044034,-25.818177837607458,-69.78892504231041,-122.77637804481977,-69.38324499172205,107.47235446252266,96.40579576906772,82.11042478725591,173.05127139815474,111.44277715597886,13.845866274048342,51.40050275765358,80.17947760834835,85.28368153848845,94.8640815928164,77.89564684316395,-122.4800026476064,-106.26487208748132,116.4538514255958,109.2173822206568,148.29293399268929,117.68640227253503,55.86473794735242,69.82977494970604,77.68881580070814,104.30757551809172,94.30031310527616,113.99730174292348,110.35257320881924,34385.6647661927,-31718.792697505705,241036.1414892585,696154.2505227271,-140075.10578362143,-911111.2171493532,560178.5253029488,-51094.674502824,-31138.98417700475,-143111.68624225038,-4045.12544374408,231190.03991773608,46106.43423041052,90334.96286417438,43034.647240566206,40704.44323507539,-62631.10098527996,102949.77756263812,138780.07008071773,-34501.675790575144,-57365.86068713116,0.9959834938101788,0.0083081155433287,0.0083631361760659,0.0185419532324621,0.0538651994497936,3.827180360765111e-06,-0.0013206405106476,1270.0,5407.0,0.0622223279843059,0.9125171939477305,0.7247706422018348,0.780302613480055,0.1264924346629986,0.00060522696011,0.0,0.3021464196549936
68,731775780047.1781,0.9554481042665446,0.1145422401997007,0.068949464252819,0.4622320101796332,0.0620694479419411,0.8015783127551193,0.0844472716626863,0.0352127184717709,-0.0136539840954481,-0.0259486522288473,-0.0810293391825931,-0.0390360127570015,0.0548572032916098,0.0001630371984212,-0.4826421502155085,-0.5406801954152575,-1.82077438809226,0.01472080047955,11130.0,-245.03070423719865,-69.74473205211497,-97.13598244924572,87.48147097763788,146.56042517703006,0.0902729492205127,0.0794381508585215,0.1287094657067329,4.197823396202217,102.42142852923918,138.89681318801323,91.1453880751322,9.948294861445284,-148.7874358837521,-43.92589852908061,137.49146845200025,136.80370786938,139.42314916486612,-108.9524946909844,168.9380215088466,52.67130447033511,111.6114223005824,-2.173341804042984,120.469212952781,92.220434027765,85.87470714442372,66.21999458350362,-15.927582214915454,22.51470773162088,-50.75074709788132,128.70164889289893,116.9928745119325,108.4084931827408,-19.952463145605343,124.73099913609616,55.113626071123406,99.02511201875755,140.74895888473844,132.70892161204856,98.66805119323216,107.37470505485813,86.52713251816706,94.20572988665523,103.38583622165932,104.34846855797969,130.50507166158624,99.24874416475214,127.5319981063274,18.23374656097531,54.018213212145774,65.20633843550954,132.8304600712909,31.9079285199342,57.071613196806425,201066.46347311337,-11073.069529024471,251775.7967675333,-4346.066488129742,293125.39212839806,-524720.3881969604,1730725.846374155,-245324.00076079112,-164001.03188735945,-174393.1253499193,-235011.03783046783,-65648.52574749032,-138682.60359762228,-183184.24525844643,-234240.2530092023,-131786.17000807048,-40321.01499000716,-155963.52357259646,128963.42301181488,38558.51893396894,80937.56222860748,0.9160850689674124,0.6244985437159971,0.6245534978293126,0.0259383414848601,0.0459965928449744,1.339720634800898e-52,-0.0045616927727397,1358.0,5190.0,0.1050998557214513,0.898774523273067,0.706126356094448,0.6991262295982854,0.1570588558553607,0.0004945870198384,0.0,0.3326258524343778
69,21466303.090675,0.7315675671286752,0.0652582541267313,-0.0049488983158847,0.0004441611502229,0.0497710665428928,0.3664188056832693,0.2015418966962928,-0.1234481852607247,0.1714974635302523,0.1478025020731318,-0.0784648364906584,-0.0140224951124358,0.0408454909403624,1.1044261668821247e-05,0.0882105787392304,-0.0039481375205909,-0.0006081636849681,-0.0027145051569014,9199.0,-0.5346874098597602,-0.43947093567594,-1.4087646400945066,-0.6659247174059186,1.9926306669883007,0.1100052450298626,0.0887989316971369,0.0940081214532289,4.089369730920013,-8.489373322988861,-35.47766175307045,-50.42712369190159,22.75536475141293,160.17013157073856,-84.02603129942919,70.12739652179974,5.260594462313865,131.12724811122368,-91.60488541316698,144.3515011628833,-133.04816332031203,2.841547773918928,69.57966372141256,118.51078069147115,165.2409026549078,-43.58429718455278,0.5344582018621713,-26.284219468414364,-84.12613706308981,-97.15292816875794,55.1332938960312,15.142953576986852,53.94925559561694,142.51010150712,150.6388335884231,54.82092018366617,139.0268127708133,-74.72564214605136,-78.75370272571564,-96.9144888564418,-135.87932344836915,57.55669545923593,84.40226648168375,-77.50611214743961,-55.32020509418821,132.94718401237276,145.1390031516595,116.15684286507188,128.8050227380471,24.42050291116989,33.76906856515843,48.26362258691411,-64.78706826648484,132.3599529084207,1443.9761043077951,-1309.8583755899954,-15.69458639490739,-196.53094032998203,229.7393742530949,7758.5022820482145,-2490.67768283442,84.72577814288775,70.549050045527,-179.9380492967891,-351.71520528448923,-581.5189774009916,88.74261969689357,395.5394448673488,755.4673022047634,173.39733745083356,336.47785395206296,-387.0781939504685,-505.142743222872,540.02568327661,145.40273278201363,0.6712366328489169,0.3695091856320263,0.3695640252262133,0.0109679188374006,0.0115711543734576,9.19983200846041e-30,9.049525585476836e-06,1648.0,6237.0,0.0590827874637668,0.9873320537428024,0.8471211118464593,0.6425555250891143,0.1156567041403893,0.0232519879352892,0.0020290649849191,0.087885069391069
70,22405244.2760365,0.7693951819920468,0.1126130976337432,0.036008324637075,0.0007973003421158,0.0533174165140155,0.3330241196505492,0.2296242471074076,-0.1266864371999688,0.1847391264303181,0.171713246520437,-0.0932278712270328,-0.0235574330945607,0.0131847050349858,1.141542115808749e-05,0.0748544607122234,-0.0042476265822784,-0.0035408743094805,-0.0062685634465519,9065.0,-1.0667137478514244,0.7957473131850582,-0.5390880062124483,1.0320297297533785,0.4375341203595235,0.1054865754633984,0.1100282270225753,0.0993256864629096,3.997225959610152,117.75760479527784,18.118344838958564,105.935460242111,-174.6171350575162,163.75271605860004,60.56784647923432,68.14026071277122,-169.95831757280845,37.25171338505062,88.18543404006479,94.32375751787448,-138.04651292753687,64.26464316082509,-72.84973979690152,-51.49160685033111,90.5037323529862,162.7491823556738,36.48665765916593,92.01691478297944,85.16900726408385,2.370751449568856,92.38057380622789,-39.56478713792526,-150.89988883935584,10.344913507400586,61.02289666662463,-24.156622316957943,95.20986454316368,39.44705766807129,-55.47461531899405,120.84065950766716,-31.5331617185194,-40.96592930245359,-21.343932897989607,102.5887839780873,65.62112718020713,-89.15638061496644,86.34809779628348,138.01210218595432,-168.73302102460147,45.341878926915086,111.87383096698524,91.43096674090816,-107.6833155976602,-24.65637036680683,-1757.8029392611404,1478.9063859034543,193.58187860066693,205.7639225425197,-109.70665192417566,-2315.593380664625,-2400.169576119987,-116.917417480758,709.0711816254948,606.3690831014668,-1034.758261874335,-103.54221648663952,370.3052650412516,-1104.6053122193966,325.5495832605343,-676.2166369126785,301.1944275459156,-644.9785685073408,230.29585758717533,-67.77963779518231,-102.36793259349636,0.3831642445845901,0.401316150260488,0.4013709898546751,0.0115711543734576,0.0151905675897998,2.5163748666095925e-60,6.96539242033675e-05,1561.0,6198.0,0.031238273790366,0.9669317247052372,0.6918753193663771,0.6401974225390732,0.0989306279133534,0.0257197696737044,0.0036194132163421,0.0924755312067071
71,23409417.040930554,0.7052534510752222,0.2544239971306928,0.0476254883752717,0.0016202722680354,0.0452564054016841,0.4114410509203335,0.2208026341101953,-0.0709824979881332,0.1900134243960488,0.0869694459975398,-0.0433944838160314,-0.0197895837343147,0.011097151004161,2.992228013765645e-07,0.0619359056353245,0.0153175800234623,0.0081325718241606,0.0071130952380952,8753.0,0.836070341454162,-0.5563088895938109,0.2639119514665039,0.6611001915304565,0.8883713319828961,0.0904187559561654,0.0947714505543197,0.0898357734067104,3.972800974530903,55.01117382282382,-163.63190658737562,140.23525642473254,123.24608517837218,137.71483894886285,31.09510038043472,-63.92314906566808,150.8335447064743,-100.20258860423812,-5.317529289941863,27.58463131854896,-98.23165948935882,-178.7237926699199,-38.99712741273689,132.31376288749786,147.2069430731325,-119.289279318499,24.264580862914528,179.00830398202302,-20.663095511556,130.97792750798544,-44.4189651399863,-64.14688528871316,-86.36856141177819,-7.953529748060551,-140.72684924283712,164.23817524455924,33.96360532654843,-77.07788881922629,75.56363748214521,-87.04082307251248,-31.83329049536353,-91.0107794829961,-45.53557663431012,-8.20656005252445,174.74842526790533,-42.03296535959244,-13.71836460482485,-77.79576141872123,-128.6374588007645,-20.73073734216247,72.13420664144415,54.05799858042025,-145.82415642702838,-79.64044323380357,1205.5610684534226,190.0840996498188,-843.134118278882,-668.2513843754073,-416.690656352503,9544.733337628651,-650.4937639755766,1308.674423221387,-789.6324600638732,-759.9780290817346,1570.833878493581,579.6469030634685,230.1149247336516,134.56906879834395,-45.14937423728851,401.36171719222034,-724.1578742004385,94.09018837625466,364.76494292477565,33.13878269401063,-456.0273882597422,0.7827255278310941,0.3035371538250617,0.3035919934192487,0.0108582396490265,0.0119550315327666,8.715412048820213e-245,-2.7971260900565e-05,1581.0,6025.0,0.0297099200924962,0.9751028242391008,0.7445132245357344,0.6294488620784207,0.1114888949821771,0.0318618042226487,0.0040032903756512,0.0846651702920264
72,30189972.90914166,0.7883189237727187,-0.0318739438277595,-0.0117751251376045,-0.0003203867528626,0.1261755520417506,0.3363855375090364,0.2334933940031565,-0.0178218504467736,0.1556591757043419,0.0768175448900186,-0.0151145973370335,-0.0520263456777105,0.0111487600252773,0.0002173281784948,-0.0140182861371201,-0.0001143544989467,-0.0039546046766783,-0.0012043272675168,9811.0,0.0635157722419496,-1.699340105957688,0.0222648544205982,-0.3310062208245256,0.6184505054986519,0.1010729362346743,0.10525194405318,0.098467819144675,4.126408350733065,54.62556698649912,-26.24761255629068,-158.44552869565894,152.65718126474724,-125.04484842714312,-83.49590255423101,-92.35564116628468,48.177108286410174,22.136718531189068,-91.04993611972702,-95.82027434600164,29.410935817377982,-89.9957663670602,-76.2155231618937,-68.29641691785316,60.78891000130616,93.97241464932225,81.91680381511169,41.02464076641423,-83.97511715186884,107.63796505905331,-121.24854890981273,-125.78208315047662,-10.276512026606284,-39.98530912739992,131.7006908272121,-81.77748263788463,45.55078983497607,45.77897892688462,88.17442220409335,-71.26043845862654,-98.05758244400752,99.6245578903838,-159.97396197078325,60.29839066856484,-11.478882401892928,-81.15100433601745,-117.10840098017614,-174.2695291730995,145.72122149621282,-64.70247084999905,115.21728015263945,-120.28539389979473,58.71642016716875,-83.20235103080783,-1158.6344477265816,-1024.9375656530929,-695.3790922350327,78.31950898352548,-296.71744916312537,1377.6381187568072,3842.4407045559337,174.42814299618624,730.1814772805158,-431.6002639072943,-388.55900743399,742.4662574765741,122.56793124941596,5.762062190273685,30.26348141452553,97.54567034536704,1544.0370240235843,-1106.615647411173,-65.87799547712942,-464.0497592677053,298.8709138902095,0.6303262955854126,0.1196599945160405,0.1197148341102275,0.0109130792432136,0.0248971757608993,5.107995083106315e-06,-1.3162946306148302e-05,1563.0,6105.0,0.054513313036748,0.9771318892240196,0.8169446883230904,0.6596106388812722,0.1233890869207567,0.0291746641074856,0.001041952289553,0.1134882846619955
73,24795139.314050004,0.7490943379946248,0.1462567868974166,0.0345727324505388,0.0011057166578142,0.0567349416616447,0.4295473019118491,0.2847913478877389,-0.1207575464867858,0.1953408804074148,0.09196562904601,-0.080560388911687,-0.0704496378794771,0.0368166889948842,1.4799412640462252e-05,0.0568409007258794,0.0001963864886095,-0.0023347254762147,-0.0016259337152802,9257.0,0.7679319839252875,0.4415417455659734,1.0242632761020325,-0.8658799158808852,1.075778837353338,0.0999493220510244,0.1115222844597252,0.0917670726742266,3.964665987282261,150.405156954744,108.05073521643249,104.71440183366886,103.43058234992024,2.7025890898612857,53.1193432894376,-9.635721059837,-132.43943447175093,-174.1763309585521,-168.66005377621102,-104.77208910480913,79.05598472517941,-59.39724794092496,174.15777038184945,173.37520957990878,-78.25633800063142,-99.77490012704764,76.94254573397474,-157.21212858565207,-127.4375875570038,-152.704219484675,93.10415590836512,159.34240575881276,71.67230368859357,-131.6112779644311,-80.63557238382735,127.68246627317596,54.3882009704918,-51.79028424200971,-110.00633250706213,-87.81384114674718,32.37313729733889,90.6520402989986,-8.190861571915054,-175.7833406135936,-103.37447200062128,103.372530912483,-16.80574635285225,-103.7745800511202,-78.82432559036965,-3.1494438335355586,80.59869015779768,-146.46827958200515,151.6533284390608,-167.49636735043995,63.33034735814872,91.89645037927994,-115.75845206107856,95.51533958956908,-108.83952655675228,-5556.2517191011,222.3979552618944,116.15118577189888,950.8395116363256,114.56062192772669,945.5593275536409,800.8916900072692,272.941975350235,-162.45786841818784,-985.8710750027234,1081.743116489051,-41.33976482645914,-74.74749525431305,1027.865913580314,139.63670690263223,-796.4442019269471,0.3404990403071017,0.1730737592541815,0.1731285988483685,0.0114614751850836,0.0399232245681381,8.003888010751557e-81,-2.632589261229641e-05,1615.0,6199.0,0.0613230558789099,0.9861804222648752,0.8573046432616082,0.6495749931450507,0.1195503153276665,0.0284617493830545,0.0022484233616671,0.0976908217586292
74,22282975.69294472,0.6491601743582043,-0.1947066404063981,-0.0144714122200509,-0.0028063831329662,0.1129170783358809,0.2182740134825647,0.1411468528250747,0.0292817972093626,0.0953761823390387,0.1534255883863094,0.051546317916998,0.0070879308788033,0.0096386452229395,0.0002132433158611,0.1023434816124773,-0.0069751924877507,0.0038630634264394,0.0225937161430119,8788.0,-4.621775627077379,1.6272973563415931,-0.6795857272577693,4.296592805574302,-1.006968179905194,0.0934055568825578,0.0849116858299039,0.1067885740122862,6.50393256176557,-29.242326562552968,44.947258432615406,11.338491850075936,-43.86399330118673,-76.20377135408607,-11.11228902131432,-164.80495409967511,-127.24205187945212,178.20231419714273,-137.7844500060613,-117.51684613908392,86.6390584685134,-157.26220219678245,178.35152627688004,-2.529806573130029,-119.97906516052882,57.21519015477667,-28.92313761518329,8.143187897574943,21.52448711637802,-59.84135224472837,158.12652739199154,168.49233928863714,-103.23114552324014,-82.70042782699026,15.249817291754324,-16.744637217202595,-129.21309871285965,-171.94214033960128,-171.78296983501116,-158.76516466622252,-139.84481304174452,1.9506312241425787,-164.9415626962788,141.8895250900158,-42.24725441219202,-166.64482148656413,179.8422132682936,-165.9014868525308,30.32016018192241,-5.607123983245467,-90.87918430916312,166.57763332354332,29.05802597290904,168.23495052332143,-78.57621653986507,-208.3612825413621,-110.1678891761407,72.41742591184216,-307.7374085165359,19090.119003019845,193.5761481323429,-997.5615567572712,-808.9120631019591,13.055921008683622,-763.4029074075481,-69.65673814321453,-1008.057114831093,-230.18259079043327,169.85887552355777,385.89568147346233,604.4096731863932,-935.1266834600611,508.7371073497744,-4.0635849050674295,640.6335529062593,0.3691801480669043,0.7789415958321908,0.7789964354263779,0.0104743624897175,0.0104743624897175,0.0,3.455273405363895e-05,1612.0,6074.0,0.0349139601526956,0.9829997258020292,0.8455406078724464,0.5889224019742254,0.0822593912805045,0.0173293117630929,0.0019193857965451,0.1287377272586335
78,35694630.944475,0.8127814816839727,0.1185290464794539,-0.0109918117518501,0.0011247535348018,-0.0680602370479933,0.3702164555326254,0.2933960269846388,0.032659898762182,0.1101031823599442,0.100000935738857,-0.0404803152103945,0.1463212022814365,0.0614171632721539,8.269741579341403e-07,-0.0583950998217979,-0.0086709793645594,0.0012542161607273,-0.0070740585188296,11327.0,-3.244425864983001,1.0252118880260823,-0.6822760072736328,0.7818182597019655,0.4494561553138039,0.0971231729939375,0.1001626020602954,0.096008377232023,3.8778747681433567,133.8868671215918,-14.770032979745729,-80.385643182498,160.03272198190805,-68.98309124377344,-47.6989390098554,126.36122252757905,76.20504036627062,124.87411945663924,118.23773563256636,-19.78562680450161,103.22985422540202,31.333102812884423,114.81680959237087,96.36588354098586,40.839101278999614,74.1165267851263,165.51488693659712,-49.96961526119146,-146.2476627263477,47.87278848194504,-56.28901209368711,153.8105326715079,154.51405684747462,81.50231010982857,151.7004233796469,66.51286749695161,125.07204057807648,-57.65038877680716,-157.20174920693097,50.39343936228711,-162.73086980789375,-135.6458675407096,-57.4178268440452,168.55414976573817,157.11378093553964,69.8422207191207,-4.214245010192032,-125.9685215622812,28.601845230818665,78.79502103389738,-45.33324646010406,40.47296703440768,88.36586356371218,13.325749039590368,939.7018566166148,217.0251500549854,-188.9522936879324,-479.7865304565449,-171.8781986980487,-9594.75095080034,-3231.7602385176915,375.0391681468261,-95.78232299646518,-237.4599474779924,1357.8093450353151,-80.82507354616689,549.6683515671401,-253.4815818925226,-131.72056610927646,753.4439377296851,-327.95873276917666,-574.5611228083649,301.03772741324764,228.2869122308969,19.7605164485355,0.4274197970935015,0.8473265697833836,0.8473814093775707,0.0244036194132163,0.0691527282698108,8.071224711593178e-73,-6.224976690615924e-05,1511.0,6432.0,0.0366561830559572,0.981354537976419,0.852558542931483,0.5962160680010968,0.1484507814642171,0.0536879627090759,0.000932273101179,0.1092994389550104
79,38765317.63473107,0.814657823852784,0.2056384379708539,0.0532152639538483,0.0023632425563497,-0.1000686826558958,0.4649156742134109,0.1954851406633104,-0.0044663907072676,0.1366718315584084,0.1162348425350692,-0.0764059205341862,0.193782713714194,0.1609544157371611,4.131511107694619e-05,-0.0911665722205054,-0.0024601128122481,-0.0027760068005525,-0.00218377924079,10923.0,2.56974581588388,-0.6018613180726736,1.603869432744219,-0.72453076146299,1.2861251699404928,0.0956497299831998,0.0960395971640238,0.1015882718896879,3.981383760515863,129.08392260775014,88.42735146169298,102.3712799392114,44.45377719233768,135.07041009936813,-172.92462530475694,31.875914369962874,41.362278612029904,80.40497790621787,73.37392216546515,93.1452185608262,101.79105793496372,125.66895548977858,80.13993018038398,55.4017503069248,22.031929111729266,69.07543095724343,72.85779396171883,106.14343711335852,175.73435497262258,78.49273727951494,103.75261936881168,118.88890792234528,84.20165141075965,111.76920114144284,86.29592467847732,35.55510791421509,106.01387003737857,118.66149660030216,3.6827377840486624,-41.793028255059056,118.09541194916328,-33.20977159833729,136.877027300319,37.33050669842493,68.57508219683494,111.87935498156844,87.07018982951728,85.92251395553268,-154.51829329347436,43.71646003736338,71.89999199790756,27.66600317595885,146.09448366376952,-52.24742018392777,557.4724256999555,641.237366430616,181.1430673912834,758.1591972379119,613.5148685857271,-5879.296249848462,-2615.0596547338114,184.9852498593565,693.1464703540978,67.17244499498725,-150.76725345905356,-514.6384745602313,-263.5202197949092,-128.84454515315088,185.7731226160302,1072.230743886283,447.8561701112053,69.58153832321409,-379.1191644835322,403.3906275532463,-757.2066670833406,0.6577460926789142,0.0049904030710172,0.0050452426652042,0.0122292295037016,0.0411845352344392,2.988923865285845e-165,-7.568694126035225e-05,1523.0,6256.0,0.1141150583782568,0.9612284069097888,0.746594982078853,0.5772964080065808,0.1374280230326295,0.0412942144228132,0.0031258568686591,0.116323113246211
80,36745380.34242501,0.8163649929583834,-0.1015909495193008,-0.0073213385513653,-0.0012989786438684,-0.0415246194167707,0.5247473932733361,0.0704049271378244,0.0113221070749703,0.1383247324816592,0.1175069968431639,-0.0899411507802332,0.1332463167206017,0.2141431443635819,0.0007939954441475,-0.0668019698850525,-0.0057952755905511,-0.0069106083351204,-0.0056001261210762,11249.0,-2.2660009579603,-0.8505375397068204,-2.469462276380123,-0.3031228941361986,1.921499981439818,0.0979256037049508,0.0955893612154184,0.0997153753848924,4.202373507154817,-33.18961285975382,-164.96407185297156,164.95681025649174,-18.35350922591336,-175.58706290064788,98.97206228203903,-117.65331997682428,-106.58716037265974,-139.5937453881111,147.4578658808361,-110.32653564163776,104.43988975653768,-136.67516598823482,-13.075599667565404,-146.6048664727103,153.00159758247275,161.4612217319268,166.06673686971098,121.86397071679929,-2.917471309578084,16.33291073767609,-55.59780696005237,-54.7420835054095,-109.81709523966462,15.10185716305946,-67.64891298432214,-68.88457441552377,-54.75756140373733,-115.66155815068396,136.3821892815773,-163.8297606010626,141.0602106210485,-87.40472582781314,-82.05215773004443,-88.91326233085435,-82.61804752311463,-64.26656123060741,-61.26170756098832,-79.83854049710591,-28.78332438454516,-98.2141520716576,-175.42905968421647,-171.6133543842748,173.81050823720298,171.41453500471698,-362.3768615246989,-423.6158850638717,97.3811756057446,-667.6468033465475,-1600.5185763977204,11233.466425486638,-2250.94874449074,500.8158409473372,611.3032484959692,302.4000360544436,-47.44209436561764,575.8994039419836,-201.66632371753124,-164.63203893139342,-602.375623178282,-835.2584923020381,130.7112884219593,278.427540636931,340.6257507645372,-430.70893634742106,-506.5756925073854,0.963257471894708,0.3379764189744996,0.3380312585686865,0.018535782835207,0.0291198245132986,1.5323932303587742e-46,7.541271321230697e-06,1574.0,6135.0,0.1926512121194463,0.964902659720318,0.7693693693693694,0.5616122840690979,0.1408829174664107,0.0388264326843981,0.0038936111872772,0.1236961692611372
83,754351806339.0555,0.9706674638462508,-0.0440083658501618,-0.0330512681213149,-0.1546101802675447,0.1090876373851835,0.5789787283816874,0.0768818729348114,0.0852175485365155,0.087650907772222,-0.0345650716396679,0.0946097107814932,-0.0228025302133665,-0.060605586062775,4.522444935619436e-05,-0.3973786729235606,-0.6927744848998024,-1.254193079767565,-0.5010390689941812,11561.0,-829.9048964616412,-6.298043719978365,-29.315729907884204,-127.81168081437308,-19.06931324995552,0.0898108805330402,0.0915416301882788,0.1006852580428072,4.206234172267186,-20.16506734353274,-165.5102623170406,175.2412219298145,6.9449530910537804,174.62533220281372,47.58539866816002,-127.2610784937166,-114.26611137122164,-89.91965360418146,23.038752463556545,-106.8820408789996,152.63918300973762,-132.34526631754312,27.08105316563188,-93.41540624223492,-161.28104862238897,-155.60808477655394,178.62854862884728,125.33023944873018,-7.262380167053351,108.36612317673756,-80.75425837056886,-101.26222228654616,-90.22267611960712,-7.311290067717159,-82.62547785061372,-117.44468496448968,-117.28408797836896,-45.40072521159445,-98.24271794961317,-130.65475615276551,-112.27688807980635,-33.7167891731252,-93.4260584724732,-106.25297271456044,-85.84657287688871,-93.89918526737236,-88.6547953713596,128.7687303761851,-57.29933854211411,-51.18533879985983,-91.72077291897816,-41.69453333169362,-99.35760982411962,-54.614254368815295,-120430.71762556052,130967.02090055622,-192757.399718152,97572.40981897428,-186050.80413007984,2029720.549789322,-2357727.7809538464,15498.84888455915,15970.981205543794,33005.67745198641,166631.2335328851,-144368.33786176523,171596.74097043206,165604.66114933457,-30569.837900173035,-55200.70980649635,17481.553257283595,-19985.26070098758,-44012.33366703718,-3246.7994729632537,-34618.1735677004,0.1176857691253084,0.3379764189744996,0.3380312585686865,0.018645462023581,0.0385522347134631,1.6808118429137656e-06,-0.0097899413151977,1619.0,5449.0,0.0019902036414015,0.8983273923772964,0.6740506329113924,0.7584315876062517,0.1599670962434878,0.000822593912805,5.483959418700301e-05,0.2972070528806157
84,969526220719.5972,0.96879189373147,0.0941505053845864,-0.0184084651904798,0.4355794226389552,0.0594575421156217,0.8174056185776595,0.0413342973866152,-0.099163242069395,0.0702405065350376,0.0253326824386948,-0.0503376688865553,0.0395815023592301,0.0420299678068231,6.91974667840036e-07,-0.516699252112737,-0.0428591179317019,-1.2984107068172313,0.0433840225693249,11340.0,525.8301019228066,175.85887359728508,208.99510792437883,47.621532947540736,148.24525232113206,0.1049791264270943,0.091247162751657,0.1031129478672585,4.448313871006251,56.927251645344775,97.86028141746104,123.07894036521732,91.06461706168496,129.36366895513174,151.26445716217256,26.764936153060443,45.74012541052388,65.3776681030994,59.83109011176983,71.67071350581747,109.6244800007581,-4.798568663894601,110.13027950234375,65.50576532908678,36.86317365722994,38.89962635572146,38.372553501157846,25.948440410208143,-175.4463575120233,9.23178231367434,152.92760245468,97.69883386534993,72.90593134957955,-155.4015081426779,109.89331026749844,11.729033672248736,-178.36113647255476,126.72173172475668,108.7630942395934,47.77329946240664,51.23990832819685,-14.306290434717967,135.41041352320718,129.2172298168458,106.5432476995442,111.20715262933048,98.63571638872706,75.67089221244716,164.22298479924393,91.87988426521684,78.45017162790059,76.55928262678717,64.54427376764102,66.9125488495304,221075.110680531,469848.28920619615,153166.3117577231,136602.76968603837,402047.38068516494,871707.2659417803,-1199879.9756468516,-46211.43513366078,28925.09300976448,-60208.436282351904,-480333.6400173104,-78201.04010115966,-146708.48259454756,-54943.34764693865,-58121.511937684816,235130.74481245925,-75690.47370869992,61676.622122999135,-61155.450075213565,52763.33256799565,69158.40884069008,0.9889581283480924,0.3694107357603586,0.3694653984913086,0.0184213403301628,0.0336175795342735,2.73671755292424e-46,-0.0019134047671113,1495.0,5389.0,0.0903031002010572,0.8793593527932656,0.6504039284017108,0.8003170438395102,0.1454028643271017,0.0001093254619,0.0,0.3407897213855095
85,837386521508.25,0.9434043457756468,-0.0236072732844849,-0.0180338229806885,-0.0879582152982186,0.0743827817211691,0.7590789214565368,0.1944653646358653,0.0213135102953791,-0.0394038070515704,0.0010858576038647,-0.1020026276032559,0.024993241792088,-0.0007664447814461,0.0004578590831097,-0.5272682945470786,-0.3324445691832725,-2.2367731288224446,0.1817676872873707,11192.0,-276.7175230167701,327.12954686658264,435.95322435112377,-795.6770665021886,73.84011794835507,0.0814546822250565,0.1010199231540492,0.1103127174794631,4.141509519401754,-59.99148201647805,-118.24583395836044,-128.86736637790443,2.616824565431413,-160.5742513951004,123.4649513093888,-120.32251369465396,-94.38829531094824,-103.46506734487023,-123.17004839526427,-103.6562914224232,-170.9007530275157,-121.58357234334724,-14.377291656397148,-169.62495823062292,-132.48120772963213,-126.13871473873262,-157.57049668596585,-164.41281567865073,118.54031247412776,-178.62666926573823,-49.89676588016112,-41.35448646465642,-78.68148328511191,23.013339735481736,-88.13245830788445,-36.98931328665734,-51.18949325400903,-55.11460861674671,-51.175809455055074,-70.23928086864012,-87.8564596482891,71.52992660144322,166.86357058694094,58.84427236132067,-152.90005727096155,-95.2077035128732,-103.10753978615878,-133.57116889338397,-41.3850717390875,-72.86792506064597,-58.76178168484216,-37.369338429953984,-75.8023695235951,-83.60903757083575,-55168.55184123934,4447.010314768973,-325483.4688155484,-396451.894674393,37730.55472298915,203756.8707256681,-2094543.6088547527,328446.1769836764,46300.03567202174,10355.890716174034,230685.2422119435,119581.5942649163,201639.3229465131,168463.69053840378,199524.39865491044,12021.074483679238,-166509.69681122655,-192945.79127135247,-125613.17179912196,79265.66206150266,46314.51875883633,0.0923432089265102,0.6230967954707854,0.623151761666575,0.0197878304842521,0.0535920408948496,0.0060979340843772,0.0153372546863833,1285.0,5538.0,0.0554993558828098,0.915132193700874,0.7267740222969385,0.7556202935194856,0.1361512669708129,0.0016489858736876,0.0,0.2881380759974536
86,691476579128.1975,0.9555231301101516,0.0968853605139703,0.0664362809037152,0.3792127348167807,0.0659445469285208,0.8035661582015171,0.0723594565034118,0.0568720001818616,0.0034776640167127,0.0019885961241226,-0.0938334371936352,-0.0510860769133093,0.0594660703647934,6.335538157008078e-05,-0.4438136634089583,-0.5754782851557045,-2.301877800019064,0.0009678534393363,10796.0,-389.828683009806,78.5001907706527,482.3708517391981,12.699539521066509,-37.50693316229004,0.0898366217801907,0.1115233803845294,0.0859401841274409,4.128745930175439,130.13507677368756,-58.41661228251112,-40.51061248013277,85.01436910856985,-48.236503824201,-69.56048351543123,97.15711752644796,-22.03507498523694,22.27230112570223,-4.686410155679583,54.294136902160666,160.9380394935087,-150.9130625491935,122.20323423896691,148.44487574425114,135.28373706154127,154.81864164970065,-140.6196156963833,-119.2213195656608,110.68562539132812,-132.88441706284945,44.91682783918506,76.47714104092847,73.20620126377541,147.96050622127967,84.98671775547763,103.72887041391522,-168.471670232194,98.84224232525438,132.15858886632307,53.25222832959603,158.05948160010567,-36.68871036510807,-102.04274118366332,33.466073132176945,45.78235059076632,-127.27301870386322,-155.50980590289225,-150.98567154376843,49.67258912134624,99.4824649920701,72.54179935038592,-167.2911529115273,41.23314011600924,38.96850469345353,199020.17616012588,-198072.04770417733,-42559.53334496796,38242.95380415519,-50636.18985494418,-1384213.7499940102,-2398040.1793082533,245337.93311035435,259085.4032534672,9637.312707594525,-19115.403412867145,-79141.00223723115,-28265.123022343963,127810.6129615115,-134416.10395574584,-129781.25770245287,131251.98814759508,-65681.46719727092,15621.871411662722,33012.279346955715,117805.9863884509,0.8011965530490147,0.5074921784949777,0.5075470662495197,0.0242054997530051,0.0480816729787584,1.931788938057404e-36,0.0046385244551792,1331.0,5326.0,0.1138098935359702,0.9115209396783578,0.734475374732334,0.7380756353257588,0.1329381415006312,0.0004939897908776,0.0,0.3326165803594965
89,239081293824.25,0.9790896004937,0.0183045253543943,-0.0062593168628352,0.0544349104228465,0.067423080039101,-0.0051117340611661,0.3106444465583202,0.2575411724664155,0.1752651112856819,0.0592320945624979,0.0429887745962901,0.0500760942670581,-0.0641305362174737,3.785112080597908e-11,0.2441369358851584,1.2989207611474014,4.407937285644292,0.3624387888819919,11435.0,172.99072872716124,78.86382947032803,57.07249803673003,38.37139021725213,24.37136305219172,0.102676382134879,0.0868698480495399,0.1261426525162172,3.304558912380688,145.3327915393122,103.61558247408944,125.77102016202598,-66.58967305086759,122.54832095479172,162.76754608898892,23.51992480920696,68.14764222679801,72.67873122439451,80.70344242999947,127.01191689168256,166.69066991384176,26.57441262367761,-117.84262240604598,66.72924235735607,55.53413285220107,60.64380805093609,75.1722854146956,59.82615150377365,154.84549225257084,35.774831219292615,163.9761243628081,161.42671582815188,64.25385501033881,-136.39918514060403,73.95278107351777,27.19541876007957,99.58171895339989,77.03134228104526,89.81021409408814,91.097162556136,95.79665270309928,-66.90465087255595,46.28784468618109,82.16320862968853,82.54189191570417,98.41407599706424,89.88733980532864,84.11027150580516,-121.08894638763124,-12.025822128459287,119.36661145255864,115.59428600895254,113.67250398819344,130.87532429711487,515266.5326203511,317513.5608274004,193825.7557065524,198121.6239487881,95611.76940611655,-572236.6882501267,-1907093.3396255688,-20699.65297895677,72245.92164872104,70157.16439369277,111301.31070541972,-30096.251872691224,21474.15930892945,29036.29931483529,25449.374227627603,-50911.35682645864,15709.02007490374,14778.42410405021,22316.225661342723,-49424.600815649945,-31864.977003190525,0.9276348274537772,0.3225434794535579,0.4021506556207823,0.0278158775443024,0.0364843364239863,0.0039454972265065,0.005432098765432,1385.0,6004.0,-0.0641492313971953,0.9378394689197344,0.7642530170620059,0.7007187139957206,0.1713940856970428,0.0002194546551818,0.0,0.4533695202072145
93,40052039058.5,0.9653385441206324,0.0513468753454681,0.000350806258774,0.0545503483090279,0.061937497974763,0.3098955533044388,0.2002488014605924,0.0886382197649003,0.0818705679324595,0.0601811481462533,0.0346602682855951,0.054080614961552,0.0107495071385936,3.699811493263136e-05,0.8744573778697362,0.685,1.3616724738675958,0.1360682933572959,11444.0,114.27203572254516,20.54101725461076,64.96221276879058,8.620826202051823,-21.05207321562977,0.1010289957045583,0.0992170196240397,0.109639640957757,3.8753110619172015,-4.345473324242486,106.4592624576122,101.7572743505725,-12.695690660197364,104.96156376799804,120.71629271976232,22.365453907762024,35.14222692602114,35.98310193115704,7.84554618115505,26.9533630401558,101.71892473495518,40.20293505199745,117.62294143805524,20.468325509003204,15.775076587998576,42.89704465326077,14.22639043675384,10.51010185243045,82.01212917076519,8.543344627895081,157.5553077632459,151.84334706058607,96.63909765755731,-143.84908615002973,132.09585988937528,85.45584712475217,127.33088323933626,111.96655608936592,142.55452516993637,-179.28301857188276,1.6608445263938574,11.52803579071012,-48.321400587895134,52.34687872983777,70.66755398950053,93.18424571190826,76.80763473916673,54.6799627961464,152.5602730718382,142.11376755541747,52.08437368192229,68.05664158764489,150.03411824090557,65.14384651531115,60119.19673170959,63805.0940717232,30922.830404003576,2769.37987264002,-3340.3877457378267,97686.45712317852,-183578.506818413,-50651.35078993684,19608.26391225209,-78695.05104131096,-13567.330987520538,-73202.78692131782,-18295.860892315308,-28474.54099319454,-23517.8684739305,14343.617681358071,21860.89220007712,33030.49303215453,-19009.44864982753,32114.610252459723,-18730.677746436104,0.6164481264058814,0.1348000219454655,0.605969166620947,0.0215065562078235,0.0420255664673286,8.68804977630806e-13,-0.0005761316872427,1415.0,5977.0,0.0295483884779598,0.994019860646294,0.9418045915643352,0.7756624787403302,0.1515883030668788,0.0009875459483184,0.0,0.3919557647462433
94,44061424716.75,0.9662971970793898,0.1329269995266912,0.0182340287343723,0.1501147883136399,0.0733201025862948,0.2432571533504393,0.2295079490830799,0.1039754907115339,0.0915158989367494,0.0735534546414614,0.0409555183767139,0.0476412208899597,0.017526280289614,1.779626435209614e-05,0.9381781539182192,0.2691916993179509,1.5534268220422671,0.0717982335081424,11560.0,-95.10159827774956,3.888782273421053,-58.84624415646637,80.49390336037757,54.45656712502973,0.0783013366948266,0.0943309897028807,0.1046735479083752,3.8213571927884646,114.74846907166813,-178.35455786435006,172.3688661006699,65.37284639519113,-166.12944686521698,42.54514612127946,-155.05300852468147,-134.36804630619255,-102.3840427074166,23.764838529172785,-166.6687002143044,143.8977407781839,-103.9341516004004,46.63856148693305,151.1088572803455,-179.36425752736417,-166.23691738035046,142.6583439678317,134.9915829517533,33.381331471904474,126.05329629163498,-78.33797908963088,-74.6148246513998,-89.60404955337943,66.8385360991024,-166.7736848883702,-110.1493255775032,-95.40110221772665,-120.52155609547906,-72.14629808325154,-76.96863248579325,-140.86804063618752,-56.96227244885788,-36.92788013774997,-131.36348804964285,-0.2394326900254184,-173.22828136370285,-92.46927377826556,-21.05374316570156,-62.55987204817296,-22.484794704539,-104.01017003735204,-83.14045352527326,-89.81623213039856,-57.778965659729735,102752.01183296317,-43460.33052034331,-45934.24446729243,-69762.36445794714,-27120.33770839129,-245106.17050830307,-476517.0264168306,5897.447305179948,6431.154071664314,-39168.732864245714,-2739.466106977553,-6274.105992945301,-45778.1621969252,-2078.466156304028,-15336.290857796192,-27193.635615736675,58120.52606157052,3322.9657220659183,-3882.4507640321167,-11874.96378947508,157.6806599689644,0.4330958904109589,0.0271780821917808,0.8927671232876713,0.0235616438356164,0.0508493150684931,1.7059149572754483e-69,-0.0009590092064883,1466.0,5983.0,0.0359144916426372,0.992054794520548,0.9314096499526964,0.710904109589041,0.1516712328767123,0.0012602739726027,0.0,0.3960828791044515
95,39624527561.0,0.9682570983329368,-0.0165168825647056,0.0342437273061155,-0.0175924161478177,0.0630790750274093,0.1140509479633953,0.2899342115205802,0.1863242505812081,0.1157893072334222,0.0671033400453667,0.0442662068128649,0.0409671939951861,-0.0147325082781134,2.808389663134836e-06,0.8902797951530211,0.3587883959044368,1.3440881966218263,0.157170515834601,11273.0,137.95950582589728,0.1622750492214364,101.19579887455563,-17.582189158604134,71.35307670406615,0.1011511869215292,0.0976733812672447,0.076058590411215,3.696968811883616,6.692617844637958,-70.01946668327146,-50.8927680545646,6.813767252273539,-33.14655408690301,-41.33725905312386,102.15587557289616,37.38755541185154,-32.44759805756182,-139.42716794739363,-139.06064977906144,146.968966173612,-51.267461029939,152.89288861778132,-44.26835061235039,-87.77945202533574,-132.9516051538363,-165.7560385492156,-110.25301569443609,-163.21675738896693,-102.1571706756513,72.49631616551088,62.422385389198304,67.93044628027738,-165.6251356705819,76.48093257426382,78.71973226247995,79.1292079464161,55.05023285091418,74.4331659556859,43.85393144049355,52.38631247261562,-46.3176859768404,-15.55876367305058,-14.65265978601612,-94.2928683392902,-103.49179695478084,-117.2929415233882,-95.9610999252056,58.54065143057619,101.94022415701946,104.96049522827556,76.71325002618664,75.38112035195796,-103.89490628409465,-64745.72230393236,-4720.734857295609,61430.48414817349,6490.331142819614,-14067.65380748843,782277.0758620248,-493325.7427714941,24820.63198362981,45475.51093418145,6091.954758948736,58890.88021597351,6310.295526356462,13848.326103016543,49976.3887660058,26180.9330333704,13175.144099951349,-1956.7454262742267,-4546.453671042795,-11996.632910615785,-15405.936593359576,4563.2201586941255,0.6239508475506061,0.8581381315486313,0.858192989193044,0.0357123265126995,0.0354380382906358,0.0077085963334742,-5.486366379546826e-05,1459.0,6031.0,-0.0063940292287458,0.99281364858193,0.9356265356265356,0.7488068462340227,0.1587031652860826,0.0019748751988589,5.485764441274892e-05,0.3895406438365642
96,502421594773.0,0.930001858392519,-0.002723172777249,0.0643461402065719,-0.0104795351079552,0.1481821401696463,0.485161350826673,0.3509236005852266,0.1132783636013297,0.0092717110268416,-0.0419774824979096,-0.1001572508930221,-0.0376834597143915,-0.0099742011435158,1.468917912708137e-05,0.0894205139612248,0.965601611974669,1.9968507036708985,-0.149851118343605,11488.0,290.1614615404509,-45.78653424363366,-31.775282530813083,-213.06150370502863,369.1670395237636,0.1112373641786852,0.0938035452343433,0.1047946098252173,3.700301431091768,-62.11410534424319,106.75731560076916,124.92308839916517,-136.191753841606,113.93264155637524,140.01574958879232,3.368377871496166,-8.2564495897431,75.52046196871413,102.35041623974888,-9.623123625545498,79.01972428791957,39.44470887705437,-130.4826110167854,14.930669756722429,99.14255153513042,39.632181648555175,67.27391055834806,-3.1383995993530744,-107.0518247236987,19.0615020253042,178.77015716974677,158.1924528630648,-5.7586523824902,-151.90346399256924,147.25642614548684,-64.51808325966108,141.73249190861398,34.113732952764664,138.52441215242447,167.50539672933303,132.40783035683964,-24.687771528773062,42.51973567792285,52.41649410591149,125.46215290228552,73.00710703400087,1.491746025994968,20.35764578031242,137.94968413481382,160.17830391359803,47.74339791672752,89.42942488176925,115.26396087828904,165.43193828273596,154191.75272041172,99237.97101455438,-339133.0666898324,-302343.58715766296,224632.5717229608,252191.6792471496,785892.7401467294,121286.54126215052,-253572.35156410607,-161464.57226149773,-244334.5146786168,-90614.51115083868,256304.5493872233,619.9179614490846,-318465.48299731687,-160943.14351324487,-144501.42560029373,248579.09124906265,-15919.55724249042,83069.35713808352,-67254.35848902931,0.8970112421168084,0.6404167809158212,0.6404716205100083,0.036742528105292,0.0496846723334247,0.0363248606034935,-0.002193824384358,1141.0,5653.0,0.0633289814837839,0.908034000548396,0.7090562109646079,0.7029887578831917,0.164847820126131,0.0024129421442281,0.0,0.37391183462089
97,499082388906.2698,0.933652584861284,0.0870923705485935,0.1016614767850728,0.3419737939593459,0.2076918084357533,0.4657294788423089,0.3334923322972641,0.0880099579956313,0.0656654478293124,-0.0501279943775446,-0.1683207284446672,-0.0737296460442417,-0.0333557605857421,3.828944843172554e-05,0.1191571798519685,0.5005963455941987,0.597457627118644,-0.6721470690253208,11411.0,-1151.3254615825344,37.17212146583076,41.62485646237771,-677.1583047694711,322.6777203207613,0.0784470425189714,0.0882805282501654,0.1116808824330785,3.737988480322608,82.48197569868692,-161.6174666788936,151.11994955306844,-47.94716156450361,-98.73607115052198,62.2235635570018,-121.01073981273242,-172.73249689100052,-166.62486846136858,-175.9898280900233,-177.20824785027705,125.06830146933213,-169.3836962425792,34.65647212382853,-110.52423140962472,-129.3899284952506,-173.61333002460142,-132.71477932134655,-176.8965717395762,39.31583940692475,106.5199122247098,-71.04178948224978,-157.54199017941573,-96.15529251735438,18.460038670921325,-84.40041565697048,-119.5201098924587,145.65781569433335,-50.21057806484703,-74.27226316252246,-79.03018239917297,-74.80008968792754,-61.56418459833567,-153.6459707976922,-68.62994341125228,-96.622070823312,-87.26291228237889,-92.71774558288558,-105.50261202180306,-90.5013808155575,-87.38603276389215,-93.4486532625886,-115.90736250260804,-77.80343553086198,6.82443578145151,-750217.7127939882,-190835.6890819587,-318921.4874296258,53084.28161116557,-120353.88639446336,339446.49051479367,-591404.876414997,-68994.3971831763,-92589.26179055795,40273.60627260283,-263808.2581435779,-209118.5853918685,69779.43244749424,-155363.74663371817,141832.48613136497,-328457.0359335736,-35748.33301222067,-49407.43757484584,181320.089605044,-13850.032732287054,53896.28802186805,0.7132986015903482,0.7748834658623526,0.7749383054565396,0.0291746641074856,0.054620235810255,3.657687060335051e-29,-0.0040859979158668,1145.0,5465.0,0.0665294750767608,0.9062791335344118,0.7120471777590565,0.6984370715656704,0.1606800109679188,0.001316150260488,0.0,0.3882231966053894
98,506585212604.74207,0.8851149939771202,-0.0006827999920482,-0.0349575196091422,-0.00276457474211,0.2488051293651649,0.418552096476753,0.2473214928271541,0.0355469641147258,0.1547197337880675,-0.1263563426486329,-0.2269267913645954,-0.0490702803959945,-0.0622636938005686,6.155492104470309e-07,0.1033753768351366,5.445116419715754,4.57823677581864,0.2487250172294969,11633.0,-35.840120888189404,71.58213925005796,298.2004564854914,-3.3025211190577224,351.48845957668595,0.1048801600737894,0.1038649324216525,0.0840955657508294,4.232341975890729,-3.927660316406199,-46.6023978645962,-34.125652480129595,79.14347875162338,-59.40312029924368,-78.94494548747544,96.13932588548283,69.24599271073137,-177.7231208503553,-119.30812281001788,91.57257027215184,81.47957587022488,-134.37206351956732,-179.56965885449813,-86.59999946899292,-67.1255111050353,-179.32267910065153,116.96272935447188,-99.23945941788745,172.05313023722556,-113.59605910148848,64.51497633936039,4.136660415127342,140.34041780810605,-178.5862126696837,-63.07475036981795,34.1368520693478,-142.2546509389374,32.11105022625442,-45.11802346257352,-150.73258746887518,98.5554366919014,-75.89178079301504,-92.53727916565754,-97.40465599038814,-172.06406446305078,-61.12841323589683,152.6932611276087,-138.06853860966214,64.06747478303272,36.75692874689593,15.4909981918516,175.91601197924933,146.0221590642493,28.216598053655296,-1147640.0058053208,-828051.9867570134,-684504.7579924273,259070.83396029932,-624739.3808653775,575248.0890352789,641333.713126675,559046.3916682717,115828.8815797121,197492.02180147087,-1111076.8263703445,-454525.1274796913,423499.35757482046,-41618.26603852848,61139.5174758019,328682.6039469047,-333947.9109821764,-271245.35748288734,85001.33137201032,99091.17966157998,-156469.33970103803,0.2119550315327666,0.7494378941595832,0.7494927337537702,0.0471072114066355,0.037071565670414,0.1778083301416679,-0.0335106674710689,1176.0,5600.0,0.0445067891255464,0.8921305182341651,0.6634154688569472,0.6282423910063065,0.1882643268439813,0.0156292843432958,0.000603235536057,0.3817747330760084
99,494789088011.0,0.9294066518069332,-0.0062346642036628,0.0430230315261299,-0.0237425692139334,0.1379528050203381,0.4935712463493572,0.3365769848215144,0.1150100338838801,0.01013919863658,-0.0330966047020533,-0.0879628742767032,-0.0376384477237639,-0.0136331573751624,1.378607238369933e-05,0.1007174141637742,0.8369377162629758,1.6565457413249212,0.0249255694800249,11523.0,284.2694877794696,-118.3492662693506,-0.2399526308063253,-185.6450233439961,290.2749166746522,0.1110122895187592,0.0936140199457475,0.1048384472534017,3.709528172688024,-58.1309918882499,107.01833610818888,125.36168515510668,-136.01948307469195,111.7168328630402,141.83635525471993,4.112609728013205,-8.626891564514615,72.4372739668819,111.28438380462164,-21.021402488290928,79.30183129695762,37.57780240901504,-131.77106187844768,15.941173999039885,95.70846332551244,40.12724906392227,64.32871879581482,-3.3177363154556674,-106.11847498274368,19.277601946391947,-179.48334484978778,158.38428873330315,-10.735025099131002,-149.5962991769811,155.73286933839128,-82.47648951198599,166.61192664857367,31.419942257850792,142.35369126439457,166.9298559932142,129.7503795992265,-25.840790708734986,42.15027649989457,42.86736760122863,119.55496588304008,76.94585063103725,4.200329489969122,17.279454261482773,137.54061797165363,155.1243315801382,43.69726519813029,96.57205881418614,119.81190034858672,166.85264705506594,172080.33686462406,110219.4540475482,-332343.237805194,-294057.6091522211,225123.4544439428,278770.1068751737,764190.6397618826,121992.61283687984,-230259.649679442,-181390.69179278816,-251922.52929846343,-63648.23541118232,252945.40054769904,19800.509603779523,-333198.3260585341,-148247.31931238837,-116864.56276462627,265886.7106159775,-19795.34569885788,116648.7011476742,-83148.53966029966,0.8970112421168084,0.6404167809158212,0.6404716205100083,0.036907046887853,0.0490265972031807,0.0443485821628235,0.0013437174354192,1133.0,5687.0,0.0554005738443415,0.909843707156567,0.713588850174216,0.7040855497669317,0.164299424184261,0.0025774609267891,0.0,0.3731214057612247
101,502674661068.2143,0.8849824712553712,-0.0003039823544677,-0.0408883679680668,-0.0012186113432425,0.2449539271850765,0.4131388125782594,0.2520073064982134,0.047270234092098,0.1524906829608105,-0.1266510459347586,-0.2287519075104544,-0.0675937051834435,-0.0479725462975143,6.022872762178811e-07,0.1036442936960173,6.442485944385352,6.304426741958253,0.4519244033659815,11634.0,-23.855751603551607,18.411014855232064,300.5869358329073,-69.3009684472773,405.1464827030188,0.1045280497913733,0.1035318932098263,0.0843210138938117,4.22035046011974,2.648435715496901,-46.51114418706446,-34.70624377615693,78.93199795593996,-60.4830783947549,-79.84882414992782,95.75438591965532,66.90911737172031,-177.4351123477227,-123.18473592543828,75.84363471838499,81.10684736562256,-133.00849607983724,-179.6533008355094,-85.68517404387111,-55.16407759211763,179.72861529541422,117.42550181183545,-96.50216460974802,171.26561258449962,-114.282173936143,66.97093844428002,3.938881320253931,141.11973768108354,-179.2351677316718,-63.476658766819085,31.38861869724988,-143.03485105328957,34.122497672180884,-43.929361454780775,-152.88709235068336,98.06021815532765,-79.53867426962074,-88.66384424845802,-96.9639631021905,-171.06006153548194,-63.44391531168766,147.00415256511732,-133.63252623481122,61.77717211973116,38.01803967066086,8.10105893771139,178.79342625281635,142.82800004612514,32.22532876957804,-1155382.2781376482,-832341.0438860563,-653387.3936290708,289184.08380327513,-566842.6940589466,554294.7280909487,682023.4013679961,562443.6260850938,99971.76611762226,199556.9246110168,-1123364.345036659,-473265.3170127156,398171.02451684646,-31764.56060791582,75706.26757295881,336068.41328314366,-338525.0636659673,-260119.45477174572,131317.72422302936,94392.63841019417,-149677.30218005105,0.6857691253084727,0.6624074581848094,0.6624622977789965,0.0565396216068001,0.0350425006854949,0.2839577518105393,0.0217188614051445,1149.0,5618.0,0.0564204198651708,0.890978886756238,0.6614441416893733,0.6261036468330134,0.1870578557718673,0.0160131615026048,0.000383877159309,0.3820125910150074
102,58062989006.27778,0.9726905766731242,0.05194445895989,0.0321268578727277,0.0689756973872859,-0.0032208907373901,0.4377319329245775,0.1319226639912171,0.1188097986915148,0.095453318454681,0.0572492426995888,0.0465550642008423,0.0243145861807675,0.0191818179147745,3.0665030673381165e-06,0.8447886983130103,-0.2810332625619249,-0.0295277531302376,-0.1373020855130083,11179.0,46.68904938059927,-45.5574477093156,-54.43604888034387,-2.153563563336412,128.56294386126004,0.0935379249492786,0.0999707477485292,0.0950719979021947,3.779532725594072,133.81887894124222,-34.321001766571584,-95.40544129211912,-112.26222448723637,-72.74775883964763,-125.71293907439444,11.3477521913786,-136.24634879602695,-174.53374362427203,-92.18247859110188,-104.42111435651547,105.62419087355867,178.9445998438484,29.882235078190007,3.25732700510399,169.26664536396754,-16.88952566630041,-159.26805348237897,-137.8489178756332,92.37581580239824,160.9271832560312,-46.09228510462248,-54.90358255830102,-41.12848804053159,116.82857809211966,-86.54918349885628,-28.17722442859155,-34.44567746267148,-42.34368417987105,-49.93959585510076,-67.90733258690312,-72.06248161874461,-124.85209540295584,-100.70556492700926,-61.21476288733029,-70.26067928321099,-32.80413124855784,-58.08631810530236,-87.07381310542013,-63.02761512440789,-86.34090186223439,-12.148149406954069,-50.8146815120155,-9.951112643581263,-103.41174043700704,10139.454694343043,-43457.79192135479,-13606.185348818672,1320.4407792192146,-67771.40286768638,-735540.3555274829,-216487.9732935409,100236.81329305598,44714.13995135808,2275.4580975157937,125901.20322157932,126274.77497826295,63325.03432366165,64068.94725810192,36112.026277947545,66695.27364804465,26459.490768028387,5427.274881001149,-3814.545574527267,44524.15158507906,78391.97700911402,0.493306781723642,0.3144153114282553,0.392465980750083,0.0199137072685031,0.0448611572076557,3.092040024175471e-11,-0.0013000663863686,1487.0,5706.0,0.0186300027504752,0.9853412988162408,0.897047397047397,0.7298926872441642,0.1519526496293838,0.0019913707268503,0.0,0.4068030798471166
103,59391896537.59491,0.9682745440731232,0.1006805998700608,0.0459520958825115,0.1382028999817319,0.0247301005928388,0.3852688882788281,0.2308678876612012,0.1298925484762338,0.0645854541234116,0.0334979653821303,0.028572891393641,0.0381726518854243,0.0302743789860577,0.0003104329880125,0.7850174012767804,0.0682183744914372,0.2866350067842605,0.0860997763791871,11394.0,39.33852787438563,29.450213221988413,70.05288148018003,48.54687204777938,22.49296247797965,0.1019456892308088,0.1160635191601703,0.0832704128454335,3.7191530595819153,122.5741273369925,-11.281092111155123,-6.191678482953969,161.21897650461693,19.747396724041515,41.90491308416399,-161.39627733912417,-30.74940550055421,156.75286770374933,37.712764180083234,-54.17440937286708,-108.12629244697273,91.10411828705524,134.62399923300816,15.579527205619293,50.417483119528114,-70.85163898030129,-4.210056315152545,-23.97350069079756,155.05890641914297,33.8113961575252,-132.70185879576803,-136.09455902129275,-176.29274149942643,-155.67514048139753,-126.01199605908133,-112.316966605884,156.95809930694205,-19.501216216614203,-141.83947851485084,165.2006133479823,2.572962479897732,-149.0441864592013,113.64292642430034,-173.2628697600194,-157.57301958028586,-86.95386895023078,175.54325187013958,-145.48836011944576,-24.72255715500476,-17.549075623825,-173.88709487296234,-1.4927906917622964,-70.33353388974128,28.40370115160392,56631.63981226113,107356.35656035718,66820.11201049693,13113.832869594073,16352.602050691728,-531274.5868554801,-278878.7661246155,-30342.06870119721,-20911.70191542206,-8762.46641746352,-47245.82368532024,-46219.64957420683,29879.77763737904,3769.563770569777,-68256.6535200007,-11412.66520801453,-69987.31544827038,-56203.83305138964,-1835.881427394412,-18406.488701692346,8343.522617043194,0.6348631902176893,0.620606459395734,0.938696057465592,0.0390415090201239,0.0269232878214618,2.549143473136915e-31,-0.000712914724431,1500.0,5775.0,0.0409505512045221,0.9646871744256182,0.7777010700724888,0.7366343148544169,0.1443768163623403,0.0021385096232933,0.0001096671601688,0.4175797739487638
104,45376489213.97619,0.9520644098888268,-0.215172982959578,-0.058122543658206,-0.2447707035205064,0.0302691585499624,0.3668094523441073,0.19898722610046,0.1249379112734851,0.1040413424727446,0.0337450094644801,0.0203943319915269,0.0271287530195923,0.0177500285068849,6.074009578568156e-05,0.9371836794423434,0.7395196816825351,0.9189776790028024,0.1447178994995544,11080.0,-14.56751811924398,26.285755731383325,51.30444571069202,-73.00082188584298,56.407986406863984,0.1265663520467133,0.0866361023703693,0.108590333213524,3.7807357400156207,-96.07356840516026,-136.47091150257685,-175.4054684410719,-70.03068651053977,100.01446841486576,-69.5946871657447,66.54018241679512,159.20314185875768,129.4406859935121,120.04979364827255,111.45692874773644,-63.58169008353002,87.46439838090922,-58.24664623174078,59.047206866823714,72.89718114713295,162.43058132642165,117.27906153464336,129.67555830908992,-73.04733535074584,64.1492506934513,154.12313393392014,-168.3120506570247,-101.43220212780496,-91.70133999980368,143.6988487678587,129.6836342127834,63.25542058215838,36.34062200358955,-103.28290191577352,148.94602127578673,-151.60302806523094,-47.67596992089834,125.48511500868352,74.56322840802852,-69.08623360978771,93.16841845629467,89.39760762590203,45.95153520874667,-162.25579148319162,44.029043183838986,111.2789616798495,158.55080974404805,46.97038671659664,90.88359967813936,89670.83489498727,139139.04664768293,44676.82916365658,92426.00888587974,169140.4000376278,-127416.409306889,253406.3077411707,-27751.09995967992,-124435.39510403808,-47582.83200914989,40106.04993101339,18123.36030578257,132097.2995717427,-56038.85765977971,-23932.56738619807,56883.35339628802,24310.724412764248,56143.73524410165,38264.6921677264,-50689.164392136925,87753.67409896206,0.3589799358381817,0.0256647273122723,0.4363003643086292,0.0281115763145016,0.0502963406013811,6.651801402087767e-184,-0.00171298058622,1455.0,5794.0,0.0277542227095274,0.9806427056712522,0.8546345447121274,0.7249197977271491,0.1534446196509162,0.0042412049371975,0.0,0.3981721791782054
105,32491407563.48611,0.967008264577613,0.041088957554446,0.0097113067534901,0.0388829429556489,0.0266111066215933,0.3022807850234615,0.1794075683305502,0.1293766804953981,0.1006103425317435,0.070524637614621,0.056519091354763,0.0261249201679037,0.0287982450852269,7.010997511037053e-05,0.8522582209703071,0.2979634831460674,0.8395055648576776,0.164626598817219,11246.0,70.56617240208992,66.88900643264425,37.73094867388805,74.61810239122403,8.563503430061614,0.0988030980842016,0.1131881594792138,0.0762825629870641,3.8121802064256647,71.13109652868816,-68.44077547177051,147.58904959675888,135.30906419678126,-60.46936173582812,-89.87103169588251,45.090556965093946,-127.8541948385736,54.1764817547627,64.54262894721894,48.87459034197635,62.771770804255226,-144.5262981178314,104.6634364917116,83.43359350890154,11.247468624022025,-158.97822710915392,27.518127179938112,-166.75776577475688,52.17032656669122,173.82989271239063,-19.26565193293852,118.90359846477337,28.147169502584696,-10.002060425480334,6.001971690282785,21.64201477160565,-35.667941125616544,52.18587851979527,16.026857167898907,140.68302501554854,55.59375228239536,-95.76367873254706,57.77365803789181,93.05679649344984,-40.89563584289293,-79.9377816842248,97.73691605729232,130.409146664596,-23.586573515602627,26.11548594009649,43.13879764101651,-41.98675996858902,135.3923879950961,103.89036420835804,97306.06452081024,-77539.70106131036,-56583.98726854194,-56209.96308732697,45645.06644306454,47592.87501351753,292795.04907934135,34731.65682205637,31672.879229928003,60540.46609718112,20815.157655052983,47451.668715191474,17388.652517393075,-26002.74244256059,35703.95863282452,-16541.427668100587,37339.38109493823,-3153.494808275748,-28000.973722990064,28235.843725953124,-9711.537111401132,0.0032228109466324,0.4630469219424264,0.8690118533894139,0.0213033265963838,0.0547877860927514,3.9061184414526894e-08,-0.0022125102431029,1472.0,5843.0,0.0380009096086452,0.9907139345605506,0.907859078590786,0.7685038509859616,0.1436062708253673,0.0015840935161413,0.0,0.3887304734724489
106,33989026467.25,0.9648444096078478,0.0242984111090373,-0.0024019022517354,0.0236409294198635,0.0686672993424933,0.2903396020139353,0.1702758333065542,0.1216056605785003,0.0940338613827919,0.071826058096374,0.04470715451996,0.0312220478652249,0.0175934947799829,2.588485111685077e-05,0.8560027893892067,0.3949957228400342,1.0918164663819645,0.0821267751991686,11359.0,23.66244185916185,-43.45026799002325,-29.209261818146345,-0.0972873297119617,39.8716786618143,0.1007761070562117,0.099377054488589,0.1144878335585597,3.84724812968185,-61.75380550947851,115.734575336158,107.62257684526747,-6.033629191315615,71.60565711424886,111.8410082435524,28.0232305383093,52.689857895878,-104.52942990822766,5.826981059070917,-35.16308292574189,112.31443368706988,109.73100554678552,107.18277779972088,54.43038869368706,34.531586339643994,49.12673290275988,31.23440316745716,27.427555831758085,72.44037442445163,24.633745563855367,160.65572339060333,161.82479246591217,110.79056311816376,-134.3619521346905,147.04743561048554,107.28752381760658,136.80697772954477,127.96950972577956,-168.09080813953503,165.1394624539277,5.659538532748235,31.439967130643687,8.533941714718353,66.5367327240562,54.80257641958968,48.98880736709471,84.88398240415881,99.0388491655208,-173.43687318249562,157.27579280313182,75.07269844224305,96.23539407781844,-45.79180390912276,75.10363801465279,137996.77422203083,142961.72276460944,26507.195257958923,17492.589957413235,4554.624865838774,99169.60828722178,-304928.9667461555,-81891.49318618566,-3750.971021780912,-92836.62060874904,-28794.00394067762,-105549.7905450302,-37200.28197979632,-45965.92893931976,-51756.623819521374,5887.828899903645,56453.08007909347,-12117.16694933069,-25798.093141864945,12697.679409954277,9223.654703330209,0.0422326092933736,0.1302722023645862,0.9919164146274402,0.0221611218036843,0.0420126477866373,0.0001900933092749,0.0043997140185887,1457.0,5910.0,0.0368001438422723,0.9948858949683804,0.9469783352337514,0.7549628814957382,0.1512235358812207,0.0019246631839428,0.0,0.3875323834037802
107,36023459468.60556,0.9652145042364192,0.0781676302910523,-0.0030232741691209,0.0779005224492402,0.0731389691884086,0.242707905013623,0.2191980909455478,0.1127574557694095,0.0962233269914727,0.0772883151873018,0.0549385183371635,0.0626295299867608,-0.0113393667734172,2.5001579003262622e-05,0.863524745237175,0.1920780544633755,1.5724908313986743,0.1039545674908234,11705.0,-87.19828087815297,-46.81705864765746,-125.54595663501736,115.24530792882352,65.94041160690082,0.0845785433144003,0.0875218723376616,0.1064540105295938,3.854576789661681,85.20929227378552,170.5318698677281,146.673658094219,43.32918038791931,171.52640419688717,18.531452580880828,175.51299712645277,178.98951208522132,-137.35036899939675,-13.205948347968745,173.7550935428918,87.98831735343583,-144.33149940101097,19.80732494480932,92.64286411942174,84.3251869927849,147.52621343956687,100.10988797896847,52.837783459309314,14.882439608277286,55.01326377421241,-133.85162802517107,-126.2019705564595,-141.8885096445077,61.54477073937357,61.25930947413266,-151.31157063431672,-177.33813955020253,157.03986524435416,29.001867743171594,-84.06787939109614,97.53600229349696,-129.15887965062208,-50.65026980165208,44.90780021057097,-110.87919809924344,28.583373506926343,-145.48921579967538,-101.10035455797887,-170.8985753606901,-108.34618223089662,174.38892806790147,82.4813630016688,-168.2660845120205,-167.17428884067277,194524.8457731792,-24811.75382021225,-24612.578486949427,12230.21653130291,-32153.525484838046,27775.032693742607,15119.24396126224,-83837.31339278194,-41860.51222069808,8217.552505605947,-35009.538602388144,-51709.14507820944,-72548.17998519208,-51587.29381705228,7449.80691679844,-26835.9531272686,-25509.186189560056,-9030.038270618172,-35313.85513234807,-23364.66238379872,-32969.604867420145,0.6434414978312195,0.0270136715532861,0.8943611705924339,0.0292099050129028,0.0407401306758908,2.844913400624069e-28,0.000658942397452,1449.0,5961.0,0.0090122532992558,0.992422994564322,0.9258861439312568,0.7301927194860813,0.1525833196068742,0.0034041618624059,0.0,0.3848674843158488
108,58353428153.75,0.9715656355600408,0.0497736090737386,0.0241449164666771,0.0660236728370268,0.008568779929116,0.4169867983388576,0.1618372629193504,0.1002715395064023,0.1039080405004188,0.0457034857669301,0.0465744634285439,0.0186782331335033,0.0162324032215528,1.0872687419539757e-05,0.8409336051935463,-0.3147466742145485,-0.1933589895401618,-0.0712493028443948,11155.0,68.2910815931597,-75.89591605185471,-18.34267408218806,55.79845558509751,27.311180524823136,0.0929976978936285,0.1001583605049368,0.095570692857256,3.757013036707696,135.7741055596564,-36.362240842000745,-94.55533817749225,-103.53926978728188,-74.73515660342052,-124.80739380767824,8.200954248091788,-135.07511346531388,-176.03032173777112,-102.68334950676622,-103.73245174634616,107.25536633363956,-178.39526155051638,30.66105577043992,9.386285237228078,174.47327389096228,-66.14364247122434,152.45469197806878,-137.78328727568237,95.02618058526367,161.14425733241353,-47.342697998082144,-55.52128265363502,-57.61496850037901,119.38277398148352,-73.34676527642101,-26.69293020656335,-26.7608620634504,-37.817556497950186,-58.00965463016509,-51.71249109782224,-75.59117569452725,-139.0268531707066,-111.42160259114333,-73.81122767555033,-69.13294387637232,-37.06578872799568,-54.76772406292203,-89.08164372205324,-44.05578065842748,-86.59481011097708,-21.261203383082005,-48.61755712899834,-13.69052928701653,-104.118543696542,25036.286021872984,-37522.04412714342,-7716.0025600930785,14408.827918716252,-58337.63742008591,-783241.350294451,-241041.9093220232,103014.39352786196,45819.705665407695,10963.069199580294,128376.83058301357,135469.8760132003,47454.38675827862,74862.97855235261,35548.3585928335,72774.11730503276,32248.847739457247,1806.9872577208744,-8529.94238986895,37161.94924614436,63253.55423409336,0.256831507910167,0.3144153114282553,0.4829074012612014,0.0210753401924991,0.0393848877088173,2.170175487740184e-11,0.0015213542819207,1489.0,5774.0,0.0206014210675783,0.983128664675296,0.8831865185752585,0.727735368956743,0.1521739130434782,0.0030976877973227,0.0,0.4047863748641074
109,61101504847.08117,0.9684748858118344,0.0953621673823115,0.0584403679897757,0.1318528793469658,0.0274001410532983,0.399179869811325,0.2284987047571455,0.1127347101890111,0.0901850684280861,0.048567956617988,0.0213684682195168,0.0061741266822436,0.0141130112629942,0.0005745045393675,0.7381399879282268,0.3814678204946328,0.5541532664132801,0.0289396035039188,11383.0,57.71954237571704,-35.43611436363063,25.02164812877413,21.33164500554503,170.25757824117088,0.1027899704715705,0.1147318051256618,0.0846320139072169,3.727473417585687,125.57616858367508,-7.99683048888446,-6.8488996912596445,164.93367391937255,22.20541003397694,43.74312018607824,-159.23085438696464,-18.138341359112378,156.3270756910334,38.17128223884876,-67.29670849810014,-106.43428345406988,97.49005148752772,133.87472561560486,19.409422942654945,58.50300180705133,-81.4366385067285,-9.190132941963002,-4.7704931750941295,160.24472494067524,33.68351043409389,-131.86883344409767,-133.27979917972377,-165.37181161185302,-159.0817086980988,-131.9359491325077,-108.11721159273658,169.74323562101532,-3.036969386486064,-167.18201083200938,-179.98832338226393,2.7249043210556194,-143.06388243287466,101.37125057800569,-176.15728339751857,-137.30597458655132,-72.61001167696595,156.12513920048633,-133.31658125726042,-22.917077805429045,-37.88759775623271,-154.18362232721222,33.26345688250773,-93.326267591031,43.12196478839026,65670.27396898027,113415.76668545727,82678.03867517822,10025.526494215292,31263.64692747293,-590286.3825800177,-246214.64221224148,-3214.3125282388864,-20253.15660756285,-12439.013306335042,-42933.27165438866,-72692.08966740653,46837.60987917405,-5798.025258970247,-84463.36843356317,-20138.76535084209,-52443.46981486512,-33761.06452564017,17199.444220061217,-31763.70071805155,-2823.0150523137195,0.6349728573778582,0.6204419586554806,0.9386412238855076,0.0404671821023194,0.0242364423973241,2.6206206534894354e-28,-0.0002467781738415,1484.0,5741.0,0.025733255057864,0.9642485057849428,0.7773224043715847,0.733563634369688,0.1433898119208203,0.0031255140648132,0.0004935022207599,0.4149941887365527
110,47171001417.266335,0.9534064222449792,-0.201413835610411,-0.0498545630082783,-0.2327046924461286,0.0154936014730153,0.3651476035694448,0.2162312028641259,0.1420261267405724,0.0950788306959425,0.0204587838894183,0.042095033340522,0.0125261727488889,0.0081731230318976,0.0001685775001661,0.946767124661098,0.4499928866126049,0.8820547591372851,0.1005142269454919,11081.0,-93.68909905223654,7.387292793682205,-13.191526478206557,-26.062735286240542,51.479690765449554,0.1269465522902402,0.0865856598553148,0.1094596602680756,3.7376733357994514,-100.59071178582104,-142.12322244394292,-174.09380673347405,-69.32484008578041,101.4038635158918,-69.39660905513325,63.7552231622256,158.39589357726172,125.55046646948917,117.44156545527352,113.01182850855602,-61.81582519434362,88.33427961378841,-55.07763101030262,58.33083296629167,70.58687256327255,167.06735258624911,121.90978917862668,136.25360072151625,-72.16009182906741,64.68937680685983,156.80674925542732,-166.6812245661667,-126.71837301585848,-92.74997588079718,140.4546414887152,132.05379323907326,50.03046577661949,32.52540566897973,-96.77034503669736,141.79198243607607,-138.99254964095417,-46.67791058602691,127.08468230366849,87.14537920249343,-77.71820302777527,96.00321307920905,89.29226533702419,51.146495275194006,-156.79546698145248,54.27554547714841,111.88227816396989,159.60731857484748,53.91979176614284,94.17427469907295,91488.36447440046,145794.18616718345,64718.58614303081,90439.60549162028,154603.0240455088,-220727.05840017603,277801.34623672086,-14132.086830269422,-135666.0421181647,-50055.98068305623,64693.71998996475,16399.53062359924,130460.02352103851,-65860.5539965251,-19126.032193218307,49690.05369839939,12244.223061326788,41565.36241521655,39787.2468650219,-53024.29462060853,77203.32086190025,0.2855200913490294,0.0256647273122723,0.4307541732369093,0.0278940786254146,0.052145070958621,1.9481282221790622e-166,-0.0026102561313828,1469.0,5870.0,0.0131184996001956,0.9781414822467512,0.839584996009577,0.7309009841770431,0.1501277798923386,0.0037518351367516,0.0,0.3962284721161549
111,32123443538.76389,0.9649492206206204,0.0407982344465647,-0.0033919181528759,0.0386295858595213,0.0463422092222447,0.3336352285877345,0.2065827617748508,0.1199051111344642,0.113558742233052,0.0368741198097131,0.0308845590906966,0.0277120317014146,0.0111439959962496,0.0001447225122407,0.8528301274429355,0.3436844313890054,1.1113737075332348,0.3151066758430833,11237.0,-112.25257615206218,19.780236529343828,-81.57075270466642,9.09235848705607,95.91753804143264,0.0966781337160659,0.1134295946075341,0.0766389731545802,3.8492256859330873,75.21533044615113,-83.20746133418959,118.62920121840496,131.50710642121055,-71.0407684284643,-103.7267245551898,22.099866207216728,-158.4882111356352,29.315259529523377,29.333106805675325,3.0196033218478573,28.48770354892336,-179.02976925949153,101.91260460847084,53.12944770323104,-25.73371492770811,161.34409628575736,10.843303058995614,151.20272900553954,51.95685352532745,133.3216291067569,-61.86156002839512,76.13933140933297,19.345239759267823,-3.5372621308437395,-17.46935319775121,45.60520611469515,-90.93239293560492,-12.59127060051936,-99.9569665567919,43.22963829759998,24.902766653777853,-153.77321643235447,-4.165905428988743,22.25967371221871,-87.84605201998664,-132.84565466190097,-17.54187708469267,-136.34770593993505,-107.14109397067628,-25.13229999348158,-15.201332214380946,-73.09465501739894,-63.96883185799277,39.7155335218834,81272.51401247004,-78378.22856934564,-52527.6032404819,-41635.231911240015,-4953.075089927577,41028.33001595197,563193.9429005088,75386.29210630551,35577.74140882732,60997.44386989383,-20978.23617037629,-1056.0600600854775,34728.39461002145,-23058.484110031262,-7159.935851656504,14771.973673470566,2121.513162910189,-4307.053441575784,-17020.26776361301,44953.51933952859,1945.831219848296,0.0833652007648183,0.070199399071292,0.9391969407265774,0.0234362196121278,0.0476372575798962,1.559400920998456e-08,0.00295033601049,1468.0,5890.0,0.0276456289599493,0.9890193936083036,0.8925133689839572,0.7697350450696531,0.1466266047527998,0.001748156241464,0.0,0.3915410038909105
112,34037631375.25,0.9637630391961556,0.0246544348119986,-0.0167496050949089,0.0241480584090766,0.0506489225807631,0.224296775247489,0.203174400303236,0.1343233701055254,0.0991734087869155,0.0773175604245134,0.0428041411199711,0.0497057050923848,0.023597472030198,5.8760744585527485e-05,0.8558591795366626,0.5109020949123557,1.0506914734852253,0.352239633892664,11326.0,211.6991320254652,-47.44547277541813,6.553360620294959,95.002962268084,23.924586899278296,0.1011827254379478,0.1037986881063944,0.1139377525199934,3.867431070847724,-77.62174013674668,105.43211644823826,100.06664060695344,-9.32068681522268,71.20154826528909,99.50936049825177,6.066482607842644,28.52584467388777,157.1861178042227,-50.89977915786597,-128.14942559196945,79.75047954470493,105.46792529971984,113.93977577664572,28.299249900359232,-4.412878401686052,24.00056333907,-10.458957076833984,-15.24268399501483,76.8482483668904,-20.60319743450585,128.3336976611336,123.10016233083444,97.81318508985804,-144.70207391716042,108.01943287325402,69.50962825884247,96.51962598725336,100.80998770723971,139.86080460477237,124.0456746151529,-103.90150166604398,-43.90812996183988,-168.01118154663013,20.63419336823376,-11.636390171517348,120.50404836695712,42.28735691005279,61.08830408125132,121.6315479731526,96.72314794466904,50.24002944243067,61.92430485547919,149.6441247168304,78.83413989544286,68808.23835915432,3796.320420192868,63417.042762222525,66623.03861677412,-4832.785887151495,42224.53913831231,145342.7077819063,-39638.39114478176,35676.78194682032,-46054.89989537341,-36979.16501156463,-17329.03999661075,-14565.289511776133,-57164.30850165015,-23824.49800386373,11528.887779877485,39943.52604477303,31331.04172050301,-23317.034045065026,22861.471929411942,-38661.48523909448,0.3813713091768846,0.1328421399901028,0.5249903777423435,0.0442623852202122,0.0234233243525595,0.0001064984329674,-0.0064338740720373,1467.0,5904.0,0.0348546736368845,0.9952713476659152,0.9511085844229676,0.7549898278990488,0.1496123604772639,0.0014295925661186,5.498432946610216e-05,0.3874456066226743
113,36062701141.638885,0.967291248498775,0.0768672078517955,0.0138275793805531,0.0769909208658114,0.0766497505194405,0.2164044847764058,0.2236403057907905,0.130709745536216,0.1059920629963581,0.0580469344221887,0.0330511946971405,0.0693403653912701,-0.0088669251459252,5.4167465827099074e-05,0.8624544203648787,0.2499636997241179,1.4641880255293285,-0.0059128630705394,11673.0,-248.3841491254684,-18.120104867770387,-102.174592731505,-5.528353157841663,11.399587840153725,0.0888270200675939,0.0843791776730375,0.1058837149536203,3.763375873037423,75.78536067394731,158.34879040634328,139.64143243138042,43.71583391929231,158.03589053864738,-0.067310156666986,151.5021749262176,148.86269501262908,-167.3542951093836,-36.73008051352785,142.12170544598817,59.103241324177226,-169.25159464233582,16.42251773274765,62.33259752434592,60.62840968275319,120.43013968670174,64.68173144765903,7.550628456294756,10.90146731625974,12.426490881655845,178.79397714331049,-168.8035781354329,-173.84896115001308,59.19814219961204,46.24039118706381,151.17905849694378,147.90798837509374,103.76449555665027,-53.71694578191852,-157.10805971981517,35.33782677907367,162.6805655552465,-155.676995760323,2.0888318996957564,-178.2445020558062,-127.77522014787272,148.40596226335887,-170.2706652253123,116.64356438901252,171.45994244652755,89.97000855711532,85.72104855245361,120.83602894344288,120.09440375575808,166365.6990387115,-8971.63078452711,9273.999686890966,55146.8821660065,-21671.01656288876,75561.94192041266,213669.82106920355,-107978.16428643953,-63796.62936503043,11384.213135458896,-47023.781529092135,-44153.226295493616,-18149.50190961241,-74095.31159698099,-2738.851544749228,-19897.37555327585,-69476.78151596512,-61943.20593444548,-13829.746396338209,22.293108688801112,-23557.30115430681,0.4387833534643681,0.1101899637641374,0.8966728889864939,0.0214121005819699,0.0595146590534753,3.422476261211731e-27,0.0055183395563364,1417.0,5966.0,0.0100800160530951,0.9929175359613484,0.93042071197411,0.738717470077962,0.1524102338860217,0.0028000439222576,0.0,0.3855819014620922
116,751055261238.0,0.971057192214937,-0.0416930552531098,-0.0251590241417218,-0.1461804543482485,0.0854080054839375,0.6159266000142299,0.0171870963300205,0.0859499184245438,0.0968656999761677,-0.0316303298155555,0.0553011985321261,0.015033929401599,-0.0446825998965691,2.9771021086905825e-05,-0.3905086356666482,-0.161920203017059,-0.891029440821972,-0.0559900339123814,11582.0,-883.4385559821737,99.19754165730326,-121.83840553348114,-208.83866316708185,96.79508641227623,0.0898241894408643,0.0914002856658595,0.1007395427593747,4.297169636179275,-20.36414909607931,-164.88535101691627,173.90723439074253,7.104283979024269,175.5446849665935,46.457331340322746,-126.0277487243183,-114.63685820376097,-91.07650122106352,30.93421882589184,-106.68434762024488,152.28606369624774,-129.60073038253742,25.65014874894886,-105.01730015820591,-157.1218513970126,-154.85513081615323,178.2101952438563,124.23481425606236,-8.224715368200858,109.1004504709473,-80.40266994217012,-99.68681885169585,-90.78720407261524,-5.600047591065175,-83.2924297227706,-119.80568833324996,-114.7325438101449,-47.63234590978059,-98.18334282276447,-126.87523114384862,-113.61741515940167,-31.16653324578808,-91.39930636830262,-108.36574652988524,-90.07551879190142,-87.60545686260522,-80.05045725742721,161.59395308167734,-55.42513099434888,-51.370216184195,-73.77897466360396,-55.77477814791937,-87.97277717146501,-58.07972000500103,-111224.12992437826,125349.41517645714,-190852.656740616,86881.33098613293,-174125.19666707917,2026643.437851603,-2321930.9157181485,-6863.065215210372,30991.449793810083,33043.88989236101,151873.24471018458,-138569.36100357748,172412.1205109573,137190.074241565,-23522.89150223152,-75671.06912706998,-336.15875781618524,-30620.66661195693,-48994.29526748117,26668.42774756104,7516.299465280021,0.1163696188648204,0.3374280230326295,0.3374828626268166,0.019303537153825,0.0345489443378119,2.4479333930635578e-06,-0.0033592935885482,1627.0,5291.0,0.0073820451023064,0.8959692898272553,0.6667252283907238,0.7653962160680011,0.1606251713737318,0.000932273101179,5.483959418700301e-05,0.298124287341508
117,940239186691.9304,0.9672064712437544,-0.0060793369190163,-0.0080979255708514,-0.0284278377981343,0.0572174224970571,0.7949964839794049,0.0569917921690251,-0.079601439448346,0.0331533504537173,0.0477160533777331,-0.0353163489837242,0.0216995830017446,0.0494749982048391,3.32931559160097e-07,-0.5112496109515899,0.1503723110865968,-2.4764128237219603,0.2161095476697096,11337.0,-663.0723679368801,-209.41464850699057,-1.72902369053456,-5.406861643992808,207.55877889137616,0.0902845995578983,0.1086538500668537,0.0881342824399335,4.183571806720964,73.94360652603396,-86.33996696459984,-106.50736915527084,93.75622049233732,-99.59226710063469,-123.4664582067552,11.00242568276106,-8.951349099574887,-10.860020258082756,-21.918037092599207,-23.717787344763583,-17.22685695100965,156.67403732694294,161.83164706524025,-54.49686449581403,165.1751838108711,-53.13908478919091,-53.567729302948855,152.8436000189336,126.73792772095427,-1.41041983635851,-117.62899790386732,-50.4801881505386,-86.45892802031516,134.77210435728108,-114.856939342257,-100.93965196138586,96.2266980471133,-33.912394189505285,-156.6491735737563,-0.5190624980994561,5.42985655648879,66.17241904397963,-111.50112093689803,-117.07380748173172,-52.04056232128206,-56.52741869422474,-108.20669355451632,-124.9848940132926,154.40431049487233,-85.84332422200205,-138.52137345520163,-79.87248915311746,-80.80236908229641,-161.34438808469008,-145661.9313024998,-261863.8220392502,562769.0431011658,177783.04420626833,-810016.7395418945,218650.41875932217,3318637.0430414546,-141712.11298747346,78189.60021599114,-133895.38666001614,162339.54612374102,-26433.64447225407,138510.62453903328,67109.3409728292,-25285.66368591256,41084.75394794262,124543.560138693,-91751.84592904132,83189.06944188604,-102007.03804432284,25650.95997757011,0.8467957458412871,0.4835560403599673,0.4836105808562858,0.0180529042814289,0.0538314698663757,0.7944179292920506,-0.004690994381716,1386.0,5269.0,0.0959576092722322,0.8813198800109081,0.6508344030808729,0.8103626943005181,0.1445323152440687,0.0001636214889555,0.0,0.3385592638806763
118,822566185124.0,0.9493275484723556,0.0194398190117871,-0.0049836662770884,0.0761952270338309,0.0691181352636106,0.8207710585224622,0.1295696298196144,0.006323894966432,-0.0306303981292539,-0.0163981233464274,-0.0836044203501736,0.0308204942449351,-0.0086247021504723,0.0004040691466906,-0.5205114013376454,0.3630927548324294,-1.4982061475807231,0.2680125304559693,11007.0,15.331917251722569,27.87212917593477,-86.94937714811356,134.92783369056676,-44.74283185125254,0.1096559162475207,0.0954946780047354,0.1110981617269178,4.30356290012395,-177.6126346126965,60.960152215685696,111.87857021868916,-109.55348537387523,92.46662533284552,114.20602203932992,33.052055803512445,59.175251801105134,3.930885355895125,79.18838859541819,113.10645091250704,79.01300881407637,59.77832065333731,145.95597676621202,-9.626252275122988,78.39680135388451,22.30332204104934,-6.281148566274536,-64.55476326970386,-81.03015060209583,-66.32973188436529,116.81548525154722,98.44546308422294,82.81525613378457,176.5369570473391,114.78074026454522,22.89967648481428,49.40619615214463,75.24817189752915,82.28544304290322,98.32952540048088,74.69333975670999,-117.99429503938688,-64.84593398781668,126.66594325986117,112.53579944518688,128.84538087454197,38.305183188971135,62.94832242403238,74.97592775666075,74.99603400350334,119.00309347325587,109.86103574060056,105.00335929991628,124.82612558468892,-55791.558168437885,-86901.88352455638,265347.29802196415,615948.8475262657,-108059.41178964644,-1448896.8796165672,423438.5539123404,-64475.5429326128,138.56939712347275,-120329.75571169924,81896.54971601395,245072.9062758303,59556.848343849146,67719.60323359977,-19706.389241109195,11987.803398966738,-93594.8971289203,77138.45970730798,75953.39485444191,-54975.410358307214,-36473.920439504254,0.2043566752846691,0.007976236316629,0.0080312448429507,0.0230485725287419,0.0502777930579239,0.001101808002018,0.016559388237883,1257.0,5450.0,0.0470354414072598,0.9137466307277629,0.7262091845643444,0.773364871555091,0.1240992353814841,0.00104516200011,0.0,0.296183748359256
119,676604587680.0833,0.952458763574072,0.128931944272111,0.066752088734183,0.4911804715395857,0.0782340956795185,0.8258533952466299,0.062985413562462,0.0459207296111819,-0.0168380144130073,0.010682294396317,-0.0983971870045903,-0.0306066203014593,0.0284189639602846,0.000217494842421,-0.4059594747180206,-0.5721533258173619,-2.5246860320199405,0.3706603838957799,11070.0,-435.3801505694696,-48.71831255766215,-164.47089114238412,166.0656932522589,-35.580763689473905,0.0904766804935484,0.0787349186496923,0.1256737800707983,4.258847778537987,95.0668432161994,154.11570917327447,82.65023567728684,15.889411275837784,-146.5261699055447,-38.63544594021359,138.65494393855514,122.75855531902916,126.7741393731321,-102.26792096758224,-173.01309629062055,57.4804012008404,108.94894167127474,6.89130050132853,92.9888666909524,102.68740554999938,104.70557412277287,104.12231127542458,-17.85697935651915,21.994257239563773,-44.645229706583805,128.572780091584,125.4712039408206,122.9641954944861,-17.321193501018467,130.9953213172163,59.58425125096528,107.49131956188153,133.8480501940998,147.30693036464447,70.15120008072914,105.91276214036102,95.51605250161862,106.7636791824918,100.66796910877284,88.28601555896874,123.11437404316148,101.96381724799834,113.37448785943027,34.91153424878575,59.26599879537687,86.75732734853474,175.14005992041638,49.07122888414027,149.0193132514557,239733.8748904284,-36502.641556196446,262009.86297790016,-1245.7850135645494,227305.04117390068,-218612.35076364988,1315681.5720267463,-219152.7141434662,-215575.56942083267,-132850.4126512726,-235185.16087009385,-112260.55311136389,-70432.53753730643,-181424.94650340028,-237145.28297557647,-118235.5336063276,3217.9302241240293,-78313.36709826517,88019.34880486909,6608.225511791078,108371.07310255976,0.9173812664907652,0.6216468777484608,0.6217018469656992,0.0268799472295514,0.047603342128408,1.167183609309221e-65,0.001126992853216,1310.0,5227.0,0.0937142306187962,0.9116644678979772,0.7301880456682337,0.7122911169744943,0.1497911169744943,0.0003847845206684,0.0,0.3245627224545759
120,709296.7907865096,0.9125938613562472,-0.1584595460936373,-0.0639333965713685,-0.0006239416083701,0.0940658596539762,0.1511346767096462,0.1142102829575483,0.1205338527057323,0.0873892895614604,0.0922950244795087,0.0833488171825927,0.0816349456480849,0.0761131714912237,0.0187791984001227,-0.4383180069288777,2.308473164403281e-05,0.0005252100840336,-0.0004951522956253,8207.0,-0.696508170279095,0.2892472167294399,-0.1446531939181622,0.116295247734501,-0.6019532055525996,0.1017875409376018,0.0713586866790852,0.1567297016596449,6.222796137658567,-127.67410349791534,158.1667849327055,117.86294409093804,-80.47500401723579,134.14140760402435,103.86191851282148,-169.66135814092337,69.34374732728213,-115.99042656150596,-103.05575806950624,61.11371093417535,168.14654182799265,-55.97939860236638,-78.42167554519443,85.54841052527694,17.728910290408045,-2.381317218225213,111.05689747477014,30.815278968173303,-48.47804964685017,50.44554215832141,-108.32496285036954,172.89849135281275,-148.78538930878142,-63.88473882376413,167.74424553445843,104.23011043455884,8.78544352452257,-154.50728829310248,164.70513505006352,26.4172968241464,-78.4652549863236,142.15952148543357,173.7607889742568,-157.44457293432674,84.56522513908853,24.11787673030984,108.8837473754988,-168.16989772236866,-3.990158570797029,8.045145840131568,46.02010783254664,-100.41086375080852,-135.35790620379285,130.66084038428127,626.8509146107763,187.95904977208545,-556.6024434870917,68.4651935371725,21.42701751617213,-403.3947285387331,-3567.412288020694,-556.2893246633338,-30.01537371576056,-116.985981568457,90.34797214298952,151.73479261694644,-168.62616558974702,77.44142874087638,-199.3622805319612,-94.9799528968171,13.041239752471,-229.8734222338343,34.20054063285593,107.76527153752482,-72.93417678703474,0.1188922401974225,0.4682204551686317,0.4682752947628187,0.0213326021387441,0.0415135727995612,5.9363409239713325e-92,2.570887950419569e-05,1434.0,5660.0,0.0910862513901657,0.983493282149712,0.3869653767820774,0.6773238278036743,0.1181244858788045,0.037729640800658,0.000987112695366,0.3428507858514272
121,619863.5645144931,0.9449739580591576,0.1514636424815214,0.0284945261460895,0.0005243332042861,0.0423276739076603,0.1729628820545941,0.1445115517489993,0.1273638543394945,0.1129396515514152,0.0832556841146466,0.0740035730971587,0.0573574107225167,0.0779793332880248,0.0077661486443493,-0.4248785318052797,0.0010103495756306,-0.0009546600278926,8.76275414521429e-05,8439.0,-0.2406738087344327,0.0497346189244298,-0.6344135584155913,-0.0827638060295937,1.0565256345426202,0.1030824865494064,0.1146044616562695,0.0799752705776376,4.467400292897978,136.81479095972497,-16.754242184603164,-51.06176886019664,131.71767331514144,-108.90996524271677,-115.67673904087329,151.88478178315907,114.3997465594006,-140.3026616458085,36.742558090275686,-40.13473482624492,155.65932076720583,-154.63544586510318,39.59826831670032,-94.17642997264616,-13.629322817478306,-163.5259121732627,-128.25775445633636,-149.9313642480445,152.00526628178437,171.27320238356074,-47.34904835425883,-22.360081843914408,38.13125802634881,-73.23228057525984,-84.76739160091624,-5.439603982519177,176.62429142829194,-167.93994507361583,153.93331468282042,-84.31764115993775,98.2334170037042,-95.03334198163284,-121.60627241321984,17.644293886081748,-102.3417122818066,-119.30283072222802,-61.794373127215295,-116.60192808505424,-44.1207329374728,-169.19501171553495,4.365359670657142,122.7549031718352,-76.71066784614085,-94.03103820859538,-531.8784116455936,108.79643091870923,188.41261057637388,-129.31727076993965,-176.37903619914655,-2438.9280895527254,-2691.925053539601,-16.697574704480317,67.8754535114928,43.001419590145446,-361.6745032809574,-248.9663390953897,-296.9488922412395,81.06397150872671,-140.1474904787844,188.13831149715887,-47.88550372441864,-102.9690615766574,11.216371517503775,89.03002076333041,39.96362244837399,0.8059775157663833,0.127831094049904,0.127885933644091,0.0293391828900466,0.0404716205100082,5.822033286464418e-101,4.11342072067131e-05,1310.0,4896.0,0.0861876875622313,0.8650397587057855,0.0730696798493408,0.6763915547024952,0.1183438442555525,0.0326295585412667,0.0035645736221551,0.324291977863627
122,353039.3740514666,0.963075036506698,-0.6787821321318084,-0.3984050214247673,-0.0036316927472402,0.0824962268408664,0.1470953603105594,0.1132399022447722,0.1186707690208836,0.0818346478151869,0.1027900291408774,0.1046703460884515,0.0751299216926563,0.0830057979881492,0.4296161299712862,-0.2343900034211073,0.000432063295254,-0.0005611533404034,0.0001393526876994,9681.0,0.4385135278754761,0.6945076839269329,-0.062199149294276,0.7801468915257509,0.1718354304074111,0.1330525252672577,0.156828874522248,0.1655388268030722,5.63432577881341,-121.25133350172132,-36.5837197971004,-12.140994376339837,-46.0397339141156,-151.4131921213514,-164.4293762332324,-54.03843642774622,-47.71822290005517,-70.46656898676255,165.42911768433297,-84.70099644307032,152.00687092948905,-4.100632206153743,-116.90625937659014,173.53649099193444,-54.57948142545889,-113.45390273383308,-118.76834071123804,-130.2635962584726,-36.61206280694152,-117.89496135230608,-64.31746196063402,46.953076501318485,131.2876844058117,-161.6471393963022,-60.08935460093514,-168.52173767833662,-168.6918026420815,-49.75635457143353,-68.19821805933934,-32.449729715093774,-121.81851230849648,-45.03550682819313,-97.27266834649797,-58.40752211737637,-53.630226113665,-141.0503074799827,-76.99736208358209,-132.5943698281963,-55.53907080514177,172.54568483543989,-94.86733163490202,-125.06108958052708,-69.36817056294568,-104.73555014087964,39.52450212240568,-379.1062479600436,239.32563740061192,-107.21530037326,-402.7386420377409,-11925.076716229318,-1498.6551530162274,166.50218279858473,60.236477096062686,170.8855246323796,726.3664459790153,-206.10534026378883,257.442770610284,218.79384477168367,81.66379422569044,-74.31905297246136,130.67133409766544,-155.63590848817807,236.0790501704732,-35.340860669355145,111.62417591440814,0.4601041952289553,0.6457362215519605,0.8108034000548396,0.0360296133808609,0.0573622155196051,0.0,-6.170141541710089e-06,1476.0,5411.0,0.0963469451112954,0.9933644091033726,0.7027027027027027,0.6956402522621332,0.073759254181519,0.01902933918289,5.483959418700301e-05,0.7198160104351583
123,685858.1578484131,0.9138337208309852,-0.1535853545116693,-0.0426794885672045,-0.0005512239793202,0.0337691623435076,0.2327634803978654,0.1684384809679509,0.1374422343327379,0.1110043887521977,0.0673980733764444,0.0588083160669691,0.0613423804270448,0.033744246061036,0.0056733203469177,-0.5191835831363407,-1.0087603918392854e-05,0.0001432254368375,-4.295105215118788e-05,8270.0,0.5999081326586295,0.3734467731967573,0.4598624934671606,0.7083961635016874,-0.2843621670039903,0.1056958161401791,0.0879580543337368,0.1079825042399795,4.893377620823452,171.91157053142663,-41.86499818198691,-48.492129550520566,-96.00421349855468,-68.76161743621613,1.509646687584309,-62.34759896812729,-80.41639323109534,-51.90730545913924,67.51937636255896,-99.53338504084356,0.3214690148335436,-103.75856911539854,-46.19390578837367,-81.05023995540454,-87.63211041266364,-103.5897099964819,18.53466108066233,22.197196070967426,-134.99442544770494,55.79585088166358,-86.28933648028242,-134.98961800111988,-69.04688314467842,-98.62137627218304,-59.84708980602188,-58.24146330668019,-124.82672459152693,-88.49622758284461,-124.42857967129753,-113.01282903713516,-94.18008983961636,-53.10142731858332,44.055380330514105,-112.91846798680596,-157.39548448497365,-165.5379391874237,-67.47432834044709,-132.0976066856356,-95.83360610137466,-35.59137997009153,-18.30143036043188,-105.4511669046316,-115.76705117844917,-113.59495632317496,-675.3088707928376,-353.0246114766569,-191.2419182393023,-243.3770047975705,53.76706747230067,-1209.11056761778,3076.333712316376,63.6280522046074,-313.16690478246244,54.73893150711021,-587.5044442020064,-294.02879672412814,7.02290474040754,-64.49010936805728,13.832325157229786,154.70843960027503,-268.7108051243447,-93.67823987343225,-142.4010576357032,233.6304472666093,-101.2042646926601,0.7126953660542912,0.4279681930353715,0.9802577460926788,0.0136002193583767,0.037565122018097,2.076430152565382e-89,2.74228048044754e-05,1479.0,5689.0,0.0403161863120465,0.9931998903208116,0.5753424657534246,0.6824787496572525,0.1143953934740883,0.0273649574993145,0.001754867013984,0.3190633162083652
124,761589.7024036952,0.8934332478429099,0.0655317012645148,-0.0703814203170507,0.0002774293763306,0.0531061115984743,0.2249223017945225,0.1363650596151048,0.1208335300044105,0.1079612546076586,0.065382603716177,0.072210357956457,0.0622525874811495,0.0467016564858845,0.0710698708017287,-0.5392915836576946,0.0004287342372953,-0.0031129102234448,0.0003261206830796,8292.0,0.4359243414695851,0.0790362785275737,0.435368762051996,-0.5267508132921017,0.3826975628105176,0.1293020782172571,0.1134305006531858,0.0882140138069665,5.796478287875721,-149.89693156986877,63.85371972155875,75.14542826827899,145.14718864993756,126.42095196453478,142.74256145161,89.54372693574011,40.0267296078648,-110.9971412114339,-170.42554293731007,149.94937052633236,24.841854051524766,55.5771041616106,80.46181560089028,138.54762123627114,82.30446179327747,128.63295092390143,112.56196072953809,163.316308347678,103.27835286352024,177.5094153015701,33.636434053459986,62.25382904815633,170.96628320573402,-54.14870348965351,80.65356699251583,167.5394997528201,72.33644138080778,44.71907241110772,32.23260991648606,10.858057165452708,77.10021872375341,176.17597745092127,73.61690966659191,122.68048009052303,147.10934400590224,84.90299950919511,34.540070774756,69.59938988375278,-66.72323064750319,75.6096092122554,19.81030412796364,75.78923159871577,99.36641871675248,49.28967212874986,482.099779457288,150.05326686740506,57.00980510326417,-106.09893450494832,278.1913851224052,-1492.655109695122,3056.7042938348,327.7182999179429,240.65458988346649,66.42415061657661,669.63027819433,100.81571114398729,407.5724094807455,-18.939249657625364,-50.57269726905293,-188.5277579598097,-11.760882291181986,142.02386209556698,-180.18157876802115,215.3060780742841,-8.941023476094216,0.3610638881272278,0.0831916643816835,0.0836852207293665,0.0112969564025226,0.0278036742528105,1.4684232351391295e-25,5.313168430867109e-05,1452.0,5618.0,0.0572437307378281,0.981738415135728,0.3923357664233576,0.6674527008500137,0.1196051549218535,0.0270907595283794,0.0030161776802851,0.3388556501140081
125,907303.1471551382,0.901129383937204,0.1944223247854631,0.0338745368755244,0.0010181113068025,0.0178086827033243,0.3273593209634242,0.182319704646799,0.1569077369411761,0.1049219504120834,0.067511546477511,0.0245732478225289,0.0032124535183919,0.0193618863263766,3.099548719090723e-06,-0.4736251368216728,0.0014866964966114,0.0011188852067017,0.0001348116442758,8076.0,-0.6462548840917078,0.136114373312549,0.0641431430629174,0.0621861751023461,-0.1141968550854355,0.0544899490304675,0.0886703272015426,0.1018368902919283,4.045833492554081,53.51457373369209,-149.07535500199478,-122.09434416441488,30.455864606274563,-131.54338894244825,-157.04715602838505,-19.54298643772415,86.66252657025089,152.22754417820187,96.72067504076392,150.81982136986832,25.15828815246727,172.9112269508395,87.73380082846911,119.6651190658523,-152.71498443505985,-151.19060540030134,-77.1524700654629,-58.46606542136327,94.57975557834412,-52.3605367040036,3.714860392239232,35.89825695459577,63.896319558475255,49.149958357914834,105.1410478037955,109.4193245013241,178.17670088408548,-175.60991041451254,176.36451871636393,-116.29764394500344,-108.1976483849472,-82.24071543253208,-64.34452661641119,-71.00600245334292,-10.470567338604738,-10.263840924543764,-3.4801346672016145,9.532208214010115,106.29817375685984,101.75415859823045,-178.51981506600742,157.8626517373727,170.12001569707843,-124.87848084594586,1039.314948680785,-996.639501846588,316.082529591647,-700.1392291269316,-985.24858966682,3019.970737459734,2385.297816663092,1212.469218236869,432.49318870329193,-534.3484355188846,-703.9420252164189,-1250.142954094464,-760.9544291399313,-1170.8276699347257,-884.9607441850984,-274.82956903091963,840.2672446084235,807.124952089962,-482.2190780289585,-816.4351283930833,-452.2214989373826,0.964354263778448,0.2949821771318892,0.2950370167260762,0.0112969564025226,0.0151905675897998,5.024230524868314e-173,3.0694844014150183e-05,1398.0,4929.0,0.025628509360917,0.8969564025226213,0.2286535303776683,0.6043871675349602,0.0618590622429394,0.0277488346586235,0.0098162873594735,0.3996251135910745
128,485796.8342754832,0.967540698578074,-0.6896963241603107,-0.0646814228026865,-0.0035033327623952,0.1111323280887698,0.2885751935914181,0.1119264062632884,0.1494321904239973,0.0274868265660527,0.0294204786909525,0.0426066778442022,0.0612776663953905,0.0620895010617778,0.5006859587051915,0.6374371276184752,-0.0014888546004325,0.0001897135239896,0.0010794996873462,10181.0,0.0173911099034369,-0.0012860358310416,-0.3281801753492601,0.7350028316367507,-0.0189395594795253,0.1431181704499851,0.1630676313234893,0.1434045781317974,4.501999781570832,-119.58712932718768,-35.18502102187009,-26.966011637473272,-45.49822435619298,-142.5841123716376,-178.6355872855626,-54.75173999284266,-84.70571469087017,-81.80462323346403,106.51138191857736,-63.21652916069273,167.55147093102687,-25.82910850106329,-119.73112083240228,-159.79875273320232,-92.73508446920135,-116.70358082439178,-138.7306300541721,-101.201960760489,-36.60985651599175,-116.13210188138213,-83.68659198439518,69.85849252522665,130.6758156554994,-158.41469188156023,-99.92618889251943,-158.9664556425884,-175.26829926367637,-60.10474989658192,-39.89609318008877,-17.831399758305686,138.5734485857458,-31.68936603960852,-111.00467162811655,42.82459097218669,-36.518550655561086,-68.0836738198895,-56.16980465785071,-146.15346947686464,-53.21293422193132,-151.16184292859313,-89.55008504509631,-158.43752631772483,-67.61688870976295,-97.63358174820664,-120.95476501532625,-451.0354435465255,150.99250100770828,-70.11137328757431,-277.394738590967,-11860.311832828327,-1382.1140270313035,224.85394608790344,47.59490382504319,-83.35113601212618,419.730710102092,-327.3455028985398,137.01196594743482,72.19772026408816,83.91421600045115,-49.1015457873737,367.7611407663876,-243.1453725753259,-22.132606222366004,1.386633745040725,91.29359138981272,0.1602961338086098,0.8744173293117631,0.87447216890595,0.0106388812722785,0.0175486701398409,0.0,2.4337734033620342e-05,1494.0,5525.0,0.095900442583954,0.9925418151905676,0.6582914572864321,0.7065533315053468,0.054949273375377,0.0131066630106937,0.000329037565122,0.5471610471461248
131,968312.8509476936,0.9162308859182996,0.2316983311592084,-0.0266947498298567,0.0008858442920117,0.1703806708297676,0.4953076756073443,-0.0030232494116883,0.12531085284727,0.1838809565173115,-0.0173437308218141,0.0540424299150538,-0.0008326312464731,-0.0229907177479106,0.0130700183201845,-0.5522981186063363,0.0003222871239266,-0.000363362958993,0.000179156094996,8422.0,-0.3178539870013545,-0.1785125901006128,-0.1250130068548778,0.2606916744433216,-0.1959942854425539,0.0622721518671907,0.0934163392996966,0.1047859864740053,4.363367707366193,65.57226000138824,-168.97703426047968,-115.19258707855394,67.02894221984985,122.74275454422992,171.4010608600706,-88.96656343995159,-46.91904001731593,-150.48292165747085,-15.370810998478811,-161.21416565674363,17.240802497868017,-75.38596952398436,-166.72542542492715,57.79823864569088,-30.1091380547604,-139.43935696271382,-33.40679649818627,135.2324439411217,-106.80142302880164,-60.35786534841778,-175.90968581054122,114.43178833578332,-26.3649250107333,-43.26508232753313,129.13616458012538,80.4155677225031,-116.51732506357416,60.0033474095896,-150.54297341109137,-120.49587759215096,-121.64732680626852,-103.07968545914989,-52.3447885105417,172.97019023960007,-82.06896630586365,44.21196419779867,26.274105843674963,-21.44024823281408,129.77397741417084,63.23770398880687,-81.6471876104841,-136.3328296535104,79.12759303957401,-6.057620640707151,530.780887003214,185.84377489644447,-218.58563458681,11.727078804305735,-479.3725009048287,2652.870317905816,2397.306494549388,163.37060114757705,197.374513662474,-348.5188923576242,-341.5810785020672,-103.6619174632296,167.32239322121,-70.37509345328014,0.6965233813154441,81.99523408969637,2.977552455454399,264.15411243081473,183.3004684205872,52.8968699993191,68.15230505348396,0.5859610638881272,0.1317795448313682,0.1318343844255552,0.0109679188374006,0.0128324650397587,0.0,5.141775900839138e-06,1377.0,4669.0,0.0635239861455543,0.8754592816013161,0.1687408491947291,0.6808884014258294,0.1116534137647381,0.0216068001096791,0.000767754318618,0.2711945418838902
132,2850132.302645459,0.8020719387341382,-0.1675263897961988,0.0188610284610002,-0.0014366119448216,0.0762339488203029,0.2589730659299317,0.1524750260119108,0.0830968794936473,0.0656066932030889,0.1054483223476183,0.0653808381802301,0.0438284634798051,0.0456215244025762,0.0145642040335059,0.7802276307779233,-0.0028334387480912,-0.0042510847200752,-0.0038888891552193,8114.0,-0.8586234654868288,-0.0368785040656787,-0.6444816924228636,0.2396927693950204,0.1458571970931116,0.1089593234500461,0.0769703803535906,0.14802808563562,7.270751804879658,-133.0808029771094,147.65274643475738,103.80979446996592,-96.25070309630124,97.44038768203184,87.77686495323805,127.61477467390884,63.69271358507277,-158.69692671517845,-143.9303334187572,-107.12777579640648,100.93075655089712,156.24700372239445,-124.22467290424052,94.98890930610054,-88.5673588454221,139.50566509580912,68.58382833089262,40.34093501031114,-15.94630488889328,-58.87826803939903,175.18567726633728,94.99578653655388,5.350751250503546,-129.3233583681176,104.24053140456589,-32.56402368476803,178.49014348522437,-27.808765852531327,47.15671824492499,147.5329988338195,87.55363565139612,-8.08613086527145,106.41601848707344,37.0527390196281,141.50988490863654,-160.17284536401934,-70.41225027806183,143.88270191452256,-30.410250330074817,46.142104557159854,-150.0348694894779,29.43794567477903,98.44973857710517,21.67021403052309,913.4010976398696,75.03446493091482,333.8066926696913,-766.8967759573131,286.1961498799673,-2232.6139822358905,-642.7645774882151,-31.73490678512053,-116.88436940060792,-58.49549572541727,695.5817504942934,-623.885053982702,259.33968246958034,-540.1800480071396,-503.77914650722767,-71.38527473075294,-422.8572366518569,-331.7051632310211,161.2799743094085,-226.7315891603736,-104.53827746791688,0.8318657584316331,0.2340920418674198,0.2341474220523897,0.0105222351442653,0.0107991360691144,2.242579597252071e-128,-3.4616449736914982e-06,1504.0,5767.0,0.0659215259756521,0.9791216702663786,0.4712482468443197,0.6351553414188403,0.1023425818242232,0.0328404496871019,0.0082516475605028,0.3280517715165661
133,5186357.107362744,0.150197547697275,0.0604100597878872,0.0415231251645169,0.0024976935707704,-0.0318922876225404,0.973395287907978,0.1365835612064977,-0.2410997862407069,0.1574810740801013,-0.0964609229199182,0.0610435415318351,0.0371334004534746,0.0536877811816915,0.0,0.723401589520107,-0.0002441078156322,0.0001308495176547,-0.0039837478605059,7814.0,-0.9778669073507056,0.1787332739525287,1.1215071105436485,-2.317932156607188,0.6065670027503524,0.0452159025030791,0.0587802418049095,0.2008508723479623,5.738356016809368,134.44490490353922,14.170440394037271,-179.55882964934997,102.32762237160524,-80.1253391370043,115.40686113876166,154.03094546083076,88.7631411091918,172.1883076816347,-86.60681781123785,26.280984182961657,45.08525322011094,99.78931377844155,-29.78285517311772,-156.70124058032266,-0.2619916691443835,58.47764149439539,-104.51013409798894,72.32780940602869,-86.2869093399651,177.56582367572017,-105.16184725289806,2.337081623994284,35.054775197801966,-19.805361054326355,173.82721759281145,-22.527016198552204,36.378857886391245,172.05287986399173,4.524636751919043,172.45663748599725,145.64377018181764,132.45407953225802,-59.3789890708044,157.81881523756982,-51.21536186086458,136.8391636888994,-44.71092340893249,-44.02792517973941,-78.116806218272,105.840007717318,87.25352568164273,124.0432039826618,-73.07286571585101,-91.69307330198536,-2189.242693871097,970.7421921934074,1817.8591783449688,-511.8007368312592,-2291.823537134368,-7100.129857235536,2215.222725736103,-86.71073823024904,-276.4216446145531,-4064.575233316341,-509.5982147055337,3099.509911402982,-5845.133024166472,2125.170765758815,-3236.637775672403,2528.680122860287,1081.9426434987245,1871.762456954801,69.56410448128503,144.33618062602034,1138.829562304313,0.8136606528755093,0.1413681815776943,0.1414210888312788,0.0106872652240622,0.0108459869848156,1.3635286317384956e-13,0.0001124398116302,1392.0,5309.0,0.0226621827548452,0.8688958256176922,0.1146838156484458,0.0722713083963811,0.002275011904132,0.0017988466218718,0.0016401248611184,1.0458215717680934
134,1559398.2806047788,0.9086342778782676,-0.6081402724692485,-0.3183602797451255,-0.0077231867836852,0.0896382200055371,0.2172004113110744,0.1148845164450401,0.0869894595892767,0.084875116002203,0.0856731317198599,0.0587270190375343,0.0824034263298899,0.0784686365872837,0.1709579525035149,0.8305037665619638,-2.0834600676412643e-05,0.0047340172414914,0.0006118620936413,9429.0,-0.4728991659634171,0.5980807554369802,-0.4484886057205058,-1.3440556368064207,1.975278919645293,0.0923550139155171,0.1286850905924587,0.1964729183876084,7.478441787720762,-107.1360310407043,38.15587936290336,19.39440335138675,-24.38056915617496,65.25062042540019,95.61538828626225,131.79900356951634,143.4002949582032,-175.8040696134237,-171.3834295719471,150.61059355416597,128.5912856923582,-177.33587814996395,-58.60256732615864,146.50360334194352,165.65247154454008,171.78316871544138,-177.87701863962772,65.60088743276162,25.52237061487792,-84.29732655213334,-96.51772626281992,-56.44658774202781,-8.351989184792847,-80.02470664643162,-40.71856617592004,9.604051866259883,-8.003168808193056,54.359173443560586,51.32240610703522,110.84800537415153,76.62075837654264,87.75857352250092,135.76961312738757,122.91623029505632,109.56721798158895,147.96638679607395,54.45428998064102,-167.8248007001313,128.23359459190888,176.64895878303614,-171.33222853259952,-8.459755532536477,171.71325753566114,-120.43609092515892,626.535411017115,-564.2435838099748,240.32900005987665,28.710833893991293,225.63330838134272,-13105.502591464843,-985.7410765236434,744.816920702295,-17.057738077151168,1005.7462985334045,-226.9394296188352,666.3103860551441,368.35560820108833,252.12702624616804,962.9540911647368,-130.6923995503715,-203.8437248032236,-710.6993910419702,-950.8979212327012,-398.9863225276641,-627.6711617105345,0.592911877394636,0.7811584403876494,0.8628577867928781,0.0298061753437006,0.053076402974983,0.0,8.10041699537924e-05,1428.0,5606.0,0.0984911783141907,0.9910975884606716,0.7820689655172414,0.7207009240477801,0.0716137029524453,0.0192697768762677,0.0004507550146495,0.7292530824280611
135,2993224.0878566275,0.7352670347595276,-0.0724130954600074,0.0193718864238556,-0.0007729677764242,0.0018943646069689,0.3694044989172244,0.1308738519641412,0.1217539823863415,0.0737859326315447,0.0861915625346627,0.0935837186861744,0.0178571460611759,0.0103394387590904,0.0006761659080427,0.8379876817934817,-0.0050486165743469,-0.0031871789853357,0.0004867653116647,7025.0,0.2183125064492979,1.6772730157734053,0.1610634481837341,1.2685314756723016,-1.4073143921110762,0.1206508373464252,0.0613866554033863,0.1100520254486088,6.173298951297797,-160.15490530553706,48.562959042317225,-14.219236624116604,-123.02100893708668,41.05865113610611,44.87633154339603,43.496695089490885,109.03117795598132,137.93637402034236,77.35406586974673,77.25727744605892,76.9633607740191,-76.93988609143095,35.87212702071534,53.91843056750638,141.9922517395522,-87.79124985245886,-170.32570566287578,107.47205625556616,-48.73428349282023,-112.00415827632254,39.171047471659456,139.2023107971868,-34.99042411074055,-169.79947135549267,35.30313439837722,-12.270185634268827,130.03180650385164,-162.82741817514074,136.08165082844104,8.392525147705506,-103.68408540790688,57.32205169782482,85.01305316113763,-162.7891304963037,142.73902339491391,-103.3995219494848,-31.167026113538903,120.4001559788222,77.42422199001479,-87.13487858154824,-86.00861804325079,59.53878124629695,152.87305764675574,22.745828139498048,753.474645766353,-416.7697873642935,295.14624151162343,-236.65244105591668,411.68933481753874,-1298.4617578290138,161.90428071602585,226.9178734999292,-652.3693697097538,526.7051265895557,-43.78837643714931,-603.5798071254051,-628.888798061505,662.311242079112,-276.1814727792407,-846.8776479626267,-400.1418757682392,-428.7357915430151,495.3336422818544,63.4731828405142,-1098.21446914774,0.7475008061915511,0.3949693647210577,0.3955498226378587,0.0116091583360206,0.0117381489841986,3.719229792028116e-25,7.055086112365348e-05,1326.0,4928.0,0.01124374786672,0.9924540470815866,0.7478448275862069,0.6315382134795228,0.0993872944211544,0.0277329893582715,0.0021283456949371,0.3193704074788893
136,16826584.062479652,0.7749054870950979,0.1452416352413605,0.1083759961429619,0.0067610648920333,-0.0034839657652981,0.8660332558744562,0.0304503541412142,0.0508567026816467,0.0294313418245356,0.1296273459618898,0.0964766084584505,-0.1293674296894504,-0.0601573245195559,5.8853795375800756e-15,0.8123681860673344,-0.0098778539315066,-0.0104569914228258,-0.0096513737472156,6713.0,0.0589541863220685,0.2289121715038515,-0.2336337726240943,-0.662010654952657,0.7440692299601901,0.0191172109346593,0.0226050664453874,0.0209171900521798,4.941206016290919,22.907041226523617,-14.05033439459291,47.24494606229516,46.27303290007132,66.15869418704233,130.49431980536164,-124.0658335964914,-15.128474803428846,5.941676398973806,48.23198085885497,69.26011129403086,90.60510012989184,110.74791197997943,90.47930599852438,133.6258447567836,156.30789884715674,-166.23725439138036,-97.22160700647252,-33.75021983071293,104.69919553331,-12.89224086203766,30.152683841378764,51.37119996461385,179.97615151428008,124.73566982305344,-151.58867124932604,-95.80448184833668,-50.01432012450344,-30.499093781228744,33.930450158819944,100.65758239848044,140.01096886856996,-177.15618979725923,-152.55289947088175,-135.45890666324848,-70.19183988379095,-47.221471766351335,-26.890647525069195,18.410643475945136,102.50345067242702,125.4888045260722,-150.17644115269073,-106.23772783407514,-88.03838869535277,-42.662951168522106,24361.30001395516,-31729.78707892769,-27553.473384035904,6503.759132435153,-11780.27065979658,41497.26534351495,-363.44753672659033,-2422.9632615980195,-27221.771940966337,-22658.082729425045,7604.866739354915,17455.331845922265,24344.145797416128,27307.805211393603,14566.263334843336,-13408.407232848676,8063.161627895544,22223.84440287689,-21344.793410584003,-17526.513041315236,696.9244907121197,0.9416516641277756,0.7815168720860454,0.7922725384295803,0.0102478881041407,0.0108479896597885,1.6779665468554336e-80,0.0001384977609528,1742.0,6884.0,-0.0636500596519734,0.9753496745603102,0.4,0.0125098093523519,0.0074781886165351,0.0070627336933942,0.0064164704796196,1.6568578350959695
137,4123867.6249911175,0.5554394954903638,0.0708710395683113,0.0159887747764091,0.0013784119717384,0.0516734347087144,0.3345623342400872,0.1030507450794229,0.1136621029631953,0.0125584082871391,0.1008405535533051,0.0602830859461422,0.0162787741909886,0.0309307775429548,1.4140471573410207e-08,0.872836204533817,-0.0034848745810093,0.0023543563560184,0.0027718069407055,7844.0,-1.361666072526767,0.6191730200953346,-1.807317309217487,-0.1664969160399866,1.2254193349422715,0.0989664147558054,0.0920542685835005,0.1527731884037748,8.455753578463227,-163.7887574789934,157.17849145196735,-123.46650619550852,75.70574070305416,-53.81655651894013,-46.67034825794552,-31.43771151010857,100.784342751752,110.61359877598775,-53.79009699971871,120.23742289026106,140.65868131301497,161.366389250123,-18.89695540948631,-113.4029099409258,134.37918546759687,-135.87562800711484,-157.39397054787085,21.717609232903143,52.1567378265211,55.34965312624856,12.44008792879827,11.626267994538775,172.85852891894075,-126.0452102971394,96.91673773784458,176.9646079442526,132.34203832195854,-72.70973494509344,29.216396386431995,-129.12663272806645,-162.82228550218693,-146.99377938540377,-27.42409106022378,68.35562057539163,-12.25322166689732,60.343162866183775,118.35840656565658,19.73874821461448,-143.80685309508831,63.98341966306712,-176.98502466300118,-160.1847905469868,-156.95851182871718,-157.62649913084437,-2325.928870229243,-2292.2191300852,-237.8942028744127,-841.0724222677669,-1462.2177820544332,-2837.6129356601978,-2276.2457182273697,432.2385540491208,-435.90254715127327,-269.08621466517,622.9123647150584,-1392.4899308284198,311.5496249533279,-2055.4241757666987,-1542.089901205204,3307.5482443101314,1628.4856756803836,1029.011845375544,-52.0186144093817,-697.048410833855,-1024.094680682289,0.532132063636882,0.7037121514512175,0.703769173746935,0.0106631692991959,0.0107772138906312,2.9259369284201323e-34,0.0001194040490447,1440.0,5176.0,0.0480285711164609,0.9365341848662828,0.3078358208955223,0.5908080059303188,0.0436220562239835,0.014312596225124,0.0060443633460683,0.3829041341836669
140,275741.21323837043,0.9745834652387592,-0.6746418145073241,-0.0574878645595105,-0.003198187070694,0.0785014291511959,0.4430352732904856,0.0282186423740548,0.0983342695156144,0.0647413774732334,0.0599195369708805,0.0566333146441652,0.0501497855704884,0.0585594788977869,0.5475462616304695,0.0455069931572198,-0.0005609707006112,-0.0005266175696842,-0.0002867501692303,10082.0,0.3568553586967842,0.0647432526583489,-0.0477984513641871,0.1841546861381539,0.2866876121002044,0.1434193133476122,0.1714940422282063,0.1525708494603493,4.607414481765409,-120.79784366129536,-32.94782559566015,-27.6816079291359,-45.23165537977011,-147.57338684704703,-179.2604076398478,-52.87200134662523,-73.07031793076985,-78.69551120167532,148.72716546918556,-72.10079378185539,157.79925966427288,-13.72202123402382,-120.2568493305753,-169.9808079552046,-76.70598600728101,-112.83560733359704,-127.84129599170784,-116.4544516359566,-34.4236801255942,-113.78173017597264,-81.78023093022426,73.28569639978997,126.85370985272635,-158.64474468636183,-81.00392167670864,-152.12936564517017,178.07423818282783,-44.10301425938391,-50.880736980965125,-35.817472960450566,-105.33996264809414,-39.43447392722159,-102.68996766729728,-1.5927635461997882,-43.3949941612575,-100.85909033470284,-88.98143301144441,-146.8221111252228,-53.73363755241357,-148.88519799009484,-77.4255223263118,-153.78062260981503,-78.03559340493386,-107.86589305973388,-50.15596971478355,-281.68262061158134,160.807197528375,-50.12946420146608,-435.642781093941,-11370.357088431338,-1258.4234570858266,277.86154060772463,54.92370200272697,58.90514245523701,504.40150232669794,-339.0836280574452,238.8513287168718,112.0839221889319,128.08055396208695,-37.7986223959456,170.59545719116278,-190.6386780788157,90.38698590948312,73.76167525142597,36.951508698012944,0.1602961338086098,0.6444749108856594,0.9783931998903208,0.0106388812722785,0.0148615300246778,0.0,1.919595813278124e-05,1470.0,4985.0,0.0946441406441347,0.9968741431313408,0.7992957746478874,0.7000822593912805,0.0601041952289553,0.0149712092130518,0.000329037565122,0.7373983575498881
142,458213.0362017898,0.765333566489819,0.1149084933122632,-0.0215818459960477,0.0005154407428173,0.0846810211803383,0.6130049493728079,-0.0175949707514418,0.1620573246741448,0.0923217150494223,-0.0176408065865553,0.0061883064582618,0.0210489667733576,0.0162861926428977,0.0019008546758241,-0.0924151155260217,-0.0016441748652083,-0.0002228421355809,0.0013157993846851,7799.0,-0.0475368277729437,0.39986148827091,-0.0168467524887803,-0.0924493816267223,0.1175588203130713,0.0901696405640752,0.1510230832293724,0.0883555755384075,5.912854274514106,134.6097069651823,72.59457028233915,70.68838508022422,118.02560658970948,168.65799161666834,148.99978870853212,137.46914527478813,-7.440326608852042,-134.95088055716383,-120.01592682543598,174.8840222313303,37.15272677769982,68.24416893756339,124.86045675965369,141.86012234541994,48.90415735158332,113.20155001953798,102.75692934178537,94.16692319072314,99.292113958473,-146.45855714060292,54.328116147348496,-46.45164656854101,141.21723550424215,-28.480931818986463,62.13981485126881,137.8904036592733,87.744225215485,38.67588745500014,15.190806068212138,88.52217230628847,43.58945542984778,53.671455084397465,-12.795845676578171,143.93887371056857,155.22931710438715,46.86172113026581,-55.2648526950924,47.419198750191725,-125.0106355433376,71.32815779929896,-87.8771704506082,36.75838788133159,-75.252780338291,38.38541806802484,464.0535898135112,-244.2527713779737,-6.245466152328078,-74.44633330147438,-54.48603809439221,-2598.794416483998,2125.6673909750293,585.1508206477906,35.4698598425733,170.49368946145805,328.2984586371465,21.76378126560945,330.15213034031217,-130.66744653408395,56.69368277089167,-196.72757103983207,-502.7814198813876,446.9619780571692,-190.46801856671075,6.014318206879055,25.49007023186284,0.3411022758431588,0.0049904030710172,0.0050452426652042,0.0111324376199616,0.0112421168083356,1.5987492079966104e-246,2.056710360335655e-05,1426.0,5242.0,0.0684426892731984,0.9855223471346312,0.4172185430463576,0.6118453523443926,0.0769947902385522,0.0231423087469152,0.0037290924047162,0.3746431091486937
143,596640.1361008857,0.9227478985791628,0.2228582804712807,-0.0203022759481328,0.0008431211981131,0.1202179123567702,0.6036787680544107,-0.078398608208363,0.2278485637744674,0.0315343428668558,-0.0248650740125751,0.0101276124316969,0.1364852833729544,-0.0380205624421232,0.0139308146142453,-0.4074746849921475,-0.0002543905944714,-0.000288603384966,-0.0001302994571189,8354.0,0.0939038561036321,0.1119507951323933,0.0201153130305542,0.3608260711085423,0.1118822496342552,0.054928440620572,0.0924474328706962,0.1079978906745267,4.488976138663676,65.6283066857191,-168.51820285882715,-117.12005681868366,64.8735127635083,125.10303545255827,175.43977186095083,-88.4656378026246,-52.66371593491461,-154.06389759126958,-14.83722884546703,-171.0991225261514,18.349328362764343,-81.69896042974965,-165.24098930167335,45.17652556821499,-32.2662104453258,-133.7583602097134,-34.87162776038172,131.98804039270075,-108.13096104965106,-58.58517921984717,-160.86647163828673,108.11855431553592,-29.816369201727085,-44.52688601047479,121.6831560975534,88.20814643674518,-116.70627478961468,43.63038969943951,-152.21023390552503,-97.26463071824055,-105.07180253024366,-98.12126612594363,-69.74838575004267,-162.1692550401225,140.00709128930802,52.21533810478846,-21.566885470512364,-33.053219940756954,154.99438440243995,66.4714968620166,-87.71883117117183,-150.2894473065869,90.54455369167478,-8.441702483774915,372.2699520201697,39.44164753136149,-57.33616528842619,-53.502035615516974,-407.14676894771367,2410.883313810411,2310.598252089985,192.62779721766444,120.51192667064124,-292.87581944364354,-297.9210041306192,-114.82096809197446,107.83810973037704,-278.76887152341226,114.3994844429353,34.45826085901513,-55.655057820312216,257.7149590576693,179.6574453718611,14.241465337129862,-3.53743713231772,0.5859062242939402,0.1317795448313682,0.1318343844255552,0.0109679188374006,0.0110775980257746,4.182946245892835e-291,6.8557012011188505e-06,1379.0,4437.0,0.0354214616822974,0.8775980257746092,0.1806167400881057,0.690595009596929,0.1084178777077049,0.0225390732108582,0.000767754318618,0.3387249287124941
144,378988.3554783539,0.9350628136382,-0.1957623181393161,-0.000563374403213,-0.000583493263104,-0.0058057790732076,0.8857423902713762,0.1257991472129474,0.0113267734076973,-0.1273899789794118,0.0058561251434493,0.0513795508029531,0.0885275393869647,0.0120159058189808,0.006302158032561,0.0015090262508875,0.0007425654595597,0.0001225582239277,-3.915391934606404e-05,8002.0,-0.4162668192370542,-0.1599069080459546,-0.2308358196548598,0.0239684555287283,0.1415201087010802,0.1088653247057445,0.0744105524928678,0.1443917333497793,5.036885015440606,-117.34247454642592,119.9212672450727,103.20076460424626,-82.94599896372254,170.76123153799597,87.59253558536929,162.29528633922953,-55.434060638290326,160.25053193917992,-138.10540486471783,-86.23570850782865,101.9274044437166,108.60790590631149,-96.46274906680848,96.88087928748445,156.8321600884671,159.94935503790884,79.3860174862774,-130.17990019753282,-69.83554958994719,-48.32868058438004,-151.61006608988774,115.72849569731594,150.0390207710129,-56.24550246114513,-94.96955742058292,-2.0983325731283906,-158.77962805767783,146.28420186800213,81.91650662906024,151.1307216301125,95.331385408777,18.17364808447893,134.91769400626058,44.65044535952234,-27.45921778857629,-116.61715061299556,-104.0048859207406,36.16033461581252,-147.58167981967554,135.85368560304133,56.01197263685116,-172.55048476272762,48.68142810379693,-2.254781526815266,714.9028679203129,109.90153200495163,146.69943809114352,-265.76251076595526,197.2268626658704,-650.0394427683789,-406.89509588757153,190.20310955213125,-167.80406004266618,-9.449014971025017,62.41388383952897,-61.74235084404134,-233.1532742957259,-54.42616204603276,22.223027348088465,-217.21813926169452,195.5368377113232,129.317778941781,281.64409063104347,121.35447223366816,116.55493127197684,0.6181314111449958,0.9518713612420294,0.951926808982534,0.0204602162461879,0.029054616024397,9.33566714721814e-162,-1.2130538457272775e-05,1302.0,4157.0,0.0070327198164839,0.9856944829498198,0.362962962962963,0.6570557249792071,0.1406709176601053,0.0406986415303576,0.0006653728860548,0.3418001453373857
145,325668.72787620657,0.950115855142581,0.1292685726018452,0.0097836576326505,0.0003188396434259,0.0494646412933562,0.8596625935695418,0.0589330083690159,0.0415693677324836,-0.0710202138260047,0.087559254380609,0.0489680950465604,0.0139376233374066,0.0016174587441722,0.0293531218304074,0.1750111537418495,-8.5334799430686e-05,0.0001749195694417,0.0001040328942166,8609.0,-0.0041567455639086,-0.0407285739327482,-0.0263606037905917,0.0199718439130954,0.1097210762862727,0.0985709629525724,0.1051824590366276,0.0813268848539815,4.776891467877503,127.63469307505046,52.4957899818171,76.30598205507283,136.50639906951525,145.62448546320363,-4.283852342934322,177.66646915949136,53.06763861069531,-159.66278853645235,109.68873754575854,-178.0478024029748,-45.2192970230637,-76.73686064259013,25.08305652607864,92.80979396130022,89.02851561894171,-5.460533727770873,160.02915670601078,25.65574721241807,-175.86888050180997,55.01130390819126,79.86579099191735,-104.44382513272716,-41.282925093225046,-63.49117149328862,-178.4966243282682,-156.33974354333023,-105.95617450175972,49.29466375275008,126.26754222237597,39.51871953205676,-122.3888883820263,54.95907795750705,166.37940426500626,99.66233036804016,174.25628526386893,148.7795132571629,76.99341005581637,9.144286759159751,-34.18591783948833,64.40559716614054,-66.93710484838032,74.89741403861815,-147.03726035534845,-133.7055216172847,1065.7620676455824,334.88494286168793,-259.171659334158,107.49673462590238,24.07964843189356,-1674.5238076507703,507.9615725405297,-46.75421663222437,92.46288364851314,-186.7681817950108,335.2793315690859,-132.74132416795692,280.6162145181937,65.1001717553585,64.22503738370483,-9.312369695649837,-76.30709021745275,140.43736981356437,-100.02080477161743,23.116069800899457,-85.91432942077472,0.8043743049303607,0.7393952232166499,0.7394481809034581,0.0198061748662818,0.0256844781019965,5.741578390164959e-79,-1.6551030136115672e-06,1298.0,3744.0,0.0444239887969932,0.880951120055076,0.0578373847443419,0.6857490864799025,0.1397553354869459,0.0355875655351374,0.0015357729174389,0.3278775180212932
146,188941.5603257516,0.9573514502644258,-0.586063929277967,-0.0175706096854239,-0.0026581475319273,0.0444384746109014,0.9344447437289968,0.0237632339065689,0.0231705269792242,-0.080569953274514,0.0413194363413204,0.0522308132258654,0.0368297535597468,-0.0116389292576148,0.2844554272724339,0.1833250499597675,-0.0002666311158512,0.0001176319602935,3.865182436611038e-05,9347.0,0.0126023811365612,-0.0702392174731758,-0.1370004733884288,-0.0765981855772432,0.4384930444417838,0.0926180327600104,0.1521786854705885,0.1847765419574999,4.986737650709697,-108.43922273862022,24.40986427306715,-11.870599514817735,-21.32448374073628,55.28083790564983,81.75525262104644,92.37611682126176,121.15185265415168,127.79029195825478,164.72966785020867,116.97942984815184,36.94244291624271,131.83978884799214,-67.08529495500953,148.804424534804,111.51061250457974,118.0039581451874,134.88199496352107,20.98742890250961,20.197178913121416,-122.6582311123406,-146.4786460446831,-99.25158230130472,-148.21894400590452,-71.66416215871351,-137.8002575102562,-19.9209833530576,-80.17775850081512,-59.82748928260981,62.02470084547877,29.80938915025668,-12.011193407559716,27.50522926540413,90.59890093019092,71.68349477531277,9.631191532683284,90.02284251412534,172.75340326350957,135.50897076771992,-2.766199516454084,92.79956605264596,87.86013659905267,81.41389296986613,132.91556402286824,-101.00926076169392,245.97451623566292,-39.09646026761576,61.630029034051006,-2.6358732087556582,524.9049929468421,-5806.799907349912,389.5676345351856,-130.28260006468727,-113.55733048014132,-311.54941490053864,-20.79405319276201,62.79338975988949,179.490788853403,-9.411169045388164,230.814576968674,176.8668221480254,404.8441243438482,-213.92703047067727,-184.60708242435007,7.259600854803805,-145.95045873121458,0.4444569372610749,0.6096806836069261,0.9824600854508656,0.0117494940409264,0.0218124578367438,0.0,1.7569998875520071e-06,864.0,2344.0,0.0300181784351656,0.9958961097369012,0.71484375,0.703170676860805,0.073588936361592,0.0146165954576118,0.0015178772205981,0.886221930736131
147,288189.59840704745,0.9161235963393508,-0.0634343885159062,0.0169614367671523,-0.0002078938172591,0.0188796717206132,0.96206608731121,0.0384032783004959,-0.0164461166298381,-0.0712380846935116,0.0290400584529952,0.0570123077282864,0.0266956465105047,0.0320064928978663,0.0538274300892791,0.0830277785532367,0.000506230545232,0.000380973114183,4.585099445712419e-05,6978.0,-0.1253680845869312,0.1030181668642408,0.0278335638601035,0.1591486315724101,0.0123833729568218,0.1173086798034043,0.0716325443201501,0.1180131914094954,5.134641507468686,155.6638091610224,-80.28639797866686,-38.39126577787082,-119.83944847817692,-71.89363614227588,-106.96687378900388,-77.94719357714132,-159.28697160860742,-138.48902501689483,-40.04863837921766,-107.75542740689524,-58.11459714838279,-101.86712889945537,5.045739954300843,70.37308092336596,-57.25202448668138,174.9638527104115,75.03923344736903,-157.40802768822357,-130.78506837320953,-171.03334561339867,-137.65590483012167,-143.17091185255845,-36.58895837643006,152.9575577362384,-26.12735456676164,-147.12429976476187,-58.71198762949222,-136.16090224171586,-23.94912943738717,-93.27907908353656,-29.110158291888755,-168.5975554849296,-19.825330127338454,-123.16011322521122,-81.8120032361038,-46.491169016671705,93.16201243324537,123.9390582391962,-30.059052161170868,-29.816764771660083,-139.96286514161358,-15.535279095792598,-74.18783510736284,137.36823708580505,41.54176360137592,-148.37770239576685,-239.62202937903305,-35.935201453900035,-48.807949992834175,-1173.4080959260182,166.88962130063354,88.5559348999207,-107.67239724338012,262.9345519874782,32.19142969954769,64.63313138875557,-221.94899239169007,124.84518676610546,-40.27929804069375,-245.94331431932187,48.34651073968,-9.10609958308683,-35.24576325309338,-181.31178425468,38.29851478552769,0.8656755177562813,0.419658508082841,0.4197234305005518,0.0205804064143348,0.0282412517042134,1.4728526190833882e-14,0.0,1162.0,3538.0,0.0498620716778206,0.992533921963254,0.5286885245901639,0.7260923196779848,0.1206907745244433,0.0210997857560215,0.00155813802506,0.33176338707527
148,357631.8331488688,0.8918200035172047,0.0861176803974931,0.0100487521095805,0.0002003110685721,0.0345053579920703,0.9026348581500756,0.0591267423372702,-0.0052131969217632,-0.0174674397993144,-0.0021381723088876,0.0345692408895709,0.0588603880297402,0.0130860772072054,0.0575177267755129,0.1404857739118394,-0.0001227255368349,0.0003737675771779,0.0001423387739111,10035.0,0.2263126725189582,0.0037410987516963,0.0917790851604259,-0.1190787456976727,0.2520130959198414,0.0647210739232046,0.1337232340504557,0.1085153096482681,4.885335562159381,4.062662582072719,59.54742059334272,65.48106547293969,47.08421038390547,73.51026386967033,34.88538211283615,76.36129758110643,66.00685884798261,63.83404971344988,89.30288728085135,85.12708357476355,68.04757732266953,102.04009805581364,-156.97295850559894,85.31995618508905,93.32821637930216,87.24007012306733,69.59753385479296,73.78297152444364,18.02409847207,25.35368735599417,119.8978279931784,68.49043272279079,-44.979843463920986,-0.574285129272208,-25.06089767363728,30.60892129635639,-6.06295494556287,-34.009513512445174,26.83883323585209,55.65603340881552,128.77970530121436,28.424950121280947,70.47811247211821,60.66114327895899,110.26955079753937,100.46373871386736,-117.59392841019884,92.30587977565406,94.1666961232808,-2.749573339088765,47.89887349756794,31.51656343309548,74.89618690579496,83.66916615383543,1188.3618774851973,444.1025606214045,435.1379227734965,38.050826092197575,389.1017598832686,1032.8038731220072,108.42537357779652,-1.938273697332335,-1140.110393559528,465.3713027683479,189.21833423331944,283.24520435903304,149.6514286333128,51.89061571507865,148.31865477667588,-65.23725526474425,-46.66380377294559,-21.775542277842447,8.10008852342601,226.5498659390407,96.1217230264613,0.8834443387250238,0.7581351094196004,0.7581826831588963,0.0107516650808753,0.0195528068506184,2.969698478847162e-30,0.0,1509.0,4607.0,0.0428675369445681,0.9899143672692674,0.4127423822714681,0.7111322549952426,0.1050428163653663,0.0235490009514747,0.0033301617507136,0.3304946206456209
149,325661.82433450466,0.9286155129806266,0.1427321086814638,-0.0008919405573319,0.0003864206993854,0.0001445611352217,0.9068421514224392,0.0960439519754861,0.0215319378821799,-0.0542806541484285,-0.0371441338145642,0.0382525771360099,0.0457462855723267,0.0705244928540575,0.0115522381843118,0.1279847450606054,-0.0002355765057524,0.0004334170324994,0.0003930834085507,8159.0,-0.0654304782669396,-0.0125581469955122,-0.0170550563481712,-0.0222693745560074,0.1412401416921764,0.1080549609048629,0.1107327033229808,0.1159186630206227,5.055816475195595,-150.15885933634976,172.4100214035833,-174.12151196932334,79.95055205266911,-113.18036663094102,44.37319603347286,-172.55168299314312,-75.72444623872987,-25.27066643822832,157.25396036887346,-31.942304894143582,-109.6205101135295,58.73999173489494,-141.72190138314434,-47.668872626991565,-1.0793192590321383,166.71933309105276,160.6201762546295,-163.281904843379,132.38017257663168,143.3647606035847,-63.90037728069891,-16.84222887050402,68.27463572131339,77.22860806780767,179.94406892246678,-160.8992748902364,37.921484823369816,-27.80849103855865,-28.65355887556267,-160.26825793459454,97.22035939670808,75.9730743631237,129.540990465766,-169.85063295254315,-0.2642325967347226,19.076762037769488,-27.07628117005705,-59.45986969619831,-111.212393288372,159.83538964496427,-41.807746062092086,31.83741239704849,103.16942303941862,18.19069937020764,-207.6105422509971,246.6697564634541,252.80120678356408,-4.512328638147437,124.84372511681796,-874.6608179164599,-749.871742632291,-261.24196702560994,31.080318909653577,-366.5475827959778,703.8016034212437,163.86755254568294,209.40224723100687,-76.19130392569403,-25.08194978740531,16.14443238409576,127.28672377980256,84.72843887540529,-159.7334324721765,147.45554193302468,-26.170025943030616,0.6110594541377236,0.2280807307334682,0.7008149647213258,0.020346770223705,0.0264726795383689,3.5862787549525336e-81,3.418850172310049e-06,1316.0,3562.0,0.0707355894751332,0.905485970573757,0.1466666666666666,0.7184816496198655,0.1137121916534485,0.0395449324509106,0.0006016518076902,0.3400743937638644
150,72460026192.02777,0.9712892619587002,0.0591862867302133,0.0146965608241259,0.0836041236474775,0.0440288009431259,0.4865625347459533,0.0838478530971058,0.1050147487669842,0.0798011671522112,0.0418185753403674,0.0561386821879871,0.046609653748035,0.0028491103745529,2.416611824630307e-05,0.679154271743223,0.2312594055680963,0.2057938664596273,0.2041223404255319,10789.0,143.61807508454638,9.748989963055337,92.19391911664908,-48.07245349896654,113.51594654648198,0.0899218532640673,0.0966016352968926,0.104935516920039,3.865902672888219,145.07217924581172,-42.29229226587682,-73.51334153735296,-65.28168620731428,-100.37969016601023,-105.00225134926042,44.76032834271694,-122.08406287121112,-82.53603959637277,30.23862698750668,-60.491645147737344,133.29577157875707,-168.58516482970404,71.7175068925625,86.03767632578196,154.1589346876383,-125.46193648530908,153.42893138692628,-143.31828535519722,131.64438673987402,-171.80809106428194,-41.97730724035386,-18.617739975203868,-89.20123978032733,138.5620773324768,-113.34754801748724,43.423722669549015,0.355484917645807,-17.028905783399527,-57.25812366390832,-8.192921915427405,48.24345036447511,-124.93341803537962,-130.32673300084292,-71.12550260188932,-69.9919947395512,35.616760565251255,-77.99517344794364,-75.58090226159864,-34.62815764231566,-74.37364669074358,-21.566323532789724,-69.09919684333131,-10.384324463067191,-72.47365533791276,111996.59894632458,-50972.190084578746,48474.89662890319,155037.21248692163,-71283.07438477321,-1427184.1083593178,-654358.9690096139,105505.29264177638,99419.61257161584,-16159.641381711952,131341.081946325,107819.4476514686,88680.84006726297,53612.8951302331,76231.52466119191,114517.48590105509,26086.75493414108,19567.87204428698,-607.4268880752284,19106.60386225183,61474.26770951347,0.487972128518498,0.3121716529336946,0.3882099209202013,0.0214013161532931,0.0408118121993032,4.032239077072247e-15,0.0014379735634091,1568.0,5619.0,0.0256133874439741,0.9815296134490958,0.8813920454545454,0.7028700989879998,0.1461593762096997,0.007078471492562,0.0,0.3879297484787966
151,57917899760.696045,0.9625774927729271,0.0561777084448594,-0.000687369516523,0.0684403835698147,0.0077706636109477,0.576909615389963,0.1409790454159817,0.0813541678828975,0.0365951115964899,0.0430085540362524,0.0358435807804126,0.0358448000450909,-0.0118537878817327,0.0061699187250524,0.8269544911937066,-0.3411567476948868,0.101255529534218,-0.1358109975131251,11178.0,-251.5467586729662,-49.430505283437085,-142.35953768977046,65.98394428709493,-7.590759082975682,0.0999800499616806,0.1086959916193677,0.1038733061477827,3.9419357608928,147.39796176955886,0.5508422792368461,18.22068157683972,-146.35970406783414,24.29563553604392,61.48361593752376,-148.161148882209,-104.86131242688472,-117.12058617218858,50.56498194305211,-86.37897191878551,-65.18055173003417,77.10066600193706,106.5955338981976,33.574835744261115,57.40541253080869,-97.91429215842798,5.627935760013378,38.23812837950535,152.1728916413525,74.1718027378926,-98.85624924573496,-98.53187089609494,-113.53002825757636,134.59069125193477,-47.65399585518657,-19.881658437424505,-144.78817487060613,-96.4318823728272,-62.04244373386942,-159.60891710271093,-80.51426067417302,-110.5008110377385,156.84182846540926,-114.35005743178222,-124.5494879092625,-75.31621310287979,-106.95140084917308,-104.76754092168676,1.2609835684021558,-100.15144665989256,3.3034318080009824,-45.95128334564696,-45.99319081699286,156.45763963604705,109992.31732937324,115593.7577812116,-53150.50331887468,20705.38164874789,13684.330512852344,-755415.0767621871,380002.47405806,-4693.366324812652,33315.14550145519,5992.173218886865,-152014.70469462202,-80338.33233498146,-3503.151309992616,-14913.685376263158,-36244.59384906227,4613.277870409043,-19395.88141671612,-13910.451720946065,38067.03965505264,23813.67296632449,22924.323219146456,0.6329148621237871,0.0526286936023244,0.6149882133654954,0.0208321912175867,0.0427059919960528,3.092655794605876e-16,-0.0001644827019025,1542.0,5514.0,-0.0074825845177671,0.965572062935146,0.7739380849532037,0.7453538731429198,0.15728304369278,0.0045501891343676,0.0,0.3779509881931611
152,55206240496.77778,0.96444796911787,-0.0041681039903988,-0.0224929101221629,-0.0046884667809577,0.0186952892184635,0.5424547528623636,0.1199956427252117,0.048506527289266,0.0711446864687195,0.0562003367033189,0.0382135661944673,0.0155203772786657,0.042286570774838,0.0001567529250697,0.9002053519444083,-0.2204278523489933,-0.0776722787783868,-0.0279439059599917,11583.0,-107.93132450013492,-81.73568497742134,-106.76907185364864,35.27565920272366,-18.08568765562526,0.1112285621017501,0.0824401875276336,0.0998955982172321,3.965119181010159,-31.320607300492345,174.37443959985305,145.1546566834912,25.48912064894973,78.64760236657393,-47.59996650186677,119.0859099428263,103.35093999699411,140.02745326147897,48.12126761451405,84.9033508269263,-11.96413478791446,136.89865995866623,103.3895764183983,163.4840429144386,93.04281917790398,96.41721336794488,126.3604894298382,133.05337529173283,-36.76544127803927,94.45641945797333,95.10084524286611,96.75955680457712,97.56898950594208,-63.485859823517366,90.98471090391602,-63.62491071435247,98.30255808232592,111.83516383852118,139.17432430392228,107.54197806922402,54.89732300321135,-0.592537039617616,170.6277999585822,145.0892392055465,57.28689937485168,111.51067929073449,98.01606744566637,124.28310608751906,-69.06359906496336,116.10001734262416,118.21020076123747,91.58558469151858,118.72958181634051,61.2918823084142,72666.83122745404,80948.06349734425,138825.3288419255,96282.35404168532,48018.769282098685,620010.583873025,624026.160525789,-6871.357437522136,-13830.080370010808,-1201.745651388359,-164653.31325787283,-2204.160971043452,-38424.05034571712,-69980.65702109791,-48308.78989173671,37858.9341566627,12827.150156365244,-31525.251629883474,-17066.245943382855,-29574.231370615584,-32622.975952609308,0.9785648223709263,0.0273652140797562,0.3412219139328655,0.0245906098688863,0.0321527664436102,0.8857152467928481,-0.0053049676260949,1664.0,5528.0,0.0511580154752847,0.9813938305859312,0.8573216520650814,0.7548555573690223,0.1514063435068821,0.0051139763886622,5.440400413470432e-05,0.3608139491361613
153,82919447108.91667,0.9676705243834364,0.0452176541606986,0.0073525233782191,0.060145367597199,0.0533607133268563,0.5187635986090411,0.0695800285821726,0.0647145417481371,0.0704636141957605,0.042552108661721,0.0606693074312229,0.0313904343899619,0.0238855179238665,5.166821467099034e-05,0.5585142397058115,-0.3347959325811394,0.1236346060898985,0.0528803035529492,11440.0,5.516304781537059,-11.87971636696131,88.73722637383696,40.82235233026291,19.9033796350822,0.0878251848891897,0.103504686409409,0.0930895981718376,3.971168216888114,90.4478654549464,-112.52624292574394,-120.2546952958444,104.6213242758308,-112.51540498759388,-124.07444619072356,16.016632311438112,-37.8729518629712,-13.981550438476829,-25.586626466648603,-29.58697830987636,-18.078815869992827,158.50745257602247,166.05267410006283,-115.57346110155248,-179.62531243785918,-58.13413573747206,7.348982640912932,138.6192788981858,137.8507285837698,40.67062584653685,-99.92818465134204,-50.15076952824689,-104.52879316861484,173.54670911952752,-94.5477107755376,-100.80962188157748,93.6927128177276,-4.000116642177682,-147.97885786293483,34.640249862592896,34.0640440148829,62.55080364077259,-114.09431186062288,-125.4251922870448,-66.33112661434667,-28.08445193583899,-46.50382009296148,-126.25810164943816,116.3645586653638,-102.44258048003547,179.94353411216443,-105.50880665481355,-84.64553500621167,-75.75369327261342,-92791.64523034822,-73594.30485659261,240995.61189861537,82247.44430346548,-242417.1635669284,-5602.479623899511,1063579.96045333,-4275.470587099996,10623.248217270377,-9811.562052592495,111744.90898974324,-6712.015962731459,70234.88432071352,9443.299162637,10775.60911280439,22031.02385039092,32483.245257767023,-19744.819529309552,26801.4947579338,-35316.61891247948,4780.624211320989,0.1599040139616055,0.2416557591623036,0.8585296684118674,0.0212150959860383,0.0339223385689354,1.6538334868812672e-08,-0.0013635867786625,1588.0,5699.0,0.0529311077467247,0.981184554973822,0.8639589905362776,0.7898123909249564,0.137979930191972,0.0019633507853403,5.453752181500873e-05,0.3450076627716787
154,67488479121.0,0.9465074033716676,0.0617728510285549,-0.0019131285214794,0.0698428324196048,0.0719164056854631,0.4433724479138606,0.0882422006077897,0.0726448535676018,0.0598223362304769,0.0476491026878334,0.0515071855543849,0.0446494969246482,0.0555738337441244,0.0023225626867305,0.6596189228775869,-0.1593133777840828,-0.4179389312977099,0.5304134548002803,11173.0,62.74103893589257,-36.93643937820362,38.74410131645004,47.42602512234732,-22.68083352763908,0.1104984885883957,0.0944608688628207,0.110705226466945,4.304045636107795,145.12392845093672,58.37534916205523,90.8521038556595,-143.4587101255855,90.0576464250235,118.0093370366704,-62.19919463139147,28.2162458758087,-65.68613653958886,173.90421144741168,146.0285183456309,75.15530660242109,64.42665983368565,27.825144397224165,-34.22078452582874,134.76667575994583,52.630773442129225,-14.13156238599646,-70.6653238548785,-72.59388073873158,-63.0686675254308,127.6107277380597,95.13793965374114,74.51530296220717,-155.02538465626725,122.06370908621588,-51.23275429155922,34.0068306208544,79.90675861209021,24.19734034126555,115.2314028431386,59.44576521736534,-122.62399430021404,158.77187102108502,-176.3345205947564,95.535586485209,80.2234743229233,-57.21636968674634,90.99318272946644,90.77218823013796,102.53431723389528,124.70800796596652,45.69953051554619,122.55885243889382,116.64826733647593,-70151.0403431597,1692.3440175884589,136452.6028572685,132964.62754023087,10701.212226965432,-411607.1365112626,198741.00135176463,6875.537585921058,-16518.91719177595,-72345.32277358032,8739.764941409634,76182.42868461803,13871.213530287743,17221.90696966943,3727.56914990073,-9272.788927068288,-9453.691367096282,-1080.135570262593,56190.55519295254,-23249.707197423177,-15287.857211231229,0.6215413389075307,0.0464271962154133,0.6039936190109467,0.0508278783211397,0.0237636833709224,9.529010545393675e-15,0.0094625075645045,1647.0,5565.0,0.0881041727565086,0.9904285164200451,0.9188811188811188,0.7860168326090544,0.1292700368557126,0.0071511084218053,0.0005500852632157,0.3158095463128653
155,54255400295.65741,0.9666280631959387,0.1972650956708579,0.0313650012658506,0.2223291731368203,0.0768586394797959,0.4541540184529981,0.0767085307083514,0.0784604507534875,0.0877258243470121,0.065808474626693,0.0388414452807663,0.0596397526413681,0.0177458102511099,8.67666200498494e-05,0.9244829754065422,0.1600344778049131,0.1940139480821387,0.2258422293081935,11076.0,-109.82627409368496,-69.18282537246748,-103.38318151192551,41.89573709044835,-3.136315789847391,0.0912693624047659,0.0785371821934756,0.132088107671258,3.90490338990364,103.54115539279935,133.40143686111267,121.91896231864392,51.588535571798175,-89.22802934137982,-41.95884600290379,141.09262924213493,161.69213787871368,117.82877482819924,-76.13260433197244,176.31802279135852,42.94495852721704,113.44770902243457,-2.088554349176885,95.08816830457688,95.88016666298162,107.38204365995034,82.4255880784412,-9.753144217107089,2.4842210787961374,-37.420309062842335,132.50418522553764,120.45293976573348,146.9003142244135,-25.21886924694676,126.47100061004956,46.12415992468221,117.36966912350076,158.27686217790273,127.01302887970702,130.00261787568448,87.3448529613699,98.66950486781946,105.14382583762412,118.22039708069934,80.50499053709888,120.56654371302378,101.6224554906862,109.2189863598441,16.723834228549634,63.55913424549345,67.84645709549913,101.70075462400558,50.5461325280948,28.66724386031593,48394.28069970303,-22082.220433277827,62575.30416226888,29664.79295679161,75427.81174255996,-259694.339391915,666911.8577805015,-43612.4230761471,-59326.48593795803,-24083.63784889024,-102674.92271227294,-47335.88699638933,-51627.86140525783,-22765.72747107856,-8307.179287639949,-26961.14922045972,4440.268931949468,-23660.855380725225,44415.31491530503,15368.234012510748,30014.229083209582,0.4968940684954098,0.1902589192457809,0.8180418888461327,0.0378758726842944,0.0313341762409982,4.887655108724521e-155,-0.0041783495519269,1620.0,5684.0,0.052298733264259,0.9922489142982792,0.9382661996497372,0.6615908965972184,0.1748666923203782,0.0015392226925402,5.497223901929526e-05,0.3580759323675578
156,72143871817.33334,0.9698127434908392,0.0635052478773932,0.0206251134895801,0.0897342521895647,0.0486607333318973,0.560486204299968,0.0187804854868039,0.1024751835531168,0.0784364869138439,0.0342698005153095,0.0531244559794067,0.024449102193696,0.0189050689020587,8.538286753455558e-05,0.6884484493959642,0.0466647783600056,0.0451868301631746,0.0433671683584179,10818.0,81.39967925851607,97.45483722232036,39.403501601054806,25.39400145040639,93.5168411952107,0.0899243308624491,0.0969371460407994,0.104241602288015,3.993423312176756,143.78377651675095,-40.37395179120532,-73.09717883242246,-67.09878542666988,-102.6269028004468,-105.33795144768548,47.09228951508916,-132.14860728022722,-90.69704039381064,114.36876111767565,-58.759075501234925,133.5403835043886,-166.27251365448873,74.52674548115878,86.86314437834983,157.08199044013122,-117.16765340939948,138.08198172053577,-143.15417859952208,134.72226588596385,-170.59781628265637,-23.79899461931953,-18.571721882908427,-89.72578680335087,131.43963056474607,-82.25944807638817,45.3062017022317,-4.815747417644373,-20.68519237662357,-63.93435805532931,26.298301336501403,50.50042283713203,-131.15926800997056,-135.88236938839125,-85.50727000058909,-82.67317670835062,41.95988718259152,-65.97656657912249,-76.79280187207794,-51.95681876164219,-77.19491877562618,-8.85539216211897,-79.54673441068861,-16.188755609026956,-80.74918939952124,126441.0805346752,-39695.914284270526,38713.95234992346,138734.64581271377,-60599.03480609364,-1374186.7964133192,-658874.4159835955,97789.55987588067,99807.84683148636,5296.003055503565,148413.22139617562,111339.55953140804,81990.28436236098,55145.03097173503,83563.00521363628,114511.47723711138,12520.156134568326,17467.007543136464,-10358.384300599566,11252.568890277087,55057.87767446131,0.4879451448794514,0.3121543906215439,0.4842402123424021,0.0217319177173191,0.0408648529086485,8.403532589943989e-17,-0.0040648158389558,1525.0,5613.0,0.0476641311064612,0.9805352798053528,0.8751330258957077,0.7052643220526432,0.1452112364521123,0.0063039150630391,0.0,0.387661436585367
157,58881211033.43983,0.9623665973475164,0.0635052195908885,0.016663251979267,0.0780184282149886,-0.0011641622334998,0.5400207939094412,0.1567436481075467,0.0722470107192664,0.0600032403024734,0.0426451190259444,0.0250916086378032,0.0366311864190632,0.0078459691844245,0.0027791356441064,0.8128308068906543,-0.2465064281721632,-0.5020953123477244,0.0660631608043673,11198.0,-200.22114592391927,-35.54160695642252,-191.60620407728268,89.50593180767777,68.72751538537479,0.0986117319785158,0.1068064028935888,0.104467440912552,3.886146414667509,143.28946723352027,0.3211068102861417,18.75924260512268,-143.29239757319667,27.16758431786381,61.52287663099659,-146.51177666600745,-111.34875853215206,-117.00997849465982,51.09829193935934,-85.80575946320239,-67.5680045484622,78.2962201406104,105.40078480385309,35.71118665965184,4.5373166535218505,-92.39872263680653,-2.546179818983984,28.73496486652349,157.2677027153942,77.70548549513741,-96.39522512208652,-96.3019039705606,-112.85574387292644,135.6619142125552,-60.24830915694292,-19.727291599069755,-152.3443564745372,-83.17328689613967,-71.34770111044442,-159.37912100667955,-65.39084011451315,-108.99303123291575,-175.46467631457423,-108.68713511633692,-134.62975911165108,-88.40647834569275,-85.19710463556804,-95.62685679836548,6.251136958104728,-155.31038385249823,-12.5586315067296,-44.71773507177405,-67.68981750552265,161.00083780013813,116101.50595438364,121997.57551515,-69423.0451342839,22376.97305529143,-3114.6009069898955,-758154.9106354456,356905.6258163538,10527.620861896468,14739.515965977178,5643.041535401235,-148851.52054677808,-86598.45207153156,4872.672228429747,-14285.066574183373,-36292.05768838718,-909.011823408582,-31729.96977976143,-4201.991379850151,28255.7117482128,36524.66140381704,10364.927066708004,0.8675035632057888,0.4536235061944962,0.614844863501809,0.0428681065672623,0.026038811533823,2.6989084196122896e-19,0.0030975877192982,1512.0,5537.0,0.0061003896248039,0.9650805832693784,0.7727434891188013,0.7345685780067975,0.1607279903519351,0.0047692139019844,5.48185505975222e-05,0.3772260618690633
158,54685133241.24999,0.9634430944816318,0.001955248932883,-0.0368196077307282,0.0021975099258647,0.0206619205218157,0.5590795288464001,0.1139195703565788,0.0502997243422848,0.0711461514446606,0.0453118919472411,0.0426340242488921,0.0370425680604842,0.0037732064342552,0.0002282934348285,0.9099118292931528,-0.0589887640449438,0.0193229625281283,0.0128830562044798,11566.0,-76.04936845306527,21.822023519448337,-86.91104465745673,106.72272792125028,15.320637959341337,0.1107714150302312,0.0816913237194096,0.0991506315034862,3.985072761455303,-25.87424092696311,176.3147137873983,156.50408676868818,25.83411037347692,71.72319858750929,-46.65185825114357,120.05745325562611,107.29736939731632,146.23868248947892,49.95522763718963,82.13629582310351,-9.01977355201009,140.17181018683215,101.12606794130012,163.53362444676748,95.17563421064771,98.0725921823451,124.16791821827944,132.532786142378,-32.30942919954318,95.05117018319756,96.30608067733152,95.01612590852812,98.5327385047889,-60.684508247168274,102.28442782528798,-49.11521920587626,104.12992149091228,121.47700355984834,95.53101903223995,108.28078747513176,47.84267195475451,7.891911324126292,171.6253442946704,154.1081225873254,42.32859114075548,126.16928377636768,91.84037524201985,121.73174797521428,-63.11234739044276,112.21805608772956,115.15191204353223,107.47375634940322,123.52985670466931,69.01642152838576,67302.99388696945,78383.64622897147,146179.7566871667,111574.81764030532,40683.59972415128,709031.5546927113,624800.7215171233,-1341.853388639538,1184.9278364218771,-11991.053658053352,-154815.80222244456,-7426.568608792484,-54308.6472640259,-60294.75195579576,-52517.548126137954,28503.393875546928,15084.743349198869,-23273.3700135742,-20151.998130369364,-29853.88562629054,-39517.77484967263,0.8368879216539717,0.0272034820457018,0.8109902067464636,0.0198585418933623,0.0525027203482045,0.6381345392677186,-0.0008978126020241,1642.0,5502.0,0.0154308998006378,0.9817736670293796,0.8603584827011255,0.7543525571273123,0.1502176278563656,0.0039717083786724,0.0,0.3628071147334249
159,82232221141.16666,0.9697341616010412,0.0491887631119912,0.0126307898039086,0.0651764053834048,0.0472320290273321,0.5773360171183077,0.0034949637183206,0.0808138475554848,0.0833598179559459,0.0534802267634027,0.0477238331310394,0.0239528758746173,0.0287310037464436,9.22992033789228e-05,0.5596644925148921,-0.5957979685543342,-0.3773047591466357,-0.182527085777379,11406.0,38.96995469799223,-3.941520001380894,110.4892320838003,-170.8460562884125,111.36528731476452,0.086627946578925,0.1023650062485107,0.0945863409021575,4.027607040585773,92.4479398021568,-111.92781193732112,-119.48402258295792,91.9974773323619,-109.81188075360626,-123.1137572309269,12.21309559067965,-20.103064744261467,-4.597266476836087,-24.167476928755303,-33.63077334893156,-20.15104728786865,153.52299832334342,-174.03837864124066,-96.4410524846078,163.6005049351725,-57.83951262531624,-10.70442246812778,148.10356836080484,147.12532017445704,37.99544526167672,-97.14224848982688,-48.84125787441642,-106.42426451089872,163.5364342769182,-102.73648620751842,-94.9081359472304,107.42416551175776,-11.89452124966699,-102.35704952166368,-79.5993872217368,54.50678915386289,65.98110592166333,-110.90528158412144,-117.30787614241652,-55.19479897725286,-55.17420828528595,-62.95398935341321,-128.28961919861612,104.15684962835604,-94.16409906024354,-156.2627229433195,-70.66346487170567,-103.6118229171835,-112.8641630377598,-107911.8076390232,-94266.31355536064,214513.03905391385,75980.8477067703,-238035.77939533425,-33604.18870235098,1007274.0901152034,14585.455423127092,20332.02822064313,-22832.764063583352,86498.65823395635,-30497.894009597418,69263.41366399656,1941.2882554329783,-3928.237873395618,28486.64282319405,41868.60220033077,-19087.825473110453,27796.59913171211,-25325.717345282577,-14036.35198658325,0.7926709564838041,0.2416294034245828,0.8584360344639547,0.020394808594176,0.0301559603010142,7.532749225821425e-10,-0.0006817190226876,1585.0,5683.0,0.0567737254910945,0.9814047333406042,0.8640892785970506,0.7956701930417712,0.1358926818627985,0.0014178209183117,0.0,0.3466379156662849
160,66275544289.0,0.944694598662526,0.044921278849053,-0.0169867037944542,0.0502989374124629,0.0787544331489226,0.4974623493749955,0.0554939871992997,0.0752503627902179,0.0616776801563427,0.0570629947679519,0.0383252499052627,0.0517551339733645,0.0254538303810779,0.0014942910461371,0.6728298474196829,-0.4552787998867817,-0.3248644306085559,0.2641826586356632,11168.0,-50.19887606609097,-38.8122534504288,-124.50655416095942,-77.75479300550927,166.77767556854624,0.1108584953140768,0.0944723144739106,0.1104516059963157,4.336281866127816,148.8921378961881,56.88558170848457,85.36163509661506,-135.42399580093118,91.897398411751,120.94855811035964,-57.84459351356176,92.55616046056537,-48.34455793358652,-130.12746694766838,146.14034322959873,76.84368169013602,55.50281362412053,32.028713628956545,-37.19537906961457,129.15208807505238,49.37276317956379,-15.887253112797584,-68.18942602152642,-73.21036980212337,-58.7045934599446,128.74284261774855,100.59079031578749,76.10883276993454,-148.5345889111238,119.33087250440028,-47.70088804931366,43.17656817963218,95.39184288161702,56.26048529072984,119.93210057411824,78.49022231089731,-105.1641593646238,-41.196452330248455,153.43049132625174,118.49006068807935,-174.4151684958027,91.30576587888626,116.22172705378154,72.21164853944482,53.71332304480669,163.25328411826254,105.17642068501296,75.22455847100125,96.07674653743574,-74620.17691331859,18621.37059622036,129315.132280151,135153.26918360183,-11224.777713723905,-367761.80168737937,185085.9809239189,-51724.53968969359,-42361.6999073643,-55349.94904773633,-1323.9551186706783,73867.04242095177,-8663.10915725357,7455.688542145139,-7710.279541565632,-4893.680706894402,-42938.39081659714,-34958.84712556044,62235.71146851823,-38125.40950306394,7789.949596418468,0.6975464847617999,0.4646825833425019,0.6037517878754539,0.0366376939157223,0.0275607877654307,2.2146205000149687e-10,0.0056393045774647,1651.0,5534.0,0.0653957623164008,0.9907030476400044,0.9210280373831776,0.7781934206183299,0.1323027835845527,0.0070964902629552,0.000440092419408,0.3164645243334752
161,52552712629.5,0.966090288962964,0.190194147226938,0.0468271051126848,0.2117258266311984,0.0783031308757183,0.4065476925348198,0.1106484937340252,0.0730727300103804,0.0744089878949047,0.0442248821995195,0.0438868266527433,0.0544414806025826,0.0344327235549079,0.0001189549506876,0.9289685121997856,0.0304711136723815,0.202677791791986,0.4176136363636363,11146.0,-81.55773670613026,12.98317602148897,-69.36258145289844,58.84418832070532,69.28361127649711,0.0910763899809283,0.0791553805666906,0.1314083567614634,3.873518525888661,104.25519630757049,132.60727134960428,126.2329850208402,49.283720603974864,-89.02911612437795,-43.2336314624501,141.2942802862431,168.42642088889383,105.42688995579806,-79.52566052727906,171.9658011599142,45.63626149263703,114.16002492210826,1.4902333619149164,110.36541411755444,89.33587622510002,93.42088805337676,77.80138064956475,-11.966822825130542,1.891086899471972,-37.52805896716374,138.20338484751542,122.0308187955171,151.3517041540063,-24.205181649909868,105.23125650216213,42.90058746681838,107.84170764097,166.03926303162103,119.81566221167208,142.61717461712246,87.14166162299334,101.2387673247277,98.20810540198916,131.78994950566693,97.84826012249162,119.86872679683658,108.19814011596074,124.0108527659919,32.34995369792167,64.9428088108775,54.67639449933548,113.63595123816148,37.522154577670975,15.993677994240825,26767.029398282502,-23209.69103283864,76475.08824555593,30120.40194453709,69186.57829879249,-257114.6893248619,599127.9737401744,-29976.390480507864,-55833.93073945261,-10725.00156541774,-104257.5079351607,-32254.159913875712,-40675.49787086676,-17060.657454235876,-10245.41133364195,-49310.69479442187,-4726.285870592884,-38578.496453323794,30958.618926717485,24551.23173820595,39265.64285762535,0.90906591896201,0.190114904612678,0.817966903073286,0.0376051459673429,0.0295783165649568,5.510510093629247e-140,0.0052235112992797,1557.0,5669.0,0.066618524428928,0.9923580185826598,0.9373591707976566,0.669525537412722,0.1723569190169883,0.0012645005222936,5.4978283577986696e-05,0.3591497966092349
163,457916884.44535553,0.8882946784758626,0.0698588285741979,0.0296727201418033,0.0033960882337405,0.0499012531207231,0.532480842036262,0.0897906695851812,0.0634426940834168,0.0365869857554591,0.0573393640341848,0.0306319685941509,0.0506330235288844,0.0211755122733202,1.6187653471607832e-06,0.8780189458088818,-0.0045900802334062,-0.0067360974972227,-0.0042807755363889,9644.0,-6.639385817199441,0.8682963443465864,0.5735908195888014,-12.258141681536015,8.902684132066371,0.0989783593692396,0.0985238909627578,0.0978992285589405,4.002692949470408,-18.56100158317573,108.94018232620591,79.17980866170399,163.5394095382743,133.33553750310077,177.24280633587068,44.08513457867058,162.39726709347153,115.90629075871918,53.69302469125852,-37.15178903426403,76.75054000381385,41.85513235070256,123.1808984880264,-43.02899727322027,51.536444848776185,106.83977843741222,24.228315420993496,4.560260870527634,168.80447550665238,35.227147984883246,177.26642178543355,158.81683346671733,100.51979239110904,117.86461553902932,141.4428128106188,96.9544540154965,-147.9390175488701,-60.561926298119225,-165.3891103488142,162.47829896927678,87.94803706096668,-5.880833475276813,-16.310889868647767,-20.58364023834396,125.77941477714084,163.41499038040166,79.79819831108892,31.078132205171947,102.69399980462808,83.7809911104042,112.53815539937426,151.47601013914723,92.65892509704896,42.767399019560486,-10346.940383339814,12324.88462461036,-24290.7650246079,-4039.041345997227,-760.2721897493664,13210.31018387595,1866.750568700479,424.7508388670542,-6158.790113924643,-11723.913153178948,-12355.417021381918,-4981.260408438189,3599.6558811390023,-2507.43408650781,1006.9259515250394,1290.4423208568146,-2067.308097227771,863.3729741381975,-36.04153339462727,-886.2427336431399,-172.02572489208995,0.109898546750754,0.6064162325198793,0.6064710721140664,0.0316972854400877,0.0448587880449684,3.420226840162541e-18,0.0006049470739867,1582.0,5448.0,0.0466446137978662,0.8065807513024403,0.5838839075035394,0.6623526185906224,0.1236084452975048,0.0286262681656155,0.000767754318618,0.1595911961688605
164,364920684.7158332,0.9147432973229694,-0.0026527487786,-0.0346362960934599,-0.0001248498122009,0.0358776317178195,0.4844517322345819,0.136696190112617,0.0849819368407493,0.0548784992806035,0.0316582243332018,0.022449378375095,0.036645554848254,0.0281970942573819,2.872575847858416e-05,0.8657104730654638,-0.0248244020587344,-0.0239045237628292,-0.008265258380705,8527.0,1.531064292098249,-0.2468511517598107,2.926560730885613,4.70872225133596,-1.6957373677407772,0.0942212886408441,0.0955989328789789,0.0848113359510513,3.871135071301405,-12.665338936526105,-149.24373996883148,88.39348700950254,30.670509981110147,159.99735521383576,44.62082174132616,-152.76591247837928,-118.5763220365374,-34.072199203216776,161.70758331296585,-145.412556479371,169.24288783712302,-139.06516411063956,95.52354927270028,-94.58830325684868,-128.01142193496884,164.4208125434936,105.5161036233476,147.89785750936525,-26.401059423088974,134.5668710459275,-81.17059618883437,-64.95362737018023,-73.48940185545615,-84.79624608778282,-57.01867559313597,-73.52013710707553,-20.451191128612063,-12.138120850715616,-98.03501900103396,-176.8893327003348,-131.1186992005568,-52.90775005772869,-22.81100820365952,25.677767536746355,-88.3451919353818,-43.006397756742246,-176.96809708029738,-78.93072253539349,178.60215375361426,-85.00747364279417,-92.23113784534704,132.95612536426634,-45.84896936140263,-33.77456128797887,-10123.059556411332,13936.28219973534,-1813.0303924178552,-6685.629834628218,-3339.8010816879782,118421.87734402558,-26769.5862007052,12441.101419245237,7732.404439490068,5068.82999135054,6314.149270072834,7539.903968059829,5640.550168508644,1615.7159336669258,1492.6352933677829,-4756.218862170503,159.53549751082778,583.9423252411896,-1474.6836314830402,-86.62333391555762,3823.3389690878,0.0302714559912256,0.0121195503153276,0.8087194954757335,0.0292295037016726,0.0343844255552508,0.6889462881337388,-0.0002040256677452,1566.0,5498.0,0.045641842561545,0.8041129695640252,0.5583034499814518,0.5259665478475459,0.14510556621881,0.0540170002741979,0.0023032629558541,0.1746289828610794
165,585559212.1674014,0.9563763968310872,0.0217006103842161,0.0168364107937077,0.0017838011846412,0.072074839598397,0.4442383391104927,0.1601360267393562,0.0914856589010925,0.0905400935654538,0.0392148113462856,0.0173217618156647,0.0174919490364183,-0.0010894551080333,1.3518240716817446e-05,0.9342351692166646,-0.012054279749478,0.0262668278346606,0.0040849036923718,10194.0,-3.90664106739704,3.144662984325939,-0.206581262473786,-4.839051927565915,12.93533573670864,0.0950090558972289,0.1111946765463675,0.0868644635920419,3.846775354655789,99.11124017513671,-90.71396624577322,-67.29798961936882,117.90040498091072,-89.9461783457815,-138.06487502076772,-38.451772886448765,-42.29701681289399,85.1568351047755,110.93702010066472,51.86899879100574,2.6183573928519275,-123.87060113153473,138.20563129947536,-30.92072094087293,7.587713919317085,1.418863930761809,-49.195127545638336,104.52713483587893,-153.97560079734902,76.82248764551879,-99.18986179566728,-86.4542830376218,-155.39493060107938,-68.45107412516505,-91.29286903472992,-23.29750637224977,-122.12725333640915,90.6923102346278,-49.1385738982283,68.77534200697272,46.646876458076,132.61493759345782,-83.46904079307222,-68.47246173906154,-126.41352559593686,-125.59494542923368,-43.688749909287566,-41.26906959837009,112.1588164305534,-78.28329638161914,-92.44374388847535,-118.6800963513518,-5.509394496721189,119.02417302941352,-2586.221933244049,7143.499835306959,-11737.694166463694,-7967.718609148298,-7182.421685208109,-5895.8234284018745,15957.34741846923,-1397.534158296687,7255.204259070455,-234.5927136913269,-15058.596688413932,-12381.084678770349,-52.40106791687822,-4762.606834185398,5565.072193032385,-2791.2775488905104,-2127.615979713212,8652.25454513922,-1876.1933773665648,-411.9688654796649,1008.8744688937032,0.4697559638058678,0.2449684672333424,0.946092678914176,0.0235261859062242,0.0331779544831368,0.0002334306449802,0.0003241375527888,1551.0,5481.0,0.0310809838098291,0.7221277762544557,0.4927420162178396,0.8116808335618316,0.0817658349328215,0.0023581025500411,0.000219358376748,0.2507882527502074
166,350398593.0479107,0.924272651936998,0.1348260242383057,0.0028841999654606,0.0066109650243365,0.0546903644769603,0.4948659213901065,0.1402301403668928,0.0743558180264986,0.0626852827792849,0.0280747492341311,0.016179105181067,0.0151240422913967,0.0403579712795776,0.0012605844427303,0.845452488649985,-0.0324003773189393,-0.0011566211566211,-0.0052566094863799,9954.0,2.2370165685795182,6.172823236674727,1.802533594315081,3.920837088427653,2.3214152946494218,0.0905722003936831,0.0983960136822974,0.1064560379733326,3.924082616581321,120.33156343312844,58.1487610217919,116.4023498767847,10.21061502661622,87.04661103989984,94.92619293132796,-95.02645185653547,161.63753508288772,150.28275426231136,179.07781982783996,151.8909723328298,-50.59428334947271,164.56193695985357,83.75853513780469,-120.78260438859051,-128.4261019446929,-91.27144818982993,151.96905791856497,-0.7395977451697677,-21.44877577492356,-145.10355867979456,-48.31931348691403,-1.4913987447520998,-147.9663608818599,164.25802797314844,-15.11607461962209,-101.57485280217328,12.462288559919198,43.28142203493476,57.79916348963356,-67.60315036098272,176.83253001367083,104.88938788288068,28.67225970518988,100.53806490700414,69.55359527423995,-82.09004849694969,77.99402457422197,23.307217677245585,-125.51291849274872,-102.61034140216547,121.52129983643242,137.12584859363466,-44.41000517408355,-100.03047385918488,-12538.684331863082,-10204.746259295323,11120.130490664358,6604.717694030909,2238.0886874983844,-11544.485500077028,20421.28487049997,-2014.045499424352,7859.16549821108,9347.493099949274,11065.60206465941,5581.034610281522,7679.443185986066,-212.26746949555127,1923.3332468716465,2570.7001542670127,3166.005972101052,3956.549459386807,1993.6421860062624,-543.5296911899078,3586.670154560212,0.9857965451055662,0.3917740608719495,0.6144228132711818,0.0272552783109405,0.0358650945982999,2.5202620613578755e-73,0.0002695661712279,1504.0,5616.0,0.0681049671585184,0.817603509734028,0.596114146933819,0.6071839868384974,0.1311763092953112,0.0345489443378119,0.0037290924047162,0.1901749615241553
167,345739265.49630123,0.8923157621716182,-0.1047081950912686,-0.0026816440369454,-0.0033909113506022,0.0475627152949937,0.4391041723840528,0.1723041143264134,0.1062472987045284,0.0675764112154698,0.0269099424223698,0.0204503023141346,0.0129478159013278,0.0398684972186914,0.0002857952125039,0.8590329092388233,0.0366891587944219,0.032418939018344,0.0049808027923211,11057.0,-0.4425250476380108,-3.366541064685301,-0.0269797018296825,-4.731351304388541,8.289574182145717,0.1057190238413664,0.096256353497567,0.0976794460976874,3.793814099917397,-108.15066725415063,-168.77245709116374,94.56409601590748,121.1885119924534,163.15441067168683,-14.553546661759578,119.80046586517923,143.80106255299893,174.8317169346169,-73.47484031621059,86.63058511557085,-3.4048060200023,-140.64592680044575,9.678522232980988,-88.18512958592123,-52.11666635027475,168.95808912110525,-22.59816991887094,9.235307828365476,-8.315219490934131,30.211698556504007,154.60455152863344,-112.73772229363546,132.7015635572702,51.86482925914478,141.09469230541018,104.19866390149444,-52.63085500709146,-24.314031881036755,104.02132923551598,-121.46114959421028,24.10763326899012,179.2225932299694,176.1710237191575,149.95334714511398,113.27852757015246,133.43802744867335,-131.12475074602006,109.48641617554412,-3.820349050017564,41.42132204203316,40.93125816798201,5.8384836192085015,108.10930267978333,-53.5399661244316,-7607.256597768872,1213.1744216516645,-1939.3255457662367,1406.3254255192016,102.92957767246514,-8666.403405275318,13811.570125322613,-7023.227976802202,-3593.071313576984,-2649.6250788554776,2457.692918048705,4216.318696654556,3088.314068374939,-7037.0289334930285,4234.03375492607,471.3563991670867,-1707.6630200593568,-2178.5615446774536,-187.8329973864512,655.5851793466973,-812.9910415974516,0.1718124485878804,0.2705785577186729,0.9012338908692076,0.0284069097888675,0.0486975596380586,3.3527865810725743e-43,-0.0001930565458235,1545.0,5693.0,0.0614796744761115,0.889936934466685,0.678622898318655,0.6347134631203729,0.1443378119001919,0.0410200164518782,0.0025226213326021,0.1286867665576057
168,56941291973.02778,0.9641652583168088,-0.0575900139006281,-0.0036011834385709,-0.0675657043746861,0.0347943694591654,0.5125875070952782,0.068775910899824,0.0828103871150458,0.0733593434046138,0.034361203589384,0.0409935090835363,0.0191471113497906,0.0569996016326413,0.0003216126314602,0.8863199487554133,0.0189426067288662,-0.0033547113961519,0.1104423292273236,10902.0,113.08494429818924,14.28330568636613,58.4220214828524,38.035285734582736,110.28419213792418,0.1092362309007028,0.1042875583217961,0.0930371183008881,3.9567679051129647,-178.81137747654847,-44.94794666816465,-83.50962449089715,-116.89578464938272,-90.43851370374624,-102.23556141998397,11.50721833162665,-111.40400314569352,-73.30770400215471,-110.16418982968251,-57.61639329082538,137.14182379736715,-170.94659978739253,49.552558379727074,53.55450887059513,-172.07856391561654,-41.28466738863987,-10.892946798321812,-134.6825050250282,160.5240982064946,-165.89153327522777,-16.541813754649482,-8.808134660146164,25.82264716544165,-156.77271238351366,-92.98140231799692,57.72379158871728,13.692534762772686,-23.35510444423248,-15.170955427264408,2.333381114477052,86.00985302437012,-121.57208206293517,152.76722844958542,-34.77040876139487,-54.14829090650706,-50.71149780716112,169.77887396778766,-105.22838486808789,-172.90682023432382,-81.37307254843033,-42.60819203226263,-64.16520748743227,-10.61974923053353,-124.12745647309718,118713.01833815905,-57962.74848951303,57207.24225606805,177397.25503487955,30424.94602844323,-588755.8157227404,-450475.1124944105,83919.92331119947,54348.52727366995,-5124.3905741061135,100941.63903429224,127151.86291980249,100047.2955000534,56693.519621428495,35016.70772688299,82058.30189318015,30753.899010924903,-11781.166900434682,-54136.32033227724,44498.01292510006,82197.52150983344,0.3723386606204723,0.4845987944478239,0.4846540950063596,0.0212354144776862,0.043300337333407,3.433057956905522e-13,0.0019910403185664,1570.0,5588.0,0.0764915766579387,0.9883315821489798,0.909558508358337,0.723331305646187,0.149809213073052,0.0021014212243543,0.0,0.3581202689291454
169,48193539865.08112,0.9598338894470556,0.0558170182267543,0.0130440847373126,0.0616427899172665,0.010070847949052,0.5267681778134209,0.1835143560560288,0.0879142391335143,0.0484774082617967,0.0432575586844628,0.0294934704526464,0.0224135297884945,-0.0126844189395086,0.0036912735019143,0.92013415837377,0.0224350013978194,-0.0876726924420926,0.0581668625146886,11163.0,-343.7532091360965,65.03100861872277,-141.26575859928252,183.0238565782643,-99.52792269311344,0.1008269443706243,0.1083402528143221,0.0968490207535673,3.839143343955204,117.39917291509168,5.849381703600809,17.91957075541164,170.4417930081003,27.64667750268654,52.053510513658445,-132.9416089724428,-85.163287689988,-87.51255811234455,46.71983187432588,-88.89779208310462,-67.52971281592023,169.9158294763101,176.96399025555658,36.02147447860048,83.42714277485211,-102.4038187899879,-13.207391124879068,27.812870882923388,174.96708909898993,76.50546487775229,-99.27434612334156,-95.06823770673545,-98.0712451031022,-178.25925541077189,-107.39565198406572,-13.136486038336455,-150.2945830775406,-88.41766707369494,-104.79678116393244,-112.13786715270818,-90.22151957998166,-108.64999984914324,-134.126711252972,-107.07549508996838,-45.23102047214692,-124.4684868174904,-28.77817966922236,-92.24266096733948,0.9355682011736854,-116.40712625046616,-22.59760077298454,-1.1764953025501916,-71.70585545937132,133.5421553282916,102274.69306861504,97835.3510957511,-75702.15953681052,-27925.822832951344,-25157.727101145487,-267700.84542267525,290132.7186116076,-20887.12809116658,18055.161231966755,-8612.566882727624,-117817.40826466888,-86292.08773472594,1471.5458165155503,-24396.4912166504,-16311.322428977965,-1771.0074803148857,10846.754512588472,-1537.3493534663085,29422.939015890395,38557.86607735615,6675.143383584629,0.9534067861645564,0.6228142301156608,0.6228690456613495,0.0234610535547881,0.035684920243381,2.210451841202473e-15,0.0004933940025217,1555.0,5525.0,-0.0073945713337607,0.9705640519651372,0.7845104333868379,0.7510277914816642,0.1526064791975004,0.0012059420051526,0.0,0.3743610332441491
170,49687463483.388885,0.9650333488514626,0.1386387168994573,-0.0068567824879471,0.1540164826690593,0.0075296650663154,0.4912870334913123,0.1313716643871859,0.0885624796129851,0.0685913325887993,0.0722205066365733,0.0395723569327269,0.0388615494351793,0.0119362406302705,0.0007036675666558,0.9244002536009812,-0.1399831176139561,-0.0176895190004531,0.1085460675703571,11318.0,16.548202681880706,14.327195382784955,-36.46347937046792,30.05446406067855,41.80077227916284,0.0948604362008887,0.0743749868814585,0.0927546268003057,3.8911397091351567,5.135103446291053,-179.43490205943834,148.88504789736854,29.708187567693805,87.21417106881488,-49.38548896174633,118.67892594842712,122.4237202507862,168.5939646203299,43.30258177748386,77.70600101726406,3.4615047913088253,118.90411498750188,107.16847656242096,131.77228001569463,66.73825883797339,83.41962010183379,171.35913493827704,117.43750500737625,-27.139821199397545,103.75579212286829,87.75615274266212,86.81050130184823,87.29826037370843,-59.13116016329925,93.22021232941482,-35.976194121766426,92.28529301175008,113.65204552592591,52.71959768408745,108.35203487258956,83.83027337275895,18.09026684069489,162.65138186735226,148.45875843226614,54.58695172473215,97.78574607089048,108.53117905113866,158.2206666299481,-38.59155549118961,106.38226611156112,106.59745252843992,112.41553795992311,134.24827509802483,78.88840155252377,144202.8255631138,67885.5856852858,161798.8332148892,97161.4969944724,86588.82443749659,1648892.2051612418,576687.6501411716,-31247.52611372042,-2058.660907633559,-5141.864385229463,-113597.58512999516,-4215.841698400203,-67577.31549327375,-75170.00646718196,-183.969164360864,-10124.518217667624,22161.212161458425,-86309.56814660372,-17483.868859531067,-15965.300964388853,-60966.31518305111,0.974102285092492,0.0277475516866158,0.818063112078346,0.0221980413492927,0.0220892274211099,1.3132351438763343e-77,-0.0026662313635868,1601.0,5628.0,0.0143129136029756,0.9792165397170838,0.852680293096799,0.6427094668117519,0.1640914036996735,0.0115342763873775,5.44069640914037e-05,0.3743659766015595
171,95889439428.15276,0.9684185029794335,0.0888074944083052,0.0336833948107583,0.1288442841699997,0.0746526813725773,0.5203729074250548,0.0229734007234439,0.0893044246807671,0.073971621948601,0.0362177523116735,0.0588153446334714,0.0319476396310773,0.0214775874885004,5.371752272488349e-05,0.6119279430415038,-0.0739657333890514,-0.1512444573906851,0.1673598114646149,11336.0,-17.63908150425258,0.3909700296875429,24.276439658011224,20.3851890697157,10.420126857094626,0.0882342780713667,0.1101893211912746,0.0868957800743346,3.976861167434568,111.35630580882476,-69.10499065053114,-50.487822986985,73.38342573906947,-76.65927605769863,-111.83526621400291,60.15195561226624,50.650459029800295,26.352020493640914,13.315758992065865,79.91711710825709,27.756137936562848,-166.13333647300254,77.45196427682528,36.17428163605537,-77.86919173020756,148.04321059950476,-43.478771256294095,153.18111739660426,110.95962849083897,112.13745722338528,-61.57151025450777,24.462682958584228,-34.232573424545244,60.53620001901707,-83.35764342552028,-39.98548617583726,-119.63010482555865,142.81726368288923,99.4540024703045,147.3706704595675,110.41023214432228,165.04014985780327,-20.162284343086352,-47.64630133187421,-85.69890427837322,-19.734903724380924,-34.097602483543874,157.96875977725665,-146.56302930997848,-73.67870741414842,14.68615393202021,-96.2989235388659,-82.40956559322262,-22.058236556573814,48177.592535939926,-78959.06321399778,131593.96134334287,-23283.360579881657,-60784.44989509272,-211593.139732532,989519.6993788755,111912.67671927957,94924.99824538788,9392.03414300552,-158043.30361268274,-40690.06249764691,-68196.55021211262,10666.458029087804,-17899.83105278011,-10740.966075165754,3134.5370745195232,-11586.052392270056,-10723.475211330746,23522.37127078304,5118.5745659000895,0.4128736134637451,0.2440850226763564,0.9426807278290804,0.0332222282935358,0.0231681328889131,2.195299094425056e-25,-0.0022678834909011,1614.0,5592.0,0.0625609793794965,0.9791814654936888,0.8630481667864845,0.7907764603027156,0.1316321512485656,0.0014753292169826,5.464182285121031e-05,0.3504907927526483
172,69757351084.9643,0.9517871061669982,0.0449008175201127,0.004783258597782,0.0510661876982181,0.0760793119551194,0.5133636682492724,0.0765056832097537,0.095984355391466,0.064626862922392,0.0474152924391227,0.0356164901769524,0.0344643033706615,0.0169688016867511,0.0010005746700026,0.6341488607635122,0.0038081805359661,0.3484183215247979,0.0795530771002072,11208.0,104.26242841519765,16.45491819836259,-54.84823443746087,-120.4723641528164,174.01184785973595,0.099942445886577,0.0956724683807339,0.1128829267774699,4.116954576641926,83.84530847425597,99.25159812914022,108.37682113647588,-40.790911990493065,97.59262436067648,129.2292070263221,-6.090087913634623,31.163040799747822,-11.734690295030754,-5.775955898486241,140.31134156114052,81.56713045977578,52.12925539173758,152.35118415849138,21.864744050657045,-45.61769964601308,-10.24535704621648,-69.62099891209637,-44.85135475395657,153.40565467391193,-48.25371675704254,115.9964724795966,110.61528387754046,108.03021404503716,-146.69111901728874,92.555532766957,-46.0200659031251,75.84810112560523,106.33001767247372,121.76651936758728,69.55929181235834,88.05062948641036,-82.54907971413084,172.15281589039822,12.745426590775962,68.36537445330129,83.54350134935851,87.13621569166487,29.09611000566494,85.70406226719275,91.39815873447364,93.96350630627356,72.92030300419862,105.56501076444157,68.34227192231413,67471.45687771062,-116269.69842824896,96896.9077067006,141358.64425490214,4642.511483175733,10307.523167625675,122745.95640294428,-13646.21932561796,49925.59496810089,-7131.596813082651,-22515.0619623856,34603.48126670517,-21260.22347208148,-5814.48728507122,37772.09256445819,3919.933619238775,1199.0693544202468,52693.2521695346,-12996.219419018376,-2785.435761812575,-20279.33905597477,0.5399208182118113,0.3856263059496316,0.6088749587594853,0.0473441108545034,0.022764764104256,2.1384865875411622e-09,-0.0001374835019797,1649.0,5552.0,0.0560888034761073,0.990542175299681,0.9201485608170844,0.7778510942483229,0.1320246343341031,0.0050588364676124,0.0002749367645441,0.3183622981869525
173,59805968690.78409,0.9688716185602424,0.1760275581406552,0.0170272114312382,0.2088625210428434,0.0690062642262236,0.5176919189895453,0.0297411441499391,0.0770987380450578,0.0926764560258537,0.048253068744301,0.0346274604919355,0.0514822474712341,0.0317099885934009,2.2062573859993114e-05,0.8835868522452782,-0.1850695939159133,0.1287951807228915,-0.0012446411284746,11195.0,-344.4258158983783,66.63062486549619,-93.95720808431837,135.54178350621757,-61.58697395975728,0.0888066034923774,0.0841607042736473,0.1043441597153099,3.9767474681709567,77.00381178891723,136.70124181555514,133.068788675953,60.6398254297856,127.9173054242998,7.709372675200838,146.0906918544337,142.19822519309858,-162.38221331066114,-94.92174809210276,83.05839906166922,71.35444459801263,160.92760621668842,41.88908459865085,38.93995563508245,105.00270964306875,127.11746674296468,71.58777688976342,20.77770252888263,33.24681375696198,8.462968981604131,159.46101497630465,152.7404389929752,139.19920156667885,56.75864929268506,126.5381859624548,79.51825677198302,154.40390511130005,113.50250588900644,154.2058269849306,-173.11832961582147,92.58906013215685,139.16147648140966,131.5161422996915,144.38542075844936,160.41746279118544,124.05991589269482,175.04191548863042,165.5346742592906,80.09253850714438,136.25017825970178,78.95628251419558,63.71596336200456,94.96895687258431,65.96493996766853,70824.93684470135,92440.01616133866,-13271.40279153945,58733.09764785934,63819.99742898754,139293.56787966818,347442.0205050651,-109556.08381829083,-29092.31883637264,-46521.70469525427,-75544.57233150976,-69591.71018256067,-33168.93245277869,-60499.12727718443,-25878.608309798823,-25025.28646479132,-51921.28881479972,-34877.48754928243,-42425.19635721206,5806.462390823126,-1584.9985339452512,0.9946758878094296,0.2690597727646961,0.9002689499972556,0.0210768977441132,0.0444590811789889,1.2487228015857471e-123,-0.0004117033540099,1594.0,5658.0,0.0675725745110365,0.9896262143915692,0.9218685407193056,0.6595861463307536,0.1755310390251934,0.0012075305999231,0.0,0.3618786656646074
174,713228489.7049029,0.937957194684668,0.2547711440968628,0.0479929856209424,0.0166779839913055,0.0495712237281767,0.4257188876639869,0.1275735188594766,0.081976526680622,0.0786457446563808,0.0515021645475095,0.0271226786466432,0.0183198617867048,0.0453123941410626,5.784888960810984e-05,0.9071519451134012,0.0300350979818661,-0.0283491416105472,-0.0061532004197271,9202.0,1.756084865615969,5.186315624719233,4.9573572884518144,4.0803439987913,-0.8280943280492686,0.1021540599413245,0.0808135180167127,0.0884342533294578,3.7902855052254414,57.9553087981261,15.403312136467685,-33.73306015009384,-138.7204058752117,-158.55939466421128,-61.62387830304853,67.10899210339704,-149.7628062798974,-93.80426121795084,9.761666412688992,156.97685562745508,-173.55414954652565,66.20678208671742,81.02356545090674,66.22066886131795,-105.1886735401595,33.97647177307412,60.48018791870217,-143.73079637412843,164.58484288657883,-113.53523728049504,109.52452974061568,177.3672391934551,-130.29571762824656,156.92153072943628,-172.84101819723176,163.95659619827435,-2.774118960499784,147.69028379277034,-58.42649603017559,-29.744353527877745,-107.47066268684492,-33.93466521982622,23.661528458207872,46.64784471116337,83.05245024664073,-133.49647192135853,172.6019869893844,-20.84660515179368,69.53572154389406,35.28279779283454,139.56011598466335,145.215004624508,-158.5077611607802,115.5534603932286,9535.414155527027,4811.030072054458,15164.618911883184,-2216.883016847687,4265.99975086643,64279.366703214415,-50051.30048412671,-3913.9747568271496,-7334.790207880647,-5557.267274194109,-1066.1867011239756,8677.979042262346,-5439.999053388488,-3391.9811007434946,1881.828788384,-4257.345816508751,393.8427926348757,648.1818774398841,-481.50899159560834,-4724.772830748818,-4850.509162813431,0.872991499862901,0.3162599396764464,0.9584315876062516,0.0290101453249245,0.0330134357005758,2.1264816744672768e-243,7.431580102012933e-05,1597.0,5564.0,0.0674591114371742,0.7309021113243762,0.5081194867682438,0.689991774060872,0.1321634219906772,0.0178777077049629,0.000219358376748,0.1826472483596146
176,366747481.54883885,0.9201430959384206,-0.0693064763232687,-0.0645816235160936,-0.003381054016787,0.0424409638676474,0.4590052169819901,0.1632617276718199,0.0952164288945831,0.0544079638267262,0.0561678083271884,0.0209209110621394,0.0413348606836239,0.0095853834188244,4.5886266959165895e-05,0.8651636247588892,-0.0129644538963998,0.0131017752247427,-0.0101565241805292,8163.0,-3.3196759939394687,2.19197699875278,3.045157135163099,8.070513360020962,-7.225106008458875,0.0941850572872989,0.0931691847679388,0.0829892201327138,3.8488550196078974,-14.314607193791243,-151.989957702418,95.83899178114451,18.402588694264143,160.52104980711084,62.47385968856019,-147.8103772571422,-122.77562650346138,-33.15332311264081,168.25476772062189,-148.58439656079287,166.93740463455293,-142.2755150303168,87.60952563982691,-106.25330733264092,-135.79606240759102,163.51699351654784,100.46661641960875,143.91580433132106,-39.53151756196026,131.7740387626303,-76.752014054507,-66.42913261196793,-71.78466799163441,-90.08141719531824,-62.00077145869038,-73.97398537252067,-25.421522369182725,-21.914728570500195,-90.95663110321142,169.80300415348296,-132.18990219026094,-57.96338768483435,-25.136235462096995,27.078934566443795,-90.77537194547864,-43.70826665445723,-173.42515981776236,-61.10764754872649,-172.51288396372738,-86.65026300216162,-110.58313509204592,115.769635059958,-60.87626548585418,-23.37709557015732,-9444.76336590938,14964.896373381736,-3127.52199645717,-6675.626798339743,-3677.277576512477,136599.00076891336,-27829.153373670444,13827.182193622595,8385.90837958466,4556.08979337963,4142.817280146091,6018.167152214225,4539.815872061288,579.9050798309956,2411.2032678933338,-4463.77944091929,-60.89692172014202,1435.995025490413,-724.839454742537,-1368.1462410768406,2961.487663265857,0.03641349054017,0.0129421442281327,0.2612009871126953,0.0283520701946805,0.0299972580202906,4.358014239847952e-13,2.838260297263195e-05,1598.0,5584.0,0.0294298466217432,0.799341924869756,0.5553530198079961,0.5360570331779545,0.1390183712640526,0.0497395119276117,0.0047162051000822,0.1787225535068186
177,574159470.1971098,0.955351591105891,0.0437779494774367,0.0140641981143478,0.0035714312748937,0.0646242644477107,0.4401962710974574,0.1703268159768441,0.0839316785038003,0.0795777813013712,0.0487542811671723,0.0275933063386219,-0.0045112124258054,0.0156908082085294,5.011979815648464e-05,0.9405247291082758,-0.0098608211551844,-0.0096556134533396,-0.0054309203650804,10175.0,0.5566878034110615,-2.832278954070336,0.685003361602492,-2.985550801331507,9.249224476171522,0.0940891913746854,0.1104983685188013,0.0872073803022191,3.829106242055056,97.89270128136825,-91.0582097455356,-68.33493638662063,114.3947441352882,-91.80379665023904,-139.4635688465128,-37.468084380515975,-41.65244055595371,87.16204190260277,103.27845044922933,47.10295938429055,-8.333146174283641,-131.5262333492928,103.00252173430108,-20.533229904379155,6.693582756921817,26.049127481400948,-51.24780237447645,100.03910300932712,-159.99861087127314,71.76595904466097,-104.41794427251898,-93.06700168541184,-162.2094642637141,-60.87089975495583,-94.36444138963697,-27.72217817828356,-130.90048826470928,83.23223329246719,-52.998731569654495,59.76572199527095,38.802838075024496,125.5611413471894,-87.83167763575393,-67.46729112734016,-128.17727059236714,-125.00438344711712,-46.29666221804559,-49.83109081351366,106.0959950597458,-79.76673320810333,-91.56228627464544,-126.14962822764792,0.2183696712497079,112.61679463164162,-1984.5087701730567,6823.38154668704,-10500.851947121935,-9130.453142683316,-6592.722941873395,-6197.088398097473,15899.094295198562,-326.56764427410553,6266.423602056212,-705.7677469098876,-14852.8143024187,-15048.93015638606,742.4739180184624,-5093.778725364185,4857.244441112445,-987.3224045781972,-1916.4755141674536,6935.294423714074,-1708.1450613080342,-262.7401630451074,1377.8760871665884,0.4698656429942418,0.2456813819577735,0.8787496572525363,0.0235261859062242,0.0321908417877707,1.3144007784958234e-10,5.018373279218955e-05,1588.0,5496.0,0.044511235772484,0.727227858513847,0.4994968806600925,0.8123389086920757,0.0793528927885933,0.0021387441732931,0.000274197970935,0.2512431820723728
178,373815662.9285249,0.924957153110715,0.2517308200721585,0.0148691458808118,0.0134796715029972,0.0490051180867817,0.4813000382046272,0.1002224428281011,0.0854102535844158,0.0639745068673739,0.0333041752175908,0.0589013073129101,0.0521144474550051,0.0079158232532927,0.0044315770318918,0.8512732657016752,0.0041806876371616,-0.0110101108302547,0.0025890603085553,9914.0,3.9395072755365694,3.4260928983639323,6.718035172788016,-4.160741772765087,0.2476312365382697,0.0870408786766681,0.093172644218454,0.1046456726757849,3.955308637274991,80.59506238750826,65.4025131684127,110.89045446189984,10.29940419225861,95.51822245173324,93.15233099084654,-146.86238458170288,151.40896282565197,141.94989074231222,175.70750404854883,153.55876469476925,-50.90661313827533,165.0145926202392,76.2630048387893,-121.49447051043327,-132.60205118621366,-134.1250854367493,160.1839513424673,12.603075662534524,5.18045199922801,-145.02133937750455,4.317485979620543,-4.439724873938732,-154.67701574444771,157.74164228290843,-11.173038023337826,-104.937879976936,0.1556270135607594,43.49879686001714,78.48619591383817,-67.99806016527783,134.8074963933318,95.86442236363204,46.70576842330838,81.24242793475631,86.29764432609754,-120.23195098579632,74.0390478258273,41.86339160381228,-147.2744847880983,-114.62854597613196,92.29455042895968,113.51966357658382,-31.9707101936255,-145.53614985062617,-10699.265193155588,-10164.162475427916,10672.529976658489,6764.709941609257,3443.86163171544,8584.059809054104,20234.060524856985,-205.00653427076168,7460.211019644094,8536.248800847678,11866.615809940213,6982.478939633396,7839.1144501568015,2452.8784742804187,1502.9226984686447,2446.044283105207,585.2323327615377,4441.129555868376,1268.2192471028347,-81.30407007685847,3983.145619804505,0.9856868659171922,0.1440636139292569,0.6151357279956129,0.0309295311214697,0.0325747189470797,3.769089477823476e-223,-0.0005413261668403,1456.0,5609.0,0.0313250065741202,0.8,0.5744953914362385,0.6105292020839046,0.1303537153825061,0.0298327392377296,0.0066355908966273,0.1999733734303201
179,388902514.9664216,0.8941379707359509,-0.0056463348376682,0.0226923878734553,-0.0002212621235721,0.0480285183332709,0.3718413945247311,0.1549241933984608,0.1165831923125988,0.0766113008043994,0.038854760298366,0.0452094423497601,0.0563480012035937,0.0328720767341074,0.0002360589554654,0.8619428660770475,0.1073509687034277,0.0469807125623212,0.0053036013400334,11148.0,1.3116883924652234,1.738222572167084,1.269437680418512,0.2959236209818376,7.70923204630957,0.1044530579423158,0.093134209616898,0.0959525948833782,3.818350055958757,-59.245004865297794,-174.27639911046973,96.59418038761731,89.6990136098115,155.4050949731014,-14.647232832570449,124.54130371384625,142.9495783427489,178.34887896280586,-23.76868391893745,98.63058720386306,20.65203117945436,-147.4294176994334,4.8936352270935295,-79.66676162564205,-44.00073614315017,167.32007981689048,-34.51003277929903,4.60063415452318,-7.912527135895679,24.224317387056136,150.28764727419593,-153.65054943615704,153.61659876275024,54.35439259142547,135.77969305274704,111.3926205422614,-57.024873495790416,-2.8185896575372893,144.2759357879162,-165.8871138043102,22.02168373832521,153.05175743713872,141.1336371812112,152.4115379623768,107.282833719352,177.16094681096544,-119.21422394479828,94.3308313302799,-7.336652585236369,39.12546580127907,-11.084989094501877,24.094321016707003,104.76540911003842,-76.10131976820466,-7586.5057453898335,70.45360345150834,-2309.5351279530687,1809.2052736252824,1837.773386911572,11272.88911294943,11630.81464169666,-8055.425442529306,-6127.057972576926,-2951.4682377246168,3218.2957734307283,4703.461251194457,3154.594528713311,-7515.458510949401,5057.261042629058,-81.25470202756912,-1652.9077624636034,-488.77416543922686,-992.6153565190918,1587.9945812763692,-816.2165709384468,0.7961063888127228,0.0356457362215519,0.9018919659994517,0.0260488072388264,0.05544282972306,0.0009335700719935,0.0004927878023364,1499.0,5687.0,0.051441411526832,0.8626816561557444,0.637941006362059,0.6405264601041952,0.1487798190293391,0.0360844529750479,0.0018645462023581,0.1440096485774043
180,58858381406.25,0.965780744830864,-0.0696916096517248,0.0021185671821372,-0.087321368758807,0.0280576132860259,0.5520734128771233,0.0248209554963466,0.1010885878419694,0.0893614240677507,0.0599390362098195,0.0195435122507412,0.0223125846955823,0.0494196449362571,3.5348060239421945e-05,0.859825025414319,0.1303158887317303,-0.0794300364855536,0.034301067764673,10888.0,107.67310647617848,2.40764760287106,55.31414637285526,49.061380957908895,55.42782988007321,0.1127766942898831,0.1034153762040514,0.0907590142197277,3.995103668997189,-160.15895056497536,-45.59683496773341,-82.39992500495029,-112.46515859873104,-87.91416602670951,-100.5965612385628,10.664257635357496,-104.9002163288821,-80.64337960625731,-103.50109168010384,-65.04018477614525,144.4207028594441,-178.81603178613938,50.57099735249307,56.42783243685029,168.48634477732733,-8.774959928128984,107.39588767041953,-137.11148353708592,164.40497687550734,-171.17423946628313,-3.9951378429186746,1.5269888148222812,28.41316323007091,-162.47240530742738,-129.25187831142807,54.20510187547076,12.60858533769992,-27.41566803334785,-22.917643181578114,-19.28792861224189,80.39128892749609,-131.95045730681983,153.17605266163022,-43.27312461871129,-65.9133753980613,-159.0903080064474,141.32246571878184,-93.22675511339835,-129.24660051763306,-97.15669833085356,-57.63102416355392,-72.39564527920204,-15.301935969979716,-136.40239050952738,113055.2954607123,-74011.79175445039,101951.8705984734,184041.36560080052,30624.63357035563,-519708.0031028824,-674072.2614752296,73123.54141244995,45898.69435145663,-42243.168699839815,136005.01172837656,140634.83041395448,108251.6684553394,44054.64201626943,37380.033842852245,65045.61901065259,22980.24037681108,-2353.192030550732,-53900.86721345079,27041.227314952383,64565.38670636039,0.3212034067027983,0.6637540095122221,0.9665413118017918,0.0205729454706337,0.0450171441212255,2.1630709567579129e-19,0.0006360619469026,1555.0,5577.0,0.0659652333126274,0.9879991151421303,0.9131305044035228,0.7065037053423294,0.1597168454816945,0.002046233823692,0.0,0.3776848119370253
181,49566099869.31593,0.9641031546556076,0.0622509508868873,0.0297465607737317,0.0695710732795173,0.0081196565127198,0.4759919826100733,0.1814968456501635,0.0894901913971105,0.0804823600186253,0.0438811556314339,0.0414778637073321,0.0220122043248859,-0.0069708398750132,0.0022842742460806,0.9236291055846548,-0.3113709564486767,-0.1538887261125761,-0.0530701147835707,11203.0,-160.02514443842338,95.86392018414874,-19.02933660978412,-100.8017359376636,180.48849444410865,0.1006533465343004,0.108948412382411,0.0986642438758839,3.792417738401336,124.11875753353404,7.24069656288664,13.695908140175272,167.98218545800276,32.016168546198706,52.13855033681692,-127.39172160091049,-58.6969930451079,-102.27909833827724,44.65638884071156,-82.21308568110287,-71.36488633720177,168.41432478731966,168.58839586527944,40.99167629885505,114.18645719747114,-108.95685928984012,-3.448005001495364,34.1230706686746,173.1590887004092,71.36591407730586,-99.39517439185576,-92.80847550453204,-101.36823574299252,-166.1633206189697,-85.10045757796664,-15.79888609526263,-155.77486646542522,-82.00299471579798,-116.29748127204522,-125.84381052667818,-100.31038513429652,-114.70702197090516,-92.49185179347764,-115.32246961923944,-124.66490417670204,-96.29378191152836,-62.52934334099658,-107.5049334477454,4.482311559062674,-98.2519070745877,-13.212877241937536,-16.184020743036868,-50.62441807555179,151.8374902260033,117717.8816791282,99824.50204604056,-69345.43418187015,-23665.28964690075,-31812.755850516507,-341911.365974725,246231.4395386897,-1876.01038612338,11452.20443326413,2304.755598694348,-123557.56087906164,-92940.73688385171,8042.907620066242,-36989.33564848038,-19873.894800248145,-3006.463387263628,-10454.812301729402,-12278.109596340775,30041.092305822607,37906.67365201321,11558.776172267337,0.8483802006248973,0.623691278846681,0.6237460943923696,0.0350271336951159,0.0296552102176177,2.110914180646447e-15,0.0001096431116715,1571.0,5595.0,-0.0021920799955241,0.971989256153045,0.7946966653274408,0.7529463355807707,0.1491530998191087,0.0007126020939538,5.481554568875733e-05,0.3729624180242466
182,50308006706.61111,0.9644171805230944,0.1428189333436421,0.0190417885321799,0.1602495817345145,0.0199355984838484,0.4157709868126207,0.1682369412223624,0.0917462013594805,0.0728593103165941,0.0580425458280864,0.0495185857771377,0.0278378190026732,0.0287179455313797,0.0004029070978871,0.9271274434359816,0.0019721087477109,0.1406538873212026,0.3612965384350698,11284.0,-49.16988628654543,-64.6971063437832,-109.07607621495414,85.38742288628134,46.08526705641068,0.0938510320342217,0.0744780411963254,0.0932931042635694,3.7945900625132776,6.589940896709097,179.94079281362568,145.1309448512556,29.140295082193813,86.40139543416834,-50.638418392819446,119.70620127425816,123.92665911203852,167.85473762751718,39.19488790633368,77.35325460186712,3.4896237857845835,119.85819895514632,110.84069631703224,133.0573180796377,61.851693374231175,79.47227965614282,172.06778555651624,118.63591872895088,-38.21428503517232,104.22032956871784,91.1228950952477,81.78662696087918,87.62217489513273,-57.43728102137698,94.3697576318949,-38.86512171976028,89.78147278585973,116.166697351764,82.79317489779673,107.26436964685988,160.10052772097467,18.97079658199329,161.6094501014527,148.9476005671277,50.83341257776466,92.01936808806452,105.05557124657744,153.82853344260602,-60.97303259190638,109.16548729769204,120.58641169938538,112.7604662425924,122.50120920386983,77.41106507491642,164214.86116098223,63433.46153802521,181788.99336515315,103687.3851456748,93490.72524569817,1641171.026098316,586705.1437066491,-3290.1081026904285,-15394.300763673193,-6537.486536208533,-125502.25156329627,313.43520309201995,-74581.25530068204,-59534.55507470019,7484.149745376399,-3916.616469229492,24777.63942545613,-79432.49175826827,-9997.68793796355,-26864.94964929981,-38506.643925638666,0.8343852013057671,0.0286180631120783,0.2749183895538629,0.0236670293797606,0.0234494015233949,8.052290842866681e-78,-0.0084067907280444,1664.0,5525.0,0.0362512840232102,0.9783460282916212,0.8484386900228484,0.6372687704026115,0.1624591947769314,0.0133297062023939,0.0002176278563656,0.3738501422617972
183,98350421505.125,0.9686928243582322,0.0861716415741985,0.0347220414571011,0.1257873396733712,0.077622005264852,0.5068503554875281,0.0461177130983378,0.0765893906541856,0.0799233004082079,0.0540687668864754,0.0491356908457825,0.0311834082312887,0.0198810235133203,0.0001266554553822,0.6231798660317931,0.585993031358885,-0.002907822041291,0.2652799889250363,11373.0,-91.47064297040052,-1.143845276022568,-3.693288714816671,-49.82498170617087,99.73381622834135,0.0881418415086241,0.1108388012697225,0.0875973455950167,3.9532444651998246,116.1383616154621,-68.88505959989087,-49.01334452282115,72.64016636628203,-75.4807327247525,-111.22464316644918,59.49200190577896,50.28397986295592,20.37689077720876,11.719634202876575,81.70756944473402,27.482099402904883,-154.230254132438,79.14208040391316,39.812037733576666,-85.6631791355373,145.92044624682558,-44.92768378474394,152.37446653755416,115.36417008424918,108.42388132133928,-67.34835181568123,27.622715097877112,-31.54326319858524,58.05405942579079,-83.82919087700043,-45.5029886942169,-117.4245129964053,130.92114249559626,103.4754626780068,152.61310963719708,102.817402686436,162.60782849695448,-16.753002566498548,-52.78605093079643,-92.97564971892557,-32.432892803421566,-21.927508174552017,113.56215840345531,-149.00181037845448,-104.80032526943978,23.3827285315922,-74.4280322540002,-129.0489914181172,-33.2503452028065,51405.71665234685,-75465.62167621088,122435.37931768976,-7411.001227254149,-49330.10406272921,-257399.2503521994,1008747.6389716318,93979.89561813668,86852.62115147468,9589.523557228078,-183317.30226441217,-35038.26190159148,-59958.12295602674,24341.707524426507,2507.4517951541475,-26834.537457127302,-2551.98150390052,-8027.95908469633,-4847.854075499944,17054.37400530162,-28317.101189037054,0.3349541083916084,0.2447552447552447,0.8754370629370629,0.0333260489510489,0.0224541083916083,1.534367317522675e-23,0.0069664517539066,1619.0,5571.0,0.0614646251407135,0.9804960664335663,0.8710725893824486,0.7871503496503497,0.130354020979021,0.0018575174825174,5.463286713286713e-05,0.3482910051609331
184,69891929322.5,0.9516838962897072,0.0444272043230972,-0.0034240590427103,0.050590335571203,0.0752158765768904,0.5115383400055942,0.0629911744584287,0.0653004981846989,0.054715136059567,0.0440863334790512,0.0506307344655097,0.0396355124647192,0.0285996679278774,0.0006024339832382,0.6378755613834236,0.275608375778155,-0.0173517351735173,0.1212311997201818,11257.0,10.405347088832238,0.7081832884176295,-41.21040897223907,-15.227535360190982,77.59245738178079,0.0995304010267257,0.0954847964985506,0.1146345062143065,4.179086750568882,120.39695774297508,95.42791371274814,114.42963324703332,-42.916985983032944,99.31172757415274,129.71140162937462,-10.649573553216916,45.449195657241866,95.71941196730084,-10.553145716362716,-105.36568912958714,81.71824485412566,42.03264958433412,157.1405835506603,10.216063778738858,-63.99244486542034,-0.013226190471232,-60.09075608512509,-55.39439444272461,146.79752522548867,-46.2712067465144,120.76002421535117,111.52411216765336,82.55309752012474,-147.02135723205097,84.07707833176354,-35.2156987905332,84.86186709753514,89.35642419425805,108.436532210376,88.26976739431794,77.42055210424654,-80.41672826486706,91.55324526829634,-36.61312739697617,53.72594142115285,103.4212378326567,99.6759228210922,42.98180514819127,78.61951721228894,106.54274552191193,73.18200827783711,59.80204300032045,114.94012538569557,79.16362922477492,31845.71784007718,-127213.54825337268,63256.14893335655,143436.3619204017,19634.0657617342,-59607.29575086359,126826.74608372696,-30576.27170636927,48789.58271320928,14330.20036153857,-22614.11097997287,11732.334982768036,665.9154622858514,-18789.352047914814,26088.67532217964,14339.46269849861,12128.654199335,62713.53818741127,-27964.008119682563,13809.158934463558,-27491.129664657627,0.4460455395446046,0.3864261357386426,0.6093939060609395,0.0223847761522384,0.0617093829061709,4.0766636784861335e-09,-0.0004400440044004,1631.0,5537.0,0.0665145377719466,0.991090089099109,0.9249652616952292,0.7783522164778353,0.1311736882631173,0.0067649323506764,0.0002749972500274,0.3169372976734421
185,61303778921.043655,0.9684829206519152,0.1782497636105088,0.008888910857613,0.2150363542420628,0.0849425409075244,0.4405246942287241,0.1051199133558074,0.0753255850392697,0.0653668197751893,0.0397398519165281,0.0384437447803815,0.0488369291225168,0.0357322515428044,1.0980498015998291e-05,0.862867076528101,-0.4408115358819585,0.0482912298633075,0.1420205653156268,11113.0,-161.98370509401445,-2.356169773369286,-50.20265240892789,-29.89385848215983,99.07417024311046,0.089713442593538,0.0830916965103287,0.105411596409463,3.8589812983199767,83.55257456204825,134.72607995183097,126.3517300380665,61.688780386428974,127.0005984707114,4.855640050790743,143.50949408493415,146.2958855120137,-172.42825487964714,-103.72711622850557,77.87149007595434,68.92204662166114,159.65263326825573,41.09656734773146,41.32338849626196,100.5375656864766,112.76232446100464,65.68198045053508,21.82419103970592,32.63894843650032,3.0907130841820223,150.7193204689791,147.71934302167114,126.11965910083106,54.82576139718952,138.49879701894145,75.82704253363575,152.9635851065952,110.22020384691118,148.0138492361056,167.61440824881652,99.99294572163312,139.0168709756832,121.6943770194504,157.40799354398993,156.4871936862328,130.3422494198279,171.23533878199368,162.35512253330197,75.11853946877491,122.99984660418473,116.69891285911186,68.60293600314225,64.46502704118247,49.22174238657421,67456.6996817088,103247.13488377925,-14356.07305767668,45135.35714132282,65876.78006937199,73145.81245629472,394995.1111805224,-114613.73119583998,-32311.973081699263,-65900.32810487652,-84515.0996966123,-83226.03321599505,-31078.33559868938,-57775.26439367999,-24400.654197515418,-15028.54893101934,-68591.97653921819,-54877.52130623609,-37537.07083793423,-16409.54019575846,8331.796661689516,0.3619099890230516,0.0339736553238199,0.9009330406147092,0.0315038419319429,0.0226125137211855,9.3612808282379e-126,-0.0013722691843231,1600.0,5685.0,0.0730483228760785,0.9901756311745334,0.9264887063655032,0.6614160263446762,0.1735455543358946,0.0012074643249176,5.48847420417124e-05,0.3610475066690141
186,723540879130.2222,0.9128542547051314,0.0883266545834712,-0.0163089349933275,0.4390200315325168,0.2423427106624406,0.5348638770589652,0.0778696873448178,0.057357480404179,-0.0476156775140667,-0.2244596955495665,-0.0143784637450968,-0.018499527468891,0.0189065483045616,9.642939985674728e-06,-0.123057078535075,2.463021582733813,3.122187935496715,1.9365656001117784,11252.0,156.22747749570786,112.0638258752256,0.0578646499154387,202.2849570569508,204.0805933036339,0.1007874547626288,0.0996425953097728,0.092132246161937,4.498139889095711,119.38741315746428,-24.069771640766167,-34.04138201000096,130.61369705243607,-12.411162106588012,-71.11562415657603,111.44604780986572,144.1112156226626,135.22522028406874,126.4236142816778,-175.15235584315388,145.18861313809953,65.47106258773373,-161.43906097558207,92.17080396609693,162.28686736168453,138.58177250300727,157.3738782826069,-121.35152478068376,83.28846864365414,-123.65720429654392,78.66161568734846,60.151293506301045,163.4835231606591,139.18250999556665,161.05642476125237,115.737206847952,-95.3714875548168,-119.72142860342696,-71.5749000925676,-84.65360032139176,-85.31424072107357,-54.94081522555092,-81.09399259818271,-96.88932082684404,-146.80362161173488,-79.89855878614117,-83.0748341980293,-74.67671836908097,68.17812200934564,7.465975604929914,13.490178336940623,-12.35910914722788,2.6016368423232707,-73.49706644696815,725964.192757807,-205023.701864106,-92251.88207296452,178738.8709699209,-105538.48221972011,-1687206.7143103145,-2896852.936184617,-326860.86905761395,-559370.1215249848,-403050.3716555947,-335623.9679330557,-26245.598200253,-262770.2679749712,-167748.0368831033,-53387.74042815494,-8505.695865319416,-200611.4895209105,89484.23494445303,289996.75327426224,243032.1739861469,377106.3477403679,0.945763641349054,0.7882643268439814,0.7883191664381684,0.0312585686865917,0.0605429119824513,4.358478034375384e-35,0.0330444797893928,1313.0,5167.0,0.1584257314310637,0.8617493830545654,0.6449295774647887,0.7033177954483136,0.1527282698108034,0.0041678091582122,0.0,0.4131213422108457
187,764701458384.0726,0.9340976903816288,-0.0662842630582252,-0.2456354511998361,-0.336800944450585,0.1942248071161293,0.5181780839412382,0.1351887951317118,0.0549429586560807,-0.0090970861164597,-0.1184832827469888,-0.0763647817170656,-0.0200872923368116,0.0474079386272457,8.849358188401417e-06,-0.1374930187811322,-1.0942799655073296,0.1564478538057385,-0.2004414401986481,11633.0,297.73072808220496,-38.34845086254221,31.546087853697216,107.18481384986028,-76.44500501469814,0.1131194618626631,0.1075817204992576,0.0895261342489805,4.119856052843445,-120.68381560940396,101.80073500960428,99.1929496246492,-177.88396315408897,72.75661073641251,164.3977406479901,25.152085925459826,52.26124352126149,-3.587344448309146,-153.55404137686128,83.63291862017834,111.98460529945883,29.992081341550755,176.89007180873188,-80.16826749580002,38.97166167239954,90.41263572237456,18.654667186132816,-42.09968124822713,-88.52725609635695,-13.53482227656388,-163.42368791836716,109.3516813567899,-119.68459939396608,-161.75710121481654,86.89622454093896,4.218771960841151,139.56987293491508,106.75560262127584,106.84315193410842,90.28313654761472,53.71435900726348,-35.69956427447768,150.72977250612593,25.831600594526154,38.91557291058788,37.74287515974941,-33.39489186124785,-144.3486727288768,167.65717895990775,154.20981902309356,116.664921573544,153.40342525541334,108.01936176888614,59.506661302749215,-476282.5785553393,546997.3370523412,288755.441059592,273359.3865110864,87666.46088455993,-689403.1595431824,-1046321.8591109944,73371.46074496806,170792.04378864152,12160.38190559506,-756931.8937944159,-504811.2860915005,-146938.59931902858,-83233.59615437887,26610.07140304057,16951.22226898084,191086.7268067516,-54538.58625584565,-349838.9330058641,-164119.90968282425,-147011.74123044408,0.617658349328215,0.5614477652865368,0.5615026048807239,0.0468330134357005,0.0401974225390732,0.2599367758562719,-0.0032084681621236,1161.0,5448.0,0.1538117919753112,0.835974773786674,0.5854469854469855,0.6947628187551412,0.1714285714285714,0.0048807238826432,0.0,0.4022236599064902
188,506450649308.1977,0.9765084860864904,-0.4367193129806153,-0.0894598160473862,-2.292461379208911,0.1152595327856062,0.3589821673675271,0.1207950543029473,0.0600651252536958,0.0778067363866826,0.0250277374286204,-0.009199575380793,-0.0008465120626725,0.0079010634799643,0.0008806031703858,-0.0797882119261789,-0.6048466171732736,2.358839175453596,-0.2065997630496898,10778.0,-287.5932949143989,225.81061106817265,195.1529116930056,107.8507251398655,34.12358188937561,0.1093180492045503,0.1133385552060361,0.1172329788096867,3.739697277298444,-108.27111078866432,-152.85458287581318,156.636848799616,-48.780242437071074,-134.46112995122715,141.39543945021788,-172.85386312789507,-105.1428195262244,-67.47878385385673,-7.235086914966645,-136.46985366710692,130.25676626739488,-83.82858505380885,106.71159853129372,-48.9591792190702,-160.57863247881718,-38.77799633396134,-172.11109196395398,-153.42021218278998,-151.6099808568494,35.15632148189705,-83.25915123451256,-140.81192490288805,19.37475327666488,-51.83049626607097,171.296977124685,-172.53902139206028,-97.06433670620824,-44.38134377688764,-47.42103388944658,-123.23315342188268,-60.77842763116432,-76.75674308675082,-57.777038539658896,158.22218911397655,-8.955502393524155,-78.80621474864157,-109.50631806960388,109.2938034531024,-77.5183330382285,-95.47749807349813,-158.8469805464033,-92.50351283269812,-174.30912400666853,-65.66861880092267,-223024.2417746737,56994.16798932729,68352.24706358567,173434.61129028612,-205570.09479059727,-4626239.83575041,-1832479.8476300344,49884.90806580451,499322.5022481148,-199408.6133579188,166549.00176643298,-86676.89727026917,477111.880309289,202151.2757310177,192753.3551554578,168017.3339515139,122057.41063297054,-111785.9972433684,231205.98125857976,-149601.0211806334,-169868.26462904882,0.1174664107485604,0.3210309843707156,0.7381957773512475,0.0281875514121195,0.0497395119276117,0.0,-0.0185378160478253,1365.0,5598.0,0.0512948193558711,0.8590622429394023,0.6216136631330977,0.7674801206471072,0.1423087469152728,0.000438716753496,0.0,0.5630651355898585
190,480587503791.25,0.9247656620825476,-0.0309048065082899,0.0210480914825798,-0.1182765480417055,0.1525281060513622,0.4689080182684108,0.3433838542206526,0.1379750332702068,0.0177585745619923,-0.03545884987047,-0.1088298808056751,-0.0444153287860798,-0.0226041394830357,2.8226462389741927e-05,0.1281667193858454,1.1606884582007522,1.085792994883904,0.083015993907083,11377.0,231.87367754233347,15.219710143426926,185.36796859824017,-77.83464080334413,231.72567684248656,0.1086954733589789,0.100142364660619,0.1082422477709607,3.766185738516892,-149.5523241426294,30.267034927745577,53.56760736955201,-94.66734575693688,49.73503902610552,60.64983153970199,-100.84099040240967,-145.69720929991095,-177.6620014641983,-77.74880550356326,17.86068373684663,-93.85813268805823,-93.71508631793245,-174.07199929432005,-99.25942147810012,162.99219594867282,123.28310704687328,57.4400164614175,74.1094618862743,-136.2169325527962,136.53322631016553,-13.219543542481588,-3.9252643319132487,-101.0685484998926,-177.63838045952264,-2.978025454556194,-8.963560672769331,33.89712252531919,-133.6030020696543,-132.73383778011714,0.5447149707489282,70.39276032722644,-23.238685259229094,93.1494960571454,172.123927726114,20.20198229819542,-20.87154025018422,-24.84503011927853,79.61849148294587,100.7198393000327,146.2375438162646,169.66511389771213,84.64836092889708,146.6974329798321,77.86649732768146,-282977.3883443853,-326826.8224577107,-120296.66026338056,-406590.9074255531,240815.63432229724,-1090475.252937729,-268241.0766599155,204102.3575939481,135473.10736418335,276519.8804491538,527259.5725546001,48426.81623535701,-237699.46369073383,-136238.43991357126,-335025.58062482544,98292.1586737058,75692.77396119677,15728.996461938876,-31796.79865984465,-70436.27034918837,-155269.81750417393,0.5938579654510556,0.9701672607622704,0.9702221003564574,0.0449684672333424,0.0423361667123663,6.126770248726709e-08,-0.0023309384083804,1120.0,5684.0,0.0502298293676374,0.909898546750754,0.7152512998266898,0.6824239100630656,0.1703317795448313,0.0032903756512201,0.0,0.3755048522197923
191,497531169099.9028,0.927058523393662,0.0863569231089722,0.1623926644547456,0.3371384517941657,0.2130426500477519,0.4686049335810351,0.3092710785477225,0.0606231431011721,0.0854463503859937,-0.07832988799063,-0.1778554537392452,-0.0805090003003101,-0.0231275641757777,2.3875134228524194e-05,0.1181358846983276,-0.1330836814057324,1.038655462184874,-0.297763312789973,11416.0,-1732.0021920009638,26.97079934621189,-1517.4889093526915,278.5212025495532,88.774002771784,0.0970984805241409,0.0799908127826433,0.1231352692452087,3.819611358140378,122.4469539223412,177.66348580507693,97.81521760508824,5.847864363350177,-131.14917411292365,-81.65819691499142,102.09769820982746,91.77057701226688,109.8952337949833,169.62526349594833,-165.3389785074654,-76.98414561258735,56.1796861372745,12.119272151820327,158.5532830601282,112.33930717909888,105.38963779005742,137.15417072734965,-164.5910604490726,28.81748179752028,-168.40835990899737,104.60510788429217,69.1494278320516,72.8406554222924,-35.057547429404536,121.42408269680708,2.013246346290768,14.954318387858306,82.37131988110727,96.49995155669326,114.87914013560273,143.77817238771888,-32.621622674652215,171.2298848291969,105.23129217030998,119.5588794238488,10.448972899271196,29.78688579199695,69.0860715365335,-138.10714244984783,147.06360856254273,121.51348053459655,170.7317330000948,34.03944443886152,175.1243060986718,129377.47609671595,146722.11994811526,94055.18905089903,285326.84743960394,27828.97164887753,-822195.9255320859,218750.94849012257,-142601.51757454814,196808.7521540868,-106584.04966184488,381346.1390259054,168836.16817629524,46625.77284591453,45518.79006101511,-74668.28234964533,237507.827804836,-83330.85770841027,154439.4937488345,-143532.67766807036,-128994.76957381576,50146.86437830821,0.8806142034548944,0.0751302440361941,0.0751850836303811,0.0493007951741157,0.0423361667123663,5.1613030106770414e-21,0.0120934569187736,1143.0,5483.0,0.0817011191047047,0.9044145873320536,0.7045762711864407,0.6946531395667672,0.163641349054017,0.001151631477927,0.0,0.3859650920865592
192,725566071867.3611,0.9128820389663728,0.0872433228220277,-0.0199417249423482,0.4351865502525014,0.2401015552932906,0.5366950234105484,0.086642824050958,0.0477377355771379,-0.0452669043925794,-0.2176463163116428,-0.0179241341496177,-0.0135940846492477,0.0159862781010622,9.28494183702959e-06,-0.115038329923133,1.4923121138094553,2.964370900417412,0.6732839368097302,11254.0,49.73738936946334,155.7106705913279,-31.6059909179702,65.80101164540582,103.62330254782086,0.1008001134779769,0.1000157181543188,0.091991356818434,4.471326020976967,118.79949391688385,-23.37149671639215,-35.61311918721253,129.87333818611364,-12.417562155967731,-72.12148720678691,111.65557151770555,145.15834691956553,136.42290492865772,126.97659800912908,-175.95930051365545,146.00903991466507,64.91353998561196,-144.73685300005832,93.70323696128996,157.42101207010515,138.95013103052756,156.94696966541144,-121.67187302098796,80.85126834507679,-123.4546764492251,78.8912086017602,56.57448897533681,159.83413870030728,137.83023743645518,163.35514769852216,117.91359114138666,-95.75966820987928,-117.54476666808088,-69.17724067064371,-82.78872228642523,-82.05174187299092,-53.95919345546528,-85.33673535586549,-97.54981715241315,-147.56291197226244,-83.33477626447956,-94.92632691497272,-74.66254712985528,66.81534548203014,6.950650689282348,1.7164749703059885,-8.020207019418587,2.033867676433596,-78.35939990107896,713685.7085490788,-201284.90479978945,-135400.79691028915,161371.73145505477,-123823.2394575834,-1616437.397055186,-3020451.184618043,-340905.5770860072,-563569.3693341808,-415127.5555861704,-301430.3054041206,-26630.451767911552,-262866.0674634328,-158885.45347079943,-46929.11564648946,-3684.323385856638,-165275.60294605477,92835.2157277883,277603.9014067826,285169.5930947234,375637.0230256248,0.7978064162325199,0.7884836852207293,0.7885385248149164,0.0345489443378119,0.0580202906498491,1.1798277299820459e-33,0.0361981023419075,1314.0,5292.0,0.1543066509942337,0.8628461749383055,0.6501608616589732,0.6979983548121744,0.1530573073759254,0.0043323279407732,0.0,0.4137621189968085
193,762943576081.521,0.9330511574366276,-0.0699760218702003,-0.2523813290765017,-0.3566967354540623,0.1838521271359661,0.503755544978073,0.1587741391062298,0.0416157592277848,-0.0014471194517633,-0.0958168141133199,-0.090718961047157,-0.0190820984910807,0.0551355895053824,8.958777347059555e-06,-0.1313291481073317,-0.4388478362687604,1.2536422103258331,-0.4774482758620689,11609.0,343.4339072016645,-47.3040849361664,34.784090625629844,63.973264732704,23.56924087877678,0.1124236729254996,0.1077917673832182,0.0887243172312832,4.126877334064026,-120.33082425310866,101.2438073858,102.34766724303265,-177.9072559711131,67.6902641996392,166.34898471952104,22.645020235841265,55.38863845299628,-6.339497940889746,-140.70860503175587,71.46758379863897,114.38554888463864,35.63777695385797,174.40015060970956,-83.94213811625507,42.05793436828191,79.84858057871011,19.671771013864323,-35.494105847030134,-88.54885508201433,-12.23895153423393,-174.55238785911652,113.42972629484886,-117.05604862034538,-167.68867331608976,99.17066532189187,6.21367574497052,142.37366256387904,109.6603632240053,107.54870176560884,82.95645215409698,56.74029314175476,-28.69021406526661,146.2445474072715,33.41465712056096,30.55199938034077,51.609688969486704,-18.809934286863594,-169.9192289749162,164.29778287416963,154.10915874953136,122.68629688672388,126.75495555524677,111.00387299768164,53.14167965478121,-481827.26380577614,554498.023558198,238214.3827902372,267686.3933037069,73634.09663145573,-693845.1555283933,-1142573.3415217053,81490.5932222227,107962.1064324702,-37652.46205710653,-733052.7998806608,-514724.26108887815,-166509.06542797355,-126231.9524487706,89688.76379351079,8227.533881119307,181478.36078644515,-65447.69610836011,-304108.25413791905,-171410.7465226565,-183089.82152458592,0.3423635865094598,0.4816561557444475,0.4817109953386345,0.0469975322182615,0.0407458184809432,0.2370422616051591,-0.0069653924203367,1167.0,5482.0,0.1529026314961503,0.8387715930902111,0.5938104448742747,0.6872497943515218,0.1723608445297504,0.0046065259117082,0.0,0.4031284513154212
194,503665580720.209,0.9778215314758996,-0.4387176847507696,-0.1250433142230011,-2.297783031217274,0.1499710710151637,0.3276346187368367,0.1643271878458725,0.0948614793980236,0.0965685972596457,0.0058961310308585,-0.0690603645418985,-0.0183121858970432,0.010074666387691,0.0005125869407433,-0.0677855789053675,-0.8988921609872388,1.7334124347413384,-0.1259313418285634,10794.0,-463.1056133768513,112.58943830422731,111.10062607602153,122.62951575898649,35.32847627315195,0.1098839512690356,0.1139124722548227,0.1167327357046674,3.6623249653617775,-107.6306667272785,-153.11079705921247,162.62748880334215,-48.29828442449716,-133.13480632999574,140.2596315299209,-171.6571463903966,-103.46567961422691,-49.05368540016891,-28.57982792041655,-137.89637732057204,131.52646669292514,-82.3653554195819,106.0102434690028,-39.22576123339385,-155.6120388510428,-35.07153227249826,-174.88286329491132,-155.94503276277084,-154.6156943170726,33.89854877979492,-83.3788337029339,-138.72094165666425,19.98477403820004,-52.295347423710176,-171.21313447917277,-170.16737206282096,-97.03657376629316,-44.01469392665184,-45.44686755784478,-117.83957159500235,-54.682680288454186,-77.80593498388771,-54.44519986776852,159.2832632357576,-9.90073927899114,-79.3565591221403,-116.30706474437162,108.83510511067686,-81.10239169628584,-96.48286252077806,-138.42828806576097,-80.19628646822201,-170.085537030892,-59.04210161875505,-174812.96923731244,25396.349487725427,79919.5060175519,151516.27568938353,-165833.12376798943,-4493557.185259569,-1895105.011359766,46075.28271040115,458764.9738750672,-180545.91977202529,144205.99757607328,-80532.61436716677,474483.0742960675,170041.61599150384,141532.13811321577,141118.32638834824,158690.90180965903,-102443.41321849408,177986.7783726616,-97440.35693306678,-151883.93462573996,0.1179599670962434,0.3225664930079517,0.7381957773512475,0.0282972306004935,0.0494653139566767,0.0,-0.0247627927384412,1378.0,5636.0,0.0622331971115154,0.8558267068823691,0.6157556270096463,0.7655058952563751,0.1437345763641349,0.000274197970935,0.0,0.563539826102597
196,473751614738.25,0.923888992089509,-0.0381707118198998,-0.00275957655388,-0.14479733941177,0.1577488354442523,0.4716645370434066,0.3267893916360652,0.1473422921535476,0.0377957757821944,-0.0325887063090748,-0.1097845551439059,-0.0362996377184867,-0.0367388125780568,2.12550748342748e-05,0.1326757580230427,1.29646853654992,0.4027300402631837,-0.1374844161241169,11443.0,381.2146019853336,177.24470985924108,287.2967461062568,-22.99295916047843,240.3846124040435,0.1088534383455186,0.1003547442392736,0.1079191987245211,3.782024463910332,-149.20213357523278,29.311209220734373,53.39870150470489,-95.02240918869346,49.72490674305343,59.36509134153501,-100.88816332857986,-143.68575924711422,178.94384224817202,-76.74008321535452,15.49438657867448,-93.40938798625533,-96.3690078711247,-175.37130820232787,-90.8882144098238,158.84654666270143,123.6685723685968,56.87969725053433,73.80431493126811,-137.39855475398903,137.17285591751727,-12.018090988732826,-1.149965710796934,-107.72982155562596,-179.35576408395517,-1.873058371925988,-17.469696583354704,46.16974695117071,-137.38971653568183,-139.6000630950839,0.7753948583875522,67.87612805788379,-24.12290533789698,97.2123691801764,162.01401873208027,19.026304682199783,-22.90018998987979,-22.84422522272324,88.4290477738713,100.05640851691844,145.36608048553637,-147.88988034994514,93.96452278784922,141.38467687246825,77.97586476426122,-319871.97951008024,-342790.84518166963,-91543.04525259975,-396767.2350387394,237463.65980753183,-1084269.6288982283,-238918.15760078013,192023.0744764245,133875.78418502153,273681.387573718,514697.5556481496,43925.39227245471,-258815.79699406115,-149058.04310918352,-325782.8254517739,94890.94529155384,77932.7833618667,2657.564750401001,-38170.2792365661,-57696.83981906291,-144099.396466674,0.200877433506992,0.1804771044694269,0.1805319440636139,0.0476007677543186,0.0289004661365505,2.6470561774113256e-08,0.0064443591290517,1106.0,5739.0,0.0386353839500001,0.9131340828077872,0.721958925750395,0.6834658623526186,0.1714834110227584,0.0030161776802851,5.483959418700301e-05,0.3742245868130942
197,488614367269.1849,0.9244922918093044,0.0756263116423624,0.1506068581177819,0.2897781867596651,0.2185683300921007,0.4544405474861194,0.3161544487045202,0.0685406519353525,0.0941913878567054,-0.0797605543321349,-0.1863819450994117,-0.0622802511566949,-0.0396134155431384,1.9749618709499063e-05,0.1189368218962494,-0.5735379270411117,0.3556920638065986,-0.5151746119733924,11428.0,-1634.727141026378,-30.058959304664363,-1444.991552061288,361.0415560149602,55.91873007629587,0.0968678539264577,0.0797478119335224,0.1228708116618376,3.8454143462044095,118.43637963845482,-165.98489731845552,107.09392541344248,0.930447767889273,-132.44202190274703,-86.93110053769092,98.93381088732946,91.53156825202753,113.60457625868573,170.46790320499548,-169.49057386948715,-77.68281841784447,58.78377488299131,-0.0711625252135052,155.45663459470245,110.60454306034596,104.29777136057824,139.03615604784417,-179.4042385321115,19.86530276552393,-173.8659744895505,106.39467032586528,66.47611850382013,75.71551828849768,-40.54588689044859,127.85105590995512,6.165079885920717,8.891197969788925,73.92871264710294,92.86840924328924,120.4099922122824,159.15741816175282,-29.439188363654274,170.249170798511,100.8681059835813,116.47202036876551,-2.775431661957616,24.072212915965025,70.47098198305162,-140.1059189178313,133.5563839192899,128.42192407610216,173.74612403398797,21.74324485480061,170.86405726849674,157081.82704650972,169626.44177168742,103879.2478281543,304760.4749818115,28054.46909441208,-684282.2064282343,206292.50450809224,-159419.8525449373,196191.62834282825,-139580.47344583424,411269.67943542334,256776.7087269432,99188.85455609644,101946.31812247596,-63329.68268870149,191844.49355412205,-65627.21532934952,134791.0751069364,-146936.29707634493,-143739.93571039572,74380.14576706741,0.6420619687414313,0.7863449410474362,0.7863997806416232,0.0332327940773238,0.0598299972580202,8.208254257206516e-18,0.0134097515493884,1135.0,5520.0,0.0636622393923836,0.9043597477378668,0.7053058465697871,0.6884562654236359,0.164025226213326,0.0026323005209761,0.0,0.3819015263019892
198,19373538.55653611,0.8373370834953373,0.1251077259623774,0.0257872207261737,0.0010709108677433,0.0439070646231183,0.2193809036848737,0.2218916352229815,-0.1344574222277695,0.2502251862056142,0.1294728474039161,0.1206442111055617,0.019221454337444,0.0707714236669613,0.0077937208158594,0.1682354240030918,-0.007637299771167,-0.0011714188730482,-0.0033560856444891,8750.0,0.3201072722445455,0.115270410451438,-0.3358917559624567,1.069341230419943,0.4102869379638957,0.0884357084948724,0.0871721446302453,0.0843605035151728,4.301789406891182,30.400199338952326,-59.929211620505264,-42.97795793128674,126.84097716386547,-108.71215136078492,-52.51995404386585,113.16198261022944,-134.24814229301893,-142.6838622574928,-152.13872598214752,-124.1881418040438,137.82962631226036,-36.96948781912827,139.6703031369759,-23.24872870455706,-82.56631864726822,-75.98702460007686,-37.53535235497114,-26.10698875476741,158.37699053409025,-96.030446338145,62.7553124156298,58.497142477487394,101.51223060987012,-137.63130551328263,176.0124473982474,131.0063871127431,-79.60270668092757,-82.02069146214828,127.98884010539442,-57.262453703621176,-16.407327249267027,-94.19588550975044,75.15968241677915,104.98690303308864,50.23638841113542,-179.8661833511293,154.3958474073803,-168.60277332068213,2.89006151582236,-99.41140749785134,-150.42259612037273,24.041743161406945,-143.7764802200682,6.568192209702641,-705.4008052009181,529.0385719689367,-752.5954475826579,21.90561779748425,641.2361624601962,19103.30115703881,-2691.975623756353,-143.42285955389423,165.04459390489973,-1639.6918527061357,-104.96510084435386,107.20943066721566,178.31663784116552,-500.1515105019304,197.9882202746324,189.60476050300093,269.9076783638838,-1121.684356736563,-65.19544686509883,-436.719522444725,-140.83164440272586,0.673759254181519,0.3519056758979983,0.3519605154921853,0.0114614751850836,0.0382231971483411,1.9437983193631904e-72,2.85197169966544e-05,1485.0,6600.0,0.0809213406474967,0.9840965176857692,0.8468040147913365,0.6319166438168358,0.1363860707430765,0.0277488346586235,0.0020290649849191,0.1171923438428306
199,21377529.18946157,0.7814926053986408,-0.0573866926241516,0.0021023580283703,-0.0004872561209418,0.0371520680800223,0.1491756390297387,0.2617272874560681,-0.0850499561569257,0.2312098631203178,0.0999297168512639,0.0506634773426656,0.0474974849532626,0.0802830019927276,0.002926939443879,0.1190350731183634,-0.0011690707816169,-0.0001971440750213,-0.0032474000292954,9145.0,-0.6818097691683842,-1.048579498569346,-2.064092703270419,0.9391883375952362,2.092520648658074,0.0841868973970199,0.1020539846719277,0.1107607935598061,4.565477981675088,-31.773513190497862,-5.713057021006777,-18.042468470264737,28.932792710266604,159.134296158196,-136.8679403472977,9.799003492376288,28.530654163486528,41.521061763468,-162.72920010725858,-175.7233622670837,95.20679860078027,78.88357744793822,-138.45595198556435,-109.57663602553582,-63.04665626271176,-43.33509966014658,4.762700165540132,43.047267270849645,149.20429498261691,-34.82101774345629,-100.05979515354478,112.41357318769464,141.6648972102808,-130.0424649248177,-25.02853374526948,-138.0724041140053,49.41336404663625,147.12987132375486,-166.36634773121324,-33.051695552778874,-142.19425336682232,-171.86947732016685,4.957645382713092,-48.86168958674704,69.4905528222355,36.83412128956936,51.86885484453842,97.00711634110424,178.57014569187274,117.7345443727924,-134.47409509279316,-107.4500575354669,106.49653248282164,-64.86816528939961,-1914.6616684304056,-1149.5906723384746,836.462833207007,463.2912032931684,71.51870884298705,2387.217522478694,-368.02180658781526,1201.3805876454906,-561.3480545819019,640.5311316554515,-1252.0200626110154,673.3948034625913,-818.6447674430733,261.72897286849206,349.6020971992308,407.01489647656473,74.97014309312308,-109.77146725783558,-371.4052611308013,-419.4057914767536,-44.1352323851068,0.382177131889224,0.6412393748286263,0.6412942144228133,0.0112421168083356,0.0329585961063888,2.2549818388778284e-14,-2.303515603575924e-05,1509.0,6699.0,0.0862353154018313,0.9680833561831642,0.7246925260170294,0.6798464491362763,0.1164792980531944,0.0233068275294762,0.0019193857965451,0.1094772740651142
200,24646318.93516389,0.8487390504518941,-0.0662808852670294,-0.0323471516630766,-0.0014957535166092,0.0201166458878328,0.7115963226133707,0.1732845098558492,-0.1468760991841422,0.1583073270032761,0.0564453056221354,-0.0405676383825505,0.0211525456820106,0.0637455345648082,3.055028649155711e-08,0.1157068107633048,0.0008299016243422,-0.008899404321314,-0.001906862745098,6072.0,-1.10211448810344,-0.6136526534834065,-0.8375342888038603,-1.2028136106083485,1.1571948169348003,0.0758444091617679,0.0930704310280299,0.0794570962814194,4.412006911608915,-165.6849584497564,133.52969840642075,49.12920513249758,68.3299211051902,-124.84100619858066,146.10960241403353,76.5960164711024,-0.3353709274713415,-159.7321012130435,-105.3577621802012,101.80312311890206,-50.20942110784731,179.52864376708703,130.21682184991909,20.61316437778863,-121.6579613594615,-71.22585557039407,-172.9599178591636,100.36157227990545,-30.635902223887328,-43.98467679526706,18.31449723943073,-132.2857762692243,166.29795197046937,-166.24883378668582,-74.35557392678021,114.85690833135978,-13.620177706501533,-114.31332342372492,145.581171637333,70.340905695037,140.0929677132941,-152.79724096713832,51.55487868905307,-92.6664145319094,170.5025466955719,20.14451935490774,-124.3650426573049,-65.23487529601196,65.95273291315593,-71.94704686688266,52.90015708853124,124.80020156583308,-34.270997952780924,35.10317928303264,2620.83351139984,2799.8015239361303,-344.5571159534377,-2695.8640628494445,6121.384644432534,-23270.190382638528,4550.039747551121,2842.8364673718543,-30.44451998035652,316.2299172657111,-1631.4260198714796,1974.1502741196632,-1342.3026190921069,906.664402470802,6618.267898377774,1696.5830371194274,-7920.485779487069,3826.170209557986,4831.21004458457,2180.9212991047907,2276.7814532198217,0.4253358925143954,0.9284343295859612,0.928489169180148,0.0127227858513847,0.0133808609816287,1.4276042034593557e-19,-7.692096747655349e-05,1516.0,6355.0,0.0784429009560474,0.9540444200712914,0.6423388817755015,0.182177131889224,0.0267617219632574,0.0263230052097614,0.0257746092678914,0.3023653827325403
201,24236963.574111115,0.6832728919611523,-0.11433690360241,-0.0263996107185709,-0.0007462260293223,0.0401020325598796,0.2629629767902438,0.2560466362966013,-0.1168661716008775,0.2110193803015234,0.1544651499200144,0.0254397914349977,-0.028209492026529,0.0465030716345983,8.034143322758916e-05,0.060198192321919,-0.0078353004291845,-0.0086664841182913,-0.0046116205689493,9161.0,0.9093045217285094,-0.1614610197258949,0.1572103749244657,-1.248144478200686,2.470486003458602,0.1109882528192061,0.1083102382801792,0.0943159019449834,4.466604376035234,-123.29750600226564,108.18629357736786,11.56633109863488,-150.80975390838017,146.59546210558912,-81.7204350202766,-71.68340653445674,-98.59571981388343,67.57265690400494,155.46672597011985,67.26696492477387,44.846825554572426,72.61409865686672,17.961930340848745,41.31021311742181,-170.80812348966012,-24.930469625353894,-143.0943127828966,147.93513873537827,118.571568278817,80.71231997773116,-142.39691516374697,17.76665344332402,-15.353146777361424,110.6370662909672,96.26856385524476,-45.51449279962041,124.10431394268946,91.82504376938004,15.075701647345122,-63.49823208091719,68.41849155480503,80.94173679787869,-97.1518827182513,174.73861476701737,139.57539917833418,-3.400313481270298,56.07365416620202,-52.73581535541899,81.217389163841,146.60805775011966,65.57631466836858,141.24774624138962,65.37408460449001,101.71705623909978,363.19599677181,-83.76861002253641,992.8220739291556,532.8682443855241,-674.0612321537975,-3029.262408235427,1554.4331656193388,-306.37466840865613,365.6954483893402,-133.45835564598042,715.8771493538746,-678.1369202558766,-10.405470489258732,-129.79392477805817,-364.6666037977165,76.82752173911072,-468.4256924525338,341.6098280144876,268.9706937776413,226.868483672166,275.7305903390792,0.3816026656470203,0.826787567597094,0.8268421915114437,0.0109247828699404,0.0387829791882886,8.086120779310487e-50,-2.5402895383774724e-05,1609.0,6346.0,0.0571864295755236,0.9808270060632543,0.8011331444759207,0.6439067023542907,0.1319713770688807,0.032282733380674,0.0013655978587425,0.0879533546479981
202,22409426.4476,0.7050769074178833,0.3267787747130208,-0.0048175446190957,0.0025418818757831,0.0219674369888808,0.2561822012698231,0.3102614449871906,-0.0899429527211603,0.1239189058426362,0.1996757814161457,0.0703025431718772,-0.010269501349994,0.0083549374068169,0.001050919072819,0.0907877038013751,-0.0078845483083362,0.000927224901359,-0.0003989675516224,9288.0,-2.5283411736500816,1.1785371478827604,1.1888946392476607,-1.911274127099472,0.9442559390937058,0.1002457936642367,0.1074588366431797,0.0935687992373658,4.585443870665189,113.52010129100798,168.37929790490426,89.27370390164104,90.12753875055684,122.27748029126958,74.86651763650754,54.52845282752885,-179.37553508686574,10.449781963749974,-41.4459604301289,127.75903039177834,113.64385452734632,107.73970677011911,64.7812624969375,130.3839777242656,81.65833142799266,78.84525869712566,92.8209196509514,-43.89791868511005,149.4434759731225,-45.70502681845422,103.18296191307964,14.682738287047046,143.81047821340158,23.965013762227333,38.09758956774036,-152.93121583153928,64.43407975468295,38.6328398275629,58.096969033564775,142.488630450208,78.37704220144674,116.74671506246852,-1.4695651766759528,104.6067840246186,-152.5778412846731,76.34304631559597,53.21388693294806,122.68908015061962,96.9866526102612,-29.07264094714916,-89.72344366430227,-167.89136578656377,133.29598099356258,-85.34464240154537,1016.9955970826572,208.66210191688776,484.1010348248528,-336.9686514455545,-15.427420892931424,-1374.2059764263397,-656.0989003513325,-645.9816823071518,14.203008561764022,301.8227835367222,361.1639089716829,412.5576313258016,102.18899750712212,508.8613206175848,-640.9243250567456,412.2971840415948,-748.4131793846836,-629.9715926803997,465.8545152402105,1.06900387419185,-294.6703092507253,0.4493072355399164,0.5610842313613371,0.5611392126676931,0.0109962612711678,0.0144600835715856,0.0,-5.7186847025184256e-05,1661.0,6573.0,0.013467617709185,0.9886188695843412,0.8809660724554341,0.640367275126457,0.1255223224103804,0.0311744007037607,0.0016494391906751,0.1020414633045243
203,19632686.47551072,0.7308620151135402,-0.0077224928062239,0.0082680802962116,-5.650394363547703e-05,0.0135325745246627,0.3071384780833508,0.2595645262343491,-0.055513656576954,0.1498825530937575,0.1744339110815054,0.0420644067573576,0.0213427372004097,-0.0021325949780136,1.3092668568429643e-05,0.1439563200800209,-0.0050168642307222,-0.0045910107572691,0.0007622418448514,9019.0,-1.0010016232511325,0.5337631208902652,-0.5011814227452186,2.7444107604358527,-2.1693295118826663,0.1023845253173743,0.0868133082493172,0.0978173077915483,4.289618469072777,37.53146776096398,-21.216597606720352,-18.32263907020315,-151.443046271755,-39.010669088581,17.13120718301479,-101.9497933275061,-68.46934795560361,-57.53615739825442,-123.03636793615112,-151.63909849903138,151.93814371048373,-178.43789218486836,172.1261669710685,-121.04529580675631,-173.12551510613963,-95.52369986279922,10.66592902509886,52.144929256296976,-24.887225841098427,-12.76110898873824,-169.17938047257002,169.01568851569996,149.5436273660252,-87.21668175960097,77.72675871236521,-19.081272577006768,-62.48687344845111,-137.6347294719652,-23.232848387285145,-27.41787955278784,-53.77814904306968,-59.90566081599531,-93.8098361601798,-92.39946158300909,-55.67082398703499,-103.2934487716106,-15.914169496820223,-39.60594976658563,-147.9934361008156,-113.09587482835704,-40.27261764230987,-120.72665585290744,176.38876159346955,-170.0452341529148,-2564.8903299695794,-592.1468352745096,-101.96903707082748,-99.42425111196258,-1093.271592546184,8537.657542919053,-2672.35335104929,-925.3132044192756,729.9127534012957,155.9882809100384,-885.798707873201,268.3579304025509,-562.2466292501655,311.4216269576554,338.66790005166126,33.854772188135,700.8265181060966,343.2338594228699,-69.19283259942952,374.5467469369865,-113.66058540917795,0.0163637362033935,0.4631266816759101,0.4631815935423645,0.0128493767503157,0.0596891988358684,0.0045753971733181,0.0001177988906584,1648.0,6343.0,0.0019579739731285,0.9842402943276042,0.8384009009009009,0.6161111416177036,0.1250343199165339,0.0406347811762121,0.0029652407885344,0.1030666535988686
204,18254680.39828889,0.8201234551311277,0.1426218668896703,-0.0104421560422195,0.0011388349757425,0.0455223385337965,0.2749184553282953,0.1824657625838603,-0.1156019353374848,0.2733715720322786,0.1234006195252586,0.1329824700646383,0.0332621832022756,0.0338489696831063,0.0013791192681762,0.1995742623096606,-0.003458319922755,0.0009963099630996,0.0008658335128923,9337.0,-2.058160605632571,-0.5526426391341175,-1.875430794642624,0.4471300793354216,1.4673968763030751,0.1005586564992431,0.1043589746642432,0.0850017029739642,4.288760453795529,17.938548232356208,-65.48541951826998,-120.13703008018624,120.29525821353184,-133.51666532070132,-85.53394897717217,7.719804792531625,5.611773072609863,165.31639718455378,123.58888046927636,86.30198909895662,127.96846582634116,-19.209151092920024,98.90788999427676,9.125544880020476,174.0520857385729,-65.0329060569824,-146.45683504229729,-106.8299286141476,127.00383374394434,-86.8286288326075,89.28150768689196,77.86970121933699,75.48469241868035,-17.17669741996408,166.55434226458752,105.61636869349016,-39.29273431441451,143.87325481709573,88.69718862189488,-55.131958364367264,-59.41245329717204,-116.21268885425584,17.114910821628513,163.93594989311268,90.30896371326646,-108.23971495191238,-98.75049975306156,-179.62217648563433,57.6035292068561,56.730279896065184,79.19637392919024,69.04491695554478,-132.17161264050443,-1.3194570630771942,343.9584380465244,499.9585432867888,16.697356075988154,-286.55574714747723,90.51075838937544,10593.507821427083,-1829.9881713792129,1001.5214030381916,522.596544920685,-1161.5323753191242,282.9990807409987,689.5035407179113,-198.6504220471244,-425.7364264665666,-330.14774709729244,138.1901357479478,-3.856638326692803,-940.53552289807,384.3295927152596,47.13319652801015,-308.12707682927737,0.0327940773238278,0.036578009322731,0.0366328489169179,0.0109679188374006,0.0119001919385796,1.4355582133684862e-96,5.48456096089508e-05,1516.0,6557.0,0.045312165330198,0.9857965451055662,0.8514056224899599,0.6025226213326021,0.1364957499314505,0.0281327118179325,0.0026323005209761,0.1097108559445219
205,20866243.03266672,0.7559246582839896,-0.0185820402044289,-0.0132889990210076,-0.0001441939973026,0.0394051891615037,0.1486569249140004,0.2603003333143034,-0.1094864606303075,0.2604231066800508,0.1355203514802832,0.0746271884380729,-0.0096106313385506,0.0683060095256041,0.0007579106472671,0.1281450021747426,-0.0026366259334691,-0.0042517836678865,0.0022914683266202,9609.0,-1.4152321147122733,0.1792589823083612,-0.2517967923925151,-0.0263348402302057,0.916944697821406,0.1141806315933392,0.0955134549163876,0.1065347067775088,4.552641416383551,-96.02937428002342,117.59532148311696,91.71490517376144,-102.84048849726312,114.31433858906884,100.02345069179886,157.22775334179414,-37.14748654981785,18.13835910852657,-101.58412064881104,-112.5164260192592,73.19410819733828,51.5291592221207,68.576741114276,-166.74548068311267,39.82055466310359,134.96827484323325,58.50627629255348,49.54766410299234,-174.19230813209384,0.1209964905812045,138.44233133055295,-58.26086803888364,97.61331081122484,29.695987974263243,-128.200121731536,-165.22517778207063,0.8034774772844265,102.39383641941714,114.6135638650226,38.32803177257638,116.16674926105888,-174.85848486018452,46.276259723058246,99.77968320775577,53.72020441876526,71.54353726247446,86.73981961044957,19.8765273854454,156.2810863827829,67.01400235101536,172.42577064461466,22.13674406279577,110.63118317836408,-60.00135198780354,-425.1145227587341,766.3310958854444,1352.242258474434,861.4631728381307,221.1489989516367,-578.8368307678468,1443.5483467313215,-362.5944241273797,204.87351695468945,-786.93215634138,100.31687636685888,824.9946507746499,-384.62957226857145,31.673012362180827,508.25315328269386,1021.0906432073424,294.15010327924693,1322.739212163104,-199.8597472344488,-800.9566654056472,-201.1362587320732,0.382177131889224,0.6424458459007404,0.6425006854949273,0.0113517959967096,0.0430490814367973,0.2167277241554367,3.318159381341526e-05,1560.0,6779.0,0.0737756468226659,0.9675349602412944,0.7106549364613881,0.6636687688511105,0.1233342473265697,0.0237455442829723,0.001809706608171,0.1032699174405245
207,24595495.2407125,0.6935742807154203,0.0020132759936884,-0.0058604797688281,1.3459264006619418e-05,0.0364316076446548,0.2173678016995924,0.3025006474316752,-0.1200151849772996,0.1997806108080111,0.1821945519318616,0.0433203672917059,-0.0451901673059053,0.0385459724432485,0.0005262756145054,0.0606203491448234,-0.0021770462633451,-0.0032456932219965,0.0011406169095347,9465.0,0.4421183765101003,0.6408482758600028,1.207510383863187,-0.4972925213713371,2.806220501531028,0.0832108870037012,0.0984535152718417,0.1045308416089255,4.405935461963351,4.18172733100998,90.86405083921842,-147.2715350354609,9.200726948449606,-126.94668063516302,-97.75620585501292,21.26499111246988,176.19370144995082,-3.699588870526072,-59.234213986547424,97.68321234653004,59.00916407748913,4.176312884767873,-139.27182226950035,-2.124111189787533,-139.29434649112127,121.96976150976772,-138.29965837412388,121.16735236198198,96.044953289749,36.86487038889807,-113.60438452291868,85.9957909896309,120.03059177389964,128.32008409240933,-45.95751334387096,-105.23225767364102,141.76463272400218,14.992833477336784,-8.468430795253406,4.8633606790207,-99.91755288368324,12.956075392756514,-4.156323256077049,82.9865081566421,139.5811075598922,12.965669372425891,46.14972234269228,-72.25103438435693,-56.573049926214026,-98.50679303034735,-176.1425955029978,54.07101216317548,117.8950576285774,75.21188508798323,-47.36301231125327,-1292.3252195900411,780.0434967252568,339.4212214653735,-64.93107346354759,5033.337084375739,1499.2478202306438,534.37805872711,-366.269923541103,115.44703839411464,-97.9530481745042,-554.4560902493969,831.0245869856415,699.2701991456021,-129.36977456332784,-5.316830625482737,-720.4943615040271,242.576754573495,-372.2737815351161,-274.30942021006786,-371.888837050717,0.382890046613655,0.2017548670139841,0.2018097066081711,0.0109130792432136,0.0476007677543186,0.8536550013726104,3.126199747710217e-05,1631.0,6645.0,0.0465908169183112,0.981738415135728,0.8135498320268757,0.636742528105292,0.1304633945708802,0.0387167534960241,0.001261310666301,0.0890416904926921
209,20641895.380602784,0.7294505588943327,-0.2327110529016414,-0.0370311141679069,-0.0016717661472152,0.0103056126709699,0.2453887818429824,0.309613287976076,-0.0998700639305843,0.1616297409973667,0.1903970782255801,0.0644201570974738,-0.009824031988266,0.0207824049968032,0.0019654558954276,0.1281623884340841,-0.0045019715412309,-0.0002875190590285,-0.0007040187738339,9302.0,2.287812743344761,-2.0201213001960503,0.7577299570471878,-0.0320245533790648,1.5936791669511077,0.1060113733478334,0.0758522872322617,0.1052492660493058,4.407866287689003,-7.924503522238464,36.33081993272968,22.82242936467973,-91.60469379587332,-9.711474754013809,-5.657408061112376,-115.62140773208164,-133.96859624750056,-8.013927608461497,-179.29185606907748,161.34897986481175,88.74551944038457,-47.77886832784601,36.76580669021307,-134.02160739987082,119.32452931930403,-88.16286507570966,73.8704500953552,-7.646899447824626,4.083640055191464,-32.68650848477325,135.45400094837515,-126.0057576414328,-102.69914721123452,-154.21617611905515,-0.6432037504070274,-68.01310950222177,-33.95791397175752,155.1993724436573,-113.10725804854422,-164.79082471933862,-170.59975155239357,1.194325484901935,155.78535246717115,-150.9520542204242,54.41316901075987,132.2471530705184,-123.37485109539462,-148.3121055858096,119.96925745543244,98.26301091877482,-91.37784425081632,139.44478167858952,138.08359487851442,-60.46654887993869,-386.9709275808856,-960.1417195769178,-115.6126633407028,94.95313337983006,211.233078067201,6474.038330319261,47.94396749215986,-615.4252700058305,-672.100466271354,403.8787566924934,-764.4623895258026,495.9125046091074,-890.0477561239782,-554.3869111949232,64.77609843344648,-1008.610969281978,340.6436848326788,-375.4389919042575,-512.8263741662337,-11.391668475058054,-262.9493764655622,0.7917740608719496,0.8573622155196051,0.8574170551137922,0.0122840690978886,0.0621332602138744,2.179565082060653e-242,-4.552185597542927e-05,1573.0,6590.0,0.0236283113783866,0.9883740060323554,0.8732815301852959,0.6501233890869208,0.1298053194406361,0.0281875514121195,0.001425829448862,0.1016757362716187
