id,"y__agg_autocorrelation__f_agg_""mean""__maxlag_40","y__agg_autocorrelation__f_agg_""var""__maxlag_40",y__ar_coefficient__coeff_3__k_10,y__ar_coefficient__coeff_9__k_10,"y__augmented_dickey_fuller__attr_""pvalue""__autolag_""AIC""","y__augmented_dickey_fuller__attr_""teststat""__autolag_""AIC""","y__change_quantiles__f_agg_""mean""__isabs_False__qh_0.2__ql_0.0","y__change_quantiles__f_agg_""mean""__isabs_False__qh_0.4__ql_0.0","y__change_quantiles__f_agg_""mean""__isabs_False__qh_1.0__ql_0.6","y__cwt_coefficients__coeff_0__w_10__widths_(2, 5, 10, 20)",y__energy_ratio_by_chunks__num_segments_10__segment_focus_5,"y__fft_coefficient__attr_""angle""__coeff_11","y__fft_coefficient__attr_""angle""__coeff_2","y__fft_coefficient__attr_""angle""__coeff_20","y__fft_coefficient__attr_""angle""__coeff_24","y__fft_coefficient__attr_""angle""__coeff_25","y__fft_coefficient__attr_""angle""__coeff_31","y__fft_coefficient__attr_""angle""__coeff_33","y__fft_coefficient__attr_""angle""__coeff_35","y__fft_coefficient__attr_""angle""__coeff_38","y__fft_coefficient__attr_""angle""__coeff_39","y__fft_coefficient__attr_""angle""__coeff_45","y__fft_coefficient__attr_""angle""__coeff_5","y__fft_coefficient__attr_""angle""__coeff_57","y__fft_coefficient__attr_""angle""__coeff_72","y__fft_coefficient__attr_""angle""__coeff_73","y__fft_coefficient__attr_""angle""__coeff_8","y__fft_coefficient__attr_""angle""__coeff_92","y__fft_coefficient__attr_""imag""__coeff_63","y__fft_coefficient__attr_""real""__coeff_2","y__fft_coefficient__attr_""real""__coeff_84",y__lempel_ziv_complexity__bins_10,"y__linear_trend__attr_""pvalue""",y__longest_strike_below_mean,y__number_peaks__n_10,y__partial_autocorrelation__lag_4,y__partial_autocorrelation__lag_8,y__ratio_beyond_r_sigma__r_2,y__variation_coefficient
001b49279bcee7d125a97b05270bfef90bd1e95312b78e2db639f0a531bd3543,0.3236519727192166,0.0734083505168509,0.1797173053957899,-0.189485569301543,3.3582208563393294e-08,-6.303997083413193,-92.21428571428572,-0.6305418719211823,20.88059701492537,-198.3016469249904,0.0745533288995807,116.17944943179228,-176.30478507554403,39.07669541978272,56.46623965176696,-40.043908796708415,158.21572134406344,-29.23576846645791,149.8877440535755,-92.4793712384931,179.69347370964724,16.946091488642114,-78.74082164215784,-160.0969699799261,-28.551056757084787,-120.50960547715184,16.53120278840239,14.667424861382909,35254.307879098684,-298368.8408906209,46324.53141681583,0.1463112213267204,3.1143115332090894e-07,14.0,83.0,0.4220188347142584,0.3324392070113854,0.0223186608803471,0.4322623890429278
0090326fced7728419b589c8c6c2cad5b05d75553813b47938fae26ba0b2b393,0.1336729735548501,0.0124015916418707,-0.0479268273972801,0.0578569099528468,2.110189234264471e-07,-5.954380303448363,-2.2536764705882355,4.157894736842105,14.25140712945591,-1758.518570780146,0.0627114063885014,-167.97858777816407,47.78640474694456,-72.03024747216594,-157.14304340989773,-40.4764425546155,-108.53807368530975,-103.59558029737327,-53.07541413811348,164.77507850079922,89.85000626520886,-137.0403601900703,-151.5365581202973,-142.22579829817315,-40.54624294434187,-164.42297646535098,169.48939889585426,125.96758464057044,-44844.87511976256,102183.06435001404,31664.04250720572,0.1556106633601983,0.0069465838870198,50.0,74.0,0.0498437936439047,-0.0109201044026299,0.0384376937383756,0.8679859527757317
02158978e403150c2befd8b4176c717c4230186b25f7de41a83e27a13f0dd4e4,0.4651931043213836,0.0839407299305617,0.1073552900122747,0.038512628060394,2.934811118621963e-06,-5.429584368840765,-5.294117647058823,-6.037109375,0.7892918825561313,10.400195907066545,0.0791247504926707,148.69200742311006,133.6094658115168,-151.2767549524867,91.0632767995446,174.95516358162408,54.0672857502189,-89.47730363054411,95.84966447650804,-101.77830618088122,162.71747552438944,-112.53319474752014,-104.82956947182072,44.59138545667079,-53.30850659061812,157.63464006566429,-152.7648735502428,165.27124336966295,-21489.087334763703,-128277.8568364061,4816.691216407286,0.2070675759454432,0.6024235782680938,236.0,62.0,0.0309940978248703,-0.0234677977964422,0.0483570985740855,0.1392887703805558
04605a37a22e05096e009845434d33bfd1c42cd67f6d72601d351e470614bf5f,0.3936912530405508,0.0301383928883137,0.1320867783051925,0.0331887391302249,3.19366191711511e-05,-4.919601373389339,59.137339055794,0.900390625,39.70808678500986,-1291.4476812243656,0.0957052445160278,116.42915638115716,92.14039546144376,85.68483888989124,-49.61448559811393,-65.33667582331283,-111.83675041020688,-146.0916239892593,43.25688914463832,-25.42139170360213,167.80330482184917,157.04460200098546,135.31220843934594,103.26041620862703,-97.93921583376591,153.75548086628498,-75.6843168581245,-70.42706304960186,-39132.86744556876,-30878.69302558616,179070.0882018176,0.2324860508369498,3.27165629867731e-18,92.0,65.0,0.0482595931922298,0.0124827495437461,0.0483570985740855,0.0384286073230729
05aed21c749138a712c901a4e7113230306b3b3e2ec055b73f6ba40e78b870ec,0.3193217539407073,0.1201597192467626,0.0906787311044629,0.0043330260474405,1.5643399965208893e-07,-6.012134298782869,0.8208469055374593,1.312803889789303,-2.9914529914529915,165.4303287451131,0.0812163326564091,178.3067088949729,-168.97042988782894,-151.94234520243012,-3.138244843127458,-80.91182827572365,31.38293778707397,-67.37022449083355,131.7575449134528,102.8327441249762,-24.36491948452553,-174.91745111429577,-80.37515308544829,-142.79972182662485,166.3588406230816,25.565341854576424,-171.8278185300054,61.33371340049667,23017.17457236272,-219186.5221851712,-46393.70756978141,0.1146931184128952,0.2636766094795885,76.0,31.0,-0.1919376173191048,0.0101017394077344,0.0080595164290142,0.6455135869267599
063ba6f3c1d425f6f5c3bde3b9ba1eba7c6d81c57fd794860338638212d30dfb,0.2555033217128234,0.0123590041950976,0.1497870405320034,0.0651232646573485,0.0001543821114731,-4.557813755313353,158.8838383838384,355.9791666666667,223.87133182844244,-537.0677261589441,0.1017703716558112,-81.64290303733145,-45.73983996668286,-9.196023276429424,78.8064414271048,116.69936477728416,53.67137475352153,-80.43769812044361,112.4730031141284,-152.35963880605615,117.65115170876244,99.06868809819936,174.63395774739828,73.28506471066311,-165.5897941832711,-31.16887163999077,-174.59875524149064,138.53206970415053,204009.67848940287,2891541.1726824115,-250927.75734095625,0.2554246745195288,0.4559718161410721,229.0,70.0,0.0039273810264372,0.1262606728059503,0.0409175449473031,0.0837281041114707
067db9e34208d72cb693c8c199dfb3fdd7a0d11e29bc6285aeb702ddea18ff7e,0.3730313124620748,0.1012337985816091,0.1566522945255498,0.0131548806029199,1.4866572077633139e-09,-6.874478697309929,-8.464419475655431,-8.216783216783217,-5.737030411449016,-784.5055073163167,0.0237679762167572,-14.24487048532488,159.724221566317,134.49438233014976,-43.70906571571874,165.0579151652396,98.77177964856696,-166.32236458511989,39.2271803033734,117.8373981328183,68.01341272484449,148.7870467540851,9.588384656470884,68.77530303054274,-27.31907541649293,-18.74157850051041,-1.483599230828489,-164.88343827243395,-1049.4897759704302,-349786.50967585394,-11103.864785186022,0.2101673899566026,2.3273767402916507e-05,120.0,54.0,0.0526409173084752,-0.0483567926181429,0.0185988840669559,0.6007860149367599
06b3bf665f5a7f680cb80e5a64f71e0da9a19047a80f494c706d4ea5aa27a134,0.7197647067641375,0.0165297442964769,0.0721195243293395,0.0531122001487539,0.0203957167084695,-3.19296167921568,-7.189814814814815,8.662768031189083,15.210227272727272,-884.6562969631293,0.0384763827562095,12.75832955893076,157.78458618394984,134.60912963939933,-101.83398472126376,41.56996824971729,-37.97421621629753,103.51378494728894,-129.42206370578,82.30767676373512,66.35512140749874,-170.15437165359592,38.47929064477454,-21.98592946465037,5.429636633796941,43.54191936605151,94.3218510199696,-88.24020704038061,-56164.07121146245,-2612129.573823439,-37837.42618206786,0.1915685058896466,1.3788570539671908e-76,362.0,69.0,0.0651999451783696,0.008287480763468,0.0985740855548667,0.4642338984863069
076c1b2effca757264929b87ba491cfa9005a06bb7b81de4b33fd60eb0421788,0.5017810761747498,0.0827572525835834,0.0925706168416198,-0.0097301243744386,8.82414615650283e-08,-6.121687069012018,-0.5100671140939598,0.1184210526315789,-12.39899833055092,109.38070880008507,0.0184932331169129,122.7533151284006,164.03656530873715,-42.91846425184936,-147.64604032050605,-150.48805516689177,144.89202338315604,-155.05334374029803,52.62517607938474,113.84761200953665,-176.31507305652391,-156.34820126029726,-168.16866874970512,-173.59229743230367,-65.35975666132947,-29.69174820981764,174.164723056282,-101.39836866881738,-10687.838284665126,-205259.73798966024,8361.672649524628,0.1946683199008059,0.0206945771077073,73.0,57.0,0.0874738615104544,0.0234807219984405,0.0254184748915065,0.8279634411356308
08f7ff6d9380a3c0442130789c39c3006b6648ba613a3cc9f34de200ae2ee057,0.761902982726494,0.0054459748350104,0.1051094261601711,0.0558246833704667,0.0784131027891382,-2.675287488795113,-11.113636363636363,-3.7756849315068495,4.520426287744227,285.27575860387844,0.0765684020194163,-48.97480971476206,-175.34339156518408,98.94369782960736,104.4657004592682,-175.598361563982,151.0219067869109,149.54005856361894,-17.17098115643514,16.29833882337383,128.06185275674116,-174.29182511885773,-27.19169843416192,1.066172680516778,-88.80643684351823,-34.18466415403682,-55.82845531776778,-136.11170983078378,24798.046476654687,-542578.9283401102,177.91036085797987,0.1580905145691258,1.9704930531373172e-60,494.0,61.0,0.1141983606560785,0.0090772911390801,0.0316181029138251,0.1031419062107532
092a09c2b274437cacc47579598007d841832357369735c3c770b2ba6dca3454,0.4566366490626747,0.0908785859609514,0.0375791369300466,-0.0170832102832202,4.524032126517336e-07,-5.805612409752084,-0.7386363636363636,-0.0522022838499184,3.673770491803279,-2422.453248925829,0.057478245974093,-1.822006740257592,-179.60138811264068,144.4269358963398,119.04866144571488,-178.28986675197564,119.50424995625082,-151.70093579833153,43.51649157281169,143.92288875739538,-163.0480095982065,17.045210397317085,-66.26436066701096,-177.28573333081476,16.288002043600095,-128.54252639232186,19.29868313710781,134.81170996831926,15697.417176005834,-594652.0158553498,-27420.528148662896,0.1717296962182269,0.6544416079559263,94.0,57.0,0.1070186728619873,0.0119201455080907,0.0247985120892746,0.3209141515973196
096d04270888c86c3698b47942b1ccd5fcede77987562931d4177f7e95160639,0.6254668330936557,0.049200831206418,0.3041224487809569,-0.0204663957423989,2.26743886903796e-06,-5.482532116112448,-0.3268292682926829,-0.8255395683453237,0.8843416370106761,727.562688826134,0.0855668854995915,29.66092339262064,-54.541773578103616,-27.353673300274835,-64.44240810766628,127.66530735356984,-64.06007048963166,-30.687759075463124,-161.45230894082596,-164.88756953719692,-112.92568229362614,-58.4459144181597,2.810710511687869,173.3019312500868,-68.50407431970251,-30.946308862805235,30.450495278978607,64.20534326159847,-5675.1517385424,23467.15125217132,-5959.062527018321,0.2362058276503409,0.0226962824617318,217.0,46.0,0.075214162588481,-0.0466500474863292,0.0340979541227526,0.2471124899030569
0ae3bb3e0b0353563576befc8fd4549912995de9f069183fe0b20bce13d7cd57,0.3552428994070175,0.0302599251885001,0.1151987317407072,0.0131389701633731,2.647121314884273e-05,-4.9611956205189935,-32.94871794871795,-15.081836327345307,102.4507299270073,-127.01526704464926,0.0593656179468748,138.98288514480325,-0.919674929582876,75.06476386124892,-125.49192699411154,-122.94106277841507,-99.2487601059492,-162.84155234520148,-131.0516188011256,121.61719077357708,100.4730045426476,-104.491046055956,-95.46078208916184,-118.5577360040454,92.30529751464582,-86.91944152832733,168.15893928372006,-178.9336989514893,53327.36036108687,982702.4596230608,-10043.81606200306,0.1146931184128952,0.2506482486134084,111.0,76.0,0.0059658898038017,0.0137263813843237,0.0570365778053316,0.6736909735351113
0b104201b2555d9eea01adaf120f401db50cdc0df2bc3457fcbce2a7d9948e28,0.3681316374381837,0.1319174617492044,0.0462523726119943,-0.0792071994437824,5.991226813542143e-09,-6.622405349439916,0.4429530201342282,0.2079365079365079,-2.922671353251318,-317.1534665928436,0.0646147412986751,-154.000105930913,128.08910803943806,178.33444785865677,83.96984450284491,77.99944313739589,63.1688402925239,86.51360677673485,-21.44203483567362,147.51851145410149,112.96942289311824,-14.047362985428297,-137.53710587747165,-120.699520600029,98.47986563151512,89.53970176661096,-114.08149060931154,16.702679595508176,-3698.460027315297,-48721.95075815641,4584.5214884471925,0.2027278363298202,0.4944616210862739,80.0,40.0,-0.1035095843813964,-0.0760747967137866,0.0049597024178549,0.7242966875221911
0b457d358285ce6a2337cf4c69d227e8c1e0d6925782c0dc1d876fdef7bf1e06,0.3519689231997243,0.0073360909521197,0.0860740395858539,0.0238026276395069,0.3224858247410904,-1.9204865148933388,-13.025,-13.561290322580644,-1.5877437325905293,-98.61754486038345,0.0753054181106921,108.0864529141504,-155.71417069039117,-69.77346015390944,120.40182296568412,148.80146352656172,-113.03125262920088,89.04896017487408,-70.60168136874461,157.78239192381344,-161.3487434471814,106.25075993296907,-170.98666070516816,-13.458955746580711,-153.59011729367393,-28.517105487747244,143.24584837375636,1.9163935777490944,-8722.1360106337,-87370.56125630611,-803.1990207458098,0.282083075015499,3.8182738020327463e-34,17.0,86.0,0.15769769563688,0.037162746813125,0.041537507749535,0.2143472808415022
0b659d324c401313e25e29ab2d218d2968a1da941b27e0738faa099d9c9ea2a4,0.0044022425209272,0.0229379340025698,0.0838075966500996,-0.1397131186199935,6.439326260447281e-12,-7.827066167304676,-51.69827586206897,2.647058823529412,-341.46649484536084,-5.265632599767284,0.0905353189552176,-86.4239843288447,-171.12267733726603,-113.44901413871484,-0.3835856836648067,90.2511109055291,170.98627262533512,-87.0363965238898,129.75350367856026,149.67012110397326,47.18445080607254,73.38144312384863,143.80878545112287,-106.63886332888544,95.8874947232452,-2.3365971934826484,155.01985048064356,134.21935512626948,25871.44353407027,-29377.43272701117,10354.466629227354,0.1655300681959082,0.6853773131085787,17.0,75.0,-0.1005227559172148,-0.1817942979117095,0.0198388096714197,0.4730662251304102
0c0c478de9a3c2ff59c9ca2cbe986e4965824ecfaee1d73b975b8d857ec0674a,0.3231206091884446,0.0343418270613362,0.1919878530206744,-0.0048424937040745,1.2989669283164215e-06,-5.595640580989198,11.562231759656653,2.099403578528827,1.7179487179487178,-642.5080466781299,0.0396667145252606,-170.92732896040872,169.6559343815432,-19.16196175246308,51.15473333393289,51.82380791429907,-147.27145214187283,-3.704846541168584,-153.31388254897124,75.90367599808975,90.05225077387209,130.33396251462892,-137.8080491028352,161.37896773004485,-38.687805144064335,-100.91934977565772,-142.60474258877426,10.459731984203616,8368.624165067038,-145632.49541629053,-5378.340369433918,0.1122132672039677,0.5970474903182255,48.0,62.0,0.1241926538182052,0.0608567819911468,0.0142591444513329,0.5188998171620915
0ce67779eaa33056a996ccdeabeb3c04e48d41388d5fa734c30f505d7583b559,0.4976550537807943,0.1111422010032853,0.033254108942124,0.1378416686340036,2.273563580296201e-09,-6.798098921446621,43.483870967741936,5.607744107744108,-14.136217948717947,19708.42568330533,0.0702014336122396,171.19367802309844,157.52228877418136,78.58305706292902,-134.54614850918443,-19.354839838784443,-155.16289200615324,-70.91877167879218,37.09774184539575,158.54041785544464,95.1723283018334,-51.34152396358607,-154.5162244535265,125.6174698007074,-115.6759047277542,134.46079902801654,-170.11229244357315,-157.52698629205474,-475570.3362989968,-5796432.435501989,-171964.0937107518,0.1965282083075015,0.7537471779772482,112.0,42.0,-0.0470626592878462,-0.0448225454597702,0.0278983261004339,0.3336199820397523
0ddb434d18f5ca44cbdb353ba0ae6d9d34a2485a53f5b4efafee103d52cf842c,0.5444887813322163,0.0293831000282781,0.0756899542457707,-0.0171219872345996,0.0009987917274988,-4.091906779021521,-2.511538461538461,-10.26678445229682,3.279491833030853,-211.23937907867256,0.0393601680325438,-164.65970624110395,150.5385935579285,-72.79464680031691,71.00507466469631,-128.99802619805334,-96.15215456547024,-143.14111619151407,27.400088214753303,65.02958800549791,-72.31710730753451,-95.80314543036732,-39.161471034037774,169.873848147278,59.82039575729838,139.6930954680573,-142.87367756795877,113.3599454386931,-5893.311344057371,-409745.97641032666,-13071.866935077443,0.2492250464972101,1.1403559847312555e-11,205.0,66.0,0.1497132433660477,-0.0314525611691245,0.0260384376937383,0.329065326489035
101e17ae7801e4acefab9ca1d685221eeda35fd6edd3ee644028cfac0534d31e,0.6332081668880388,0.0545962563208702,-0.026136607402336,0.0657325543869398,0.0002215341854722,-4.4712652309758285,-4.0,-7.1116838487972505,1.3478260869565215,-66.80042604076748,0.0269077963201307,-151.83091358790676,168.04165744877233,-25.39548942834638,-85.48313943169394,41.60368067402044,-106.89388905306552,26.105682811116868,-170.30532577127792,35.23966009178266,-62.64988559992854,-153.5872060485692,-98.28853179390713,-72.61843357411881,-74.0147924245916,146.4556581231919,-73.21104594682879,167.42578122291133,-26040.21416223129,-1194225.3414354243,18811.764747256333,0.1636701797892126,5.097930668187464e-64,298.0,47.0,-0.0441378430456821,-0.0785852644356681,0.0576565406075635,0.5688178251528193
12c1683495eee1b714c9b0a145630b2e10ef92ec97be67cb46bf6ba23b83cd78,0.5152719646762668,0.0982403454436517,-0.1324124804900542,-0.1036830527601079,9.7279846658899e-08,-6.103111518093214,-14.798561151079136,-8.043478260869565,-1.0292207792207793,3100.3860414587257,0.1386046156291178,-160.37616106802494,-77.82383244465888,133.49964574252456,6.197159177354344,125.67005709094435,65.8769520777719,-31.387703482072173,-88.07723854526917,-35.16448033617203,54.0984959124869,98.2714118054434,88.90429991807316,141.32956229767254,16.833972925035738,58.21204410207144,-160.58627776111427,171.55072780696227,11347.213681385552,134963.68951015125,26510.86625570181,0.2089274643521388,0.0050541022601462,113.0,34.0,0.0977247520353724,0.0003826471464076,0.0099194048357098,0.3950376394702862
12cc7df2e6aca1aa0270dab5fe9f47843c2d4c005e4f582459dfeca022fb05ac,0.7333259593295722,0.0029904130160576,0.0322029742565449,0.0633168233284992,0.1585952178680717,-2.3426037055174214,-0.0482758620689655,2.6451612903225805,-10.326810176125244,13.415443240470491,0.0688263141881566,116.89223422646675,83.53354309470461,-175.75455783057313,-36.477168519324586,123.36964122554618,-92.1486589202455,-126.11308771273268,25.509666219372967,-8.542790937395484,-28.219727877077272,61.02236269995527,115.1979264523178,64.53369531485093,59.392015865460365,-10.155009804114009,-108.40395302947655,136.4866671489134,25115.39457980044,88265.44386979364,5479.635310963646,0.171109733415995,1.6120886522461167e-126,411.0,57.0,0.1303445638809234,0.0380441181054036,0.0316181029138251,0.7339710440150075
1300914ae3947528640096f863cfa01e924adb659f39282826742dc8ba0f81f4,0.5153800569522285,0.052163707690983,0.1638451024499619,-0.0551756315494418,0.994700081659795,1.04305494430004,-0.7061068702290076,-0.4781849912739965,10.78483245149912,-305.85152979656675,0.0625579969144357,48.71196220380986,3.799355581254612,42.98873892245792,74.6870146420197,50.8313197537346,91.89861623402815,106.42391201905784,89.82014729807881,89.01797528396095,93.13742777281044,113.808515133227,36.742983062345694,109.86208748556244,121.60732622159578,116.9971854784594,47.30342719810563,125.03708810233188,32684.247999841427,265763.92932130006,-10817.257017560783,0.0750154990700558,2.6632257344439506e-42,154.0,37.0,-0.1087349531409771,-0.0567302707544643,0.0266584004959702,0.9415273272573096
14c9c5e9966a677d7787923e4a3c8e208ca58d29aeea4cd85d587fd3aecba620,0.4422193104378001,0.1107829552929766,0.0826811840957349,-0.0189997202332832,1.8451035791392536e-08,-6.415554550164451,10.376344086021506,1.8192371475953568,-0.2237061769616026,-8.772774434417887,0.108978148800732,-30.596738831209223,-22.168912388736874,66.42292865678161,-177.96364575156977,167.04267941333077,62.10730640141694,107.09020752182155,-146.17397547789122,-152.45856632067327,158.72559771876186,20.209878368263908,67.95568979504681,-173.34849619491555,-84.79666501836309,-75.93723443825857,-16.169425103248695,103.45091898964566,-13157.016943100069,131005.9584675239,667.6583679382425,0.1928084314941103,0.0315508645070937,97.0,55.0,0.0663360321252954,-0.0445740030886521,0.0359578425294482,0.3197416961710657
14e788b536994a9402114f567a872f866c9b359446f28a63a18f4b3aaf801d12,0.4843891716835223,0.0338738576865977,0.0261067392740403,-0.0094141169700519,5.337457642756581e-05,-4.8042599246568125,-0.7956204379562044,-1.5356550580431176,2.25,116.85299158986972,0.0025792633630785,144.56177742524477,135.73380134294442,22.34949887394868,-109.6233548511542,98.72066227719762,-6.284303733745633,66.26216648575671,96.84364466695553,100.74976466274803,153.58927145277534,-70.08726445321237,82.88733949920662,-99.3762431918813,158.04893665655823,-139.65501405944568,-179.46817293094776,-80.2420474638752,-47615.056848177526,-494858.1661550341,47559.24996913395,0.1314321140731556,2.4509436763928555e-19,142.0,52.0,0.1236435639766718,0.0116220358990943,0.0483570985740855,1.2913457590101378
14f72e22ca86f3e9ec2a842a0dfa3a9d1b931a9e6bf5af3bd26a0dcda3f93073,0.4884648174463592,0.1379907705753177,0.1865270943873938,0.0185945981349829,1.5145056912311212e-09,-6.871149679782016,0.2829581993569132,0.2674050632911392,0.1921824104234527,-482.66085339054,0.0689120267006169,-49.25496975683407,-143.19634576812496,101.79107416765764,-83.75522968597537,-90.55533959358122,-154.40368308443269,22.551837219764952,-165.2770462948787,-177.51414383613618,-179.6167558202694,23.01298652868086,-22.67358942798101,-54.47584387835027,-136.24881298740146,82.10345156049344,-56.64826260617507,-44.3898597084121,584.253701489785,-93218.61942320576,1644.124146596088,0.1791692498450093,0.8243450651350485,76.0,30.0,-0.3897768984903883,-0.094058955029999,0.0006199628022318,0.6256197644679449
1574c6fb6f73c91b31ea7a1aec4c85fa9c937c84c6b3fd517b42ace2442005fb,0.364803243805596,0.0112478143815747,-0.0632590385979379,-0.0196248471883353,0.0766972257471879,-2.684847444425416,2.608695652173913,1.263671875,-39.36344537815126,-190.5391298236337,0.0064714891055348,111.41064532057882,124.26896333700212,-121.58438206426038,113.37429445659424,112.07547421634104,152.82142749616577,-78.69421671543918,72.10549693594997,162.9596210072478,-166.05196414574493,70.16873768175675,70.26394636221909,34.45816451088213,-82.300779240931,-79.11895361074656,47.767205075466975,125.92560858887512,-27024.06075165363,-155538.01026329148,19629.10294163968,0.1996280223186609,2.1647817595391186e-18,126.0,76.0,0.2130842085570549,-0.0610878901901447,0.0303781773093614,0.8723550820032226
162316c29e309f265676784f693e99bc34b101b279fb14bbd1211d98ce8332ab,0.0275183385702736,0.0165938565376262,-0.1362024001728567,0.0107394880205161,3.318029651462828e-17,-9.90307651496131,-1.3027522935779816,1.5929549902152642,-266.6267190569745,657.9615403522716,0.0271125126890062,-77.75084474532684,72.58752266079327,138.3262864296208,14.625175263165556,83.53590460545546,89.01697044167075,126.3495417945949,-138.30781238799452,-68.47086076632448,66.70909678700664,-123.69362689190028,90.04310100603597,123.66297296148636,-160.21181778669308,-160.50091504735937,36.06217292455459,-123.44831780107472,435131.1552135276,558597.0678649121,-64701.53915418498,0.0638561686298822,3.465776176382746e-05,137.0,65.0,-0.3115274235983576,0.0411722454514725,0.032238065716057,3.555217547440544
16a424c485ab1c8f57d17b2e5b2a63ef8e9f3b3b58feb2b193fd39d085c0c7b8,0.6082462107954186,0.0102489943420379,0.227992509661433,0.1921940230900149,0.0287796808974912,-3.070942135292752,-8.669230769230769,2.895038167938931,0.1522157996146435,-612.5942417430966,0.0387419547222626,-131.39367427691772,-152.17196588221475,131.39285844083918,14.263133299836596,-19.852397550044834,-56.19515519658555,14.225858795278729,94.4737849086544,-79.76442137955375,-81.42859556307414,119.8177447905822,-163.21300632330554,-105.3838208565421,-159.07067233692462,68.06248712439351,-99.429003695105,83.87588716662104,2994.491256747563,-169506.59843506437,-18152.64875282237,0.2566646001239925,3.4514654837886e-19,296.0,63.0,-0.1823531116717278,0.0093073193352726,0.0117792932424054,0.2555941095248297
1992918c23cc92244ef4a1efabbf23ab28abe05bf37658eec9af9232d78e0939,0.2186199056834377,0.0137920010496579,0.1908408575128213,0.0543690239063793,5.782372012162134e-06,-5.288563637770337,-252.5326086956522,-493.1935483870968,-53.79365079365079,1103.7759855157144,0.104993548424893,74.52376278205458,90.44701928050316,176.5808482841354,-92.41207281764036,-65.81214477732127,173.84921216538808,66.87017617103483,-113.53381136637968,3.298188383129209,-54.719102666829365,34.49664418496638,48.89650058753447,-66.3879073896416,66.5809267284626,-154.271149270792,36.78002020433729,14.405078510451974,-49788.222999539736,-13233.165364249826,233825.4443405912,0.2250464972101674,7.214117813947665e-12,18.0,70.0,0.0207812860688553,0.0269088698445601,0.0514569125852448,0.1715193099826984
1be9ec5d983809dab634df4f7a32cadbd5c48bab1c2c9026474286924b6eac7c,0.2999888986956044,0.0590218520352608,-0.0915921900644787,0.0878547969112527,9.285164261919617e-09,-6.5422292227867,-29.524271844660195,-13.685546875,-41.79457364341085,-22868.24514861484,0.0039992345855727,110.51870498549891,80.68050686587132,147.7160407641551,-109.1632601308253,-116.8248831325217,43.30356168899981,158.4538508578208,-18.27275965358323,31.0357581729614,-60.12666401156796,-87.33037387735602,-124.60063335847984,-124.14278296584916,106.96331686347968,109.05118333796617,-66.25088861398513,-178.8497327026745,-144609.32378223582,106259.99211593888,-6049.092360958297,0.1357718536887786,0.0004236038926775,143.0,60.0,0.1472034953435223,0.0620501174949328,0.0446373217606943,1.5255991771794255
1d79613f87ed0d23c3e6f028df721b9d3bf4d322bfb3cf8bdc831fad4231f726,0.4416340925766272,0.147556647856627,-0.0096611239946138,0.1198790061754236,9.466328346094044e-11,-7.361643304702446,-1.504885993485342,0.7231012658227848,-0.0941558441558441,-250.12654077454303,0.1067806719813258,171.63520959263832,170.87128397803488,-135.20624890854572,43.23422954109185,-0.9655073383536538,38.31487881888663,-17.44931519169196,125.87725397298908,49.602128607266735,145.31733915785662,-94.9441655300175,-58.62330152502168,78.75597807725424,52.421968185892375,-84.55417920463624,-177.34696550204666,145.00726835925906,-9824.989970899387,-57826.20734357848,17531.33783510662,0.1556106633601983,0.0155958344142839,75.0,20.0,-0.1039426602262876,-0.0806255962465778,0.0235585864848109,0.4819698109158514
1e2bbb46bb4dada3d75792659a8b8b5807d16e89ffeb64bef7911e54e3f5a45c,0.5287477391041444,0.1032082438128904,0.1925994576876242,-0.0196334275160048,2.300373594991193e-06,-5.479582290567884,-0.7983870967741935,-1.974003466204506,-12.394611727416798,8.051451734233062,0.0001963986102404,142.01290555181455,141.1293838508608,-110.16025975797952,95.68422017792392,-138.6671036907373,153.79858812824105,179.3262397493734,-5.023119759027369,98.2453086863498,-4.53752092291031,-173.77179801017755,135.653131884647,-24.940424230334543,-74.67985207172094,64.21254131993774,-174.2311647373654,137.00889890676103,59159.6608525304,-2202957.535273236,1544.4481623457286,0.1425914445133292,0.4259607182707017,377.0,47.0,-0.0410777265469214,-0.1163746403623397,0.0378177309361438,1.2864036447599363
1e96dba25531d7884b3c21f04badfdd784f86b943fe92058211f18ed087bf15b,0.537762422867877,0.0945057707124789,0.2952764416820692,0.119122258947711,1.9662402299475907e-08,-6.403759041386724,26.3768115942029,-10.44181459566075,-9.355155482815055,992.632718324262,0.0083672540479647,128.48656249328295,141.39265235206423,-135.46332828142403,51.10691710389014,-177.18111044877998,92.7101693891686,-171.43376223381995,3.4433170899126573,-4.030617033258993,-7.892821061682978,177.09951559568216,-169.73329542570224,-46.96052238519211,151.4051577487521,47.81755628588071,-177.70276673599204,159.21192037125942,-21583.94884980976,-1174255.333821195,-4649.3720645624,0.1816491010539367,0.7423387056103574,142.0,41.0,-0.1497815193059725,-0.1089705462484338,0.0123992560446373,0.9585587413069562
1efbfbbe9fc83517f39da4b1219a6429f92282b095214efcbf89ddbfc781ab61,0.5800974678908906,0.0597485349759706,0.0427013572147632,-0.0247600974942895,0.0001950375674226,-4.501966158781884,-0.0983050847457627,-2.2013422818791946,13.469421487603306,-1164.873124550874,0.0012321841687367,144.63342373075298,149.36464966213828,164.7351226222946,67.57584617065768,128.00736640579777,-60.90260606894172,-110.0297080833895,18.95392311858356,51.078785081020655,-15.95229007722073,-155.91656533267863,-149.71364554552886,-100.57158819172147,112.67953735018494,-35.375319024378044,-165.68278677730376,124.3787382999886,-71953.49064096634,-1446155.741706348,7227.166209534742,0.1965282083075015,0.4889900536153626,271.0,49.0,0.0613310228064577,-0.0404673668127386,0.0092994420334779,0.7987987074832187
1f99061074ba1ca04b763dd578b73696e2639df5a9c0a8af8af39e9ff7f72969,0.631177068768242,0.0463881894784114,0.2104247785377532,-0.0974480704120227,4.519459898379021e-06,-5.340124351908474,-2.4517241379310346,-7.855946398659967,-21.5327868852459,659.9972837599336,0.0572288247261258,107.4576457087691,101.36524136852675,-64.04178812320417,133.6738602465958,-58.63512106662971,-99.42520256092747,101.17614395364248,-125.88197001691948,-31.9751245567742,-82.85405434745925,147.7453110962556,107.20033463985682,-30.08929935886238,20.78620272084311,148.68100866407534,54.29639762041423,-60.84835663806504,-4408.651860091105,-209470.67487464327,-339.62765412514545,0.1543707377557346,1.9430526960821862e-49,137.0,45.0,0.0823421937903152,-0.1093904937887925,0.0099194048357098,0.6885079320501168
1fa06535203693698b96c9d65f3529e724f80a80af2e779880fe15cf9739fad7,0.933533132027798,0.0009107582358113,0.065594334232044,0.0884395933792637,0.6861942432216022,-1.1704078602714725,14.771812080536913,11.094637223974765,7.757723577235772,426.8458902109124,0.0229996036717368,45.29186510781247,164.16084383118834,66.88075137955035,60.95975372081854,31.82951413675451,99.93812160827626,82.83632474401959,136.75198867851603,93.76463747376596,94.8219607714531,104.5484672990568,62.272574791738,92.99005157394444,-52.76667422458653,25.201456709716773,129.41821790126625,109.36678364471288,-12931.268732606635,-2743277.6667225445,-370.2610741594858,0.1785492870427774,8.072682395306999e-269,480.0,55.0,0.0674889545585645,-0.027513734470368,0.0006199628022318,0.6128522970670033
1ff834f847c59a8e7b85b171d5e4f32f8ba92c474ded47c7963dbc87633d2696,-0.0122240047307792,0.4771424590676337,0.200810802085742,0.1891153186711207,1.7656116612592793e-12,-8.048718977640744,-1055.0,-15481.333333333334,4.63963963963964,2108.8330471650224,0.0979827718950827,91.07329764322432,-10.153739232604009,157.75716153299066,-65.74050749100282,33.699804219403624,47.55014142858567,8.984683879161897,-155.1916369093411,-45.20051644344325,-51.76765292463941,20.38264907437784,82.28967043017941,35.74210175346828,138.00586263745555,-25.58255232110251,80.38844279143305,70.36981526527356,35861.251705318755,44954.644102325685,-36706.38160609415,0.1370117792932424,0.9508217678103488,4.0,78.0,-0.2472634776414513,-0.1211272924839958,0.0,0.6275983193409578
207ae79917686557ee67bd32848b1907a6008b0b3127dc6d25decfea11234122,0.2733655948617104,0.0173115111520262,0.1050725204528288,-0.0060685659199948,1.6074699004937508e-10,-7.268921910868916,-20.142857142857142,-30.39667896678967,-4.370503597122302,387.5306073898135,0.0976924926563222,44.28662765540548,40.3860113513249,-39.25367108948818,-76.20609766349999,-121.70304835374972,89.04369159002384,-130.37656308332288,-132.3734424931778,-22.18778415125124,103.4145007234387,-39.08100353443872,38.45892258861621,115.8444636214614,-45.88350630627853,58.51030910748754,7.498897774478627,136.2213542138109,-19266.769496681045,223814.6141174085,-44074.77006822801,0.2045877247365158,1.7880036047114118e-06,79.0,56.0,0.1827024950101455,0.0653240779826915,0.0390576565406075,0.1316292779626991
21865009813b345d2307c8b83e97a65e2be00b5f03bdb89267c3eb49137fa657,0.5099082625200317,0.1042183909062331,0.239153054391076,0.1288988839995118,1.7144898955180683e-10,-7.257607814400771,-2.841726618705036,-1.8215488215488216,-2.1040564373897706,-423.2906350720033,0.0546019557280726,-18.98995361163395,102.70616733445458,108.23144240580756,-54.10621833958467,40.28230814231303,-128.08532046739884,-134.88433987775545,67.11878023386751,32.57234751392781,80.02526717848161,167.3931404227164,-67.82540586742789,-135.47083295159348,-146.10818631959967,120.77423452635288,12.137293173553886,69.02691311791556,-833.5427445554775,-12458.788806181548,2200.351814200103,0.2287662740235586,0.7667660682541388,84.0,44.0,-0.099592214783219,-0.1317525852303452,0.0068195908245505,0.3098591553311364
21d5bee5fccb8038fb0979891f38c1de025fd9516386a1b67e155d9656975a58,0.6001113289877379,0.0264646543854955,0.3760507674698638,-0.0134593696814587,0.003069857332577,-3.784507830149072,18.43243243243243,3.0789980732177264,-14.928015564202337,4511.05592529589,0.2185346890930323,80.57750966661611,-38.31614228080619,-94.08223106377228,-33.25512301683389,-121.49453037682864,-47.3196854980797,-122.59545424079282,-58.28808794372869,-98.49934208246552,-122.34295374246102,-29.381465966333472,-81.8284775173455,-88.84230481583513,-21.183139430036213,-178.8703664573411,119.43280896974797,-95.78926965588558,-68214.67341956895,660924.1945583388,34387.89128770335,0.2672039677619343,3.4701424600728244e-06,92.0,42.0,-0.0623926921507099,0.0181050108855741,0.0123992560446373,0.5079234492735636
21ff6e8e8a5b0826595cb56d4fd871817c2c741e61e3490fb7fb5e58a010e024,0.6561372372914109,0.0433650128531371,-0.0116236495967314,0.0843791829097362,0.0002891435300172,-4.406436165090226,0.1384083044982699,1.0357723577235771,0.4596375617792422,111.31058974670393,0.0347433526211397,150.026536388817,147.43319506785377,8.389307055531887,166.46508998119117,-16.923974636649824,-177.3840903211083,86.08414280119814,-142.36998459922788,-49.876050401484505,73.03999821289857,149.54222165630227,-175.21132717073408,18.39436649419599,45.01668761427828,-144.8341558390294,154.5410936775795,-81.86028349026132,16972.051523515434,-213965.43114508112,9980.973145383105,0.2163670179789212,0.5339951323133493,353.0,37.0,0.0171379504526744,0.0031687230811274,0.0105393676379417,0.3217979466766529
22072b261570f0452b5c8ae0cbe6e52c38ec68f19f1276535d87d02d7e085275,0.9689535296014484,0.0002755210397508,0.1339229176095195,0.1125062269205347,1.0,4.057094501679946,1.3711340206185567,1.8747993579454247,19.08006279434851,11.406883608452675,0.0082623218626444,90.67530088614517,91.58747234586326,93.01128388627644,79.5324928540059,87.09856680560144,99.2995784761986,92.15344229335162,88.74022010929136,102.12481808861313,104.36079449166851,107.12455988902168,79.97088063553676,83.29626296931897,100.33188463440683,93.266116219364,89.62188611671293,100.31884242455573,47164.38924719616,-60665.1767600843,-15137.544200316215,0.1066336019838809,0.0,1090.0,54.0,0.020023273395897,0.0036879003869233,0.0433973961562306,1.137423449370402
220f888bc0ebd03b27e0ec5d50a7352fb0828b6e23b5d1756c824d54f8bde48c,0.4598596538929714,0.1009332628281742,0.1119194191852451,-0.0864885720624939,1.5222281588865715e-08,-6.451168141368171,-3.43205574912892,3.949565217391304,14.642248722316866,2238.139559495644,0.0675673421431249,158.16587083593234,141.56195979709094,45.13640173194175,34.52386757572727,-123.7323578906602,131.04352335967198,-166.71248226999265,-12.078494644230108,-7.834948019414168,27.709313085626608,4.570883833349352,-49.30319725496173,-20.3714332997772,0.1948731948562392,70.89006819309242,-176.82413848676896,69.6685511539761,40236.90085917434,-738379.176080768,-6726.396655022709,0.2324860508369498,0.0028838381985755,92.0,49.0,-0.1816011107891471,-0.0315062153743919,0.0123992560446373,0.2309422482655944
27763eabf1b5cab44553608e2ca069fb13e7faddcd26687d7f42498b87462a60,0.3745640224500357,0.0492766980888421,0.2407526995560426,-0.0569615946399156,9.57055683316839e-06,-5.18192802966165,-0.5459183673469388,1.6067415730337078,-8.348914858096828,-109.354135466056,0.0040131952233261,143.12305832229106,-176.3226754511988,-122.98863775217724,-110.1138225624754,-91.44933185478116,128.3650318058402,-146.85801309995716,71.83862777751239,97.34583765545597,32.02555873753217,-121.48689021091138,-110.61779333523458,156.8263295521171,-159.04231698197074,-143.79986816826838,-151.6035582018682,159.27558111663157,-7150.313381194495,-109111.51683594484,-11854.813873387717,0.1010539367637941,0.0024449865534368,136.0,52.0,0.1009672814238322,-0.049669469042228,0.0371977681339119,1.1753297576123507
27a0b3632f96c9643ab77a9ebc11cd72ba689d904df1ce9520922061e45798bb,0.4888002394108717,0.0279606457693341,0.0424338363801042,-0.0665370979261148,0.0003874587004305,-4.33415238549297,-2.987755102040816,2.9626998223801064,-15.666037735849056,283.82375519933265,0.0810637610960763,130.98013893174843,52.18009719806681,-154.99753315703092,61.21823340746286,-56.08795723717446,-111.61736018294076,-89.94818645117223,74.29598258456328,-175.10741345406618,-163.48915761537046,-126.74446212133022,12.97800036313539,-169.51562132495323,-45.22911271417969,-82.45183752000938,-135.68451583601075,-118.72065454263463,-6732.217868124091,201017.1150357256,13801.284646420412,0.2058276503409795,0.3815613800227434,82.0,62.0,0.0836917049245309,0.0437331810430811,0.0427774333539987,0.7338996143396851
27c000dd3eab4db1f0ea62eea0f8d062dddfd3c2adafee702320432d613afb95,0.3069407116408366,0.1140136055446113,0.0428690689163914,-0.093736757154318,2.180791685985389e-09,-6.805605965217244,-0.4,0.8621236133122029,25.454545454545453,-5277.674993997003,0.0313897295301756,-127.37084788038246,133.2458100232247,112.3392909238753,115.8279208399357,-143.0246675503899,104.28599575612157,168.4065218955973,9.838034100343943,62.52285038420781,46.8400203013448,17.463491284651564,-155.9245518187859,-49.57803050430044,-73.95593640981825,-17.333653380742707,-140.83719303924292,158.29677499795588,224476.93208214984,-686882.8911075334,7158.386007277753,0.1909485430874147,0.6528373996738228,98.0,26.0,-0.0983705002525329,-0.0448968779751747,0.041537507749535,0.8803032126544259
295ed129ebf7fab6ade6ae2c4bf15a91d84d607553e21950bf5b7b4a47411a48,0.3782544779988869,0.0527594896847096,0.0654598394307544,0.0133894179899671,3.86015693290468e-05,-4.87730064281145,79.49561403508773,20.433268858800773,-43.20345489443378,588.3910471098983,0.1036897015540111,148.78313656509027,-166.63240019928466,-137.08981302974547,-108.93084307490489,23.503426818373715,44.47338147668315,-164.69284973134722,150.55363475329094,23.35859149628625,-92.36014808233668,105.44582652461013,140.33930232196556,-52.329733599329245,39.91788558883327,112.46166546158302,-168.94157045796416,62.13486339023463,-119785.51169497072,-180366.84027860704,126934.2259446511,0.1587104773713577,2.556586388267677e-16,81.0,63.0,0.1002710982584635,0.0016454208744203,0.041537507749535,0.1869461545676501
299875d577dd3e0adba6d0f060f9b246c30a0415c5d8d8232ab03c3d7ba7d6d7,0.4883646046850442,0.0711683527610854,0.0451200544083708,0.0670849985770056,0.0001379372233371,-4.584502714952272,11.311111111111112,7.301109350237718,-4.2559241706161135,-124.92256447905925,0.0955170939417304,-164.88128033174527,134.2930239958425,125.42127766028383,67.7474528317538,83.65179884036841,81.40706669096828,67.84813531256212,-79.47780559431392,-160.9309317842091,-139.9470485274829,-81.00119428124657,116.899314220663,-138.19630954054537,-91.69949828280376,-127.93827942342016,168.34834025426906,-172.15590658270193,56954.5542938466,-453999.2970617073,46795.199348412505,0.0855548667079975,5.1061548247810125e-14,94.0,38.0,0.1679406347610667,-0.0103278643089063,0.0241785492870427,0.2662221479547245
2a0a3ada7306b39b8f08edf97035e5566d0a1b5cc7b56ebfeba200772533e63a,0.3588161863787534,0.0425044532246518,-0.0512954692509363,0.0322615271668806,3.0242766498247444e-08,-6.323584442635016,-7.246268656716418,-3.470695970695971,-5.617753623188406,57.51999467094158,0.0960290334759086,84.89867104341663,137.0525131793912,70.10208474784952,-167.40937056261737,-33.81519593591424,-137.59662690931088,-57.10739739020711,-36.55621292406884,-165.4348807420415,-11.807697321130824,-131.0660503961576,131.50715572312646,-90.9432430314812,-98.02786866182365,-70.74086870727001,72.00346739702833,-97.88979356829016,18937.42837280779,-112116.65044950678,-17032.141840766402,0.2560446373217607,7.267285696153612e-11,89.0,58.0,0.0361405518743916,0.062862377983443,0.041537507749535,0.1291010675961955
2aec780b74edb50d77742f296089f7066ab78085a9414a96c53ca61513deda48,0.4709600684567497,0.152015112166232,0.1416515666028504,-0.0403818546353081,5.989265022897578e-15,-9.014840590463391,-2.067741935483871,-3.575039494470774,-3.3500810372771475,309.6813536878668,0.0871371345091255,-169.8611678532873,-109.99565195019164,133.13686412597283,19.758505036438187,-16.68778071147676,-8.412703077241066,-17.69595796334516,-2.080995530599815,18.652476710643747,52.78369526168722,-173.08548044609975,-116.2432606442104,-81.75745779486547,-167.02406596616606,7.806492104160633,-148.1235788268899,-91.11879734742746,-1499.87228293697,-161290.99257983576,-15063.052352034829,0.1797892126472411,0.0610910786153492,64.0,22.0,-0.2677563047016218,-0.1535801050547927,0.0,0.5997064735008201
2c5d363481a100391a50d5397fece786de8d4b86fc02c8880a78bcfa7b297139,0.4042475700035368,0.0995663218470303,0.1085175436234373,0.0547690437132319,2.665060636320972e-06,-5.449415293468204,-4.564912280701755,-1.0384615384615383,-8.942434210526315,-1076.0900380375997,0.1190014602815765,-109.6838503871786,-35.585424775262744,-46.6522159404155,52.80470332232919,88.60735376780566,110.63460819368964,-149.23148292788736,-30.67814738196033,0.6774121466870935,79.94418111887222,-131.2864853545782,91.71676342453678,170.2724086479825,-55.88833397036266,-126.82954311475636,-136.3710057384543,-44.72395552591248,15281.767422545803,87589.0687925612,28346.891123175825,0.2114073155610663,0.0133596942972666,77.0,46.0,-0.0529257437719749,-0.037604578075653,0.013639181649101,0.4669529055421415
2cb14b99533f24a78aa3bbf7bbdc07c96f8ff8ddb5a41890df9309a636ca4543,0.6024027319301233,0.0064810890976272,0.0795021185595349,-0.0011713512072233,0.0442998826848054,-2.909100842008377,-17.914285714285715,-13.11056511056511,14.16989247311828,1027.7348023428171,0.0562916593296783,90.31871611618024,95.99286036146576,-66.31926455043381,-19.75360739770029,55.718469048767496,23.3628813095606,96.25455492647382,-123.65231314613683,173.5854837408891,138.3072924101808,-141.77812806521823,49.10536119005789,-63.8645571501006,-49.423034849248594,-8.840155777628949,-29.664093265673984,168.95623011208505,-6435.397873809593,-42369.95386808989,8317.704474091002,0.2672039677619343,4.731474035264316e-128,64.0,59.0,0.2106119157501164,-0.0399087288035209,0.0421574705517668,0.5089405080094227
2d62508ff7d0bf74df4f629fa487b14c932185b57628c70aef7003f521083d71,0.2734823710576022,0.1440041321946872,0.0121011085105308,-0.0207912212781386,3.937334632290463e-08,-6.274180789008037,-2.37953795379538,0.0359477124183006,0.9935483870967742,177.909301049815,0.2086023476164643,127.7843489459426,14.414423392603815,-159.927039439877,-15.721198076907967,21.343313882761453,-72.69303744542677,-63.91153428815486,68.11282453841542,87.97923469017286,76.71641388095794,-127.67224036507274,170.07072273810965,149.92627075806726,-151.12292286344055,48.4390056549487,-177.84519406982247,109.03429941726996,-10238.359753143592,224462.55933471656,-27848.455906597905,0.1227526348419094,0.7098531779485037,114.0,34.0,-0.2109109654764275,0.0050301043561956,0.055176689398636,1.159828864086062
2eee351adf2d6799c0cbdda01d8155cd1c2031c9f72736a0ca60a68f0432169b,0.6511797873056367,0.0478526280709227,0.1086546532461097,-0.0053272717050539,5.749906718168817e-05,-4.787348728085734,0.5916955017301038,0.9575163398692812,2.051324503311258,130.09377407973906,0.0279340984435316,151.24161281913598,148.18209764770742,22.458843185934843,162.43038225776138,-48.15157035671568,171.66785467747437,62.71560324081095,-132.90077309423793,55.0751564163442,75.2503400924847,159.2577373825341,168.09155150177634,-11.896388963909054,127.28722330516815,-155.35411896098609,162.2995236820048,-108.21993371776097,23237.15139334204,-279875.8498777686,1016.0553472224224,0.2076875387476751,0.1158489233095322,354.0,33.0,0.044933534714656,-0.0379943356442404,0.0161190328580285,0.3780756553384503
2f909549ce4a98a3d522be348f8a3105f09de426b09e579d1fc392341fbb0096,0.0916963032974609,0.0112254182135531,0.0617253460270453,-0.0412477684433439,7.236548182116254e-12,-7.80700775299516,1.2512820512820513,6.187866927592955,-19.89051094890511,-363.0155054163544,0.1192805736640642,9.580705315019742,-132.86728350342747,3.800839769176904,-82.3287663437862,-161.57683479312328,-154.17258437970233,16.388455579096693,87.45383036173477,-83.04146957475407,-139.41869834091648,94.69163096729083,-115.6363743334436,6.809426586566948,-132.30350051519477,53.597050346318326,-168.97289051358646,-170.33395525662525,-12157.496365788236,-6878.358263012169,27526.173997522168,0.2585244885306881,0.4861199557732002,57.0,69.0,0.057717896097354,-0.0158656667959112,0.0347179169249845,0.6918126128533144
30063190a305b790b4b53a0fdc29cac4ddb092216510c3b27dba97a952b5d86e,0.5676250197092172,0.0127577223026621,0.1586995363506673,0.0527302289852574,0.0008785914479981,-4.1255260551004245,-2.4457831325301207,-4.245136186770428,-8.5451197053407,-1036.537669219286,0.1716130334107208,-95.1089343330702,-75.39544585385879,29.180491111361395,-158.1172394393284,-142.07468658079628,-176.31643401610702,159.51680201661648,39.41333486629271,102.97496488148984,-143.45175501584472,138.03276077609826,-53.9356768231555,119.63756227923496,4.21198316840986,74.91229534480144,8.809814552330177,102.9215970196759,-12572.336018414951,64393.087508837016,10608.33024739008,0.2448853068815871,0.0065865293200456,93.0,67.0,0.1077606511772955,0.0610875871767831,0.0291382517048977,0.4162717431890052
302d008d9ce2416f673edbf4947568af7ad0bda43625e60b9495a8cd3837c14d,0.4953885071826699,0.1240635705599757,0.2750209233178587,-0.0749616871632252,9.821368905957816e-17,-9.716089706308114,-6.877551020408164,-6.214165261382799,-24.57068062827225,2961.278543435187,0.0754635850258899,88.80159847818108,161.35804401877218,-61.685776868366624,151.242342852995,-122.71300842364752,-129.46328543165387,-148.6899893764104,-27.0756241702028,172.21541740090348,154.87296125934327,-26.56950525024112,-26.92488731951053,40.455423843364,18.044705094609377,-43.537381240503656,81.61148364552697,-22.695583886186803,-39929.91242142,-282903.6405920336,29340.15978309691,0.1940483570985741,0.7987247051170803,71.0,40.0,0.0774723368212113,-0.0681885498784295,0.0049597024178549,0.4467999600387647
306c96c8ea7d437236f72728dcee304f516d274bf058a27edcb38a9e6fa0f385,0.452913860503382,0.1077221596309886,0.1276643813134803,0.0393972320510443,1.95403102611617e-10,-7.234632207426729,-0.855072463768116,0.0131795716639209,-7.218018018018018,1019.80225786324,0.0904820348843395,73.09675964214588,147.15286265797187,-25.36301185249448,-155.6899249380698,-155.95317166107927,170.64980300258125,35.15829914614206,-95.90016231663448,-130.09047084874513,-137.4514779059287,55.75404232000092,126.0946653617606,-116.72584623511028,174.17120751465202,-113.88616318640412,78.35091365979147,-111.80570348669228,-5626.37715519913,-30966.161630375555,2469.4652926359013,0.2337259764414135,0.1570989480686243,69.0,44.0,0.0544264776599195,0.0028091202953885,0.0154990700557966,0.388497245588194
308ecb6c8592f6f839007d57f001ad18314f443fc8df3f0a36727b6f891b3e1c,0.9648588101464132,0.0004050632732612,0.048719326526946,0.0245479970317273,0.541732766570122,-1.483346800078085,15.339130434782607,1.61646234676007,-147.88945578231292,3665.464335267923,0.0025066375523609,-97.95276293267943,-119.10944614423612,-88.3823735520785,-136.13194702595302,-28.56540972332579,-8.738317621508813,-120.9896631762216,-65.88295906601527,-67.08056807928584,-121.8174373572628,-102.46328829011225,-112.00751701218545,-103.225927554135,-73.13446534278033,-131.56017253899188,-106.35351218800947,-127.3853251811255,-942568.2650399806,-11447212.321751898,304283.43163899577,0.069435833849969,0.0,1088.0,64.0,0.0030944406032171,0.0095748381901288,0.0,1.1097752599008377
31778f4c7f71ba17a77ed68bd5d18380db8d3cf8a4ac73698d6716080eae6486,0.2624562572341412,0.0529827279197601,0.0339883712866608,0.0293018652776583,3.9191483648044985e-08,-6.275049557184985,-93.08156028368796,-169.90088495575222,-265.625,38221.455918890686,0.0319034685077578,142.28945888512123,-176.184549080613,-20.465815956132605,-121.31615097203527,-80.43848592371236,-164.0263863222555,-133.0278753042754,5.555906636596004,148.43405233464273,-14.035174868416044,-5.950159490966049,-175.5918723095313,112.80137394026126,-110.14159267046716,18.853225705412022,174.1407861716286,114.22195943101592,365360.88474327256,-10736132.805607485,104540.5658828699,0.1686298822070675,0.01660250897317,65.0,57.0,0.1214224062295269,0.0430397043073705,0.0316181029138251,0.946306625756098
31da4e14a970738b8486568fb71f8e9350ed865520f4891fdf611c565193a5ae,0.3473973121686141,0.0646366356549026,0.1046762099852083,-0.0229150497697196,3.3975844255317847e-06,-5.399367255024473,0.0,0.072790294627383,14.894265232974911,-101.5943518019957,0.0298429016838202,130.22710705351392,155.52626503213872,177.0448731775903,101.80031127098792,175.9343781212142,-140.43685460123646,-159.01972186198896,34.05179128796131,73.62794098036139,99.29269673124756,-141.8422763781918,-153.84275916066898,-89.34849111850278,98.18429304439078,110.10751588712074,-176.3681014731283,134.40765887295302,9367.18503555729,-288593.16953694815,425.77167844021096,0.1686298822070675,0.6737872661037121,47.0,67.0,0.1461325975148454,0.0154024520621612,0.0328580285182889,1.1872950164705816
31e775b344f22a9b73fbddc25ba8b6930721d9710ac35bb337f3d32cd5cf9fa9,0.4933317817802887,0.0776330298954198,0.1520468317679312,-0.0393815419383127,6.256125970675419e-06,-5.272006915083994,-0.081081081081081,-0.4083333333333333,5.064236111111111,-290.49508630792434,0.1313081420942141,-9.980596544765842,-96.74190597443236,2.454901873695958,-12.976753805284863,-162.54922163582802,-13.173909072003276,73.41896751633247,-76.22240441017509,-79.58857650598247,-121.49520527033135,132.55497737231047,176.56562730687568,87.35462078331533,-35.77143354659924,2.154415910050986,-5.449978203048164,-58.35200893709004,-13560.90272017076,-15453.653307092478,1273.180442837879,0.1965282083075015,6.712120010077167e-05,114.0,49.0,0.0753970759135574,-0.036210178787,0.0192188468691878,0.7125183694643553
32716dda51c8da83a50988d9c29cce9d52bbfc5b420b501790431ec691ccd5c4,0.0341866919256106,0.0332391175613723,-0.0573510868362042,-0.0502403278527043,1.1150141318371188e-12,-8.127184017183295,-0.1043165467625899,0.6942567567567568,-112.12871287128714,2519.845579402366,0.1208476323770029,130.45091512874598,-116.76922953361743,-87.55686710378447,104.12238099580335,102.51248845522454,90.35163810410778,149.21393616058666,-26.070267749771773,68.9620059018933,121.11032440318571,-100.489418633328,-139.58866503372766,-117.72430043724086,22.080325678482367,89.28630702676796,-134.65437929649946,124.9039997038379,257566.4423854501,-200375.5661983269,152341.8618281983,0.1543707377557346,0.0051317212987842,56.0,54.0,0.079134980829496,0.0882904190450679,0.055176689398636,1.5247625983755873
34e59d31d5a406d0f1f6e9803c1e4a34d8956e4607117b0bd951af973ab78938,0.4447800406362976,0.1111552704986205,0.0696770347237509,-0.1305490625804208,2.299882930307264e-09,-6.796024256706027,23.14930555555556,4.946996466431095,-2.8370883882149047,2295.134514153702,0.0737700810053847,157.50189122883674,159.8086960984893,63.47247291373391,25.46667609063628,-111.09531924294882,40.75915840707176,-164.67898934500258,3.1153386618019487,6.530099601892136,19.590297943108727,-29.148475764300777,-77.44692212426261,-41.52282446739124,-1.1512581622848053,94.73982936585196,-163.35410683043307,54.72166377292556,17767.519106544514,-793958.9392710672,9299.105559961868,0.2374457532548047,0.0525321004697915,89.0,46.0,-0.3315082640182715,-0.0389108330794767,0.0123992560446373,0.238050863812262
35305fc21214abffcbcaf6511395b2b44b3ec4c1b480a774de92d514bfe0dc23,0.3684934168459988,0.1318584896253497,0.0477818501702582,-0.0854946343045184,6.813675329103185e-09,-6.59891482659198,0.4395973154362416,0.2126984126984127,-3.148342059336824,-317.2986008030529,0.0651214710975765,-153.98435499567128,127.897445954603,177.982624296871,83.65754764957494,77.27332792479912,63.6957930138148,86.68719817382443,-20.29675492108653,146.1148220165518,111.89629991980894,-14.060477475794665,-137.99460538937453,-114.54241980110795,98.9755164196371,88.4575837172402,-113.11940109325111,19.245663570303613,-3519.428474558739,-48623.70573710896,4969.155537831925,0.2021078735275883,0.5107212761932686,80.0,39.0,-0.1049569933058499,-0.0730767557925791,0.0049597024178549,0.7241844181466458
35b6299db435c4c0a8e721f224cf3d4d42bf0d39f5d0d5c5724453d95b96350c,0.4689383958612788,0.0975356031842544,0.2326283108281824,-0.0479275447986721,4.6688918238628855e-11,-7.484825271923956,19.02517985611511,-22.81694915254237,138.53697183098592,-111009.42067597798,0.0642252456252731,8.596719096614137,0.533203562842557,176.14378514990062,126.99176592832734,121.7932324649343,140.65256670253154,-67.55291186926026,140.72736457996433,157.07913989843863,134.60358109957505,123.19247584663306,-31.44458202803069,-159.68475458901187,104.57264506614108,87.06436965820494,-43.51335636532888,82.76142209788777,334887.97433736303,2484735.9738020985,-198720.9930392967,0.2045877247365158,0.0084922099937813,99.0,35.0,0.0891053860947692,-0.0736065186864076,0.0477371357718536,0.7648127360347522
35bd9d007b0af26144646d11c79fb6ec260d2c92b698c050efbaf9d1d702ca3b,0.4256963436901375,0.1142866929776456,0.2403986119573566,0.0980283386496441,8.743827569125394e-07,-5.675047433731901,-0.0132890365448504,-0.11198738170347,-6.084278768233387,3472.8431479354044,0.101182342417814,71.34973477433222,32.30705683373919,138.7970803247749,49.60460641822028,-111.95204086251768,30.831578547039392,87.66532304284246,-105.49121457106553,-83.55102318006114,-99.87315456203297,-1.913170710700154,0.1877307957047208,-87.48109052476157,-87.73237540472606,-94.34127974181786,84.39059280830364,-107.16950406650685,-19091.059521432253,56471.77580324312,6022.965747971164,0.1562306261624302,0.1057517649758547,78.0,28.0,-0.5201277545471359,-0.0629145056332439,0.0241785492870427,1.0380820765214054
37992ab8bd5e40b56f89cdbb52c8e0d0df6cea661ab479f4bc32162b5523e91a,0.2425011029900182,0.0326015991605036,0.0222667052241315,-0.0810202806345588,0.1788409608467229,-2.2789679712834614,-104.53488372093024,-7.543130990415335,21.321678321678323,-2301.662659928891,0.1429001271340784,108.02880630343662,-48.127747445335736,164.91534472311574,-92.19841049845635,130.84814002187713,-77.54732566258558,114.9977898067433,-44.71952988613657,-121.14697257011844,-179.2768871214431,50.70345872970971,-114.89664747839645,143.10930717868402,167.64503582122177,23.386111304795865,41.260819616687,-137.29875996904792,-21964.95675444571,129384.14814415568,14883.095793254346,0.3044017358958462,2.867540869392459e-18,50.0,85.0,0.2074732321912615,-0.0734196324348341,0.0402975821450712,0.560422256913689
3a0bbd16a261221deefbb106e9b97094c5e800cc1b24158d1b1d4d31fc63966a,0.5503491554721058,0.0893931153596191,-0.0745742682552162,-0.0031500644307418,0.0006360137852989,-4.209060403885653,-1.6838709677419357,-3.814873417721519,-1.8436018957345968,84.64645599675057,0.0245947033607987,-23.88039241813446,-142.530114358239,-89.69552809513951,-21.642124473358468,-145.26058801268593,-41.274514176649774,-177.00790494031793,9.881582686252202,-48.3629312920729,-71.2907982842115,172.72167625740173,-93.74813411112706,-139.93045624015733,-147.3843933592447,-95.42916078263136,-17.653810501193224,-46.18350202023724,-23743.286097672983,-664809.9375011913,6391.811530182125,0.1661500309981401,1.1243145211440045e-71,211.0,26.0,-0.1783168307402963,-0.0749658510819708,0.0018598884066955,0.725389816189002
3aef38a091acd5c4d3b2209f135626aaa01e75615b6a279a5947fcf885b13b98,0.1464832015344764,0.0166637951216016,0.1041002163824147,0.0519330906628465,1.4485967013840525e-07,-6.026911718689054,1.106837606837607,0.4566473988439306,-5.618143459915612,1633.7374640263588,0.1089178370346467,61.46754744050989,-124.09915102149073,42.173954760484776,104.60611997522868,5.620653175439475,-99.1125924970372,51.19634551813088,-107.42408773982363,-23.947161116943256,-51.14469225025047,-138.538806088864,-8.110226997634163,-138.37225357606246,-31.56960446970277,-73.136643626063,27.613362660164267,-166.51172827577656,12562.539063927905,-12261.939211777071,-12211.970449387654,0.0570365778053316,0.1596859523658247,67.0,57.0,0.0948164005447128,0.0444049179104358,0.0092994420334779,0.8627909697507976
3da48e938933fba1d06b8f1d6979226f77cce5199542c09971a103f9a4bb917e,0.5402321605450678,0.080962486874357,0.1115721667142022,-0.0075484665979575,8.899725719821755e-06,-5.1974108843886535,-1.055762081784387,-1.655,1.8424543946932008,-120.43670647056176,0.0930803653388194,145.42632391174487,-150.5161161257824,-69.19061782205848,104.28164077111418,69.48631219499873,8.23872197987174,-28.650300395972707,159.5114434303113,17.407719729750287,12.066114503679364,177.47317944206685,177.5896287402168,-21.16952600882568,-5.457713930071588,-69.54260984643201,156.55829025310524,-28.57212338674594,-2943.793202494233,-99111.48290550528,205.0527151979445,0.2114073155610663,0.0648918841762509,106.0,36.0,0.0066513174643286,-0.0812005388689374,0.0130192188468691,0.3153646166909298
3e29f84dda113c04542888a02042665b255cb6b1656884e66ed8c0a88edc6b3e,0.4905782240760047,0.0141653451714426,0.0941603104753297,0.0291807468945454,0.0015044770729193,-3.982588650897032,-0.2310126582278481,-2.625,9.661157024793388,-9132.981503376312,0.0027813634033577,-129.1342635188952,-109.03991426172004,78.49379923537852,-59.52463383124001,-82.86907718013319,-55.54321126352896,-71.67228580885504,175.11722949291803,-83.04342773367887,3.620514971247807,176.15887569980217,-63.613545677629006,-24.369075434253137,66.67729348316325,-31.90148434495239,-74.82463744540608,-120.4898042055091,-131292.0150565616,-421840.19875013625,-230819.24088540155,0.110973341599504,1.6781577702594055e-87,849.0,48.0,0.1758424771989655,-0.2134405979471832,0.0564166150030998,1.6865489982031294
3ea752d4544b3df15bac8057b9270c531823583a0ed4682134e46fb17b04cfb6,0.7804440468313525,0.013628966441189,-0.0031179208223987,-0.2162928018895311,0.0185332843955834,-3.225905623516389,0.1493775933609958,-0.6919917864476386,-34.76125244618395,-142.20494553352177,1.3557941432013568e-05,-47.48621306400167,128.916061626494,-72.5421223172259,116.01508065630038,3.0212066543977327,-95.75184819139348,-22.255873005404947,100.2768372442823,105.44487957527296,-8.206368763282185,-124.69043860866536,145.9912372405806,58.48210507473343,150.38686127092376,28.736247220064875,178.06050832549093,-128.6542386800355,-155217.4923487126,-2300047.9810418487,97979.8409775842,0.060136391816491,9.38775707622756e-13,575.0,76.0,0.1287164533806525,0.0723950798936269,0.069435833849969,2.5595697048415342
3f7be2c5bbd96d7c25765f9f467c696693f68683fa114cd978be25699d012852,0.5677401228464396,0.0417264342410493,0.08665033726226,0.0235807453810187,0.0006697333387968,-4.195814063731813,-1.2675585284280937,-1.5215146299483648,-2.0406779661016947,74.2815574488251,0.0284181904236771,138.19118075559862,139.32420303524634,-86.44645140244282,61.00911066780257,138.7694662030542,133.69898733544704,-112.65807164825324,62.031198014517614,162.11013273796132,21.43258831891453,-130.22144306306075,168.93795845984906,-154.85972812234007,-73.0249054032159,-159.06605245114693,-166.7048316441247,101.4379840639436,2690.547107468491,-161364.57406371573,-7868.150493251873,0.1766893986360818,0.0001244360234755,369.0,59.0,0.228057998305744,0.0046680692561739,0.0241785492870427,0.417005851440183
4237ac8c1dacd0fb62192f6a7ef1da02e45698811e2110d3e0ed827198e10ff2,0.4835840083287328,0.0338276080601506,0.0244409353022548,-0.0044311930742439,5.028719823965643e-05,-4.817760739629834,-0.8892988929889298,-1.54,2.87751677852349,122.14741206468982,0.0025770920975313,144.52992117170095,135.77862783830778,22.982339675320247,-109.90337569149226,98.56133573943954,-6.004096386486296,65.88056606743862,97.77807712246194,101.35867324443868,151.0590942119776,-70.04842508994086,83.33417151532072,-101.005008052904,157.92575921188188,-138.49678493477018,-179.34745530676528,-79.77788122291037,-48150.66602483835,-496851.2373238581,49015.94600537881,0.1320520768753874,2.7304422590475617e-19,142.0,54.0,0.1270765216289622,0.0121324383086584,0.0483570985740855,1.2895060054313296
435d03a134039707461c56bb05f6157c4768effaf6aff73a888a0d9dfe2faa57,0.170149961207591,0.0302802550643216,0.054236395021228,-0.008916197559831,2.694608747130361e-07,-5.9069486653428624,-0.8059701492537313,-2.32579185520362,19.10958904109589,298.4070281822111,0.0771803294174209,-179.1297721603897,55.498631921095054,2.6543381443618803,-89.09465247745543,-51.87922446661177,165.26793186978392,164.22037819087168,105.29186076903136,43.70742728842261,36.151389185211535,-86.2375135572101,4.527671887110077,33.18811083930479,108.08012060828592,127.84957320523932,-126.58630773975337,97.01649498863884,-68044.7785400155,162627.5315308636,24018.87563660109,0.1810291382517048,0.0004124666328872,51.0,74.0,0.0421458786495378,0.0012419246389933,0.0192188468691878,0.6041960646432362
4456b981d48aae1e52ca3615ff8328f0ae2b7786978b8385af9e3286b68b09d4,0.3921289864189488,0.0648977860658271,0.0705499636411374,0.1163271163724447,1.964226645139963e-07,-5.968242442325038,24.988235294117647,-96.90647482014388,-364.35135135135135,23630.821597187765,0.0335254661383797,-142.54572526053667,167.3195698881802,93.00708354965084,0.609618974087507,20.765146667523634,-30.73199992721667,141.704951857429,-31.530559906910067,-131.4797921893619,130.47167015687214,-91.81021699013137,-114.59145668906058,-99.06032541820544,-34.786916885438345,-17.29957239496325,-117.07765286276435,-50.13473012827871,-505905.2885967516,-1513251.8238532864,193165.93849335445,0.2021078735275883,0.0014929011644398,142.0,70.0,0.1159255288270746,0.0271649654706625,0.0266584004959702,0.4687932186711788
47658c9cff05caaffd85722b6f81dd163f680f03d4026474a098f966e2f528b3,0.7226624456730668,0.0036028516678743,0.1345833491080839,0.0654950721469795,0.6297679993290759,-1.2986974973880618,-123.06569343065694,-126.456570155902,-51.74899598393574,-99.5919327540481,0.0943833792590672,131.1875465128831,114.01122121762792,13.24129346017858,85.13698380593365,134.10802097617216,113.0264566815835,100.37976141335584,82.4223558325137,105.64980194532212,138.95502878773564,139.4904588390969,167.38308327581458,-81.99362482747289,91.91257738260892,160.68684054468534,43.69863967418164,146.1187472383914,28919.675931432525,-453045.0863800719,-2071.976952291885,0.1766893986360818,1.9818885067223208e-206,59.0,78.0,0.1318383209556628,-0.0376652282136084,0.0390576565406075,0.0378795423961284
491772fa2fe199e3466a538d2c7da90471af914c937d5217ee8bc71d935d28ac,0.3771293686055096,0.1503891836125888,-0.0401088020548334,-0.013913220738555,2.8012960867940473e-09,-6.760429601003062,-6.50390625,-4.321782178217822,24.87377049180328,-21568.551919704616,0.0904205830628016,-82.65619710212009,29.35625367446417,141.15549971727285,37.9828061699651,-2.483165774350236,61.354651695551055,49.37552973425795,-86.65201388953383,-150.3377080759553,157.35983552157475,179.8164340164543,-153.24554082830397,-62.97703894583604,-47.54477715980493,74.84569045848701,87.64903194658505,27.20272935312942,146337.85274198823,613178.2581135039,169563.5536241849,0.1611903285802851,0.3619099363676852,85.0,41.0,-0.0789036194608929,-0.152246529264408,0.0626162430254184,1.1506676821371529
4a2cba061b07d3d0e86af648bf5640e323587d52d70da0fd7b8b0bf66dbe9fb6,0.1199963320936209,0.0007698850563616,0.0800630442351236,0.0971549336837228,0.0015994027854652,-3.96599809802783,-33.15533980582524,7.315286624203821,15.533112582781458,646.0383642375097,0.1062381168528065,83.80409269081956,-101.69999908427664,-17.201049055884003,63.34698875990304,-147.882553716565,51.191709766807776,-44.283247015630174,132.8221979063549,-123.678886330636,103.14366445018156,3.5258929107801844,41.87335357994765,107.31656046153518,100.20144485743272,-177.51079479212424,30.36946618613608,127.92020631705836,-1024.0902733862667,-37228.78234308263,7256.119216357678,0.3075015499070055,1.6734992891947625e-13,19.0,72.0,0.1152177843870331,0.0361995720961292,0.0347179169249845,0.2172072666117507
4c858194167bee6863695ada95be905624ff9960ee35cee042d1bba35329c316,0.5720446426654258,0.0938364525550826,0.2397474676285232,-0.0740348338321689,4.867555003616406e-06,-5.324638381380392,0.7295373665480427,0.4686971235194585,-0.7861635220125787,-15.058005895384497,0.0007503538188227,113.85839234930307,148.2935471359539,173.0955777572881,58.33759523963635,128.02412863021326,70.39860066703628,130.88531046709946,-52.08780251296994,-21.662885007864126,-61.96813333953575,78.5095807468304,-174.87701554644164,135.00923648504818,-105.0316566214578,125.44155308113444,172.12062361810868,137.93578450517427,2784.296167409312,-464874.0598785717,4160.43210931924,0.143211407315561,0.3590138965941741,372.0,40.0,-0.3506882517871859,-0.1393518829152042,0.0111593304401735,1.0395017453178423
4ca54e4a06d347093fdbfad416401aa47316af1ce0985fe58434675a76960ec8,0.6185872425387944,0.0784064977806303,0.0786337134960203,-0.0679058319169797,6.848054403353925e-11,-7.418149789259396,0.2195945945945946,1.1885895404120443,1.077922077922078,-1.0437385124392833e-12,0.075209991453278,44.32960053317055,118.40860594957884,-108.29894743956798,113.77841059716332,79.351228259467,92.96524887614656,44.78532609493884,144.18912680840853,58.50426145080949,106.37066663950424,130.96580896678483,28.282869390495343,114.34742042022798,134.53722243158657,92.97483790237207,37.84403496381334,117.3492729399051,4270.091543342157,-65859.50537550561,-2963.5855524808653,0.1673899566026038,1.8684510549321872e-71,251.0,21.0,-0.1058098485060345,-0.1305089100290373,0.0235585864848109,0.7938569680250493
4caad6e3c8e13ec6a9b728f55d576317952cf47f681e4f2b022b26bdff9741ee,0.0987162436014577,0.0341605347507999,0.0423024050688203,-0.0279259385055507,3.033155905646513e-21,-11.57528316442934,-84.3695652173913,-50.84581497797357,-184.73218142548595,-883.8618465525349,0.0812152318434383,-166.049832755082,68.33900224449874,-153.5622378463944,-20.2022812696143,26.14088593961425,7.805533553389423,-24.484027373606885,154.20299593174184,51.34210060327116,155.86910708056556,-92.91489816686692,131.17102520088883,-50.463738456401344,-42.76059949754422,-54.27460622524356,-69.6831082224434,-159.61362264307772,-348938.4565972676,160593.51162047332,142202.03413152357,0.1878487290762554,0.9167362081676964,57.0,72.0,0.0342352678093759,-0.0306339822047401,0.0526968381897086,1.0678103055440806
4cebe56882df93f997cb409aca266774df01d4bcb819b1fe18902da78bbe46bc,0.443985922833797,0.0742984204304991,0.1396709945206341,-0.0119895026117267,1.207968632095173e-09,-6.911668067640175,-0.6643835616438356,-1.4496644295302012,-2.5190713101160864,33.18988822892853,0.0580750137149331,108.11642116812652,144.06733616747886,-108.8708612336435,92.85409773192578,68.26810298709903,100.8518880539595,127.89647339956706,-37.97044405226918,-113.66715796966612,-12.542197018172516,-152.38898786947487,-171.12249570665608,43.716667489699965,133.56300686044716,-139.42447105149787,-171.24442813548052,89.14904909001478,-1355.807455442668,-62246.5232775764,-4833.825856860214,0.1630502169869807,0.0104706295145065,172.0,46.0,0.1939491823507319,0.0096624743493437,0.0086794792312461,0.6685089147397689
4e0bf5950f95c9b5d1621a1b316f148b48e186eccd4c5a87fa4f8e141aac2d34,-0.1112018387709272,0.2017277271992685,0.1484708508579453,-0.0097847275430897,6.1680217785798185e-24,-12.820498095070784,2.115942028985508,1.742808798646362,-45.02689075630252,3121.8687331301285,0.0923049034953137,-157.5432968918344,94.46989719400152,108.54996608334872,-51.40094277050847,-32.243359642246986,73.12822427133831,89.56531045161557,-94.73996210829324,-93.68114054229989,-82.4631566812709,-82.98346760073674,49.58530046872036,-37.299596325146496,-72.4092057360169,-53.77803147956621,161.43595713503206,166.1093734221267,-14776.418453260349,-3890.886222250496,12516.883286667326,0.1655300681959082,0.6195395307352753,30.0,36.0,-0.0129500093735759,-0.065068598546667,0.0105393676379417,0.7395672916429598
4e6461cd34ddc8cd4518eae6c65df70c4f2044bbc68d2cb732abab733b380ba2,0.5594691703956893,0.056638474805625,0.1376246204850846,-0.0111816375051814,0.0001943745216921,-4.502784253748625,-4.791808873720137,-2.494057724957555,-8.68515497553018,-78.8559952208479,0.0303802263289978,144.4167554605218,135.23734754100346,-101.0815489063842,103.31023726968132,138.2009229159244,-109.21212424479454,-123.66560434122002,71.89031809139644,112.5236342680103,-53.71251139304091,-133.28157447270925,175.6803702773801,-150.341721085852,155.99641368484083,-158.69416187101183,-155.40398041706402,-118.73881941128732,2820.1115903010163,-330409.7568687577,-16943.03370876612,0.1686298822070675,0.5782589775250473,297.0,53.0,0.1203100219064301,-0.0361803808615666,0.0210787352758834,0.3935565030342664
4fec01ac4ad62bb7fdff5851257d9a097af424ae03ba62c0e94167e3d5e24ef6,0.3589094533326883,0.063803192493476,0.1151882504754093,0.0635301662696213,4.74355106896622e-06,-5.330028045321069,13.291139240506327,15.433962264150944,-2.7385740402193783,-760.4416417774835,0.0974643954516899,106.76435630517672,153.7560601787433,96.34007913608968,-102.04875955470288,-113.81661344711702,-144.65912982799296,-134.95258400801447,-25.20086125325015,34.673174012526275,37.2208874735031,110.53931389701432,120.4281730367608,-13.71170582082566,-31.01177801120409,87.75505713855766,108.29856012365866,-85.3654685319713,14074.787150445069,-512905.2682355293,-132287.96249270672,0.208307501549907,1.2080693723050418e-06,89.0,55.0,-0.0102179274666655,-0.0536405826957364,0.0570365778053316,0.0523299717367358
50194ca68ee38784d053d4b75993f937cf4eb74ebf602e124fa75af6c6977bb2,0.8456178327288362,0.0025359103303546,0.137087254127373,-0.1390100799361008,0.2262565645270285,-2.146436591770432,1.0141509433962264,18.66235864297253,-59.03231597845601,-102.85035417070986,0.1744791296772938,88.64427988939937,59.69199092390805,51.28040402519552,-77.01100679975274,91.3574697317262,100.31637719767744,-145.1137663456356,-30.147157826963028,88.53260355414919,-50.91727905963634,8.85538236328535,60.94116759929063,133.04360092493704,105.58253250663466,133.28556933989364,179.1243715383995,48.38193670180995,286756.81384470646,2051630.249338116,119038.51701485984,0.1518908865468071,2.4632687e-316,501.0,56.0,-0.0085911969376875,0.1080743474669408,0.0024798512089274,0.7127819847291577
52bf719977d55139a999c77b2e4646946d6e8e1bbda5ecce6ad2f8d0f2edb2b3,0.4610982718955478,0.0584403454549964,0.1306465796319794,0.0400091428966048,6.5454262973219175e-06,-5.262484598306448,-1.7748091603053435,0.2950819672131147,1.3065953654188949,-296.39761115571736,0.0789823682216759,48.96259642800563,106.23300711601502,-89.34315196383375,73.88510075171035,147.66997082686126,59.69669841900519,-140.4049903650426,-136.89832661432337,82.98763083320738,88.22042770784782,152.92709209695226,-85.62801455850551,165.75112720313695,12.998477285873845,5.178745544756219,-26.10136691689744,-41.51628847543237,8872.481929772835,-60639.398426254345,-15859.291434259494,0.21264724116553,7.773198130794328e-14,123.0,47.0,0.0094968875827956,-0.0136600550936241,0.0427774333539987,0.3931491933518461
52df3473cd810e5d9eb4923260c0189b6136da3193253f984fb97bca8e8b3deb,0.0936443011056323,0.0127320923785686,0.0802364138173277,-0.0082624094271191,7.893735039714258e-07,-5.695443802734298,118.30978260869566,18.160714285714285,-87.6391982182628,10172.074459395752,0.0758046551928627,91.71178734099132,134.26708331532382,-92.25655019730272,14.324467752570389,62.58373427335884,-8.913535494286002,-10.78871734889386,87.7715240372249,-121.84606195254143,178.4282231830732,43.7935430306153,-138.43980421101855,-127.12473191542496,124.23186462261552,93.39268061050966,164.2103975179264,-15.276182531931756,-161707.30590571606,-475365.2418776226,-143486.0274769105,0.1252324860508369,2.9673985044442714e-11,68.0,76.0,-0.0221148627909755,0.032327082483115,0.0409175449473031,0.9557827775525966
5315be05fc3b21a3f483ed0759bce825764dcf8a762623a1d94ff63f9d9ce4cc,0.3299837242786266,0.0436593457459593,0.0435645425054364,-0.0357990095974956,0.0005181929721927,-4.261198792367096,163.49261083743843,-21.35281837160752,-579.0223880597015,5606.730337702658,0.0985572100492355,121.13927791966852,125.68134085497468,63.50373784627856,158.48132621434826,141.45472292837763,116.77330506167884,-140.86806949862762,23.714746166877163,37.507258387977394,-9.932201432413487,85.95178035775871,27.829292649466268,104.41503520034355,-86.87050481691078,99.60569336382416,111.25282734211756,84.43175496460437,54738.97070786631,-1737007.0846050496,152787.6086619219,0.2337259764414135,1.018122350894179e-63,29.0,77.0,0.1845848212219166,-0.159376024238777,0.0570365778053316,0.01773782443946
5336bda8faa5d11baac08b366930d5a0f89d37430f6df30028d75e7fb9724b3e,0.4975759632804332,0.1447608470774898,0.0588774728314961,-0.0519465977766466,7.826126443522505e-16,-9.360947910408376,2.111111111111111,-0.6757188498402555,1.623567921440262,-1745.621537903138,0.0878351321098059,37.30224247778187,93.84590053700003,-85.64821967130085,119.36752647660865,124.44286752912012,139.41292881810963,-63.198878659981375,149.4215671048386,132.50801088534487,-110.65866379122151,161.04611260292194,33.89108698521011,93.74868109836407,-48.00534202265546,-79.88801600615787,36.84262485560451,134.6071488179197,-95598.4050342542,-39822.9357840326,-46447.096592562906,0.2045877247365158,0.0454034945327129,73.0,22.0,-0.0492286643223581,-0.1568365151944767,0.0,0.3535553394264919
53f53cebe4e9d1cca67c6d1be8be2935831bd3870e3d2f01e5f51bf2429bf299,0.0081594916857443,0.047455187592467,-0.1087346818866114,-0.0189676285941907,5.99387156550039e-07,-5.75010875674503,-47.971014492753625,233.75767918088732,38.290849673202615,-2318.291932823497,0.099246070681937,-148.6945567637062,86.49523079376281,-167.29604571013002,54.26437119111464,150.4500905565598,-43.124791624495046,-65.05617458183785,71.09334877480615,0.6607680798685139,11.594186910895395,173.44031858396906,-155.58989714733315,-166.46795194513476,-36.757583707892486,93.18061027399708,48.26212154645262,161.91107026800975,-10173.330821247351,5087.768246363651,22415.36913757519,0.2783632982021078,0.3076447695720962,13.0,76.0,-0.1143435106683401,-0.1091328570789846,0.0303781773093614,0.3990067090611797
5452242012899b0b33b4f44ef9d1c5c41187a983e35b802cc8abb6bc465bdd54,0.5535801618226324,0.0723680645448475,0.1569964750273674,0.1186382582428558,9.551776043776336e-07,-5.657382876431023,30.44727272727273,34.32922535211268,52.83960720130933,1481.143353748873,0.0924205356808784,117.82274465313029,124.09243989294151,125.52858668925438,-13.294803652476237,30.506288127724947,-173.11789213550497,-129.795506572859,33.93716070652145,-116.94203554816352,-22.90721220452004,69.7529788889061,87.9282403002989,110.59609152470156,123.73305966239975,-133.684994865371,-158.3150551958144,40.17668645693526,45883.09328713486,-147873.74844795116,47584.903095311616,0.2076875387476751,1.421310725947867e-21,130.0,55.0,-0.1372441813483393,0.0832740255296328,0.0328580285182889,0.1442409747323988
547dee1d459e1587f7f5cf132df3546cad57b73b69254cf78c6851078b3af00e,0.3033349002622306,0.06205251142349,0.0976847902080668,-0.0683004535669103,3.130422944147869e-06,-5.416283445860578,8.694444444444445,8.656474820143885,-1.7590132827324478,-1249.8758292030554,0.0961393965023299,-57.094967598010825,-66.272003944581,23.11502399166269,-84.45263247056334,110.76599335661945,-86.71868403890949,-63.67661767581934,78.78137522495871,-131.0955254198198,79.45256563524457,144.12315853932864,-136.4725864913498,-112.76182947882242,-139.39800574962294,-36.277619877693965,-39.89021768558618,-79.97818703511709,-3742.245171681202,32027.207523821056,25689.788315696947,0.2374457532548047,9.52228383501352e-21,83.0,64.0,-0.0032074095174277,0.0324030055388411,0.0495970241785492,0.125838802614248
5608f70ad5c4f89e83b01f37bdabd7b89f79338b34776128d68676d83cd3de15,0.1117741822488055,0.0107940577884059,0.1574072936722715,0.0899042799066352,1.1081775686518072e-09,-6.927089778738477,-175.84444444444443,-73.27152317880795,255.4953271028037,-2010.2065046990745,0.1026663513834951,3.089292089956309,102.11013550372614,-22.1138017567879,-92.55517371069932,-156.09715039450018,134.37097921889296,130.7745600045901,172.35856092140833,60.26773131020842,-177.84233963068635,144.93799157852186,68.96339098172511,-67.59410162690332,171.1594626487717,-177.31757954371827,106.6449666988528,-129.5979379844613,-350084.87468125054,-225381.36554554725,-85061.90416473887,0.2027278363298202,1.4044086766899888e-25,26.0,71.0,-0.004405962763239,0.0429445276289278,0.0210787352758834,0.1018457997719665
56b261fe8fcb7688987966f8d0c4e6abff49ca99b9b68285382e6ac8631972c0,0.3367271714433256,0.0093297904961143,0.2335766662732038,0.2197495691711755,0.004521152191838,-3.672230511279617,-3.121495327102804,-34.96941176470588,-511.6884422110553,-302.60779936662976,0.0010841355354218,-35.23910262537353,153.59676146643318,-45.28930291442551,-132.71546643560845,16.88085152300607,164.2106646269935,12.02588645060313,151.9672764812046,-62.64514749988204,-151.91918755968774,27.101655294702383,125.08854668691374,-174.6771754767817,-171.36385200872732,-150.8764514802688,88.0052005541506,178.4754532698827,61925.20610740967,-2203159.8480813843,-155403.62916632058,0.2033477991320521,5.262074655402997e-11,261.0,68.0,-0.0962058305533665,0.0894211684325408,0.0297582145071295,0.9991573050850556
58542dd993796da347ae587357953a169c5527988dccc7b5adf95733a148a437,0.1678851188359221,0.0310714078550971,0.0566433619322163,-0.013254888828259,2.185921740299159e-07,-5.947553965042072,0.0398009950248756,-9.497737556561086,26.822988505747126,304.0660535562304,0.0772970201352495,-179.69285118188316,54.07893719956161,1.990405302409352,-91.1327324955672,-50.37569192265893,162.33936701264477,158.72043642700143,103.98464942821586,39.99191800355636,38.63617133756408,-87.76249101829161,-3.9936782298808366,38.30517240860475,107.06232574951184,131.03795420126406,-126.04306656814576,89.58986931608669,-62190.0436750708,165455.49874824152,25524.7573249242,0.1791692498450093,0.0006190238674789,37.0,76.0,0.0377428603892528,0.0030468066100322,0.0185988840669559,0.6141587639142551
587e383f74b4e2998d18891a98ba0b89a49a7498eebd2a380c0ec302fe6bffa1,0.1256901148331421,0.0232618696525059,-0.0489367242317177,-0.0106129818312741,2.373892574428427e-13,-8.390496578187337,0.6696428571428571,0.0975143403441682,-40.4258872651357,742.8528566073608,0.1092046805540786,104.97797991322815,104.5767709472864,-47.27258509237486,179.84022464992435,-120.83240356363274,111.66230188557758,47.22840693634296,-8.31254110592049,-132.67231887235246,-132.03609131319277,29.231927456937274,177.48695522131382,-61.80050833141078,154.36459924439444,165.74837730975736,91.81429815369252,-119.24888670185244,11923.23749119112,-5468.592764158448,23428.17019242488,0.1332920024798512,0.08677221303521,69.0,54.0,-0.0077929153656202,-0.0192514144877718,0.0260384376937383,0.9001650282574599
5b60de8de034968ab30d18294cd101858e44d3300015f617649d4b184257327d,0.8175384247866511,0.007988141174669,0.1485003241664457,0.0110192626013584,0.1408176615643883,-2.4032626678668976,1.871794871794872,2.84640522875817,0.3419689119170984,-0.2457725103605389,0.1085187035791767,159.9338236688991,-149.32947965991443,-116.08500055264362,97.74656789563522,168.5471593332441,-25.79131682903582,45.82254860955467,-138.81580848302565,-114.2968567965242,-167.6781826365884,-151.5250137833623,114.73619082944778,122.30597291668856,176.73557256451898,-83.66332306437856,167.08291708740396,78.04552616785686,5144.123423412798,-422069.9541079721,-478.9370007265256,0.1537507749535027,0.1795719251617594,278.0,41.0,0.052709549256612,-0.0094210266889211,0.0483570985740855,0.4373270413989298
5bf9f28d37d661f29170b51486df0c4522a6040be5128e5846b4d44c8f8009f1,0.141364949284781,0.0751229396776403,0.1132824310036936,0.0212207389778174,1.4788935517875382e-10,-7.28354688368626,-2.949019607843137,-4.0359168241965975,3.890595009596929,-2094.5740818095783,0.0851291287689755,-89.63551715761163,166.4692269385007,-149.76176937128218,169.9085896118076,45.02947718351973,-134.59142479212332,172.19699140250918,-14.985762769166614,114.418814525128,85.73303700096486,103.37652755468214,-13.780438532045917,146.5749543061054,20.68403808231657,133.57256891472645,-133.71081260158914,51.04736252107205,4771.052028016249,-4202.739716571794,-14094.274299821183,0.2107873527588344,4.232784191445295e-06,92.0,54.0,0.059460970913436,-0.0349111455611824,0.0564166150030998,0.8368159196544193
5c063c019fdaec9a5594572044a82159b504e2a359f1269842dd1b5ad8235250,-0.1122366805360317,0.212119925660711,0.1089878560954827,0.0231294001134823,2.571462474669416e-21,-11.6066502409657,1.4222222222222225,-10.603960396039604,-34.88035714285714,-2872.6850122549467,0.0896596501089693,-30.001968879590056,91.30151144968892,-129.45848510803305,37.122461166672,42.07890554754663,-13.25826612481345,-20.091916213994807,142.52609463994136,135.1706365173577,127.8155255213586,147.9540615558173,-114.11460009419726,166.45349983004445,113.31454037856228,135.631952098725,-141.18843770917044,30.23765251926938,23373.464876082573,-1058.9583939605725,-13202.094342222736,0.1797892126472411,0.3669953659177636,36.0,43.0,-0.0272207861172713,-0.0324602970674759,0.013639181649101,0.7173519377419683
5c9f0b373635c8c245443597d5a7ae3645181e7fbe703997fea62abc686c13ba,0.4989332960912779,0.0156874371432931,0.039180970688728,0.0744903865416666,0.0010663555253431,-4.07463828686071,0.0,-11.920570264765784,-212.97794117647052,46.607520519107,0.3757250215431496,135.5686091794226,-56.82130119699821,96.27447487943344,26.17366512856826,-151.0133795125684,14.550567539582474,-73.70309218090044,32.1422086332081,81.86110188734061,-48.30040123973545,129.35153312639525,137.6440140664131,110.10499292131524,-143.8199970204193,-93.99582711557214,-14.053774625789378,-151.45382248418736,-80674.2162378708,442673.0603972906,116579.08342405006,0.1556106633601983,4.248500598180385e-14,307.0,76.0,0.1788775326744225,-0.0046600051662213,0.1041537507749535,0.8868919783778094
5eadc93e1f21871e5b6f0dad42568cd7ac1686845442351762e37df3d843d78e,0.5334027752440467,0.1239843402579292,-0.0243225774540539,-0.0227845460367296,8.327529415617766e-14,-8.568348013817294,0.0,-3.2596153846153846,-1.0336538461538465,855.9151654725193,0.1048085997304134,75.62003850596501,51.30403875364609,177.4911359697173,-133.8004032502599,-57.710616963287045,57.55579955424405,60.80975214893383,-104.2387253738603,-125.00497307133324,-145.08163917741385,9.077312614240457,84.95776707806392,-137.36628831226164,-58.65974307239323,47.88988756684682,104.45770095272196,-179.52126389365375,5718.869119541571,79714.31367698482,-10669.713555970327,0.1704897706137631,3.711687185326384e-06,90.0,14.0,0.0441627158971757,-0.0969733985324245,0.0179789212647241,0.9474689117125026
5ec8065873aecd0347288d3f7d1891b79d0b0f6b7c9a3909674fd1ffe8eb5416,0.4258680161748963,0.1210680357832966,0.0967088706208327,-0.1495623098750963,7.850461946159324e-09,-6.5730019138273335,-5.286764705882353,4.823140495867769,-103.91452991452992,1119.8578213113135,0.0820068626095422,163.28764653526147,135.01595195557917,46.51393723678153,42.98114883399433,21.379931682009182,81.62158935072884,152.89475424176433,-40.13893728716696,-57.97966174584285,29.174319886866577,-95.50219998901332,-143.9022742876429,-149.1340331861838,124.91615743457442,-73.14426821877989,-173.74318497461672,28.18429350030616,-66463.04518706347,-346256.7915437831,-51186.20464584038,0.1630502169869807,0.2278847745509554,73.0,38.0,0.1031708272493411,-0.000412738115755,0.022938623682579,0.631618573995785
5f0a17ce1f301349f709c8904f42ebe46477f4a51e46e59258e411d7b5f14507,0.118980423643752,0.0145086835740478,0.1499492532516462,0.0757887699839168,3.759053454250165e-09,-6.707193828621192,-13.146198830409356,-0.556930693069307,-16.519801980198018,-114.02991059047412,0.070937097034585,64.4592587698662,87.76030250787768,-52.41406675861684,-149.02842266437546,-10.479219494666914,-152.04191039897708,6.359491173018729,108.06066872361136,179.98212261245823,66.95552491237213,126.498971908926,147.489859848286,78.09130550576134,-62.096279136622265,-120.65894048062933,140.45111959540935,76.9569323778794,21782.746192414168,4629.111243208839,-7682.618327567474,0.226906385616863,0.0003990566037699,46.0,70.0,0.0412588573996493,-0.0148512186944026,0.0502169869807811,0.5075756456135582
5f97081ed67e77fbd9179f3103b21fc83a801a908e3b9b73e0a8a75c6200277f,0.447396173722912,0.1356875616903153,0.1007104634663606,-0.0778295364093042,3.576330209379733e-09,-6.716227867614347,0.4006849315068493,2.761674718196457,2.918965517241379,120.33970932372812,0.1024171718123762,177.67465469429715,-91.9071247379616,15.589004192631007,23.01290170003575,14.243638415032606,-1.940271993962192,81.7414937755836,-16.28916798704306,6.7666075021230325,19.883958636518685,148.44187462961457,-157.29935073732722,143.13890598313336,37.480683608008285,36.19564781163156,130.48897621627205,-9.72839437659415,-5524.8467790203495,-3428.11154178525,6304.95906882206,0.1983880967141971,4.479181257116399e-11,65.0,41.0,-0.0420782116839614,-0.0856677372169973,0.0105393676379417,0.338148315019008
635f06ab3ee1cbaa563acb45ed1df143b0227f195dd08141165ad325aa290f38,0.0427147909082413,0.0007704135522633,0.0585269897078129,0.0145542463584711,4.732535945567838e-21,-11.491167053853884,-25.41538461538461,-27.11355311355312,11.432142857142855,376.1715311538858,0.1021674191351513,146.1998079819275,34.38364131906718,-43.20027878080371,95.34146526405978,68.69327519679949,114.2191959673829,143.6032475898346,-110.40845562211318,103.85136800320709,30.99958565640848,-162.38688002046288,107.96866709856285,155.88595569762094,42.77776470091511,-174.6281222256805,-108.25328780731438,-25.196891923993512,-17878.13508559028,19756.8744229509,4766.783497266939,0.2808431494110353,2.3201966548192667e-10,14.0,74.0,0.0708608790966418,0.0142148143716599,0.0489770613763174,0.1013383495867345
63be1a952a8e5b06858ac640b8ffda3fbc1744694c531472ac5e67e40979339a,0.537085710043252,0.1173039496087718,0.1712713697188291,-0.0238075896111158,1.90642002941096e-14,-8.818404317878336,0.6555183946488294,-3.045602605863192,-1.4779771615008157,1300.3404216467047,0.1215902473527065,29.884074755394224,-32.98511891250095,-44.17468033129264,166.37993421492342,-166.38461189499174,-18.438498083347227,-8.491688699191636,-135.36932325782473,-97.80526506822524,153.12441151308627,-72.934464676111,-15.062213855176832,111.5552226719253,-60.66093972147882,-168.0804764633124,23.83832643525917,-170.7704101851368,-10082.46601345096,419739.8720328495,-12735.37055048317,0.1853688778673279,0.6170456579216987,101.0,19.0,-0.0889951050680984,-0.1251303078475275,0.0384376937383756,0.7313243795217261
64defca3c186f3cab087b24c1da7160fbebd7d5d5e0ff0036da1e7eee1d63440,0.4856665504932237,0.0147664065424268,0.0960246625127349,0.0347717129095767,0.0012210169995077,-4.038671654031094,-0.1455696202531645,-0.7046979865771812,47.99509803921568,-9202.2341526515,0.0027408168653943,-129.46594451703072,-100.4772577810231,77.3487154198207,-61.48959156261897,-86.9071434250773,-54.68024828832578,-71.90923060080254,175.75296423890202,-82.8475233783573,-8.406906841356923,170.63843844218923,-60.41237256535588,-22.115242918796984,70.50798161933302,-32.056465563361805,-78.51719553377826,-124.35595797774477,-126647.4151698524,-195055.6752774932,-215397.83375853972,0.1165530068195908,1.008160001763793e-74,849.0,49.0,0.1741919832652555,-0.2234908926712183,0.055176689398636,1.6217908616058057
6590c82e22abcdaf4887f5e84c39b3d264276cb7fb5bd585cdde6e8966a58966,0.6825315230342561,0.0172587603882488,0.0790955814980378,0.0464681072973173,0.0155886191505482,-3.284437366871281,-56.2258064516129,11.869215291750503,-29.76539101497504,224.20581124493083,0.0746950602476702,120.90956093192926,-91.22625976092904,-7.958223074011927,-39.22936585523603,-111.56694103738585,-13.852165658328657,-98.00081395178891,-52.351719031713934,-92.1678488191523,37.2771699543932,176.08355565965834,-109.32469552202043,-39.55216527622358,-66.01300482070177,-74.75565233719885,-144.93766127465315,-25.694490816392733,-7799.697343744586,-31185.28606759592,5298.930213151914,0.1866088034717916,1.2420177498740632e-113,373.0,63.0,0.0816688199473733,0.0964257502391601,0.0719156850588964,0.1916253610927223
65c4bf1b7fe6a7796d542f0c178b98269f131537076eeb34a5e52808f8486c96,0.4767245930151535,0.1449425353109763,-0.1436829554441648,0.0063684002425944,1.1573663423207893e-15,-9.29428005139755,16.745874587458747,-21.88817891373802,-7.574013157894737,-904.9236777400916,0.0911046321403049,38.98195684454085,90.44476481247108,-96.27594278148652,118.49144740763742,113.90352479113452,-176.91503368419015,-136.12087096226998,140.02864336896343,61.60028034590435,-47.678002210998585,149.07014912287127,28.02004731693472,109.27828633943363,-32.64207851834314,-59.00301022252915,27.898056455592886,89.42206012802434,-140365.20371085408,-3936.456662353663,-166.1191055060517,0.184748915065096,0.0439887743953072,68.0,22.0,0.059825965063884,-0.0850139435727098,0.0018598884066955,0.3160264157452894
6776c74bb14a111c15d7548a916cb7c540716f739c7892ff9c5c5509818a3c6c,0.7082856347400397,0.0127732168458485,0.1322925306862508,0.0321926929323565,0.0330252428621046,-3.0204838564744776,-30.521072796934867,-19.83005366726297,-56.48664122137404,-103.68247397484927,0.0684053127593869,157.06556117801244,151.63800273002732,-68.90059941261877,102.46848717761377,93.1624885771256,58.624783894409305,109.91812674176307,68.86380293972711,53.47821985807858,-6.995759106249111,168.10489760438594,177.5610030974436,95.55919931164222,145.41038193645602,116.97898441297184,177.71999995624031,156.11821400455517,-2944.1715862313085,-830110.6288766103,5379.324937377224,0.2417854928704277,1.9259093497969355e-12,317.0,64.0,-0.1396850481968861,-0.0388930691125418,0.0421574705517668,0.1157560551981793
67a54bb2d5a9971f44b9eb31100748a224b3690a78ba72c2a7f9232db58c843e,0.3844882397505572,0.0572993152079524,0.0654037712264421,-0.0070293840468729,6.51765928036092e-06,-5.263380656919394,-2.6893203883495147,-5.330935251798561,-2.088850174216028,-54.94600756708685,0.0758682365865045,144.81213783392397,139.39265975399476,168.6205295419869,83.0895383074014,-10.53913826047062,60.28854990184122,-82.33769831316452,-38.364807987118944,167.54603565093245,117.12401472889356,33.556806457386124,143.93855896498744,73.87726713390683,166.76206878476907,176.466040677177,158.65273460565692,115.32746448061668,4056.183649059824,-161727.2793889296,1521.865726240016,0.2207067575945443,0.943848951434086,77.0,61.0,-0.0025993500476488,0.0336861296299209,0.0105393676379417,0.5950296483580819
68182b09cdc4355932cc1fefb61e77b44ad55636536c327e07d4acc70264f1ba,0.2835441350043034,0.0250160467728142,0.0548723301437691,-0.002242136024877,3.198956485666169e-06,-5.411813924090017,-1.5040322580645162,-2.007339449541284,-95.17446043165468,-340.77844299461054,0.0759176446680795,-146.87801587756107,70.42544952546363,91.40587117932608,-29.206996656117912,-82.97870988399573,121.00092702851929,-64.58446437318491,-113.93697898015276,-25.360915702121808,78.31075248864364,-10.144521483468738,124.4810828946332,-105.72637520381352,36.17334716805372,-169.65599347611237,-175.68556809524603,54.64580870094954,80413.1044218837,27559.18994437336,6647.67738982019,0.2002479851208927,6.588364186789367e-25,109.0,67.0,-0.0307052281572095,0.0420301531655398,0.0712957222566646,1.1690985780511802
68bf46448107de0e92c7c072d4a9b51d95045af180abede968270f1fda06b732,0.0349292053832354,0.0145849728927233,0.0816727262972535,0.0485167739427992,1.4577783053089034e-16,-9.648283943863367,24.04635761589404,-8.012437810945274,1.45,8.231637750318079,0.0916458128649656,-167.7565630424818,86.15537099620853,25.1375045978686,92.5879474335855,41.43624919049953,-56.24811883396388,165.97540688527715,-18.27883205266248,57.63704755694484,34.78055328277686,-171.16627760214573,-114.2414558286268,-150.43393422449853,66.76981555098202,-47.93072191870546,137.64466324952286,-65.24658854914476,21002.71435020896,4643.720843020259,39033.98118438092,0.2690638561686299,1.3470144513826605e-06,25.0,80.0,-0.0197964964127497,-0.0550196396761419,0.0681959082455052,0.3303859382262368
68c45f54d6dd3861acc40bcebba5441c90e55a2a0228a07cc629e26e291ea3ca,0.552021529803654,0.012271666972314,0.1463800686063175,0.0010088690247196,2.2298704795612726e-06,-5.485948310533395,-110.90357142857142,-153.05217391304348,-58.37777777777778,1865.768960230457,0.1142858413119449,-135.89403949195503,-95.0547791966849,-59.02673135253825,-92.7601637817324,-150.3689711601488,82.2764818636729,-16.833154121744485,-32.15021006320312,170.4058552246468,-82.04449128498882,-26.03523483626197,-107.6876619066042,166.79602921953474,-114.1324472258277,68.5437847692228,-121.64038966650932,53.39952975365671,-407033.0875646642,-180651.07064381245,-27342.703627662093,0.231246125232486,1.0533086764538242e-112,328.0,58.0,0.000958505133262,0.05777544637684,0.0130192188468691,0.3963800748567417
69c500c02979aad7251a896443f0351f17fda907b2a725fa64dfa3dfaf033e18,0.5155132578636058,0.1257439993538983,0.162564491658635,0.0923600708120688,4.716546055176615e-12,-7.880515727850281,0.0033670033670033,-2.414944356120827,0.4862236628849271,1211.1576130159976,0.0674816044356876,110.5642788432436,175.9398752780553,-44.555754553502574,-136.4481607503292,-95.24803278023926,112.26679915520708,162.40306231368024,5.775830494397694,-74.40070957646306,-86.76919039670659,-151.96851796159513,-157.48981764753134,148.12665478810644,151.32288727799371,95.59157775245032,-174.81756003102785,-76.47827376135442,-8819.600442333334,-87486.91025445684,-9211.185140552789,0.1915685058896466,0.2740247184824179,88.0,23.0,-0.21794205369886,-0.105698272582474,0.0117792932424054,0.5969701985417754
69df291e20e78ed4f8f0584dd05f4c18be2f38e8153601b4b35475f5bed87a03,0.9373966899447708,5.834959857365305e-05,0.1007390722508875,0.0955071958339785,0.9193493536595688,-0.3419492349203781,0.1023102310231023,0.7382445141065831,0.9105180533751962,11.210713831778646,0.1009859757948554,83.02600957159143,91.42037613042883,83.94908351512436,99.2520260409198,100.70192687321313,112.42056547204888,87.83809085669287,54.64730246455546,105.34889418904513,83.70758215023264,140.25690921229577,91.90402571590954,163.55856874871884,118.505935443579,-115.55171782279692,78.24957685434133,38.92155041582168,8810.77280843322,-5751.598427689111,-4454.826223164992,0.0855548667079975,0.0,823.0,47.0,0.238660648191688,0.0954570076507111,0.0018598884066955,0.069660423826744
6b66e0445267c0f2ac598e4541a9cdd945c630017a785aac2722cb130b916995,0.587728889334976,0.0389437962129597,0.0216929426244127,0.0479907235105654,0.0024339587700829,-3.850147310258958,-0.3453237410071942,-1.3754266211604096,-0.9564459930313588,-13.055850857594882,0.0311439837658349,123.97567939941402,146.14007341628388,114.06425711066922,30.144447374669333,143.1097066497293,-43.028519554079296,147.9894310714045,6.478865680728591,-24.34447346119896,-63.67717756873759,170.30061910205418,-29.535462777961865,113.48377434782684,-26.05519202363105,-95.35971996268444,-149.13714591035955,111.71148335115971,14741.74099295227,-311583.1731884686,6263.060296700256,0.226906385616863,1.2179167777292185e-05,127.0,57.0,0.0822030874566441,0.0611455795866004,0.0396776193428394,0.3740283156677779
6c871093253858350d730f80cfbc5109aa2529d9cda37341989ea8854485663e,0.2891051197290571,0.0381810752241662,0.1456705305155667,-0.0191343720720026,6.276389546555546e-07,-5.740988596865924,-13.305220883534137,-17.54862385321101,-149.01375245579567,-60491.183958443806,0.0039496218968483,151.34661086269458,99.15031375939388,-131.79157854684928,-139.71901140898572,-125.12229348711132,171.00188932185472,-117.66268037087366,145.20083450314098,37.20886513330306,171.66562875640213,-163.14921481180127,-12.700148060883937,161.64071839320314,-74.97151199288243,118.81999035820353,-96.77720896642016,84.21127436252716,393091.078400926,-176865.8471452982,-157116.6221780816,0.1580905145691258,8.648822961504413e-08,118.0,68.0,0.0337776814572001,0.0282139471187626,0.0396776193428394,0.9983772810386884
6d9be17d1518f617f732252e3146804fcff1df73486307942a713aa8eb249ef2,0.3842174609578941,0.0777723911642892,0.0243146124936527,-0.0104718700577934,2.088366537032298e-05,-5.013331201901368,0.2861842105263157,-0.2112211221122112,-11.712746858168762,94.60367096964237,0.071367573619488,179.21736382183414,133.28560492567397,89.28963516672492,21.59203463602973,18.294685956480087,72.82464223468668,86.81867215319946,-35.769812296562336,-36.65776880207415,-5.827315072679973,-134.63012951978334,175.1493362313184,-148.8902287679343,-34.17887536021331,-34.205995124512285,172.17437829161713,65.4166529253311,-2486.924131979799,-172133.48801188654,-5978.365746262744,0.1382517048977061,8.99320919685521e-07,63.0,38.0,0.1168231628639277,0.0013810141673455,0.0235585864848109,0.5992573403072855
6dc157fa79f808bd7cf577af09efaee2dad035d658e549d4219e705a181d8917,0.2571681715538929,0.0615140211808237,0.1135172274335583,0.0171289231789834,1.932290602372352e-07,-5.971409812685842,-21.79638009049774,-17.416161616161617,-16.212678936605318,-1440.2092948936454,0.1071139008065367,141.1653922568036,-118.63835561886732,57.22187208806614,-103.826745898487,-30.543380949266908,-22.92402898106698,148.756397667793,-68.62593082234889,-159.90978908919433,-3.386009898977745,-139.48208504740796,166.28622834141635,53.34171290409158,-99.24925106767525,3.1259556045157733,-21.277551162840048,134.31233708247905,29046.73260139823,-304607.2064008196,-14357.32591624023,0.1921884686918785,0.0002962716933551,73.0,64.0,0.0009629437143839,0.0161390820909537,0.0402975821450712,0.2362150806385193
6eee87a877e771a68c848b1e4d84bc40851e6071218c0b16014ae575d2e998b1,0.3587504091702157,0.1492632342951763,-0.1341680455604208,0.0087335456606308,7.169601896800072e-10,-7.004756583890642,-4.118320610687023,-7.526229508196721,5.039087947882736,-5342.071685522527,0.0852290927136423,-86.14845032032689,40.80786406965648,116.52151377523384,56.71736807529671,-46.31586367867554,52.4360860527549,51.46200831089228,-74.09239824655056,157.91430387489797,120.0849805158571,-172.87344708500433,-136.61126677312578,-161.00142555006428,112.65564154791518,97.84585796302127,148.8593146256248,114.9563958125993,-28443.220586092684,338940.46994331933,140576.37792640994,0.152510849349039,0.6277088686628322,79.0,41.0,-0.0922413075923396,-0.1307892809758327,0.0675759454432734,1.1356890001176831
6fb111c7dd18a3003a3f25ff48b0fa9e9b0af51ad471a385f814e9885cba5bfe,0.0427045911870264,0.0215297054244679,0.0538179387889459,-0.0608002240908455,3.973412009754119e-08,-6.27246896979124,-34.98837209302326,-64.29749103942652,-8.14336917562724,-88.67616251498961,0.098438643007097,-136.66440876883738,-65.74655535666669,157.39478304820037,67.50618213059728,-93.05321511683074,-90.6484514279042,-163.04765866224895,86.3605709389527,149.24217289449652,46.51220265733163,-41.087504022792,135.69216823705173,-87.15193892652876,52.255065209022135,-40.31841267721312,153.9166235290607,59.85385641883208,-521.6096564482714,14567.171055533832,-955.2669300597868,0.2579045257284563,2.035217503798413e-05,18.0,70.0,0.0601217319363437,-0.0412086980766994,0.0489770613763174,0.2055486207618111
70cecaa1cb67acb437d0a0d95202d4eb2b092840586f5b36339b76bcf18cfe94,0.3024904036755041,0.0166696662697973,0.0892774027762559,0.0461213634691674,0.0071962943071605,-3.5322571205481443,-0.1226765799256505,-0.0450885668276972,-14.698815566835872,219.1683019588785,0.0019677978410591,-170.20762022122582,48.20282099349085,-115.01657547734186,-74.62847049534585,-62.90528325219522,-130.71406324106454,-68.83203846428823,-5.631193837148354,-87.11394973503062,123.98275623351957,-44.16705153218196,29.848744633448483,7.606022594917085,-37.84623278111848,175.4956760534284,-148.7989451270292,-161.56071771451397,-23147.440368522584,343438.71107967984,56562.69159275078,0.0595164290142591,0.7825568741525856,596.0,68.0,0.0530320239482414,0.0317999209522724,0.0123992560446373,2.018912742553628
711b0aab9f246bb310c8d45af460620555a3c0fb469dbb2783c47533cfdb8df4,0.3753206090776599,0.1354422496154672,0.4084561885471558,-0.0485653431995216,6.565015923793833e-11,-7.425506219892981,-37.43042071197411,-27.939837398373985,-3.782467532467532,16390.460149391332,0.1240333463409494,142.79422242296505,-85.62889471014186,9.519245553293784,-35.225412869624684,-104.21919201938792,126.47499833581765,166.30699607300323,-1.9882286103584512,-17.296934569962442,-54.144536885691664,101.43932046757703,-176.66748574864198,-59.05423161015885,15.693581343306947,-36.62290379140867,147.60538198620858,-144.95825992831,-65588.97151022014,56469.17209022152,-2193.4068006077814,0.199008059516429,0.0097452745632679,77.0,26.0,-0.3696194620617388,-0.0471004844444298,0.0012399256044637,0.4111894356805029
723eb48b69bd0a501b71acd8f00df8364c6b76bc987ad7894f85a4678bfa4bf0,-0.1241499211974416,0.2010226573914904,0.1123593346724376,-0.0643656519593273,3.340124275579027e-30,-17.760482914929486,-7.35,9.207678883071551,19.978586723768736,1425.0015970764505,0.1021865278897263,117.64402967610464,153.16422429047495,166.95031443581,138.3187906335254,148.1222845543676,138.4890004789089,126.38099575368874,-38.92117272505303,-47.7418584670739,-42.13687256622672,-61.67076893641928,151.9332039468845,-58.54650889385516,-18.90225252635205,-35.575271137587094,156.63617855179407,-70.54632371293826,2574.475655949358,-25499.241598487624,4783.604880667661,0.2634841909485431,0.1405990903665704,26.0,37.0,-0.0187480285409788,-0.0605261598445376,0.0285182889026658,0.6222312683936865
740756f1353f6840c650d5d06043d13916a24213ec954993bdecfc97bf408364,0.4652640051884994,0.0833876626270194,0.103322718290532,0.0579458218862698,2.543956719857552e-05,-4.9699681315992335,-4.409090909090909,-5.65692007797271,0.8301886792452831,7.1582012399925965,0.0788489460120187,148.80433364819106,133.61994865932104,-152.1470131726237,93.08145823965832,178.15887024136418,47.69911011884248,-90.6352062884924,94.19448523896288,-108.75783856747422,161.56311693438826,-113.0748275641224,-105.85763793135398,47.821724218054506,-50.49586347777224,156.82980617871735,-151.64340449680904,161.46109193618008,-22459.73149867625,-129866.44605338572,5758.033136312579,0.1866088034717916,0.6493517571725762,375.0,63.0,0.0327397926670484,-0.0262848189490934,0.0489770613763174,0.1399747706578794
7430934ea24d694238c0207ae8379c803ea20aae69632514cb80dabf6cc527fe,0.3037712066021119,0.0169644677494758,0.1387310093201909,0.0898895036226985,0.0087376178219062,-3.471941679686868,-0.0966542750929368,0.1564516129032258,-17.845762711864406,308.5852173905744,0.0019748609834066,-171.04680184801796,48.22094173839646,-119.01982723569589,-71.97269288615803,-61.15263892336577,-130.72602838618212,-69.30087958725764,-5.171220283850083,-88.16253341598156,124.24136774623096,-44.2818352079391,30.675340851384405,5.806793550878992,-38.45676370355038,175.11895126044746,-149.94076087368197,-152.80989247740172,-23094.64639812124,342721.3882570268,59445.26078621954,0.0582765034097954,0.7371951900949678,596.0,69.0,0.0414364987918147,0.0295267018746312,0.0123992560446373,2.0164706805117256
75b1bd5f3a75c49b518beb9d102a638d12407c6899e2e4ac636bd3fad6bf3ee4,0.2185654565817178,0.0133332836539123,-0.1014467466512799,0.0576953081950688,0.0001544485654408,-4.557711508991421,-0.091324200913242,-0.2570281124497992,-12.454,3773.561775732436,0.0221842255138714,128.18627157491778,-141.35461084049666,96.5270009032652,-176.17912292314583,-44.6838324313802,33.815204826567175,-4.355056095703374,-85.90867369722214,144.1328294116417,-7.811816911361106,-95.89322768200792,158.9576654074266,9.201935462788802,-15.196826517097618,-56.14203463656485,-115.54830671406032,-173.40961853258275,47421.93622849969,-110307.77963279256,24803.64715022152,0.1487910725356478,6.24803328811005e-56,47.0,69.0,0.1153947138083491,0.0896700376776009,0.0477371357718536,1.2859968681862357
75b64fbdbf477abbde28d3eed0c6389c296bf8ed12e5af28296065c158bd5340,0.5499766886838536,0.0772308893330648,-0.0532801919657896,0.0442454167095085,2.281088086218288e-07,-5.939297182171396,0.0360655737704918,-0.218298555377207,3.376511226252159,524.6721268182578,0.0616363604723117,81.17233847272304,81.60379975530108,-42.191470437048416,164.5628462808795,-171.8655055342042,-69.84068619867186,63.76400732387564,-156.44495173722393,88.20842303837922,-173.10593646770417,-152.98923596696503,45.25261299491631,-9.96349416246941,47.77459397968895,107.5020235704903,30.234861574264382,53.57036170731372,6552.183826528903,40526.38115007456,-12158.908536759482,0.1828890266584004,8.611889753143688e-52,80.0,29.0,0.1081078664195187,0.0427571027569476,0.0514569125852448,0.6148452633187211
760847a07bdff989438541d1bd27391e5b1cd1fc515f63c2408b3787fb1ff13d,0.5212694818743547,0.1147988140881639,0.0824159472202567,-0.0731431725607,3.899725710252882e-18,-10.275532945580307,-13.325301204819278,-7.652849740932642,-6.553846153846154,1292.8350230448789,0.0989932938460155,82.2307186316696,169.8142300529959,-15.749380806257498,-166.5927050858161,-116.7044570387668,131.26621343861387,160.10236613876032,-47.564632827066255,-138.45693183388246,-91.28995846826928,-39.09454308531653,-29.47178601458687,-83.0224141090837,-99.69469328874136,-116.62078753070077,73.94242225115985,89.92728705406613,5390.602576995822,-72860.17695511326,4174.657382477602,0.249845009299442,0.0299543696086311,67.0,31.0,0.2256698877676796,-0.1619661213992705,0.0055796652200867,0.1112120766408713
762d22c5a3d7590bfaaf38550de01d44946a18c3fb415a04419fb10b97775af2,0.3841827265886781,0.1102608129899139,-0.1450189563484224,-0.0279727596950812,3.68528489663989e-08,-6.286588923620667,-0.7022653721682848,0.4247226624405705,-9.2448,-5665.911257518429,0.0262878734014799,-128.77119814299994,148.95177726028288,139.56384075524917,118.20435001347248,-135.27114573775347,105.65568042481644,178.8383716948523,15.594800875114991,74.52037113752814,61.17672517349765,9.33119737527915,-135.00965364436834,-42.735179328944966,152.86768584583467,109.56368812337196,-103.9051718820153,93.345087428337,120020.46218758175,-1111565.193763726,-8650.17932773996,0.1661500309981401,0.3334403225674053,106.0,21.0,-0.1553155143121835,0.045711236955037,0.0185988840669559,0.8563455831443179
7967443fae241b40f350ec20dc2e0c558f7c5a9f94e4db73b580e5abf143ab23,0.1051556979730662,0.0396577935241452,-0.0020633552925098,-0.0400562795566922,4.0369348457186993e-11,-7.510093760419015,-433.1351351351352,-75.22077922077922,230.7100213219616,-5243.099887495452,0.082697540279184,-167.12967084157418,74.19565712309394,-152.95318645455896,-20.06978664208479,24.5123786911114,5.81439369257134,-23.22780148435789,152.84880950054605,52.723813745979456,159.6820073427036,-93.31730205624874,129.53592990576516,-50.34370529244166,-36.20387444570996,-51.74683610507719,-68.41344604873808,-166.36524908915342,-2050282.1242638936,710318.7686181536,406273.8808391555,0.2027278363298202,0.7898063888660497,57.0,73.0,0.006189571334629,-0.032346950852567,0.0632362058276503,1.0136774836110387
7a93cb22341a7ccfb0f0f4b3d4846717abcf63707b1a10502702fbe67373a63d,0.0106838725744604,0.0497597655455483,-0.1059672612031273,-0.0139871523546723,6.865320515363572e-07,-5.723201169134694,35.61333333333334,247.1845637583893,57.37299035369775,-2446.509417743866,0.101896332943372,-149.2116913569562,81.36571043892675,-176.41600243114144,54.76826642070935,147.37982160899807,-55.90818391609314,-66.85301612249481,69.6945470633155,3.535494073335115,9.900107399865616,167.32550097993376,140.69927231058026,-172.87674027904723,-39.0913619236001,103.36585978691318,55.04823812928765,152.9130049048222,-8228.20139416727,16290.28709769384,20757.605892370622,0.2808431494110353,0.4565498359316603,13.0,78.0,-0.1064830662235441,-0.112129960706084,0.0266584004959702,0.4148600742662807
7cfa6b9f72247d4f94e2f8e575df230b7b0177e0294bc2b16718bbedcdfad82f,0.0345644783091415,0.0331484974225255,-0.0497387550043963,-0.0559873402081535,1.2573727742915918e-12,-8.106683417195928,-0.039568345323741,0.6266891891891891,-99.23564356435644,2503.4263647311154,0.1210862218701426,130.4547821301989,-116.31423270928302,-87.77088647637615,104.18390851936344,101.4379834106932,89.97590637210999,148.91159738854572,-26.69433123802938,68.07211194280792,118.03755762060923,-100.34574583859585,-139.75524209729477,-119.25678675406505,20.59156023714627,82.57226668583836,-133.50002850127373,126.90663275676056,266999.827660148,-197346.3422787284,161297.40708265797,0.1630502169869807,0.0043514302522684,56.0,54.0,0.0769330715079115,0.0920379067340664,0.0557966522008679,1.5242377050049531
7de51908df838d39508204ded36cebe3e9d6cf3bb43e37b684a6d18005d5983b,0.4555771385334298,0.0619013217611362,0.1247265241452026,0.0382680376555957,1.1249395865464558e-05,-5.147363991916819,0.2051282051282051,0.6214285714285714,0.3912280701754386,-172.1953669692761,0.0715495877583068,57.52999496919405,110.58100201035626,-79.60222584479085,73.63562612672519,163.61261296657497,60.15320843176326,106.19827568254986,-137.09683699556453,85.93889585879502,120.0543633820259,156.10577724262217,-93.80354115047642,151.13971425705566,9.867948193377956,2.2603491518476484,-27.511966610925988,-51.83559183087181,919.208526050429,-86763.67469099321,-13948.235483888526,0.1791692498450093,1.340392591038902e-09,128.0,46.0,-0.040347043221412,-0.0073593181554307,0.0477371357718536,0.3859876474211199
7e9bfad018c1950019baa3fe0add38e21b1962f6e0cf7cbe6924ee128050f139,0.0912729767733526,0.0102376008575027,0.2915937683887099,0.0419488405390653,6.959351253089063e-13,-8.207531638355322,-3.831460674157303,-7.630017452006981,276.54609929078015,-3704.913623829397,0.0697430749145364,101.1618803206091,146.5289775516984,49.99321643561109,175.95077897514156,-152.8089513963034,59.527028819636925,-72.29778890291297,101.21567709744134,7.716755526603819,-177.36479214010396,-89.80058994578462,104.20845932548382,115.59479979193398,87.77332165779875,153.0489731835257,89.45922345730965,-169.74789641208662,-459520.0783931587,-732569.6197193593,-221009.26914012936,0.0582765034097954,4.278461455252451e-05,63.0,46.0,-0.0668420715813766,0.0861820569389797,0.0117792932424054,0.6927045074214766
7edb0b974e40005d5d76ec409a98e6dbf74d0c5b4d187ba0d58285b2774d9591,0.7628392103600867,0.0023592604457302,0.1112533288102732,0.1663604093049291,0.2435439073241261,-2.102416794841755,-0.5902439024390244,1.2757475083056478,6.432291666666667,186.07574506691705,0.0134705556899347,-156.74934927089438,123.60191925102536,28.12739710352227,-100.2128756485816,147.1801146273725,-15.780291887800445,78.97474187671334,142.25783086846457,4.684257550235652,-119.43370889280511,-121.55878194131864,-70.73302378114697,165.4294857191522,-174.01998054215488,48.66724590034728,13.557305679047252,-1.8020242720899733,-22665.937403326203,-327951.86674877023,-7594.830062545911,0.1828890266584004,5.139459871880535e-57,196.0,69.0,0.1192201116036716,0.1957922358625054,0.0570365778053316,1.194629452957584
7f60d4c90d623b2d4d30b4df58f951c244637371ac93bcfd36374b7a82121f5d,0.7029292206788066,0.0129127538168844,0.135086198053713,-1.6992748303150336e-05,0.0005682145754326,-4.237823964463236,-1.120274914089347,-0.9415692821368948,0.3603448275862069,-13.966318441723068,0.0095953946369159,-149.93547173939515,155.69766420855538,150.23786009878356,-37.54035236393101,37.43108820199974,116.04282252142404,46.092957469826736,159.40942100840192,-71.6171206633792,4.357043478602996,-174.10395963647747,64.56907381431856,147.98606867887406,-96.36793205925136,-33.529962714431065,-75.27995146313384,-135.55886394906045,72753.5922782488,-734965.1576066362,-29099.25975455144,0.124612523248605,2.5080821738801943e-34,382.0,49.0,-0.0095442803973426,0.0383225751690882,0.0024798512089274,0.968545064063392
8097587729935b9b340fb933a512af18fa37233601aa4bd487e439a646359ab9,0.3857259537942631,0.1164198935233562,0.0338075702955547,-0.0823276098100952,2.2956092070741442e-07,-5.938067071474831,-3.916030534351145,-1.8150684931506849,1.75,-692.0366917223365,0.1039607152774443,-166.11022690450875,-3.157880260348731,179.13125069262364,27.272599011376503,5.351035666820335,-59.8624419718372,-68.47762963583152,74.97404727334181,-1.5551576563548994,-4.005172172255138,174.7325187920284,47.43487938253887,-100.61450628754284,174.1040912446856,144.4199515449628,152.02924259798138,132.94406070133863,750.876979601588,76986.15783802394,5205.588201722796,0.2436453812771233,0.4917699615281639,59.0,57.0,0.0191680881753418,-0.0341023719510071,0.0353378797272163,0.1325164614471585
8203ff88388384a6f9ed28664e8e9484119ff340cb7dc0811a15194b3a507f0e,0.613126750482023,0.0378430806861364,0.0865083425570806,-0.029421524326107,0.0034656871439072,-3.749723877886922,9.496323529411764,320.90344827586205,-52.595113438045374,-12557.481187625854,0.1029009784965388,-145.70885525211182,-10.330548400115344,-166.09215253914294,18.579852795355524,166.40833797130455,49.539563183737634,179.77438252524166,111.59377910215714,97.24688893310228,-33.52676753468946,-17.72867125699303,9.187193079837405,-114.17543274767009,-153.3489778795115,165.44058986932302,-160.1588550866997,173.91237235819392,982684.2971726436,8241082.368009969,-552590.7749583264,0.2138871667699938,3.4977838374289014e-14,97.0,45.0,0.1081489593889324,0.0171447305070713,0.0216986980781153,0.091643273037815
83b3aa6a0849c0947995baf420b51f111686f19e22a90ea4841f9bb69f9c0b4f,0.5564485004179953,0.1103649069379626,0.1183574739935675,-0.0558264381746314,5.206264750478684e-13,-8.256948517369823,1.4983164983164985,0.1442463533225283,-1.2262295081967214,1074.194016946915,0.0436267568678005,112.16383307640436,149.23309455065512,-65.39428872624507,179.62061187625036,155.34997809930957,-169.10176422682764,-79.69085704916743,42.22095050165673,-0.3392599713444003,-161.69765004198314,-135.40030473178652,138.03232634648097,-96.13303320343438,51.32963012164776,87.68889014400294,164.99338348298403,164.81532736169476,-2288.390405859129,-477330.3570313821,-23429.62953068293,0.2052076875387476,6.165846273053757e-08,116.0,26.0,-0.0013470526393726,-0.1582675880535512,0.0061996280223186,0.5752061312178347
83e948cf4e2adc7e439d35105ef2651e6bb6790e2d4b55e8a9ef1ac146f18aa8,0.4360302773422654,0.0491568867347918,0.141255360131052,-0.0206725512715402,1.2677153385004677e-05,-5.121693869933421,17.483333333333334,-2.005235602094241,10.295025728987993,20.29064492951955,0.0655508457899482,138.38256638135738,-155.49878014732474,114.00260836416382,-60.49033330443325,-32.76963059518229,-80.86851487242646,161.910703668846,-22.86609977077181,-162.2761654803101,-51.5301155903088,-153.92088235651474,58.2976061876272,58.17668887670725,-118.29623111278306,-8.172835262762426,-126.7726599419279,145.47475501429122,26979.239593974533,-860237.3151911852,-9239.33446638492,0.1754494730316181,0.4487159338433857,100.0,59.0,0.017798122263181,0.0032505055171621,0.0638561686298822,0.4233400133389562
85cff28b83792428e039e986e5d5554318a9678f111ec9a6f65ae2956f25ed18,0.2890950790939312,0.0381016644888479,0.1459317863206302,-0.0213597058156653,6.474841172406187e-07,-5.734819030650243,-14.971774193548388,-17.73394495412844,-145.4165029469548,-60490.2617753669,0.0039247343497277,151.36445762419282,99.13319071045414,-131.85618322357314,-139.63091895733638,-124.81224091763332,171.14293549624165,-117.95031831401847,145.12016480634716,37.37457204424853,171.15927375727952,-162.7429092734008,-12.711407008747658,161.45911396857952,-75.28682176245307,118.7543991686404,-96.79303489960756,85.34887029194954,392522.513122586,-176543.1234120611,-153860.4696129349,0.1549907005579665,8.6732188659755e-08,118.0,68.0,0.0328480361110813,0.027521678158484,0.0396776193428394,0.998636225281896
8605dbd8e5f2fa8ce97a0b14b7abb26cb7deebf19748962f3de909e9fc355288,0.4478811994464126,0.0870481586320323,0.002007716444516,0.0047573170596959,2.423025013030036e-05,-4.980698878791902,-5.81203007518797,0.9774305555555556,-12.818027210884354,71.63200214169758,0.0256249310886679,81.46875357305159,129.4320502022456,-143.33668403741868,-40.21286857728248,161.8020293726622,-30.3759947237122,169.51845445068065,146.95455596617867,158.99135883134736,35.920045829796095,-122.35009917172124,99.9703809884761,-57.09468859996476,-142.38997672706356,-22.888005071461755,174.93281965584984,44.590898645521385,-121627.573168783,-403306.5075230248,4607.25143072896,0.2120272783632982,0.0007295958165339,123.0,55.0,0.0433040110384345,0.0721386388037492,0.055176689398636,0.7747287576259176
8629c63faa856cb5bc942aea153ff857d2b15ff719d64d44f521a85580549ef7,-0.0157489253384955,0.3368779889727825,-0.0169171070263945,-0.0948788516322584,2.7988910858044854e-06,-5.439344225409712,-17.046153846153846,10.829396325459316,532.3681462140992,452.161759081336,0.1026286954103284,-147.94000507978737,-156.7299292079607,27.946463300442804,-175.9842199081339,151.59099166185038,-155.55599800118745,124.497858690105,8.39395851302657,-152.0580027305803,-165.51986455337402,-92.9312199984152,135.18051818260386,29.297295286762623,-2.3601605111949624,-21.32578116727818,-57.68521619610653,136.46901611236947,72214.73245581321,-257602.0945919652,-63590.45296952751,0.1258524488530688,0.4413557502493798,11.0,75.0,0.0322028065755533,-0.2639539209353326,0.0049597024178549,0.3674869282845268
875652920ad86e74f898a9dfa1a0a6d75c94f7aa794d3591659111603c7ff872,0.3696673321001655,0.0344853812670011,0.0047877096037428,0.0119114029268901,1.1192124019152904e-08,-6.507897241251388,-18.58606557377049,-25.333916083916083,52.934701492537314,8503.583601779264,0.0215952562170659,133.2238590830813,-179.9049588577495,-125.07362920192487,-164.3311809283869,-98.70638530231076,-25.588444708181907,163.11866786624023,20.31085635059555,60.57917452607324,93.11107903170722,-86.93782409433244,76.73264461573247,-28.94652049006945,156.88576649087827,163.00164656381838,-128.66475656573022,161.62063118900443,-358039.17519002734,-3579777.19594055,421.46764908373007,0.1996280223186609,0.8567728334612783,143.0,58.0,0.0659120865885758,-0.003669304207381,0.0452572845629262,0.7769914801234151
8911ae3261aac5969b8c80b37d4edc8bf3a7a49860f633ad4c591531d6ba9286,0.0569591238604728,0.0086027950322675,-0.1212246563748552,0.0287250400953385,1.9713751210542805e-07,-5.967540382081308,-91.63636363636364,-54.7992277992278,-107.88541666666669,1021.3882320116384,0.0964894489232492,122.11016193971858,106.94116319686596,6.55785655255927,-165.78559183070965,-174.97695689964883,81.4458893727939,66.96315893489334,-94.18875557838145,-135.48063150958,144.97376355858285,-93.7565147819892,147.5854847369367,-157.4031798137881,115.91354882881257,46.3345545901632,168.2798394562256,-178.8004161582155,-9850.026549823666,-40296.17673892167,-4169.864099424643,0.2014879107253565,0.0007909212947923,19.0,78.0,0.0439032276184968,-0.1525690246965445,0.0297582145071295,0.0430979612740628
89fc22f6043f96ffe889008cc665d08953fc1dfcf48f37accd411091c405af6b,0.0543821276339842,0.0267072317248374,0.2760248181415258,0.0612344078946074,7.155006750719309e-21,-11.41349683973998,-8.684587813620071,0.0328407224958949,-93.50990990990992,1951.986511184456,0.0250117490966372,79.71509449914413,-11.97785719399756,25.01520199015174,175.362074714778,-39.46007981538069,81.93341588473848,158.45416727103864,-157.07446573049617,77.07798166486612,-105.66902727743852,-1.523265829327493,-105.04615103814184,-66.15776255204365,48.80317529052168,-137.82091250867276,146.06080765935576,77.1898554057673,455005.079661913,251797.89645705992,-8108.547572566313,0.0390576565406075,0.3068980139079136,147.0,41.0,-0.1243480055220628,-0.0134709587526875,0.0061996280223186,1.922043825479431
8a3b5e4fd8e6d07528c9c135b7870bcb762579cfe7482293206f2eccd15ba1bb,0.1584015185011757,0.0090861640696294,0.0890889255996928,0.059282241649088,4.3516011131652025e-05,-4.850397136137562,3.457286432160804,3.110671936758893,-19.410677618069816,237.73976367922327,0.1020292211186802,-151.22312476969122,95.4132308483486,95.03580506043582,163.01197093680616,133.8580999556322,150.01909994721214,39.666507176551725,-141.05918558229482,106.9321159824583,61.534794543842565,74.46659774782685,58.3742327113953,71.35036797438292,-112.16638116604936,-166.4566751674594,74.30362942539591,138.7242270993278,51323.02898417914,-8898.770248563844,-30033.69340074912,0.1196528208307501,4.208873854203998e-05,110.0,72.0,-0.0492717045386858,0.0164357492167627,0.0167389956602603,0.0696432112342129
8b88d592a5c878010087aa788b9f155f12bde628f3b1918fe39283dfd5482f3b,0.4987099135896377,0.0124215615954841,0.0564397956329673,0.0209320230263299,0.0104987646745704,-3.4137562911459947,-18.013157894736842,2.830578512396694,1.0959821428571428,757.9048058315384,0.1072274028056716,-36.079801960096695,-42.73025536134892,13.97220016089004,2.453796055099487,3.8801657996788905,-92.75007445750462,31.441326612685177,173.37640860591148,45.13105520962234,-142.3909900821717,-113.80566780465824,-49.57968561200344,-43.323720295652,-89.34316355484592,-148.34287545782803,-46.492194499878224,140.97653966844854,15034.516287827391,212226.72197279503,-8334.60557019783,0.2455052696838189,5.2431165180657094e-23,90.0,72.0,0.0149146813717461,0.062247227124374,0.0526968381897086,0.0932951755117457
8c9ce0de516e04d52c78b54b7d51a5fbe406bdcc2e61d19d18646b064488947d,-0.0729992694030757,0.3291578615319443,-0.050025141365339,0.022249783823057,0.005591530221832,-3.608986545668995,-5.014285714285714,-12.124567474048442,38.03585657370518,16539.03190430653,0.0961176448914994,169.47073361662623,-17.432550580273844,-2.437884350651092,78.34882674746946,137.01238474623767,-178.24479233694188,-21.55406132309609,-39.72651686405117,-58.47390868271868,-57.35902279847687,-53.48450884299436,-135.183299825772,-76.96693220010994,148.71289199854073,82.85162395109556,39.931877331686586,78.33496471905084,-374736.8175075412,132719.52872506308,-56303.22740145139,0.2076875387476751,0.2286434415465019,13.0,66.0,-0.1391112880411592,-0.2063545268828928,0.0049597024178549,0.739779681005053
8f4126a9adc0ca313d072d4bf1466f1d8126e1690905727f76199623f43c7758,-0.0002742235699487,0.3671067774645162,0.0555740429488064,-0.0549341342509126,0.85354418854822,-0.6733023090513895,-14.652439024390244,-13.09020618556701,386.1711229946524,418.43904619387285,0.1040827943839504,-88.98889437123783,-129.6142287594138,77.88202682524486,-62.00437823963973,-20.04183262342813,-63.94824108014657,-57.9992825270542,-80.23798067113718,19.995799404533884,46.430310225748585,-84.2429546224544,-31.717567292010298,3.042394143299287,97.93613747868667,93.09030076799714,-159.1122194335939,132.22891912702465,-24987.652702780404,-232469.53109775207,6348.760386299305,0.1444513329200248,4.954825505263837e-06,5.0,80.0,-0.2758862867079798,-0.0064955936534884,0.0012399256044637,0.3704392271185343
8f64c85bf73f1e1eb6fb78db614d1d1fcec30675865e78cc50f53e75f73f020f,0.5812671812516971,0.0639422818094041,0.1300688985897169,-0.0671090270085899,9.585179678379931e-05,-4.669821399417053,-4.691275167785235,-0.6422487223168655,-5.34516129032258,203.1009304816672,0.0330368558705123,142.62652216005404,139.5271440217877,-105.85089211640286,89.59091084889828,113.78866025443172,-154.5581156604748,-115.08115457375035,77.02428110757035,115.00371053617933,-7.465920653494346,-134.203889950763,179.56624692204366,175.07397300028828,75.06602456360322,-174.66404134953976,-175.55310423044423,-127.53222735540966,1344.845588223418,-357548.36361259274,-13097.706331435198,0.1630502169869807,0.2832566738993304,299.0,49.0,0.0408078112568699,-0.0836518832752705,0.0092994420334779,0.3848367148912835
90f265dbab06604cd812b04c19f48b36181836d52c1cbac060332585afb7513d,0.5150961597444987,0.0991366506119237,0.0676799351605847,-0.0189556286908071,1.0474993319290196e-05,-5.162639190561723,-1.875409836065573,-0.7126805778491172,-3.736842105263158,1188.211200211389,0.0161938809779683,-24.43031770311138,-167.23328593377056,-121.28242695433684,-35.5011624367939,-82.91722057995058,-73.53105334139514,-152.8576187371958,-1.1265856964249146,-60.731416807354826,-75.30428121168738,-167.9937213177282,-56.48156154049008,-81.77186954463284,-105.36934575394426,-84.77552499651767,-37.45235993381011,-57.68375854091043,-15554.386300342789,-136865.9908394788,2880.334693869561,0.1475511469311841,8.026463359137853e-23,339.0,24.0,-0.1606138153421136,-0.0717007942495824,0.0328580285182889,0.6777881689871885
93d4c31373200d74272af6e0feb443ea1206b83034d563ad7bc934e89b12e170,0.2669422187665663,0.0146820989604336,0.1596814432725279,0.0690762168356625,7.930726977681728e-05,-4.713693100195247,289.63849765258215,307.08651911468814,-48.98458149779736,-2599.667606450308,0.1017550568565741,-83.57851378521592,-56.93458928703035,-3.271210233171717,73.24729074604362,129.9168448213993,48.42709411903546,-78.24174701904914,117.6847010650712,-155.87538111578303,120.86733767013922,113.35259959880744,176.26621878188718,71.13917087254897,-158.60429970210055,-19.366365857383983,-171.34258255779395,150.05828299257635,61482.50103270533,2643199.794706705,-321106.9507836211,0.2548047117172969,0.1143763057541312,234.0,68.0,0.0014036122450626,0.1217436302570978,0.0440173589584624,0.0955221922910402
9467f3a8269960c7cf5eb6be3010d6a7b4d6ede14fae5e2ca2b58279c82d56e0,0.5114376042433715,0.1301239289442928,0.0704023272248444,-0.0766801530375334,2.7714954568329914e-14,-8.75495161470985,-1.5390070921985817,0.9306451612903226,3.542622950819672,-121.91305377998026,0.1813026141201124,178.6150717687116,34.71827344795776,62.08976775771067,22.968712602634355,130.2908297150664,-46.78751621957431,-14.7763262043554,117.0800180921399,116.07853547374224,112.30278936016812,-64.5252797758874,162.6786382704772,107.23208562542136,123.95337031942664,168.66004731504177,-169.05469221629653,-62.676931866279,-3846.2405606083407,222547.08860744257,15015.383476015271,0.1946683199008059,0.1613061250148413,82.0,29.0,-0.0055636236281576,-0.1483839240778415,0.0285182889026658,0.7715886387110853
958dcb47a429872162819393ea642e7cc1f60f233c190097226a4fe3ed7651b6,0.4803407942757131,0.0235880303529645,0.3034352572678293,0.2184612242199883,0.0403389270106726,-2.945197788844492,7.594871794871794,100.41420118343196,381.3848580441641,103.11719808128774,0.116985930718411,140.1800952504218,-119.09973875886573,21.245082768897163,172.83531428560315,-32.52959274098689,116.68711376534068,-72.38657760650007,-34.05594987677197,-157.16477535121783,125.74222220053836,-107.73368039095888,-3.172556473973257,-35.54039599488919,-78.3620216077805,-121.9470064530364,73.00884238919973,75.89728684724606,31188.67979101103,-338335.0824545608,53862.69012366192,0.268443893366398,2.735201039071221e-33,184.0,70.0,-0.07529916758778,-0.0232878669324544,0.032238065716057,0.3113701863372466
96b14a4f4e75557932044a3728918aa04102f9aa1dcd6e5ae8fd0e77b68b3dbf,0.9689405921236216,0.0002755504427638,0.1157162013459286,0.1189632965705604,1.0,4.04497101204017,1.3711340206185567,1.8812199036918136,19.12363067292645,11.402713519722964,0.0082557292449591,90.7451528881705,91.59717143456648,92.74179411035097,79.48862485290348,87.35596109024823,99.1819295983742,91.85561658626756,89.06494249155953,102.38834975812816,104.60106349374595,106.94141172704596,79.95006002069022,83.1255869309953,99.62251180887048,93.45352707802203,89.60681029461621,100.34154698153225,46616.09980924665,-61030.05924693789,-15585.662667630688,0.1072535647861128,0.0,1090.0,54.0,0.0242745278055921,0.0071798587437382,0.0433973961562306,1.137480737608624
96f5987d71fed507d96894deb9dc4079c41e556c4c778a433c39f6102cc9fd0b,0.1296263000110003,0.0085817254015,0.4005102662007661,0.0059103322901507,1.9569227962071385e-07,-5.968962352828938,-121.52777777777776,-178.01683501683502,26.465465465465467,2280.413574704228,0.1050659351372323,-53.87487711540497,-90.60726654344586,13.030904191328238,161.24558508981724,-84.53906521716308,-22.01414193875249,-85.21187672357884,-149.1725196137761,106.31277325616738,34.03985043007881,122.90825890085132,-11.32608884135715,179.87282532440676,-5.5273444835100936,-127.671122811509,49.41138980826448,38.53631574628879,-54590.265402133606,-4637.537340205896,311758.35272731533,0.2740235585864848,0.2318376028385748,84.0,72.0,-0.2900868171811266,0.0380742885346052,0.0433973961562306,0.5444350321312178
9716f5e6c17a74264f711efd048b5db43c2b430ca2caba594511d0add146a028,-0.013447399606031,0.0822932672371836,-0.0504993996372289,-0.0857029056865811,1.610730593915569e-11,-7.669173607628338,-79.02,-225.22457627118644,977.33984375,3379.8400101498964,0.0883792202603944,-89.06573154621317,38.1516678423822,-123.73670090296469,-145.74593956708517,-173.44182270719645,19.55255560063514,-166.73270851892053,34.66391430255866,127.9571169731509,50.021534162186505,-171.048615848323,87.31021904860923,121.5966408853076,-175.63341677387655,126.4406436740752,-109.49043822125938,-140.77852481653866,-102753.56264954303,142822.72608907294,-14395.107788343146,0.2120272783632982,0.5572441622882394,38.0,87.0,-0.2787840363945073,-0.0115251594939329,0.050836949783013,0.8737200992680922
97cad375514e2872059beec9e283eea375309cb414d69fb1b76a3d3e81067a9d,0.0073327214795198,0.0454748693858093,-0.0195336176748434,-0.017652032687937,1.7469956835223805e-18,-10.416688674687064,0.437037037037037,2.1330798479087454,-249.00972762645915,1643.2166127434375,0.0555793069322115,-166.80630181156766,97.9161990625405,-174.22742125542192,88.75787558786351,152.95064989510132,168.2460428860624,170.91180865224842,-5.344729187912965,86.10640408600648,-104.10812911340896,-88.60179923309597,49.95710017694228,-95.11368150835712,96.8725166405588,114.96630530583576,164.0505749157544,-147.7888753154986,99295.84321360088,-43665.629987372144,74808.40160966016,0.1301921884686918,0.1481205023391008,62.0,57.0,-0.005975093986224,0.081727094465607,0.0706757594544327,1.814053453113248
9bce5e2ee302cba459ff2ca75e37cdb0dba32118fe1fd0762eb4726f214eefbf,-0.0083321993838447,0.0213377961598923,0.1843879341168346,-0.0579091281558774,1.807604559765912e-15,-9.218393694419833,114.66666666666669,-72.73880597014926,134.07667731629394,656.7854904371198,0.1018763224174038,143.64492139616507,70.22820488653491,-168.37971675622683,-41.38713791751733,-29.2826371385414,-89.14710434722001,-116.80624750689472,25.45790945025684,20.961992973054933,137.8524923800235,-139.15165920363674,122.450846107723,144.2073268403578,110.02180700162953,-45.13523416416443,145.91685309717212,52.04570542781953,102351.95818415974,17721.384055011127,157790.49079682468,0.2058276503409795,0.5156638862981889,14.0,66.0,-0.1553383858934577,-0.142703825253002,0.0278983261004339,0.1246584458813338
9cb3bf8836e684a7054f0ffdf528fd63c3cdf6dd0de7fd18fe3da4b0830a349a,0.8494818698999833,0.0043075826885036,0.0410247765368453,0.1075014141157067,0.2273068504392747,-2.143706491966663,3.234113712374582,-0.3912310286677909,13.615883306320908,685.7643245999731,0.0244455844230739,-44.85400180148087,-156.0835867714763,18.04112925254953,36.707864417706894,-33.191112786406535,-30.62912514611902,80.69033835738368,163.19393181028997,-20.163949598651445,-73.01828012398924,101.6873058121294,-79.76597993567322,-81.05500616197703,-78.80666073929936,-33.20633622518832,-123.60919812978328,125.72463039238347,-142977.2287377102,-4595808.552860518,49714.312433766594,0.208307501549907,9.723522556966932e-07,236.0,52.0,0.1001272887034844,-0.0220898764945671,0.0123992560446373,0.7557850138972186
9d133e10efe8865e06a5ad5690b94a1efc90fb7d89a6305638f2ee8dcc4f918e,0.7851431046905393,0.001263176757501,0.0012085264913981,-0.0218664572531137,0.6788566919134001,-1.1877179667697697,-22.60983606557377,15.370015948963315,-9.341935483870968,-1785.0691690216483,0.1087468036615092,-176.18933168436905,90.64180951847852,163.92165227542353,99.50690440586423,132.9491238220201,173.66424831070847,-164.798150084365,176.33684740695494,-175.67015047446546,168.84638498460592,161.94081141203966,134.45291858008954,-66.33229930781644,-50.87351686490568,-147.2000340079056,113.99951398509882,-177.53408974300564,43893.07469234355,-23054.539108267058,-76673.98834654973,0.073775573465592,0.0,431.0,58.0,0.2016982979467311,0.0047052963558819,0.0068195908245505,0.1432048299776477
9ec1699a6d1388ea6aeeb85e55133f7c519f2b911090b6c72888c6e159f76bb4,0.626301240388137,0.049170900184883,0.3051170541407862,-0.0205215118757139,1.8675987304353453e-06,-5.522106165513802,0.5048543689320388,-1.896057347670251,4.140569395017794,2183.532444653525,0.0855558862418316,29.7432902590215,-54.34936190750349,-38.15343551756371,-65.58624662687733,126.81938047551016,-63.514429354619445,-31.774387392493857,-161.40752788683446,-161.44544275815647,-109.66152955173678,-59.51065024043263,2.9160197932375014,162.68228890160083,-68.47910369438667,-32.7544142437141,30.389801925210648,62.69502236529527,-17249.87062312481,70207.77140130955,-17769.06907791015,0.2355858648481091,0.0223335264955704,217.0,48.0,0.0710601065936158,-0.0522624461082379,0.0334779913205207,0.2465568783646216
9f7c42b1b5e58255e47691a7b28b08272a9e6a7db596871d300d5ed6a0363e35,0.0633943009714193,0.0502747365688687,0.0702577947617345,0.1360405423865028,6.196535953721704e-12,-7.833668438438842,158.1,-112.2969696969697,-1375.59649122807,-957.7402165273038,0.0930768474612809,-73.69417119054316,-161.74697887406722,-120.27509817464316,42.560524069013326,108.04136754915856,166.5465694448229,128.2979549926237,-39.43683986612207,-48.00345348505653,-2.008136012330593,-139.07544302351022,157.95543459439935,142.21443819624034,155.22218177347327,-132.26661881297946,-79.88725739426566,138.57554501854295,-254169.15489340737,-495882.3430778976,-280566.5560387279,0.1004339739615623,0.4036058446836289,113.0,80.0,-0.1799327151546272,0.0912651996040742,0.0626162430254184,0.4474186024214098
9fd480d41076fa0ebdb0ecce20c46f3e016d91c243c66ed3ee7864e65bd37311,0.4892071045173274,0.0373835532104351,0.0160321181004536,0.0327015989199015,1.0570806353275325e-05,-5.160691106022554,2.8614232209737827,-1.1852487135506002,-0.2610169491525423,1475.1605560739429,0.0124854140066518,-166.45923622950735,-156.79150949525317,-97.22172343019513,30.94447907428225,-137.32326881485238,-29.04492256310433,60.94231500114645,-158.19352389730247,162.11523878665287,91.50133253801856,142.08355961816633,122.89943014021912,86.33978923542924,149.87106932604283,133.2182461301704,-107.71921894697154,-14.742331587636356,-43268.05838430719,-449864.7495282554,-41726.339184967095,0.1661500309981401,1.1981760386772328e-32,157.0,53.0,0.0922232954116141,-0.0436673972851555,0.0712957222566646,1.0064203080733325
a019f985b270ae7dd0c6a6898e6992cf1b52552ad2e200434bbf5382608563c9,0.0794419387811345,0.1051583874581733,0.1610655909863792,0.0185476315593931,2.9779851413894954e-13,-8.35196584796189,-1.2912280701754386,-3.528205128205128,-29.94559099437148,-43.15874313915909,0.0989422550486808,-85.11799251327024,-161.31471396040706,130.86610108390437,44.87150697162258,45.69392412078081,82.26573914489163,134.37329725712087,-29.24281135949091,173.00438611870734,10.771066311753346,-116.93362264731866,134.7394716117733,178.60164037603406,126.77075865433532,-32.02263563290911,-115.95650179045384,116.22632004417616,-48203.008670350464,-197163.0558640709,-38534.26024861372,0.0880347179169249,0.8957517118243825,272.0,52.0,-0.1657880424057557,-0.0477504876665326,0.0731556106633602,1.476873355784696
a107843d9cff89380016c124f6c871b8325dba8e3843e6e51fadbe00e1ac1b7f,0.1468461417316765,0.0550330657590569,-0.0180754412722025,0.0356419850255085,4.888444808086788e-19,-10.642524100616749,-0.0038910505836575,-1.0586264656616415,-87.80628272251309,59.541843381193054,0.1196187268186891,176.6789592180278,155.39760658560928,-58.58711714348215,-124.60187136352934,21.28093740625788,-120.97371306929692,-75.80905581521094,36.20020103776823,-130.83610176751432,149.26848392773127,-58.071429547366456,133.83767837202737,-35.344449585800625,34.79479255096135,-114.03704209588352,-103.85344347157032,-66.94311557836055,23231.09252703185,-285375.00264818047,27364.96818802203,0.124612523248605,0.4366856107530463,100.0,57.0,0.0272707293443754,0.0341544156158483,0.0650960942343459,1.7395032560222763
a17ab90368b2f104c195bec940b7e89fad714e0dba56f062fdea8291764130bf,0.3012483562363141,0.0592912012351018,0.1658066939023314,-0.0339082234537167,3.78728112076409e-06,-5.376878667555864,0.4225806451612903,0.3693379790940767,3.044067796610169,-72.0012331229016,0.0027711751310748,-162.31427973546295,177.98781572808997,-173.330096537494,169.90859051459017,-89.97037386569905,-12.837391647779958,-178.5354539017331,12.302358920024735,139.336511032396,-141.95765535613145,-23.0655826831944,39.62669658372085,-145.59338597580057,21.40290099637288,142.9744512157728,-80.67339259754327,-126.73211282210306,168413.81708214807,-1331189.9896058156,130413.9651169857,0.0564166150030998,7.098951326496252e-05,141.0,36.0,-0.0279951862731771,-0.0240701613410647,0.0309981401115933,3.177274644107663
a21d40a02e91fa5eb9843759376b36f1a921da03d998f9500d56ce568c93ea99,0.7348239145481027,0.0371123792124129,0.159124287764819,-0.1022575084126071,1.2571462755838842e-06,-5.602235168624132,-0.2581818181818182,-1.3820224719101124,-4.1227786752827145,2035.3402332789265,0.1357896032888999,44.51124487156248,-85.45671449741354,-48.09558153775999,-55.65698456927221,-121.38676645488763,-59.89417250391314,-61.54197153611602,-81.17731834993528,-48.494055248729566,-97.92827427994168,-100.7437379420649,-110.1669448654072,-50.55496705137584,-99.75705829294144,-55.13601756097921,107.97424607428276,-137.97091260745282,-17470.524007442018,69148.9865405276,3252.4313377866893,0.1909485430874147,6.826596458710699e-136,454.0,41.0,0.0078996266659544,-0.0768344431498638,0.0018598884066955,0.8344617434415886
a30d7905672e6f4448e0da995cdc5dba5fa015d0038fbd4efb17fa59a4874bf1,0.1515642256935707,0.0612888434361717,0.101454533003611,0.1180866524469346,0.000177821327489,-4.52411925139879,255.47706422018348,-21.59813084112149,-296.7734375,267.2548954056452,0.0768129719675551,-125.10213284488944,-61.52019667052448,-54.38979129948007,-78.40190189033599,-142.35957555538545,-26.77938296373567,-125.75266822501564,-134.84602320010268,33.722190080054816,152.9579853318383,-9.93302661304493,149.9924046338866,21.5819773957914,-156.17393459534446,-60.090962003696674,-35.663121888209936,-116.82511305189726,159979.83852803323,484468.5401274225,2915.596721581419,0.2436453812771233,2.4163463964019752e-52,24.0,67.0,-0.2092562684493072,-0.0843704380055425,0.0278983261004339,0.5548981043845757
a37c8fded428afea9129d60188d1fd85f52da833f3361c335422b0a29f2aa32e,0.0626014348642258,0.0349336758134039,0.051568661276502,0.045892422770196,3.413192075712719e-13,-8.328775811409256,-14.995192307692308,-9.670588235294115,-553.9031007751938,160.87510298932247,0.0739182160050123,-105.30621876075504,115.39470238668036,120.38364517305055,10.04545932355528,139.7858994063471,12.175413396419916,93.87599387650776,-81.0651639773018,-91.28554098903736,152.27297681541197,-139.9340020984056,164.6927160671434,-30.4723656356009,-123.58765297451072,137.82337717226756,-157.16729180820008,-134.813120327937,43537.47528898607,-148785.27675412898,92519.25991023632,0.1072535647861128,0.686486521314627,107.0,64.0,-0.113844670051902,-0.0239860832366817,0.0464972101673899,1.4931284909146356
a3b37937f21168e8f66b6622969f923412de4427a53df66d5a470d3b32f6b667,-0.0511456272532691,0.1311556572810716,0.108677950662116,0.08187446956703,2.9642539659591535e-17,-9.922565560982656,-11.27797833935018,-16.13157894736842,-5.001851851851852,-9.47344125482329,0.0988671739594161,-64.83381804518736,42.14280730665861,179.37566289732862,22.66892839368363,11.979874324405616,36.42923229073855,30.887919521245173,-164.1699622212561,-145.028799072564,-138.07865895330644,46.493159958659774,-125.43604639887904,-107.25918514169044,126.00142308722658,168.67147774087962,-133.39501407102549,105.47173177336188,-1569.2295999311814,7262.984231302562,658.8050349985375,0.2479851208927464,0.3966179494194968,30.0,59.0,-0.0777319819752132,-0.0285808947268401,0.0235585864848109,0.4156801859777009
a42179717edc415cf05ac1080ef5e3a639031cd994fcaba58086b97935a5859c,0.5362004687939758,0.1243947131636108,0.046323536571144,-0.0488891716453965,7.095761995023988e-13,-8.204225026674095,0.7940199335548173,-2.2095238095238097,-0.6390243902439025,2617.3080567346656,0.0876273068354513,114.08542462868505,142.88505613554727,-9.48704576946784,-107.2382066343658,-66.76952302188798,27.04351493291411,88.9130964216908,-23.307487944347947,-163.53648422735313,-121.07449376557716,-124.51785412674704,-164.30061014446673,-113.84014338947571,-118.87046872255377,-108.07487607332187,170.919138179425,-14.768615554808031,-7352.926171533169,-170799.11597406745,10244.264816897712,0.2070675759454432,0.0773847151666613,73.0,19.0,-0.0811669401319364,-0.0745159599905911,0.0,0.3649805026001795
a4d811c4d9232a14b4b863f7b290600a6a40ae804a8726ff693d2743e72317cc,0.2119462470817454,0.0550115324942852,0.2013171603929772,-0.0278530497365892,1.4582805876129862e-08,-6.4590998157698,27.36575875486381,2.36,3.944672131147541,-1124.7635587503396,0.1018851678766737,83.02722690259476,71.86755736675069,15.95844823947882,-138.44838112385315,-133.47965405490189,-119.4601701224246,-75.09280739022643,127.87797717238452,41.520006020422585,136.0870163891482,150.3990472696368,75.54792018843821,165.68997926400414,139.9888899646491,-120.4281343025092,82.13035341036138,-29.92791955884149,25657.96099856923,26708.374042177787,-14399.286765732744,0.1128332300061996,1.3708342913070158e-14,47.0,48.0,0.046756817862337,-0.0715463504730842,0.0204587724736515,0.0601120857494603
a527539c1c2cc6d4ecac23d5e4d23259d5eba8f793d714c5500d1bb70d5c4957,0.1228116946200526,0.0103320845290465,0.4216709830544023,0.0686711680695675,4.68091873348605e-13,-8.275050716892725,-1.66798418972332,4.792490118577075,2.7845303867403315,-592.4723844796957,0.0919142059495685,119.97541170333608,-56.96515072285721,-131.6565987615186,175.86236219684903,-179.85458319335984,-19.628901603345103,-50.21180664162544,-59.285621492194544,-171.85725831274954,151.70240791861917,75.16845608760467,-113.8601496265446,146.16279416870307,138.61522505669905,126.85306448573414,156.84656776305104,47.38413946545027,-9570.385694090624,58074.99466977336,-21740.25708113979,0.1035337879727216,0.1469358887006448,88.0,62.0,-0.0610271105954902,0.0211054465194312,0.004339739615623,0.1825946940372835
a5b8230ae0bdd82adf06ef357f88d1d70289049c125b146dfb16e972a9a4990d,0.4838891224420005,0.0338634977379672,0.0248325976591992,-0.0072026465942384,5.0956482317657376e-05,-4.814767743395755,-0.9298892988929888,-1.5516666666666667,1.588235294117647,122.01872742807684,0.0025793808127998,144.5123709000473,135.75478575663996,22.92567817175633,-110.04652847483231,98.58153664857736,-6.063437023068179,66.04847488198952,97.60883592271657,101.3146110030382,151.20851379045897,-69.97795803985791,83.33775832276257,-100.8739101510099,157.87269449769514,-138.68844193257175,-179.42101259780776,-80.288944313833,-48124.25627511171,-496730.1899027007,49335.67107735807,0.1308121512709237,2.764019728035237e-19,142.0,54.0,0.1258316605538121,0.0111652391513719,0.0483570985740855,1.2888296400176755
a622955216602cff21b853e8f794e088c1279804b7f147628e01aef85781ec25,0.1323688689693763,0.0227687906548407,0.1604631911942256,-0.1183859749745931,6.182576519215315e-09,-6.616667943902196,-26.7948717948718,-37.33531746031746,-167.26174496644296,142.6241351046048,0.0902876046019368,174.45613370246392,110.17022027527877,-7.627408731569957,110.25261467951526,150.89735751817912,175.92369998597056,141.11247871356147,-86.27882278375667,-120.31372341545408,21.45321109151789,80.62843558574836,166.4332045889918,93.43420358380185,120.06795955881948,-118.47549162570796,-174.71037248949364,112.33861315787416,-442.4489951713857,-57737.28364754881,-22653.704831116083,0.2331060136391816,0.5388588292968471,65.0,55.0,0.019645763751284,0.0992968874195223,0.064476131432114,0.5556603223239855
a64286a4880fb2a1b6a4e859ffadbe91d0a1dcd5db2c636d8a89f746fb94abf4,0.1189544232452829,0.0041646487321165,0.1169941642472008,0.0191493627615351,1.1476818148603004e-09,-6.920826630900112,-4.6875,1.1144859813084111,34.21788990825688,-346.65762483627617,0.02572473229987,144.85887392243632,-173.37927556062235,-133.8603195927825,-172.91398114477906,159.26053313429836,27.59819598802806,177.65715325712705,-75.20416586771586,-91.08991997084448,100.5369382593071,-109.06801224450456,-35.0763946068349,-177.4039710932824,33.43823206510246,-169.28278497183007,-108.38159432872816,-95.83335539022708,895.4899359261527,-266356.3783092446,51966.62451540201,0.1252324860508369,2.606494679870552e-05,68.0,74.0,0.0769617355512282,0.0815745630053288,0.0452572845629262,1.0050147795062592
a7be450719c68f1945562460a945e08558e7ce7a22e8eb6278312d12eb669ba5,0.612823485676288,0.0365415695644485,0.0971333219072397,0.0017461081801898,0.0013089978146039,-4.02006823969663,-0.1486880466472303,-0.6472491909385113,3.9550748752079854,-13.800985767612524,0.000111344755375,-168.26727587631032,128.6455690495629,-2.8973826571364625,-166.3826082700133,176.83093263507843,137.9335586344378,-89.02322202388298,-89.44264463417765,-105.19804645438958,-42.689382347253456,135.238683816522,-146.7235559087716,-171.12199580892468,-120.29674278968444,10.830414428001928,-138.2227919750929,65.41967472478669,-42277.4245599976,-1364959.3099799005,-52741.45933386312,0.1785492870427774,1.2348445587866793e-29,350.0,54.0,0.0981895243465913,-0.0146165378064705,0.0,1.0664966410300545
a8ce38b224897ef1a0d5d9fe15deae3a9fc8cc372678465d537246957b023298,-0.0011515982602713,0.0214234804955299,-0.0471988899965963,-0.0400499678532608,1.2163858058083848e-11,-7.71761504183815,-2.7314814814814814,-6.452,-169.77464788732394,-169.37412272579334,0.0712244826952113,148.88401497670864,-114.49527267359254,-66.13976570035828,166.42833671246376,-50.16025810799575,132.91847332007274,-69.92060169775988,-26.72413506365455,32.85579923137116,129.40827239954086,-65.28768703874113,-42.803853282341606,-173.154261670073,124.9890172651346,-3.625446372326292,127.48281792765948,157.93230598282108,5414.03179152571,-30570.80508058229,17479.729540696968,0.0886546807191568,0.8752581768465562,34.0,61.0,0.0016586699104565,-0.0519232802180631,0.0266584004959702,0.6547544910487911
a95134785644bf134a3cc2472a9ac37f2d831b541f5d5fb5372e02c4a2e03faf,0.4475225374454094,0.1060297660229333,0.1023597317012664,-0.010524674828721,1.5396470294118457e-06,-5.561298953260011,-2.6029411764705883,-0.3440677966101695,-0.7210084033613445,418.0354670796322,0.051756979703811,6.957757074048889,-156.581371089073,131.69158730655815,-143.23232742527676,-156.6694050663431,167.15591709193495,179.37502871114245,8.339147333067846,-64.23328333275855,-65.48152760472449,34.7375261515675,-58.238388915684354,-56.23736481163888,24.83498864619673,-51.89692229858035,4.138907676895281,-71.1744767120268,-13865.962516069943,-68722.00929005264,6705.186885050692,0.2157470551766894,0.4103244584162292,91.0,45.0,0.0928959405130802,-0.026543695528411,0.0204587724736515,0.509128619601942
a9fb20bf834bfd85d6c5caca1106e2f81ddf25a9c7074ae594af192b9d763898,0.4475394664201987,0.1355352232145306,0.1079242601091252,-0.0730101571013567,3.4693579026509636e-09,-6.721730666814481,0.4880546075085324,2.7665056360708533,2.565743944636678,119.00045001119533,0.102438244914637,177.6739629551919,-91.81649221621062,15.651536515449989,22.992220715421045,15.940706112099678,-2.705170097995268,81.99286558725852,-16.16421874343149,6.212201787438445,20.4894265176625,148.43861566018543,-157.43098695540013,143.07273458043886,38.88221419670448,35.51255941649872,130.39213907295343,-11.740588960661505,-5488.623634215476,-3282.4827260924844,6389.851234955375,0.1965282083075015,4.451510178560164e-11,65.0,41.0,-0.0431546296225141,-0.0858206914396102,0.0105393676379417,0.3381162182924204
adb0596b87afe268203ef15ae3f8d98fa22dc2484da6fefc301cab6125354eff,0.5692678510063895,0.0610743658569863,-0.0376852050383251,0.0282485484524119,0.0008818768293963,-4.124551322642208,0.1141732283464567,-5.644642857142857,-35.46139359698682,599.0581890394428,0.0681135164982701,-177.5891475179706,69.99837259887326,-88.90294187026362,79.7244011818466,55.62519531212793,63.25416286473631,47.90223803939147,-77.4739738897878,106.19232001466736,94.56723492661922,-144.98952560388315,113.90700321377534,52.9777325515166,92.87474183192091,103.9605308387387,91.19995864565897,-62.45561085452356,129460.58526073098,385714.6082561578,25441.895390215566,0.1487910725356478,4.452592032636702e-49,96.0,59.0,0.0880164852158977,0.0241691635622218,0.0632362058276503,0.4376925065943431
adf7a08a361395a0628218dfce41e009094997399692f3b2be4eb6e439e93694,0.4068122875438844,0.0600605334380539,0.2208091557986456,-0.063236685358958,1.4937036986497528e-07,-6.021019548801829,-8.690677966101696,-4.475149105367794,-30.44842105263158,522.2238288238568,0.1062387847381942,55.49914681406548,47.95910658113414,32.363248016090694,92.85919531423104,136.31483333087274,-95.99860215825537,50.34017029326185,50.336412283334624,129.03375236496214,-120.75746996724786,-86.68794623412903,12.568859379331524,116.28167466687536,161.4799809670777,28.88342615453055,9.796447623238496,-13.160018400213096,-7691.440717182838,17012.08911656108,-11313.445198168618,0.2597644141351519,4.421806564068678e-12,67.0,63.0,0.224780103444653,-0.0820817683372442,0.0390576565406075,0.1706012757774773
b0a50aee9beb172403aa7a2d95560212a963e77d01b6ea9cd8d26a2b4a3798d0,0.4893866920623296,0.1281013442768897,0.1011062745182438,-0.0395779108482979,2.631993535579684e-10,-7.1822078644696985,0.1155234657039711,-0.0906148867313915,-0.0697674418604651,95.27674372840735,0.0913800488144791,-171.87674821245653,99.98652209233713,89.65950232984513,-25.811109962695063,-9.929055239437172,34.44856603120147,-12.856531357546665,48.23564862354469,45.35090820775137,32.61952906667332,-174.8928000911296,119.91887710592614,177.26394474629103,-25.28403564013133,103.28748634310396,-150.28955965836147,56.01928214671504,-1051.300602249213,-5712.312445800071,3923.330560150178,0.2107873527588344,0.0002973493339711,68.0,35.0,-0.0753886590547646,-0.1481295927083887,0.0099194048357098,0.4031506439345512
b200945b3dd7c23a6e1c971016f448d15002495c7052015d02a6ffee8799cefc,0.5177195557645984,0.1025835837306335,-0.0474890944092496,0.0039993044123419,8.74253310973423e-08,-6.123455340704796,-20.06774193548387,-15.032051282051285,-14.281200631911531,1913.855665813608,0.022754949225966,-23.6293834676732,-151.67700878793354,-92.42112421537232,-25.09469685970406,-130.50942513891218,-56.800925348636,-171.80602023052714,7.220259833145461,-68.27821692210554,-83.74326360292747,173.05109010582407,-85.65532170132093,-115.86570672125116,-152.76565755421535,-94.7407712355034,-26.07451770888901,-40.22858287605264,-118593.282295099,-2630673.7976675075,20036.3329400677,0.1723496590204587,5.221973178710446e-49,337.0,25.0,-0.2041689171497738,-0.0765137772464181,0.0,0.7013706402160357
b226f37743e2a4cc6527ed30c845d8f7072fd17fd21e8305e60127a0495eda9d,0.4275866510511639,0.0422387939083592,0.1847551865861971,0.1714248442578357,0.0001109288064493,-4.635747170765031,12.68877551020408,6.230347349177331,3.373881932021467,171.57933490456227,0.0299691899144236,151.36207891317778,121.14910918509692,-151.31328408604475,139.5445885338101,102.91158338346,-150.33242824123352,-80.32070256883372,26.40128872142833,-152.2340925281746,81.39321124293365,-124.35060640090454,58.14078331484928,-87.81449112463551,-86.62553802884442,107.90332515281632,171.37841510940058,-0.8062859962327831,13214.769119390992,-214700.43911917304,-8071.023274791207,0.1469311841289522,4.6508999556760274e-23,370.0,57.0,0.0843896601578318,0.0835436222654063,0.0557966522008679,0.6171618300840619
b2c7f8644a16c0582f901aa5550cf4c2b2e24097397f02d2e9a4121c04b18e98,0.4231394839696234,0.1205213959655358,0.0809460852112685,-0.180273848880854,9.009517295444524e-09,-6.54775971979159,-5.286764705882353,-1.91542288557214,-44.05460750853242,1118.7724098995584,0.0823240502956342,163.2788834582336,132.2503273106946,58.51651282155777,45.67294943856276,15.284585631113249,64.14173518218112,-158.81561810089872,-32.25766423046948,-41.65990827208665,28.68593854651492,-120.2002023609556,-147.85049666374,-146.97451068281563,-165.01668116852167,-58.08742104157437,-175.64496779244243,55.32884614186335,-94571.15694294458,-351813.8943420127,-71214.41102075495,0.1574705517668939,0.3205041846923797,73.0,38.0,0.0873057306069188,0.013791469268985,0.0210787352758834,0.6289775141929345
b5a7268b0f0daf1aef7abd145c4bdb9d14ddf8744ef9f618ae009053db44c2ec,0.4566881308118609,0.1129831835173319,0.1195058936802761,-0.0048066837096162,3.530174258285709e-10,-7.1303923888032905,-2.23859649122807,0.3680672268907563,-1.7612208258527828,54.38610115984037,0.0976710294639262,57.252231483905895,-140.42837404534623,-104.22554292989145,136.3529185106233,29.74403516637376,-89.93299913612496,-58.54226960210215,-179.61871426564565,-74.59827441914243,-39.33281416388572,159.63644343093003,-142.85009431160853,-150.59701300391728,-72.2267230572534,-79.38317154010721,-20.9389698509632,-118.88346314533632,-22331.94207189212,-43688.35496646932,18189.06877243449,0.240545567265964,0.1663639918801979,67.0,50.0,0.0820006475595076,-0.0245323655699349,0.0099194048357098,0.3404203069984285
b5b2a4cca67d4e048cb7e4f46f18bb2b5fa75ba583f70192476df943491d9217,0.6401926121515447,0.0158116037947555,-0.0309488621913688,-0.0672373842422402,0.0078401082805492,-3.5057712117554907,23.71326164874552,1.1989708404802744,6.567986230636833,153.64987120780862,0.096161989860497,95.76542673198108,63.30169794417866,-121.99283214848263,-135.796091091753,162.55233916631926,11.638424639666107,-24.974871479111176,136.39447399091796,105.77237780174588,27.947172733596144,125.69748762105718,52.65348065338984,-119.98458887304288,-34.673282320948175,131.51831020040237,-163.63513729070297,64.3371335682888,-62593.1704586967,136581.56327739643,-10727.755612349718,0.2250464972101674,2.6804230224629568e-77,269.0,61.0,0.1505204752517469,0.1100049936596537,0.0756354618722876,0.4488448156723278
b6ea38d43373e0fb133096d98b66f96fa878d5007503dd3e6aa115cafcd5f960,0.4919265272752933,0.1141766510723858,0.2411466016850196,-0.0013731574285571,6.128811983366166e-11,-7.437483996906272,-1.67109634551495,-1.1661237785016287,-8.172061328790459,1099.7641342872903,0.1022210715320052,95.1995273810897,-127.34885776231584,-46.470152890742185,-103.80045189898416,-139.3073202944226,-121.12688224855806,-98.71026297240545,-163.36790071875257,-50.00365722997457,-127.03010259007424,-118.84469459062504,-167.87213032848683,-44.90994244268529,-108.4556251130694,-34.657193675896366,110.7164926394276,162.99797311138732,-10039.668111075434,-68331.3181985446,5288.952848546692,0.1363918164910105,1.078472247416037e-15,73.0,43.0,0.0915478660418044,-0.0922355989894076,0.0068195908245505,0.3405281583116798
b782103b2a210618b499a0e762dd70d3ad3a0a97dadbbaff70a6b93e8ed919d7,0.4388226932544611,0.0364675714971006,0.0867810907385265,-0.0075538034125495,0.0001178228911518,-4.62161890071663,-9.63978494623656,-3.1524752475247526,-19.898039215686275,-417.7710623277678,0.0107960797926367,-154.59627613974845,154.8200217494964,138.18387886774573,-68.86995090672941,42.09501224333222,63.1043069064814,-53.30838407595616,131.41241933686825,150.74650939944442,-67.71961060580381,-156.83752834495337,92.03256846737716,27.71818574554582,88.60028041817546,132.7704996035126,-171.60797392287355,164.98052259590233,50703.60842920805,-685184.9867283386,17310.60932229386,0.2603843769373837,0.0033887288864095,155.0,61.0,0.1624051703512797,0.0182553665626863,0.0421574705517668,0.7064292024604386
b8fade4b5b4899584a8aef8301462586ab552c6a99398a9dd4325e0db5fd7898,0.5197767681303451,0.0631015004167396,0.4709390449181241,-0.3145373832297342,4.263467903889882e-06,-5.352270615789701,-2.213815789473684,-6.316993464052287,7.714285714285714,436.1218768517742,0.0113617245088046,126.97654813284122,127.23322844277055,-17.74420168267539,-88.24477239852443,-58.25510837221891,-152.4853073823936,-92.15591683183376,86.42389174866264,130.3629748915656,125.65534279414196,-19.806826130409096,-147.66669310984432,165.8279736519671,150.8325537767161,-122.61985758678172,-167.8350059915905,-32.35109420712261,-13549.982814601752,-399979.3717961653,138.22138059910958,0.1928084314941103,0.7008061729367656,352.0,39.0,-0.3008698243759861,-0.1890834803598,0.0272783632982021,0.7140720237831764
b9226e5e4153be38c56eb544a3933ec6718218660987db13928442e3ce5ef6ab,0.7322336492803171,0.0166261340861323,0.1048302002437192,0.0231810204274309,0.0090420351565745,-3.4611743541726114,-0.8381294964028777,-3.750877192982456,-2.313893653516295,643.5449452564653,0.0932495937594614,102.1810235181833,-57.84059536555545,99.08846170292551,-25.92853120277025,15.68675841280984,6.693743768321798,86.74346860410493,-106.16639432009652,-111.14047384814177,-89.3547048995755,-80.64033815880866,170.17854375644325,-122.11344912039064,35.64426773529467,162.72459340116663,95.7557849853582,165.64293965749965,4419.943979281862,109769.18063345645,4657.4502626429085,0.2064476131432114,4.695524631171526e-47,127.0,56.0,0.0499389415450671,0.020346884142383,0.0861748295102293,0.1958955668604181
b9b4cd0a58698d599c38daf3a8db16450f4c933601673403a2b62f778d7cf5c7,0.0768102668370424,0.1375889895118794,0.1104971728954694,0.0348524903274267,8.509262522197636e-11,-7.38026038189567,-8.633204633204633,-16.96264855687606,-2.05945945945946,-2729.2895212114054,0.0930634940923617,-64.32246143548497,52.78083189281744,-125.80745088149664,55.06945971942013,32.21038762699665,3.585520753558394,-40.41716953352928,118.39816004768032,123.99720704741588,117.50626309712628,99.09194773702228,-55.31890690734213,-172.59070149267507,98.24821567011593,104.44492110711168,-87.97073098141139,41.07695253250599,11848.848249534369,9067.679617128711,-12071.797315739184,0.2374457532548047,0.7250128945444747,36.0,50.0,-0.0210195597245778,-0.0735408530415729,0.0210787352758834,0.4600287008749051
b9ffe67ce971ec2bf68ae5d92970dae21d1a611b230807b28be13b2ea8e8beeb,0.7325452524605897,0.017916584649129,0.1677012002944178,0.0279699099296825,0.0032674812165672,-3.7666573586083336,0.7560975609756098,0.8618881118881119,-9.297153024911031,-14399.947860984645,0.0047800812395683,-82.14252499903183,-122.72621408227708,-9.102647032094437,-179.55688998884045,-178.27312394232828,-114.05322943439565,17.123368501974536,-154.3540211916386,166.6694070107921,124.0846319242906,-146.06700609262796,-128.4598745562174,154.06160286728357,46.072926993980566,153.69852219279275,-76.62566401078884,122.72308991962464,41542.91097110243,-544680.8783742725,-12413.343128040357,0.1537507749535027,4.391038268068988e-198,443.0,51.0,-0.1150804923368624,-0.0003105997499207,0.0843149411035337,1.093283264605674
ba3b2635cf7864ae458f258396bacd7641c6c6b625154831529ce701a68a7a2b,0.202160189874268,0.0075659242211277,0.0991089216113833,0.0113817129516221,8.027449424191986e-10,-6.984633205406706,-18.04615384615385,-21.686015831134565,-22.061855670103093,269.30635699041767,0.1024381029621164,75.53972369335561,107.02869989325008,-123.38983411616884,126.23542693843416,48.31671067882577,-48.93679524991949,-175.9584416632468,-132.774024909322,-147.9862903195491,-58.44931236998492,-9.13635827908197,84.34725235986497,-73.43402127905159,-139.8830956658604,44.585416010059625,-119.84325032418576,-170.4269352223319,52611.84435404229,-104761.19541621913,-3133.439205083153,0.2721636701797892,3.419085603199288e-27,35.0,77.0,0.1027468209199929,0.0335679076461327,0.0440173589584624,0.2318538274149647
ba854003e05348b105e9d92c219614a8093a82bc2b53aed8f42f8084c5bf00b8,0.5315643533044522,0.0948531180329693,0.0918500785046817,-0.0017172264806459,1.206356701738698e-07,-6.062002407012682,40.54166666666666,36.17307692307692,2.0245901639344264,2295.5550589275936,0.0895061601060212,-178.86108659926126,136.59479695899856,113.57541527030487,-53.330357314903,46.30366052099823,30.19534766110284,-179.21845043188807,-35.18547853247577,37.72218748875392,64.12792520392703,-136.72617733957478,168.9811129754263,11.13841083544296,-134.12306091172908,-62.84956597712494,-174.011336675333,70.56397316765127,-170835.31526863156,-4551388.257175706,202003.2891304734,0.1624302541847489,9.538836115928731e-25,273.0,44.0,-0.0979307431984428,-0.0708588096944678,0.0,0.5326436013701532
ba8ad9b8a132d97658a86fc28faa955b6c2c24fd637f04efe297b793e3d69cff,0.0279236986252709,0.0298296678452605,-0.0523572533320161,-0.062255397015353,3.542056310045148e-05,-4.896531601313096,0.0,-55.703592814371255,411.43939393939394,91.9529637403194,0.1396393035862412,115.12132262329754,-145.1874713852912,-127.392240335539,166.9454467371743,110.64467166993256,44.23380934641504,154.0251423490884,55.31365105949406,166.69592740852897,45.87087852629222,88.60027627554041,137.68504734999843,-158.57306924253933,81.8073676200585,-87.61983762553382,70.7554499066229,-11.046296315743014,-73958.82234578296,-41168.2830502904,-40913.643988190335,0.240545567265964,0.20234866196788,53.0,77.0,-0.0392951975870652,-0.0475053201544686,0.0545567265964042,1.1708597217541628
bb6e5e3c07c1978e99029e1853c05958e85fb2cbe05ca72906e6666f1f5ab7ee,0.4247262638633218,0.1106514419291885,0.1691337147404002,-0.013292292151147,6.006939946377306e-08,-6.194626842546941,-1.6602316602316602,0.2621035058430718,-3.435314685314685,-180.04213957880964,0.0953677635822967,-18.88108756605857,-107.09820660499842,30.34971856045319,-4.513840689194169,-157.6651987098523,16.593280336682813,83.92328625111658,-67.10801409180452,-110.00150253563034,-152.30480893305912,140.03522901996047,-50.72202766256371,131.2191414673673,-147.40302092368486,-4.834984927862364,-32.7945105113876,-34.346789890289855,-9583.032944368331,-19695.824793664306,4956.378756303367,0.2213267203967762,0.2648776413824171,76.0,43.0,0.0548271049134386,-0.0008654609652049,0.0105393676379417,0.485991863763955
bc5b7e791a1512d0dc64b6e8c487ea92bcc63b2496f574982fcfc135de1da955,0.2195295808734004,0.0344209128791257,0.4014454697836036,0.1883813858292146,7.454678353081167e-06,-5.235011391787862,-8.35958904109589,-1.711947626841244,-6.216783216783217,1683.774523459011,0.0539887892725328,109.17850670187524,-137.1014239934431,68.84510757191802,159.1706233763251,-104.07749460434437,-128.56845913579332,56.48764374605524,-84.20291234071244,-113.08438968302704,20.27283956244161,-94.4650864396296,-166.1792040788945,154.58661703301885,10.443927645598723,110.9129281791268,169.0357620193816,75.56358923942057,187911.8342601061,-293426.9220457506,-35372.27702873464,0.0433973961562306,8.846935923032841e-05,78.0,49.0,-0.039570780055804,-0.0519040975073531,0.0099194048357098,0.7109866663369984
bd33ce4bbd8f9ee2f2635a94bc3b0ec5a17739e4ad551851cc44b90cecf2eada,0.4785613503127252,0.1289475390835834,0.1051092044045721,0.0050246498339123,1.1359852909254084e-11,-7.729400308670277,0.2741935483870967,0.092063492063492,-1.6483870967741936,-25949.097700514973,0.0429641973625108,-140.24625995743006,148.0636545179791,177.94869349394563,97.35362378524458,137.1584258796398,88.5956870726413,167.09707122452687,34.05996263036726,79.32829464569302,64.26918885970292,34.02076699905478,-126.5281468038798,11.096369389398289,65.95992114779611,27.250452693743977,-97.2922041622634,150.8729250391831,257465.5795678823,-1691436.4234989225,-25632.07822929862,0.1853688778673279,0.0606485872611146,108.0,28.0,-0.2098992305922963,-0.0059619478055275,0.0,0.6229676581689825
be09ea8afd9eb57ef9a69e66544f8f8f016fab8cc4fc06c369a17e11be8eecaa,0.1089924612891787,0.0017132185164158,0.0438008483566821,0.0137399253852407,5.2505371682867e-07,-5.776274631058634,3.2788461538461537,-13.2,23.740506329113924,38.1305437447689,0.0864211899260119,66.15056514708287,110.85049275714336,110.54783656190172,-149.2835581703322,-7.643802466801552,-38.63162411790668,-98.92422816935272,-10.372317388385198,146.73904773727142,-94.18320717796855,41.668738301681685,78.94405848353578,-66.03538610605312,178.44892592310757,7.194269260920552,-11.072853844849202,-174.94634531478192,19949.18866494792,-43673.11013009712,-10861.693492007884,0.3019218846869188,1.3990756218793532e-14,18.0,82.0,0.050514065241437,0.0352053828019106,0.0303781773093614,0.5284745967660428
be58d43a3cd2c049eccfed0f645eff89d278fc1b45e7a08a9278c02e6214ec36,0.9499230417889836,0.0003551910366126,0.0675515284800634,0.0104566736619324,0.7837164172044604,-0.91283461146062,0.9087837837837838,1.2603174603174605,40.07097791798108,135.93170441257814,0.0700883736457326,101.78671603569212,88.68973935154554,133.3244446976124,83.39352238282213,85.8557180871578,51.21544132953365,70.96978321464852,57.99988392492708,106.32951914162854,82.54687847605697,163.0791258593719,75.54798686475479,37.0611513060136,169.02167599256472,148.77483501390765,95.25128097861035,85.81471254251964,161115.37499776136,122774.49154652968,65539.14140933071,0.0954742715437073,0.0,374.0,56.0,0.0822215977287152,0.0241552155167174,0.0130192188468691,0.5457378756962998
c0e10070fbb1e61d25299fa9c950334bc56f9e2869b417f04c31e45660e9cfa5,0.2598295878715029,0.0119236712237676,0.7706721443335253,0.0181076321891358,1.3150917313203609e-06,-5.593153059971479,-1.96875,-5.0,-55.79073756432247,-148.93952867066469,0.1472971551647986,-165.36451907625127,-50.71635965511275,78.6198971258752,-29.1040312141715,8.63088001249099,-68.72493974974081,10.120129021933735,-172.83486902947115,117.60613264806516,-171.2721320107928,23.69687871737561,-101.63841092197649,-169.11720442617818,50.25240846156306,76.74232359298593,-171.20608530731,68.88071100485952,514.9055404464252,191496.14795357332,-36486.103744675085,0.1363918164910105,1.1844384298043753e-12,71.0,61.0,-0.1941322626346847,0.0512947066576498,0.0340979541227526,0.7283286925924771
c312437e176c2fe51fe5e71ecfe7f04c0c7bdcca0fee53a668e4ecb61e96783a,0.5293123225008598,0.1357962904780824,0.0972611589739731,0.0126275660271677,1.632806324079143e-15,-9.23569662102945,1.1986062717770034,-0.1563981042654028,-0.0919175911251981,-38.49348532327393,0.054203479860096,-166.46104983430683,117.4275331547241,46.02028303806962,-15.234298730565031,-53.29205372637461,-44.90015769156,-14.90163782292056,-159.73892558183888,158.72649777388045,68.8956187266357,129.11486533728873,-142.51026548092835,25.90596662150637,-135.6337492335892,87.4533150108127,-116.11683024482528,-6.780084650800828,6706.489544469202,-88749.27370681494,-4676.887684768165,0.1649101053936763,0.2747200695904725,95.0,14.0,-0.3427223666228475,-0.0684864282043503,0.0061996280223186,0.7929742337883293
c4a448684099b4e14266f3f52f199d35c460cabf80d9524a991a8834f7f2b29e,0.3867479754230147,0.1341492706276794,0.1723383811722901,-0.0206368985672334,6.90700422068988e-10,-7.01139546456899,1.476510067114094,-1.3443478260869566,-0.022181146025878,965.7383265540362,0.0690436525612326,67.05666065999299,112.73828162953892,-0.1324663229311222,178.27053717861517,-151.88117620792005,-126.57119260518915,-47.91758101351451,150.40201452220904,102.84483127295704,-103.69185585599728,-133.22534322404346,72.20063553837826,-159.27163223000014,-21.66341522748539,-120.08503183615268,65.10096221191979,114.70697939238772,4298.59819864436,-90408.76606543123,3397.1295157237773,0.2169869807811531,4.027497029608828e-05,67.0,42.0,0.0469677582775173,-0.0255274572217731,0.0254184748915065,0.4797371613542917
c527d3d2a22aa19f8711437bf8c0783162892f93f322b42b77a7cf08662c518a,0.4976884679509929,0.0218036879981649,0.0647715775088537,0.0197162432117225,0.0001707865209239,-4.533764544865551,60.07723577235773,-34.187845303867405,16.887272727272727,682.1961008901156,0.0966189514794535,119.01036751283274,-93.24010572740484,127.85944834311844,-30.63435613666297,-103.67837712888316,-41.21518989593602,140.0023202977863,-159.6348343645593,-27.623642326473963,-127.36969794122832,149.88193030453164,-124.34273571655385,-30.223335995290064,130.2965584995423,67.86615236363872,-96.27455732948503,72.09611128380931,28214.54633880135,-62954.458864303575,123751.47682417843,0.1729696218226906,5.7742231565548335e-81,91.0,60.0,0.1056857207478066,-0.0124334037727105,0.0502169869807811,0.2044256799854312
c61dc2a0daa954737cd176c57697319fa74ca7cb43dc666f509f7375c5f1fe8b,0.6094675081564491,0.0847769274959018,0.1592093077082616,-0.0660483204440551,1.7846371109088015e-09,-6.841679008187839,-0.0357142857142857,-1.123397435897436,-0.8190630048465266,697.533566161376,0.1294164065225856,103.64819413740506,146.1166426877192,-49.792129267989225,-78.66700602126045,-161.10344219513084,-149.52350795197978,-73.01028864785937,150.19396418107613,51.40075336648074,-149.4479230250603,-85.30952971890319,124.2401904988266,-46.12793562619149,158.39393312888305,-76.6361528955803,81.54520153950354,-176.81182072440325,-6571.446995605986,-46810.66111616977,4111.023850045866,0.1091134531928084,1.985015885907197e-72,116.0,23.0,-0.0346699249213056,-0.1564946592552516,0.0130192188468691,0.5050556099535877
c6838761921e71d6e6e7c56d706d7472c3a980d6424a7f214720f81cc73384d3,0.4382123066467482,0.1211759746500024,-0.0750615758544615,0.0959514553861624,6.8558335752315346e-12,-7.816296738600895,-1.1672131147540985,-0.8497576736672051,-0.0205831903945111,531.4473771340732,0.0946350267406656,79.11647958072415,92.13634865908496,-66.84690961150957,-156.60704493535303,-152.78870536747894,-102.80893562773969,-26.809892799546315,-153.6118320978812,33.835814923588174,-141.40604235790673,-144.82116279264514,72.35164920491604,-14.014266932908187,58.41046242669579,110.40998166845102,38.57405481652898,24.92049740793361,979.8049063977736,-1762.4522401688037,-10232.675793482018,0.1785492870427774,0.699713145675453,63.0,25.0,0.1575078308551317,-0.0133487058895095,0.0117792932424054,0.468921763302754
c6c0762087a90d721b8810bd0fece17d66ceec632d5464cd9f43ef2b905d6334,0.447329903490912,0.1355999183518418,0.1021108391884489,-0.0763847107780081,3.832370979134918e-09,-6.703690276645125,0.4846416382252559,3.0256821829855536,2.749568221070812,120.78512617737096,0.1024012187796261,177.68163766528056,-91.90036501008652,15.53268996483523,23.04597118291273,14.643463503451516,-2.2044691939978227,81.98419948853706,-16.54442771807798,6.842351931911593,19.56624666853947,148.36156518553602,-157.36619933843633,142.7889376146434,38.70694733907908,36.903949484742846,130.4431419792406,-10.449102535605792,-5562.568837660979,-3423.301404322681,6204.2779360755285,0.2008679479231246,4.811207172164413e-11,65.0,41.0,-0.0403733098454111,-0.0870843206031416,0.0105393676379417,0.3381299367327187
c81c9a950c4d6ac0cd85d7dfd437ecadb04d937e4dd00f4888bb468f872c7e32,0.058795399889156,0.0095172786752121,0.0577426409681654,-0.0202518799034786,7.374646161115792e-16,-9.37107903410934,-9.817518248175183,1.099737532808399,-4.745098039215686,-262.14434639259207,0.1024447338628357,-173.985932799658,120.76200890304904,-66.93320368959489,2.070549366159327,-49.640207166786446,104.16809508014263,-107.40984068054128,-45.29218623858748,107.1653938800197,101.53371525543471,-105.23128332876928,-64.4232820745238,-144.7543946747164,-139.3391177865732,-68.194336832343,108.3892671763926,74.10336458026369,14911.196541044994,-15730.10187257721,3931.6969549697815,0.2436453812771233,0.0002404514520998,24.0,71.0,0.0109397355656731,0.0337329074035383,0.0378177309361438,0.17852671230502
c8741ce60df3046074146cef9ef25eddb9318e660aed108e8dd47b9827087fe6,0.5114529834966731,0.1300898016812718,0.0685430016503749,-0.0760541937812388,2.85887753881039e-14,-8.749687395466665,-0.5633802816901409,0.3258064516129032,1.3125,-43.11047459494644,0.1817287047785313,178.5721205143467,34.71954199859412,61.96359572686846,22.78819882528977,130.40695290048723,-46.81695102680687,-14.71787785222309,117.7386357825172,115.9778162950634,111.62600765423736,-64.46434565781396,162.70905521998944,106.98990352712464,124.67352414124854,167.53209481624026,-169.4068491467158,-62.487774332098056,-1491.1224702598547,85334.81207472784,5712.511411588311,0.1946683199008059,0.1587997990938623,82.0,29.0,-0.0049903971363043,-0.1478878720294669,0.0285182889026658,0.7732285478061048
c9c65ad7c528fea0c0f8aa181665a32f594775409ac2b8c5e02a9566691b6601,0.2813304955520194,0.0246426618365214,0.0442429703780187,-0.0053630700579884,2.115657370551516e-06,-5.49668909625158,-1.3694779116465865,-1.9321100917431195,-111.30341113105924,-345.8776465731171,0.0767951598581305,-144.03760599670028,70.69055180751117,93.56315839605531,-31.485097038405232,-81.35630389615804,121.10716692061791,-64.55724123117136,-112.7121377467577,-24.225131902697104,78.88942757980656,-11.102903192548744,124.96184244839164,-103.0690245290044,37.265243706410125,-168.2199026173957,-174.7491536796039,56.339100442535134,87501.71931883376,28770.24136674001,6507.874892009517,0.1983880967141971,8.434073681492825e-25,109.0,65.0,-0.0243672650537805,0.044091853445551,0.0799752014879107,1.20745936526451
c9d80deac99bad77dd3a2048111e9e8869108f0dda22a427e21811c5d06f6e52,0.087279758113567,0.0212697408156471,0.3651009314550448,0.152072538358806,4.061324567064856e-09,-6.693160664048187,-9.666666666666666,13.880281690140846,-147.58145363408522,266.0401500613411,0.1039272422736322,-129.34587441491112,172.73179620364698,85.008820698419,-3.9299312509023503,42.15142855306148,-4.732874797931925,83.26574813583692,-109.06477507380214,-159.78763095903503,161.6390769103056,-172.44580248433272,-145.95002647634928,29.71950572661824,-100.60761258229252,-4.367110878949004,-124.42946300952508,84.29209953260855,-49130.1083293735,-201502.82934642344,33433.02448149072,0.12957222566646,0.1625789510005547,78.0,35.0,-0.1694393713562874,0.0056014447498554,0.0390576565406075,0.9265266842421844
ca18283c1b4dd579178e829b0e74e37f64c2c6d0344447a972d582e7de0ecd57,0.867254098112698,0.003137009300961,0.1801879528837013,-0.0196295644043446,0.2134745471984535,-2.1802956908868683,-18.48771929824561,0.0670926517571885,1.6968698517298189,-1124.3316441025088,0.1204274183450263,86.76765992765654,7.80852711342206,79.65921018314883,-115.76901821133336,175.3041895704387,-92.53620482849882,5.657440892495634,26.52091693648637,92.02900389035769,-18.3996043458647,101.2617944153778,134.01661110867616,-114.68780843309814,-5.808654627191825,-1.3472354211559208,44.877004102502006,163.15148447329847,-69960.23490482937,1690870.0368281812,77500.18463140195,0.1376317420954742,1.999751899544192e-43,533.0,57.0,0.1523627352585525,0.0047853749529487,0.013639181649101,0.1090458136131926
cacad129e2374354c3595c3d09d1b65c17b005b3997cc2b11b5880ebfb637b46,0.546271151012826,0.0861668601548669,0.0885322836899694,0.035194450057168,8.728850088763854e-06,-5.2015353055460425,-2.947565543071161,-7.836036036036036,-2.483164983164983,-56.78912227294419,0.0237596608437595,-141.57267424626008,-174.68097558893186,27.117149087446247,-65.55120843165314,66.45190632667732,-67.46242214941577,13.649884541716364,-128.74812634740618,17.174896826005632,-64.1892486585845,-139.9806164220296,-74.20654623649412,-8.355649354219212,18.51134011054052,-134.22423294857194,-111.07173192831443,114.83025194624024,9782.609578618334,-274065.8936341742,-1116.8583784412149,0.1729696218226906,1.050634015155734e-48,266.0,54.0,-0.204097802911787,-0.0863866403158503,0.0985740855548667,0.60811566647645
cb219ce398e06182aa65b2e15ebbcc91de43ad1115814601d12a3cfd626712c5,0.5153800520253338,0.0521636255595752,0.1638194569017091,-0.0549702781493131,0.9946997758524572,1.0430231880900056,-0.7061068702290076,-0.4781849912739965,10.78483245149912,-305.85152979656675,0.0625579988251621,48.71198031887908,3.799360268791711,42.988772778431645,74.68693632145605,50.83137479290645,91.89859672342246,106.42377844405614,89.8199656234193,89.01789687053571,93.1372124399274,113.80858241589976,36.74298600543522,109.86259877939617,121.60852938911104,116.99879589293828,47.30343362927943,125.0347162880012,32683.87787552645,265763.9098542296,-10816.62879732725,0.0750154990700558,2.6632184629943705e-42,154.0,37.0,-0.1087404063646776,-0.0567586872697827,0.0266584004959702,0.9415272966585728
cba2d4a3cb55d92a97a2c0cfccc3307d2bda86db7d79feac9070426284532bee,0.7228743630812727,0.0189279519051178,0.0480195756910414,-0.1281803869962101,0.0076944352401586,-3.5115877694875826,1.42,5.359628770301624,23.426666666666662,-324.4201629808834,6.019708905820824e-05,-7.846926806340474,-123.98888157716394,-28.517346047824663,169.43974231459978,107.10278891554653,138.8473683496633,-35.52224838637216,158.39146968749074,-63.974239745557576,-93.5887305699288,-122.45901638765108,-4.949214576941169,-80.58448436152983,83.81815694102436,-68.14116021031859,130.53916121089418,164.63418654938013,-660193.0853759242,-2190612.701033943,110254.23479050893,0.0818350898946063,1.0354372664531861e-187,503.0,78.0,0.0357261492997869,-0.0757523178009501,0.0179789212647241,1.5953214474417206
cbe29bbb26e04f465c1dee90c41ae7a3ca21aafccdb48d57c8b52752a624bd09,0.431259253877555,0.0883329035528869,0.0501634567589097,-0.0010477958074495,0.0001460234581183,-4.571021128668708,3.1774744027303754,-24.636515912897824,12.33747779751332,2628.879224950567,0.0589192697241576,79.64920664629646,135.0304559461836,-24.055098820346927,137.14467674050513,155.03994970432788,36.80219953087549,138.85884601306668,-159.86405958882784,23.759733919773268,-122.9378055592089,47.51200391055291,86.3413313530635,4.48958231620585,-119.05888549028673,77.66246362180598,92.39535680297264,88.87457236928562,-119780.16783385244,-465722.58603629447,-180160.5046422248,0.1419714817110973,0.3148192396934317,94.0,44.0,0.1312966096944922,-0.002538632881175,0.022938623682579,0.4716038368048001
cc9dabc875de2b70082258df2e4950452e0b403be4ab231e037cbc9d00a945b9,0.5884627442022887,0.0516061831473435,0.0836441890704339,-0.0036555254344162,0.0060695751631076,-3.584239860370182,-4.371621621621622,-4.794782608695652,-4.124394184168013,101.03468869573418,0.0287235026464134,144.11970178817302,135.78997597758558,-47.29465652032166,66.13684566636448,11.40825692808617,-141.25165555816466,-94.99782867582852,75.8287145305876,113.05734299932776,16.54075797183486,-142.4092333270627,-167.0942905916659,-111.68956617419984,155.57545203470826,-163.162597636579,-172.6218472281538,38.13757963598691,15599.635859086868,-343160.55603876803,-40970.71214199073,0.1649101053936763,0.0740001278607158,369.0,54.0,0.1337932489133957,-0.0333270267735003,0.0260384376937383,0.4187232898620988
cd8cf4f8b51d947294593266d14868b7ed056d1b5d56f85c2d3b27e8a7cd71f1,0.1376330996254742,0.0105986894807301,0.0996602372749912,-0.0071720525679874,5.27448599309682e-13,-8.254732629851015,-1.7096774193548387,1.3070866141732282,-39.80204081632653,300.1755281313576,0.0484353983852357,115.2058833258794,148.56733352029636,143.2246960461581,-59.34219093288247,95.22375812519265,-138.84401936253002,112.51104061203424,47.18353834619166,178.0826268953829,109.55528796122,164.98545678826918,52.69724976556682,83.61633830140772,-123.30769716737323,-138.3608942933834,27.87900604634753,-96.21832655540769,956.1594287975432,-36137.89305762272,21143.50810883777,0.0948543087414755,0.0005248944160553,60.0,69.0,0.0837464483390429,0.059506563225624,0.032238065716057,1.210465803092285
cdd76f0405c5cc8d0ad011a8ae6d847c6d611c3596c642cdcc4843488f75f9e0,0.4021040769763176,0.1411169137767849,5.523606466396988e-05,0.0147125949828116,2.1784370431520148e-11,-7.617000586000033,0.7448275862068966,-0.0261865793780687,-5.737704918032787,2750.794476286814,0.1326891849881214,41.575020811168,-48.35999809118408,-53.29883429381936,-151.25652130620497,-101.19771464171056,-45.97407754414095,15.151860176502334,-115.73842259481538,-128.24016868752244,-100.97433647120953,-127.93793475463596,6.847054827742604,-73.60261958873843,-108.37572882064444,-107.43266453322912,4.578679161211049,-102.38366714529808,2721.345769940508,178266.69568790542,6932.624366056497,0.1785492870427774,0.3580185191549005,104.0,39.0,-0.1345412460432681,-0.0838697596780645,0.0520768753874767,0.8179681201350263
cdd7f8f44ac6030d7cee797d0994ca2d539095f51d4b09501aee4b52f450a3c2,0.0049208486914148,0.04368518460788,-0.0879949449304722,0.0271923760089756,4.061574660093878e-07,-5.826794798806833,-20.894117647058824,-37.27946127946128,-128.4433656957929,-78.71281675204388,0.0975729224712043,-83.47093209268465,-92.38958477800834,26.494252064667656,-115.54429698808192,161.83096466012566,59.42575469512144,17.445733663297645,167.173547070954,150.43048681851113,-157.06881385680126,-151.80854303287134,-60.468814237698965,-19.79640378436456,-73.32907457481474,-27.96809514900897,-51.571476840087975,57.71386244385647,-3522.198155657757,-1186.7784492811566,11145.619841634229,0.2349659020458772,1.932045085912495e-06,14.0,76.0,-0.2390263733535315,0.0302449708195369,0.0526968381897086,0.2321227392683073
d1dc7c011cd19b2c610c92d9a34e8393b3edf160efeb48f05ad7d9962703d876,0.8517500376155607,0.0008021190066022,-0.0545484922289478,0.0434077771712086,0.8477163112448173,-0.6962584246667578,-0.324074074074074,-0.4137353433835846,27.10507880910683,5.684163093423163,0.0051391149818437,128.68766364301263,72.58397555406421,-52.12926187421488,118.90257508546416,69.89257364111465,45.08861478133233,94.3323477429862,141.3688588385681,166.3726324861616,84.09210440481581,-147.3878742921861,119.79340904771448,109.57364307395784,164.17351420729307,-156.39607574498325,109.85839131874864,62.82965502121689,-21811.82970767691,258579.2838310296,35231.16660651364,0.1134531928084315,5.494157696828767e-277,696.0,75.0,0.2150592146277705,0.0454497575767477,0.0855548667079975,1.5892450310415978
d21f486f9a6eb452742e90b167689d3c9bfdabcba2dc0943df4097161201a023,0.3955151790430364,0.1069216434294846,0.0663347229467564,0.0452417882417078,1.1310680997591927e-06,-5.623495196885144,0.4119601328903654,-0.1518151815181518,-1.589225589225589,-78.5164208412599,0.1301543662857101,168.12046750735314,-141.03235721074014,2.328760902399713,13.701003339762648,-91.47560385389676,53.07515408806519,-122.11826044159322,76.08738156214574,-160.95856302870993,4.984403208723644,-152.84639545363328,-73.31665569597224,-179.73773337814427,-169.18551919538675,-121.40345812336984,-175.73138483007233,-125.38547515101448,-5475.952231739769,-270661.87308843585,-15178.31659506334,0.1686298822070675,0.016063525069448,141.0,36.0,0.0426142890792138,-0.0210120198437176,0.0421574705517668,0.6193285948396219
d24e49e48d96dc16ffcc33666c68301e15d2e97e4d0406521080022fea958aa4,0.1192787048117783,0.0164372490223442,-0.0108849408392436,0.0330076987945727,5.0595816047529e-15,-9.043478327930009,-2.404109589041096,5.644391408114559,-11.136038186157515,-170.27309658348366,0.0995169137799552,40.64408653026339,149.35196937241005,-85.817198505771,179.60534282593213,128.1612921339676,-4.159473382832791,92.93157995026868,-50.31034594150791,153.98143142573227,137.66551732735493,-143.42882689235103,172.45601987354453,14.14647467260144,45.441665108961125,-159.32446960006743,-28.199355983575803,108.8889098295889,-2947.9044781459825,-67228.78768886038,32672.41845345745,0.2337259764414135,0.0092791126731921,22.0,71.0,0.102032189476456,0.0388829715004994,0.0489770613763174,0.4762965733313137
d2bf1b1520d605516698538c0183afec5c5317148815c4f990fb1996935250e0,0.4471101490891017,0.1098340311178415,-0.0242582548600826,0.0532464806751844,3.3478321033151e-06,-5.402417159545176,0.0,50.130718954248366,0.7012779552715654,-543.5699424575118,0.0170457804698803,169.58188800526946,146.96145208836847,-86.23063715320028,77.70776921980452,162.45864868991384,128.7004107724083,-152.9581390782973,12.858392669765616,60.07297687629563,40.57921683538415,-94.98270927674264,-140.75054208365438,-169.0518010272574,139.0177944738185,46.36139854721635,-173.6625150743753,-40.116962317294906,12869.206452858063,-1062398.393229191,-11225.70183145242,0.1599504029758214,0.5769129046892183,341.0,36.0,-0.1237429904266205,-0.0516109559542162,0.0254184748915065,0.8292392409665147
d30c7b174add772d69ea4d59a35ae13027999dfc41041bfdbf36aa8d499cfe9d,0.5113592394570924,0.130078850485155,0.0680143563147671,-0.0759776809081171,2.881762300128753e-14,-8.748335315511339,-0.7624113475177305,0.3612903225806451,1.6266447368421053,-51.88277746205157,0.1819603521827403,178.5307539681884,34.63222144181344,61.74486246456383,22.85034245068961,130.25129406392878,-46.52540696965526,-14.39627082696257,120.02215388972256,117.17819472428802,110.56332176316351,-63.88910954754695,162.70342270370435,107.74986585275111,123.59279984814646,167.44253713518162,-169.41677121919165,-62.50279036465139,-1767.7799217006325,102493.04543531097,6825.49036895025,0.1952882827030378,0.1584191125899762,82.0,28.0,-0.0051052802042598,-0.1478452992320963,0.0285182889026658,0.7738513053309087
d50a954fa5ee7fa59acd69f55656aa7eaf698cd88acc4a4a909287fd2122dabb,0.3715852369709502,0.1363391456768533,0.385022440122751,-0.0253918772215909,2.3182290635186478e-11,-7.606240977463061,-35.62866449511401,-28.13798701298701,-1.8127035830618887,14400.429839367418,0.1232077762278452,143.15471341157263,-86.6719307760798,13.299841779730157,-38.105367775547215,-102.67769684267358,124.50825123629905,166.9340122102747,-2.6839749927281167,-20.74157726999845,-52.58912964573981,102.88535097491255,-177.03476082698197,-68.39507835609287,9.470189911478556,-30.21667480571984,149.29947964867833,-142.16279018374593,-36401.05044808006,35349.204153949046,-7708.67942543337,0.199008059516429,0.00671446130467,78.0,27.0,-0.3530262040112042,-0.0595479170161964,0.0,0.409288484184261
d55401a9ec43033039efaea8bd33197d153bc29a5f5a7b87f22ed14d808ac6ea,0.041634457407815,0.0886842534518407,-0.2902659416438617,-0.1466851784104349,7.724134173160319e-18,-10.15606481164669,0.0,428.2217821782178,120.02240896358543,5827.123238531667,0.0873802407165771,-84.23745734067988,-149.41063290607715,-49.16763726301888,-168.28308970643943,-14.427294315550368,-45.6565243100912,-94.13272711548407,-51.79258850361767,4.263876874858434,-19.07819958115253,-102.36954260222714,-114.2374931101014,-107.45435850646209,158.87411613184187,169.0574963382831,151.77338612482706,162.74510834460816,-86768.77903942787,-464349.6636104721,416286.2133181477,0.1816491010539367,0.1854531377450524,22.0,78.0,0.1048215527747229,-0.0237772889030091,0.0,0.5760177689985477
d5da9c87173685e76cdc917aae4f772f247c8a0219355b10dd505768f6704e28,0.4143468005415078,0.0159687837534048,0.3065745914806888,0.1533540321230054,0.0015804900380051,-3.969229143938664,-2.05,145.2058823529412,20.07638888888889,3067.200780934012,0.0980524495211058,6.36582278893309,21.16962480746212,119.03796809357706,-39.059592125693015,83.98044594322585,41.650253900845975,-145.24173471159682,75.83699452185279,13.220316590827268,1.0716273073669245,-102.23696202125248,-134.9096678281464,87.46116637502449,-81.6468629331989,-45.70814235677277,29.35892119168892,104.6534285060895,1270.3179915053352,1062695.4265254338,-61245.23096656174,0.2789832610043397,0.0141277169042509,160.0,72.0,-0.1837400846761784,-0.0015751737382246,0.0210787352758834,0.2960383580513436
d7f7a6dad864595ea8a575fa8cc8db2765d7aaa8a08f7d27ce245940cd47cdce,0.1876503362665273,0.0269766444912352,0.0942084128395,0.0693901480591649,1.5379150877183328e-06,-5.561526828291415,-2.9098360655737703,1.7301587301587302,-35.163594470046085,366.5108637943395,0.2092009787569692,85.40310951342313,34.11829538007239,-36.88989554152892,-173.62481342494684,-128.88084235572907,-172.03106456553212,-162.32691668761916,131.41081947832083,-49.96957834341864,126.53025370669256,-163.47207213422843,-10.904054729638762,-43.10378444107851,-13.142289247361346,-167.65157159780307,72.6716207816533,-132.63074063841606,-27271.687360356507,15808.05364651031,4986.964177386896,0.0824550526968381,0.124062693514142,59.0,54.0,0.1139314394043642,0.0734725397864985,0.0055796652200867,0.7731641802359688
d8024d782cfb793ee3d7d01ba9dda781626a90f1513d998f1728ae4fef239891,0.5274631687713853,0.0735115010322718,0.0488083618587414,0.0245830462307108,2.339745597417584e-06,-5.476109376445258,-0.1801470588235294,0.4628099173553719,-3.491749174917492,-21.54604745590164,0.0558726941124544,-146.33428493706347,77.74867722449346,-9.797925440970216,18.240632337720168,35.350989427193994,115.3942909843156,114.69561406989638,-119.66687154578838,-49.82683885366254,79.8188888942767,149.0793676764004,-178.1789454754835,175.95158489506065,-173.03159218402982,91.54677232770725,-136.29389115162124,-134.0603479070282,11619.462152276756,49189.1890738079,-265.9788306569668,0.1630502169869807,0.0005107078600361,205.0,53.0,0.1281030086546212,-0.0421073151604059,0.055176689398636,0.9568546067086
d88c82e5a2c5c1a075a5e07a31230cb6177f0a26150329a55b83214da8439900,0.8494819543497737,0.0043098119530363,0.0430056760302955,0.109420545773983,0.2282508829407955,-2.1412590254912844,2.752508361204013,0.4898989898989899,13.076175040518638,685.7665910481124,0.0244121264015099,-45.0007907304054,-156.09179569160156,18.221434683333843,36.805809445501815,-33.186635671469624,-30.792425131362634,80.50833912275161,162.92066243039284,-19.994359989771866,-73.07272033599536,101.73181887509784,-79.81468141553346,-81.32157693325084,-78.2192227490686,-33.02649800408159,-123.7313963299666,126.07655408675338,-142833.0538717044,-4596212.011004701,48789.33815803926,0.2076875387476751,9.540113256897078e-07,236.0,53.0,0.0990085212299439,-0.0222908127921255,0.0123992560446373,0.7557961280497254
d960b88785114a91327c1374419a3053c7aaf14386076c3e599403df898e3e64,0.1097014702417307,0.0140369233118603,0.0988897392527574,0.0639833845386151,5.842279290561688e-23,-12.35042633467358,-0.0783582089552238,0.9643564356435644,20.92763157894737,-419.1918907271359,0.152272788164875,-172.77707491443908,113.820110722394,137.90408488250517,56.55543572426322,-168.92054215077056,-104.6130876094856,-165.04803553364962,-9.172190843774375,-165.10678620802503,-7.279698255733406,110.46856869644591,67.23683495269022,166.95973793214284,-40.77406923631698,19.629098484764203,-178.65736275729722,-155.96462014567496,-67447.87074809405,-70938.1107711102,-33724.5921272069,0.148171109733416,1.1861012761280067e-06,54.0,68.0,0.0792866491374392,0.0171459286679655,0.0502169869807811,1.5036021683658596
db438bd78624ee22679d9ea36e041ac0a23c6f3ebdedae29d1789ac6ef8b5d4c,0.5041179138924455,0.1018485614514272,-0.2786056514448878,0.1804294561790765,1.1637551702831745e-07,-6.068882461105936,0.0,-38.02870813397129,-52.88485804416404,-1404.5937708279034,0.030033766179762,-151.81154564775727,118.411233267696,85.07832012475832,46.08062139125394,89.75960789192037,27.58524573840727,76.27014423358102,-97.67643944304513,-82.22237225038138,-164.60994860207165,-39.27786612658621,-148.88816539371243,54.64867923064323,49.18366440075013,4.101502008239539,-109.43075619163652,172.9121672492889,513538.6770144364,-1350137.583564727,-634787.5638881549,0.1115933044017359,0.0342647815727148,210.0,32.0,0.1097750958465597,-0.1614731583240876,0.0030998140111593,0.991309956349536
dc2d002853180ddf17182e75707c3da808036f32630554137ba3241fcec2852f,0.347126215929837,0.1517507503886366,-0.0926158650105251,0.1956964282953193,1.4849252089353178e-07,-6.022152452819909,-0.2509090909090909,0.753968253968254,2.685990338164251,-2662.060774765984,0.0655704597797843,-83.32423933537422,68.17292964525785,121.10157082825016,-27.180284864025754,33.1597223670948,45.68455355159732,71.93481525188258,-138.6688542136568,-7.281254247397437,-37.832962750748536,176.08156400680238,151.80275206063965,-97.69490149653208,-177.59049093069234,-160.56840677743764,-30.17836426637124,66.16878608584015,-11254.261372064731,189751.41471946897,-17738.207762110556,0.1215127092374457,0.7216184797656744,104.0,36.0,-0.1520855309671017,-2.410401035798452,0.0675759454432734,1.34154497000151
dd1c2b7f7f3330adf96eebf332257cdcc0d4b78c0e797bb3239e9504811b6ad3,0.5238403315695013,0.0814969389522401,0.1209819528713505,0.0063019909720596,2.31725043894725e-09,-6.794668043731945,5.342857142857143,-2.878453038674033,-1.5868465430016865,198.6060925222233,0.0240922061039949,116.12986407671652,142.7810391509136,-53.07333087757236,85.59601824417408,93.2172769817052,147.97611205058396,179.49510126670987,-37.66859580643811,21.13647928845709,171.9924477457518,163.47732793659608,-126.49982347052864,-100.15179047439504,-150.81407583931625,-138.34141336214086,171.08839925885252,-17.964608490969066,9397.859970621988,-136375.9021214101,-2847.6956855490525,0.2448853068815871,0.0191295691482068,102.0,55.0,0.1069931938001338,-0.0333591388474948,0.0303781773093614,0.6327441709205517
dd833bb70b3a57caaa6b4e4560975d9ba5a77fd0151e13d1b5f30b4f6c381d5c,0.3392467377561182,0.0359292122342488,0.0076240103510953,-0.0485049322768804,1.1868347589750236e-12,-8.116534784636825,-422.979274611399,-339.520987654321,419.7578692493947,-18998.22710772755,0.1288121970095964,-146.5790479880062,-157.8342006729932,-6.795817482699165,-65.41989833123402,35.90816217151108,-55.007515232777095,-162.79281881855923,146.12884567274813,-164.943144963067,-64.45343063444871,-179.28224022436012,-112.91080109837851,130.48840223234734,-173.36550710346194,-30.34212702863253,-160.9549501612135,-69.80042608942735,-1903655.6110810344,-15712426.36036281,-455583.130049027,0.1314321140731556,2.2198845126642048e-32,59.0,65.0,0.007747023790157,-0.0259505757572208,0.0402975821450712,0.1931619598788487
ddf42046cb48342a42d66f634cc656c1b138919fbbfea70928006c1cc87a0520,0.5091018143551416,0.0593780063429048,0.0761727779109604,0.0308342268497134,7.655141831273958e-06,-5.229393248028934,-2.5236363636363635,1.9511784511784511,2.142329020332717,-651.8564980607101,0.0016703046913063,84.05318413463591,173.434954952219,-64.43421958232737,96.38477043155666,-142.12265151580024,69.50477972639189,-20.48787824910309,-96.79055426371826,85.20868797004795,91.87631407576032,92.19293996324876,-93.73609755368442,84.18673161216246,-176.51400548800578,169.66460876400015,136.132307275388,133.68911107171846,-3375.074284511351,-404577.6565673199,-49445.73351393441,0.2300061996280223,0.0602662923525235,218.0,46.0,0.1322890559462173,0.01338575774711,0.0334779913205207,0.812536446234259
ddf769177b23ea04b73299eaee37804d8512999f956ee21dbaabb6622359a716,0.4619511854764586,0.0869450979286958,0.0629777913320227,-0.0341863719638863,4.990719192899928e-08,-6.229602185184873,1.1892857142857145,0.871499176276771,-8.13893967093236,3772.389785546472,0.0979979444453763,47.29871047639598,23.390901350182457,-72.98545652311002,113.75227358544042,42.78497789136358,21.49893647056312,-2.2725849749487463,-159.3284613864818,-136.20858436161848,8.546948942271767,90.27300459711007,113.74276858009831,-34.642046187246706,-51.06841440395133,-130.63196551914496,26.735057548044537,95.8882981798681,-127429.98540058229,451712.169114585,-44235.99776733923,0.2448853068815871,4.4450647513453486e-11,98.0,42.0,0.1698992534520264,-0.0195918768780097,0.0285182889026658,0.200178105510799
dfc2745301e6abf5a3c56561bcffb3fed46806360b386899dfe5127bb8ae54e6,0.1200038421574449,0.0167873728757374,-0.0402275911295316,0.0368718188035554,1.5167441670728269e-06,-5.564332722876283,-4.120967741935484,196.05397727272728,-40.08011049723757,-2178.907879747467,0.0758707980231324,153.73572707149128,137.8490332447208,-152.93607771941092,21.32184199973989,-68.69951648488487,-16.95733579138052,141.80800202176812,-167.27472858493712,-144.6835463892294,45.324653534577294,115.86976055506403,-171.62387161044953,179.69209756777403,-30.120263476076,-117.3529611812554,146.98791988196493,114.28037408362138,-53172.46520021649,-233138.76309723852,46135.65030317581,0.2641041537507749,7.065403848109998e-07,17.0,73.0,0.0859741329670229,-0.0527777478601129,0.0427774333539987,0.5123795540323781
dfe05ccba57d579a6f975a16b4bdc932ccc9b63f212faacd406e586f59b43244,0.50112886999096,0.0816712993703282,0.1007371473070343,0.0182548636868945,3.395256860365767e-08,-6.301944004510956,0.0032679738562091,-0.9071661237785016,-5.074675324675325,101.41388817665984,0.0149859045757618,124.71285848156342,168.9682702120008,-67.52588424189041,-145.7282046527047,-153.70765989400158,179.85619125890372,-135.7783164744081,64.75168171522574,89.7216227703737,101.67268161112632,-142.64239650542308,-167.7396852434152,158.28611977032827,43.87127986884659,70.47616169204274,172.1902022279287,-67.2984495148172,2509.3495603084257,-121146.52234722103,-6272.531924474693,0.1704897706137631,0.5704268656046629,125.0,54.0,0.0298028083090247,-0.0183526780058882,0.0272783632982021,0.8137301016652644
e06b35bce7504e513ca836f72fd11c8c4b17f00405fd4a3a96876030eb3fae08,0.0394271017825723,0.0477656868633738,0.0085386807655353,-0.0674418586340227,2.67919991865022e-05,-4.958534913758178,-91.89830508474576,-83.95454545454545,-123.45578231292517,-69.71440868219524,0.1185480205309177,-2.037032496481445,130.68045283749058,130.99779804455477,179.60842659338522,68.86829976637299,-61.57609665358757,111.93589303531124,14.811196210802803,-165.6346017432785,42.49070986504419,158.1430138326976,-177.98043702850998,-52.15209473519006,-117.07036833778356,28.15149203982453,16.766180827495877,-28.09879584112523,8038.093980077058,-49215.73132672618,29146.4563008199,0.2901425914445133,4.3712923869689207e-10,11.0,88.0,0.0159389388985846,-0.1040544675200806,0.0557966522008679,0.5932467503997144
e17b58070ae3f8192183d3e624e1990f973227d0e8afa22f1f43b6aa1f2b4589,0.4310476388947707,0.0479422618163925,0.1029177000414233,-0.0020656692471887,4.178688240631814e-05,-4.859513932249446,0.1447811447811448,0.331588132635253,7.909710391822828,-15.535315976042826,0.000128235095164,42.86987484773162,136.94508209713078,-8.025868696313157,109.06850937210449,-132.1974996657542,-28.5996874588986,122.51381482428684,-66.1761478321897,-42.3193982753596,-155.11553209046053,-7.029775323660209,157.85226608195788,122.38368226049504,-22.86341032674206,-171.34940556443618,118.42856443951524,165.03373839788955,-42170.57596070881,-208792.593435808,-53647.09072841221,0.1853688778673279,0.1113507115796723,341.0,50.0,-0.0767384121524016,0.0362416140141461,0.0353378797272163,0.8796519504157857
e1ba7f26822a9003c3afcee23f800915dff9877d1888c7a5f46fc8c0dc2ebb78,0.0314899251703084,0.0282288723538326,0.0230695296156414,0.000568730073558,7.119149419831575e-07,-5.7159903564295655,-120.71428571428572,-197.38493723849373,-115.25,581.149113229,0.0955774687828212,-56.67499873101716,92.57286312437972,-178.35639631290093,-13.547575418880337,-30.496833210273,-112.39799602105678,-164.12620394556285,77.12787987469274,156.8990233069233,123.26533453877148,-36.85258624018198,75.60334552780704,-72.45246960081853,78.1615321850461,-96.25501818551538,147.59208734553997,-155.14202646659817,4405.657733081667,-6227.44013652925,-3440.5702140676253,0.2926224426534408,0.0520654655671513,20.0,65.0,0.0217514618126471,-0.0144738109519517,0.0520768753874767,0.2308775954638495
e22aa84f6fec9f9fe2bc277cabd8d31ef8468c79614209bdb313b49f0f4e88cc,0.0269376523663516,0.103535201061811,-0.0349825006420225,-0.1875261095294476,8.400593034378425e-15,-8.957419482596245,-12.134228187919463,-26.65953307392996,-3.5473684210526315,695.8376914242656,0.0998145392954922,65.70906260865478,-95.79909946134896,-74.94836165115257,134.5999181736785,123.02894669826516,153.70652186680718,165.34141207836154,32.232928816825336,43.676622443478,135.04349188261006,71.37924767708671,-107.23222001367454,111.85902080954332,126.49836344277185,123.6061884128303,121.61375425326808,-72.38494085549615,6322.738096454458,-734.8650170694503,-8257.504087801573,0.2256664600123992,0.1182876035815347,11.0,66.0,-0.0818500699107416,-0.1982395171274318,0.0495970241785492,0.1091892098195239
e35629fabae6d891a7f1a786d57d22c1ff0600937fc97e3af925534111442682,0.713832479193929,0.0012565621022875,0.2612557452884193,0.0438317597502214,0.6767650876949555,-1.1926135263207218,-4.559440559440559,-4.465968586387435,-7.981196581196581,36.12220393726266,0.1083772499957191,39.73230575149957,-77.55713055264695,-36.76879878222184,-5.348619387918875,-70.19769198945299,-57.24413495758313,-21.31109286067944,138.88635015585632,6.990550391931735,-119.78294317297276,57.15327066270794,-124.90871347970676,-26.84840094249176,133.36866442286416,-122.39923814707336,-70.77477744537026,-145.20869278519368,1530.4577949159948,83179.43860479815,-16057.615385882313,0.1543707377557346,1.2330324167237002e-207,221.0,72.0,0.1107980603018751,0.0518743153462261,0.0204587724736515,0.072976513806539
e35b8041c3ef5952a90a403782209293f725c4f4a360d46cc5bf5f97163af47f,0.514816367413772,0.1380984697219605,0.1600506081104392,-0.0860551580798702,6.041324742522271e-11,-7.439987989617839,0.8327868852459016,-2.33968253968254,-3.0774091627172195,-85.8056112352712,0.1107896566001052,-168.3771900204399,106.87057255158284,80.42730254153419,6.212195531615123,-178.1936465783544,-15.425840057060332,6.017911244120985,-164.11607061573545,-105.74467002244594,104.94884097333038,26.10478602715046,-175.36174666619047,73.54429462176734,-146.86751050428882,20.33165645020929,-157.0024786619812,172.84495409043575,-24935.48328339824,-81982.84594941899,23202.6878553536,0.161810291382517,0.3655066989270611,97.0,22.0,-0.3237435082930431,-0.1343397117357655,0.0,0.8820190255746002
e369a477e4d9df999f57c0f43735a22479c0fd1773290e9b512961c70de8b6a9,0.3405121530589187,0.0679536001788569,0.4664659957718886,-0.0669439860300106,2.271106578664191e-05,-4.994935779578778,-0.3252595155709342,0.4983818770226537,-25.809872029250457,-698.4908539707936,0.1275417845598865,-148.39689259766052,-96.49695340865092,47.83456269607005,82.85386180437169,95.7402397148305,78.92537035529195,88.73266879812678,-64.15749476411605,-136.81828172566875,168.54465111737116,-6.154772350441171,-173.92723110413104,118.9867349941704,51.490383877675626,-53.5508995288756,128.7627655478025,150.0117478904667,-20839.4884862714,-21285.60987890197,-21570.813271329167,0.2145071295722256,5.3030221258198495e-05,77.0,40.0,-0.0299068490035729,0.0228646474773354,0.0247985120892746,0.9946012077141818
e48ee6cbc600f939acad7333829b59e724d0f539b3abeb8887cf1473db5929eb,0.006861430716339,0.0455578528136104,-0.0315762137461955,-0.0077907256904836,1.9946011861806612e-18,-10.393327136611566,0.4104477611940298,1.839319470699433,-256.400390625,1659.238347357247,0.0549886491932295,-167.0463746142122,99.09515803221734,-160.52219994898505,88.72496608068649,154.00073812288954,168.6624198993131,171.27059526951223,-5.484577605189121,86.58756808014802,-107.79541276059663,-88.59734330470114,51.13917489734581,-93.787705364935,96.226236805925,119.77429300027208,162.22188625084803,-148.10888070365934,96956.59902876422,-49465.90012819891,72178.53219096416,0.1314321140731556,0.1376486290756524,62.0,55.0,-0.0002968596354711,0.0800762358133375,0.0719156850588964,1.811586775784166
e51ff25e8e8b11cd41d715f7d4c9fdb7fab43e8d0584177f7848c88cc22a207f,0.37126887631349,0.0039592548379067,0.0890318652674088,0.0611329727663261,0.0055822621750635,-3.6094850243493655,-78.11827956989248,-38.54260089686099,-48.16288659793815,145.75660483647522,0.1026326582229818,46.03264530507707,158.52817177241204,89.74383163367689,-54.90904906959652,16.97024690074333,-44.395898051382176,-90.80055214854288,55.34014432923337,-83.93562923689817,117.97084643222776,172.17856005567066,-166.58383509126915,134.55145166494816,128.52838610095878,27.017332126988084,-91.1114507049789,140.4748360311481,12605.303140440414,-146375.788635227,17006.791728448043,0.1475511469311841,7.654874197717589e-13,62.0,73.0,0.079045761477918,-0.0241023907894268,0.0285182889026658,0.088923111677799
e55759e9345528600187b68f5d3c8e97b66f7ad3efacf0454c577818ba65ffa7,0.5458020886929723,0.1089386037510181,0.1448514612826056,-0.1136921417439886,8.569153754028808e-11,-7.379035785725028,-0.1815181518151815,-1.071074380165289,-1.0644628099173554,108.6473499455336,0.0194665340630139,118.61567877971656,159.12130600622007,-79.48206008973047,167.00962052005056,-139.81312715820457,-159.0665622641614,-163.528075503493,23.704436414556486,41.41942122034472,-86.12543399494507,-130.40207128561286,-153.32893523376967,-128.1462018892257,42.60800359096232,-66.00707779483618,178.61242764027293,132.68605523515768,3192.893040048881,-110650.48674355072,1770.0547051754988,0.2138871667699938,0.7753137218835615,269.0,21.0,0.046158113173761,-0.1569957132239386,0.0055796652200867,0.6709111466528207
e592435a5b3dc48548124eec6d82fb79cf76d9c2b22f44dc0a9db26005a34872,0.4540256248959248,0.1264890652512629,0.0470706008196197,-0.0331731003993032,3.0347214270841242e-09,-6.745960268461116,0.2251655629139073,-0.8680445151033387,1.727427597955707,-188.46805304807992,0.0580422503988989,-152.0540046175392,131.17681566906896,149.17195007942766,77.33934592605513,31.20748603866233,56.809059385932336,82.7843699195835,-40.64503156068231,71.13547906253211,107.95290949251664,-9.406481989557848,-140.3693277328607,174.19900609094222,163.8347988672382,83.02215198060483,-111.89038372220656,32.760378759031525,-766.834581115369,-43569.43298447368,2764.295062742821,0.1940483570985741,0.3968583022642244,75.0,35.0,-0.074399400395407,-0.0860485594569773,0.0012399256044637,0.7197961572547618
e6aef9c0da4f30a9b4c2c1df847ac860560ac0721539e3dfd2112d8ef57ea703,0.3878204999364902,0.0650388342503706,0.0961486809685906,-0.0184217727638296,3.655525378793992e-08,-6.2881087137099305,13.444444444444445,14.069395017793594,0.759927797833935,-4336.752964640536,0.093239036637499,-68.92633269561333,-42.0397801275378,43.82590635105227,-79.88917432020327,144.97177479683592,-104.10287286317902,-53.8304210413326,103.46748436845374,85.00586075713045,77.02160754162877,125.28134338299527,-89.75618934780437,-174.04466933580557,-149.53795966074438,-46.98191855397789,-40.77065297164088,-100.29250685552051,-3656.7704719866174,189727.70578147567,84126.52727079173,0.1952882827030378,6.261352171404089e-42,84.0,60.0,-0.02605618245217,0.0262770758173898,0.0471171729696218,0.1183816375189683
e79fff2fdf4c23cd6c1e2e09e73bfb29ad15d05fea859eb1a11f603247dd7b2d,0.4500380117100829,0.1275401553874042,0.0980087685403449,0.0039409610158778,1.5477960222163498e-13,-8.463142410873443,-6.876288659793815,-13.209756097560977,-7.766187050359712,2667.284583408983,0.0995319367071235,104.99880228553202,153.5945921745593,-13.189574261648284,-139.2400920469859,-78.89354989128489,-167.9665922062289,-112.5359030804786,37.688504116420496,-108.4741980359867,134.09604765404225,-36.30447480768829,-78.43234695232856,-89.48088903716656,-117.82463730340946,-85.3998348869754,83.47234160622565,-60.70125526993962,-15040.856495269409,-71901.48559625211,14561.280973173429,0.2101673899566026,0.2275010363007551,66.0,46.0,0.1498050773395197,0.0296372472654669,0.0117792932424054,0.4729959848579286
e7cd675a9087f97c9c3f5861ef1c646938f820063f313ac639bd23f80b1463ba,0.1267199416352245,0.0424016691765101,0.0497866472505422,-0.0422602105471078,1.7575116782237862e-08,-6.424568872082349,1.6467661691542288,-5.2627906976744185,71.85679611650485,468.5955206490637,0.0599175723444584,-176.23592397490734,38.7378643100434,6.923550405473645,-84.45914349506461,-69.02688272356767,171.205904491763,156.69457350617736,98.78582891957734,42.74842365823733,35.247815806652895,-84.28425687162455,-62.84649536525138,43.740194923537466,129.10255314935475,134.31750780805615,-129.2512865007329,110.92490793335496,-116462.15739969084,234155.24777898297,38042.16306435161,0.1531308121512709,0.9421460526702224,15.0,94.0,0.0496265247051047,-0.0189389401169417,0.0223186608803471,0.8417854664963426
e82e17d1e59eec21f9c3112667a454c9a4fe2586134d11d693ed955f0ae0a365,0.7154290503124099,0.0173391200294882,0.1093538531914638,0.0324318489485882,0.0040550292376592,-3.70415926715073,-4.970779220779221,-4.509337860780985,-3.73728813559322,-854.9509892686872,0.0869446725503367,-85.01057966160784,-100.46807981163136,125.4718885991414,-132.9903431385781,145.69903409308495,-19.49589129209125,-156.36470394920653,78.88375258611492,-133.156037216676,-1.839846776894504,-4.707870699436288,-125.85414323497292,-24.83453337348792,-22.08027606530597,-78.5783293423044,57.3825058540309,-140.746338104926,-2654.099866230187,-35140.253053361914,-4269.576767808022,0.138871667699938,1.6342674185153424e-140,139.0,66.0,-0.0131273290851544,0.0220351927669849,0.0421574705517668,0.2714372585167358
e9d75b347d07708feefdfcaa041903b1e6301d46cc9e2e5a13e5caffa572d89c,0.104801891925052,0.1585179843350196,0.2877983750701836,0.260644916937377,0.1085961511733537,-2.5289167156785464,-3212.0,199.7826086956522,78.4765625,-25.70061368363674,0.099428500136314,144.40114405881562,73.57908603378557,76.07916522889127,164.88426227337024,-150.61332849898528,67.71620049879269,-122.0252431925831,102.76446804597056,175.96551515152532,-159.79441109684,-75.27769582026139,138.88255875184757,82.20504312003816,164.52042776676132,-99.5664035715698,156.70169055399896,-49.57823070835448,43771.13661513229,41464.10696115426,7000.936310465207,0.110973341599504,4.1883285809942905e-39,11.0,75.0,-0.0874542207014265,-0.0109840087951439,0.0049597024178549,0.0342897644113757
ea885ffca6338a2b781a0725ae8a661496779c7f0a7f78855b1f297b899640c0,0.4091139189469954,0.0385770556954146,0.1130606922453187,-0.0329274550605957,0.0091360950993465,-3.457913129005993,-3796.730538922156,-4457.32905982906,-1539.7711340206183,-46141.868472653325,0.0619650431069624,-125.54285339757332,-159.94395908921882,7.221023734996325,76.94819238162994,-78.02258321435913,-84.63465189032213,-54.63652728106048,-126.8380820457648,171.5088090864361,20.203289898826608,-155.5470835529153,64.3166782809086,138.76172075536218,-28.3875123735069,178.33387513793727,-71.4293316905426,18.68768170806251,-584518.210540372,-13004295.374126242,-182268.4271411485,0.249845009299442,6.630132622961821e-39,108.0,32.0,0.0704772347784559,-0.0604879788058881,0.0471171729696218,0.3681612884385624
ed2a143f046317047794abadb13e078abbba7d8b1669d3646a476fce96c91bf0,0.499698704583598,0.0637238847178688,0.0634325231279325,-0.0560211388557804,3.240993958733612e-05,-4.916328874394733,-0.8471760797342193,0.1284109149277688,-11.865384615384617,-712.7858891160805,3.2075112795793444e-05,178.9149312341414,145.9177200103338,-159.59211998825853,31.612145571686423,89.10504931771801,83.36296023415116,-9.29315350764584,113.58373037468456,-136.56955512638393,49.008066608122014,8.02716363140309,-135.0880581190058,-16.914746165286736,51.1910662820241,148.84216720374823,-157.03450254969394,-134.32771941474965,-20246.97115406498,-309894.11934583983,-3638.6124304248297,0.1376317420954742,0.0005845939546176,283.0,44.0,0.1092217167062203,-0.0736799474960463,0.0210787352758834,0.7388549262114052
eef85f19dc42c4893097e8b31df99fb1d43e280b812532521eab9fd3c8d219dc,0.0768963597774793,0.0091860368187756,0.0464913283903098,-0.0457687706467657,1.7950603726968273e-12,-8.045892756320441,2.005235602094241,9.86815415821501,-7.54228855721393,-337.8588644083131,0.1162246587951548,9.343301511990177,-152.47755311470974,2.804506911453517,-83.28666429566546,-166.0697201935358,-166.078712442907,79.46603097282791,87.98095180186121,-81.24206478712178,-133.004244823072,95.62173007414306,-119.27790689436554,5.543532202891889,-147.85836879795687,53.69139224429467,-173.14718255197775,-160.41511841135912,-14091.790682699137,-8168.571082054311,28119.001238998462,0.2672039677619343,0.7716022469413786,57.0,70.0,0.0539740103101286,-0.0199610733365485,0.0365778053316801,0.6114964858479248
efea988ca187ef1ab123f5b8e6830ad251a123f7a59e3c46a1b84695f8b76102,0.081329855696506,0.0102408726287976,0.0546762252668229,-0.0453189827503306,3.3419140187336975e-12,-7.939573336049069,0.6443298969072165,11.10843373493976,-11.87192118226601,-332.01507453803526,0.117606631054308,10.119017509599976,-123.84468825102785,3.40310387846621,-81.43470975294996,-162.51417492069075,-154.5842647119677,29.480874935934064,89.0275952336379,-83.09834820538372,-135.90468335239984,96.46836181554023,-116.20411530792346,3.0294946200062456,-134.98995592443254,55.69647147157063,-170.38506403177556,-169.03622988611997,-13056.92215433589,-5021.372493969703,27780.563136345914,0.2634841909485431,0.5730463752986521,57.0,70.0,0.0550711989815631,-0.019503671746539,0.0347179169249845,0.636830107558011
f09f701fb24d653511cda18120864b4d8e0bca0725b11a336116b794950336b9,0.120994296238013,0.0341319124383378,0.1585424152535069,-0.0839566408076882,4.028693270121752e-08,-6.269875382113905,-14.318181818181818,-15.580896686159845,-446.4851694915254,-970.921873042058,0.112216859185597,-163.98460834405174,129.71558390015872,-18.546992378652394,156.6531852102577,153.95378598170572,161.7539517933804,161.1215183203696,-33.338086726558906,-74.63766336180703,-79.07590957104759,72.64424587022837,-176.96964448140204,89.88207489363722,-71.04911371391839,-103.91375653578362,-167.74058179213787,111.4092829020961,23940.783432910044,-89040.18362100913,-8971.152162608527,0.1642901425914445,0.8873770903209484,64.0,59.0,0.0065455753584967,0.0667874761598042,0.0874147551146931,1.1617841839759968
f11f1ce193782ce644a55fc6294faacfbd7fb9ccb894e72c27604daad18b8d5a,0.3703276837357354,0.0442858617981919,-4.545154126904321e-05,0.0361317711849752,9.137146231521086e-06,-5.191805793241373,1.6291666666666669,-2.53125,-5.3877917414721725,-282.9525036318054,0.0545250309586695,129.02089853344776,166.80707025795684,-39.545085594827086,-179.32384937604624,-149.39599229126802,94.67556782285088,-60.35838602630217,-18.47748826937489,44.90145335927083,176.09785233642737,-173.14886584973857,-71.53190966881533,65.44731130349915,-2.7114077728516666,-69.94228522327516,-145.10520866946885,-138.89281397976094,-8638.456146169327,-122627.77360837256,-8929.813593558552,0.1797892126472411,1.3628035324531414e-05,184.0,64.0,0.1102173567705323,0.0088406994202623,0.045877247365158,0.2506863762044754
f1de419dc75ea0f629deaf936e0b65934cbf2bc444ffd7b3116e3a19dd108f11,0.5038591753491748,0.1227207953926323,0.1742961551882406,-0.0304765133843714,1.4020057026136968e-10,-7.292907739015701,-4.157718120805369,-8.647151898734178,-56.74126984126984,-384.9271111278972,0.1025506819948876,-162.3930455553017,162.95343935358306,93.7608469775834,20.24606599893464,-175.3349644837556,6.343607289446138,12.783127640798227,-131.3388900429133,-125.91683945288536,134.22483941481698,38.80666713099193,-128.8965732518226,-124.45207661962044,7.900863048789296,56.73705191620144,-136.7138112349594,-150.67014516944982,-160443.33217757687,-852415.9465218035,-7043.321472659656,0.1146931184128952,0.0001803022061234,96.0,23.0,0.0447362565495003,-0.0929613026846945,0.0024798512089274,0.4112470478819879
f375f0228b1040ecedfc58529ae921b5db1222fcdd9bf32d530de146069e60ca,0.3012273623084871,0.2044987877207505,0.1678704262946864,0.1170836101603803,1.454161140124585e-13,-8.473737617227755,0.0225806451612903,-0.1252086811352253,0.7584541062801933,161.48472721462258,0.1359787825477842,129.83764560153358,-87.35079073048914,-142.00133241903333,25.207886165626565,9.50652436881554,-69.35861488450982,-80.97189096566349,79.43122983283769,11.013912552903024,32.96980151752158,-174.52755268272657,-161.6199675847023,-112.33055327764976,33.187513453787474,2.0743866565411664,146.02017117998446,72.32281496858255,1353.4884344199013,4016.8878947471217,-224.90203899010493,0.1766893986360818,0.6784794080271516,103.0,37.0,-0.1923349507173869,-0.1546450693474306,0.0570365778053316,0.7215062460875702
f411026d2b37e8b9d63a19c7cc6e441c22a20abedfcc63b63f9dc771c347609a,0.706255218373831,0.0115808406240227,0.0823038574838099,0.0125170599062062,0.0001624641899359,-4.545676119574577,9.23404255319149,7.269146608315099,-5.531317494600432,839.14093676536,0.1041167458101783,-144.88744094166256,144.37968381068984,46.92212698447003,66.96595054027618,77.75960679097177,94.32390513430326,33.19795103986213,15.516467213217634,81.58637868874618,105.76725671117391,12.236334106298267,93.0910867516406,-21.05593545611857,158.59634956656816,119.4461781729946,149.67667962556337,80.66239755392414,16849.818925667903,-361510.1819040611,-16875.237531164814,0.2213267203967762,1.7998712864317202e-79,204.0,59.0,0.1929213566372769,0.0282700866300927,0.069435833849969,0.10062408642498
f477c4f73e2b16a6be737ca19b5614e905da52a66a4a355ef02c62c6ee72ed58,0.3465887210755587,0.0506879377425594,0.3231257110299563,-0.0150619848382164,9.277158552779867e-05,-4.677410026447875,-0.9330708661417324,-0.6062717770034843,2.770382695507488,270.0458695285726,0.0289935643766246,148.81299193656193,136.62172904506534,-105.87964089436834,53.54882861062188,15.6884966607788,-66.6527444842162,-166.71084791714915,-97.58039706751798,-170.37946978393208,162.67048833798464,167.43433614916225,-102.09963028761604,-29.26687209522448,83.9466967245031,58.21601823537813,-159.39368803344527,-178.06164551210102,-6549.307410386875,-163393.4971350986,-1056.3849855614444,0.1072535647861128,9.712725774301658e-06,253.0,47.0,-0.2712935811984264,0.1575396554131169,0.0365778053316801,0.6412906540410264
f49c9b07fabac545a5bb044d8b67be677958ac1ecf1c72cb6cfaea81785d084d,0.3823976311864066,0.0655990132108676,0.0785502098777762,-0.0211439274215647,1.292230792577181e-06,-5.5966886704501295,9.654275092936803,14.66131907308378,0.0560578661844484,-4335.659768817707,0.0932909769076129,-68.70054584524576,-41.6423061294725,43.18072802828562,-79.42324626512307,145.70087803021934,-105.52849969952813,-51.67437827762693,104.73817060553527,94.46277033535377,72.29548941276447,123.70715277684576,-87.45825448760748,177.63548704561688,-153.6734430044038,-45.44103714092625,-40.92302063372127,-99.64721569352558,400.4796410615281,197854.77008371783,78367.12253279757,0.1940483570985741,3.8499429836620014e-41,84.0,59.0,-0.0164883940161724,0.0373675903752407,0.045877247365158,0.1193738919813899
f52f01e691fcba131ff92a9fab3323c3ad2298c48d81050996bbd82a94187e75,0.3439241911357534,0.1471030589600979,-0.0169435418504577,-0.0392725287336423,8.676074988834937e-10,-6.970784032749132,-0.2472727272727272,0.753968253968254,-0.1209677419354838,-2662.383216286388,0.0779733417811312,-83.97120092771549,53.24555311258891,130.38268104282446,45.2463203936784,-8.095541494926854,72.00438727284863,66.4845294532281,-59.54545454936342,-124.2161394192693,143.4140229514197,-178.78476498579224,-152.72372217729196,-75.21250157709021,-73.44697130523166,-30.157587555585177,104.02446189334016,21.98859476326008,57764.43503518648,138769.83966909925,12394.586672018544,0.124612523248605,0.8842212630657738,103.0,37.0,-0.1263837603105553,-0.0216125181056491,0.0725356478611283,1.284467189097838
f70c357bc8f4449dd35d2a8b604112f65935c757b4849490ed8cc05d97a3cfd3,0.8155139139728611,0.0067774925034742,0.1825038627990872,-0.1278115221894549,0.0344071236032434,-3.0052488404304865,11.911971830985916,-7.115843270868824,-32.186619718309856,2775.403989207014,0.0714843567572648,146.66900811340747,-56.51547287652423,-11.930495433546607,-78.1006937453253,-55.92232175086682,-51.39301173860687,-74.64620905457146,178.66903580242555,-18.32697646696877,-51.06720392020259,-90.87737290537932,-167.0166975140013,-58.16114909211138,-24.99974262267421,6.77841988420536,-58.535844145687086,-53.42432492837168,-130656.33650939204,1520647.604979181,-79342.12771503016,0.1301921884686918,2.441877395461308e-122,516.0,43.0,0.1739485357306981,0.0295472899073997,0.1091134531928084,0.2981887500410908
f80492172730b5f5c44a082e486a974be63f970ee6a548f02b971a9856abe857,0.5234989479211318,0.0646334374688062,0.1593789546788178,-0.0371144376855885,1.0353962652758904e-05,-5.165124801197671,-2.612781954887218,-1.1492007104795736,-1.172981878088962,-59.454439925600425,0.0401992518672943,139.34037882431235,153.00038765973994,-99.14578828265866,79.77549770991892,-148.91899784879675,-71.696914394571,-107.3932097971728,65.49980054752854,151.19491945971083,22.84925807163444,-120.89683089121311,128.49997372888024,-178.8699478770266,-9.41980062922863,-138.41843010355754,-149.34029666344634,-106.43191744847448,-5377.560240938437,-136920.9660133854,-6082.430642221694,0.1878487290762554,3.646000870494961e-11,107.0,57.0,0.0298084832142775,-0.0463211882130254,0.0272783632982021,0.3903143330588243
f8c5d1ba78b7d2f4d2d2a0d8bbc31f0b93185edce1d0788fbc362f22bd931af2,0.5623675418876191,0.0484700981070255,0.056244922803275,-0.006883125467968,0.0002920323569964,-4.403999250016759,34.51960784313726,-205.6944908180301,187.752107925801,30129.276590941427,0.054323000493941,110.57490242488797,77.42600943745583,-71.03169741895401,172.15762222144735,-156.803102785249,-10.185872813481335,126.7781493292448,-78.96621244905853,-62.625913880103774,14.861012602601994,114.36705286881003,136.07505181448914,-159.22242715548774,83.52079885734,53.639103574711314,-103.97808198271083,80.81344383552093,1233538.942228811,3794250.685918061,368567.3186212082,0.2058276503409795,5.01149073667569e-05,103.0,39.0,0.001639064856459,0.0586237582552892,0.0365778053316801,0.6750285256186023
fa4ac754e022a4cd821d467827141a05064a08cdd9b7a2d121c24e096a6f0580,0.3331468348885041,0.096657423989237,0.0319195014005285,-0.0245146111251231,3.634741437739296e-09,-6.713291332170424,-3.974820143884892,1.456953642384106,-2.411334552102377,-4344.751837299405,0.0602999270524307,29.180979997060383,-93.17989334268744,-50.3529343977564,169.98415448914233,137.64446530001553,-84.04977366246311,-114.30700535092129,164.9020232854618,74.26733893817712,4.33260245429967,159.36371417163843,148.86572781163133,91.46711755751076,-134.64043639472595,-128.39701601567057,38.13046234699425,120.41750466136104,-68019.22133537564,-7326.457912596237,57257.73959389349,0.1264724116553006,0.1844217491274337,75.0,52.0,0.0233462086977182,0.0718710252943641,0.0266584004959702,0.5631719544828742
fad1ca5a071c61a773f665a5f345a2a1172949e4835194b414ab0cf8d4fe9ffa,0.3263889444693233,0.0195184314540819,0.2344359826106956,0.0221256979987544,4.170822768559086e-06,-5.356841715879943,25.72636815920398,12.967248908296945,0.5466377440347071,-481.8839106682836,0.0456479325056368,-136.46770169274205,94.28354655415842,50.37928779640252,46.37187770899667,44.49664183736024,-154.12983763179025,-81.87787683186352,3.14135981304532,-137.01073965263265,67.0350438019125,68.44879997525634,82.10311378969963,-83.26772479957377,-61.01874521115449,67.53427539307599,82.81026240285773,-95.19358361492468,4900.27519005455,-25355.758004307976,-35495.62485735892,0.2523248605083695,4.783182504942462e-15,176.0,50.0,-0.0318674439725337,-0.0043199132727448,0.050836949783013,0.4814641935243542
fb0bb72a5d9e18e70b85834c2caacd4c12591e26d99225cd9c65a942a39925e0,0.4951476607477009,0.1241738074626885,0.2777148358831678,-0.0755002728763584,8.14930092048736e-17,-9.748174488104077,-7.068027210884353,-6.188870151770658,-24.050522648083625,2956.783082899193,0.0755087034080173,88.78748057529403,161.41252384869847,-61.53753520901221,151.29715969748275,-123.83705210265192,-128.1574172812493,-148.49632102803128,-25.08974158094506,165.11213644884066,154.22250098411996,-27.07471855907417,-26.578052355493927,42.819469955850245,97.26100102639516,-38.66620464435304,81.826011194077,-42.51547359913404,-40334.76415223436,-281588.53017039446,29681.89528767423,0.1959082455052697,0.8101786187909387,71.0,41.0,0.0756686447412586,-0.0667515623210734,0.0049597024178549,0.4466384733542096
fc057d59a3476406c8572dbab8247d7e981c1976e8403d3715979bb1c02fb846,0.3349119947318871,0.0437824859553647,0.0904851900084045,0.0196794188171381,3.162780785968899e-09,-6.738482610119914,2.044520547945205,-0.0792079207920792,-13.830645161290322,-266.9838682378927,0.025518333580731,-138.59732417375756,155.97478502418144,2.6261889925740007,-1.485022114651588,57.96371544513205,-171.12837512875342,120.80060520038435,16.554333477523127,28.37646438077551,26.63419708756108,-148.55517685986064,26.96991339446601,-71.40646238110033,-73.5935688505111,23.61243896009297,-119.44140750625576,37.42069549140039,-997.0985117384568,-550891.3966675153,-33462.459828797044,0.0898946063236205,0.0316968219182456,132.0,47.0,0.0079189791780234,0.024871451914283,0.0216986980781153,0.8727451893886196
fc15cc22098577295f29f8b259ebbe5e5420ad2a22a0961d02f945dbdba46e11,0.4780719695715231,0.0695977335172251,0.1206671755725386,-0.069646697776521,2.6395936317390267e-05,-4.961824491105531,-0.2033898305084746,0.4660377358490566,3.0503472222222223,-67.76276581782228,0.0108943421094616,151.44419363447892,150.07011217472953,-125.00935330493556,81.8719513847529,58.02724195172801,109.38259050846348,-166.70511848067468,32.01918721414117,58.21520812144523,84.69812597951531,-130.0549353052782,-177.60141193040965,-71.82671252804464,76.49144264601718,-114.206990071744,-178.05745374690946,-157.71070392593472,-13531.05874082536,-405624.7256499692,50276.45948908012,0.2027278363298202,0.1954448717145735,275.0,52.0,0.0325860702337491,-0.0483932065818483,0.0130192188468691,0.7002888097203032
fc3e31d858257899b890c4af0cecc83739f6754e2761ca5d646d1a12380f4700,0.7054182670621737,0.0123894625475884,0.1798863280430658,0.1340473336791967,0.0159209161006373,-3.27736843610873,-44.46037735849057,-18.6425855513308,-13.311890838206628,983.8438337256256,0.1501017823914153,-105.69876397214097,85.01884714334139,-49.24352344788725,-105.62362497646548,-1.921491307761819,-23.092047644618344,-53.11245814084271,106.92557818124246,-168.4991915533992,135.28298119987934,-170.42909272314557,171.16710677413533,-35.367418515228344,100.66755343573774,-166.7562244285361,106.83467969143908,1.8668782249868503,-16675.128831438804,25891.84166082713,41885.84486290923,0.2486050836949783,1.449631169942096e-129,271.0,66.0,0.1104941075660135,-0.0113150525660304,0.0173589584624922,0.2838406552359684
fd87c379a4f2dac5b411a5443e673f25ca479ba7172c5074ab008319fbf62d13,0.4925352814386938,0.0256410951376733,0.118373588113537,0.0353698011978685,3.8982146021044845e-05,-4.875102771258725,-90.0701754385965,-128.14964788732394,-392.874363327674,58628.80967739953,0.0230640640293321,160.47058628985403,144.8211369562425,-62.62443086396476,140.34365000941145,-82.10634588752077,-127.70375344618252,-174.98059255450585,29.63043283028621,80.66375305166012,148.54474944084396,-58.13051183044261,-154.83180173826233,85.07583516659523,-41.90738763459582,106.51957665203038,-135.71534200044846,-58.60958707387697,879096.7219005505,-10344518.45232016,932988.5828816904,0.1754494730316181,0.0001422117605261,143.0,51.0,0.0981435166424249,0.0361889297401009,0.0198388096714197,0.4431123897356441
