id,"y__change_quantiles__f_agg_""mean""__isabs_False__qh_1.0__ql_0.8","y__agg_linear_trend__attr_""slope""__chunk_len_50__f_agg_""var""","y__fft_coefficient__attr_""imag""__coeff_27","y__fft_coefficient__attr_""real""__coeff_50","y__fft_coefficient__attr_""abs""__coeff_14","y__fft_coefficient__attr_""angle""__coeff_21","y__cwt_coefficients__coeff_13__w_2__widths_(2, 5, 10, 20)","y__fft_coefficient__attr_""abs""__coeff_54","y__fft_coefficient__attr_""imag""__coeff_62",y__time_reversal_asymmetry_statistic__lag_2,y__partial_autocorrelation__lag_9,"y__change_quantiles__f_agg_""var""__isabs_False__qh_0.6__ql_0.0","y__fft_coefficient__attr_""imag""__coeff_71","y__fft_coefficient__attr_""real""__coeff_41","y__fft_coefficient__attr_""abs""__coeff_53","y__fft_coefficient__attr_""angle""__coeff_81","y__agg_autocorrelation__f_agg_""mean""__maxlag_40",y__ar_coefficient__coeff_4__k_10,y__mean_second_derivative_central,"y__fft_coefficient__attr_""real""__coeff_79","y__agg_linear_trend__attr_""slope""__chunk_len_5__f_agg_""mean""","y__fft_coefficient__attr_""angle""__coeff_74","y__agg_linear_trend__attr_""stderr""__chunk_len_50__f_agg_""max""","y__cwt_coefficients__coeff_2__w_10__widths_(2, 5, 10, 20)","y__fft_coefficient__attr_""imag""__coeff_22","y__fft_coefficient__attr_""abs""__coeff_28","y__fft_coefficient__attr_""real""__coeff_51","y__fft_coefficient__attr_""real""__coeff_82","y__fft_aggregated__aggtype_""variance""","y__agg_linear_trend__attr_""stderr""__chunk_len_5__f_agg_""var"""
001b49279bcee7d125a97b05270bfef90bd1e95312b78e2db639f0a531bd3543,126.15686274509804,-107053.67559987422,83365.64571683508,-9272.091099474856,261549.6102030978,-42.67949632150697,161.15605607534448,26594.309573068072,40162.760454824136,61433118.70478558,-0.2229059041729559,144648.18936833518,59875.90743967269,65938.92507445358,17683.068102536654,-105.69076799853482,0.3236519727192166,0.2899631869232119,-0.4391682184978274,14444.52690763479,-1.9382585477618453,152.94392478390412,48.72319072179245,1467.7095142607518,-158260.24926118235,161003.469820359,15278.110918792809,-39689.960116413386,69444.38910727299,787.096627381271
0090326fced7728419b589c8c6c2cad5b05d75553813b47938fae26ba0b2b393,56.80869565217391,6795.848882746891,42854.5759673342,-8831.015090933251,44124.37879894613,-94.21157320432708,-1126.544237319213,22030.732740890748,48366.733841262925,123253223.08452454,0.0880397965391344,11329.65119387162,21578.432360710893,-21933.256642131644,25912.803206502645,47.4314782217722,0.1336729735548501,0.0711396698876568,0.0142768466790813,61717.48304457922,0.5052137305468846,-34.98446434624533,23.806111365856708,-1845.4527708842104,-65132.47012700111,12267.792313479616,33858.68237499095,-13427.17448203868,50860.04060974093,343.08226213339753
02158978e403150c2befd8b4176c717c4230186b25f7de41a83e27a13f0dd4e4,-14.64179104477612,-44.27824049694669,-2736.864065241947,20636.34569794463,46876.58516325649,-42.77105261507381,-65.21818900659225,25859.60881714677,607.1225375113472,26929854.96022374,0.0054947557763379,22762.20359781909,4687.161087346105,-5148.903112847686,28942.75485484752,122.24746580328474,0.4651931043213836,0.0724724350616188,0.0490378646803227,14152.285951910717,-0.1236765305325452,78.59892498507476,23.03942209449881,3176.274530769304,-185433.216531415,40287.22425166216,-14894.56233933478,5097.84597608222,47175.95556421362,43.75516534860709
04605a37a22e05096e009845434d33bfd1c42cd67f6d72601d351e470614bf5f,-65.20779220779221,-51045.04789257193,71214.57293353074,-3115.7396310427644,162876.58623148844,-150.7022406111954,-3095.5090900945315,173691.01237761742,166653.37024058442,-73296786689.72964,0.0533438047794359,5148157.943699517,83451.58027316832,178665.5771975485,123225.2460591717,-146.8778624754751,0.3936912530405508,-0.0328941790603546,-0.7430167597765364,-51212.03311515668,-10.04589462193895,160.59889416349648,82.4280396278496,58764.83830797341,-12564.574410180328,709323.0880674905,-106625.65463173078,-160369.2244741245,34945.6822049199,4210.340285205434
05aed21c749138a712c901a4e7113230306b3b3e2ec055b73f6ba40e78b870ec,-2.27027027027027,-16239.305352038573,-63047.96318913709,-74375.1522344279,97878.05119412212,151.43469918066424,-54.67575555021042,91038.4516325077,-6504.258813458353,-24958480.94406464,0.0445817905297496,45699.59353746252,-58659.73308539245,108864.17160304374,109670.19880945251,-120.11273100783428,0.3193217539407073,-0.1492453034088277,0.1213531967721911,-19023.767848035568,0.406597245220658,-144.38836443131294,33.60440951678592,198.14884464160647,-52629.44895186354,77088.65847259834,101742.2314423186,-1508.5196886008598,37200.24237792885,426.7702635627203
063ba6f3c1d425f6f5c3bde3b9ba1eba7c6d81c57fd794860338638212d30dfb,-524.2054054054054,-1214155.1743231772,1333945.1051372124,556274.1319273505,1135093.8000137934,106.6199435950456,-9363.849319872006,615905.1622770146,422498.8617982164,3468259669349.4395,0.0568756239847501,32888511.14091888,-108488.9560523218,-864808.3834472938,398661.6377895199,137.7293995573913,0.2555033217128234,0.0185872437472258,1.3702669149596525,-522625.79137287673,-2.3071551664991765,118.75097025180251,289.4063554224118,79917.97953198462,45300.37506276078,585690.4306665576,-149394.73217606626,670820.9251626353,49186.45354449849,55020.45158238267
067db9e34208d72cb693c8c199dfb3fdd7a0d11e29bc6285aeb702ddea18ff7e,-37.91869918699187,9433.610362380949,-60021.05032623411,14934.906178779023,160385.73010406387,139.4910760251738,0.1662814060966981,36869.90061630522,8390.893214087217,68067272.57364823,-0.0335341572158026,290781.84252960444,22071.337896557743,17865.783680716977,30523.55974704361,63.87453755161633,0.3730313124620748,0.0124652119449404,-0.121973929236499,-64682.0393114287,1.9415411931362927,158.17226188505074,27.13219571640939,-243.1842247741383,358827.13394655567,81656.20445335336,-27827.77424851209,24218.66822307963,62190.25107399199,373.0766928135705
06b3bf665f5a7f680cb80e5a64f71e0da9a19047a80f494c706d4ea5aa27a134,-52.92198581560284,827381.8888420332,-77629.90346428382,-321562.56955119653,864397.1801748534,-171.817583889079,29.02351282417582,212865.64862916843,-75801.68032598405,15514459253.332504,0.0178549653892992,659499.3929530614,-45014.38892947367,2852.305091917955,168567.77650166192,-171.09908660633604,0.7197647067641375,0.0157751098737699,-0.0313469894475481,-67191.38693562635,31.724478526048944,140.9358064086957,137.0477516980811,4010.237009863065,310532.52469666174,290515.263159647,-36907.01663167713,27115.62478948362,49981.497497539945,3067.557440850913
076c1b2effca757264929b87ba491cfa9005a06bb7b81de4b33fd60eb0421788,-9.770676691729324,1335.33530061466,25332.6853392994,10789.783964792716,91613.3067092168,-39.18871914269725,114.42261016299172,29031.87129959889,-13265.600462496586,-11134053.420758234,-0.0182662740204351,15994.862191567609,8262.748141010066,20516.612626884824,18004.010896202948,144.3966746893487,0.5017810761747498,-0.0054564157364473,0.0021725636250775,13225.326996193828,0.5353377523566423,172.58548328675786,18.37357195683379,437.987344086081,-79057.81920717252,6631.585564482009,-10768.110688578352,-20040.859592083645,48150.41013924719,52.60248626603621
08f7ff6d9380a3c0442130789c39c3006b6648ba613a3cc9f34de200ae2ee057,0.0224719101123595,12360.875689317472,50119.144947706256,-21920.70153081949,85256.19262145547,-122.32376735263372,33.67313980764412,58785.55645781383,-20629.395648126207,-146944019.5083903,0.0691872076714352,90396.89703514412,-18172.05317513708,-49126.853412028126,40131.0908087386,-9.224320311167183,0.761902982726494,0.0741268047819644,-0.0661080074487895,23347.9130295749,-3.844842640844795,-58.973857064534506,17.119042009232192,5275.612259594845,33132.12648398679,47338.9570553483,15140.806627667702,11530.543748541984,43083.65444654157,201.5648563631916
092a09c2b274437cacc47579598007d841832357369735c3c770b2ba6dca3454,64.74031007751938,-54035.86271432618,-99662.62103719756,-54441.68064068892,186061.6446712052,155.6291472353928,-2122.861028730088,151205.61669974474,-175581.67393321168,9953149554.6358,0.0045301736313463,215523.8068724236,52882.7171772315,-21374.658935647563,56086.70614970847,-177.06656563713136,0.4566366490626747,0.1096322769864072,-0.4158907510862818,37511.82115872473,-0.3636202137436051,140.93320818856964,92.75786019195654,6936.182627735492,-115271.221125267,232762.172545978,82531.93113501905,43440.53925492372,49178.796014452426,1654.8309671747206
096d04270888c86c3698b47942b1ccd5fcede77987562931d4177f7e95160639,-6.7615384615384615,207.97808016327545,-2052.3734722634617,8679.866069500484,39848.12599673069,-76.73195727421691,-20.67390797882369,14793.124699213133,3676.330555370111,-28738137.986948416,-0.0256631355388882,19882.9740495493,1164.9661430709966,-1483.7092334438669,3705.63743583845,22.498324303291493,0.6254668330936557,0.1297289962791159,0.1101800124146492,-12381.593055704274,0.302091237376381,171.6909976672134,9.680215291208714,2499.9965600221285,9603.2676940923,17907.658191675422,-1490.7867226951666,-9153.967885754815,68118.43693429556,8.199572559242778
0ae3bb3e0b0353563576befc8fd4549912995de9f069183fe0b20bce13d7cd57,185.52734375,-392240.87321777263,176035.9600093071,-60449.53770073877,1361628.5114292428,-177.48540063974409,357.02544750301644,246673.72940875567,175111.9017595548,9597945431.08639,0.0552225805112358,471204.0344616198,392192.5062731255,120506.5993764225,275900.5164602917,-4.905441686937833,0.3552428994070175,-0.0717286798641972,0.0552451893234016,44343.57349978619,1.6916277622159963,82.63082903437427,237.9862657069754,1253.68044842137,-375929.3302592698,236846.8230436697,295950.0007897896,-233971.87595553085,52063.817417900056,16896.742714300002
0b104201b2555d9eea01adaf120f401db50cdc0df2bc3457fcbce2a7d9948e28,-6.693486590038314,125.18957945527254,34820.1618071293,24941.03303918067,23119.98074990981,-87.6688032709684,-0.5715250686051868,14732.439509607302,-256.8452271980742,-344378.7781230578,-0.0845124238935458,10228.56391071206,18175.984431969293,5253.400100518263,41450.13983499421,116.99628573361213,0.3681316374381837,-0.0168736009273261,0.0387957790192427,4365.6657200471545,-0.1465811920157504,62.89791034132645,11.149590028903676,-466.6587151047351,-206036.08229629847,21901.76972657757,-12059.294546287503,14992.45023548976,47400.87814599976,18.108453835764177
0b457d358285ce6a2337cf4c69d227e8c1e0d6925782c0dc1d876fdef7bf1e06,7.203007518796992,567.8425456507294,9169.613442937458,-3956.616177048404,9506.463189083535,-171.9995770008115,-299.62132331510776,2485.0841448941314,3524.838164361648,3472706.28154133,0.025207485858709,84334.44872251009,-8138.316408260593,10172.678869624942,9609.984998758042,41.96076131991949,0.3519689231997243,0.0690027478393222,-0.0512104283054003,-13926.172266719575,-1.144347678896967,65.42345708093859,5.771765478641475,687.293728867064,-10154.94060377165,4175.676880111528,-9474.404351054269,5491.359149538217,76058.71687070515,29.93537978680351
0b659d324c401313e25e29ab2d218d2968a1da941b27e0738faa099d9c9ea2a4,-885.7105263157895,-26969.068707476345,-8515.923614042811,31378.265593803902,17103.33154023567,-145.69279920664422,884.6413964154273,29764.110885117963,34212.86510448271,32065332.5220634,-0.1352393374972525,88890.62444092333,-49054.044303534574,-42734.94124139944,49402.461227210406,-126.30238803230182,0.0044022425209272,-0.1371687552704573,-0.4186840471756672,-590.9785948497956,-0.1208486547428529,-61.20139551312325,47.79089072224912,939.0690396443744,-27051.80973242072,32476.548268318467,-15277.725868007868,-21516.164172722023,59475.21676497957,1237.7490271500042
0c0c478de9a3c2ff59c9ca2cbe986e4965824ecfaee1d73b975b8d857ec0674a,-17.63054187192118,-12580.405111465683,5064.559290985261,16921.67727426803,40620.47929930024,81.744441498556,-5.31956050956767,19441.839482930587,11971.780172568571,31044045.71721566,0.0024830252256646,87651.46237294932,-10752.226080732144,16396.97694345388,28311.36209109441,-156.44404786800274,0.3231206091884446,0.0810872010632985,0.1427684667908131,-21873.502216019344,-0.1209339537153955,-69.329687863398,34.722275848264346,-697.1493168345651,-589.2431380346189,16304.92775125384,15582.368644129798,-25858.80483226052,66902.16588505937,620.0205294559944
0ce67779eaa33056a996ccdeabeb3c04e48d41388d5fa734c30f505d7583b559,-26.27972027972028,5121374.85549599,-278875.9734295453,719773.7904746955,1670028.193819351,-7.651035694585692,3189.682952673106,715916.2798452576,725101.2015890833,103366393562.92232,0.0130852215793974,20409024.160377063,-473589.6011898858,-945721.1486430324,2198453.815545279,8.756823310836376,0.4976550537807943,-0.0220619383778535,-0.1918063314711359,67211.75766987166,2.5273878548792204,33.766404519313234,738.5293379674147,57838.1945002877,650566.3899921156,937606.7888940374,709041.7310988571,-74286.84361941367,36662.38515496141,49314.58504960904
0ddb434d18f5ca44cbdb353ba0ae6d9d34a2485a53f5b4efafee103d52cf842c,-22.02928870292887,-5654.686277272725,30292.170478017222,16826.435156520092,53775.37405383984,-29.343199795915,10.660513035256823,71471.30034898609,57407.33797859126,21970297.76755749,0.0049688999800275,194136.9189887801,-4598.192503310079,-2099.270654709351,5528.284679424582,-165.17803012465237,0.5444887813322163,0.1134714486294167,0.0567970204841713,30585.83165639876,2.630211528632132,164.30710197233643,28.112739166637983,1407.8092631719126,-101741.22924776709,100982.5633651804,-21320.995342941904,-28020.27074152632,57716.08622338979,261.3403779863303
101e17ae7801e4acefab9ca1d685221eeda35fd6edd3ee644028cfac0534d31e,-4.150170648464163,-298089.80849328777,-2551.738459583132,-53330.683416317865,454528.774168162,121.64514548449496,82.45959905284619,109300.21698651456,53642.500576595776,-78291063.72653823,-0.0269020124707442,62522.32274874641,23711.933893123853,82363.65973637115,77933.4862989731,-27.207908792577825,0.6332081668880388,-0.0372797434452948,0.0,-8990.091265886815,-15.20877717643545,-140.72871433638497,64.50313519608436,1993.894908481244,696087.317184715,7316.598527370363,-57819.86747733552,14071.888711064928,41280.57179368729,326.42358905444087
12c1683495eee1b714c9b0a145630b2e10ef92ec97be67cb46bf6ba23b83cd78,-2.513011152416357,49334.19979765214,109675.69243621793,71447.93215469595,59897.02287634928,-120.8465123974932,-817.2259963235637,153374.07661121452,-92273.85135810974,-356765633.34679925,-0.1266956153606504,340294.0183867686,-56484.65570664944,-8155.491865235639,116422.39437724458,42.86239696731954,0.5152719646762668,0.0918209773284556,0.8594040968342644,-20559.23863602031,-2.722665501491724,-177.81695807604737,54.15062064156305,6354.442612505245,-229688.97199535923,129397.00037354254,129277.8808170935,-24799.96202612908,46260.78091710191,936.368483302468
12cc7df2e6aca1aa0270dab5fe9f47843c2d4c005e4f582459dfeca022fb05ac,56.20657276995305,22841.6959066046,22416.988260361468,-7408.60751646127,141689.27285122132,-68.25768608692778,1.926010536906518,25358.01911568158,-31739.904715400746,-19778070.77128652,0.0596026294458075,18222.82928764901,21597.31506204382,5167.858351476654,69252.26365197882,126.76334414093742,0.7333259593295722,0.0129104586714005,-0.1039726877715704,-21674.49478985421,6.394061786084041,65.82585518696199,27.89595818617819,30.35832135640877,9727.099867495434,41904.63833196774,-8268.272350854262,8524.760138581427,67792.5760099343,250.34160194672103
1300914ae3947528640096f863cfa01e924adb659f39282826742dc8ba0f81f4,20.38167938931298,12533.030423938391,99571.6844436185,-14282.353700976872,118213.85792630965,40.72239862504164,151.16087428967157,49421.71095838871,31677.16695607493,630200061.3188316,-0.0455528355960093,3876.486707705563,21191.59236595811,-9498.915200767886,54635.89176364589,126.42849833512436,0.5153800569522285,0.0157443922186234,-0.0819366852886405,-13019.134421855751,3.188006651088267,103.81129441318956,29.28825118937554,286.1093290188175,-16677.021508187747,99001.12896806563,-11716.371560474943,-13514.672501418816,38851.63329066071,15.645242146856727
14c9c5e9966a677d7787923e4a3c8e208ca58d29aeea4cd85d587fd3aecba620,-3.593283582089552,3582.581482031768,-16930.694862087064,21670.91618874642,49165.61130428609,27.374817425785444,-34.052870675776546,34378.391964759416,-5949.082714017252,25981333.73523928,-0.0570266247822604,32365.832225455408,-14552.101053395574,-10084.670179594052,6072.619313777268,-119.4483086025718,0.4422193104378001,0.067550206145624,0.004965859714463,-20211.61049851949,0.4500675530827634,-13.311980645445482,13.50991003269774,1868.0080719955304,104806.28265784708,23453.033755259745,-2209.071791718584,-14049.316020347504,51247.73382315754,42.73261739520414
14e788b536994a9402114f567a872f866c9b359446f28a63a18f4b3aaf801d12,-43.13805970149254,47941.763701230906,-217160.1197645479,82969.40659140973,245108.4822282133,-62.96409213157905,-9.815398019523672,91345.9792940412,82458.83511367414,-207633304.56183964,-0.0107690395395015,11414.963043653675,-35813.996868433635,-153409.90533592802,15935.321200986536,22.926237735610137,0.4843891716835223,0.0584460200407531,0.0077591558038485,-28349.212786325817,4.579236857892577,63.07568433760176,63.35097819045878,178.53677432464767,85405.72361395083,174341.66693949257,-87336.87936244057,32570.56627243529,53046.3386555236,941.8954596696632
14f72e22ca86f3e9ec2a842a0dfa3a9d1b931a9e6bf5af3bd26a0dcda3f93073,1.942760942760943,1980.5112638412493,-15205.219366202227,5047.418841955502,15104.902453059009,95.72092868838224,69.0244860320736,9420.469681347551,128.56491958912693,975992.5102548166,0.0142663046546451,5444.029109705812,-1201.6995697495508,-18747.67448137599,11364.65330823886,90.635303890402,0.4884648174463592,-0.0267942510030581,-0.0086902545003103,-8032.842888328989,0.0671153824696249,-170.87772001168312,10.284655904085668,743.0605620184838,242040.57614447203,14066.40346657552,4294.306329664249,-3475.1324567440265,31679.1633134119,6.0345716229584605
1574c6fb6f73c91b31ea7a1aec4c85fa9c937c84c6b3fd517b42ace2442005fb,-31.40331491712708,3840.246770929975,21631.715220101032,-2357.5146194099307,78782.83855195428,11.63768655383637,-773.8245610298751,36757.444134892015,555.3937278943931,-32201765.63704164,0.012704385881287,44602.294545277975,21223.181284225888,20248.56645657623,13206.44388953702,-20.540490078749457,0.364803243805596,0.0148989396502313,0.0400372439478584,-21304.57334253402,1.440040496239177,-16.042868043900192,17.31792505812801,227.1193733460604,16212.84905340946,26560.6986646958,-6586.570702503708,4891.519117051723,60007.01851749934,144.73695746995554
162316c29e309f265676784f693e99bc34b101b279fb14bbd1211d98ce8332ab,-86.5079365079365,19252937.574831303,390423.3070450678,-21351.00394398005,959732.769568904,-165.56677973921558,219.45923731358096,1118612.0919895542,-295558.7319051507,2528422318749.14,0.0163454674539695,90506.13644138312,-233330.6850273212,-78387.99737236211,263312.269353296,-141.9526843508809,0.0275183385702736,-0.2569246060616709,0.2045313469894475,-1900162.9100380105,18.30787779812324,-136.4361911751856,1108.1674435294965,1029.7027962142356,-475836.4100713412,571245.9083727386,124335.52608041585,-763886.2075782067,84857.25495686906,423742.2159891644
16a424c485ab1c8f57d17b2e5b2a63ef8e9f3b3b58feb2b193fd39d085c0c7b8,1.6180257510729614,196.28837325412155,-14528.13766404126,-12108.919757648597,35830.982330959574,43.13737323530273,-34.81205368684854,12437.096070575084,-1413.3378830023216,17540835.34928527,0.1578822580729388,29977.46298683713,2213.349712133735,2302.759652806081,40963.861136867934,-136.88705839662444,0.6082462107954186,-0.19163095904734,0.026381129733085,-10138.895596159018,-1.0145229987918545,-163.79726860501313,8.273377226994068,-126.08401141893214,11108.061040978924,23441.71522443788,7754.12815280945,-2007.1962530340857,51097.27999121764,17.222108253862256
1992918c23cc92244ef4a1efabbf23ab28abe05bf37658eec9af9232d78e0939,-30.76233183856502,-364938.9289239202,-352890.3959715103,257152.5657757371,485400.8364465408,-75.06176792433958,-1104.470678674861,448244.745902126,-320184.5345085376,-85217645725.90428,0.0480017520715039,44488783.73396069,-262461.7499665149,-516.7354898613048,428371.0961258298,-58.77378930923979,0.2186199056834377,-0.0091172588914876,-1.415270018621974,137677.4149556922,12.138584336183843,-45.08595650298368,24.78282665729896,24597.96292154278,-267595.7745714358,163497.13472679156,199308.33130228287,-51039.92791365656,52638.77308479027,18992.89117959255
1be9ec5d983809dab634df4f7a32cadbd5c48bab1c2c9026474286924b6eac7c,92.34466019417476,-435324.1046164107,-61950.61446698528,-119249.88479017324,684706.1817183912,-118.52039805111195,5463.078924716718,324132.6060855493,157685.43628031883,-2336773966.484773,0.0348033994336383,155123.70670593128,118999.38194092024,145639.5737585583,299533.4172978753,98.2345474086331,0.2999888986956044,0.1142288901200185,-0.0192427063935443,142757.38870697847,-3.4758731868033297,172.6723948734107,102.1616294433056,-18048.103557391645,-387241.5657452366,244101.697020509,-113985.87761863953,-102639.03226746946,49599.37840507144,6583.684179464869
1d79613f87ed0d23c3e6f028df721b9d3bf4d322bfb3cf8bdc831fad4231f726,-2.7306397306397305,-3534.6380553792337,17007.417789760886,-2856.021724863348,55418.67539582716,-111.07549236279716,-77.10805573721515,19766.325100327973,-1296.549785744486,-11979944.121193288,-0.0504730481856237,13168.91469510504,-2341.134887430568,11437.023187603603,29400.72024186294,33.196704204062286,0.4416340925766272,-0.082930701179649,0.0515207945375543,13415.346477363792,-0.9294414401068504,58.54233414235697,26.125755653656828,125.43379018140897,-282083.4186291247,87634.00859789965,20609.904132116568,-19271.54687558077,30351.702404826763,81.34189630543179
1e2bbb46bb4dada3d75792659a8b8b5807d16e89ffeb64bef7911e54e3f5a45c,-34.56842105263158,202733.4311268276,-32278.388581641146,-73541.07608431391,492554.5346035592,-40.25391654880543,109.43077280211708,180276.65708819605,-90014.68439634664,-4027102246.42138,-0.1162251378340736,155978.37164132923,31858.38086141685,74058.02139182667,54225.3555691139,-46.268760177544365,0.5287477391041444,0.084862320518423,0.0111731843575419,17665.214095391984,1.812922094000749,-150.0167761768866,259.1968245888355,43.33659443432317,-1625863.790284071,240656.20766254485,-44667.130117387846,-63411.87064620097,54958.88326998816,3396.4755826807736
1e96dba25531d7884b3c21f04badfdd784f86b943fe92058211f18ed087bf15b,-33.86991869918699,-41737.390202989336,-73596.44428307652,-20649.945751974898,419638.0856149328,-86.31696738896471,-100.2128365480988,26290.43426189773,-25862.35331285369,-3376178273.2125545,-0.0390128131840821,1943066.2971997669,14009.31440902924,82134.91810156537,21003.49795905331,-50.00347021652254,0.537762422867877,0.0385331198328153,1.638733705772812,34865.417890674486,0.4074644553982275,-30.245531874784845,133.37897931173757,2067.659462339432,-816865.6294061311,153421.62140020722,-2711.4210732351294,-8447.184402124774,59095.15943047399,2305.802451543434
1efbfbbe9fc83517f39da4b1219a6429f92282b095214efcbf89ddbfc781ab61,10.894545454545456,72171.9824459197,-9388.95780824007,-23156.024074948247,186153.1976270069,-89.39450725290867,-239.5506306805011,144384.76805342492,-6123.308473403009,917070257.8918585,-0.0386845689143623,193029.0394319289,-81111.20431808304,88426.35788168965,91544.91837009236,48.04895328714294,0.5800974678908906,0.091783293658824,0.5291744258224705,66214.98610421158,0.776048817696416,-55.38275549597393,105.4563355462793,-199.9547326979178,-768793.267586703,25731.96724870221,-75034.37115528889,-61677.20372066177,47003.791618701965,1665.7264114656602
1f99061074ba1ca04b763dd578b73696e2639df5a9c0a8af8af39e9ff7f72969,-74.4452296819788,7915.992857674897,-12836.894275282344,-27155.79792599151,133261.38350059133,122.13101436980726,-8.132662276879826,61853.408614916814,7487.871590937288,-235756956.95214412,-0.1320407298319235,114676.78778735102,-2718.889869192445,19579.318612782696,26261.756229472663,139.7913332163102,0.631177068768242,0.0387332949783919,-0.1135940409683426,817.8750971058107,7.198067751551851,9.710080870509191,48.470029567499296,1207.3650745544887,61979.597447024,61477.98094553076,13574.666934029285,20548.16076217904,62315.91214459761,653.0586527664589
1fa06535203693698b96c9d65f3529e724f80a80af2e779880fe15cf9739fad7,13.063604240282686,-4466.318674010381,60248.35089203075,46872.45774172979,78335.38807559814,107.91545026934352,-71.0421187728383,78691.73404506507,25418.55217883837,5854083683.662523,0.0941686378114169,327891.0115475016,50294.050054489,-3404.0336904479973,57446.055097198514,151.12224505857802,0.933533132027798,-0.0536740240260717,0.0667287399130974,-9578.799362446269,39.29296716737377,116.41950677490487,66.50419571229398,1105.7002716620614,198303.066689625,62227.0886648688,20969.778880308942,41698.86934598183,40895.46845784304,431.50331858334056
1ff834f847c59a8e7b85b171d5e4f32f8ba92c474ded47c7963dbc87633d2696,346.8,1050891.618370752,-80416.35323142618,56994.95279654646,33442.70133858897,-140.8431641329406,164.5547671972662,89499.37584341198,-63858.87073957883,239826225609.36856,0.185805771535004,20551633.700113624,-27267.237411697584,3381.810105450134,50616.22763901389,162.42764215316663,-0.0122240047307792,-0.0559011034599306,0.7191185599006829,-15111.43674066814,-0.1526538948488965,-22.47344794447348,7.00793843875844,9955.24987231108,19282.55287506782,58785.36113126964,10263.544289768826,59324.46179108481,64549.25848225469,11219.893696385923
207ae79917686557ee67bd32848b1907a6008b0b3127dc6d25decfea11234122,3.909090909090909,-8911.792502841503,61129.65761575228,-77024.27973698557,43554.31335406063,-94.09270268360302,-1002.1144366411504,42329.77178645734,-26066.992864444142,-190434747.51398385,0.0059046795885241,1142297.0675082114,-35130.50955009176,-43283.99394733895,63567.15084386516,179.2881762486561,0.2733655948617104,0.1510624137444544,-0.3711980136561142,-56262.26424939261,-1.403421644952583,146.42022465392947,9.537797676807356,5689.599372451071,-68421.61524797404,71875.15451093737,-18303.91783056777,4523.427649311893,64779.22921981565,593.3029358730412
21865009813b345d2307c8b83e97a65e2be00b5f03bdb89267c3eb49137fa657,-5.641921397379913,829.5434822493119,-3049.006685954132,-4750.785734537414,32671.49455525841,144.88627487857136,-202.26954746324463,5760.965365996991,-5538.020097453511,8296379.414543195,0.0435989202283934,15822.510466729676,1934.958589669344,6183.078731354963,13026.97584251738,123.7371911937525,0.5099082625200317,-0.0462219328018699,-0.0499689633767846,-6438.51008634874,0.0521156542962976,118.45809411036085,6.53822698428533,652.5564206823088,42325.8537510569,9887.149191994748,2102.7988540660367,-3887.6136031866367,55709.29410025416,14.952504500411974
21d5bee5fccb8038fb0979891f38c1de025fd9516386a1b67e155d9656975a58,-31.781893004115226,-40090.47084168118,11801.62837406902,57956.53197832173,94823.32616323615,-135.43726666436754,-355.7333590503705,14832.45373192043,-12143.88921566276,-361101914.81976384,-0.0331378812075038,429972.3483111585,7038.296361680835,-14698.283236723042,5970.782270937454,-70.54883542119977,0.6001113289877379,-0.2150481505547569,-0.0766604593420235,-26627.14853043609,-1.991833329653584,-102.38540322380544,20.07204380785884,8066.831021140464,2089.890552801071,6764.364486267148,-3645.185334133912,-15821.799039942696,61281.09687020948,221.9998229991644
21ff6e8e8a5b0826595cb56d4fd871817c2c741e61e3490fb7fb5e58a010e024,-1.4740484429065743,-556.69634954672,17836.42193095595,-1797.0610059498615,37706.15012491406,5.67367274798209,-47.9997993231616,19211.707144347874,13653.935530135665,5303092.011808577,0.0264961316242209,6551.072331441959,-6808.861224801918,-8185.411702074334,15845.754352604908,-23.693250102342702,0.6561372372914109,0.0074004840363033,-0.0015518311607697,-4454.199369832627,0.0848501380380956,130.3061315378271,10.755140324681188,582.6170672729105,30752.09834242428,13968.865456889263,3316.737918354125,6490.265162689539,38811.14336399491,9.814653820191031
22072b261570f0452b5c8ae0cbe6e52c38ec68f19f1276535d87d02d7e085275,15.630914826498422,3954.114454689429,110722.9287671394,-397.0094776115002,286601.3017462231,89.87223080392909,-1.650225477221242,76210.53572033945,51366.08292676526,4936667116.058421,0.0253972232030982,23619.515347222223,44889.752926886096,-14145.096230712945,64752.15459923451,102.45630651144516,0.9689535296014484,0.1016433457056133,0.0114835505896958,-9337.400287632126,41.99146955671835,94.69397155748176,42.17628399462622,20.69344969351535,154871.94418157797,134321.42984888566,-1191.160959233286,10007.585209871044,35906.74586377047,47.45579609441636
220f888bc0ebd03b27e0ec5d50a7352fb0828b6e23b5d1756c824d54f8bde48c,15.007352941176473,25086.773530194187,-7681.820060679358,117528.48144946706,100836.82748163406,-158.9102749324796,-1280.2989520565268,103124.57514753654,-97355.752403794,980114771.1622126,-0.0397392483704616,1646523.8770079429,-39224.67671943817,-30905.46009647108,203789.01851868577,-35.66338214814103,0.4598596538929714,-0.1917743620764146,0.5307262569832403,79507.30383861283,3.531964632619724,134.093350741049,57.65701571807325,9203.224577943673,-491679.03560449625,70566.14223126962,-29431.689673405395,-130974.98828035282,42950.1863350808,475.35455276943446
27763eabf1b5cab44553608e2ca069fb13e7faddcd26687d7f42498b87462a60,-40.660714285714285,-22715.844723845043,-51970.89158174607,-17673.72810773223,71213.7366939003,-46.562665560137006,110.28986041276438,12992.166136901778,-5357.399767987004,-33820442.06587943,-0.0715563342192788,10965.74482016314,5659.027398171489,1141.7707634635822,24722.78191692365,-170.86407428995997,0.3745640224500357,0.0756164887637,0.0186219739292365,-3765.021765402696,-0.8054691051774563,113.6293305194879,48.30938979245414,-17.70927811018974,-108264.0600334462,27156.65286355793,-28140.9461424644,5819.474095090462,68301.43416322822,685.7556699304968
27a0b3632f96c9643ab77a9ebc11cd72ba689d904df1ce9520922061e45798bb,-29.95850622406639,5831.588306605389,77262.46423711245,-2252.8567359655617,94540.35231376912,-161.906608622781,-265.7626822153348,51145.77277152801,-35787.777236109105,-72386217.85083903,-0.0073824736497777,108877.42911096482,3451.313210312271,-18511.619416408703,90359.14777158416,50.28554422419256,0.4888002394108717,0.0388578648882858,-0.2181874612042209,-29144.017050356146,0.2540688417073764,-76.06584268703571,32.22413825306998,483.7636665702838,-14269.953788838551,7259.232026348988,-82240.22925167732,-13972.879897328425,59942.73366952695,260.48072767328927
27c000dd3eab4db1f0ea62eea0f8d062dddfd3c2adafee702320432d613afb95,-130.5774647887324,-26651.411582299155,183082.54587283195,-48822.03367815542,459179.5351878277,-71.67925218424776,-260.6729357418076,378270.77644355,64810.68869714989,493968457.8763207,-0.0396286562111253,275572.6761463166,117356.65991373934,-25921.22540604245,336110.5433437579,-29.637189738118284,0.3069407116408366,0.0841319250481634,1.0127250155183116,50603.23199498728,-0.6319038336582209,22.11008449295994,139.48974606936918,-7291.415608113064,-1536851.6758582026,324547.25088915793,5892.404613409896,193709.535231372,46332.927196402175,2474.00209258886
295ed129ebf7fab6ade6ae2c4bf15a91d84d607553e21950bf5b7b4a47411a48,-9.387755102040815,-81793.65093375393,131346.81650108652,83075.66153310308,562279.9524572272,137.88551499476677,599.8011549401806,228526.29570599983,-166560.7172643345,-4947852879.434431,0.0191301192869365,1436422.8778426484,28731.972611329373,-67131.10579429296,66177.70144585024,163.8954981396142,0.3782544779988869,0.0524014132581261,-0.3066418373680943,-114839.60628350386,-5.814901656908207,172.34325476602586,53.45494376031293,8315.19034008401,99253.10057341676,125712.27365538052,-261.10301256869207,-45344.55739645743,51807.79873684238,1734.43283839867
299875d577dd3e0adba6d0f060f9b246c30a0415c5d8d8232ab03c3d7ba7d6d7,-17.251633986928105,-68366.75105501854,93122.47912427678,40234.38254501593,134765.85828076117,-148.57741560523064,-6.523804123559825,43975.40541634478,51562.23314211064,-202396220.12616533,0.0083625101810525,69522.57358515392,-32176.159794654977,-36892.75289320404,38886.2880524442,72.65756267186065,0.4883646046850442,0.3262294200813323,0.0996275605214152,-14185.329300300577,3.7849716172595,-128.5353557527824,50.662813721335,821.7377601432185,-172093.2143400805,121142.06570657932,35693.91929409634,33303.487256862165,35014.077755396946,1926.093087863248
2a0a3ada7306b39b8f08edf97035e5566d0a1b5cc7b56ebfeba200772533e63a,-2.9063829787234043,-3085.8423054528057,13144.46105889682,-9358.630227915966,15596.49527945756,50.582252151438944,151.9075774865033,34687.951328570365,-6922.411291113034,7162178.2461156,0.0306702196755863,21550.99573767991,48488.64543159417,-10877.517788089755,23022.491922116937,149.16527149536233,0.3588161863787534,0.0093983942320749,0.0450031036623215,-2124.214861745339,0.7748318413728739,95.9461384544858,6.355043281834906,1975.675938601472,-32018.764935033152,27135.36398912871,330.7072278641915,19114.957363712125,41548.97513935851,24.64234735029967
2aec780b74edb50d77742f296089f7066ab78085a9414a96c53ca61513deda48,-12.353146853146852,-146566.4698903261,45151.75397542428,-2388.9485742953457,166721.34355599218,179.02643456091872,-133.85014099990568,39024.72714143893,-2268.8342525464627,-40479280.44810441,-0.08791830959817,103724.10847649086,24606.440791166624,95157.1380510354,29254.007363956025,73.90284668363469,0.4709600684567497,0.0113462746406977,0.0564866542520173,-16521.1070554724,-2.183923102252172,31.720395176549857,43.43479329288848,519.0067585601553,277604.5958471647,175115.63586465325,-36654.66531745582,14082.855228453882,29276.81997397085,123.29231173779344
2c5d363481a100391a50d5397fece786de8d4b86fc02c8880a78bcfa7b297139,-41.20344827586207,2536.204139318255,16930.03177676516,17849.27203893004,88907.18867989005,-128.55733649081452,-589.8364976852099,79866.59787601493,-9188.225320668207,36758512.37352393,0.0063236151208551,207888.3150603223,11635.707968957691,54448.08770690367,31683.828451833,-148.48262738073342,0.4042475700035368,-0.0953745467455789,0.0167597765363128,48704.54167872447,-1.3970516183420565,174.61165102627714,33.39494311401381,831.8303266618169,-370957.0353486078,44235.97938347071,-10365.874500095597,-2684.9740379274244,38438.101980702806,256.3279283011292
2cb14b99533f24a78aa3bbf7bbdc07c96f8ff8ddb5a41890df9309a636ca4543,12.779904306220097,5389.102024878968,-37078.5572220855,-3322.25372155172,50812.40698477619,169.68651870205792,-434.9450047639191,11211.845471236682,-5846.065271928076,-1108207.3057799877,0.0045993656957428,180153.57493190648,1071.8481299851446,-3894.3906840855775,16846.154659127682,68.20526443913987,0.6024027319301233,0.0765888719957409,-0.2467411545623836,517.6655708488761,4.5908401770743055,-163.2012197712805,13.380134569108252,2133.241485809234,24700.46485884196,40896.5840379302,7453.809336060294,-18922.9111737782,70196.82637057886,70.82600619484757
2d62508ff7d0bf74df4f629fa487b14c932185b57628c70aef7003f521083d71,2.3823529411764706,-53666.64615969765,14403.15768131277,9539.614277876944,206094.45652712075,-100.65747316710032,47.4494706359179,41531.60622612606,-45373.16083103413,10857093.889993783,0.0462853925530111,13139.472884858977,-29792.830613574144,-19872.989993576342,41705.51872865542,-34.911101734679335,0.2734823710576022,-0.0084137927593043,-0.0319677219118559,40355.7878433958,-0.2560462679859634,-177.4834554649452,65.61154953930561,276.9764969393055,-351116.58962216624,46587.23635999555,-70772.41052348856,15604.121380757944,25061.779206313862,157.67908644605208
2eee351adf2d6799c0cbdda01d8155cd1c2031c9f72736a0ca60a68f0432169b,1.529616724738676,-925.2799818355852,8271.874609451861,-10342.645270728452,59007.76553736095,29.97832033532629,-78.3326851134385,24575.026258507285,-2149.795561364276,-421660.6451211933,-0.0187921000679366,10201.82666337017,-6690.081315396163,-11038.697264792389,11752.043552161327,-1.0823883974773478,0.6511797873056367,0.0572372149402699,0.0090006207324643,-4525.418110141929,0.2992506130344338,177.77068521973624,15.760411559834868,590.9535784580954,35123.600999135306,2904.993800092436,2801.445786124723,10543.392179357796,45007.06378323475,40.67243884605144
2f909549ce4a98a3d522be348f8a3105f09de426b09e579d1fc392341fbb0096,-55.59493670886076,-1092.257517423977,10029.647031433004,1594.2190049781552,29896.470691793675,153.16166328443884,-634.0532350554618,23025.73994737444,965.2011331568984,-4406861.509633313,-0.0274730306026096,26072.690138021662,-5897.715704860915,1242.3061499237474,27914.11349656353,-53.321211540279386,0.0916963032974609,0.0188602702821637,0.5757293606455618,22314.16835228824,0.0849348197622979,-12.65696675080112,5.20324874688666,-117.37008619592892,-1647.0092940548675,30411.02460253004,-18828.31320512821,13821.267952433927,61670.93305128129,72.07837262394148
30063190a305b790b4b53a0fdc29cac4ddb092216510c3b27dba97a952b5d86e,-17.717299578059073,-912.4005903403156,-11814.88983775394,-25655.97766726836,25130.1128492906,40.34692039042791,-10.26419672319904,13855.340684400288,-10540.984821251095,-459670.2734617775,0.051787523945759,20299.916116141536,-4546.046774076527,-19078.21364031365,21598.10002408136,146.5130035391237,0.5676250197092172,0.0138676148411632,-0.0242085661080074,4696.732940776741,-0.3536730193391028,90.56866261802976,10.131632294183726,-671.7080355548163,-999.5949636975492,46620.73446434781,11634.5892490098,-11546.081227720928,57465.0923677902,45.65348608545287
302d008d9ce2416f673edbf4947568af7ad0bda43625e60b9495a8cd3837c14d,-1.0603448275862069,-60722.41784681279,-50023.074304064896,29020.957883540814,253553.3878493427,-37.843678875566,408.38142734384354,48247.28854603974,-4340.454861969294,-674781947.2249844,-0.1089584370955087,474001.18417777214,6105.350395456439,60092.99403599048,18214.554764247627,-38.55648648185619,0.4953885071826699,0.0898318117297512,-0.1672873991309745,-11845.85540741267,-0.2189877696989459,-102.8627932254542,41.648114964109006,7771.753938052529,-273404.3243943596,91382.4272727461,-27572.930898411258,-22875.08646606672,61754.566779851295,859.0129937485418
306c96c8ea7d437236f72728dcee304f516d274bf058a27edcb38a9e6fa0f385,11.772727272727272,-1182.706532588678,8059.666199886343,-3378.1004845468124,67047.42135844562,34.415981960132314,-312.89090427780485,1648.3899421391689,-11311.355184681272,-26878775.91361094,0.0121883754933669,52874.05141400207,12301.776248421816,10455.225672670553,17881.02390215548,149.59917473642562,0.452913860503382,0.0096751306565112,-0.1852886405959031,-19314.05258797766,0.3438472804156834,-77.32477793655619,14.748843678032063,2754.771702379309,-15132.237284425197,19810.3372637018,2710.965050823815,1229.2312607377935,59801.152739860605,72.84199864762238
308ecb6c8592f6f839007d57f001ad18314f443fc8df3f0a36727b6f891b3e1c,13.04421768707483,-5891829.340486026,-736885.2570831309,553227.1423758748,3556952.8657302195,-151.02416151072703,683.9294125326355,1091471.9307460124,-296185.4816956545,-2180883632321.544,0.0067245557417919,73413.41861454282,-49930.76803696175,588054.1113543514,789921.1818851217,-59.268114111918514,0.9648588101464132,0.0066491308918837,0.2824332712600869,-312873.35663165647,-419.6377362844452,1.6652629652001096,555.8067559812947,68284.15938673576,-427796.95231326297,708847.8307858031,-195385.4742720648,-292766.9019228669,30341.51822845776,2514.030058857273
31778f4c7f71ba17a77ed68bd5d18380db8d3cf8a4ac73698d6716080eae6486,-599.2027649769585,-24013839.895449225,-2002568.9856281965,522160.11971126246,1653104.5953826958,43.156854158048205,1784.891453858792,3386449.171716745,1681523.3451465731,-36464353872330.5,0.0437989549896506,225763467.05745503,304374.0241710549,-148155.05397693513,1540801.872902491,-130.6942155828314,0.2624562572341412,0.0229558496818455,9.616387337057729,1538065.6799944446,-44.90885862947607,-59.17624709370212,2299.6084961717625,63109.18955573644,12680873.265437996,3326971.7272327607,2661578.30780218,1730452.5218542488,57146.02612682036,1731112.9629774818
31da4e14a970738b8486568fb71f8e9350ed865520f4891fdf611c565193a5ae,23.05069124423963,-18286.23479158704,12106.668143215493,-1567.4855350921614,116927.51381224992,-89.60703976554326,-30.440552222196263,60870.76289488547,-40457.717811805975,87553591.01678061,-0.0229010485729362,97691.44632102273,7568.813749116486,-1499.933424030074,20367.094190153384,72.19953036602213,0.3473973121686141,0.0732545859512016,0.0617628801986343,104907.23404274497,0.1737126276902828,170.16647652655155,41.73105807118947,-174.56249547302627,-369353.9699813087,50444.54356335589,-34219.80424107585,20071.887335430525,65548.26461408669,1464.0935013561048
31e775b344f22a9b73fbddc25ba8b6930721d9710ac35bb337f3d32cd5cf9fa9,-2.125,1431.75615193257,-2831.836179795981,-3919.706219380725,25755.416499536143,125.28095259391402,105.31879858655084,11781.427740268617,-7686.448551824014,255320.7116221256,-0.069108687790774,5432.696666666667,-6141.901887533239,5795.707923239234,13804.615823247306,-108.99739280306969,0.4933317817802887,0.0807175461279695,0.1176288019863438,9960.109483098902,0.4807109418901045,-29.51946597452773,9.46643265266272,179.10766457175504,53872.13120407783,7214.846580698018,-3180.037846266124,5304.5442149502,60441.07261854951,22.56620872511217
32716dda51c8da83a50988d9c29cce9d52bbfc5b420b501790431ec691ccd5c4,419.1225296442688,-1140039.6412175158,-80432.63260094434,167232.62544143142,224160.71168320984,-155.1939835997396,-779.6975645204227,226016.73074153232,-133702.3605979189,86883952561.42511,0.073868117690542,178967.08280245462,-102478.54633448715,56439.90063186249,267216.1317886603,-43.29976455658674,0.0341866919256106,-0.0449053449564964,-0.6576660459342023,368991.1787654573,-5.161256413744412,-155.3537106942023,170.3129036641742,3632.210857162048,-1922647.1003211616,495539.3308779455,-104774.2906853222,88642.31081830806,49179.32574021989,23200.633625377857
34e59d31d5a406d0f1f6e9803c1e4a34d8956e4607117b0bd951af973ab78938,38.088,-10978.134236508338,871.2267000660304,87649.2282681606,152524.0448960881,-155.79457925224338,-1132.457076451477,119127.0333798542,-89282.48203191854,1631659842.9366066,-0.0380645557757711,2155344.6557626138,-77863.2243157972,50532.82704858881,213960.33121265305,-33.006492954580004,0.4447800406362976,-0.1771135485113733,0.3833022967101179,26518.273496347887,2.47133804958546,19.702698404835328,64.85162711807085,9378.952861292368,-555939.9690944396,102660.35880348268,18177.343258410063,-110417.19026148866,43938.98637060163,710.4629999325145
35305fc21214abffcbcaf6511395b2b44b3ec4c1b480a774de92d514bfe0dc23,-7.922779922779923,229.780287320032,34825.112621224136,24614.93450295088,22587.215413050104,-87.54841292341605,-0.9761933502554572,14524.518087416813,-192.0710736300368,-376574.2802983219,-0.0891446879630426,10200.405924908711,17609.887333790644,5837.137819482089,41340.57315087386,116.4244123778569,0.3684934168459988,-0.0151244670570041,0.0384854127870887,4058.555379878604,-0.1414969174380489,63.68977111081303,11.13565140815454,-466.87040055921767,-205947.06622395315,21051.829211658107,-11537.36615529623,14784.924933755436,48561.56539534692,18.077210046244574
35b6299db435c4c0a8e721f224cf3d4d42bf0d39f5d0d5c5724453d95b96350c,110.9765625,-4587433.443101052,832746.7860525327,-57272.91232251671,2204088.147508523,-114.65775537794892,33877.696158802704,332389.56757299445,228308.71893658413,195760619993.7657,-0.0546234969051138,4815126.26701231,630742.2715044584,-708446.5692646621,519462.4358707345,107.96617163672308,0.4689383958612788,0.1477651339277596,1.5142768466790812,-114189.28148101314,11.631459414853325,90.14080546637746,327.4285214889135,-107459.69244071504,-1278666.1607414186,849464.5106285084,-72262.85640014446,-81701.26905430504,60615.74516665234,15417.226703494349
35bd9d007b0af26144646d11c79fb6ec260d2c92b698c050efbaf9d1d702ca3b,-5.082191780821918,-3063.0988669279814,-16421.931218689166,13691.09727464066,53764.38798875886,-56.01835931882515,-157.41990596435656,13494.21001909173,-13176.25217706594,-42105388.64947172,0.1468166250366571,4477.489108193753,-7811.9953157335585,-6963.765826802299,23459.37099743167,-41.07185382292239,0.4256963436901375,-0.3430654439759276,-0.0648665425201738,20841.14417292332,0.3904681662477689,-69.67380017998521,17.048124411266095,4972.500424024087,120549.39907100952,12594.129550950023,7436.69364499364,3981.562568862062,39024.910537381526,14.038694991414744
37992ab8bd5e40b56f89cdbb52c8e0d0df6cea661ab479f4bc32162b5523e91a,-258.6666666666667,-9147.554628565324,-12335.795794624952,-43316.943148068895,30084.76317739599,137.17353877668722,-853.1309645100674,20925.31082249957,-15637.274312055022,-46052421.91982598,-0.0762231695569,402674.8366025761,2994.445796708944,-4565.870825969678,16476.009754324135,12.460239703324891,0.2425011029900182,0.0200833702768611,0.4248913718187461,-23229.67025418194,-2.080011100973993,144.95304353757655,12.28327245601196,-1672.530707354681,-13465.49564921709,13331.409483942018,29271.23789826218,12227.04508275033,77047.64467836161,215.4130859168177
3a0bbd16a261221deefbb106e9b97094c5e800cc1b24158d1b1d4d31fc63966a,2.2596153846153846,-44984.728938471024,-44752.87953449441,377.22444837412814,102299.50696502988,159.04344529952527,-7.820038326040895,26291.950629592127,-4588.077072697662,-130133401.6476072,-0.0491105937499154,19194.581453187096,-14736.315178029135,15381.66060676825,35416.18984136947,-71.97053066872165,0.5503491554721058,-0.0877249224840358,0.0555555555555555,-22016.20664609145,-9.689781976016103,-13.279362883833304,31.18712946967396,2204.8119356323136,456046.3201507277,45172.51999283303,33865.12251839655,-8580.681542372124,22592.467433038262,39.783837597504295
3aef38a091acd5c4d3b2209f135626aaa01e75615b6a279a5947fcf885b13b98,61.183098591549296,-25446.213897271617,-21262.55656260092,8763.795067456827,57500.523690819246,-33.43932735222611,-286.9183053436861,9323.17990353307,-21056.71106290668,8901258.68178993,0.1444909702007448,27957.322717404822,-388.1138054148887,14974.795707954712,47201.159642265,-32.44254110092751,0.1464832015344764,0.014441162578289,-0.0456238361266294,-31356.129354611352,-0.242723769735032,179.51137719851755,47.56689829429151,2755.170366042356,-42473.25588239863,12579.466236107795,17471.63258210488,7739.8217182916305,55412.7331971387,1113.8084618457772
3da48e938933fba1d06b8f1d6979226f77cce5199542c09971a103f9a4bb917e,1.4983164983164985,-1403.8628073434477,-22149.78112141009,-5444.411266466221,96284.29458665616,-51.04238321936221,159.8403001885485,17373.91531315621,-4921.401864538876,-15083515.396519575,-0.0479927257950501,30639.72426705624,-2165.6901562446737,-19539.82546452535,34645.58659758352,-112.67689029142625,0.5402321605450678,0.0432903689358635,-0.0279329608938547,-9837.119163878266,0.4737221712992344,179.16318254684643,17.50443002623965,1466.0870659959917,-134227.95859120938,18231.73994027615,-1573.8540485691187,2386.2399249013342,42150.97190400049,69.65960052263613
3e29f84dda113c04542888a02042665b255cb6b1656884e66ed8c0a88edc6b3e,-378.0528169014085,-3297710.291902682,-369144.2958624517,62055.35614794055,247026.12626797444,54.63260742047556,14626.316399737943,32387.40085772808,47491.73276596988,-35999077176.41081,-0.0420401575276134,17481.074723868536,94071.85980357318,-135042.15256511094,205380.21961802576,-64.33915934162508,0.4905782240760047,0.1140295082135511,1.0248292985723153,-37586.08490136592,-41.38955634800748,-126.27360468254211,301.9624008323773,2565.292694793165,340609.9664962002,588195.296106422,-245962.73368642887,-75386.53296695271,57937.98527683607,33477.839485288656
3ea752d4544b3df15bac8057b9270c531823583a0ed4682134e46fb17b04cfb6,-27.514522821576765,-499281.2580240341,499828.2223231261,103170.23227096486,1128889.5088373497,138.7771115577058,58.045806389383,211151.2786179914,61871.71189052734,-1918441999.865755,-0.1051775506401679,16529.488851963357,-27516.803151424858,13414.807550594727,184290.9396114951,116.3667931178638,0.7804440468313525,0.2097614584100936,-0.2383612662942272,136168.23887290576,-13.50173736415492,-89.39169104280141,164.13186043654235,-135.04208303770972,-9558.956628384823,483784.7853829484,92637.9832831541,86649.05654802498,33927.94482945898,6759.683033821275
3f7be2c5bbd96d7c25765f9f467c696693f68683fa114cd978be25699d012852,-2.096525096525097,-95.12929215264391,3158.238870327539,3500.38026102561,22310.318361581973,-53.0978356383761,-69.61586141038877,11636.495774063726,6291.374118980468,-2517137.014294593,-0.0018589072045141,5309.52567977647,3515.7022399517377,-6725.391303076528,13988.797996528314,84.76397000232797,0.5677401228464396,0.1857226392715387,0.0046554934823091,11020.703146697677,0.4636874700723582,170.29467606007643,11.69031741115378,435.03724010652667,-51854.52575957929,12162.338855194594,-133.3432927234826,-505.5825776700631,54535.01963576502,33.757116414675274
4237ac8c1dacd0fb62192f6a7ef1da02e45698811e2110d3e0ed827198e10ff2,-46.86516853932584,48754.09098759532,-218326.488845059,81337.48484143065,246586.51134706367,-62.39635054819178,-3.055716528816668,90771.0072871913,83184.45005516872,-222251593.4474829,-0.0085793071206166,11543.929780094077,-35796.89378859276,-154428.29562680316,16326.963756745832,21.27151854311016,0.4835840083287328,0.0642436830953055,0.0086902545003103,-29526.24996329179,4.578461451535441,62.884632098661456,63.27023435295749,186.94347893809325,85097.28616462719,175646.42132546255,-86816.64995251969,31864.89235866236,53039.05066073741,952.7035687492398
435d03a134039707461c56bb05f6157c4768effaf6aff73a888a0d9dfe2faa57,55.86440677966102,-56048.31313832546,-125797.88508103174,-112523.08837036548,77104.34745310657,-22.61449718309317,-438.5356445104956,103487.38735116884,-60508.10262501969,710366408.5574892,-0.0123563645102263,292219.2287483963,32672.232205797896,112025.63446316376,34527.34005493594,-15.255300042456142,0.170149961207591,0.0365107101307461,-0.0592799503414028,79539.98921611375,1.173351917256435,101.33731644085282,40.95434980673832,1366.8082436972695,-75604.36700990266,64550.60696182754,-103518.68031571372,63657.80159125583,58901.102117954346,1107.3250764638608
4456b981d48aae1e52ca3615ff8328f0ae2b7786978b8385af9e3286b68b09d4,-156.85185185185185,-2233033.738925511,205257.841873376,115897.51852492373,2035072.9435778493,133.83790842552148,804.7746999134056,408101.0306955143,-124222.98093999164,-98405921367.25732,0.0580868099041265,17261539.10823937,-129329.24318274952,-730733.2244604703,454363.4316122104,126.4794376385103,0.3921289864189488,0.0489131433222792,-12.720980757293606,28015.73254630785,-12.85366542243645,-36.315726397587824,341.35849956483787,32014.979141066484,2840247.202143618,1200934.6876216694,392824.5129922396,388037.7934544997,57860.345627426,46247.50473740405
47658c9cff05caaffd85722b6f81dd163f680f03d4026474a098f966e2f528b3,-126.19847328244276,5653.587012800993,19650.619404366167,11993.12394729395,129527.7525234223,159.08821193910725,1041.103065495034,24568.47499487104,-19483.461834853275,76645198140.9192,0.0635676463898545,952811.533221273,15105.561534642664,8779.472135321414,82518.26456581352,95.69048575755907,0.7226624456730668,0.0360453964554615,0.4546865301055245,-17785.37661708981,14.946824625264972,137.2501349816744,51.45123429614184,29023.250693143546,46120.834740394464,56176.47898071024,22820.838606733167,-3361.6286160819936,35838.39342771965,1029.6111708616488
491772fa2fe199e3466a538d2c7da90471af914c937d5217ee8bc71d935d28ac,171.7766990291262,440271.67238903465,193667.3213131819,7059.495939301807,3245427.5372259244,153.37801896338087,317.78007077103143,617649.4610813776,491054.87905296,66687043172.960846,-0.0494076656871989,10705121.173629994,-228896.0713429183,-1079011.4729556974,732158.777654966,146.24050700850097,0.3771293686055096,0.0794415621402946,1.1936685288640596,-283614.09823891666,-5.446742863600228,3.0117873639100323,506.16840997111,-16021.061348005222,1419534.4430373488,705000.4072973044,-670468.0517388375,-108859.72806748086,60205.24329426231,20898.107127831696
4a2cba061b07d3d0e86af648bf5640e323587d52d70da0fd7b8b0bf66dbe9fb6,-19.102564102564106,-6674.042917480142,52574.917174475086,-8664.047247847615,63587.45610223636,-97.76622670671232,-527.1707717993362,34511.38493753427,5986.30916148858,-53140867.37849596,0.102337593924321,633777.227800378,-68379.85492938159,28306.15736306778,22421.316523117966,-6.632838567721255,0.1199963320936209,0.0892678400925323,-0.1194909993792675,-47160.769051533374,-2.177279254781835,-24.983527087999747,11.809320820784398,3758.7190762900577,-7326.03504544538,58199.64671684388,-40205.93561718347,30148.8591100381,68510.28027221067,350.42828028750347
4c858194167bee6863695ada95be905624ff9960ee35cee042d1bba35329c316,-6.302721088435374,-16508.230676935724,12671.149416714825,4816.271379801954,143494.02295634933,-106.79011287809573,-4.746459594616259,15405.19481640931,-1465.9946998239088,-1032212.9428216284,-0.0871099037851781,5442.909598763952,5250.76451679451,30807.14933289776,12234.925769081296,-108.17922480477378,0.5720446426654258,-0.0184324286933472,0.0282433271260086,-2533.265168352381,0.4313114651742547,155.53659946855743,43.84222729143831,98.51653939395,-290148.67095385224,7800.8179628609,8706.0629820653,-4752.310564740549,44206.832742816085,48.80842767817725
4ca54e4a06d347093fdbfad416401aa47316af1ce0985fe58434675a76960ec8,2.2450331125827816,3258.9746236536093,15623.944495430876,-10889.8900840624,77866.05397196251,54.096110184762814,0.0,13673.827155058543,6608.958014635865,12386556.267246736,-0.0678899505906664,2081.020635476289,5313.880392617483,3304.9806145643943,6086.355238519786,83.88213284061777,0.6185872425387944,0.04618047981326,-0.0018621973929236,-4695.42381617302,2.7076568469577844,100.11055993594424,10.257989753718537,-1.3096103503784262e-12,6137.006555306216,13371.176894671918,2701.943546273226,-14.461484633802058,39667.40919214712,3.317620640504795
4caad6e3c8e13ec6a9b728f55d576317952cf47f681e4f2b022b26bdff9741ee,-695.050925925926,420681.37933466816,-99903.89675630956,-81424.07857398075,940473.9460824326,-112.05965186988216,-5275.851177599438,1116855.5819925987,878412.8660145744,-126867740640.24672,-0.0265442474191039,5587305.64758976,-382417.97040236153,321822.6054457557,380909.8291159495,-55.55218317413191,0.0987162436014577,0.0405845618271717,-2.7991930477963995,-794233.8450660149,-0.5640029314548115,25.02044163755427,346.0298460903996,-66.43699061089008,-164751.8439840906,1016506.3020174418,379856.6235188582,619097.6592557712,57650.57118419219,48514.07053511709
4cebe56882df93f997cb409aca266774df01d4bcb819b1fe18902da78bbe46bc,-5.25,-885.7991820475909,6265.78016003063,-7501.958592305332,30879.58353516885,-62.90569213934713,-4.7516247227823065,5753.444577125284,-4037.338224454071,-1198452.515848353,-0.0167231363757934,4346.289654754186,-1283.729827292044,-3885.61929177351,4834.933147394041,113.79217197196306,0.443985922833797,0.1314346907105722,0.0,2849.563275232217,0.3315184807714085,71.39376292355242,13.786014763678152,327.8955845889187,-95831.81693031488,6424.731200824217,-3148.184404298916,4674.771593896323,69078.70320169986,108.68588627252193
4e0bf5950f95c9b5d1621a1b316f148b48e186eccd4c5a87fa4f8e141aac2d34,-93.76793248945148,-4826.460954916463,591.3343383406768,5109.092528249694,12969.745918266795,123.72862936654936,-558.8947605415632,15047.756089076098,-9809.397111850889,-112974383.52952144,-0.0347800085187251,23693.981768645484,-21001.012348699565,6699.324039824272,25132.628458165727,-71.99721154418164,-0.1112018387709272,0.0157618056476277,0.1151458721291123,-8131.287867300407,0.0871356187190529,-74.54508413426626,14.29457369319451,4290.634856554294,283461.3811278984,20284.85244832658,-4482.954276630148,3561.857188104489,51275.77233160137,228.2338595841012
4e6461cd34ddc8cd4518eae6c65df70c4f2044bbc68d2cb732abab733b380ba2,-6.950177935943061,-3718.4795405483655,11133.17048167842,829.082903281759,98991.00305523643,-40.71617378082117,-5.905976866871392,20342.16328097392,16351.202682512772,-67878980.50279677,-0.0597258469243286,34676.032269294694,-21221.299490222547,-36908.98544550734,33101.79845646342,136.00083586153266,0.5594691703956893,0.1049301850107149,0.0614525139664804,-2503.185455583543,0.1762100144744737,-3.935419223852057,31.96173606906108,1082.736945159935,-49985.498801708505,24699.47914287303,11448.286647799248,16804.01881716784,53433.068420197,260.03637480382747
4fec01ac4ad62bb7fdff5851257d9a097af424ae03ba62c0e94167e3d5e24ef6,35.03296703296704,74669.52921221638,-173428.67126166637,68667.52071658966,278432.0491011473,135.88736764568566,1435.9765303211077,232401.2672357209,-9211.795616567542,211608853213.30765,0.0035915094838201,4243159.844671533,-31799.60605216978,95210.1663580125,53913.86181267238,53.64903141432762,0.3589094533326883,-0.0038195442691146,0.004965859714463,232015.4976113268,-6.404277032450407,139.84058141005258,99.79278663301696,49911.147925561054,773449.4213751175,39526.85297904951,-180190.38808836968,-9947.4999564935,30450.41793642933,2432.4488795512552
50194ca68ee38784d053d4b75993f937cf4eb74ebf602e124fa75af6c6977bb2,-19.5632183908046,361402.76295058936,97770.39275109104,-47586.28650737645,693752.4114654376,99.84382007058365,4.76139668152267,333642.6352120646,124595.71956733149,1737846368.8862648,-0.063675789878876,2991658.758800362,-31360.53531051011,-146423.6037977546,167413.948368259,-147.69056882405567,0.8456178327288362,-0.0605522791927876,-0.3311607697082557,104528.19131267114,90.1492262198548,8.348042428846144,178.62062947658578,552.0295610787742,153868.7044111146,313902.6297285272,228731.4733669272,-320933.70672031865,46652.88983322536,10105.45123130797
52bf719977d55139a999c77b2e4646946d6e8e1bbda5ecce6ad2f8d0f2edb2b3,-4.2047244094488185,840.339685502168,-5063.991060366708,-118.20742662541898,21384.440584953965,-31.82666255168857,180.97701850495488,22271.078295188905,14371.46720334228,12330213.545059042,-7.267021273534134e-06,14094.854323212056,14970.534827014772,-82.12567435537608,16121.559622142096,172.16519177695756,0.4610982718955478,-0.0190409773164075,0.0198634388578522,4050.72699373081,0.9119631987043486,108.39010897878504,9.699816221774729,364.0266027428816,-96465.78885093283,28540.530499793127,16640.953102077732,-11640.091497417929,49778.57468336461,17.290357457490835
52df3473cd810e5d9eb4923260c0189b6136da3193253f984fb97bca8e8b3deb,389.5191256830601,-12783682.316720787,-82348.62002507989,-228143.0996281053,767198.0324406776,-134.8943828898511,-1212.7086008987585,356026.9476936364,107408.36364248134,518815320421.4208,0.0112137979277695,3115853.085894143,423308.55321892176,212399.73788497705,552957.6112091738,-116.60569081890124,0.0936443011056323,-0.0416708301238404,-16.94040968342644,430650.83294479,-25.938203897543435,40.35380982486597,672.3930004404024,14237.76579117456,-1345697.6466115343,323245.678635823,289363.3744178399,-611257.4446316506,54924.61767685643,209898.5424883808
5315be05fc3b21a3f483ed0759bce825764dcf8a762623a1d94ff63f9d9ce4cc,-942.5688073394496,-60824.29509004529,153624.64445771405,90921.58376279708,215929.24954108096,8.715961938461833,7250.727161629706,339335.84764454985,-320425.539270267,24306435410884.75,-0.0315847990436272,22286472.19978882,-16398.36291141976,-325157.6006325652,169288.8750234808,-52.66896903623565,0.3299837242786266,-0.0138992882082367,5.367163252638113,-46564.56576461234,44.96936760296115,-177.58373360668492,97.89204170133225,320621.5477700961,631944.8393191004,387803.2744290199,-83368.33801805915,-12831.388598632264,19352.995774129384,19055.75954962006
5336bda8faa5d11baac08b366930d5a0f89d37430f6df30028d75e7fb9724b3e,17.874551971326166,-576660.3671570625,265701.787974679,-10285.415358268445,527415.0575911371,-48.87162242102672,-828.732396377127,141381.43774933604,-83476.29506751243,21976904287.343693,-0.122356401562845,1605496.4020635418,15315.324639462346,5906.735733263995,39919.81615708364,22.75506834893599,0.4975759632804332,0.0719961519432904,-0.6449410304158908,-71786.71650106886,5.724663771771953,-175.92874112094583,125.42311872570332,20396.96243038476,-1933703.8787196395,121643.37201216028,-43851.54747125556,-5244.627419432278,38264.33653474876,1431.5124682780172
53f53cebe4e9d1cca67c6d1be8be2935831bd3870e3d2f01e5f51bf2429bf299,-13.188888888888888,-25079.8047523376,-39596.67969374594,-2718.0825289829345,39469.60101410086,119.37504836874795,17.668377274104053,32918.65321077406,22773.49945352172,180516014.81230572,-0.0161914136391353,1016413.1426924914,15662.378655559784,-2373.00648336372,22242.58243586359,-91.52909192263148,0.0081594916857443,-0.1275346081472584,0.2991930477963997,2825.0082836355614,-0.2859010745581394,-70.20610625925596,9.934911091547594,-784.939608615995,-35927.091449414664,28535.67784239396,-8612.710369359658,1097.682140217502,66405.31583772037,387.8171294097832
5452242012899b0b33b4f44ef9d1c5c41187a983e35b802cc8abb6bc465bdd54,29.92808219178082,4244.182883193054,-82342.45321501912,62784.56598996642,296571.38404011086,-152.1231281969875,285.5770205491752,32707.17642826516,5920.458004883829,12063913673.407084,0.0164278075375865,590408.2394470235,-21945.43509346784,27167.75246418276,87916.9367992154,55.45980388295038,0.5535801618226324,-0.1154843649784221,0.090006207324643,61955.0759838085,9.95307262662672,-80.12803604132037,79.60391032120447,13343.062182034835,-24389.76622836344,37346.54614896572,25992.846248775066,27.89924147329293,28815.73936375088,1421.0555272397798
547dee1d459e1587f7f5cf132df3546cad57b73b69254cf78c6851078b3af00e,-6.079646017699115,777.0891114285049,13821.136922367044,-27707.294693084667,46392.78339080579,-174.52939170664865,897.4034442436906,23151.678343340714,-18665.74408848712,-18295217.989434432,-0.0365041408048126,42997.72503252596,5135.737886465122,2359.178235333919,11641.059349819026,1.9141999163379584,0.3033349002622306,-0.0292996397016312,-0.0310366232153941,5516.924661807372,-1.3802553888747635,-175.7208602044451,9.225002227941856,1224.901171093547,21168.41340600555,58943.42630750933,-29921.284022444164,-12269.719608177678,43526.91902414905,32.9273711616
5608f70ad5c4f89e83b01f37bdabd7b89f79338b34776128d68676d83cd3de15,329.9836065573771,-861040.3425812392,76708.69506032407,146986.03424557918,443099.5109199744,60.06535598524584,-295.9114735994733,98211.94338585791,220879.3167559172,177206668430.09448,0.09121462755157,49316988.961845614,44211.4988485781,-100271.83049523106,364208.9875474932,55.85850629585957,0.1117741822488055,-0.0027427155990457,-1.861887026691496,322574.08566935646,19.37600910013976,160.77364187122004,37.49497183585069,37164.4723165422,-764255.6789104991,270117.7754437804,45846.89215001805,-211482.0691338475,63436.07698474127,43304.3026300777
56b261fe8fcb7688987966f8d0c4e6abff49ca99b9b68285382e6ac8631972c0,-462.4812030075188,-584352.0207465369,-24659.84222484189,83146.0859740481,59878.19120958226,127.66879153666264,17.25680238445011,185607.0350735087,28784.86308543756,-31555021302.18769,0.2114844736555958,4009141.165121528,-153902.51883631284,3745.14067003176,170275.0019994269,-37.78990197844508,0.3367271714433256,-0.0848233949183033,-2.3621973929236497,158632.55954685836,-9.14203162068285,-163.15906235698924,176.9157094344175,-83.11337893540095,963480.6782854758,101183.67886151191,154627.6264318787,-212417.8664195912,62024.85042782696,15915.006548543157
58542dd993796da347ae587357953a169c5527988dccc7b5adf95733a148a437,49.3859649122807,-56298.10507639621,-124058.9219786122,-102353.27169392035,68736.1121514806,-19.35214858693074,-433.72320254034406,93567.16651036838,-65497.28285572836,700411667.8812927,-0.0159201698948716,273399.0482800872,28906.338832956288,115417.5615327314,26103.791724407834,-13.050433185129242,0.1678851188359221,0.0255587513052486,-0.0564866542520173,76802.64974032177,1.1230841383082604,99.03884930636433,40.824466423537,1377.6674262618965,-76410.48469001098,62607.076213600754,-103708.08004643732,67293.71186384147,58797.97321949533,1091.2446078488736
587e383f74b4e2998d18891a98ba0b89a49a7498eebd2a380c0ec302fe6bffa1,-97.56521739130434,4957.803731107805,34928.508670426425,1289.0556097419503,22957.655695574733,15.718746291461828,-197.149232542184,38972.62770738905,-5487.75765764909,56553874.78247359,0.0282347244133185,27553.791440474684,28774.06467773951,28534.604424567933,41461.550052442544,118.53122954035592,0.1256901148331421,-0.0594942398327,-0.0164494103041589,-38301.406614198175,0.3629612774001881,-164.82757990839104,47.29474084907779,1272.6854730684724,-116923.10118809888,39090.89387814007,-26837.948597177823,21561.003196678023,56838.59784846805,560.8205112057441
5b60de8de034968ab30d18294cd101858e44d3300015f617649d4b184257327d,-3.409893992932862,-2026.9469284870104,27561.358474046065,16043.25004992276,48855.249304102246,-165.6547240787316,0.0,7153.511830664368,6824.449932436475,246643.1671845867,-0.0074435879569809,12323.403518842671,-5977.720525717023,-13281.553267009702,12663.81277311885,58.308424338307255,0.8175384247866511,0.0182513487214811,-0.0012414649286157,5360.466807639226,-0.2976223593937949,153.8145401105895,13.952819815540096,-0.4452984991102762,30996.1908305012,34543.57819337484,20339.52201448696,127.6237413230852,39248.29124441724,32.75751674552664
5bf9f28d37d661f29170b51486df0c4522a6040be5128e5846b4d44c8f8009f1,33.02212389380531,-5663.763164994618,-78708.32148060753,-9330.017098110353,60663.1784386164,-113.59665017382603,-243.8636539429656,31412.69094267771,-6767.907112563113,6306253.152889994,0.0095261490648824,32270.7559059208,-15503.3899263834,8414.882062815084,56978.58187339177,-65.16734018796166,0.141364949284781,0.0363728137444269,0.0543140906269397,54704.44147097111,-1.0603540678920949,-85.06045112922143,22.1381744341374,-2599.5620975310044,-309888.63448118954,61615.23844776992,20646.7010080678,17045.607591315016,66222.69618437572,229.56323697239372
5c063c019fdaec9a5594572044a82159b504e2a359f1269842dd1b5ad8235250,-21.114754098360656,2223.06149691406,11054.607704515183,-15751.462624999212,18351.080756766547,-125.06910034860256,1187.250448474187,33587.88255791309,12117.41175402293,-95584518.32628962,0.0182632648660946,22805.23315002494,10515.107254745211,-18051.30323709853,18254.33489377558,-119.3551225978622,-0.1122366805360317,-9.325378691974097e-06,0.0375543140906269,-3622.250696454268,0.2572257583430015,124.70802680968072,12.403277185770046,-2816.127456123136,-358450.4922162882,58629.21000492024,-9094.4687706662,-4069.765566863687,54584.708238822495,221.8284029808801
5c9f0b373635c8c245443597d5a7ae3645181e7fbe703997fea62abc686c13ba,-184.55897435897435,-33737.28191304227,174278.71512596466,-106275.31365693148,253780.6714581283,-92.83531672858464,179.06811330260592,46276.35503992632,-760.0199788345963,-1405653742.4164078,0.0681506599707623,131546.6187671233,-20343.699777280453,-108297.54572211852,32678.4719614682,-161.01750426512666,0.4989332960912779,0.1043489000474189,0.2693978895096213,22464.751314223013,4.236067577297892,-171.9968187883402,61.02774515130216,1355.0960263043044,162234.20612572547,39774.72351561816,61407.806641978736,-51423.263465918,59249.8390626136,1302.5481796503054
5eadc93e1f21871e5b6f0dad42568cd7ac1686845442351762e37df3d843d78e,2.049469964664311,2268.029966143246,-14735.428947546508,1707.8839328170416,97957.56058073204,140.40288748564157,-106.15827572325158,2807.741787027718,-4404.446733555965,-3440984.2970789312,-0.0930748333030171,9185.313559037942,3903.4695798101848,-9560.91641688976,10656.179748056691,50.42195353054535,0.5334027752440467,0.0713137029429141,-0.0170701427684667,-1360.496231438523,1.1545886122904114,111.43001892803224,15.414997772295573,1481.1298217447434,51237.30254083996,10001.644457830876,-4462.811770617254,-2512.481595158339,43787.80898375493,19.13884664177198
5ec8065873aecd0347288d3f7d1891b79d0b0f6b7c9a3909674fd1ffe8eb5416,-160.65769230769232,-339457.58177614224,259621.39215417032,37681.36756202183,705522.0868235332,-91.1440057852667,-55.01647069468484,123448.61655367818,137061.06680482926,-4754653126.1156,-0.1262629487731326,981756.0490221224,-51758.61512008645,9243.47054827322,186612.2918941184,-132.94702375535732,0.4258680161748963,0.0720681667371455,0.5685909373060211,-65589.75707920734,1.870629567192586,24.614927651018903,146.03139565138449,1800.0628618188446,-686865.0428423138,189144.9642111308,132764.29542920075,28656.986086706856,58534.03774319395,6188.5058514108505
5f0a17ce1f301349f709c8904f42ebe46477f4a51e46e59258e411d7b5f14507,-40.52201257861636,3616.366817503877,25276.14883819939,-46753.023132235525,77786.64037557306,-79.41568135130603,-133.9096353836875,17199.39907722036,-9567.29311582434,15519347.574891238,0.0781134684510787,51642.421808960265,39522.37673541291,-4736.409145106113,25763.78879974409,34.11446278103188,0.118980423643752,0.0050909854743256,-0.0192427063935443,5871.412439829735,0.5644074902611275,77.24010078808138,16.37453325043786,182.0856939190476,-2510.145963448276,17712.52295244356,-13656.970169038936,20159.624419841955,58976.973873515104,179.3052373897365
5f97081ed67e77fbd9179f3103b21fc83a801a908e3b9b73e0a8a75c6200277f,5.010909090909091,-13431.334637652282,11721.18620135604,-1376.457970017366,65759.11230337186,159.7963983123642,15.776354793040904,22306.767461987896,21931.046754692576,20107977.65071473,-0.1074613268990574,39141.71961912675,-24672.368696935533,-14714.921013362444,36183.21721218682,114.11197685855386,0.447396173722912,0.0533057044293826,0.090006207324643,551.2227199356066,2.2529654390784204,-132.21398473016836,15.866712561114957,1077.3416193125734,19553.72000478033,49157.480442900414,4166.8630873802285,-18416.90996253973,41112.29517635065,79.73984085594792
635f06ab3ee1cbaa563acb45ed1df143b0227f195dd08141165ad325aa290f38,29.439393939393938,174.93497929785144,-88.17757833297264,5391.941354481731,26011.071066715333,-114.26239400016634,24.358514197112648,4038.566858597309,-2007.731143312984,6117019.339341206,0.0139213477714233,95613.18425452831,-8471.60775962369,4052.844112101739,13285.202507489712,-124.34594428068924,0.0427147909082413,0.0557643720653419,0.2545003103662321,1570.4701085025265,0.5750240667501852,141.3299424639523,3.5185195180521527,2260.3931161492446,-10939.412915097248,10922.900075447917,-13397.037798496294,-7635.488908573414,74341.01862222211,39.38212237019457
63be1a952a8e5b06858ac640b8ffda3fbc1744694c531472ac5e67e40979339a,-0.3696369636963696,-22122.89382207148,-4755.3812847581485,-28523.539140220942,153270.90677939402,31.755410389337303,-183.1672609425458,27814.3113427488,-7872.832855474848,-14070958.11684276,-0.1186826633497958,33414.66844045746,-10527.41138164462,2201.037187524212,18027.44371016618,-47.515676048524575,0.537085710043252,0.0962626979489329,-0.0602110490378646,3111.39001429773,-0.1954886505835489,-89.1121957117239,35.178440836280906,4723.44052857384,-160965.1086291209,20012.053643874096,-5955.880142853623,-10656.696442769837,46653.76787901192,43.91986935355813
64defca3c186f3cab087b24c1da7160fbebd7d5d5e0ff0036da1e7eee1d63440,-165.9188191881919,-3264671.5427907933,-385285.0862545148,24561.377834158127,263751.0763664831,62.43940210594308,14677.090524792413,17769.492820773135,64230.19631412525,-34937037133.96209,-0.0381142883342189,18594.529778947068,109477.61019409802,-104505.53167843366,174185.4920222896,-63.73672015826431,0.4856665504932237,0.1131498134883018,1.4714463066418373,-41844.923025446464,-38.37525909592588,-132.82481688540648,299.037575902586,2570.091562482325,423609.5529277933,612140.5084174995,-285807.4779803243,-51635.90136986381,57562.1908461705,32806.046358851825
6590c82e22abcdaf4887f5e84c39b3d264276cb7fb5bd585cdde6e8966a58966,167.31372549019608,-287591.4577581766,142531.0349255103,-43538.07024051039,606876.8006921003,-68.22592638173978,-1168.8303136597528,141119.6002488898,-43915.336394092985,-98023620653.37912,0.0359723414617054,1045553.8284831152,-177431.04390856033,88491.96892509828,334794.79892117233,-114.44469158845452,0.6825315230342561,0.0594135459801874,-0.3752327746741155,-32965.20036985387,-35.06858236811124,-82.97552796369777,160.83070479587886,23565.404586945948,-759091.3883398485,184937.87363904383,177063.62881394598,-166121.92570721311,50618.2777015365,5347.703468087486
65c4bf1b7fe6a7796d542f0c178b98269f131537076eeb34a5e52808f8486c96,19.395017793594302,-650904.7181660947,256020.71967578627,70258.32902408221,348871.7387552521,-72.0487251478494,-739.7215604172718,184570.2632529977,-123646.68310374256,7371165204.133623,-0.0601778564327472,1572997.5482913204,14242.96722795036,38311.97944737111,59129.71806123664,29.43116429913601,0.4767245930151535,0.0155890978626921,-0.4937926753569212,-65060.90552904113,4.654961216624966,-124.15711950720024,83.42064144650296,18488.34326738668,-1883482.229982009,53673.441392672285,10387.79812751591,80945.2480388369,38673.12816642039,4615.962987472147
6776c74bb14a111c15d7548a916cb7c540716f739c7892ff9c5c5509818a3c6c,-70.00813008130082,-7515.145808790302,16050.398273823532,-626.0667717690135,114957.08906657872,0.7902837037806193,621.0022759225872,57635.33319343984,8862.896289533553,4125312394.873213,0.0471639627292333,421709.23066758295,16447.497206361702,20091.164964840784,59286.097984740016,57.69305724480188,0.7082856347400397,-0.117978029508843,0.4003724394785847,-79184.07090202419,3.403323241322973,74.20339323238198,35.8026352159089,6180.269434569008,-49293.84628458079,56453.25046048572,-14134.637313663849,22676.392605265275,37140.575892068446,140.41193496882173
67a54bb2d5a9971f44b9eb31100748a224b3690a78ba72c2a7f9232db58c843e,-6.911392405063292,2232.771585037812,13686.981251794694,13381.00931863679,50712.73573925471,1.2665267785708083,28.77144378927365,78527.57662094348,-5206.468670840279,-15767792.41081417,0.0118042878335638,32976.192648169534,8547.99484865969,-15454.058027747287,14208.01851768992,-84.0251729953702,0.3844882397505572,-0.04445291097074,-0.0844196151458721,31674.29061897216,0.0111701532888769,59.42440866636192,13.929689550022273,-40.90466225256063,-62681.395961994,6467.903858883521,25361.01429262508,4995.853306164729,42864.24085459947,68.540024678716
68182b09cdc4355932cc1fefb61e77b44ad55636536c327e07d4acc70264f1ba,-47.1992337164751,36333.760634120976,-18781.047437812227,-16113.300899892722,131106.02333854753,125.35803392329954,603.050849163785,85534.67544009145,-29311.731811289243,-215710564.48788068,0.0197934997463565,12977.357538877446,-100289.63418610048,26203.37395428001,40863.18498806456,-42.27411159605797,0.2835441350043034,-0.0688963019803671,0.0018621973929236,27842.74481815277,3.506635680799992,-119.29404992042582,20.51244611908395,-236.4672477994144,-41277.30300492699,37008.32036241172,-68873.67721561082,-35914.10475727577,48823.97182217315,361.4061389692063
68bf46448107de0e92c7c072d4a9b51d95045af180abede968270f1fda06b732,-12.313333333333333,-11198.521702046486,-19013.24016596852,-9333.16256212496,11987.94484369716,-128.41779689706698,693.3232317753536,47270.821378060085,33854.82710586075,-7150183.145431945,0.0311870091810602,290199.5175002168,1632.3704896774716,-8623.441609365465,33063.17245526671,98.49536522824778,0.0349292053832354,-0.0436655836658986,0.2076350093109869,-21016.72349329946,0.8383038917745255,-101.25077646138656,3.88310891054839,963.8593286812478,9437.465629852166,42740.47577188211,-3166.003464211947,-4478.867235527167,48686.92312919181,152.9692789412378
68c45f54d6dd3861acc40bcebba5441c90e55a2a0228a07cc629e26e291ea3ca,-53.34979423868312,-438361.3090351097,31301.48112303509,-199214.5076588333,142901.53592958165,52.786416408375885,-278.43903002612615,124178.89343120514,137689.5565160234,-20445373320.49348,0.0232143899971325,2790838.5929677524,-148457.48562247382,-339999.45587062964,142784.74573903915,7.560616309464642,0.552021529803654,-0.0575217130948053,0.3820608317815022,159891.43479838182,-26.55872479341766,14.136357946083296,54.938391309178215,12417.50309196064,805.1949876940198,338552.4092548544,-58231.54302132541,-56998.38550492029,49811.51785090434,3779.6952296292257
69c500c02979aad7251a896443f0351f17fda907b2a725fa64dfa3dfaf033e18,-0.4175824175824176,-5210.664986703791,-35558.43773618812,19393.35028281569,16624.83556017496,-13.137369289458269,-89.9204114818748,24804.80778608036,-6974.551417612475,-7600737.794282163,-0.0416490869314589,18228.146232386687,4137.651531137899,-13010.169031758658,15679.337418717074,-93.0526117240356,0.5155132578636058,-0.1223034492372377,-0.0412787088764742,10913.951039146596,0.2581070702711122,58.60442264646206,14.157338011621016,2129.626096677917,-60380.90558765625,31156.86107114926,-133.2073642131154,618.9369295084061,41970.63245113452,18.611677064940256
69df291e20e78ed4f8f0584dd05f4c18be2f38e8153601b4b35475f5bed87a03,0.0062893081761006,730.9698974163845,23732.70336976218,-4267.225078107504,27026.604632862112,75.64416904487788,-1.1172238421256644,10884.411355705122,3363.002677608681,683834994.4798012,0.0813545809488493,51168.73923177083,595.6234199257632,-7401.269959503443,12942.47280572806,111.28393333164482,0.9373966899447708,0.1024680531722958,0.0217256362507759,-2894.814444710702,6.688557094165745,113.6535305510516,2.3168929225091226,4659.797710896262,26422.18803495968,12535.000892327484,7897.910308615927,596.6013683600836,37044.25946664398,104.16257630241832
6b66e0445267c0f2ac598e4541a9cdd945c630017a785aac2722cb130b916995,0.0,-7343.933611950606,13008.874685217566,-7622.316017207984,69202.99056954977,-117.4889390508488,112.80149640531594,10282.208425890787,-3419.24745969006,-1377116.044748291,0.0038880367995329,22214.674346301017,-4945.709822369844,-7602.260593618178,33741.38703096964,20.158022321278025,0.587728889334976,0.0081803977294214,0.1179391682184978,3269.4121175350547,-0.8503658739536161,-142.82038390566305,15.649661755334025,932.7785465094224,-96648.02505019704,5427.471788642832,-19398.61267340121,4656.966493814469,43589.93894989841,26.620928964447018
6c871093253858350d730f80cfbc5109aa2529d9cda37341989ea8854485663e,133.5979381443299,-1910372.674314068,-196255.1843904116,-122521.8073986951,774966.0709676339,-89.83141677091952,12246.623939607836,97295.03466566994,70001.06897136978,-16054589914.38098,0.0013803211100119,2198201.214102737,-4464.270705997886,-347134.60472416703,509844.6759862677,53.98166073633608,0.2891051197290571,-0.0272460378937622,-0.0710738671632526,-52432.93588111096,-10.322647363886643,110.45090422278304,256.7119878518831,-62311.536814360414,-749099.8782844478,666341.7721667823,-272037.264445336,419910.6613586256,59900.29867231602,23143.89276500279
6d9be17d1518f617f732252e3146804fcff1df73486307942a713aa8eb249ef2,-0.828996282527881,-9848.52827602601,40951.53090558451,6278.422948987032,25611.17699449539,-116.75962347741286,-22.41991216923888,19452.416703810468,14226.505978235333,10629515.74456184,-0.0183645610583399,8242.119046232337,-1441.8970159558316,22744.250980070035,12675.209572846754,165.05447365952907,0.3842174609578941,0.0711968940956352,0.0080695220360024,-47981.54729084007,-1.1321139829777151,8.347725685970552,27.27798571454107,214.6432040277174,-89894.03544241659,23987.925547701965,9020.172619957231,-2874.469585293201,57178.1012753081,209.80915776448128
6dc157fa79f808bd7cf577af09efaee2dad035d658e549d4219e705a181d8917,2.364864864864865,373880.8659672254,201722.2185660079,-36693.76759174354,210271.72332902532,120.96382068377784,461.8671092944953,205658.7347039884,-199105.95156898384,2501659470.414543,0.0023324030360062,2188379.535882236,-39352.97580630751,-57938.01859139987,169352.9426951653,157.25017285595484,0.2571681715538929,-0.003058950827971,0.462756052141527,-73075.66628978561,-3.04064440251904,76.89666274020371,41.09859813045484,4100.898534814096,203989.70374407503,313782.4161027953,-332890.05497850163,-272921.6221808632,53495.41904423859,3044.4410496147475
6eee87a877e771a68c848b1e4d84bc40851e6071218c0b16014ae575d2e998b1,85.70418006430869,124119.4326652004,-204936.03993018813,-1167.7783313674115,890531.8810396179,137.8141327286367,61.55510458794018,51795.254280404406,-53774.02161759226,3913847614.127409,-0.0193312374037027,243646.52162206185,21395.02408472046,-345078.87375652936,148621.88222142268,-133.19423775123585,0.3587504091702157,0.0167462211140641,0.2219118559900682,-133928.91850990767,-0.754965584843991,153.71851846466396,127.84914733394754,-3784.370680898914,583842.0914252789,513241.19385806617,137369.04360838974,74755.78017964294,54698.06755194691,2719.224670406953
6fb111c7dd18a3003a3f25ff48b0fa9e9b0af51ad471a385f814e9885cba5bfe,-35.666666666666664,-3480.6839575483336,-6220.402138961489,7346.673171748819,24689.68280530081,-85.13211824847454,-468.2755839950616,14216.420566712522,8592.98995918545,-31615938.71100062,-0.06154006093485,420208.3873023608,29459.066625859283,12176.93504111104,15042.45082249632,-5.1144469583077,0.0427045911870264,0.0353616784730503,0.2153941651148355,12881.848556002098,-0.6971932768361183,114.49556484207812,5.994238303759905,1279.534211144141,12203.231389283575,20818.26480762203,19272.86448271088,-4897.759501792335,74370.55137851181,183.962814999483
70cecaa1cb67acb437d0a0d95202d4eb2b092840586f5b36339b76bcf18cfe94,-101.78214285714286,-31143.219162978992,26424.518895612844,74117.83575626143,102445.9859898166,133.4012439642483,-28.86264226888031,106153.21715396112,-20672.393877675426,-2998776524.926041,0.0665143200146456,2621.5226181731314,91449.04506626126,-93190.54334916122,108893.74738151662,75.21769309263064,0.3024904036755041,0.0545164034696036,0.1412166356300434,86929.3388206544,0.0993606494212224,24.661679500731893,83.276266530609,957.1803956186228,-40242.01100859904,47633.30122764287,-86457.05388908142,25813.816229781616,43573.75798263745,2796.750122200506
711b0aab9f246bb310c8d45af460620555a3c0fb469dbb2783c47533cfdb8df4,25.218430034129693,-322522.442096165,-386041.1562614923,99639.03070842104,328161.46515765577,151.34757342578484,-327.34377738587955,219431.08995364475,10498.1299408857,-7495729090.471722,-0.084640286102915,1216304.2113295088,49221.536216565946,262586.208331243,14135.572031686595,-12.03678317123959,0.3753206090776599,-0.2235318859920053,0.5024829298572315,-104347.10898052984,5.959249430766458,106.8649039147493,146.73094299684135,23558.22324137332,1799346.6831778237,197336.5859468564,103746.51534345756,55583.32121541581,31286.59739570181,3695.68022859063
723eb48b69bd0a501b71acd8f00df8364c6b76bc987ad7894f85a4678bfa4bf0,21.616541353383457,-8883.896858844097,16462.990276982793,9217.966552328857,16859.62440867809,162.99739691107783,-148.7634530402045,10767.302448341748,-4700.439268617298,9097985.01367309,-0.1437640468488714,51999.74563211024,-7520.332842712068,16941.969437993692,5985.697040817125,-51.78917493647111,-0.1241499211974416,-0.0250184710145923,0.2063935443823712,5597.620958520949,0.2616422889182793,-51.32478081726629,8.702335604477195,1841.5382740431369,8725.48905950688,39442.11458279066,9383.420262170732,4304.436395265528,70692.13204403315,91.20821292173824
740756f1353f6840c650d5d06043d13916a24213ec954993bdecfc97bf408364,-3.955223880597015,304.1507903260763,-3015.33976668304,19643.36598249601,47988.177677059466,-42.56188912881834,-67.62405405038082,23438.157347911936,648.1170563227633,29333123.635177128,0.0206928031780395,23511.50400932708,6913.849941017734,-6061.726138591275,29478.46223506798,128.32019510413954,0.4652640051884994,0.0660995681736393,0.0387957790192427,14937.59285372311,-0.1091243074058168,76.81922636489979,24.05419327763546,3174.649297155729,-184475.66554088445,39288.6899482629,-14558.104013049791,3856.949328639623,47838.44935309149,48.32102287185199
7430934ea24d694238c0207ae8379c803ea20aae69632514cb80dabf6cc527fe,-88.99295774647888,-30367.72641014697,25710.09392007482,74941.86106579618,102615.06830576507,131.97022225342252,-92.16714057482474,108297.36967776556,-23771.609652329065,-2700805548.697949,0.0799762349486112,2800.052612321236,92473.01238259788,-93133.97893106574,107340.96367015096,74.86660649807105,0.3037712066021119,0.0340827576496585,0.1734947237740534,88587.63337646764,0.1191443371144548,24.66091276557232,81.22586687995302,1059.6086860520393,-40057.84773293043,49780.20103895104,-85943.21610449151,25815.823445697333,40934.420964574616,2648.473999871356
75b1bd5f3a75c49b518beb9d102a638d12407c6899e2e4ac636bd3fad6bf3ee4,79.70142180094787,-40586.82425088442,38813.77253689371,53394.96977408392,41686.71969350047,55.94776037487621,-322.67545231587616,65990.95811310955,-47761.03082985464,130441306.63766314,0.0919509249122193,19506.75732472698,24467.334258458868,-52626.6775445239,42089.09806897818,-12.711202970590392,0.2185654565817178,0.0147370723723134,-0.5707635009310987,-73962.55688464572,-4.1338901625570985,163.10993458804347,33.34278646037605,4913.7232427813,94701.16979962906,33003.59350982367,39771.62890346432,-11756.135450062047,46887.88629939242,442.53071175294696
75b64fbdbf477abbde28d3eed0c6389c296bf8ed12e5af28296065c158bd5340,-1.5972222222222223,14104.254002471283,-30294.20070464358,5821.252379635515,54426.00613522261,15.364308777557932,49.999964715672334,26596.47036654313,-1039.08408536482,-14688821.47358608,-0.0354235208911676,12255.794883950615,-6253.900972585614,14973.161956983564,21175.68910108913,-42.92702136461532,0.5499766886838536,0.0425547837486708,0.0031036623215394,-26812.29976414428,3.574297589194165,-154.52339865574186,13.034480769755334,1663.419951313783,9860.627616755068,27506.73422354942,800.435383045745,9083.507998195491,39572.20615471259,95.85727089670335
760847a07bdff989438541d1bd27391e5b1cd1fc515f63c2408b3787fb1ff13d,-20.1198347107438,-3211.463494248173,-31098.672657969,-987.1468329625602,43472.34468408193,-146.29693707391664,114.27045505900828,16105.972765225904,14472.253358971284,-531762047.4425109,-0.091683217046889,109378.05566283062,-3224.1156774176848,16481.49884848438,9950.220143185445,164.7456208042018,0.5212694818743547,0.0972321668222807,0.1945996275605214,-9718.68114273871,0.5386460847581682,-105.33635004765796,10.610403420572268,6335.937612470588,-33216.77638111681,21072.67590474012,3538.516138453041,13290.833765450112,39376.970767169645,31.54311427611049
762d22c5a3d7590bfaaf38550de01d44946a18c3fb415a04419fb10b97775af2,-26.996666666666663,-8769.039220878434,109162.95530372976,51445.89806489191,253295.21405141588,-53.02151100493634,-252.52194949250867,273087.40561503085,5450.34506129331,1224962246.0490987,0.0106057808802683,247918.93013494983,101758.9521268495,-94416.84646242214,182124.11337439492,112.56105911557312,0.3841827265886781,-0.1274442780466558,1.0934202358783365,126430.52001987465,-1.6490070729537682,111.4974645380624,140.45578060403676,-7926.719076827504,-1055235.4560695863,238827.3623219814,111946.13945703856,84953.73341014281,27983.18889482561,1467.2398450276553
7967443fae241b40f350ec20dc2e0c558f7c5a9f94e4db73b580e5abf143ab23,-448.13392857142856,15979144.62627337,-376476.087226616,-375530.8818628323,5663516.788104294,-112.79082290138057,-34120.787721561064,6994274.122789175,5147537.026608959,-18417040315700.258,-0.027157527845357,213530744.353164,-1978547.6629219824,1845605.255833177,1914813.3982948044,-50.610208429326086,0.1051556979730662,0.0178711720586784,-17.126319056486654,-4749327.183614484,-6.226988613904768,23.40542092108782,1580.7505654700765,-41.4053512082129,-987549.7043003972,6167875.245286233,1999107.915627868,4034206.682599292,55242.58846543245,1253528.3264199744
7a93cb22341a7ccfb0f0f4b3d4846717abcf63707b1a10502702fbe67373a63d,-9.417582417582418,-23217.194828914973,-39412.201428242326,-4549.738508384588,38639.23207006628,116.07611822936578,0.8209375208115206,33491.18397096157,25298.02446098909,182154930.0136731,-0.0102951584369784,934598.1893839128,14995.275306670886,-5187.417844182253,22512.179720260192,-91.65089813322908,0.0106838725744604,-0.1281394265029474,0.2529484792054624,7082.259006987126,0.2332713710961121,-76.95061971937636,9.7579665768805,-1037.7959600992435,-35899.42098712096,31584.041927916005,-7471.320481712543,855.8462086277541,65613.43978875499,385.4154220564536
7cfa6b9f72247d4f94e2f8e575df230b7b0177e0294bc2b16718bbedcdfad82f,420.300395256917,-1165798.8300024483,-80703.41741950368,170624.49091216156,233817.80488019445,-154.16851147347356,-798.9331868383975,212042.98897350035,-129944.01539003178,87026926745.19267,0.0697497473775696,184805.0854343068,-94455.44248267042,59411.5142974395,265729.28399037453,-44.06460627590052,0.0345644783091415,-0.0461061846387254,-0.6468032278088144,373896.7957367355,-5.256644619030765,-156.38458112954106,169.58283492586247,3613.499797256467,-1919163.3279424,486783.6335706237,-104732.67634430574,87258.94520708473,49103.33108518735,23124.626545893425
7de51908df838d39508204ded36cebe3e9d6cf3bb43e37b684a6d18005d5983b,-0.150735294117647,1029.332365580008,-5747.7789368864405,10573.03841845692,33131.06088565151,-25.331799803976818,10.941507680519956,30724.94313977664,18088.91510409276,19742922.04101927,0.0086741721883957,12045.532318681197,9658.69814449064,8861.179599831916,19903.66101536232,-153.37838210966558,0.4555771385334298,-0.0506599796079317,-0.0732464307883302,5876.509559523381,0.8283175258407456,122.44397330399072,12.36291115484768,630.0506559998718,-108231.14101627562,34393.473566855835,18948.849333584498,-9874.556739163912,46744.27329986547,20.345706716732938
7e9bfad018c1950019baa3fe0add38e21b1962f6e0cf7cbe6924ee128050f139,2125.4155844155844,-216372.5422144564,412806.38828382303,-341788.7575991356,379992.40834102646,99.43944803438468,-11246.104035196076,137849.7147063033,-237783.63271276705,60087812035.20013,0.0239489553789557,1904178.2174929047,-301030.5879336167,152738.64435096763,467756.4037474952,162.35310342644414,0.0912729767733526,-0.1889830030596801,-0.3947858472998138,324455.7041747396,9.313898652095808,-116.16918028659326,630.7864058427986,7660.858766147715,-251725.9899722168,459659.6829032458,-228999.9530604743,244828.50674934973,48731.77042579034,230701.4024144965
7edb0b974e40005d5d76ec409a98e6dbf74d0c5b4d187ba0d58285b2774d9591,65.48863636363636,-16210.800171743183,-77745.25736663015,-16246.381419637775,82532.64452699173,-75.82972883470121,119.98892913380556,34335.444523120255,32569.05496150572,20927703.445618395,0.123096061329333,14026.170034434504,-52693.82030990556,28762.808586875177,29418.28788224166,2.376943223108422,0.7628392103600867,0.0073484844068305,0.0434512725015518,-10237.698430988998,-5.017471427930441,-100.99467099914504,27.59626776357752,747.0436226808037,-27078.327542557705,18366.7447901221,13262.13644467899,-4999.392966213164,58518.96300498264,191.89202977696385
7f60d4c90d623b2d4d30b4df58f951c244637371ac93bcfd36374b7a82121f5d,-12.530909090909091,20231.288201628013,50859.45670917857,-22710.954958676783,98958.99669675864,-141.2087087612581,-28.3855556093368,6581.773280866119,74201.64478209493,11381238.86948415,-0.0145421535438208,12522.802636967785,729.508461023147,25083.23349473582,29646.60832312864,4.448976308332207,0.7029292206788066,-0.0112950154541851,0.0183116076970825,-24491.598027259388,-4.619406738879976,-8.749717511405029,32.27700592261451,39.13434378721643,-106215.50311572396,59556.122066834425,23557.18855144088,2946.841085643093,51973.40242937705,238.53727437845723
8097587729935b9b340fb933a512af18fa37233601aa4bd487e439a646359ab9,12.134328358208956,-562.6545788880807,32322.95592694056,31502.474326056377,74662.1550523505,174.32134544145785,210.42789429907285,22809.39685535068,15828.49867509813,291206722.4064636,-0.0779762018680472,146308.9816663833,13128.481579639423,-11488.271071423096,19259.003948722257,41.45374690700472,0.3857259537942631,0.0208889547692414,-0.1402855369335816,-3200.440124544758,0.1800083470967843,-4.442588925950079,7.574591560528928,2787.812840412969,-16426.509519573287,11942.128119558423,3233.3985981908654,8139.56940363406,46860.65767173969,45.27102073500082
8203ff88388384a6f9ed28664e8e9484119ff340cb7dc0811a15194b3a507f0e,473.2896825396825,-18307954.26665636,1190295.918657964,7243184.823237432,1459704.3239816122,165.13911883514953,6935.060563923175,1885251.6089022537,-1372590.5059824404,-204800080963883.28,-0.0498748862480007,949026722.1143284,-2720163.839821665,-2752507.702450057,2147145.12417836,163.44587392058216,0.613126750482023,0.0553539656154394,0.015828677839851,632115.2406837817,-155.63903969927662,115.89717257453664,1034.2359039005898,423449.2934962032,1478966.0622314815,1347722.9367109842,-2264693.955442332,1020106.194231374,43428.755517570695,591399.9527437297
83b3aa6a0849c0947995baf420b51f111686f19e22a90ea4841f9bb69f9c0b4f,-3.267857142857143,46724.1751734962,30409.59558575735,14650.979988988074,108252.91887835888,-13.692419574115563,432.3943127367016,34800.841544366805,20964.06122517761,-36106938.3387197,-0.1156742894746963,115256.45093389084,12294.068546358352,-30554.00471673041,33572.71903768084,103.9554215907919,0.5564485004179953,0.0855134442497905,0.2315332091868404,-22920.849071612167,3.702866263888384,-176.97920428375036,42.152317677765744,3075.694260191616,-81655.69472861494,66299.26969217537,44204.96470333511,-36479.68181373121,50455.42373702246,114.0449958802592
83e948cf4e2adc7e439d35105ef2651e6bb6790e2d4b55e8a9ef1ac146f18aa8,-54.7622641509434,55144.12378895593,98402.58072836229,-24015.4145862788,243122.76736346,-97.90094152041294,227.391638762777,91287.4820185953,-136826.4205475091,-94260797.52952144,-0.036516918403128,228019.5292622325,40645.450586398336,16180.762826085407,53776.57449236228,174.47588980396836,0.4360302773422654,0.0183214114892274,0.0707635009310986,49.6978007495818,-0.5216374506409059,81.05500450171039,65.39986825754326,2354.7922752697327,-99697.2944806538,225782.532154925,-187855.1452657936,-106936.11430461227,49120.69864954462,1235.1401718021689
85cff28b83792428e039e986e5d5554318a9678f111ec9a6f65ae2956f25ed18,148.01030927835052,-1916394.2138772083,-199087.14053308032,-126225.65786673188,774544.2666220182,-89.58055927356506,12246.468243061892,98004.24281713906,68556.86691365392,-15944667373.88875,9.16055560315786e-06,2201431.2864439203,-4705.705551333958,-342359.2938632906,513154.8693846042,53.992520812731335,0.2890950790939312,-0.0286004679580172,-0.068901303538175,-53935.631736999625,-10.32653237242011,110.47995597323964,256.08869144243783,-62311.40995884914,-748773.8209686959,670535.6362628825,-273960.6266687558,419891.3900362912,59923.70137762925,23147.89285470751
8605dbd8e5f2fa8ce97a0b14b7abb26cb7deebf19748962f3de909e9fc355288,-30.027681660899653,-29469.91546739311,59788.21735365535,-29123.1270616088,183202.30675161807,142.7876965194276,-58.5166614673136,67400.5688167027,82571.35757849384,-308130410.39030457,0.0206904810848737,132057.92957493055,104199.28578358892,156971.19054022824,121601.41480923136,-71.51623019527273,0.4478811994464126,0.0269790950694044,0.2132216014897579,-91039.78365881942,2.097650254270706,15.4501903081557,55.4305479863616,531.7766439063784,123178.54407073204,227429.1455975597,134508.20154270018,-73612.93683969691,42119.5407264733,491.0352464383895
8629c63faa856cb5bc942aea153ff857d2b15ff719d64d44f521a85580549ef7,2146.152777777778,-77404.15040172053,17815.851194458024,81536.2964327142,44561.29785706226,-25.619492338140947,102.21465222356524,96647.86715125208,39352.95570086788,-1713426674.9154754,-0.1112970995359004,3203736.89774961,108251.1219602146,10692.251798326528,87250.72453226075,-69.05687715639924,-0.0157489253384955,-0.0484161679437761,-1.9407200496585968,55943.3889858226,-0.6883745073586682,-71.23053383688767,10.921274417010546,4980.818657695565,-50892.44804517941,91166.10068672772,79159.76260658016,-24151.62325238284,60109.31707825336,1721.6924944312104
875652920ad86e74f898a9dfa1a0a6d75c94f7aa794d3591659111603c7ff872,-198.3470319634704,-161364.3811652998,178930.0145455139,-486873.9792557949,1314339.6741427984,-114.56317648299164,1835.433949676484,460234.0337676308,-164904.402542123,-1702688674.9944065,0.0035428137498332,3169358.652773024,-301859.3476634265,-53432.134957849536,444495.2905426564,33.53822769600327,0.3696673321001655,0.0309245234861473,-2.416821849782744,-215439.8067137446,-0.5087961449517527,4.235582696009959,247.6623900957292,13951.211024046052,4084.25358139351,363504.3995551561,-260281.9780607663,162740.9978057654,54112.46398463388,13574.311235881833
8911ae3261aac5969b8c80b37d4edc8bf3a7a49860f633ad4c591531d6ba9286,-284.17857142857144,-4058.508561957726,11702.021930301236,-3328.378233582431,21904.39710766092,48.77492056209909,-901.7770559141378,8889.580323825285,-10825.747712179733,3104750.22001243,0.0296156966524968,226859.42315190047,-6039.600679306046,3285.6226744672176,8052.041130025919,142.0304870181386,0.0569591238604728,0.0686712466510386,-0.3842333954065797,-30132.77921647756,0.5859038521756703,4.630723025204759,24.864265546168024,9593.43219252095,32525.004971783936,6914.012265005738,-9719.736417384986,-3553.7934593242817,49449.49725007899,372.5151123940621
89fc22f6043f96ffe889008cc665d08953fc1dfcf48f37accd411091c405af6b,-177.11046511627907,507780.5470663172,273512.2436080229,383654.845520702,759517.352314479,-61.79405851676234,236.8323868054672,272729.7708461708,16782.84471625116,219065066537.06464,0.042022103728045,167190.36028546578,-227836.67725536088,500520.4303827312,631570.9309612644,27.951549119733947,0.0543821276339842,-0.1371358526553871,-0.2796399751707014,238889.38308652485,1.7521054222180448,111.88465120924305,506.9762619385497,4533.787504584551,773170.7461553589,791934.1045187885,-296046.75276322186,-25287.559136279902,44995.72729776148,106948.17446052258
8a3b5e4fd8e6d07528c9c135b7870bcb762579cfe7482293206f2eccd15ba1bb,-23.25263157894737,-16204.93879125558,-4505.342062731159,-21560.71473040901,111662.81244040786,-10.276897496572252,23.83360311233137,72915.78542500288,38369.88886747302,165025483.3374767,0.0582148968314988,286280.9073139363,-57785.9610616306,54172.73902686961,32714.831905292936,38.28974418918551,0.1584015185011757,-0.0395964542735037,-0.154252017380509,-73950.19927547616,-0.907109157757518,113.86379580139888,45.170919436477526,6484.988512414995,-13334.866551970306,56898.079783011286,46785.29720941999,72916.66122528832,56366.77697948982,1576.6770198345926
8b88d592a5c878010087aa788b9f155f12bde628f3b1918fe39283dfd5482f3b,-2.705521472392638,-2275.4579409201656,2405.0296299758647,31940.273145059586,101192.09969399388,60.22949438598329,167.18902693445796,29332.988828165235,19674.60701968889,-95740689.61901802,0.0671400490928132,173481.93980563252,-16413.47914220516,-4220.087856829497,24284.23288637792,-113.35655731832908,0.4987099135896377,-0.0483025271180787,-0.1607697082557417,-39351.7669541771,2.113210420196556,29.2076396744328,5.276120362295769,5752.687160600914,37126.98419411941,87661.30176455522,-31891.909656769603,-38845.20442733355,44964.080308163946,86.51313025840682
8c9ce0de516e04d52c78b54b7d51a5fbe406bdcc2e61d19d18646b064488947d,24.961783439490446,173486.15445281565,-66765.28092693257,151851.2280111162,167501.5499484994,96.18931127545557,4422.221397861025,104836.62657420304,-156526.21238052155,5434476749.297701,-0.208902892416931,6674568.851570249,283847.93225921225,-62917.68647149208,156402.93868307833,149.7612720206625,-0.0729992694030757,0.0136293566750843,-0.994723774053383,69393.28324724777,2.428815075483537,131.83602733778238,40.66988038704256,25346.61630624237,-46491.65772182343,141524.61024783735,-63214.55081703336,-16088.4373852656,64142.495167695146,8634.666377901294
8f4126a9adc0ca313d072d4bf1466f1d8126e1690905727f76199623f43c7758,2596.1481481481483,11562.657768164412,-15821.76555801637,21677.2977405259,32413.973335670165,153.45289951559684,95.94428363405235,16425.032512198715,-23206.59409188198,-979169191.166563,-0.0556256082245746,4169009.8824130497,17469.997501300062,-15215.30859172593,22501.5108315037,-109.13324848344672,-0.0002742235699487,-0.0044425642603859,-1.5518311607697082,-4260.687916308102,-3.9026339885899257,139.06760578482405,12.129529689489033,5040.600090959633,-12845.24943078378,37302.185196727136,25655.8982110352,-3000.8800499978406,66604.3138317595,1161.2040728352824
8f64c85bf73f1e1eb6fb78db614d1d1fcec30675865e78cc50f53e75f73f020f,-4.1611721611721615,1399.5163155317482,-11551.323511488104,10337.123372204223,74732.372402915,-42.37644309815499,-61.47099456621131,24912.25860428886,22447.017469612107,-65838913.02796768,-0.1179720011716973,23978.14700618912,-2816.927357096853,-10058.056076495388,14853.180155488071,126.21590867937591,0.5812671812516971,0.0533023718225497,-0.0670391061452514,-11449.971669375464,0.3553074454631419,-13.406476002600929,29.96867161818664,1385.0247036198298,-107503.7891882112,7686.570908133878,-14055.89367085877,-1318.8302539321426,52129.36538720687,190.5080848432125
90f265dbab06604cd812b04c19f48b36181836d52c1cbac060332585afb7513d,-6.322259136212624,-928.0630073038952,-28481.38282018251,4025.360690763206,64569.58382457801,161.9376803838284,-123.1665355335348,15113.3198895844,-6708.66697802706,-65919192.77625854,-0.0095976876051359,3202.8339822714684,-7494.859112543443,5468.228598125499,15199.099398437487,-81.60280214365346,0.5150961597444987,-0.1531020797957161,0.0701427684667908,-4007.901697816422,-1.8439912654611823,-31.61735730322457,11.712599689486993,2864.1373812322404,103809.00893822478,31127.274309849985,10021.632090259976,-1538.6186290048204,34397.15011903738,4.046634338595004
93d4c31373200d74272af6e0feb443ea1206b83034d563ad7bc934e89b12e170,-792.0494505494505,-1642104.0758593993,1722779.242859814,659670.9982610317,1405650.651100207,114.18095480797056,-8941.075398120835,813552.8513774498,598223.2846784275,4879724725901.7705,0.0552196152474972,46599926.36591914,-168942.22324798154,-1125611.7913125148,523797.1382689109,139.24203054583788,0.2669422187665663,0.0114229448896286,2.083798882681564,-608563.9248207366,-6.463443941861864,121.62982781040942,357.68577426174306,84234.18591388696,59786.78244366311,976137.8885869336,-186373.7187999844,949904.2131584916,48786.109357591005,78531.10502774488
9467f3a8269960c7cf5eb6be3010d6a7b4d6ede14fae5e2ca2b58279c82d56e0,-10.555147058823527,11942.16884844398,71851.08426696008,33545.60711491717,307671.18882757134,-119.83970047524367,-166.78501381309454,31039.932799898244,9940.044350835256,23583075.472964574,-0.1286171497821109,89432.11521671058,-2802.7115981735083,-18768.30104534293,24180.84344440732,170.51251012286178,0.5114376042433715,0.0771737229015578,-0.0909373060211049,-18815.39778215756,0.8260468353796303,93.24711818178676,37.88318117136565,-121.77483097463984,-180191.85688887423,51988.8531500447,-16050.153198868053,22560.045405175995,54441.25003631535,98.71192314356728
958dcb47a429872162819393ea642e7cc1f60f233c190097226a4fe3ed7651b6,317.359649122807,-25955.910471061296,23328.29892667687,-28150.5531769708,199951.7109812408,-16.125439886157018,-133.01959567951718,15519.755594461936,-27256.2604647396,-715209532.0062151,0.1992650753785434,543249.3351464844,-32504.750183288565,-38487.183542324885,163057.4701167079,-94.14623013910077,0.4803407942757131,-0.0155771206494165,0.3960273122284296,22392.07776556385,-5.576286814412178,129.0713262906777,30.72038019860417,2969.767775660951,-101470.32814653715,47954.30533132948,25251.395423911563,-9281.452817538948,67132.82852509664,577.1216548643521
96b14a4f4e75557932044a3728918aa04102f9aa1dcd6e5ae8fd0e77b68b3dbf,15.439873417721518,3932.7842216498425,110508.1092542232,-424.7805327153383,285618.3654681841,90.08802286225958,-1.650225477221242,75584.60643477348,50516.6367997258,4938450577.556246,0.0239050576406145,23917.84589197213,45393.10527314837,-13819.54912972073,63835.08206808514,101.4568757069561,0.9689405921236216,0.1075757835275728,0.0124146492861576,-8542.564514301885,41.98831605868892,95.49328088415724,42.18731678959763,20.68213323408194,155240.37494728444,133727.4733767166,-2067.081209934189,9731.869204527524,36077.24077610227,46.46255263987869
96f5987d71fed507d96894deb9dc4079c41e556c4c778a433c39f6102cc9fd0b,-404.48,-157813.07349550675,-138475.36872472154,305000.3222355387,340128.3398754479,-82.43096787712597,3171.762919921833,101349.78358280988,-120719.97333636286,-35088893523.69795,0.039057484233668,6774790.601715868,188164.451355894,35433.7839152508,495119.689771203,141.02064709462482,0.1296263000110003,-0.3397671688793159,-0.1092489137181874,-72607.94055089551,1.513850221841428,-168.35654583525152,88.70924151465374,7615.77324357188,-265854.3135526087,157346.78342230365,285830.3746200166,20929.418837908182,58391.66556746351,8747.844227601046
9716f5e6c17a74264f711efd048b5db43c2b430ca2caba594511d0add146a028,3411.5538461538463,817763.4243394211,-20782.11817375945,13938.1802795226,287699.9544683108,120.16095096329268,-26.70021055384857,57642.14882080091,38960.20078858729,-12857335029.802362,-0.0756727793734326,2217590.7155330046,-138464.4499051568,34938.02411849265,120375.7137952437,-169.68982308413308,-0.013447399606031,-0.0589133631971195,0.5915580384854128,-19778.69073969701,1.046170294543786,79.96740499448217,145.7716489027915,8796.543588128126,209448.5545617014,375780.5612979749,27576.720981970622,78242.10576740143,60796.86153234242,31847.37826245471
97cad375514e2872059beec9e283eea375309cb414d69fb1b76a3d3e81067a9d,-226.63320463320463,-48897.04704792582,-93556.16585956428,106753.46406493132,177118.03231916003,-109.33289823370542,540.803149875016,82817.32621839846,-55450.14852280168,-7109961464.507147,0.0458405445926956,14145.668328334974,-23019.55878119828,185632.92806628745,95429.36665585008,-58.32920937072638,0.0073327214795198,-0.0646210793013694,-0.8382991930477964,175397.32933298053,1.169095491404461,-55.72970868771146,92.13633036851256,2254.3650278430305,-813252.5435002354,199533.00299232532,-112131.99780421304,161367.55079546207,44735.535832550166,3881.6554950815134
9bce5e2ee302cba459ff2ca75e37cdb0dba32118fe1fd0762eb4726f214eefbf,97.17171717171718,26180.910026027588,-150081.75808877277,-43022.01242669449,152449.52876908035,-92.9285329539422,2587.0093401536424,197337.28341762684,-159692.14407722294,5669756752.328775,-0.0641002309325866,5393526.744482023,-68717.83864296952,-125121.96464356867,76972.67525561918,-48.09609937543031,-0.0083321993838447,-0.1295063387334465,-0.0921787709497206,84067.24038580857,0.5135757125123122,152.7955591402598,126.88364697094322,13721.265940522166,-301263.1868114583,59693.765102001016,-114450.14797998796,56296.97105849619,60064.67267672123,7246.522080998525
9cb3bf8836e684a7054f0ffdf528fd63c3cdf6dd0de7fd18fe3da4b0830a349a,35.430604982206404,-28610.135214101512,-80555.18700760926,99898.93590389956,676306.1831575322,157.10442512856156,-133.73925719639004,135568.91441639618,-75953.40968982209,973390151.2423866,0.1044006598445348,443613.3396958902,79884.01690428771,66424.25744000082,9969.291085792564,164.9208984833773,0.8494818698999833,0.0091384335799848,0.0834885164494103,-22733.58209984014,-7.800863506687526,109.80463338893924,118.13827248708807,1714.417355582542,37104.20717253825,246899.7701632176,66783.58233039782,51093.97562641413,48627.082044924144,1499.908381877371
9d133e10efe8865e06a5ad5690b94a1efc90fb7d89a6305638f2ee8dcc4f918e,4.980066445182724,2992952.1496659,132567.53275395444,8320.865644370857,210030.6555335815,91.34239908567868,-1080.3726780105887,51023.223185770345,-36701.507341802455,-48018342864.78869,0.0297871128538809,4867853.406559918,4872.477905957127,-113930.65839373214,100258.88299839286,8.638635636384057,0.7851431046905393,-0.0138915046734205,10.331781502172564,56423.60981885799,63.41069643892814,39.11660346047528,182.4682531710395,20314.338450463096,63153.32301699105,166274.35375108715,-90121.79284454368,-54094.184531097984,58846.0088746311,32254.97600758403
9ec1699a6d1388ea6aeeb85e55133f7c519f2b911090b6c72888c6e159f76bb4,-20.28735632183908,1796.723762342975,-6054.806663094316,25138.04442305832,119145.51602960072,-77.12270936339077,-61.24784294919987,45037.400139322745,11825.498322340363,-773015394.6681168,-0.0261576229441139,172158.49997197438,4944.982750334246,-3955.653267541902,11543.608825216928,20.446778248897328,0.626301240388137,0.1223514870298058,0.3159528243327126,-36826.8229781389,0.9058038437003753,168.2241369478159,29.08582717198504,7492.672292878449,28532.22044359865,52727.34446016928,-4532.310439477571,-26694.19844329265,67649.91450539524,74.83933842135988
9f7c42b1b5e58255e47691a7b28b08272a9e6a7db596871d300d5ed6a0363e35,-1341.8365384615386,214688.64711679687,201669.61413573383,165723.79125960672,251096.6970435565,166.434818370799,1393.551183278801,319475.16149992315,-256072.8709568065,-143897391543.07147,0.0894119354738783,1571593.22539232,121634.83913005656,544217.850727975,414643.55780948367,-134.35946754706123,0.0633943009714193,-0.0743202809874493,1.2988826815642458,-813035.5551942077,2.1407027087468613,-101.32031273908784,388.3550596439662,9415.215768007458,-1530396.800813018,491026.92182496586,291133.48456089734,51436.46123510899,50734.45001685018,47196.67051789321
9fd480d41076fa0ebdb0ecce20c46f3e016d91c243c66ed3ee7864e65bd37311,-21.78731343283582,-344660.9166968872,-213414.26787882947,-93374.73957206625,105803.40537697518,-111.15734988141764,-2.9336165163953787,93020.49979335524,96530.70437365214,-1106331824.0720944,0.0395615621943776,87462.02885022316,-112999.07985500545,10712.930712305892,181767.4851029338,-100.96470562632597,0.4892071045173274,0.118032099375722,-0.1887026691495965,56993.09716672418,-11.16652519809517,-162.54694099335808,79.76821330130458,1739.4860242000957,-173311.7637444174,61411.0522552465,-12791.158217869264,-17696.060909804914,52425.359429501616,1917.179301487962
a019f985b270ae7dd0c6a6898e6992cf1b52552ad2e200434bbf5382608563c9,-1.9307692307692308,-37223.55917913331,-13341.65903854806,59723.341900202,32997.08082160362,-166.98022111599016,139.14814335547297,127098.95546930251,75753.23692246815,1690436410.6706028,-0.0745603953772779,9889.02699880994,-100860.38518820032,149101.54068916143,78268.22995944142,-175.9077938084428,0.0794419387811345,-0.1790601068984661,0.0012414649286157,-245770.8408060517,0.0616337186624797,-167.41373626679308,101.42404810496042,198.00829957751083,-456668.11372975487,226397.7732204493,-15028.714851600562,-64646.70419324633,48803.5307098797,1667.2629888393535
a107843d9cff89380016c124f6c871b8325dba8e3843e6e51fadbe00e1ac1b7f,-8.452991452991453,-36850.34457148058,74450.37604772302,209155.8150187439,121438.27049109848,75.9600417712944,1.09694305622013,130463.18815670376,14250.95603621078,398524742.90304536,-0.0270715744262912,4872.429192596985,162434.7052898563,41778.84092728529,137900.50161796634,-152.09135817639574,0.1468461417316765,0.0004393512846489,0.0058969584109248,-3688.681661639239,-0.5296494290571553,-103.77252139716916,96.29239366716968,113.82197651603796,90477.3371651622,267679.6946172202,88629.45378208897,68034.852185635,49677.28960392001,1688.7401220217178
a17ab90368b2f104c195bec940b7e89fad714e0dba56f062fdea8291764130bf,-48.07565789473684,1182236.610680685,-34777.84682245806,417182.6152587236,1082386.3703758677,-70.09363079760452,-25.03605807932292,214584.74832383555,-531971.9704472475,-1635643525.7439404,-0.0158949763407146,3018.363876295784,-442245.1599278852,329807.203721737,216276.78226662264,13.948413381484912,0.3012483562363141,-0.0286639557281969,-0.4776536312849162,-325493.6434997817,5.964295388466431,-173.39585939181956,281.23747827405526,202.12636722025755,128011.05814958358,492683.01918675646,-181317.6255487049,-105555.56692181891,45123.36894955498,20109.131973838048
a21d40a02e91fa5eb9843759376b36f1a921da03d998f9500d56ce568c93ea99,5.809187279151944,-57337.14198753599,-121205.6830653442,1247.5962495296171,15214.916575531155,-36.65912842002765,450.3867196146799,55557.29680656538,-46310.56632381501,-372424069.6923555,-0.126289609117136,42015.52541234488,-20110.067689567048,-6084.628211952604,25836.23955798904,28.679462504263853,0.7348239145481027,0.1065357991419556,-0.2237740533829919,-12697.189622092506,-13.172544603908175,-120.1907683445935,30.859889502140728,5729.321912091455,-197993.19997532864,23854.18328676337,-19600.5998828688,-8705.615439564524,49385.66744410642,43.98542464444928
a30d7905672e6f4448e0da995cdc5dba5fa015d0038fbd4efb17fa59a4874bf1,8395.0,-238561.8606039173,-261952.33388008745,-129617.78420208849,150347.62291134574,18.139424147265533,-2065.0369236118386,227161.23293305325,-225980.8813895568,-3377396794.444997,0.117628807439395,16926496.77829136,-917.7725653350062,-3633.136996748588,359363.72028926,92.44201281176646,0.1515642256935707,-0.0612778055280436,-8.917752948479205,-98087.87562027076,-25.878677440973853,76.53254429466105,106.10640627113808,9123.952483906178,635912.5675710882,281704.38878960785,109037.5983340733,-101069.63565887604,84120.29603302389,13913.03399573937
a37c8fded428afea9129d60188d1fd85f52da833f3361c335422b0a29f2aa32e,-1098.1512605042017,-94065.65801796503,53863.18008511032,63851.356307153146,37722.27450783015,-166.22531958778634,-99.1369176376824,115200.25481247962,-27.77293645316968,-46233562178.37663,0.0847830208489558,104705.37073866064,-155211.75004989348,133499.16313952315,158863.6566402535,-35.46403836597052,0.0626014348642258,-0.2207948844955247,-0.0068280571073867,-250149.20160329752,0.3841134284038219,-69.55156788361867,218.4343275654214,566.265382003189,-19312.69675261702,66183.65348528579,2549.5710823745103,-141931.07104789614,58934.883905586656,12942.5060852261
a3b37937f21168e8f66b6622969f923412de4427a53df66d5a470d3b32f6b667,-20.27142857142857,-35.111136157169206,7363.390152639055,-321.2926366042242,16204.217793983273,-165.62113569018885,307.4920786360153,7271.352902070438,-3061.936155691594,-2736370.3169670603,0.0567528157830288,10597.280815972224,-447.3740311549925,-11386.031216795369,2975.340986842323,-71.20826302199507,-0.0511456272532691,-0.0892208677642895,-0.0515207945375543,9380.597269266364,0.0997270575320559,115.83701643860194,4.487456877159063,346.12012174726146,-47120.84825779291,27924.23462434437,3507.3232000565804,4194.270547791411,60501.24361579511,36.98859563422026
a42179717edc415cf05ac1080ef5e3a639031cd994fcaba58086b97935a5859c,-10.1067615658363,888.3709808894741,-37025.94946549766,13345.799786901953,121383.42451557888,26.75556181203857,-6.593397840915496,55176.64706332014,-5042.455629812705,-195692285.3915476,-0.139801392893931,30207.47012479939,7824.278308009599,-2265.2792682105573,3764.707491713126,-36.61575010980023,0.5362004687939758,0.086644900778884,-0.0561762880198634,17029.311981671708,0.8042394752629417,-129.52330104154066,26.09495176687333,5582.01462667098,42793.784523472,49573.82685555653,41549.509353694426,-2321.3827885072133,38191.40941006258,34.600635083811426
a4d811c4d9232a14b4b863f7b290600a6a40ae804a8726ff693d2743e72317cc,27.94915254237288,-2367.1841647185406,-21093.24633284889,-2518.2157721601016,24515.67661156913,86.30388395237023,-105.40508496347898,6419.505416858363,-21143.20146535357,647151160.4779366,-0.0145538605638504,211327.1603414114,-213.8725302736332,13613.549476827426,14766.51163229763,110.91375245432477,0.2119462470817454,-0.0755548111792521,-1.9214773432650527,-25050.260873084764,1.3714381150375223,22.618035258037143,8.413369955826228,5436.585152255132,58984.59850618472,25956.08837462504,-10343.37653638274,-15883.461190193242,56977.06805972976,721.7007232802762
a527539c1c2cc6d4ecac23d5e4d23259d5eba8f793d714c5500d1bb70d5c4957,9.686046511627907,-147972.08014062353,98433.50722632265,15965.487496746591,86307.050889965,-105.90397617491035,413.4077961060064,42937.012854056426,23836.105062826733,-78273559.96643879,0.0697885480446008,71051.69926628299,20799.69297899233,-53491.195842401474,66814.61799045789,-38.73266336042123,0.1228116946200526,-0.2508275446543997,0.111421477343265,86487.44206125563,-0.4411179981781679,93.15525425914042,96.93513998573466,2711.8031314737623,-117235.43849044088,25377.777500377942,9044.038575011717,30851.30673973738,47351.32542634397,6201.592102534586
a5b8230ae0bdd82adf06ef357f88d1d70289049c125b146dfb16e972a9a4990d,-42.37078651685393,48532.7239512752,-217941.483720831,81593.64945665716,246758.1287125805,-62.420139349040994,-1.9700108653858883,90414.83510899522,82780.33151937593,-212811144.3244251,-0.0094346681563919,11603.89090593408,-35895.66845060146,-154029.31284358102,16201.165167137771,21.19136313918575,0.4838891224420005,0.061520507854722,0.0083798882681564,-29400.429720432327,4.575793158181993,63.89079311975829,63.28404054118892,186.78810780536625,84907.52785812768,175436.92098812247,-86738.00636110822,31861.82116419314,53045.78181297884,944.7190469824902
a622955216602cff21b853e8f794e088c1279804b7f147628e01aef85781ec25,-14.14218009478673,-6835.959015864793,2271.819876168706,-3640.31135605471,31565.54957626268,-150.7342458238847,29.684143806780344,46289.12464639322,-9910.009248261917,-124709071.10006216,-0.1023591478626029,48758.894016376296,-7652.955992268596,1717.4389774612716,21896.1625415462,-164.46121986308407,0.1323688689693763,-0.0422800593901801,-0.1371818746120422,-38338.71716599612,-0.2157727367580641,14.292664714858928,17.106707612668544,687.6546038517445,-82949.13558466526,28575.69889047305,27744.65569960302,314.33780550146,55787.49742623304,433.4078683006295
a64286a4880fb2a1b6a4e859ffadbe91d0a1dcd5db2c636d8a89f746fb94abf4,118.42537313432835,-109493.92832637724,17829.356148416657,-9924.83763030703,122825.94324485156,-98.33283055547103,-154.2966970791994,42994.52705733784,6342.491013870391,2736557787.233685,0.0202794481901685,60595.7884535056,47149.05576091472,8508.043987735684,100883.35525431532,122.16424113480092,0.1189544232452829,0.0486591745578722,-0.01024208566108,-6460.657580268191,-2.0556821626862467,130.2193746905011,87.78787622550881,-54.4700988832318,-106382.98845665624,55874.024121199065,-3552.475197270627,60923.31291389576,59008.12180673731,3872.7853850667016
a7be450719c68f1945562460a945e08558e7ce7a22e8eb6278312d12eb669ba5,-8.319391634980988,-135593.47680501142,116703.4886388604,-192997.4783421557,271473.0201186469,80.79734893002261,-20.43375069903324,65019.36007835881,-142179.01073215628,-466366381.5947794,-0.0204582624637488,251315.41937649733,-168973.69238690796,249403.73683629456,147492.43943284175,85.16122679082414,0.612823485676288,0.0513103023217461,0.0173805090006207,129995.38288211764,13.590288143395336,-161.08656289972276,90.70837220366948,-22.62643109172742,597668.2763512807,247021.5848475541,-43045.55946598653,-20008.670194424263,49842.09399184138,1656.541016124419
a8ce38b224897ef1a0d5d9fe15deae3a9fc8cc372678465d537246957b023298,-566.6715686274509,-357.56348692688016,-6812.647035701299,-18129.148481914806,76731.53646313542,-168.00870738080437,397.9782691829312,103084.77635546472,-49736.47796360319,-2266480304.23555,-0.0443758445975833,52998.54483045806,51707.47076844023,-34182.66859171253,36160.96974900516,-15.398364696608686,-0.0011515982602713,-0.0051134653780593,0.0338299193047796,-55453.3985436106,-0.071260513697809,32.55952839480792,98.10611539656531,836.3162909595693,-222365.23398979392,50380.50837548086,-35676.2286244108,-87569.03031338392,55684.46015419479,4291.251898071611
a95134785644bf134a3cc2472a9ac37f2d831b541f5d5fb5372e02c4a2e03faf,-4.545045045045045,-367.4968412516216,-20008.28095835744,5654.684779956671,36638.28189788446,67.38577164204125,301.78236272495644,26439.089561717792,2348.149832724156,-8062668.957737725,-0.0305570208856927,10386.910816388632,588.3157365844221,-12268.347463219165,17129.68998671844,-19.57585581736184,0.4475225374454094,0.0976875043161254,-0.116697703289882,-18492.51357998088,-0.1436862735601911,-122.0531366687893,14.874567440788963,1684.6793115546136,24941.639892425857,20222.14005184798,14008.022179063037,-2556.7631921025654,60425.596649436695,29.83296235838328
a9fb20bf834bfd85d6c5caca1106e2f81ddf25a9c7074ae594af192b9d763898,5.927007299270073,-13275.132571274084,12390.4029260813,-1053.6277107013989,65856.49515353318,159.8192819020395,20.18995698588058,22018.28925156228,21938.876718570977,19804607.531385954,-0.1076696221865882,40613.9963654321,-25664.52528858905,-14636.460136439902,36845.4511660464,115.30277646026543,0.4475394664201987,0.0512023997143234,0.0881440099317194,502.0877790343202,2.253024196372336,-135.7473956625705,15.89689382114558,1076.214628154337,19264.48413535528,49757.19653920887,4091.297694243845,-18943.296267023023,41240.47724108194,81.2225521290716
adb0596b87afe268203ef15ae3f8d98fa22dc2484da6fefc301cab6125354eff,-70.908,445750.133379154,-176841.4981839877,62794.50601253808,407751.4288907948,-46.90387373271418,-521.8619307653539,62353.97542406962,33664.51937164753,354820179.79428214,0.0206466219015978,131939.53281293708,152809.89396916723,-55845.23262859951,88857.29173084644,33.904033144059305,0.5692678510063895,0.0852989052231862,0.1194909993792675,-20238.681374032225,13.648514556258982,142.42934232008895,88.91691588635754,4017.591674104017,125525.98355665378,54225.28425778373,55823.75780354151,97002.14451218376,39427.42165908633,1293.981215784941
adf7a08a361395a0628218dfce41e009094997399692f3b2be4eb6e439e93694,-42.425414364640886,5263.543781543684,-2505.508005806929,12852.1278418914,21777.8086687106,-97.9890690274825,141.4415334695381,18993.517939130204,-11523.513401919185,-1279789.6165320077,-0.0671477989859257,72157.21380773213,-5105.86970633242,6722.700461568842,17146.476403827888,-73.07752082400775,0.4068122875438844,0.1719664784165883,-0.5251396648044693,11550.733913146218,1.053758626935816,46.36928260644499,10.482456858443848,2589.628654368786,-51253.2519060392,21054.984401030488,7383.563104958592,7844.396098161861,72442.57300165281,60.12811240341607
b0a50aee9beb172403aa7a2d95560212a963e77d01b6ea9cd8d26a2b4a3798d0,-0.6501901140684411,-241.3789263400625,-20012.067796368385,3405.826097686442,37132.45803347932,131.79570553723343,-18.968755609748065,4054.26134114308,1355.7902329574515,27850.605966438783,-0.0675158497982042,4068.839400498492,3789.0094041447815,6479.044171877733,5485.326665096369,37.04536829866068,0.4893866920623296,0.0927712703894701,0.0015518311607697,-6281.682082736942,0.381721828489002,-25.188717024531247,5.388431188527003,290.75944202804897,51416.76471133645,7681.338434687921,2554.9632686568875,-6173.67463587362,44488.22297154943,2.356590191869582
b200945b3dd7c23a6e1c971016f448d15002495c7052015d02a6ffee8799cefc,-12.191558441558442,-505722.58584942645,-215783.02529571453,-306.45647018447266,584419.596842125,159.56859289348833,-460.9038316365038,110285.31312771034,-2005.108257425676,-14522084553.16594,-0.0267543460182455,405647.7112489276,-53325.30108530322,54860.663110163,143000.17003494408,-77.50783413980733,0.5177195557645984,-0.0789376994675892,0.1731843575418994,-77924.93259937389,-31.80198117724927,-7.217730103187502,126.44835241458432,12132.034955571737,1672201.3309699683,224477.58211853736,129091.32740822452,-40085.29081702665,25858.92416533089,615.1597763781426
b226f37743e2a4cc6527ed30c845d8f7072fd17fd21e8305e60127a0495eda9d,6.348484848484849,59406.52103942585,87139.65182856482,-14924.353460130096,111372.80724563342,-29.35687043434857,642.6229961475732,62162.30124354134,8327.20507428632,-707082099.8290864,0.1340198525419755,47882.86559098319,6656.232114142524,-10404.43335038567,55617.4043744093,-47.84660251139236,0.4275866510511639,0.0234616625498574,0.058348851644941,6585.087862261078,3.402407790813588,-24.63124578661209,53.2156856959052,688.2443544276248,-96727.52994504628,64165.43732242871,-4081.267272635743,11910.770153237196,56109.53909281838,1091.5323481064418
b2c7f8644a16c0582f901aa5550cf4c2b2e24097397f02d2e9a4121c04b18e98,-83.02641509433963,-349174.93178755895,242922.07764800053,29980.64548706968,683789.4925640577,-95.44508716501058,-51.85245802083136,72933.34164172842,178110.7372132201,-3086651618.292107,-0.129269832355341,1193316.881668575,-3444.1899740215586,32412.76590935389,202876.72538195367,-119.2362285535229,0.4231394839696234,0.03958487628138,0.5704531346989448,-3523.404758435019,1.4972283175495815,38.36425268631957,147.1985410343525,1799.0034667176894,-659549.1628056734,226328.55929336263,83888.25470551071,65819.47443495056,56415.54063422055,6964.808590933475
b5a7268b0f0daf1aef7abd145c4bdb9d14ddf8744ef9f618ae009053db44c2ec,-6.85377358490566,-2157.1115015243804,2509.708740108982,6543.767990232329,41415.41943258073,-108.04609114858992,23.55524144089236,22867.48465438628,-2100.940625495776,-8077988.3231821,-0.0170119447185021,27283.64090392562,6208.644001155438,-12270.339182998525,12625.714327729578,-139.59432068001098,0.4566881308118609,0.0125122275612561,-0.1229050279329608,-13465.951391301862,0.2050814732198498,-164.0175811604301,8.42354343779878,1204.208097508884,-101433.6596707936,19247.769065701053,9275.428898085474,-2035.8842023754955,57168.2204102686,19.148352412475003
b5b2a4cca67d4e048cb7e4f46f18bb2b5fa75ba583f70192476df943491d9217,-1.1975308641975309,13338.975226714234,-48878.432849883306,-10952.626939099684,150096.410384249,-93.33050668723182,-492.0079082028177,96129.52132994284,-98979.57253294624,62745855.30080795,-0.0178175537829593,125463.3477061144,18250.791454193724,-23763.19785323849,130426.14014912477,110.7875360935168,0.6401926121515447,0.1083543842844353,-0.1890130353817504,5689.881896186027,-6.521398219428461,-4.022673121530319,20.126844527375024,2380.589503270583,55478.77056461358,130583.64593330125,-11334.85008945496,-10019.663277222267,45951.10779659875,246.32237960024216
b6ea38d43373e0fb133096d98b66f96fa878d5007503dd3e6aa115cafcd5f960,-4.90530303030303,-4330.5076254192645,-47179.76149169973,2232.242753739956,69198.23129549003,49.06798777973263,25.728137505351988,19621.94790443571,-11362.784592702566,-57738404.78744562,-0.0498531408427876,16533.71025219298,-16153.217080164668,-10922.468654306109,10874.19688219711,-115.98312580266384,0.4919265272752933,0.1203031653487546,0.0353817504655493,11764.581900068864,-1.8069921179761,-72.64860354744818,21.05879138050988,3059.703868051327,65575.65381543234,22223.892238809512,-3271.990151556598,-3716.537498902254,62120.76458181417,144.25828237532693
b782103b2a210618b499a0e762dd70d3ad3a0a97dadbbaff70a6b93e8ed919d7,134.07655502392345,-37007.3142885098,-81059.1304433703,-45065.85983835857,192665.4648441578,-151.88443468016408,-375.28829378599823,50103.495281671305,11771.318174656377,-130200816.58732133,0.0024749300768858,889019.0013160481,-39671.09373616194,-53838.66339019963,131817.0346811152,-15.482295784550246,0.4388226932544611,0.0959652665401063,0.1148355058969584,26558.92102045853,-1.931513115458913,135.40122115003405,54.46175440607127,200.5490377947484,193047.37216121657,167908.38103291468,33100.65918562675,34290.20286033419,67987.2805130239,780.1306750706761
b8fade4b5b4899584a8aef8301462586ab552c6a99398a9dd4325e0db5fd7898,202.17989417989412,-12172.41626428108,-90043.48446223953,-102.91180609011737,100582.83922721756,116.36908266945164,100.52969489473423,27661.009175602256,19176.07420815381,-142012144.97265384,-0.2061343110350328,55589.90234995773,11227.854184487098,-33511.360414641385,30736.16563642249,162.65679197864122,0.5197767681303451,-0.294798995559713,0.0906269397889509,6935.928249039246,0.1909366577379324,129.80472468486346,59.06625134629613,1263.0320780970033,214273.97891952863,44327.66967754725,16985.453398842797,9532.753219726475,50037.18155022865,374.43593973768185
b9226e5e4153be38c56eb544a3933ec6718218660987db13928442e3ce5ef6ab,0.9586466165413534,2566.608747592791,24767.822611365187,-14822.211309119386,92703.24215235162,143.2937506703392,85.76430145118242,4113.483280671172,-1804.2342940057988,-19553826.20509633,0.0012145097883771,35789.187764669194,-24264.653256158366,-11932.096098325394,13508.406836927246,-86.62321467382604,0.7322336492803171,-0.0018008510961851,-0.0571073867163252,-28264.673398726736,-2.7236327771213587,-157.75960004529142,7.723029123121673,2654.275609718759,44014.72603361023,33355.466109916284,4561.017594360665,8940.32611300081,39313.05187627633,31.16002985725381
b9b4cd0a58698d599c38daf3a8db16450f4c933601673403a2b62f778d7cf5c7,-27.077981651376145,-641.1607583275326,1955.8661808575207,-9122.726175681735,26439.972570404,-124.75779098727205,1143.4850642286012,31244.97776081732,4996.514095932205,-4521664.422001243,0.0390081932645059,35829.9924100124,7153.453401637402,-17558.9447891092,4721.806291582645,152.4048906847086,0.0768102668370424,-0.0010415180470449,0.0148975791433892,19522.02034727272,0.0815782232886374,111.4033497702206,8.197451230698462,-2587.6444717306867,-181040.2275063852,24856.571442737288,-1576.590588186612,7952.163739021194,60878.639205328574,82.98295723805118
b9ffe67ce971ec2bf68ae5d92970dae21d1a611b230807b28be13b2ea8e8beeb,6.110367892976589,-180728.92227045537,111427.52731219358,39074.05939408635,71609.15249307884,-52.98153476854306,5918.508473056008,45894.453625914,19390.231379672765,144858225.5562461,0.0114282163214469,49939.010447165296,114799.26842018976,18253.27177739564,34050.72505243107,113.6685063844815,0.7325452524605897,-0.0891849147091955,-0.0301055245189323,-77782.46850789609,-21.13977132848224,93.69640860235702,48.90650892867056,-12409.250914576647,-300363.88731023733,10168.201100785778,-32173.145811948445,25908.05375997705,50883.944093981176,365.3078895522
ba3b2635cf7864ae458f258396bacd7641c6c6b625154831529ce701a68a7a2b,13.86,15909.493849104512,53829.52679389695,-10283.849443295883,88030.73181310693,82.8091400798989,-493.8749546554672,48294.25874186479,-48219.3207384072,10239519.159726538,0.0346297090989574,514628.750358541,-73156.49255401315,-44767.59929546762,71780.91185524233,-98.00093624051324,0.202160189874268,0.0578614629672286,0.5896958410924892,-93228.88138411246,3.1181479795918734,-94.4303802334408,20.03583866158947,2427.5078934250328,45027.22292612329,71371.49843645288,-3177.180062193547,15787.287029488907,65083.18379737629,298.6729464067784
ba854003e05348b105e9d92c219614a8093a82bc2b53aed8f42f8084c5bf00b8,-16.692307692307693,2292907.975241482,-681118.0190347801,-336685.85748843855,1322462.1008549866,103.8195998528218,-127.5911702786996,236640.6019635696,-150257.99480572107,1099488933.8390305,-0.0575092893375767,4224821.22024144,-125905.3086511086,-184577.0655827624,322584.84510758426,-88.54178560936543,0.5315643533044522,0.0227965221661407,0.4819987585350714,102889.81523127342,36.257940009633806,66.70662818276449,192.6219634181541,3059.785472030543,-411954.0861176958,1137812.4325722218,-290079.442991216,-57509.380168248535,36198.90403171752,4414.711760335536
ba8ad9b8a132d97658a86fc28faa955b6c2c24fd637f04efe297b793e3d69cff,195.3296703296704,-65427.86146829176,-20093.308347446,8581.742617823582,111685.64244477089,-45.16528558483662,-523.9999324497079,35105.20239599683,-78500.34368379164,770536442.612803,-0.0701372268349082,590007.3352403176,11007.954672674528,-23182.32496387299,28530.07227388113,-103.65639375945142,0.0279236986252709,-0.0162349326765028,0.0418994413407821,-20363.720687593413,0.7638042961908899,41.04782276841295,43.91315485263638,285.6302528430379,7935.10449435207,110685.18576946456,70076.01487864104,92630.85170332894,57827.688533397246,2487.147542806643
bb6e5e3c07c1978e99029e1853c05958e85fb2cbe05ca72906e6666f1f5ab7ee,2.70995670995671,2562.470965952599,12098.286618697117,-8637.261128678892,45892.07585864159,134.5657958718193,117.80295127301471,12429.495477815744,8998.491551432222,-371372.0919825979,-0.0486039332476683,18347.64696284952,-586.180078073831,10762.088093184464,11966.266368993482,160.5148902675395,0.4247262638633218,0.1304254395949999,-0.0735567970204841,11918.70003335252,0.1872744995955838,-73.7568494230976,9.541827980194796,753.6763468875374,88499.83239261327,6692.536150700678,-7219.012065226731,3523.782965170204,56556.42895593345,13.69142157455639
bc5b7e791a1512d0dc64b6e8c487ea92bcc63b2496f574982fcfc135de1da955,-109.2716049382716,477919.2050782932,224006.62417272344,-38179.797705586025,312667.2525107483,178.17623101302414,287.263513519991,169654.45297237334,-82342.87092134022,37269990273.08514,0.221189469102618,98328.05918167348,-243821.39787660484,-112101.80452105832,121471.73345870804,-74.61181563861504,0.2195295808734004,-0.1960243021595736,0.1399751707014276,86636.41343160976,3.5847361844983765,-125.71366813105593,212.60782971464576,5365.859275054064,-411782.1544267597,310299.67064727296,-86073.7565985993,207977.93296324884,47369.21216817665,26155.07452056944
bd33ce4bbd8f9ee2f2635a94bc3b0ec5a17739e4ad551851cc44b90cecf2eada,28.63050847457627,596619.9484366494,471150.62970050384,165352.06794324235,831414.1509780433,-87.62426217595879,-3728.950963001671,187958.7083384352,240145.35621822343,38791580881.97825,-0.0958500805679332,1969862.066586524,64341.23594511709,1830.4750199097723,320519.7589873632,5.030680507144321,0.4785613503127252,0.0310713394540997,1.1613904407200497,-166486.78802884126,7.801667187766712,178.20779246808874,194.8073680993681,-32936.0494064458,-3723623.265608358,645620.0590759143,284631.3404400235,11738.77479974283,32943.92997271963,3999.475810766537
be09ea8afd9eb57ef9a69e66544f8f8f016fab8cc4fc06c369a17e11be8eecaa,-18.00990099009901,971.5508733514224,19018.30037687955,-3686.300048997705,11873.541276421707,99.28479384673624,-203.05887119665303,14052.788318918025,-7612.935381065315,4967325.569919204,0.0222621096629852,92321.8983819931,-2232.6762368881946,5585.710966605181,27812.7508112203,-160.84634632340712,0.1089924612891787,0.0114472776744258,0.1073867163252638,-21491.551869784224,0.9278446423912388,155.55359030619084,5.753099075795664,342.36315925696147,9019.150601874226,32204.778540977764,-8348.729198329325,-16999.748746512247,63097.93775547012,54.24284465903537
be58d43a3cd2c049eccfed0f645eff89d278fc1b45e7a08a9278c02e6214ec36,9.05448717948718,290748.60105828795,42495.41849324074,-60698.869900270045,636723.8768570257,118.12762088967123,-193.8432911337312,70977.83092109283,192382.1093560745,98716599322.62834,0.0311360498949524,316809.43748587376,62764.253372830775,-174912.39309545315,88299.1937264964,93.44275065699676,0.9499230417889836,0.0105139976439127,-0.0108628181253879,38799.6657598624,121.06455992686088,103.69720442373156,148.96316661799264,3802.06222055393,147816.22186708308,148176.58850772266,-125316.30533796307,6120.058959230315,36790.3711719864,9644.155082944406
c0e10070fbb1e61d25299fa9c950334bc56f9e2869b417f04c31e45660e9cfa5,-107.67441860465117,-11015.29034832294,-13883.632637944302,6354.184381205806,87936.00209636378,179.3031082470762,15.101403344437973,35037.02425483109,15849.00590059676,-586408416.4822872,0.0331680800747094,36707.61349653552,37138.61411804198,-41176.076874589126,6657.42383021801,-131.97476893399786,0.2598295878715029,-0.3565052888577301,-0.0338299193047796,-106985.85928535023,2.80546521176485,21.126899780234925,75.19408276953436,690.6941521435106,-63670.68205602606,13128.842872735324,26608.53682522288,-36944.84787966863,38954.390454735454,1708.2593915907894
c312437e176c2fe51fe5e71ecfe7f04c0c7bdcca0fee53a668e4ecb61e96783a,-2.338870431893688,-17814.08609762127,-58961.59492348864,-5930.069001432187,144763.144358715,72.11839230253285,-102.3589035532964,8960.094752301791,-2403.2467415856354,-1122530.8079552518,0.0049993940929682,15321.817658710715,21844.606301754902,19796.924269634,8290.92177320348,26.75736599361613,0.5293123225008598,-0.1353809329929247,0.0310366232153941,19465.23967983904,-0.6870538807946273,-176.4136289618571,33.57827330612101,69.58462141042321,310574.4510195138,38775.91211595317,6426.593234273632,800.5223115159888,27270.004329667307,28.912617263063
c4a448684099b4e14266f3f52f199d35c460cabf80d9524a991a8834f7f2b29e,-0.1400778210116731,2692.6713499145644,-5294.0875959637,8901.566778788052,60177.94834620131,44.63054483948334,-310.63429095611406,5413.797704358168,5553.0498671051255,-15793977.07395898,-0.0811141882572186,46159.97911844137,1313.3051488385686,-20796.271070425508,6239.795388472131,24.555713281100576,0.3867479754230147,0.0591970537210381,0.021104903786468,6131.417133222087,0.9844061228186504,159.67649954209858,16.215477677554,2232.095474030937,85393.06603874768,16084.766356823038,6937.005544860673,-2924.6118001263694,58782.98632172065,102.62896750555534
c527d3d2a22aa19f8711437bf8c0783162892f93f322b42b77a7cf08662c518a,42.86486486486486,-117311.72180913444,227275.88108329265,128098.02504868704,177452.67233601143,1.9036172499377333,507.7479543072356,248318.48463979503,-83546.3070021843,-3513215410.4008703,0.008665038358366,2004962.7751207475,-104931.29146855304,-62464.83907356704,201565.01327134127,-177.70163970355006,0.4976884679509929,0.0459779417826401,-0.2939168218497827,-65800.56021746421,-14.87743138275736,-127.26768263649508,56.34696180621599,9323.30380085218,-156228.7141787656,176065.63490179417,81805.8744012073,-59026.686217911294,52111.41432115101,2606.183830137228
c61dc2a0daa954737cd176c57697319fa74ca7cb43dc666f509f7375c5f1fe8b,-1.2450980392156863,4342.22962494146,-31815.240644765698,5638.199836198718,18849.25767187081,59.34229151107586,68.31357779558748,8583.033983956953,-1056.5692911235883,-7535098.864512119,-0.1334434142558939,3746.202159052538,2093.4434216699024,-3977.1312360393295,6804.970368599223,56.92391850512058,0.6094675081564491,0.0813411543866136,0.0065176908752327,-6267.495336611994,3.167409168939209,-20.64010892075901,15.974516025831486,1443.3583954573835,105398.76152059926,4283.421092140699,2193.6799306779703,-3357.961401966134,51805.08830247169,45.74882455809516
c6838761921e71d6e6e7c56d706d7472c3a980d6424a7f214720f81cc73384d3,-7.729957805907173,-1369.0205887589784,-29358.89362810131,8685.467084260652,37719.37382669359,-5.1833836600404775,10.786447352002224,16164.515086546233,-1690.1691305988545,-20271930.59850839,0.0309244759145633,9371.78418729587,-5200.804308773968,9935.341046975906,10343.545218853416,-88.24967328307096,0.4382123066467482,-0.0018015359888364,0.0220360024829298,-16055.063531465785,0.0622794316472242,-135.85556723981549,9.164870888520118,1700.930083149903,-14752.965668459132,18561.212344885244,-2889.8041823335875,6892.278695443536,45221.14739477737,94.59209936776988
c6c0762087a90d721b8810bd0fece17d66ceec632d5464cd9f43ef2b905d6334,6.594095940959409,-13361.688068477672,11875.229178773245,-1290.678858934916,65610.07441838337,159.83085733367298,17.117287221613246,22244.702408035697,21757.402940749667,19826405.389683034,-0.1088128237731815,40561.5341124241,-24741.435164605657,-14636.795889395906,36359.66417713607,114.6107912773038,0.447329903490912,0.054693834725983,0.0881440099317194,717.7184041773244,2.249343069713689,-134.3787789969674,15.864020657090862,1077.5868709007364,19445.757728807366,49360.66491714705,3989.8809954594,-18746.72720546479,41253.19128312773,81.2296249884724
c81c9a950c4d6ac0cd85d7dfd437ecadb04d937e4dd00f4888bb468f872c7e32,-14.3,-1449.9071382693094,2537.030074224577,-2644.111879811399,17217.18599579492,-136.84441704271768,475.6965413037781,8812.815320987374,-9330.83322975608,-2478752.0,-0.0308664254166614,93778.49939593225,2287.0752263807326,21758.21341039073,30442.54816367861,-69.17796949806281,0.058795399889156,-0.0265687209396614,-0.1055245189323401,-37664.89736186826,0.3934760411495728,-79.573421373672,5.503573791382162,1084.4061295324705,3535.065628208098,29541.45044588452,-15323.387400013877,-5475.77928730752,62575.576590497454,56.63899315836454
c8741ce60df3046074146cef9ef25eddb9318e660aed108e8dd47b9827087fe6,-2.349264705882353,1761.6060342443743,27400.368493087808,12898.940857545997,118261.88297479124,-119.66793818750774,-61.2590608454877,12135.370271049464,3793.099916488859,1347677.8614045992,-0.1287333389856546,13035.799995375188,-1183.3427642672807,-7131.742664060885,9273.892908614407,170.24643106980258,0.5114529834966731,0.0771772797508032,-0.0347610180012414,-7164.306179692955,0.3186399027786381,93.08610390485244,14.548116413379738,-42.338838141420304,-68612.3857061253,20033.414723971204,-6250.224419038347,8712.323468942282,54404.894175442096,14.550041493127145
c9c65ad7c528fea0c0f8aa181665a32f594775409ac2b8c5e02a9566691b6601,-86.87739463601532,44710.892016844125,-14636.478709770456,-11854.71736202155,144719.84172624903,132.80526883913325,613.1574984217267,87454.62333036678,-35897.28585593991,-348266306.45867,0.0142067934678983,13079.336418854293,-110285.55433129484,30940.59737016335,35799.22206295504,-40.66261197412532,0.2813304955520194,-0.0516075747380065,0.0012414649286157,37560.04060567706,3.787140817849303,-119.20816926034726,24.86091046510334,-241.2976097476204,-56821.7109412436,47477.24410340717,-78064.36940405803,-35558.91275776349,49947.9850813185,449.4901298609177
c9d80deac99bad77dd3a2048111e9e8869108f0dda22a427e21811c5d06f6e52,-194.18791946308724,85693.61394554944,31703.240625540293,-12510.505304111946,116763.68024378094,109.9603727539446,-178.40866650853266,122761.59222889836,93520.06906925472,-276670563.1155997,0.1215647179266269,951975.8627811196,-59862.18767779951,23952.224734927047,124804.8747120204,136.5660070730971,0.087279758113567,-0.1782445881407296,0.0015518311607697,-177192.8908219041,0.9533809184322932,62.70482973465156,137.1849297145936,902.0957355695932,73249.11247548269,70593.99636031168,-108680.69791097488,-70369.36056326218,58788.95967985378,5945.465120399092
ca18283c1b4dd579178e829b0e74e37f64c2c6d0344447a972d582e7de0ecd57,-21.49655172413793,99036.94540438168,-46025.582213384994,-132741.06975531386,222009.20665866416,-11.357562804488436,-181.6856771359924,81045.92203242052,25214.81766158485,35485363367.75823,0.0337772798674231,312698.8548887017,30967.027407758585,66172.86793123477,179127.67348537344,32.80301120750582,0.867254098112698,0.1874217104536186,-0.2333954065797641,-30324.57225220096,14.271223621239317,66.38191552335383,77.4226086520496,16955.25188842112,72886.63726603033,66863.5099030094,-13183.224873744222,-6619.9853062574375,27969.57024623695,1740.2888684428424
cacad129e2374354c3595c3d09d1b65c17b005b3997cc2b11b5880ebfb637b46,-3.139610389610389,-47002.907685415135,15800.321678963088,-5193.174449436165,112245.9063711099,130.44075422620182,30.04166899085429,16575.004135536336,6037.568651991897,-1959530.482908639,0.012936411530067,13953.561225949165,-6999.229248542071,29580.35485882208,23710.49053676898,-140.65352565429555,0.546271151012826,-0.127157958119279,0.037243947858473,-10116.400568900855,-4.266741543638391,-178.13260386045803,22.272897039319805,502.6200993171982,259949.4034772146,19589.38158806967,-2762.0510952462564,1754.6941733421108,38951.65153633386,28.507617967083448
cb219ce398e06182aa65b2e15ebbcc91de43ad1115814601d12a3cfd626712c5,20.38167938931298,12533.043070997212,99571.7362898598,-14282.60209745344,118213.839215896,40.72237406341515,151.16087428967157,49421.84501063331,31677.393690702,630200005.9502797,-0.0455080153331758,3875.945742497931,21191.947774489738,-9498.6018487104,54636.35118747625,126.42867579061834,0.5153800520253338,0.0156758376672507,-0.0819366852886405,-13019.010650218705,3.188006651088267,103.81124465409545,29.28825118937554,286.1093290188175,-16677.177486476583,99001.09694732436,-11716.328519062316,-13514.646174256995,38851.33737019805,15.64522493470119
cba2d4a3cb55d92a97a2c0cfccc3307d2bda86db7d79feac9070426284532bee,-25.602230483271377,-5052195.850828041,200597.76517715096,-322543.8767509647,1860985.1373113769,-123.6883801983361,1169.7332165487514,388459.7058376014,-375244.5318307541,-32389032984.061527,-0.0504819007674526,21050.492835528657,135344.2478386818,-382269.4045123106,229562.7025354798,-68.8813154749096,0.7228743630812727,0.073653432167247,-0.0940409683426443,186660.750588456,-99.0723164119449,-154.14868841784832,337.06265326798984,15469.508067633797,-1106791.344046259,1165824.280573649,-28772.18734047684,-213103.7691691056,39290.80263445448,15232.73269710076
cbe29bbb26e04f465c1dee90c41ae7a3ca21aafccdb48d57c8b52752a624bd09,-40.7109375,-101792.62650305431,-291385.41420815355,-32911.93545387294,447136.2671897264,-45.77510508353928,650.49156261586,129502.83937817214,-64315.57356377215,1337877940.231821,-0.0116182686219601,1062308.5389536193,-20663.904041777336,131004.55254748484,133083.7237269609,-89.63306233418345,0.431259253877555,0.0881698754647924,0.9115456238361266,-71286.89062860765,1.2795381700438464,-62.19655501733385,113.44630536896558,10070.601221671135,-450435.6485800933,192215.7715196523,-73504.77926983927,30931.538815037733,52603.75218580769,5989.647713132893
cc9dabc875de2b70082258df2e4950452e0b403be4ab231e037cbc9d00a945b9,10.636363636363637,-2979.454412584245,-20324.938368565858,-14657.686452776012,18310.1440844196,-52.4899249679093,-358.12188241268706,31746.481727355585,41606.66602044515,-99053428.46737105,-0.0341011453538912,50656.08802673349,2461.245598286352,11102.272280609232,24478.304166841222,100.93308290401106,0.5884627442022887,0.1074832364506129,-0.031657355679702,21751.599309268164,-0.6901322644491314,-12.14611908405314,31.56641689161131,1305.6492000219853,-54957.26577211583,33753.86300647479,-22722.952577419543,14121.573782426778,54252.37115787812,237.25367807924067
cd8cf4f8b51d947294593266d14868b7ed056d1b5d56f85c2d3b27e8a7cd71f1,-73.31794871794872,32516.02954291127,4637.578333465743,-10176.71113220827,27132.7469011424,19.227721966089952,-174.24822099851175,69967.0364179766,19690.458220169294,-129280035.84462398,-0.0166499955557298,23090.404603167604,29225.78985565605,15266.64796272856,33574.413277518535,-101.44371745122253,0.1376330996254742,0.0486281164115245,-0.0282433271260086,11066.005904202808,0.6850128541966832,-138.46505798924764,44.261308809787245,713.0324373041752,-67775.0498040092,12998.018363463512,14761.50940802139,-10280.43635108862,59435.08465238167,824.7396737460335
cdd76f0405c5cc8d0ad011a8ae6d847c6d611c3596c642cdcc4843488f75f9e0,-6.665584415584416,-10239.845646608706,35111.06018622999,-13865.142514546877,100698.4987564685,17.762254955152194,-329.2038916777972,35283.96633876889,-21093.278575483768,-218185806.28589183,-0.046574798477425,18293.524579862587,-20394.656559091607,-25665.689651864785,30336.88819155465,-39.855378939219406,0.4021040769763176,-0.0304987792209187,-0.0180012414649286,-1283.419298142051,0.3432976919897544,-127.203882606521,30.69494590227545,6727.501156162021,150723.09803174922,51873.32752863793,-16049.20521936722,-30320.31377277602,37240.64736015431,41.24023920931617
cdd7f8f44ac6030d7cee797d0994ca2d539095f51d4b09501aee4b52f450a3c2,-156.90361445783134,-7423.4967467700835,-5809.758427479121,-3678.754637657101,1953.0221381483304,-114.42776512884036,-315.1511663207883,20813.523922658365,-12267.443984102894,-73027006.77190802,0.041659905886209,174234.24188976377,-3987.652927919344,2937.462766371098,9734.938749586414,-85.4826425412561,0.0049208486914148,-0.0795945788606055,0.0164494103041589,-13688.638597674611,-0.7001109147786583,-24.918554387813515,12.784856095348053,1304.862872176226,-9198.758797612069,11052.751635511113,5749.435818257087,6349.604975077948,66860.42855501136,190.20906066418976
d1dc7c011cd19b2c610c92d9a34e8393b3edf160efeb48f05ad7d9962703d876,20.116666666666667,40889.61107893554,60295.64351869922,-14686.6156265884,3352.850708833645,-2.5237000856171696,11.30401148800852,34378.6130094318,12787.423086325414,95924251.37352392,0.0473064319193149,3153.866208600615,21532.742237145016,15497.459733716008,6348.047660066807,132.43241428732858,0.8517500376155607,0.0148393796629716,0.0251396648044692,3293.9744411947345,12.25325108261798,-11.006592349512871,23.23695109117188,14.615705225955702,70425.19791177788,29401.44876527128,-1648.57765778641,-4495.446697279575,58530.24829009052,353.59919987228216
d21f486f9a6eb452742e90b167689d3c9bfdabcba2dc0943df4097161201a023,15.125,-20220.057442749898,56314.410489204645,-31950.919984553428,108076.84280150768,-164.45564366931185,-46.88570020496702,53604.59389931726,31275.610458934523,-9985685.326911123,0.0096142443070718,18678.319715251426,31985.113165319886,-54680.88972003575,33064.63159741667,119.92370517898784,0.3955151790430364,0.0656295231767099,0.0136561142147734,6471.630087697895,-0.8557239693911303,29.422566288141024,33.45440082487793,53.678204464462695,-103774.44109931833,38237.20123333834,2026.112949973217,-8594.386517939693,53019.398523266354,207.84322960240047
d24e49e48d96dc16ffcc33666c68301e15d2e97e4d0406521080022fea958aa4,-27.43169398907104,-3560.35168388523,-33158.40979996526,-5509.777394863022,57025.93733266448,-124.92330315700016,61.92596208247553,27016.251489164275,30820.695752596195,8249774.628340584,0.0261890182084398,47654.94438612041,201.25930783918693,-42667.77203888553,7628.117946215197,-133.19120434013308,0.1192787048117783,0.0763159178838671,-0.0642458100558659,-81.08823568896878,-0.3332387993760095,29.59209566675512,11.088703539169511,427.8680860403192,-52091.863531378985,28285.136046502063,6006.920110175541,9883.124236476167,57833.48963014029,86.73658669242184
d2bf1b1520d605516698538c0183afec5c5317148815c4f990fb1996935250e0,9.960573476702509,57704.26687807475,-32769.66544376245,44145.67572177757,230949.55827190372,-69.52815593779938,2.048776092724847e-08,43510.28476766634,-50147.47276840276,405068381.91050345,0.0093965447094117,541234.1312056027,4270.371645664556,88892.03019425055,143006.6887083547,53.18859059993732,0.4471101490891017,0.0176049586127345,0.0,85420.83498020114,0.663976366035864,6.830038762329861,86.62146814796122,-930.961537167123,-984176.7407440934,109556.72229258232,-47598.19239693403,37188.2233910316,34491.60716741734,795.7026312815358
d30c7b174add772d69ea4d59a35ae13027999dfc41041bfdbf36aa8d499cfe9d,-4.492647058823529,2523.3908353036104,32916.95750217898,15387.07248781389,142123.4968566024,-119.63641235793592,-74.96887273408922,14623.861699450916,4616.314363260216,2336388.53076445,-0.1284727319073343,18728.768330442825,-1417.554098017748,-8579.68781779928,11098.843426190177,170.03392281354596,0.5113592394570924,0.0769153677780975,-0.0415890751086281,-8794.729835726976,0.3826207082544866,92.10719409927763,17.455066651617567,-50.58555158253243,-82599.70865730225,24147.34410596873,-7451.741786403515,10487.53556908674,54369.58610783727,20.91531911695437
d50a954fa5ee7fa59acd69f55656aa7eaf698cd88acc4a4a909287fd2122dabb,2.5,-219639.0133337301,-312250.7427516756,84030.71938795342,252037.1443489358,147.04005516899872,-347.4008167225508,196594.49011264805,-5395.891263499952,-5098803988.266625,-0.0750805020175107,598499.4492110453,39245.91183904732,230124.1619039089,39956.875632958014,-16.84485967958603,0.3715852369709502,-0.2020966546246514,0.4388578522656735,-92881.98178441914,5.284233981752719,80.11426845222645,124.18128520005388,20571.16853857848,1609923.8780717363,168500.4956361979,84763.56657514942,31926.77553399984,32563.75780030513,2899.301596958861
d55401a9ec43033039efaea8bd33197d153bc29a5f5a7b87f22ed14d808ac6ea,84.91472868217055,76968.97374609443,-205570.52491034512,264744.6307717269,296144.45221554954,-94.52224034906116,6362.771337397405,338060.70563360234,144366.04432842092,-22241182946.862648,-0.0799234712963234,28004702.524115484,45991.93321953983,155168.94773903908,108677.19308904374,-71.12930379886431,0.041634457407815,0.0192022669472741,-0.100869025450031,-182392.79888481283,-1.963319305177788,-92.38213093584528,7.675805765398154,12785.994317480669,229518.65371554025,243398.0972861017,42970.46593816167,280337.2189306492,41780.153664527206,9271.785980432727
d5da9c87173685e76cdc917aae4f772f247c8a0219355b10dd505768f6704e28,22.33333333333333,-94515.61996980666,-222056.3223835709,76006.89828899193,566788.1077354228,-105.96703080616898,2382.6673531731462,84036.61202765728,72530.90981856441,-1337229222.8769422,0.1228901573257996,3696334.88002456,-55369.44372918,99763.75543113756,16146.801850454236,-59.87067408337236,0.4143468005415078,-0.2177088933034462,-0.1365611421477343,60611.02142191258,1.795159301113446,31.89566517776324,26.532219772667112,8579.17712729792,242380.03860212583,91187.42510089318,58762.64837770101,25680.460163361924,59269.19151983637,1479.843723604755
d7f7a6dad864595ea8a575fa8cc8db2765d7aaa8a08f7d27ce245940cd47cdce,-2.275,224.11644042891209,-19968.056726958137,-20638.001437833307,39811.03214442377,-31.2020625933057,-267.7223809889819,24972.0408657849,16421.00408537321,-411933096.8962088,0.0860497717419025,93736.8101750461,-17175.201337042043,1036.9063987895745,20929.099113435663,156.99390610585542,0.1876503362665273,0.0459457213237641,0.4239602731222843,-30781.97152478477,0.331647058348723,-5.38731052871824,57.15636423167367,1364.8212571843792,-9540.04900769089,4433.013944861464,8093.377520755306,17960.59372731376,64595.92805859904,2016.990644666594
d8024d782cfb793ee3d7d01ba9dda781626a90f1513d998f1728ae4fef239891,-2.881294964028777,1117.9753036325676,29245.30419271893,11012.986462847442,89690.71675936882,82.0752817202757,-63.23379875413217,30277.03701500671,-19185.498600296225,-3033937.7576134247,-0.0479496582009936,7084.830112960762,-2285.3536019350263,9289.661616488758,28821.786830557223,-98.47953478369654,0.5274631687713853,0.1115256214556353,-0.0012414649286157,23788.65606517553,0.753315276445352,25.28386587863225,20.751725428632035,54.22068675847012,17705.50521528533,6595.335687421213,3460.665101186899,-3484.1603434080766,52305.3375770527,58.40825132404634
d88c82e5a2c5c1a075a5e07a31230cb6177f0a26150329a55b83214da8439900,14.441281138790035,-28578.178182118794,-79816.22335410252,99957.45889699968,677401.6632325877,157.19856633273668,-133.62106741553373,135256.86463865775,-76545.41985633556,971333523.5357364,0.1047222056880248,445968.2400441863,80380.15465444203,65122.25668938878,10697.75466194508,164.32494934804598,0.8494819543497737,0.0074666256426698,0.0834885164494103,-22338.15620660399,-7.806493381317272,110.2410147639692,118.14402882229592,1714.3584362067866,37618.5625710133,246962.47457829604,65909.06905660476,50348.85460232437,48618.94654041586,1496.440619555064
d960b88785114a91327c1374419a3053c7aaf14386076c3e599403df898e3e64,-72.31491712707182,113808.80440569409,77792.74505475216,-38684.81926377557,106576.6317125224,-139.6697650600423,-59.61535590806219,224386.0840148985,-55169.9960826573,327637310.95898074,0.0641596969062478,26630.26073710853,-156182.52595261595,126954.88947887487,80851.46469385967,86.65318332417769,0.1097014702417307,0.0808829236741289,-0.3274363749224084,2550.9402362754627,2.145406710866396,109.87618719886407,56.91165839845292,-611.340847012515,-128439.81255149102,147996.13862073797,-10529.591966062935,-44361.395439418906,51589.1471207764,1919.12672710358
db438bd78624ee22679d9ea36e041ac0a23c6f3ebdedae29d1789ac6ef8b5d4c,-136.63851351351352,-5066018.145295615,1696543.3244033682,486183.6776102676,2180835.300797526,-37.47760611926983,-0.2056971401167273,219636.8683930235,-2314.64937369962,-199549686326.5301,0.0525816138121787,4523868.31544769,631640.2593665131,155026.94570825982,632704.1701936205,-18.00461865620362,0.5041179138924455,0.2582532310768287,0.0183116076970825,77489.28185060716,-14.65735993863602,-41.01544042088613,472.98312850629145,-2436.9384760762964,-288315.3986694807,278145.1397429111,641761.7517540778,128883.43728232058,32383.01861653261,113106.62881106455
dc2d002853180ddf17182e75707c3da808036f32630554137ba3241fcec2852f,3.4743589743589745,51891.44168518806,115989.91398688089,-18688.33001004868,523723.5162944989,-169.61904335295594,13.795676210066448,72673.85452542013,-6123.136945036781,-39554878.90304537,0.626348778138167,22814.4705903476,15046.408199043404,72296.8614951535,44087.4222147484,134.69022646078966,0.347126215929837,-0.4295651855560004,0.1014897579143389,659.5674948120213,-0.3857633569573252,167.8196003208613,112.81465332549809,-1878.65504663586,182853.6106472001,182315.46555034508,-4967.990650386097,1250.2350504356364,18580.23857552493,369.2009307004824
dd1c2b7f7f3330adf96eebf332257cdcc0d4b78c0e797bb3239e9504811b6ad3,13.81509433962264,-555.6347260932517,-9950.062608957614,-3095.6341209542225,65418.47016609262,-91.31522041801486,-65.01459967984913,9783.355812964915,-5757.872065866339,436063.1311373524,0.040663880730551,42406.89304547762,5981.472638214193,20874.21248363854,4807.174628384894,6.602734406370329,0.5238403315695013,0.0565290404559011,0.0999379267535692,19395.50547322186,0.4615659400466687,12.130106790352794,16.84700455248258,694.3296237805365,-102584.197975754,17027.72699637006,-12114.770159417443,216.18853982521972,58638.493911802296,28.801270489724253
dd833bb70b3a57caaa6b4e4560975d9ba5a77fd0151e13d1b5f30b4f6c381d5c,1511.105,120547254.78950486,2432812.958320149,-4473023.286729611,15630796.83129067,-121.1409176375112,-13272.736074230452,4349875.002022213,509572.0675284213,-14478833933810.834,-0.01672161397579,531160944.88893336,2802470.026850855,-3607265.2467187857,7238252.687152738,111.86582617046302,0.3392467377561182,-0.0118986641768798,-6.554003724394786,-2896990.315370714,-202.1614660170365,149.00533352533623,2869.4667731476266,158591.6019583123,-5112196.521222889,2743305.10136294,4688441.562768869,604053.0596129894,50604.51367210189,1924194.4415342268
ddf42046cb48342a42d66f634cc656c1b138919fbbfea70928006c1cc87a0520,2.020833333333333,-27949.98977185631,-3262.3425810023336,4821.849190053609,46639.67813732066,-76.30635255817228,1822.533263813403,18353.373384474588,4639.151097860096,2438622.655065258,0.0376184530988439,73220.87062623243,6625.558665396737,23817.449350295905,26906.41833642585,94.71856082292804,0.5091018143551416,0.0459487411078639,-0.0924891371818746,-5159.771454876889,-0.651246402451141,139.13928089900153,29.96590107116732,584.736509025066,-296469.1409059494,30226.336235092243,19652.22560464448,-8907.452296552234,54954.70931347727,135.59137943689834
ddf769177b23ea04b73299eaee37804d8512999f956ee21dbaabb6622359a716,-1.0,27691.64471476049,94642.50146578051,6260.106026173018,331203.3028959351,0.6922831837362188,2102.078220485733,102312.80874131517,-29000.14637453152,-1246228283.5090115,-0.030163176396419,186968.2777202919,-64328.632578116754,-67406.25459709718,68209.03489645758,60.66359459737811,0.4619511854764586,0.1448763939713289,-0.6893234016139044,-47112.77271123539,4.727914486414957,-67.30361020883875,45.09529270409069,13394.218186102997,-191694.2875389121,159942.7462198502,76441.1975043935,92250.85359847089,59889.07362040953,559.6589052223178
dfc2745301e6abf5a3c56561bcffb3fed46806360b386899dfe5127bb8ae54e6,-54.9,-68115.65772529744,91018.53085852294,-114007.3278604563,220086.48993920904,138.37725433018306,-117.99869483944444,130257.75367518543,-17900.416781665146,-727027530.5699192,0.0625852421109442,1433941.8295572486,101880.27553171205,-14618.00784110709,106158.37827457245,165.10813443056136,0.1200038421574449,-0.0331956000522537,0.4118559900682805,-4220.852105772901,-2.478308468908371,-156.01955267080086,36.1296472422834,-110.90499442459272,-122391.39640140269,157991.46613509193,35312.739320271285,-5953.692749024525,58821.38073597092,1111.5894152931992
dfe05ccba57d579a6f975a16b4bdc932ccc9b63f212faacd406e586f59b43244,-29.25795053003533,-256.0842741646369,2161.565500697763,-5780.248881456927,59533.27270658658,-28.252840332274225,38.47162064812229,15620.925125399994,-4741.828095186851,-7206123.944064637,0.0080807339019307,2078.2248091707165,-337.24367337199874,3063.277575160968,8940.64306939333,-151.03656467492704,0.50112886999096,-0.0011969309289102,0.0251396648044692,9869.423363634702,0.0748315564890252,-153.35114283397957,13.360854759080317,368.0067305403617,-30555.56231894476,6361.438892081256,-12096.251669884135,-7285.713592818499,47564.38012623695,30.769155832729343
e06b35bce7504e513ca836f72fd11c8c4b17f00405fd4a3a96876030eb3fae08,-281.85714285714283,9691.8410324273,36314.10782506521,-26702.949606789905,53071.37904730243,-123.9509619139908,243.09393983810932,19690.23849566125,-15493.325657685267,-72784878.19080174,-0.0664128687434042,226685.1705096173,-8136.46954197192,-15394.118871531016,29371.0638225336,58.21253779231633,0.0394271017825723,-0.0208715921476943,0.265983860955928,11785.336336187158,1.317600646496415,12.83581160995424,9.994056168355906,551.7236537794757,13041.251965001662,23503.47021480208,3578.4303915084365,-3694.049658349966,68836.92774030397,189.0538441788341
e17b58070ae3f8192183d3e624e1990f973227d0e8afa22f1f43b6aa1f2b4589,7.320143884892087,2019.8120269752865,14551.264194156538,-18727.506430600544,63167.90721816427,0.075516585402049,17.84571325576924,31247.64416601343,-14480.607709025224,38443496.86264761,0.0003886472156956,17402.412602342716,45534.55438746581,53522.91303495674,25533.316349315155,172.0093293819533,0.4310476388947707,-0.0385182607752552,-0.020794537554314,9587.797356359131,0.3516255591142295,172.73149232760454,19.822298483816404,-5.89577899722098,-42466.96750754787,35450.24282705585,12222.496980780714,44907.20191225577,45324.40618642761,91.7344529623126
e1ba7f26822a9003c3afcee23f800915dff9877d1888c7a5f46fc8c0dc2ebb78,-138.77142857142857,12933.305809751448,-22230.08905377119,-619.6175699260044,13343.681159025864,-179.66459894897537,-1524.8830302467277,28146.68812856139,-2570.8950212319933,-550693459.0652579,0.0031059357753501,1343875.3554740597,37852.974239478375,11851.261077153084,36620.898635020094,11.744866066127075,0.0314899251703084,0.0684326943195463,-0.2290502793296089,45088.86067546785,0.5832847250265478,145.0795413452115,5.733078405266522,3246.7839622744177,41946.409349336056,39174.64357721873,15342.576812572912,1231.8016554222504,73577.83887115234,444.97472318276255
e22aa84f6fec9f9fe2bc277cabd8d31ef8468c79614209bdb313b49f0f4e88cc,-236.8795180722892,-1099.153793025189,5578.193511864684,3201.965217362451,11678.65515452095,-67.19411047027309,-392.7141633773367,5236.208991508548,6869.79378780185,-371668530.9192045,-0.2132171374235011,64150.02117606045,6462.89010381642,-154.17049624830233,2303.570518623971,114.99071274560237,0.0269376523663516,-0.0066259529844694,0.5049658597144631,-3023.491407500101,-0.27949598349383,113.99376878360016,6.974646175837899,3743.723776400545,-66988.93951890344,8033.524957074535,2111.186315098091,-3418.462624786021,58614.24695226495,137.5092270526478
e35629fabae6d891a7f1a786d57d22c1ff0600937fc97e3af925534111442682,-6.954198473282442,-222.21689077302813,202.3836859885096,-2195.5067142775347,36847.67503299114,-119.96967647454498,4.491411590932188,26708.78257260676,13215.894849833148,-577271843.1243008,0.0578570211491693,46925.61059185119,2119.7517173724773,-9229.789484568342,15431.787745260006,157.3082957592909,0.713832479193929,0.0665725765131767,0.0015518311607697,31127.57139190448,-5.16699592117549,83.14450384274312,23.68829352225244,5555.677391121397,-2209.154918364242,17158.227409796436,14448.984311703218,2876.2603537862933,52096.92210229226,243.4489551891513
e35b8041c3ef5952a90a403782209293f725c4f4a360d46cc5bf5f97163af47f,-0.6813559322033899,-22479.54209195012,101161.05538894428,5128.742138941028,449203.255818157,-68.1081946933483,-28.637422457532715,72418.97348767292,19878.77906469426,17422313.238036048,-0.1312992216244713,145732.82074504535,822.0778082065226,21624.080176234413,12475.51852133263,-144.00445586507072,0.514816367413772,-0.0686936889097658,0.0176908752327746,-20348.259160793987,-1.2249837912959902,164.22990917707605,70.58454062753178,-121.25143643779242,447469.0024247331,126866.33933555166,-11287.120123795508,-3009.7902695707867,35587.700109689475,184.71512664216
e369a477e4d9df999f57c0f43735a22479c0fd1773290e9b512961c70de8b6a9,18.3025641025641,-49071.63588862925,91168.5694600147,34355.195761144736,193203.976228572,-96.4650528732106,-23.530836974729567,15934.905644221895,19357.411476610563,-476278928.6413922,-0.0722166907875264,71977.91947942229,17822.074112135073,-135334.10670349724,71098.42285274173,-87.52564361632979,0.3405121530589187,-0.16639872958501,0.0453134698944754,-9099.422277098754,-2.385580129161589,51.42709591509875,41.70599241655577,-999.434387574451,-205830.53474142583,38093.630728477016,92918.93934211112,-83403.45144733963,49777.3455525657,1031.6257474556394
e48ee6cbc600f939acad7333829b59e724d0f539b3abeb8887cf1473db5929eb,-236.64864864864865,-38431.56781449071,-98962.70022751174,100291.86965664515,179469.31757581196,-108.61865676025263,559.536204435563,88342.51120314062,-56610.48718466682,-7268105841.20261,0.0540445005861175,14080.247151918757,-28334.135927530064,179749.3173611649,99129.4894697328,-59.18129422673376,0.006861430716339,-0.0575138202041916,-0.8485412787088765,174367.72524251693,1.201999338594664,-60.06701257669355,91.79240650272632,2272.4884420568665,-821834.8889025378,190744.46148834305,-107204.15710867455,158085.38642878772,44499.30093464384,3813.359509503344
e51ff25e8e8b11cd41d715f7d4c9fdb7fab43e8d0584177f7848c88cc22a207f,-73.77540106951872,1027.5330343385124,-41352.71416087308,-13411.721058057004,45529.86542712768,104.30484020044032,294.4645338835569,27198.231106063264,-27500.066950739994,-340606783.3126165,0.0683596022963526,228007.40195660965,-50176.357015021655,-5683.98108693455,20657.033387981188,149.6302852325947,0.37126887631349,-0.0330392719512421,0.8147113594040968,-4782.967601507869,-1.7073735774503054,-98.06763223702002,36.0844682857607,5566.244254693542,-58366.46645255273,57717.54085928703,59381.24357220774,40634.16173298309,66982.0469603622,585.398081043528
e55759e9345528600187b68f5d3c8e97b66f7ad3efacf0454c577818ba65ffa7,0.4006968641114982,-666.019718452362,-5240.886294164652,-183.55450891572752,29325.609266092324,-22.510100742696643,177.4187002895219,3484.264920669125,-4377.162395665943,-327248.7141081417,-0.1969106448909948,4438.455583367953,-1085.6556551933345,7261.47619053473,471.09735697281326,38.310171146971335,0.5458020886929723,0.1707838955615625,-0.0108628181253879,-438.2817134711115,-0.042767356963974,-135.5096309502903,8.37919782660459,435.7328498463066,-49640.069016721405,10874.18726257394,-8215.375603793631,1111.70783516624,54181.3987657111,5.34709771325354
e592435a5b3dc48548124eec6d82fb79cf76d9c2b22f44dc0a9db26005a34872,-9.943181818181818,-253.5694937260708,18002.87998232241,14584.74591063348,21292.077755866143,-87.3005841169181,5.381417777829715,6860.908370669606,1106.8934486838627,-286236.5264139217,-0.081384970496207,4079.4251761809846,5670.768079801059,6623.635558030112,25040.514271971053,88.69392974479213,0.4540256248959248,-0.0085557243449232,0.0145872129112352,6105.835833512321,-0.1297729262058242,61.83888921166498,7.736879319641835,-273.31841665402914,-71210.69377959744,9490.067327011846,-6784.979505880798,8758.170522757906,47588.95414725666,6.70200223309079
e6aef9c0da4f30a9b4c2c1df847ac860560ac0721539e3dfd2112d8ef57ea703,-15.876494023904382,-10786.392760058376,29375.49137038355,-134848.4388581116,228332.7485986595,161.72022185811235,2256.3843138059306,64876.37629315344,-84250.09056208334,-236852250.7284028,-0.0072911711432176,357214.329809637,44043.53729182988,-27952.02144630343,28917.0511774912,-8.232978497465304,0.3878204999364902,-0.0408703751214304,-0.0841092489137181,1733.1579318187564,-7.014136743772856,167.42436992658705,31.38028893489606,4533.241499505695,99926.56541193515,102126.30373998237,-97900.95897142276,-39173.54071819112,39332.65703912421,596.1992776246996
e79fff2fdf4c23cd6c1e2e09e73bfb29ad15d05fea859eb1a11f603247dd7b2d,-25.98529411764705,-11432.011925579054,-6251.300194784242,1357.3789647091637,144030.10669938946,-15.61406742812999,672.8551404220727,38084.12845200236,10968.952810400137,-580234153.2616532,-0.0335918799452185,180360.28762905413,11154.705069560176,-17138.052089520657,36099.26205909709,-171.67304303054257,0.4500380117100829,0.0868527662533477,-0.0558659217877094,40353.51172381688,0.6079629783941717,-8.354511260710478,31.546723819362164,5548.4134787734365,40856.1841910042,31109.97694487681,-6089.530927694988,-3770.5662679795673,53043.40932204958,586.7719161795302
e7cd675a9087f97c9c3f5861ef1c646938f820063f313ac639bd23f80b1463ba,7.680555555555555,-270781.53274731286,-216364.24313911004,-195073.2959721302,191793.078410608,-4.355457642155959,383.4857445533341,177124.51715182653,-90119.06396745,4098052365.251088,-0.0375779157209391,329892.6534203341,40033.35026641418,213195.4366246189,56741.39895039756,-8.197993631432023,0.1267199416352245,0.0451632491526987,-0.1002482929857231,147124.26190732408,-0.0818357582883995,108.34498385218672,73.94554662533001,1585.0494635358802,-63871.26340215781,156528.47401165022,-185194.79267723663,104723.471085663,57557.79066189804,3374.1968802211686
e82e17d1e59eec21f9c3112667a454c9a4fe2586134d11d693ed955f0ae0a365,-5.109965635738831,2453.5641868564694,134.23630859160448,408.7663095389702,47944.880359277566,-115.23950338648106,3.355804162309006,12956.611484216895,7735.91649820643,9451540.662523309,0.0156315078762573,7750.658659331141,1047.0293721309913,-16679.127509682363,7708.402962565242,108.44834229208696,0.7154290503124099,0.0123836185110825,0.0148975791433892,-777.1373087953452,-3.315514893134133,164.05819920717587,7.897601747206426,-15.153493111071944,-79132.66120332025,27942.720357578903,6987.835661338524,-12688.37763159533,39134.87881408812,18.424504293196875
e9d75b347d07708feefdfcaa041903b1e6301d46cc9e2e5a13e5caffa572d89c,125.21782178217822,-637.1804123722434,-14660.551959383956,-13517.807484489083,25789.215961863083,108.07004945117534,436.2859038166161,34226.778204032504,-14281.349132390613,2574357608.781852,0.2554742974757961,1647982.7345541024,23418.303737945484,-1840.0251293656625,18306.74433916548,-17.85675361286702,0.104801891925052,-0.0221972543114973,0.0031036623215394,-6184.521935620484,2.8961146828423723,68.74320055867345,31.07033392646091,13206.40240531213,-3384.2030110263618,10650.88265160332,-11895.060720529013,-748.2896633217806,47601.55723802868,807.2952759482815
ea885ffca6338a2b781a0725ae8a661496779c7f0a7f78855b1f297b899640c0,-1783.4625550660794,-29031627.204811458,-599307.791347638,-1061202.6355193194,4153173.1696456894,-101.440595535701,-4294.671997422941,810153.3389052015,310649.7284729831,-10882980410093.455,-0.058431509627628,502935098.6403294,481780.6505651212,499445.004876561,624283.5753147863,-42.565033425684426,0.4091139189469954,0.0602214717519466,21.634078212290504,-295022.2577038783,-160.3869139790843,-30.80279713739198,515.9943728011544,37200.48655122442,-2968261.6002308074,1042157.6305078564,504657.3497004076,-276143.4454840347,65044.61621694545,749192.5449722243
ed2a143f046317047794abadb13e078abbba7d8b1669d3646a476fce96c91bf0,-27.91254752851711,4730.58714070262,35853.82853628726,12376.679820972404,88956.42113313358,-71.94905952031495,-196.8994099839328,27637.90018852563,-30021.409219601897,-289273964.1348664,-0.0781150880210996,34673.67815889174,-15749.08441534698,-53914.09524645094,32363.74946342716,16.76227955305784,0.499698704583598,0.062947344929907,0.015828677839851,-27993.86756752081,-1.0872771347711885,62.73171880947406,36.20565574004864,-701.6378683102714,-163562.66059067645,62460.4826212289,29089.154251918226,-27044.75709871951,52248.103804111895,677.3316418377261
eef85f19dc42c4893097e8b31df99fb1d43e280b812532521eab9fd3c8d219dc,-60.51351351351352,-1071.1468735879505,9399.767540107076,5410.9448951725135,22270.912994427857,130.7730469444738,-630.5811942577036,21182.227963116195,4115.017181653169,-1614688.8489745182,-0.0328022330210875,28959.39339643282,-7861.850851838779,5455.694304087384,26368.915792430016,-45.49807755997965,0.0768963597774793,0.015548278375837,0.5751086281812539,21901.58434491992,0.0357022849821342,-22.36565887261197,5.107249199275933,-52.09952441371148,-3741.483553948197,25207.8210195485,-20891.77103018296,13066.042834741438,62047.74547917812,69.55396927656122
efea988ca187ef1ab123f5b8e6830ad251a123f7a59e3c46a1b84695f8b76102,-63.49367088607595,-1070.921056766762,10295.668172173297,1810.205071072795,27471.976867679125,153.69364138035186,-632.654076024441,21500.82570340319,769.0198863121263,-2007385.6991920448,-0.0316364748202544,26834.11241848811,-6641.174128443628,2969.531727877072,25843.31570118188,-57.59242448954817,0.081329855696506,0.0167219190793763,0.5710738671632526,19769.99757066759,0.0678609235032259,-12.118039271015697,5.136706993621265,-54.74386651579882,-2350.6680970413145,28542.00463766519,-20193.7434592378,12137.017413539608,61973.76817663628,69.4029183443619
f09f701fb24d653511cda18120864b4d8e0bca0725b11a336116b794950336b9,-12.943396226415096,-18052.87262125587,33522.26126904466,523.5781610939248,100607.4585512714,-16.631480045884825,8.347032998055198,18340.79794092645,25903.47041602777,-1269158966.167806,-0.129903768850075,17866.970993090497,-10899.368858242382,-6733.357016813552,24786.32535905155,144.94323803833473,0.120994296238013,-0.0024676296083325,-0.0602110490378646,-41909.13529925552,-0.1399289879524992,-54.27682939745443,49.74578380995476,-1131.0961574116218,-271565.41673738183,79611.4311375997,11195.590903833088,-6812.049540801663,57055.35064818623,2343.6676059783986
f11f1ce193782ce644a55fc6294faacfbd7fb9ccb894e72c27604daad18b8d5a,-9.59274193548387,-3664.636062888808,-8845.572722633851,14988.850380797398,3004.5804651240524,-48.44946089371816,137.1229594388361,27231.35627259464,10040.621007168049,-7223872.680546924,0.0491517178873823,23531.23194083669,2193.001187634754,16627.461662455527,15255.32245919815,70.62142084764102,0.3703276837357354,0.072186497991166,-0.0322780881440099,229.01990523389395,-0.6278961114066782,144.2101059767884,16.780030179043248,748.7741660957315,-68132.94794375874,22530.16830037712,4955.463885491728,-17378.039894227528,54116.37596467432,85.61887148845541
f1de419dc75ea0f629deaf936e0b65934cbf2bc444ffd7b3116e3a19dd108f11,-14.071186440677966,105369.50001748942,142984.24202157,20011.519763051605,875829.881985992,-72.94414672567352,-98.94824159841636,195459.53561961383,25273.83044097916,-8714396374.310753,-0.0987109171605241,404434.2385910246,57085.052269651394,91272.22487649674,56382.93885089637,88.67341282689915,0.5038591753491748,0.0652320153034672,0.0747982619490999,-85794.9762160816,-10.228447812721155,-174.34814773120607,238.63816797863367,6876.605710521037,939774.9131842398,369230.2282060607,87339.11871682385,65438.15242711957,50371.548252062654,19366.26625728514
f375f0228b1040ecedfc58529ae921b5db1222fcdd9bf32d530de146069e60ca,-0.3741496598639456,-4224.708847378413,10346.97768573665,-1775.539033226799,51863.250196368615,-160.00732080064483,-10.761936608655349,20604.939100596792,-2319.4804888233457,-773473.2218769422,0.0092208973390235,2142.9158739565632,-1999.766678739093,11128.387468731838,4992.845578065172,-139.41902535501748,0.3012273623084871,-0.008808105357854,0.0356921166977032,-12769.587714699102,0.06952400419444,142.78972244269266,16.527044258986926,224.52201857660003,-159080.00185144294,39030.02999396215,-4927.44355498332,-528.9572041916067,37378.873532999874,14.913671018870426
f411026d2b37e8b9d63a19c7cc6e441c22a20abedfcc63b63f9dc771c347609a,5.22279792746114,-3459.176842238078,15368.91336770418,-22018.67776364248,117970.51733089553,165.3893358003045,602.2996077703287,11736.940921619109,6745.2165564762845,502187969.8676196,-0.0011356165003872,94161.34316848552,20799.002831064743,-4171.5368394692205,8208.466673468996,-125.12804330712542,0.706255218373831,0.1284812700419576,0.1921166977032898,7416.947438365132,3.62789005762488,54.84719812170196,10.7854352358853,3748.411081289486,51347.66758759524,27850.26180884556,-20197.706582904408,-7830.234912978703,46296.1906915179,44.68978338090701
f477c4f73e2b16a6be737ca19b5614e905da52a66a4a355ef02c62c6ee72ed58,29.036496350364963,-21953.607306913105,-4000.434186764936,22997.01806192781,41786.217209550094,12.503212600487824,-214.3111069293738,55099.51196649508,-49574.20056334531,-104920645.38781852,0.1008930560239327,8988.980130973354,33726.20646729992,-26513.02925396672,70251.71523177376,-47.97705917501272,0.3465887210755587,-0.5176411422053686,0.031657355679702,33178.223831048635,1.017500747226597,67.11749545668033,33.98116109043524,795.9037505081071,-32334.79446472332,21450.39745099343,38084.08660951197,26111.162342627496,39406.65258906248,139.0702118882519
f49c9b07fabac545a5bb044d8b67be677958ac1ecf1c72cb6cfaea81785d084d,-16.8714859437751,-12874.422889821377,23254.88042429875,-143515.0961535938,236600.31291756048,171.36448837925423,2256.896234928696,68577.03618719184,-93416.32442705048,-252309439.97638285,-0.0065603398315973,411463.7385482449,41891.75006748623,-33627.75159225673,21159.96209136708,-12.028546526609404,0.3823976311864066,-0.0288532496901612,-0.0828677839851024,1724.962653242712,-7.004327077046602,171.06562424613392,31.53796029471835,4534.636132072875,104414.51048000436,97914.88737875382,-94512.36779248837,-37694.23043674009,40621.88900432624,613.5192421900347
f52f01e691fcba131ff92a9fab3323c3ad2298c48d81050996bbd82a94187e75,26.55161290322581,86224.16307138321,49012.90356110054,86247.5745178787,525962.6778448732,154.62620869230744,13.006668160201876,144495.72450520395,137018.81885983745,789543196.8135488,-0.051502705911184,22405.38984693826,-52840.50720771431,-214340.6794537855,178779.12787463964,133.148089728078,0.3439241911357534,0.0132391281062326,0.1076970825574177,3441.045307126988,-0.1282040233671244,2.228923930953336,102.63327379466214,-1878.802552549933,253669.73903932085,233816.88108290435,-206972.78533056343,-4365.736670747518,26758.499658777426,1083.9846599188118
f70c357bc8f4449dd35d2a8b604112f65935c757b4849490ed8cc05d97a3cfd3,-36.34494773519164,-425266.4797057154,-335085.1780402525,43581.35897084278,522118.5447536725,-8.070600302251444,210.6106303232084,46363.0282852582,-106399.55624641514,-31505415958.85208,-0.1035788635728595,554459.1171195683,-52592.08714366468,-43762.38045009907,37240.74784266744,-125.1952570091632,0.8155139139728611,0.1792766676361381,-0.0301055245189323,-14885.936698766214,-29.14408352034772,-26.528464852312737,79.24932460999172,18552.98345924512,45148.80688103652,347011.837643076,34224.92369021639,-51296.30289220413,43335.74424102424,2301.8695482494286
f80492172730b5f5c44a082e486a974be63f970ee6a548f02b971a9856abe857,-4.035087719298246,1307.4493283960378,9874.430345232162,9463.922539458732,28867.20621645768,-50.39773952794529,44.56764398151396,9883.994087084253,1493.8021712834216,-2475325.7750155376,-0.036435106871425,8860.095538914142,-5669.796057752587,-6778.461064095495,5961.869161165534,-166.25570476581154,0.5234989479211318,0.0336201076094765,-0.0186219739292365,3443.569180555694,0.8600955357988606,6.888734776683068,9.610564487521344,366.9298242299478,-14265.845927287552,13242.70952229389,-7170.296904086545,14352.444150317917,53540.235919778985,26.134412654821546
f8c5d1ba78b7d2f4d2d2a0d8bbc31f0b93185edce1d0788fbc362f22bd931af2,1119.7607142857144,-7812241.965449351,2547900.2638064385,-571393.9301666359,4486320.1366862245,59.528648404570966,21927.74259352382,1399905.3464318854,-520044.1894899339,1288519463320.862,-0.0010501295588083,96232576.7150288,29024.53481153943,-1489720.3854053924,3009883.860608497,-47.36249613015509,0.5623675418876191,-0.0611414944825279,-0.6800124146492862,-803901.5315603553,71.36779991087889,-167.87506395275406,1404.1242131664274,69104.02259963832,-4012532.979842972,1515761.1974732426,59522.52063430566,1933695.2527030187,39347.525813383545,284618.4592508897
fa4ac754e022a4cd821d467827141a05064a08cdd9b7a2d121c24e096a6f0580,-49.39655172413793,-195295.9076417294,109371.9775074184,94468.0418780561,257381.7231382247,-66.62470795118304,4128.867106422912,75170.66446313122,-88523.4271913051,537633968.2088253,0.0028553067068333,160389.31709132227,-65193.45710620572,77373.21885975731,64097.55379116948,-138.89496631200268,0.3331468348885041,-0.065953899646013,-0.5701427684667908,-25818.295976235226,-0.7818305116775063,-152.36741551104384,78.02869306079933,-1596.682982098641,-599285.3888345474,122860.3257267722,97534.96421781824,-127275.48998258876,49623.39496815,1513.1463272560316
fad1ca5a071c61a773f665a5f345a2a1172949e4835194b414ab0cf8d4fe9ffa,2.795918367346939,29344.75174628833,130218.02797532236,65.87610100599477,107291.94862106229,115.50684958326131,596.3822303695351,21416.145332956046,-45909.44817618855,-38553527.033561215,0.0397371797292888,291824.9241591951,-13371.16192831587,16619.767536969648,44545.78717026033,2.8258008024780663,0.3263889444693233,-0.0388170711603288,-0.1337678460583488,-40104.99994603328,2.465970030693861,-12.39059249831112,20.838640971743544,-114.90405934805554,-5585.015591605523,101192.5216127346,-52381.20200284958,9010.4499316275,61099.79657123207,401.8947265849844
fb0bb72a5d9e18e70b85834c2caacd4c12591e26d99225cd9c65a942a39925e0,-1.55793991416309,-60503.636792000005,-49623.16842394479,28652.8590063452,253989.26004823003,-37.96562170018621,408.063684557101,48482.84949147846,-4115.546913773257,-675121978.3791175,-0.1098035094069127,472863.6574046855,6514.5258219401285,58722.22328246615,17614.39020053528,-41.86112724541103,0.4951476607477009,0.0877510215090131,-0.1672873991309745,-12138.40014652128,-0.2066059341780605,-104.35009808709174,41.59281181853707,7765.006853145769,-273576.21620520775,90969.47696630529,-25113.091499124097,-23071.55068121652,61726.91007357295,859.2527642125804
fc057d59a3476406c8572dbab8247d7e981c1976e8403d3715979bb1c02fb846,-82.24031007751938,88261.79435698983,-94653.1111612954,-99186.98868290684,92510.0473763624,118.90479929983871,85.80049201582368,196742.672400096,-34602.123716426984,-1663209995.0484774,0.0203086873481356,28060.59639561668,-26002.64242282424,29155.600056777985,172740.37686492404,-41.20962118258879,0.3349119947318871,0.0213877939932794,0.0301055245189323,-71952.14814346429,1.1358001188440463,80.38812853303924,91.90330698027373,-210.35772581886704,94780.47429355176,97955.5236615313,-156717.09986158938,50896.851543344936,55422.99123980682,3154.1699135467625
fc15cc22098577295f29f8b259ebbe5e5420ad2a22a0961d02f945dbdba46e11,-29.654929577464788,-4826.422151806785,-191.01567521942297,-41519.94596495529,71656.0421602272,-57.81414853090635,-75.69847447227619,53254.41551489639,57360.39719047202,-29105026.159726538,-0.067477281642222,126389.85574600325,-369.3147426478158,44302.61265323239,8322.000492026724,35.481151666757135,0.4780719695715231,0.0049187367773633,0.1756672873991309,-18449.494380849625,-0.5433987070546515,45.41128366635358,26.956687729386505,287.5977053408362,-301798.6889531998,32532.839793569296,60184.57503136385,7470.188518349365,55396.549526471965,275.90390705434737
fc3e31d858257899b890c4af0cecc83739f6754e2761ca5d646d1a12380f4700,-17.623893805309734,15834.469547839606,125273.93743275138,-3308.774172449297,418936.8535598762,103.49553116830992,251.94743154467312,91866.01868802936,27241.943952366404,795095275.7482909,0.1335876431183315,827294.4491469404,-3272.4528655174763,-28767.57771904369,24578.669901402205,152.3039591251925,0.7054182670621737,0.0565665900899335,0.2780881440099317,-27178.640544843693,13.22106502402639,21.64159658528688,34.65369510195675,3849.342699061554,79653.504608453,100651.40553525231,-9504.512945758765,80782.25703243517,69061.58912198618,360.2099378828092
fd87c379a4f2dac5b411a5443e673f25ca479ba7172c5074ab008319fbf62d13,-571.5845588235294,-70817.64619777037,734784.339160392,-1130561.2538175706,389427.8556727297,4.022542113216777,8387.796671559705,659870.1015885806,53447.56938355556,-7043889712284.775,0.0239652601384162,86818639.2673022,-1240023.032540432,855227.1710415045,1862741.3138368847,69.01016055187526,0.4925352814386938,0.0378432251665713,59.41961514587213,618326.1646906943,-43.86388498954124,156.1875816286768,1319.702534200508,94230.50981356492,-736451.4150419657,1087279.6363245158,-397819.4031212895,1177258.3331770706,62325.70950783182,672729.0865777096
