id,"y__augmented_dickey_fuller__attr_""teststat""__autolag_""AIC""",y__longest_strike_below_mean,"y__agg_autocorrelation__f_agg_""mean""__maxlag_40","y__agg_autocorrelation__f_agg_""var""__maxlag_40",y__number_peaks__n_10,y__longest_strike_above_mean,"y__agg_autocorrelation__f_agg_""median""__maxlag_40","y__augmented_dickey_fuller__attr_""pvalue""__autolag_""AIC""","y__linear_trend__attr_""pvalue""",y__ar_coefficient__coeff_9__k_10,y__permutation_entropy__dimension_7__tau_1,y__partial_autocorrelation__lag_9,y__number_peaks__n_3,y__permutation_entropy__dimension_6__tau_1,y__energy_ratio_by_chunks__num_segments_10__segment_focus_5,y__number_peaks__n_50,y__last_location_of_minimum,y__number_peaks__n_5,y__permutation_entropy__dimension_5__tau_1,y__symmetry_looking__r_0.15000000000000002,y__partial_autocorrelation__lag_4,y__partial_autocorrelation__lag_7,y__symmetry_looking__r_0.1,y__permutation_entropy__dimension_4__tau_1,y__partial_autocorrelation__lag_8,y__partial_autocorrelation__lag_5,y__index_mass_quantile__q_0.1,y__index_mass_quantile__q_0.2,y__variation_coefficient,"y__fft_coefficient__attr_""imag""__coeff_13"
001b49279bcee7d125a97b05270bfef90bd1e95312b78e2db639f0a531bd3543,-6.303997083413193,14.0,0.3236519727192166,0.0734083505168509,83.0,34.0,0.3216105720894193,3.3582208563393294e-08,3.1143115332090894e-07,-0.189485569301543,6.793410261729965,-0.2229059041729559,332.0,5.921272620273136,0.0745533288995807,14.0,0.1872287662740235,143.0,4.587137105893381,1.0,0.4220188347142584,-0.1493943153610928,1.0,3.1642960858387634,0.3324392070113854,-0.101020584523145,0.1053936763794172,0.2101673899566026,0.4322623890429278,-215527.7118305673
0090326fced7728419b589c8c6c2cad5b05d75553813b47938fae26ba0b2b393,-5.954380303448363,50.0,0.1336729735548501,0.0124015916418707,74.0,73.0,0.1081802531806193,2.110189234264471e-07,0.0069465838870198,0.0578569099528468,6.214907408893892,0.0880397965391344,151.0,5.360981401256867,0.0627114063885014,12.0,0.8233106013639182,110.0,4.143543849550032,1.0,0.0498437936439047,0.0506498224620468,1.0,2.8654345719038545,-0.0109201044026299,-0.0145259076015395,0.08307501549907,0.2045877247365158,0.8679859527757317,19932.27920812167
02158978e403150c2befd8b4176c717c4230186b25f7de41a83e27a13f0dd4e4,-5.429584368840765,236.0,0.4651931043213836,0.0839407299305617,62.0,60.0,0.4562328805725054,2.934811118621963e-06,0.6024235782680938,0.038512628060394,7.139183518595047,0.0054947557763379,212.0,6.27996410764451,0.0791247504926707,12.0,0.1742095474271543,121.0,4.720727973311183,1.0,0.0309940978248703,-0.0856678232494347,0.0,3.154769808460168,-0.0234677977964422,-0.0489507649622329,0.0979541227526348,0.1977681339119653,0.1392887703805558,-147114.9876790728
04605a37a22e05096e009845434d33bfd1c42cd67f6d72601d351e470614bf5f,-4.919601373389339,92.0,0.3936912530405508,0.0301383928883137,65.0,44.0,0.3383068762340062,3.19366191711511e-05,3.27165629867731e-18,0.0331887391302249,7.027957054571422,0.0533438047794359,199.0,6.14359492115094,0.0957052445160278,12.0,0.8270303781773094,136.0,4.658413617037612,1.0,0.0482595931922298,-0.0322324733851513,1.0,3.1325848922756183,0.0124827495437461,0.1249118661638431,0.0998140111593304,0.1977681339119653,0.0384286073230729,-326966.476086186
05aed21c749138a712c901a4e7113230306b3b3e2ec055b73f6ba40e78b870ec,-6.012134298782869,76.0,0.3193217539407073,0.1201597192467626,31.0,95.0,0.2549070320733052,1.5643399965208893e-07,0.2636766094795885,0.0043330260474405,6.005268646958498,0.0445817905297496,127.0,5.268996524837555,0.0812163326564091,15.0,0.4079355238685679,60.0,4.118877508660797,1.0,-0.1919376173191048,-0.0086513526180253,1.0,2.8754145043046115,0.0101017394077344,-0.0352045825944382,0.1165530068195908,0.2064476131432114,0.6455135869267599,58823.00404758106
063ba6f3c1d425f6f5c3bde3b9ba1eba7c6d81c57fd794860338638212d30dfb,-4.557813755313353,229.0,0.2555033217128234,0.0123590041950976,70.0,28.0,0.2152322702211053,0.0001543821114731,0.4559718161410721,0.0651232646573485,6.970966984063766,0.0568756239847501,196.0,6.076413232709683,0.1017703716558112,14.0,0.3168009919404836,130.0,4.610082112669028,1.0,0.0039273810264372,-0.0571848342465853,1.0,3.1011690699905365,0.1262606728059503,0.0482368538655583,0.1010539367637941,0.1996280223186609,0.0837281041114707,1140230.9584231973
067db9e34208d72cb693c8c199dfb3fdd7a0d11e29bc6285aeb702ddea18ff7e,-6.874478697309929,120.0,0.3730313124620748,0.1012337985816091,54.0,98.0,0.3489821476844858,1.4866572077633139e-09,2.3273767402916507e-05,0.0131548806029199,6.7789824700831005,-0.0335341572158026,181.0,5.93413256515246,0.0237679762167572,16.0,0.7811531308121513,114.0,4.531816384278308,1.0,0.0526409173084752,-0.0197499266876413,1.0,3.085324319076173,-0.0483567926181429,0.0897843683310956,0.1078735275883447,0.2027278363298202,0.6007860149367599,159759.80659190242
06b3bf665f5a7f680cb80e5a64f71e0da9a19047a80f494c706d4ea5aa27a134,-3.19296167921568,362.0,0.7197647067641375,0.0165297442964769,69.0,90.0,0.7172722751007792,0.0203957167084695,1.3788570539671908e-76,0.0531122001487539,7.116889006511611,0.0178549653892992,204.0,6.235441462214513,0.0384763827562095,10.0,0.9107253564786112,135.0,4.697063099754524,1.0,0.0651999451783696,0.0610566913909862,1.0,3.1429466052999624,0.008287480763468,0.0583699364231476,0.1233725976441413,0.2461252324860508,0.4642338984863069,1577204.4600663325
076c1b2effca757264929b87ba491cfa9005a06bb7b81de4b33fd60eb0421788,-6.121687069012018,73.0,0.5017810761747498,0.0827572525835834,57.0,77.0,0.5204851013008674,8.82414615650283e-08,0.0206945771077073,-0.0097301243744386,6.655649759982055,-0.0182662740204351,174.0,5.7466155505786265,0.0184932331169129,13.0,0.0278983261004339,110.0,4.399598788310668,1.0,0.0874738615104544,-0.0247465848648531,1.0,2.994053648957644,0.0234807219984405,0.1051819191943336,0.0898946063236205,0.1742095474271543,0.8279634411356308,-154236.53147440203
08f7ff6d9380a3c0442130789c39c3006b6648ba613a3cc9f34de200ae2ee057,-2.675287488795113,494.0,0.761902982726494,0.0054459748350104,61.0,336.0,0.7499498467493981,0.0784131027891382,1.9704930531373172e-60,0.0558246833704667,7.119368552258101,0.0691872076714352,198.0,6.239855619550935,0.0765684020194163,12.0,0.9566026038437694,139.0,4.715194717782672,1.0,0.1141983606560785,-0.0615244760994238,1.0,3.16122101205078,0.0090772911390801,0.0422960669046328,0.0942343459392436,0.1853688778673279,0.1031419062107532,15703.298573778127
092a09c2b274437cacc47579598007d841832357369735c3c770b2ba6dca3454,-5.805612409752084,94.0,0.4566366490626747,0.0908785859609514,57.0,66.0,0.4564737950504791,4.524032126517336e-07,0.6544416079559263,-0.0170832102832202,6.722161099750692,0.0045301736313463,174.0,5.839524576503934,0.057478245974093,10.0,0.6044637321760694,101.0,4.456404678318091,1.0,0.1070186728619873,-0.0879840297994303,1.0,3.03360588932646,0.0119201455080907,-0.0002288286536481,0.0954742715437073,0.1884686918784873,0.3209141515973196,96606.81043353792
096d04270888c86c3698b47942b1ccd5fcede77987562931d4177f7e95160639,-5.482532116112448,217.0,0.6254668330936557,0.049200831206418,46.0,127.0,0.6556237550567334,2.26743886903796e-06,0.0226962824617318,-0.0204663957423989,7.13099668262911,-0.0256631355388882,199.0,6.226343458830254,0.0855668854995915,8.0,0.7699938003719777,126.0,4.693118043314657,1.0,0.075214162588481,-0.0087546253892312,1.0,3.140142559661109,-0.0466500474863292,-0.0443541872364737,0.0936143831370117,0.1983880967141971,0.2471124899030569,-17762.693857455688
0ae3bb3e0b0353563576befc8fd4549912995de9f069183fe0b20bce13d7cd57,-4.9611956205189935,111.0,0.3552428994070175,0.0302599251885001,76.0,66.0,0.3525804233514169,2.647121314884273e-05,0.2506482486134084,0.0131389701633731,7.019190160570492,0.0552225805112358,207.0,6.11828811037339,0.0593656179468748,15.0,0.3168009919404836,148.0,4.619742639401023,1.0,0.0059658898038017,0.0077077344031482,1.0,3.1094706920702104,0.0137263813843237,0.0947181818875143,0.0657160570365778,0.1593304401735895,0.6736909735351113,1086227.5658243129
0b104201b2555d9eea01adaf120f401db50cdc0df2bc3457fcbce2a7d9948e28,-6.622405349439916,80.0,0.3681316374381837,0.1319174617492044,40.0,87.0,0.3371833877277088,5.991226813542143e-09,0.4944616210862739,-0.0792071994437824,6.221952283856625,-0.0845124238935458,114.0,5.45923520398564,0.0646147412986751,15.0,0.9931804091754496,66.0,4.263255493960336,1.0,-0.1035095843813964,-0.0497246071158168,1.0,2.9607183636411696,-0.0760747967137866,-0.0767667505092806,0.1115933044017359,0.2070675759454432,0.7242966875221911,22254.43598912035
0b457d358285ce6a2337cf4c69d227e8c1e0d6925782c0dc1d876fdef7bf1e06,-1.9204865148933388,17.0,0.3519689231997243,0.0073360909521197,86.0,38.0,0.3277609630020437,0.3224858247410904,3.8182738020327463e-34,0.0238026276395069,7.154288498279538,0.025207485858709,240.0,6.31004840517529,0.0753054181106921,14.0,0.5579665220086795,155.0,4.735804764399389,1.0,0.15769769563688,0.0664731517212816,1.0,3.164873330816633,0.037162746813125,0.17300694877335,0.0979541227526348,0.1797892126472411,0.2143472808415022,-17102.01150542338
0b659d324c401313e25e29ab2d218d2968a1da941b27e0738faa099d9c9ea2a4,-7.827066167304676,17.0,0.0044022425209272,0.0229379340025698,75.0,17.0,-0.0022247271944416,6.439326260447281e-12,0.6853773131085787,-0.1397131186199935,5.386430040089303,-0.1352393374972525,264.0,4.483116326121289,0.0905353189552176,10.0,0.2951022938623683,237.0,3.6321002740947272,1.0,-0.1005227559172148,-0.0725337149086391,1.0,2.630711370472356,-0.1817942979117095,0.1260485793600127,0.1029138251704897,0.199008059516429,0.4730662251304102,16656.747348867008
0c0c478de9a3c2ff59c9ca2cbe986e4965824ecfaee1d73b975b8d857ec0674a,-5.595640580989198,48.0,0.3231206091884446,0.0343418270613362,62.0,79.0,0.2562235371645822,1.2989669283164215e-06,0.5970474903182255,-0.0048424937040745,7.120627899554938,0.0024830252256646,190.0,6.271207772185621,0.0396667145252606,15.0,0.0092994420334779,120.0,4.722936846369901,1.0,0.1241926538182052,-0.0075367611524489,1.0,3.1619753650985905,0.0608567819911468,0.0916708572661384,0.0886546807191568,0.1859888406695598,0.5188998171620915,-8748.267600934556
0ce67779eaa33056a996ccdeabeb3c04e48d41388d5fa734c30f505d7583b559,-6.798098921446621,112.0,0.4976550537807943,0.1111422010032853,42.0,68.0,0.5328426125910721,2.273563580296201e-09,0.7537471779772482,0.1378416686340036,6.575909594765127,0.0130852215793974,146.0,5.707079687773756,0.0702014336122396,11.0,0.013639181649101,88.0,4.3866161188700845,1.0,-0.0470626592878462,-0.1530100584995954,1.0,3.01122352703557,-0.0448225454597702,0.0113065436681474,0.1035337879727216,0.2058276503409795,0.3336199820397523,-235286.8746245408
0ddb434d18f5ca44cbdb353ba0ae6d9d34a2485a53f5b4efafee103d52cf842c,-4.091906779021521,205.0,0.5444887813322163,0.0293831000282781,66.0,75.0,0.5205414449007871,0.0009987917274988,1.1403559847312555e-11,-0.0171219872345996,7.098120755210412,0.0049688999800275,202.0,6.231626194063948,0.0393601680325438,10.0,0.3577185368877867,117.0,4.692264142621356,1.0,0.1497132433660477,0.0524088138939183,1.0,3.1472824971810813,-0.0314525611691245,0.0557902433646164,0.0954742715437073,0.1965282083075015,0.329065326489035,118154.05873240352
101e17ae7801e4acefab9ca1d685221eeda35fd6edd3ee644028cfac0534d31e,-4.4712652309758285,298.0,0.6332081668880388,0.0545962563208702,47.0,89.0,0.6369346806919558,0.0002215341854722,5.097930668187464e-64,0.0657325543869398,6.79532645260112,-0.0269020124707442,173.0,5.939172275346566,0.0269077963201307,11.0,0.8977061376317421,113.0,4.547913433545728,1.0,-0.0441378430456821,-0.1650137862102901,0.0,3.0897902245971243,-0.0785852644356681,0.0087895623735924,0.0818350898946063,0.1667699938003719,0.5688178251528193,359258.8379524621
12c1683495eee1b714c9b0a145630b2e10ef92ec97be67cb46bf6ba23b83cd78,-6.103111518093214,113.0,0.5152719646762668,0.0982403454436517,34.0,85.0,0.551712364163692,9.7279846658899e-08,0.0050541022601462,-0.1036830527601079,6.662939192834132,-0.1266956153606504,142.0,5.824908941027815,0.1386046156291178,11.0,0.7526348419094855,67.0,4.500727887714232,1.0,0.0977247520353724,-0.0802285153159057,1.0,3.07363177795616,0.0003826471464076,-0.0214618552553049,0.1146931184128952,0.2132672039677619,0.3950376394702862,390011.6177606235
12cc7df2e6aca1aa0270dab5fe9f47843c2d4c005e4f582459dfeca022fb05ac,-2.3426037055174214,411.0,0.7333259593295722,0.0029904130160576,57.0,120.0,0.7275992257754653,0.1585952178680717,1.6120886522461167e-126,0.0633168233284992,7.103954832015424,0.0596026294458075,208.0,6.244261574467608,0.0688263141881566,12.0,0.0204587724736515,132.0,4.70617482695708,1.0,0.1303445638809234,0.1390151941634956,1.0,3.155855178341154,0.0380441181054036,0.1733478959744981,0.3279603223806571,0.3930564166150031,0.7339710440150075,-9346.347873722028
1300914ae3947528640096f863cfa01e924adb659f39282826742dc8ba0f81f4,1.04305494430004,154.0,0.5153800569522285,0.052163707690983,37.0,93.0,0.4267667521765527,0.994700081659795,2.6632257344439506e-42,-0.0551756315494418,7.009511588250573,-0.0455528355960093,175.0,6.159663124618906,0.0625579969144357,15.0,0.1264724116553006,103.0,4.674540946375652,1.0,-0.1087349531409771,-0.1028186787378459,1.0,3.1434598542464194,-0.0567302707544643,-0.0925540461449024,0.1407315561066336,0.2541847489150651,0.9415273272573096,109766.46114999776
14c9c5e9966a677d7787923e4a3c8e208ca58d29aeea4cd85d587fd3aecba620,-6.415554550164451,97.0,0.4422193104378001,0.1107829552929766,55.0,100.0,0.4644474100511077,1.8451035791392536e-08,0.0315508645070937,-0.0189997202332832,6.837592857559836,-0.0570266247822604,169.0,5.986555508442184,0.108978148800732,9.0,0.7867327960322381,101.0,4.572429738074953,1.0,0.0663360321252954,-0.0001980180231319,1.0,3.0991916201934666,-0.0445740030886521,0.004546901275363,0.0954742715437073,0.1934283942963422,0.3197416961710657,70416.2217553514
14e788b536994a9402114f567a872f866c9b359446f28a63a18f4b3aaf801d12,-4.8042599246568125,142.0,0.4843891716835223,0.0338738576865977,52.0,86.0,0.4572924983236051,5.337457642756581e-05,2.4509436763928555e-19,-0.0094141169700519,6.84992407676497,-0.0107690395395015,180.0,5.980829776626677,0.0025792633630785,12.0,0.2430254184748914,110.0,4.556985323210268,1.0,0.1236435639766718,0.0620562167247023,1.0,3.087251336006527,0.0116220358990943,0.0814151872291888,0.1704897706137631,0.34221946683199,1.2913457590101378,-393007.12827970274
14f72e22ca86f3e9ec2a842a0dfa3a9d1b931a9e6bf5af3bd26a0dcda3f93073,-6.871149679782016,76.0,0.4884648174463592,0.1379907705753177,30.0,87.0,0.5189288825861547,1.5145056912311212e-09,0.8243450651350485,0.0185945981349829,5.789674545739255,0.0142663046546451,99.0,5.102944158937456,0.0689120267006169,11.0,0.6026038437693738,53.0,4.035966217623824,1.0,-0.3897768984903883,-0.2766781268070951,1.0,2.8376843290245715,-0.094058955029999,-0.2697103986711975,0.0917544947303161,0.1890886546807191,0.6256197644679449,90715.48692794974
1574c6fb6f73c91b31ea7a1aec4c85fa9c937c84c6b3fd517b42ace2442005fb,-2.684847444425416,126.0,0.364803243805596,0.0112478143815747,76.0,36.0,0.3566739210646108,0.0766972257471879,2.1647817595391186e-18,-0.0196248471883353,6.944759571784976,0.012704385881287,206.0,6.064002991086059,0.0064714891055348,11.0,0.7495350278983262,146.0,4.610606892375173,1.0,0.2130842085570549,-0.0755676899303015,1.0,3.1035876218313616,-0.0610878901901447,0.2646647895100762,0.124612523248605,0.2244265344079355,0.8723550820032226,-49449.04927851509
162316c29e309f265676784f693e99bc34b101b279fb14bbd1211d98ce8332ab,-9.90307651496131,137.0,0.0275183385702736,0.0165938565376262,65.0,17.0,-0.0055532910287619,3.318029651462828e-17,3.465776176382746e-05,0.0107394880205161,6.915226373689793,0.0163454674539695,191.0,6.026434547556165,0.0271125126890062,16.0,0.999380037197768,139.0,4.618974380699292,1.0,-0.3115274235983576,-0.0323731402200521,1.0,3.1335060444629605,0.0411722454514725,0.0468362849373021,0.1345319280843149,0.2969621822690638,3.555217547440544,954908.8025573612
16a424c485ab1c8f57d17b2e5b2a63ef8e9f3b3b58feb2b193fd39d085c0c7b8,-3.070942135292752,296.0,0.6082462107954186,0.0102489943420379,63.0,93.0,0.5788908415573785,0.0287796808974912,3.4514654837886e-19,0.1921940230900149,7.020080142716866,0.1578822580729388,187.0,6.08369629153329,0.0387419547222626,11.0,0.9789212647241166,133.0,4.621564456017612,1.0,-0.1823531116717278,-0.1289728787898298,1.0,3.1258146032236347,0.0093073193352726,0.105765862040557,0.0880347179169249,0.1655300681959082,0.2555941095248297,-12199.717549409965
1992918c23cc92244ef4a1efabbf23ab28abe05bf37658eec9af9232d78e0939,-5.288563637770337,18.0,0.2186199056834377,0.0137920010496579,70.0,253.0,0.1728696085761856,5.782372012162134e-06,7.214117813947665e-12,0.0543690239063793,7.033401659720439,0.0480017520715039,195.0,6.124931320461941,0.104993548424893,13.0,0.0681959082455052,130.0,4.62764631436241,1.0,0.0207812860688553,0.0537313915364179,1.0,3.1082790309004125,0.0269088698445601,0.0577257742720438,0.1035337879727216,0.2076875387476751,0.1715193099826984,-836988.6018794231
1be9ec5d983809dab634df4f7a32cadbd5c48bab1c2c9026474286924b6eac7c,-6.5422292227867,143.0,0.2999888986956044,0.0590218520352608,60.0,59.0,0.2589836927722943,9.285164261919617e-09,0.0004236038926775,0.0878547969112527,7.025849169878194,0.0348033994336383,242.0,6.157672890851403,0.0039992345855727,15.0,0.2430254184748914,133.0,4.637963779299787,1.0,0.1472034953435223,0.0629455642955465,1.0,3.105976753856678,0.0620501174949328,0.0320324049447504,0.0192188468691878,0.0818350898946063,1.5255991771794255,-408362.5830545285
1d79613f87ed0d23c3e6f028df721b9d3bf4d322bfb3cf8bdc831fad4231f726,-7.361643304702446,75.0,0.4416340925766272,0.147556647856627,20.0,86.0,0.467417615507793,9.466328346094044e-11,0.0155958344142839,0.1198790061754236,5.4896535435993865,-0.0504730481856237,84.0,4.765846473430248,0.1067806719813258,11.0,0.8115313081215128,52.0,3.779587348253359,1.0,-0.1039426602262876,0.040228320197094,1.0,2.7002699017828737,-0.0806255962465778,-0.0323104602041662,0.1140731556106633,0.2120272783632982,0.4819698109158514,-45129.80851997327
1e2bbb46bb4dada3d75792659a8b8b5807d16e89ffeb64bef7911e54e3f5a45c,-5.479582290567884,377.0,0.5287477391041444,0.1032082438128904,47.0,66.0,0.5511020094133889,2.300373594991193e-06,0.4259607182707017,-0.0196334275160048,6.8257714925625255,-0.1162251378340736,184.0,5.983054576020416,0.0001963986102404,12.0,0.6435213887166771,101.0,4.573412914552236,0.0,-0.0410777265469214,-0.0650060808166107,0.0,3.0991036641863285,-0.1163746403623397,-0.1212045835061963,0.1370117792932424,0.171109733415995,1.2864036447599363,-2786640.6484062206
1e96dba25531d7884b3c21f04badfdd784f86b943fe92058211f18ed087bf15b,-6.403759041386724,142.0,0.537762422867877,0.0945057707124789,41.0,65.0,0.5798378437527172,1.9662402299475907e-08,0.7423387056103574,0.119122258947711,6.541208954965279,-0.0390128131840821,165.0,5.545337077632512,0.0083672540479647,12.0,0.6478611283323001,112.0,4.30236665791344,1.0,-0.1497815193059725,-0.342046567710325,0.0,3.013337219486126,-0.1089705462484338,0.1291400988188183,0.0867947923124612,0.1735895846249225,0.9585587413069562,-1582704.3003244037
1efbfbbe9fc83517f39da4b1219a6429f92282b095214efcbf89ddbfc781ab61,-4.501966158781884,271.0,0.5800974678908906,0.0597485349759706,49.0,65.0,0.5821533432797332,0.0001950375674226,0.4889900536153626,-0.0247600974942895,6.889233261315722,-0.0386845689143623,173.0,6.017634551881198,0.0012321841687367,12.0,0.5716057036577805,105.0,4.584160837507553,1.0,0.0613310228064577,-0.0793502729448247,0.0,3.0993762679502392,-0.0404673668127386,-0.0267436143575977,0.0849349039057656,0.1686298822070675,0.7987987074832187,-898063.9762361605
1f99061074ba1ca04b763dd578b73696e2639df5a9c0a8af8af39e9ff7f72969,-5.340124351908474,137.0,0.631177068768242,0.0463881894784114,45.0,94.0,0.6551472487560085,4.519459898379021e-06,1.9430526960821862e-49,-0.0974480704120227,6.368363776469423,-0.1320407298319235,151.0,5.580153893355751,0.0572288247261258,12.0,0.1146931184128952,97.0,4.334553710065862,1.0,0.0823421937903152,-0.1587202808221808,1.0,2.9953371439982024,-0.1093904937887925,0.163771275004616,0.2386856788592684,0.3149411035337879,0.6885079320501168,-223023.3369102648
1fa06535203693698b96c9d65f3529e724f80a80af2e779880fe15cf9739fad7,-1.1704078602714725,480.0,0.933533132027798,0.0009107582358113,55.0,362.0,0.9346714173614512,0.6861942432216022,8.072682395306999e-269,0.0884395933792637,6.866595672060035,0.0941686378114169,167.0,5.931749694949473,0.0229996036717368,8.0,0.0210787352758834,105.0,4.514647320521513,1.0,0.0674889545585645,-0.0303514849713829,1.0,3.061892907003157,-0.027513734470368,0.1357165517429671,0.2052076875387476,0.2876627402355858,0.6128522970670033,286067.6717540866
1ff834f847c59a8e7b85b171d5e4f32f8ba92c474ded47c7963dbc87633d2696,-8.048718977640744,4.0,-0.0122240047307792,0.4771424590676337,78.0,2.0,-0.4897216646055508,1.7656116612592793e-12,0.9508217678103488,0.1891153186711207,4.606683653576159,0.185805771535004,186.0,3.67351225994066,0.0979827718950827,17.0,0.9969001859888408,170.0,2.994003437267529,0.0,-0.2472634776414513,-0.1142537318269839,0.0,2.2759951496040736,-0.1211272924839958,-0.1078934366561248,0.0998140111593304,0.1996280223186609,0.6275983193409578,-6886.513902804336
207ae79917686557ee67bd32848b1907a6008b0b3127dc6d25decfea11234122,-7.268921910868916,79.0,0.2733655948617104,0.0173115111520262,56.0,145.0,0.2384726747775991,1.6074699004937508e-10,1.7880036047114118e-06,-0.0060685659199948,7.071222251934774,0.0059046795885241,191.0,6.171916281618396,0.0976924926563222,11.0,0.6769993800371978,119.0,4.672116865312696,1.0,0.1827024950101455,-0.0192415961263781,1.0,3.1388316192809995,0.0653240779826915,0.0193148867617797,0.0998140111593304,0.2014879107253565,0.1316292779626991,-25544.773126327946
21865009813b345d2307c8b83e97a65e2be00b5f03bdb89267c3eb49137fa657,-7.257607814400771,84.0,0.5099082625200317,0.1042183909062331,44.0,92.0,0.5572352817153221,1.7144898955180683e-10,0.7667660682541388,0.1288988839995118,6.92609871407398,0.0435989202283934,183.0,5.977606325893127,0.0546019557280726,10.0,0.30564166150031,119.0,4.579226294389746,1.0,-0.099592214783219,-0.1991552937775607,1.0,3.123167230267114,-0.1317525852303452,0.0384876980282908,0.0985740855548667,0.199008059516429,0.3098591553311364,15750.421063909116
21d5bee5fccb8038fb0979891f38c1de025fd9516386a1b67e155d9656975a58,-3.784507830149072,92.0,0.6001113289877379,0.0264646543854955,42.0,112.0,0.6186386942614633,0.003069857332577,3.4701424600728244e-06,-0.0134593696814587,7.063933060579152,-0.0331378812075038,182.0,6.175172454318801,0.2185346890930323,11.0,0.2293862368257904,119.0,4.692607044380107,1.0,-0.0623926921507099,0.1175992198010634,1.0,3.163257487843285,0.0181050108855741,0.2901981582494761,0.0874147551146931,0.1915685058896466,0.5079234492735636,-339116.96619930584
21ff6e8e8a5b0826595cb56d4fd871817c2c741e61e3490fb7fb5e58a010e024,-4.406436165090226,353.0,0.6561372372914109,0.0433650128531371,37.0,81.0,0.6674666005619663,0.0002891435300172,0.5339951323133493,0.0843791829097362,6.722684337039732,0.0264961316242209,143.0,5.856575746015864,0.0347433526211397,11.0,0.5585864848109113,83.0,4.499816595716924,1.0,0.0171379504526744,0.0153304717227245,1.0,3.069953772445733,0.0031687230811274,0.0136604266042812,0.0991940483570985,0.1946683199008059,0.3217979466766529,-10426.004529209658
22072b261570f0452b5c8ae0cbe6e52c38ec68f19f1276535d87d02d7e085275,4.057094501679946,1090.0,0.9689535296014484,0.0002755210397508,54.0,523.0,0.9687609882719664,1.0,0.0,0.1125062269205347,6.827258013776451,0.0253972232030982,170.0,5.908231319707704,0.0082623218626444,9.0,0.0483570985740855,112.0,4.527163548702398,0.0,0.020023273395897,-0.0195179271505438,0.0,3.0691246217027124,0.0036879003869233,0.0068563197969271,0.5406075635461872,0.6912585244885306,1.137423449370402,261334.32192713724
220f888bc0ebd03b27e0ec5d50a7352fb0828b6e23b5d1756c824d54f8bde48c,-6.451168141368171,92.0,0.4598596538929714,0.1009332628281742,49.0,101.0,0.4637730969982226,1.5222281588865715e-08,0.0028838381985755,-0.0864885720624939,6.773379240281949,-0.0397392483704616,145.0,5.914670488063635,0.0675673421431249,11.0,0.5486670799752015,87.0,4.52907271394478,1.0,-0.1816011107891471,0.0443671888369953,1.0,3.0926581455604114,-0.0315062153743919,0.1977522821476518,0.0985740855548667,0.1996280223186609,0.2309422482655944,-128356.96916652162
27763eabf1b5cab44553608e2ca069fb13e7faddcd26687d7f42498b87462a60,-5.18192802966165,136.0,0.3745640224500357,0.0492766980888421,52.0,65.0,0.3701158600308556,9.57055683316839e-06,0.0024449865534368,-0.0569615946399156,6.903266273325314,-0.0715563342192788,182.0,5.951983559624493,0.0040131952233261,15.0,0.5703657780533168,132.0,4.572756628932272,1.0,0.1009672814238322,-0.101924759413068,1.0,3.12886080329295,-0.049669469042228,0.0883989539912987,0.0632362058276503,0.1494110353378797,1.1753297576123507,-26733.59962774499
27a0b3632f96c9643ab77a9ebc11cd72ba689d904df1ce9520922061e45798bb,-4.33415238549297,82.0,0.4888002394108717,0.0279606457693341,62.0,177.0,0.4357375408397304,0.0003874587004305,0.3815613800227434,-0.0665370979261148,7.091362823837223,-0.0073824736497777,201.0,6.205406510470237,0.0810637610960763,11.0,0.022938623682579,124.0,4.687069991095903,1.0,0.0836917049245309,-0.0174164350837683,1.0,3.1452739524991573,0.0437331810430811,0.0734327291871236,0.1568505889646621,0.25914445133292,0.7338996143396851,-133603.9485756609
27c000dd3eab4db1f0ea62eea0f8d062dddfd3c2adafee702320432d613afb95,-6.805605965217244,98.0,0.3069407116408366,0.1140136055446113,26.0,80.0,0.2082048922965145,2.180791685985389e-09,0.6528373996738228,-0.093736757154318,5.2547186097214045,-0.0396286562111253,69.0,4.601944067383708,0.0313897295301756,18.0,0.7148171109733417,38.0,3.659632132771077,1.0,-0.0983705002525329,-0.0910550606891378,1.0,2.619867401919262,-0.0448968779751747,-0.1759367787005097,0.110973341599504,0.2002479851208927,0.8803032126544259,432544.1619949336
295ed129ebf7fab6ade6ae2c4bf15a91d84d607553e21950bf5b7b4a47411a48,-4.87730064281145,81.0,0.3782544779988869,0.0527594896847096,63.0,49.0,0.3701510092787015,3.86015693290468e-05,2.556586388267677e-16,0.0133894179899671,7.007563142549089,0.0191301192869365,198.0,6.064968280250772,0.1036897015540111,14.0,0.8735275883446993,129.0,4.593304683448322,1.0,0.1002710982584635,0.0015145531270457,1.0,3.093171493797268,0.0016454208744203,0.0665766908902175,0.0973341599504029,0.1946683199008059,0.1869461545676501,-156203.53989095773
299875d577dd3e0adba6d0f060f9b246c30a0415c5d8d8232ab03c3d7ba7d6d7,-4.584502714952272,94.0,0.4883646046850442,0.0711683527610854,38.0,84.0,0.5028394414046917,0.0001379372233371,5.1061548247810125e-14,0.0670849985770056,6.698343096554914,0.0083625101810525,150.0,5.874773034175522,0.0955170939417304,12.0,0.0080595164290142,89.0,4.5410143216653385,1.0,0.1679406347610667,-0.0372272604427612,1.0,3.0881423592114468,-0.0103278643089063,-0.0535608659852077,0.1376317420954742,0.2293862368257904,0.2662221479547245,151629.34597647193
2a0a3ada7306b39b8f08edf97035e5566d0a1b5cc7b56ebfeba200772533e63a,-6.323584442635016,89.0,0.3588161863787534,0.0425044532246518,58.0,59.0,0.3334701734306153,3.0242766498247444e-08,7.267285696153612e-11,0.0322615271668806,6.847384986974509,0.0306702196755863,170.0,5.933373353608936,0.0960290334759086,11.0,0.4184748915065096,108.0,4.527576888064436,1.0,0.0361405518743916,0.0466544087484282,1.0,3.082219407154524,0.062862377983443,0.0317042764326346,0.1103533787972721,0.2120272783632982,0.1291010675961955,72542.46483523992
2aec780b74edb50d77742f296089f7066ab78085a9414a96c53ca61513deda48,-9.014840590463391,64.0,0.4709600684567497,0.152015112166232,22.0,91.0,0.5100226005707571,5.989265022897578e-15,0.0610910786153492,-0.0403818546353081,5.23840972592323,-0.08791830959817,94.0,4.659025762946028,0.0871371345091255,11.0,0.5455672659640421,48.0,3.7130137678556734,1.0,-0.2677563047016218,-0.1728078188315398,0.0,2.645725241655927,-0.1535801050547927,-0.2025659741333826,0.0787352758834469,0.184748915065096,0.5997064735008201,260744.40241326296
2c5d363481a100391a50d5397fece786de8d4b86fc02c8880a78bcfa7b297139,-5.449415293468204,77.0,0.4042475700035368,0.0995663218470303,46.0,71.0,0.3760254207967378,2.665060636320972e-06,0.0133596942972666,0.0547690437132319,6.429002568905979,0.0063236151208551,153.0,5.500816388187699,0.1190014602815765,10.0,0.9838809671419716,93.0,4.228856600544411,1.0,-0.0529257437719749,-0.0027407417461033,1.0,2.904224427933971,-0.037604578075653,0.0388555049732433,0.1060136391816491,0.2027278363298202,0.4669529055421415,258636.46637972488
2cb14b99533f24a78aa3bbf7bbdc07c96f8ff8ddb5a41890df9309a636ca4543,-2.909100842008377,64.0,0.6024027319301233,0.0064810890976272,59.0,163.0,0.5916541802288441,0.0442998826848054,4.731474035264316e-128,-0.0011713512072233,7.099695749706012,0.0045993656957428,253.0,6.272226322388761,0.0562916593296783,13.0,0.6435213887166771,173.0,4.726670359006595,1.0,0.2106119157501164,0.0064255934178279,1.0,3.1633510728375542,-0.0399087288035209,0.2194556889495867,0.1370117792932424,0.2678239305641661,0.5089405080094227,-53884.06102968216
2d62508ff7d0bf74df4f629fa487b14c932185b57628c70aef7003f521083d71,-6.274180789008037,114.0,0.2734823710576022,0.1440041321946872,34.0,68.0,0.1366075255846986,3.937334632290463e-08,0.7098531779485037,-0.0207912212781386,5.689592716930644,0.0462853925530111,117.0,4.88472143936956,0.2086023476164643,11.0,0.8183508989460633,70.0,3.818858089618079,1.0,-0.2109109654764275,0.0272533537388981,1.0,2.682384415913404,0.0050301043561956,-0.1492764942034993,0.0843149411035337,0.2275263484190948,1.159828864086062,-349.298667417912
2eee351adf2d6799c0cbdda01d8155cd1c2031c9f72736a0ca60a68f0432169b,-4.787348728085734,354.0,0.6511797873056367,0.0478526280709227,33.0,82.0,0.6731623040293686,5.749906718168817e-05,0.1158489233095322,-0.0053272717050539,6.793837459298483,-0.0187921000679366,162.0,5.921745193354011,0.0279340984435316,11.0,0.5585864848109113,88.0,4.527315623050364,1.0,0.044933534714656,-0.039795112793084,1.0,3.0773315159206804,-0.0379943356442404,-0.0094079284179102,0.101673899566026,0.1903285802851829,0.3780756553384503,-49331.85064751562
2f909549ce4a98a3d522be348f8a3105f09de426b09e579d1fc392341fbb0096,-7.80700775299516,57.0,0.0916963032974609,0.0112254182135531,69.0,17.0,0.0704887369310483,7.236548182116254e-12,0.4861199557732002,-0.0412477684433439,7.108844334330531,-0.0274730306026096,209.0,6.229747600533587,0.1192805736640642,13.0,0.7154370737755735,141.0,4.700539263670683,1.0,0.057717896097354,-0.0299474809909648,1.0,3.152441001535638,-0.0158656667959112,0.0542821308792412,0.1115933044017359,0.2436453812771233,0.6918126128533144,12675.898737112391
30063190a305b790b4b53a0fdc29cac4ddb092216510c3b27dba97a952b5d86e,-4.1255260551004245,93.0,0.5676250197092172,0.0127577223026621,67.0,138.0,0.5720076487432801,0.0008785914479981,0.0065865293200456,0.0527302289852574,7.056431735895853,0.051787523945759,198.0,6.129137813730102,0.1716130334107208,14.0,0.3527588344699318,127.0,4.634748464465341,1.0,0.1077606511772955,0.062306633606213,1.0,3.115999060911992,0.0610875871767831,0.130770908519965,0.1184128952262864,0.2027278363298202,0.4162717431890052,42217.13947150542
302d008d9ce2416f673edbf4947568af7ad0bda43625e60b9495a8cd3837c14d,-9.716089706308114,71.0,0.4953885071826699,0.1240635705599757,40.0,87.0,0.5528891601467192,9.821368905957816e-17,0.7987247051170803,-0.0749616871632252,6.979733301110934,-0.1089584370955087,178.0,6.134987964762052,0.0754635850258899,12.0,0.9249845009299442,89.0,4.664848622962702,1.0,0.0774723368212113,-0.0271485028601843,1.0,3.136859109098462,-0.0681885498784295,0.0064011933249813,0.0973341599504029,0.1915685058896466,0.4467999600387647,-410943.4377136032
306c96c8ea7d437236f72728dcee304f516d274bf058a27edcb38a9e6fa0f385,-7.234632207426729,69.0,0.452913860503382,0.1077221596309886,44.0,78.0,0.5060411085180736,1.95403102611617e-10,0.1570989480686243,0.0393972320510443,7.0742930688397765,0.0121883754933669,186.0,6.2175146752579336,0.0904820348843395,12.0,0.6540607563546188,118.0,4.694659261852645,1.0,0.0544264776599195,0.0046965166767554,1.0,3.152918759566897,0.0028091202953885,0.06274046788506,0.0979541227526348,0.1915685058896466,0.388497245588194,-108340.0402375034
308ecb6c8592f6f839007d57f001ad18314f443fc8df3f0a36727b6f891b3e1c,-1.483346800078085,1088.0,0.9648588101464132,0.0004050632732612,64.0,525.0,0.9649084367837468,0.541732766570122,0.0,0.0245479970317273,7.097883096544652,0.0067245557417919,195.0,6.204814213082238,0.0025066375523609,10.0,0.977061376317421,136.0,4.678606708676849,0.0,0.0030944406032171,-0.0397524381507945,0.0,3.1433041655206777,0.0095748381901288,-0.0097561952495556,0.0384376937383756,0.0793552386856788,1.1097752599008377,-1643889.9880876655
31778f4c7f71ba17a77ed68bd5d18380db8d3cf8a4ac73698d6716080eae6486,-6.275049557184985,65.0,0.2624562572341412,0.0529827279197601,57.0,107.0,0.2183978014977757,3.9191483648044985e-08,0.01660250897317,0.0293018652776583,6.949869659906063,0.0437989549896506,213.0,6.009419111755648,0.0319034685077578,13.0,0.5635461872287663,139.0,4.56057823787988,1.0,0.1214224062295269,-0.0049776923363543,1.0,3.078619837610929,0.0430397043073705,0.1365425973753035,0.0948543087414755,0.1611903285802851,0.946306625756098,-8961937.464002483
31da4e14a970738b8486568fb71f8e9350ed865520f4891fdf611c565193a5ae,-5.399367255024473,47.0,0.3473973121686141,0.0646366356549026,67.0,68.0,0.3700516576161742,3.3975844255317847e-06,0.6737872661037121,-0.0229150497697196,6.101008638522359,-0.0229010485729362,168.0,5.372263184532979,0.0298429016838202,20.0,1.0,100.0,4.144875158658395,1.0,0.1461325975148454,0.0649391005211194,1.0,2.838454107219701,0.0154024520621612,0.1216391070078657,0.0855548667079975,0.1760694358338499,1.1872950164705816,-311780.69804558053
31e775b344f22a9b73fbddc25ba8b6930721d9710ac35bb337f3d32cd5cf9fa9,-5.272006915083994,114.0,0.4933317817802887,0.0776330298954198,49.0,89.0,0.4910196366732736,6.256125970675419e-06,6.712120010077167e-05,-0.0393815419383127,6.869328211607303,-0.069108687790774,159.0,6.003398230424127,0.1313081420942141,11.0,0.3279603223806572,96.0,4.586963225312482,1.0,0.0753970759135574,-0.0598308763525993,1.0,3.1034068810566,-0.036210178787,0.0143865442149095,0.0991940483570985,0.2052076875387476,0.7125183694643553,-10339.03204122033
32716dda51c8da83a50988d9c29cce9d52bbfc5b420b501790431ec691ccd5c4,-8.127184017183295,56.0,0.0341866919256106,0.0332391175613723,54.0,13.0,-0.0248319771800937,1.1150141318371188e-12,0.0051317212987842,-0.0502403278527043,6.413861122354137,0.073868117690542,186.0,5.475920922069303,0.1208476323770029,20.0,0.6546807191568507,106.0,4.216555724547429,1.0,0.079134980829496,-0.3565459806647769,1.0,2.9033186781274947,0.0882904190450679,0.0511585024283086,0.1122132672039677,0.1841289522628642,1.5247625983755873,-73018.83871578358
34e59d31d5a406d0f1f6e9803c1e4a34d8956e4607117b0bd951af973ab78938,-6.796024256706027,89.0,0.4447800406362976,0.1111552704986205,46.0,84.0,0.4527815772476893,2.299882930307264e-09,0.0525321004697915,-0.1305490625804208,6.769823945566326,-0.0380645557757711,159.0,5.949411854045358,0.0737700810053847,11.0,0.5486670799752015,80.0,4.563167566387568,1.0,-0.3315082640182715,0.0419382675139348,1.0,3.132960292707646,-0.0389108330794767,0.3309620047946796,0.0991940483570985,0.2002479851208927,0.238050863812262,29929.543023769933
35305fc21214abffcbcaf6511395b2b44b3ec4c1b480a774de92d514bfe0dc23,-6.59891482659198,80.0,0.3684934168459988,0.1318584896253497,39.0,87.0,0.3375783441756436,6.813675329103185e-09,0.5107212761932686,-0.0854946343045184,6.234381220360808,-0.0891446879630426,112.0,5.466108078327645,0.0651214710975765,15.0,0.9931804091754496,66.0,4.271327118482676,1.0,-0.1049569933058499,-0.057272070236889,1.0,2.963211864479427,-0.0730767557925791,-0.0821277170994942,0.1122132672039677,0.2070675759454432,0.7241844181466458,22080.21900852693
35b6299db435c4c0a8e721f224cf3d4d42bf0d39f5d0d5c5724453d95b96350c,-7.484825271923956,99.0,0.4689383958612788,0.0975356031842544,35.0,63.0,0.4997672014966654,4.6688918238628855e-11,0.0084922099937813,-0.0479275447986721,6.972876430142005,-0.0546234969051138,190.0,6.133209769078328,0.0642252456252731,10.0,0.0061996280223186,93.0,4.665207195655621,1.0,0.0891053860947692,-0.0581755201880036,1.0,3.138620590047989,-0.0736065186864076,-0.0520782424173875,0.0396776193428394,0.1748295102293862,0.7648127360347522,-891836.8839721387
35bd9d007b0af26144646d11c79fb6ec260d2c92b698c050efbaf9d1d702ca3b,-5.675047433731901,78.0,0.4256963436901375,0.1142866929776456,28.0,71.0,0.3662005103410343,8.743827569125394e-07,0.1057517649758547,0.0980283386496441,5.250994810167623,0.1468166250366571,61.0,4.61999093755265,0.101182342417814,10.0,0.9324240545567266,37.0,3.753484282064086,1.0,-0.5201277545471359,-0.2909868489981443,1.0,2.739675634427252,-0.0629145056332439,-0.1100243677286006,0.0948543087414755,0.2399256044637321,1.0380820765214054,-85957.2252777262
37992ab8bd5e40b56f89cdbb52c8e0d0df6cea661ab479f4bc32162b5523e91a,-2.2789679712834614,50.0,0.2425011029900182,0.0326015991605036,85.0,9.0,0.2068482331912455,0.1788409608467229,2.867540869392459e-18,-0.0810202806345588,7.006462824044425,-0.0762231695569,261.0,6.135883082022176,0.1429001271340784,15.0,0.9175449473031618,211.0,4.639945845535997,1.0,0.2074732321912615,0.0555134241901988,1.0,3.126040651052347,-0.0734196324348341,0.0959131831739393,0.08307501549907,0.2132672039677619,0.560422256913689,-62688.9274437998
3a0bbd16a261221deefbb106e9b97094c5e800cc1b24158d1b1d4d31fc63966a,-4.209060403885653,211.0,0.5503491554721058,0.0893931153596191,26.0,98.0,0.5398063585429462,0.0006360137852989,1.1243145211440045e-71,-0.0031500644307418,4.930040851834592,-0.0491105937499154,84.0,4.273495311375866,0.0245947033607987,11.0,0.9640421574705518,52.0,3.4025006393888173,1.0,-0.1783168307402963,-0.0374048440215514,1.0,2.439010423332916,-0.0749658510819708,-0.0787094735861232,0.0836949783013019,0.1611903285802851,0.725389816189002,-274371.5913764804
3aef38a091acd5c4d3b2209f135626aaa01e75615b6a279a5947fcf885b13b98,-6.026911718689054,67.0,0.1464832015344764,0.0166637951216016,57.0,35.0,0.1394840709617699,1.4485967013840525e-07,0.1596859523658247,0.0519330906628465,7.1668485734124925,0.1444909702007448,221.0,6.315275257337561,0.1089178370346467,10.0,0.3967761934283943,131.0,4.734278989272061,1.0,0.0948164005447128,0.0567045123482666,1.0,3.16582775567038,0.0444049179104358,0.1160386229307591,0.0998140111593304,0.1983880967141971,0.8627909697507976,-43407.31923763876
3da48e938933fba1d06b8f1d6979226f77cce5199542c09971a103f9a4bb917e,-5.1974108843886535,106.0,0.5402321605450678,0.080962486874357,36.0,79.0,0.5452093197777426,8.899725719821755e-06,0.0648918841762509,-0.0075484665979575,6.917862205663653,-0.0479927257950501,166.0,6.052519718219698,0.0930803653388194,11.0,0.9832610043397396,89.0,4.609011770795911,1.0,0.0066513174643286,-0.0900421973088401,1.0,3.119525425989772,-0.0812005388689374,-0.0187900307725406,0.0911345319280843,0.1946683199008059,0.3153646166909298,-102095.73852537556
3e29f84dda113c04542888a02042665b255cb6b1656884e66ed8c0a88edc6b3e,-3.982588650897032,849.0,0.4905782240760047,0.0141653451714426,48.0,95.0,0.480341290972757,0.0015044770729193,1.6781577702594055e-87,0.0291807468945454,6.577012688942483,-0.0420401575276134,184.0,5.793103523147396,0.0027813634033577,11.0,0.3961562306261624,121.0,4.464061099729378,1.0,0.1758424771989655,0.4725638520748642,1.0,3.0365071097157688,-0.2134405979471832,0.1057625803229457,0.0247985120892746,0.0433973961562306,1.6865489982031294,589115.2741866349
3ea752d4544b3df15bac8057b9270c531823583a0ed4682134e46fb17b04cfb6,-3.225905623516389,575.0,0.7804440468313525,0.013628966441189,76.0,125.0,0.7730645244959746,0.0185332843955834,9.38775707622756e-13,-0.2162928018895311,7.078916905561875,-0.1051775506401679,216.0,6.211914847841106,1.3557941432013568e-05,13.0,0.6038437693738375,136.0,4.683249701549318,1.0,0.1287164533806525,-0.1045499980886511,1.0,3.1417407593252893,0.0723950798936269,-0.1329029913255499,0.2796032238065716,0.2901425914445133,2.5595697048415342,1050872.962216081
3f7be2c5bbd96d7c25765f9f467c696693f68683fa114cd978be25699d012852,-4.195814063731813,369.0,0.5677401228464396,0.0417264342410493,59.0,69.0,0.5712145514303043,0.0006697333387968,0.0001244360234755,0.0235807453810187,6.841057853438833,-0.0018589072045141,187.0,5.9261698194595365,0.0284181904236771,14.0,0.2634841909485431,113.0,4.503839713861467,1.0,0.228057998305744,-0.0565330172967402,1.0,3.0533209673002446,0.0046680692561739,0.0753845178218308,0.1103533787972721,0.2052076875387476,0.417005851440183,-56790.35780489903
4237ac8c1dacd0fb62192f6a7ef1da02e45698811e2110d3e0ed827198e10ff2,-4.817760739629834,142.0,0.4835840083287328,0.0338276080601506,54.0,86.0,0.4561191184893851,5.028719823965643e-05,2.7304422590475617e-19,-0.0044311930742439,6.8577534237295765,-0.0085793071206166,182.0,5.985935277226644,0.0025770920975313,12.0,0.2430254184748914,108.0,4.558793771633757,1.0,0.1270765216289622,0.0605238765784362,1.0,3.087336871535061,0.0121324383086584,0.0786821774430306,0.1704897706137631,0.34221946683199,1.2895060054313296,-392545.1984536585
435d03a134039707461c56bb05f6157c4768effaf6aff73a888a0d9dfe2faa57,-5.9069486653428624,51.0,0.170149961207591,0.0302802550643216,74.0,58.0,0.0842224720411526,2.694608747130361e-07,0.0004124666328872,-0.008916197559831,7.073905121253638,-0.0123563645102263,205.0,6.204036576624559,0.0771803294174209,15.0,0.8995660260384377,134.0,4.676979526762724,1.0,0.0421458786495378,-0.0004065439107651,1.0,3.135141209172245,0.0012419246389933,-0.0007506945263688,0.0905145691258524,0.1996280223186609,0.6041960646432362,71542.83166061182
4456b981d48aae1e52ca3615ff8328f0ae2b7786978b8385af9e3286b68b09d4,-5.968242442325038,142.0,0.3921289864189488,0.0648977860658271,70.0,74.0,0.4101759447786391,1.964226645139963e-07,0.0014929011644398,0.1163271163724447,7.037468596639242,0.0580868099041265,197.0,6.16239988916801,0.0335254661383797,12.0,0.4556726596404216,141.0,4.662501966956854,1.0,0.1159255288270746,-0.0851800230801091,1.0,3.1359605104906563,0.0271649654706625,0.1273783719831308,0.0669559826410415,0.1605703657780533,0.4687932186711788,2911918.537913408
47658c9cff05caaffd85722b6f81dd163f680f03d4026474a098f966e2f528b3,-1.2986974973880618,59.0,0.7226624456730668,0.0036028516678743,78.0,284.0,0.714915248763204,0.6297679993290759,1.9818885067223208e-206,0.0654950721469795,6.21177713288393,0.0635676463898545,263.0,5.2442566513422975,0.0943833792590672,14.0,0.0285182889026658,239.0,4.066362063646522,1.0,0.1318383209556628,-0.0906856846431495,1.0,2.845295532555942,-0.0376652282136084,0.0842166821119675,0.1035337879727216,0.2058276503409795,0.0378795423961284,-76184.60742311165
491772fa2fe199e3466a538d2c7da90471af914c937d5217ee8bc71d935d28ac,-6.760429601003062,85.0,0.3771293686055096,0.1503891836125888,41.0,70.0,0.3564730578467089,2.8012960867940473e-09,0.3619099363676852,-0.013913220738555,5.653568696531188,-0.0494076656871989,88.0,4.960970487354753,0.0904205830628016,12.0,0.9572225666460012,57.0,3.936627479485404,1.0,-0.0789036194608929,-0.0368901182395253,1.0,2.803758872623623,-0.152246529264408,-0.0782444479354099,0.1140731556106633,0.2076875387476751,1.1506676821371529,1968425.9132618827
4a2cba061b07d3d0e86af648bf5640e323587d52d70da0fd7b8b0bf66dbe9fb6,-3.96599809802783,19.0,0.1199963320936209,0.0007698850563616,72.0,13.0,0.1186476000049908,0.0015994027854652,1.6734992891947625e-13,0.0971549336837228,7.1765661453556575,0.102337593924321,227.0,6.306644142734085,0.1062381168528065,13.0,0.8233106013639182,140.0,4.746793460474432,1.0,0.1152177843870331,0.0495256358649667,1.0,3.1717420910482463,0.0361995720961292,0.0622587289226745,0.0985740855548667,0.1971481711097334,0.2172072666117507,-53413.92644543953
4c858194167bee6863695ada95be905624ff9960ee35cee042d1bba35329c316,-5.324638381380392,372.0,0.5720446426654258,0.0938364525550826,40.0,65.0,0.5939836499709943,4.867555003616406e-06,0.3590138965941741,-0.0740348338321689,6.199891907386978,-0.0871099037851781,131.0,5.48564478710803,0.0007503538188227,11.0,0.5840049597024178,77.0,4.272815987395788,0.0,-0.3506882517871859,-0.2083471373521166,0.0,2.9686470664364712,-0.1393518829152042,-0.2936635364648072,0.0874147551146931,0.171109733415995,1.0395017453178423,-488465.688724576
4ca54e4a06d347093fdbfad416401aa47316af1ce0985fe58434675a76960ec8,-7.418149789259396,251.0,0.6185872425387944,0.0784064977806303,21.0,86.0,0.6531963816642304,6.848054403353925e-11,1.8684510549321872e-71,-0.0679058319169797,5.894529175148076,-0.0678899505906664,104.0,5.147434598195724,0.075209991453278,10.0,0.1425914445133291,45.0,4.066693858217949,1.0,-0.1058098485060345,-0.2090429253688582,1.0,2.849734513244326,-0.1305089100290373,-0.119917016507337,0.2492250464972101,0.3440793552386856,0.7938569680250493,60737.42274169748
4caad6e3c8e13ec6a9b728f55d576317952cf47f681e4f2b022b26bdff9741ee,-11.57528316442934,57.0,0.0987162436014577,0.0341605347507999,72.0,20.0,0.0499445466699241,3.033155905646513e-21,0.9167362081676964,-0.0279259385055507,7.025490447714252,-0.0265442474191039,195.0,6.149421330386287,0.0812152318434383,17.0,1.0,128.0,4.642542186036318,1.0,0.0342352678093759,-0.0003752143184548,1.0,3.121344294368754,-0.0306339822047401,-0.0075039306747933,0.101673899566026,0.1797892126472411,1.0678103055440806,-409364.6819653048
4cebe56882df93f997cb409aca266774df01d4bcb819b1fe18902da78bbe46bc,-6.911668067640175,172.0,0.443985922833797,0.0742984204304991,46.0,79.0,0.4724029484251758,1.207968632095173e-09,0.0104706295145065,-0.0119895026117267,6.592903491101375,-0.0167231363757934,151.0,5.753106247494586,0.0580750137149331,17.0,0.8369497830130193,85.0,4.437191523399001,1.0,0.1939491823507319,0.0346334659789815,1.0,3.043692643926037,0.0096624743493437,0.1287951636540548,0.0929944203347799,0.1872287662740235,0.6685089147397689,-87781.92878734345
4e0bf5950f95c9b5d1621a1b316f148b48e186eccd4c5a87fa4f8e141aac2d34,-12.820498095070784,30.0,-0.1112018387709272,0.2017277271992685,36.0,24.0,-0.202585687832758,6.1680217785798185e-24,0.6195395307352753,-0.0097847275430897,6.090700792772901,-0.0347800085187251,204.0,5.238501491341296,0.0923049034953137,16.0,0.1946683199008059,150.0,4.142889879585383,1.0,-0.0129500093735759,-0.2617698484129689,1.0,2.9148254945970224,-0.065068598546667,0.0227075502511549,0.1010539367637941,0.2120272783632982,0.7395672916429598,23682.83978818167
4e6461cd34ddc8cd4518eae6c65df70c4f2044bbc68d2cb732abab733b380ba2,-4.502784253748625,297.0,0.5594691703956893,0.056638474805625,53.0,82.0,0.5562721111627067,0.0001943745216921,0.5782589775250473,-0.0111816375051814,6.748483166618093,-0.0597258469243286,185.0,5.860977701903858,0.0303802263289978,11.0,0.2628642281463113,107.0,4.474634399048683,1.0,0.1203100219064301,-0.0942316259442049,1.0,3.0352155811035995,-0.0361803808615666,0.0605115428535058,0.0998140111593304,0.189708617482951,0.3935565030342664,-189124.84978857724
4fec01ac4ad62bb7fdff5851257d9a097af424ae03ba62c0e94167e3d5e24ef6,-5.330028045321069,89.0,0.3589094533326883,0.063803192493476,55.0,74.0,0.2648930237924108,4.74355106896622e-06,1.2080693723050418e-06,0.0635301662696213,7.023590722044979,0.0035915094838201,183.0,6.1085734278634805,0.0974643954516899,10.0,0.9032858028518288,120.0,4.634359330494484,1.0,-0.0102179274666655,-0.199229114800572,1.0,3.124124323333851,-0.0536405826957364,0.046864638692737,0.1010539367637941,0.2002479851208927,0.0523299717367358,-371786.0222913346
50194ca68ee38784d053d4b75993f937cf4eb74ebf602e124fa75af6c6977bb2,-2.146436591770432,501.0,0.8456178327288362,0.0025359103303546,56.0,195.0,0.8471316219506044,0.2262565645270285,2.4632687e-316,-0.1390100799361008,7.066424318382573,-0.063675789878876,204.0,6.211408741519951,0.1744791296772938,12.0,0.4891506509609423,133.0,4.692713901201456,1.0,-0.0085911969376875,0.1226858708773178,0.0,3.146162964283471,0.1080743474669408,0.0479021096725633,0.3862368257904526,0.4469931804091754,0.7127819847291577,1026168.4348574164
52bf719977d55139a999c77b2e4646946d6e8e1bbda5ecce6ad2f8d0f2edb2b3,-5.262484598306448,123.0,0.4610982718955478,0.0584403454549964,47.0,104.0,0.4418331402304015,6.5454262973219175e-06,7.773198130794328e-14,0.0400091428966048,7.035027890578571,-7.267021273534134e-06,192.0,6.100373243319115,0.0789823682216759,10.0,0.7042777433353999,120.0,4.616992545333566,1.0,0.0094968875827956,-0.0163012737310546,1.0,3.1077188861577847,-0.0136600550936241,0.036164667722747,0.148171109733416,0.2597644141351519,0.3931491933518461,-69296.74230745452
52df3473cd810e5d9eb4923260c0189b6136da3193253f984fb97bca8e8b3deb,-5.695443802734298,68.0,0.0936443011056323,0.0127320923785686,76.0,17.0,0.1049665736653791,7.893735039714258e-07,2.9673985044442714e-11,-0.0082624094271191,6.876366277335119,0.0112137979277695,211.0,5.911522379997428,0.0758046551928627,11.0,0.5313081215127092,132.0,4.475309913155268,1.0,-0.0221148627909755,-0.0023221577948937,1.0,3.022202588104749,0.032327082483115,0.0390886775924979,0.0855548667079975,0.1673899566026038,0.9557827775525966,-959299.0980979416
5315be05fc3b21a3f483ed0759bce825764dcf8a762623a1d94ff63f9d9ce4cc,-4.261198792367096,29.0,0.3299837242786266,0.0436593457459593,77.0,107.0,0.2817554639525084,0.0005181929721927,1.018122350894179e-63,-0.0357990095974956,6.86579898444237,-0.0315847990436272,267.0,6.052445744387761,0.0985572100492355,17.0,0.6466212027278364,264.0,4.632341425515399,1.0,0.1845848212219166,-0.5159724964844232,1.0,3.1409440053598034,-0.159376024238777,0.1014721769586271,0.101673899566026,0.2021078735275883,0.01773782443946,447063.8609043268
5336bda8faa5d11baac08b366930d5a0f89d37430f6df30028d75e7fb9724b3e,-9.360947910408376,73.0,0.4975759632804332,0.1447608470774898,22.0,84.0,0.5569234563051635,7.826126443522505e-16,0.0454034945327129,-0.0519465977766466,6.370299853798318,-0.122356401562845,138.0,5.528345107887928,0.0878351321098059,10.0,0.6633601983880968,69.0,4.306361662847685,1.0,-0.0492286643223581,-0.1592359777078384,1.0,2.977472664625191,-0.1568365151944767,-0.109235429791262,0.1010539367637941,0.1977681339119653,0.3535553394264919,-886378.4991235127
53f53cebe4e9d1cca67c6d1be8be2935831bd3870e3d2f01e5f51bf2429bf299,-5.75010875674503,13.0,0.0081594916857443,0.047455187592467,76.0,5.0,-0.0936091626189383,5.99387156550039e-07,0.3076447695720962,-0.0189676285941907,7.000320006681227,-0.0161914136391353,234.0,6.106015070208169,0.099246070681937,14.0,0.4476131432114073,149.0,4.630310160608634,1.0,-0.1143435106683401,-0.0956053709445269,1.0,3.109601872304399,-0.1091328570789846,0.0876444654991912,0.101673899566026,0.2064476131432114,0.3990067090611797,-7601.307368536984
5452242012899b0b33b4f44ef9d1c5c41187a983e35b802cc8abb6bc465bdd54,-5.657382876431023,130.0,0.5535801618226324,0.0723680645448475,55.0,88.0,0.5737025740967541,9.551776043776336e-07,1.421310725947867e-21,0.1186382582428558,6.731238884559917,0.0164278075375865,208.0,5.747246364206448,0.0924205356808784,11.0,0.0068195908245505,147.0,4.414731001216492,1.0,-0.1372441813483393,-0.2407497620233447,1.0,3.0318521325246737,0.0832740255296328,0.107202562441304,0.1066336019838809,0.2039677619342839,0.1442409747323988,-592181.3828457406
547dee1d459e1587f7f5cf132df3546cad57b73b69254cf78c6851078b3af00e,-5.416283445860578,83.0,0.3033349002622306,0.06205251142349,64.0,72.0,0.2749443372732381,3.130422944147869e-06,9.52228383501352e-21,-0.0683004535669103,6.946121274204415,-0.0365041408048126,191.0,6.002514055891403,0.0961393965023299,10.0,0.3174209547427155,116.0,4.546829099771397,1.0,-0.0032074095174277,0.0265164511034662,1.0,3.082436269559291,0.0324030055388411,0.0388705521524571,0.0960942343459392,0.1928084314941103,0.125838802614248,3276.8529282299387
5608f70ad5c4f89e83b01f37bdabd7b89f79338b34776128d68676d83cd3de15,-6.927089778738477,26.0,0.1117741822488055,0.0107940577884059,71.0,29.0,0.0828135469904065,1.1081775686518072e-09,1.4044086766899888e-25,0.0899042799066352,7.156708104053534,0.09121462755157,220.0,6.317923443491866,0.1026663513834951,13.0,0.486050836949783,145.0,4.735157435392049,1.0,-0.004405962763239,-0.0803437832004953,1.0,3.166447613752013,0.0429445276289278,-0.0097876316229918,0.1035337879727216,0.2089274643521388,0.1018457997719665,208428.96413638064
56b261fe8fcb7688987966f8d0c4e6abff49ca99b9b68285382e6ac8631972c0,-3.672230511279617,261.0,0.3367271714433256,0.0093297904961143,68.0,35.0,0.3217693524712129,0.004521152191838,5.262074655402997e-11,0.2197495691711755,6.77262458214884,0.2114844736555958,211.0,5.832372769847542,0.0010841355354218,14.0,0.9969001859888408,154.0,4.481733377092037,1.0,-0.0962058305533665,-0.0195258866737062,1.0,3.071577590056709,0.0894211684325408,0.0408654613233099,0.133911965282083,0.2008679479231246,0.9991573050850556,418579.24128433503
58542dd993796da347ae587357953a169c5527988dccc7b5adf95733a148a437,-5.947553965042072,37.0,0.1678851188359221,0.0310714078550971,76.0,53.0,0.0788257893864152,2.185921740299159e-07,0.0006190238674789,-0.013254888828259,7.037366830128125,-0.0159201698948716,206.0,6.172409006564152,0.0772970201352495,16.0,0.8995660260384377,133.0,4.657551735343052,1.0,0.0377428603892528,-0.0107321641008338,1.0,3.124424958678526,0.0030468066100322,0.0101713658419719,0.0874147551146931,0.1983880967141971,0.6141587639142551,75956.14971747399
587e383f74b4e2998d18891a98ba0b89a49a7498eebd2a380c0ec302fe6bffa1,-8.390496578187337,69.0,0.1256901148331421,0.0232618696525059,54.0,25.0,0.1198129606352981,2.373892574428427e-13,0.08677221303521,-0.0106129818312741,7.180439682127071,0.0282347244133185,210.0,6.328043137589766,0.1092046805540786,11.0,0.0316181029138251,126.0,4.753776011928753,1.0,-0.0077929153656202,0.0453217408268804,1.0,3.172947819729017,-0.0192514144877718,0.0676369428123654,0.1010539367637941,0.2052076875387476,0.9001650282574599,-48457.26337427586
5b60de8de034968ab30d18294cd101858e44d3300015f617649d4b184257327d,-2.4032626678668976,278.0,0.8175384247866511,0.007988141174669,41.0,301.0,0.813149742348158,0.1408176615643883,0.1795719251617594,0.0110192626013584,6.796175474846788,-0.0074435879569809,145.0,5.974248720066328,0.1085187035791767,10.0,0.0483570985740855,88.0,4.573681673178603,1.0,0.052709549256612,-0.0312741414379539,1.0,3.105567551247815,-0.0094210266889211,0.0520929534817168,0.1444513329200248,0.2337259764414135,0.4373270413989298,34941.79332243084
5bf9f28d37d661f29170b51486df0c4522a6040be5128e5846b4d44c8f8009f1,-7.28354688368626,92.0,0.141364949284781,0.0751229396776403,54.0,55.0,0.0271641790757681,1.4788935517875382e-10,4.232784191445295e-06,0.0212207389778174,7.069844821662334,0.0095261490648824,183.0,6.209476878290918,0.0851291287689755,13.0,0.7445753254804712,111.0,4.688239026331242,1.0,0.059460970913436,0.007280306887875,1.0,3.1478946992011334,-0.0349111455611824,0.0546178096765683,0.0762554246745195,0.1463112213267204,0.8368159196544193,-140619.26579511576
5c063c019fdaec9a5594572044a82159b504e2a359f1269842dd1b5ad8235250,-11.6066502409657,36.0,-0.1122366805360317,0.212119925660711,43.0,25.0,-0.2380142648313731,2.571462474669416e-21,0.3669953659177636,0.0231294001134823,6.4577053213507725,0.0182632648660946,204.0,5.559373908872387,0.0896596501089693,11.0,0.7668939863608184,145.0,4.351059973820283,1.0,-0.0272207861172713,-0.1665210074820762,1.0,3.007346025045152,-0.0324602970674759,-0.0074002115181218,0.1060136391816491,0.2089274643521388,0.7173519377419683,2150.541835055873
5c9f0b373635c8c245443597d5a7ae3645181e7fbe703997fea62abc686c13ba,-4.07463828686071,307.0,0.4989332960912779,0.0156874371432931,76.0,115.0,0.4687946755131501,0.0010663555253431,4.248500598180385e-14,0.0744903865416666,6.131857316312282,0.0681506599707623,199.0,5.377516052931951,0.3757250215431496,11.0,0.9194048357098574,127.0,4.188729891376557,1.0,0.1788775326744225,0.0279624671683492,1.0,2.903583484853609,-0.0046600051662213,0.1072310065952698,0.1047737135771853,0.217606943583385,0.8868919783778094,169360.23017238762
5eadc93e1f21871e5b6f0dad42568cd7ac1686845442351762e37df3d843d78e,-8.568348013817294,90.0,0.5334027752440467,0.1239843402579292,14.0,72.0,0.5878739564212363,8.327529415617766e-14,3.711687185326384e-06,-0.0227845460367296,5.948382885767487,-0.0930748333030171,120.0,5.247490682046982,0.1048085997304134,10.0,0.9411035337879728,47.0,4.116784219447594,1.0,0.0441627158971757,-0.2769701170549957,1.0,2.8643115598683258,-0.0969733985324245,-0.013524720510373,0.1500309981401116,0.2529448233106013,0.9474689117125026,-13702.542273100378
5ec8065873aecd0347288d3f7d1891b79d0b0f6b7c9a3909674fd1ffe8eb5416,-6.5730019138273335,73.0,0.4258680161748963,0.1210680357832966,38.0,81.0,0.4686082636245579,7.850461946159324e-09,0.2278847745509554,-0.1495623098750963,6.211642815860404,-0.1262629487731326,138.0,5.424777110605032,0.0820068626095422,11.0,0.1004339739615622,74.0,4.269317262588472,1.0,0.1031708272493411,0.0163197065378469,1.0,2.972098093566063,-0.000412738115755,0.0219979294277987,0.1171729696218226,0.2107873527588344,0.631618573995785,-50107.994300705264
5f0a17ce1f301349f709c8904f42ebe46477f4a51e46e59258e411d7b5f14507,-6.707193828621192,46.0,0.118980423643752,0.0145086835740478,70.0,28.0,0.1026632415405349,3.759053454250165e-09,0.0003990566037699,0.0757887699839168,7.13964949097602,0.0781134684510787,213.0,6.241181796305613,0.070937097034585,16.0,0.981401115933044,131.0,4.701279799636158,1.0,0.0412588573996493,0.0186506992786726,1.0,3.146017523448814,-0.0148512186944026,0.0604009669124031,0.1165530068195908,0.2262864228146311,0.5075756456135582,11349.796124465003
5f97081ed67e77fbd9179f3103b21fc83a801a908e3b9b73e0a8a75c6200277f,-6.716227867614347,65.0,0.447396173722912,0.1356875616903153,41.0,94.0,0.4638531008710373,3.576330209379733e-09,4.479181257116399e-11,-0.0778295364093042,6.697698409286622,-0.1074613268990574,146.0,5.853676263348657,0.1024171718123762,13.0,0.2796032238065716,84.0,4.485241255627785,1.0,-0.0420782116839614,-0.1000083013342953,1.0,3.053582814540698,-0.0856677372169973,-0.0809032734991918,0.1134531928084315,0.2151270923744575,0.338148315019008,66177.38507409803
635f06ab3ee1cbaa563acb45ed1df143b0227f195dd08141165ad325aa290f38,-11.491167053853884,14.0,0.0427147909082413,0.0007704135522633,74.0,13.0,0.036582554458192,4.732535945567838e-21,2.3201966548192667e-10,0.0145542463584711,7.175475171801541,0.0139213477714233,228.0,6.334463544682769,0.1021674191351513,17.0,0.268443893366398,139.0,4.750904333119037,1.0,0.0708608790966418,0.0445524456530087,1.0,3.170242201633785,0.0142148143716599,0.0723144403711478,0.1022938623682579,0.2039677619342839,0.1013383495867345,7938.323392508794
63be1a952a8e5b06858ac640b8ffda3fbc1744694c531472ac5e67e40979339a,-8.818404317878336,101.0,0.537085710043252,0.1173039496087718,19.0,85.0,0.5822015817655057,1.90642002941096e-14,0.6170456579216987,-0.0238075896111158,6.602840365728117,-0.1186826633497958,130.0,5.753384543021922,0.1215902473527065,9.0,0.7513949163050218,52.0,4.467339109100138,1.0,-0.0889951050680984,-0.1814418465512614,1.0,3.070095629617,-0.1251303078475275,-0.1328087679061103,0.0967141971481711,0.1965282083075015,0.7313243795217261,-43063.85502250999
64defca3c186f3cab087b24c1da7160fbebd7d5d5e0ff0036da1e7eee1d63440,-4.038671654031094,849.0,0.4856665504932237,0.0147664065424268,49.0,95.0,0.4756942397454616,0.0012210169995077,1.008160001763793e-74,0.0347717129095767,6.574378434111695,-0.0381142883342189,187.0,5.795841542628226,0.0027408168653943,11.0,0.3961562306261624,122.0,4.465110010163764,1.0,0.1741919832652555,0.4720916632713412,1.0,3.037256632826808,-0.2234908926712183,0.1041967572431771,0.0260384376937383,0.0446373217606943,1.6217908616058057,461373.64441856847
6590c82e22abcdaf4887f5e84c39b3d264276cb7fb5bd585cdde6e8966a58966,-3.284437366871281,373.0,0.6825315230342561,0.0172587603882488,63.0,169.0,0.6775615100265229,0.0155886191505482,1.2420177498740632e-113,0.0464681072973173,7.167597076393792,0.0359723414617054,216.0,6.286566730779605,0.0746950602476702,12.0,0.990700557966522,142.0,4.739350034522792,1.0,0.0816688199473733,-0.0318944826723736,1.0,3.165956840539016,0.0964257502391601,0.003353784921844,0.0731556106633602,0.1574705517668939,0.1916253610927223,-1530242.0601539174
65c4bf1b7fe6a7796d542f0c178b98269f131537076eeb34a5e52808f8486c96,-9.29428005139755,68.0,0.4767245930151535,0.1449425353109763,22.0,85.0,0.5343169236727348,1.1573663423207893e-15,0.0439887743953072,0.0063684002425944,6.426411626401363,-0.0601778564327472,139.0,5.588592688919396,0.0911046321403049,10.0,0.0911345319280843,71.0,4.3408788146013135,1.0,0.059825965063884,-0.0978026758159464,1.0,2.991765187899251,-0.0850139435727098,0.0439332939941215,0.101673899566026,0.1996280223186609,0.3160264157452894,-675536.8827743237
6776c74bb14a111c15d7548a916cb7c540716f739c7892ff9c5c5509818a3c6c,-3.0204838564744776,317.0,0.7082856347400397,0.0127732168458485,64.0,95.0,0.6992617499331488,0.0330252428621046,1.9259093497969355e-12,0.0321926929323565,6.575991248320602,0.0471639627292333,233.0,5.595768949432378,0.0684053127593869,11.0,0.0210787352758834,214.0,4.320742095058457,1.0,-0.1396850481968861,-0.4745527540701628,1.0,2.9968185662991456,-0.0388930691125418,0.1603212488955945,0.1041537507749535,0.1977681339119653,0.1157560551981793,-40834.59412959532
67a54bb2d5a9971f44b9eb31100748a224b3690a78ba72c2a7f9232db58c843e,-5.263380656919394,77.0,0.3844882397505572,0.0572993152079524,61.0,57.0,0.3837122388231965,6.51765928036092e-06,0.943848951434086,-0.0070293840468729,6.255130149284224,0.0118042878335638,158.0,5.454057044756655,0.0758682365865045,12.0,0.7489150650960943,112.0,4.200831056300538,1.0,-0.0025993500476488,0.0003071981380719,1.0,2.8803547706595585,0.0336861296299209,0.0380912544665453,0.1122132672039677,0.1959082455052697,0.5950296483580819,33801.94361120909
68182b09cdc4355932cc1fefb61e77b44ad55636536c327e07d4acc70264f1ba,-5.411813924090017,109.0,0.2835441350043034,0.0250160467728142,67.0,70.0,0.2153456105109981,3.198956485666169e-06,6.588364186789367e-25,-0.002242136024877,6.842066500355529,0.0197934997463565,181.0,5.952482654969495,0.0759176446680795,13.0,0.3924364538127712,117.0,4.530447157764639,0.0,-0.0307052281572095,0.049858675031731,0.0,3.0609813002569903,0.0420301531655398,0.0469794978809559,0.0942343459392436,0.217606943583385,1.1690985780511802,-134642.72161584144
68bf46448107de0e92c7c072d4a9b51d95045af180abede968270f1fda06b732,-9.648283943863367,25.0,0.0349292053832354,0.0145849728927233,80.0,22.0,0.0048282127275,1.4577783053089034e-16,1.3470144513826605e-06,0.0485167739427992,6.778531798791301,0.0311870091810602,225.0,5.783110054579428,0.0916458128649656,12.0,0.9299442033477991,174.0,4.379881617213759,1.0,-0.0197964964127497,-0.1372831516101367,1.0,2.972779126788561,-0.0550196396761419,0.0977875562804076,0.1060136391816491,0.2188468691878487,0.3303859382262368,30046.38101464428
68c45f54d6dd3861acc40bcebba5441c90e55a2a0228a07cc629e26e291ea3ca,-5.485948310533395,328.0,0.552021529803654,0.012271666972314,58.0,66.0,0.5098927667356109,2.2298704795612726e-06,1.0533086764538242e-112,0.0010088690247196,6.83856125642673,0.0232143899971325,183.0,5.938864733668032,0.1142858413119449,11.0,0.1655300681959082,115.0,4.518095050826092,1.0,0.000958505133262,-0.0332028630433934,1.0,3.0559841560524905,0.05777544637684,0.0788389651581523,0.0712957222566646,0.1630502169869807,0.3963800748567417,-98110.61756378497
69c500c02979aad7251a896443f0351f17fda907b2a725fa64dfa3dfaf033e18,-7.880515727850281,88.0,0.5155132578636058,0.1257439993538983,23.0,82.0,0.5636126710005516,4.716546055176615e-12,0.2740247184824179,0.0923600708120688,6.465459118186789,-0.0416490869314589,119.0,5.657584950082713,0.0674816044356876,11.0,0.0700557966522008,55.0,4.419770175220763,1.0,-0.21794205369886,-0.2662529210252665,1.0,3.0678636218910835,-0.105698272582474,-0.0105439768760942,0.092374457532548,0.1909485430874147,0.5969701985417754,-115551.88965091636
69df291e20e78ed4f8f0584dd05f4c18be2f38e8153601b4b35475f5bed87a03,-0.3419492349203781,823.0,0.9373966899447708,5.834959857365305e-05,47.0,598.0,0.9374363712904908,0.9193493536595688,0.0,0.0955071958339785,6.948115458909173,0.0813545809488493,174.0,6.053590827406167,0.1009859757948554,5.0,0.4209547427154371,102.0,4.600186240317266,1.0,0.238660648191688,0.1160496733409117,1.0,3.0971747559327545,0.0954570076507111,0.1844667499085767,0.1097334159950403,0.2188468691878487,0.069660423826744,38097.7842118709
6b66e0445267c0f2ac598e4541a9cdd945c630017a785aac2722cb130b916995,-3.850147310258958,127.0,0.587728889334976,0.0389437962129597,57.0,71.0,0.5724273782189198,0.0024339587700829,1.2179167777292185e-05,0.0479907235105654,6.812431567370703,0.0038880367995329,172.0,5.875968529631457,0.0311439837658349,14.0,0.2120272783632981,113.0,4.4645835310122495,1.0,0.0822030874566441,0.04458874484529,1.0,3.02709931766682,0.0611455795866004,0.0765614684406747,0.1041537507749535,0.1928084314941103,0.3740283156677779,-116879.93247845864
6c871093253858350d730f80cfbc5109aa2529d9cda37341989ea8854485663e,-5.740988596865924,118.0,0.2891051197290571,0.0381810752241662,68.0,57.0,0.2354660827656766,6.276389546555546e-07,8.648822961504413e-08,-0.0191343720720026,7.094151110141901,0.0013803211100119,214.0,6.1724294531553205,0.0039496218968483,11.0,0.5666460012399256,136.0,4.655401040557026,1.0,0.0337776814572001,0.0325306197226268,1.0,3.1299596997392967,0.0282139471187626,0.0908159119352102,0.0285182889026658,0.1413515189088654,0.9983772810386884,-1730704.7122557403
6d9be17d1518f617f732252e3146804fcff1df73486307942a713aa8eb249ef2,-5.013331201901368,63.0,0.3842174609578941,0.0777723911642892,38.0,106.0,0.3781859268519381,2.088366537032298e-05,8.99320919685521e-07,-0.0104718700577934,6.634361548271508,-0.0183645610583399,149.0,5.778970328646425,0.071367573619488,18.0,0.1010539367637941,95.0,4.445692195776145,1.0,0.1168231628639277,-0.0050015417673662,1.0,3.039468723963078,0.0013810141673455,0.058319183754665,0.1252324860508369,0.2300061996280223,0.5992573403072855,-5628.2528104377
6dc157fa79f808bd7cf577af09efaee2dad035d658e549d4219e705a181d8917,-5.971409812685842,73.0,0.2571681715538929,0.0615140211808237,64.0,53.0,0.2121710560109935,1.932290602372352e-07,0.0002962716933551,0.0171289231789834,7.058527268887555,0.0023324030360062,195.0,6.189300628031061,0.1071139008065367,13.0,0.9640421574705518,114.0,4.6751364780022975,1.0,0.0009629437143839,-0.0614861874958723,1.0,3.136660365066169,0.0161390820909537,0.0210741886947826,0.1060136391816491,0.2033477991320521,0.2362150806385193,-57124.32573170618
6eee87a877e771a68c848b1e4d84bc40851e6071218c0b16014ae575d2e998b1,-7.004756583890642,79.0,0.3587504091702157,0.1492632342951763,41.0,69.0,0.329116719839277,7.169601896800072e-10,0.6277088686628322,0.0087335456606308,5.436914638198296,-0.0193312374037027,90.0,4.755045481821632,0.0852290927136423,15.0,0.9646621202727836,56.0,3.768414090781032,1.0,-0.0922413075923396,0.0095631231077913,1.0,2.684356530297615,-0.1307892809758327,-0.0502708865908575,0.1153130812151271,0.2095474271543707,1.1356890001176831,164655.37798986852
6fb111c7dd18a3003a3f25ff48b0fa9e9b0af51ad471a385f814e9885cba5bfe,-6.27246896979124,18.0,0.0427045911870264,0.0215297054244679,70.0,12.0,0.00647595437219,3.973412009754119e-08,2.035217503798413e-05,-0.0608002240908455,7.07563856606697,-0.06154006093485,233.0,6.237566287813769,0.098438643007097,16.0,0.6435213887166771,162.0,4.712224187927761,1.0,0.0601217319363437,0.1275044033531373,1.0,3.158229021615803,-0.0412086980766994,-0.0021357453376938,0.0998140111593304,0.1959082455052697,0.2055486207618111,28608.98416952796
70cecaa1cb67acb437d0a0d95202d4eb2b092840586f5b36339b76bcf18cfe94,-3.5322571205481443,596.0,0.3024904036755041,0.0166696662697973,68.0,141.0,0.2521032569967441,0.0071962943071605,0.7825568741525856,0.0461213634691674,7.066577029145655,0.0665143200146456,220.0,6.187735578284324,0.0019677978410591,10.0,0.7247365158090515,136.0,4.668260452219355,1.0,0.0530320239482414,-0.0104884799708047,1.0,3.131218772381477,0.0317999209522724,0.0053296376327398,0.0787352758834469,0.2337259764414135,2.018912742553628,-112863.2685566956
711b0aab9f246bb310c8d45af460620555a3c0fb469dbb2783c47533cfdb8df4,-7.425506219892981,77.0,0.3753206090776599,0.1354422496154672,26.0,96.0,0.3093275651789366,6.565015923793833e-11,0.0097452745632679,-0.0485653431995216,5.2266950062459365,-0.084640286102915,75.0,4.560902721718691,0.1240333463409494,10.0,0.3261004339739616,48.0,3.659230428523352,1.0,-0.3696194620617388,-0.1122287021418845,1.0,2.637760078531894,-0.0471004844444298,-0.1129774976288872,0.1072535647861128,0.2163670179789212,0.4111894356805029,-499355.3538162005
723eb48b69bd0a501b71acd8f00df8364c6b76bc987ad7894f85a4678bfa4bf0,-17.760482914929486,26.0,-0.1241499211974416,0.2010226573914904,37.0,19.0,-0.1886001159864391,3.340124275579027e-30,0.1405990903665704,-0.0643656519593273,6.961737098204444,-0.1437640468488714,168.0,6.099455883677296,0.1021865278897263,8.0,0.96342219466832,97.0,4.652012470165057,1.0,-0.0187480285409788,-0.0531233722791765,1.0,3.151784739274941,-0.0605261598445376,0.0974812974056298,0.110973341599504,0.2070675759454432,0.6222312683936865,10465.786597267115
740756f1353f6840c650d5d06043d13916a24213ec954993bdecfc97bf408364,-4.9699681315992335,375.0,0.4652640051884994,0.0833876626270194,63.0,60.0,0.4574255125716814,2.543956719857552e-05,0.6493517571725762,0.0579458218862698,7.1208923815947545,0.0206928031780395,218.0,6.283982959243506,0.0788489460120187,11.0,0.1742095474271543,119.0,4.717606000359326,1.0,0.0327397926670484,-0.0819385850319301,0.0,3.151440488890358,-0.0262848189490934,-0.0298507292288823,0.0979541227526348,0.1977681339119653,0.1399747706578794,-148607.14112537692
7430934ea24d694238c0207ae8379c803ea20aae69632514cb80dabf6cc527fe,-3.471941679686868,596.0,0.3037712066021119,0.0169644677494758,69.0,141.0,0.2540494819337144,0.0087376178219062,0.7371951900949678,0.0898895036226985,7.06835353878712,0.0799762349486112,220.0,6.186172705066316,0.0019748609834066,10.0,0.7247365158090515,129.0,4.667060944864714,1.0,0.0414364987918147,-0.0003231329112163,1.0,3.1307222627129123,0.0295267018746312,0.009380184495364,0.0799752014879107,0.2343459392436453,2.0164706805117256,-109991.85297070297
75b1bd5f3a75c49b518beb9d102a638d12407c6899e2e4ac636bd3fad6bf3ee4,-4.557711508991421,47.0,0.2185654565817178,0.0133332836539123,69.0,25.0,0.1933786081672953,0.0001544485654408,6.24803328811005e-56,0.0576953081950688,6.75002785700296,0.0919509249122193,211.0,5.763580713106512,0.0221842255138714,16.0,0.5982641041537508,140.0,4.388492843097745,1.0,0.1153947138083491,0.0305969677409973,1.0,2.9720355345755936,0.0896700376776009,0.0943572082264796,0.0595164290142591,0.1078735275883447,1.2859968681862357,-23128.38402680967
75b64fbdbf477abbde28d3eed0c6389c296bf8ed12e5af28296065c158bd5340,-5.939297182171396,80.0,0.5499766886838536,0.0772308893330648,29.0,95.0,0.5763142508212384,2.281088086218288e-07,8.611889753143688e-52,0.0442454167095085,6.28299295256222,-0.0354235208911676,116.0,5.482953868684825,0.0616363604723117,11.0,0.7991320520768754,65.0,4.269532660641015,1.0,0.1081078664195187,0.0294878801447238,1.0,2.9575260890330344,0.0427571027569476,0.0674331357405699,0.1351518908865468,0.249845009299442,0.6148452633187211,-62800.58216303625
760847a07bdff989438541d1bd27391e5b1cd1fc515f63c2408b3787fb1ff13d,-10.275532945580307,67.0,0.5212694818743547,0.1147988140881639,31.0,78.0,0.5814632388488042,3.899725710252882e-18,0.0299543696086311,-0.0731431725607,6.8335239773875625,-0.091683217046889,243.0,5.940953542588343,0.0989932938460155,10.0,0.0347179169249844,207.0,4.535957919034247,1.0,0.2256698877676796,-0.5300438181216076,1.0,3.0657917051352515,-0.1619661213992705,-0.0726392871012994,0.1022938623682579,0.2033477991320521,0.1112120766408713,-132513.9480849731
762d22c5a3d7590bfaaf38550de01d44946a18c3fb415a04419fb10b97775af2,-6.286588923620667,106.0,0.3841827265886781,0.1102608129899139,21.0,78.0,0.3116080904005583,3.68528489663989e-08,0.3334403225674053,-0.0279727596950812,4.724033734324387,0.0106057808802683,57.0,4.147667608788249,0.0262878734014799,19.0,0.7148171109733417,29.0,3.363077300894984,1.0,-0.1553155143121835,0.0303771337730667,1.0,2.465380853482062,0.045711236955037,-0.027783988133678,0.1091134531928084,0.199008059516429,0.8563455831443179,740051.1565722404
7967443fae241b40f350ec20dc2e0c558f7c5a9f94e4db73b580e5abf143ab23,-7.510093760419015,57.0,0.1051556979730662,0.0396577935241452,73.0,23.0,0.050032201526866,4.0369348457186993e-11,0.7898063888660497,-0.0400562795566922,7.042088269285568,-0.027157527845357,194.0,6.143194737102888,0.082697540279184,17.0,0.7489150650960943,124.0,4.6378978531333725,1.0,0.006189571334629,-0.0130971057065908,1.0,3.118870334908811,-0.032346950852567,-0.0190702256081947,0.101673899566026,0.1797892126472411,1.0136774836110387,-2421758.721483774
7a93cb22341a7ccfb0f0f4b3d4846717abcf63707b1a10502702fbe67373a63d,-5.723201169134694,13.0,0.0106838725744604,0.0497597655455483,78.0,5.0,-0.0985281002851646,6.865320515363572e-07,0.4565498359316603,-0.0139871523546723,6.973132066164688,-0.0102951584369784,237.0,6.064377302465443,0.101896332943372,14.0,0.4476131432114073,149.0,4.60074316911116,1.0,-0.1064830662235441,-0.1217168657765298,1.0,3.096982795178294,-0.112129960706084,0.1118563519944071,0.1053936763794172,0.2132672039677619,0.4148600742662807,-666.6313191958611
7cfa6b9f72247d4f94e2f8e575df230b7b0177e0294bc2b16718bbedcdfad82f,-8.106683417195928,56.0,0.0345644783091415,0.0331484974225255,54.0,13.0,-0.0237931817422493,1.2573727742915918e-12,0.0043514302522684,-0.0559873402081535,6.427912697588323,0.0697497473775696,190.0,5.488940012534825,0.1210862218701426,20.0,0.6546807191568507,108.0,4.2191962326840935,1.0,0.0769330715079115,-0.3552654135568024,1.0,2.902345705300853,0.0920379067340664,0.0518433842181287,0.0991940483570985,0.1816491010539367,1.5242377050049531,-77629.47914079379
7de51908df838d39508204ded36cebe3e9d6cf3bb43e37b684a6d18005d5983b,-5.147363991916819,128.0,0.4555771385334298,0.0619013217611362,46.0,106.0,0.4157280436409384,1.1249395865464558e-05,1.340392591038902e-09,0.0382680376555957,6.999081759671064,0.0086741721883957,179.0,6.11670264342361,0.0715495877583068,14.0,0.7042777433353999,110.0,4.630043631741419,1.0,-0.040347043221412,-0.011357823841529,1.0,3.1124793132165527,-0.0073593181554307,0.0162441439183834,0.1419714817110973,0.2560446373217607,0.3859876474211199,-80663.30793624758
7e9bfad018c1950019baa3fe0add38e21b1962f6e0cf7cbe6924ee128050f139,-8.207531638355322,63.0,0.0912729767733526,0.0102376008575027,46.0,97.0,0.0624150470283696,6.959351253089063e-13,4.278461455252451e-05,0.0419488405390653,6.4490378960300845,0.0239489553789557,148.0,5.5117492123402325,0.0697430749145364,12.0,0.0495970241785492,119.0,4.321195515545099,1.0,-0.0668420715813766,0.0528862628511515,1.0,3.0380509230439268,0.0861820569389797,0.1568579096221252,0.1351518908865468,0.2281463112213267,0.6927045074214766,51094.326209347695
7edb0b974e40005d5d76ec409a98e6dbf74d0c5b4d187ba0d58285b2774d9591,-2.102416794841755,196.0,0.7628392103600867,0.0023592604457302,69.0,124.0,0.7584470663653609,0.2435439073241261,5.139459871880535e-57,0.1663604093049291,7.08293653223614,0.123096061329333,222.0,6.187230304164961,0.0134705556899347,13.0,0.1128332300061996,148.0,4.665006427089308,1.0,0.1192201116036716,0.1727257649360555,1.0,3.127863120485033,0.1957922358625054,0.1271649479238365,0.1921884686918785,0.2331060136391816,1.194629452957584,30870.433334498004
7f60d4c90d623b2d4d30b4df58f951c244637371ac93bcfd36374b7a82121f5d,-4.237823964463236,382.0,0.7029292206788066,0.0129127538168844,49.0,169.0,0.6862008403510915,0.0005682145754326,2.5080821738801943e-34,-1.6992748303150336e-05,7.090220832831934,-0.0145421535438208,188.0,6.245281526355267,0.0095953946369159,14.0,0.8140111593304402,109.0,4.715628677160391,1.0,-0.0095442803973426,0.0316382360939571,1.0,3.1589721212517263,0.0383225751690882,-0.0034495807268252,0.1512709237445753,0.1934283942963422,0.968545064063392,-12076.127798842434
8097587729935b9b340fb933a512af18fa37233601aa4bd487e439a646359ab9,-5.938067071474831,59.0,0.3857259537942631,0.1164198935233562,57.0,100.0,0.3735476878361619,2.2956092070741442e-07,0.4917699615281639,-0.0823276098100952,7.0032354351317085,-0.0779762018680472,185.0,6.170391683049044,0.1039607152774443,13.0,0.7141971481711098,110.0,4.668439755145505,1.0,0.0191680881753418,-0.0854790489075282,1.0,3.146071566333944,-0.0341023719510071,0.009193891093099,0.101673899566026,0.2021078735275883,0.1325164614471585,112087.98222254784
8203ff88388384a6f9ed28664e8e9484119ff340cb7dc0811a15194b3a507f0e,-3.749723877886922,97.0,0.613126750482023,0.0378430806861364,45.0,106.0,0.6229325108885997,0.0034656871439072,3.4977838374289014e-14,-0.029421524326107,7.079805775358642,-0.0498748862480007,195.0,6.221852589711499,0.1029009784965388,10.0,0.847489150650961,109.0,4.701210603269633,1.0,0.1081489593889324,-0.0865819028532192,1.0,3.1510928698182425,0.0171447305070713,0.1024502222127647,0.0954742715437073,0.1909485430874147,0.091643273037815,2432780.5638413085
83b3aa6a0849c0947995baf420b51f111686f19e22a90ea4841f9bb69f9c0b4f,-8.256948517369823,116.0,0.5564485004179953,0.1103649069379626,26.0,90.0,0.6107663962437946,5.206264750478684e-13,6.165846273053757e-08,-0.0558264381746314,6.807524468063623,-0.1156742894746963,143.0,5.95063781678977,0.0436267568678005,11.0,0.4841909485430874,77.0,4.567183788176733,1.0,-0.0013470526393726,-0.1435921799565427,1.0,3.101353137651317,-0.1582675880535512,-0.041997010794441,0.101673899566026,0.1971481711097334,0.5752061312178347,-548640.6011978624
83e948cf4e2adc7e439d35105ef2651e6bb6790e2d4b55e8a9ef1ac146f18aa8,-5.121693869933421,100.0,0.4360302773422654,0.0491568867347918,59.0,81.0,0.4069099243132037,1.2677153385004677e-05,0.4487159338433857,-0.0206725512715402,7.009613341614703,-0.036516918403128,194.0,6.158182580042512,0.0655508457899482,12.0,0.9640421574705518,121.0,4.658310247543923,1.0,0.017798122263181,-0.0432743196828009,1.0,3.128437385166257,0.0032505055171621,0.0106200353006473,0.1215127092374457,0.2002479851208927,0.4233400133389562,-333787.5061537478
85cff28b83792428e039e986e5d5554318a9678f111ec9a6f65ae2956f25ed18,-5.734819030650243,118.0,0.2890950790939312,0.0381016644888479,68.0,57.0,0.234939056577685,6.474841172406187e-07,8.6732188659755e-08,-0.0213597058156653,7.0893980485242665,9.16055560315786e-06,211.0,6.171815543859645,0.0039247343497277,10.0,0.5666460012399256,135.0,4.650784407225412,1.0,0.0328480361110813,0.0333766869901716,1.0,3.128685819326756,0.027521678158484,0.0915264630795601,0.0285182889026658,0.1413515189088654,0.998636225281896,-1730364.3937996072
8605dbd8e5f2fa8ce97a0b14b7abb26cb7deebf19748962f3de909e9fc355288,-4.980698878791902,123.0,0.4478811994464126,0.0870481586320323,55.0,60.0,0.4919566976679634,2.423025013030036e-05,0.0007295958165339,0.0047573170596959,6.7002107744665,0.0206904810848737,181.0,5.728440457763606,0.0256249310886679,11.0,0.2287662740235585,109.0,4.364791910344456,1.0,0.0433040110384345,-0.064563596598985,1.0,2.9737080479202915,0.0721386388037492,0.016652934771049,0.1171729696218226,0.2362058276503409,0.7747287576259176,-469323.42842941696
8629c63faa856cb5bc942aea153ff857d2b15ff719d64d44f521a85580549ef7,-5.439344225409712,11.0,-0.0157489253384955,0.3368779889727825,75.0,15.0,-0.3772085923247086,2.7988910858044854e-06,0.4413557502493798,-0.0948788516322584,4.465232688487664,-0.1112970995359004,267.0,3.5628439022233924,0.1026286954103284,11.0,0.1332920024798511,249.0,3.0042062904991,0.0,0.0322028065755533,-0.3159600796645578,0.0,2.370738405693904,-0.2639539209353326,0.4239768244655987,0.0991940483570985,0.1983880967141971,0.3674869282845268,-51088.255292788366
875652920ad86e74f898a9dfa1a0a6d75c94f7aa794d3591659111603c7ff872,-6.507897241251388,143.0,0.3696673321001655,0.0344853812670011,58.0,72.0,0.2946257739474417,1.1192124019152904e-08,0.8567728334612783,0.0119114029268901,6.972248306039107,0.0035428137498332,188.0,6.037537347929225,0.0215952562170659,14.0,0.6416615003099815,120.0,4.584961383312713,1.0,0.0659120865885758,0.0131672865163964,1.0,3.0916266753130923,-0.003669304207381,0.040900176208154,0.1153130812151271,0.1704897706137631,0.7769914801234151,-851485.527099412
8911ae3261aac5969b8c80b37d4edc8bf3a7a49860f633ad4c591531d6ba9286,-5.967540382081308,19.0,0.0569591238604728,0.0086027950322675,78.0,13.0,0.0504940444937706,1.9713751210542805e-07,0.0007909212947923,0.0287250400953385,6.86451922147864,0.0296156966524968,234.0,6.022177425125168,0.0964894489232492,14.0,0.2362058276503409,156.0,4.61482379263151,1.0,0.0439032276184968,0.247076168542644,1.0,3.120929275276967,-0.1525690246965445,0.0737544710520136,0.1010539367637941,0.2014879107253565,0.0430979612740628,-3693.497676763096
89fc22f6043f96ffe889008cc665d08953fc1dfcf48f37accd411091c405af6b,-11.41349683973998,147.0,0.0543821276339842,0.0267072317248374,41.0,84.0,0.0077530145446006,7.155006750719309e-21,0.3068980139079136,0.0612344078946074,6.567706148418649,0.042022103728045,186.0,5.82611284586559,0.0250117490966372,11.0,0.9249845009299442,89.0,4.454729397538712,1.0,-0.1243480055220628,0.109874095626464,1.0,3.030900560571781,-0.0134709587526875,-0.0392411237518543,0.0979541227526348,0.2138871667699938,1.922043825479431,333341.9058773511
8a3b5e4fd8e6d07528c9c135b7870bcb762579cfe7482293206f2eccd15ba1bb,-4.850397136137562,110.0,0.1584015185011757,0.0090861640696294,72.0,86.0,0.1339485838377939,4.3516011131652025e-05,4.208873854203998e-05,0.059282241649088,7.138223566905852,0.0582148968314988,205.0,6.261397193307767,0.1020292211186802,11.0,0.1649101053936763,138.0,4.712266206529579,1.0,-0.0492717045386858,0.0526053690216674,1.0,3.1584582658018108,0.0164357492167627,-0.0421405257964974,0.1022938623682579,0.2027278363298202,0.0696432112342129,95111.69131265908
8b88d592a5c878010087aa788b9f155f12bde628f3b1918fe39283dfd5482f3b,-3.4137562911459947,90.0,0.4987099135896377,0.0124215615954841,72.0,66.0,0.4699421743025919,0.0104987646745704,5.2431165180657094e-23,0.0209320230263299,7.062709810403332,0.0671400490928132,197.0,6.192428126318686,0.1072274028056716,14.0,0.3248605083694978,125.0,4.679359708306582,1.0,0.0149146813717461,-0.0954495375364199,1.0,3.14539627392844,0.062247227124374,0.0499807911685766,0.0998140111593304,0.2014879107253565,0.0932951755117457,80334.34339695856
8c9ce0de516e04d52c78b54b7d51a5fbe406bdcc2e61d19d18646b064488947d,-3.608986545668995,13.0,-0.0729992694030757,0.3291578615319443,66.0,13.0,-0.1713999749165201,0.005591530221832,0.2286434415465019,0.022249783823057,6.511491499671553,-0.208902892416931,163.0,5.696041208406465,0.0961176448914994,16.0,0.2796032238065716,92.0,4.4369232980180255,1.0,-0.1391112880411592,-0.2543637114366026,1.0,3.03440085350776,-0.2063545268828928,-0.1471195372863654,0.0979541227526348,0.2095474271543707,0.739779681005053,49124.56683648408
8f4126a9adc0ca313d072d4bf1466f1d8126e1690905727f76199623f43c7758,-0.6733023090513895,5.0,-0.0002742235699487,0.3671067774645162,80.0,3.0,-0.4148787400232825,0.85354418854822,4.954825505263837e-06,-0.0549341342509126,4.561523210420283,-0.0556256082245746,267.0,3.666384709882146,0.1040827943839504,12.0,0.5089894606323621,265.0,3.09481122364182,0.0,-0.2758862867079798,0.2094991772431323,0.0,2.378061434918957,-0.0064955936534884,0.3978902762334098,0.0985740855548667,0.1952882827030378,0.3704392271185343,-28986.939659009902
8f64c85bf73f1e1eb6fb78db614d1d1fcec30675865e78cc50f53e75f73f020f,-4.669821399417053,299.0,0.5812671812516971,0.0639422818094041,49.0,69.0,0.5863702355697813,9.585179678379931e-05,0.2832566738993304,-0.0671090270085899,6.654267596887971,-0.1179720011716973,156.0,5.785309362665806,0.0330368558705123,11.0,0.2634841909485431,93.0,4.434183708223015,1.0,0.0408078112568699,-0.0944536303354616,1.0,3.030406127402646,-0.0836518832752705,0.0195371006724227,0.1010539367637941,0.1928084314941103,0.3848367148912835,-145607.1832526807
90f265dbab06604cd812b04c19f48b36181836d52c1cbac060332585afb7513d,-5.162639190561723,339.0,0.5150961597444987,0.0991366506119237,24.0,91.0,0.5086146792219417,1.0474993319290196e-05,8.026463359137853e-23,-0.0189556286908071,5.692498423455711,-0.0095976876051359,94.0,4.966819380809437,0.0161938809779683,12.0,0.9590824550526968,58.0,3.928241761338776,1.0,-0.1606138153421136,-0.0702713591787461,1.0,2.779150738178153,-0.0717007942495824,-0.0878678992218574,0.0409175449473031,0.1277123372597644,0.6777881689871885,-69189.72520086984
93d4c31373200d74272af6e0feb443ea1206b83034d563ad7bc934e89b12e170,-4.713693100195247,234.0,0.2669422187665663,0.0146820989604336,68.0,28.0,0.21598791345624,7.930726977681728e-05,0.1143763057541312,0.0690762168356625,6.981103218143367,0.0552196152474972,196.0,6.055009792815392,0.1017550568565741,14.0,0.0936143831370117,130.0,4.593763889202464,1.0,0.0014036122450626,-0.0459974713081584,1.0,3.0916849251316325,0.1217436302570978,0.059240837823562,0.101673899566026,0.2002479851208927,0.0955221922910402,1563487.2950935843
9467f3a8269960c7cf5eb6be3010d6a7b4d6ede14fae5e2ca2b58279c82d56e0,-8.75495161470985,82.0,0.5114376042433715,0.1301239289442928,29.0,80.0,0.5688710884178155,2.7714954568329914e-14,0.1613061250148413,-0.0766801530375334,6.8447709623932536,-0.1286171497821109,158.0,6.027887512830726,0.1813026141201124,11.0,0.1890886546807191,76.0,4.60744219160501,1.0,-0.0055636236281576,-0.140623416283625,1.0,3.1203779565564087,-0.1483839240778415,-0.0374892913331735,0.124612523248605,0.2275263484190948,0.7715886387110853,-11956.0265553008
958dcb47a429872162819393ea642e7cc1f60f233c190097226a4fe3ed7651b6,-2.945197788844492,184.0,0.4803407942757131,0.0235880303529645,70.0,47.0,0.4503082937387747,0.0403389270106726,2.735201039071221e-33,0.2184612242199883,6.674626578557856,0.1992650753785434,198.0,5.664498379418795,0.116985930718411,13.0,0.8629882207067576,160.0,4.331213833757489,1.0,-0.07529916758778,-0.1310826742501334,1.0,2.9607420830139493,-0.0232878669324544,0.0140609135947986,0.0942343459392436,0.1996280223186609,0.3113701863372466,-235456.3504108712
96b14a4f4e75557932044a3728918aa04102f9aa1dcd6e5ae8fd0e77b68b3dbf,4.04497101204017,1090.0,0.9689405921236216,0.0002755504427638,54.0,523.0,0.9687573044483456,1.0,0.0,0.1189632965705604,6.824548020259607,0.0239050576406145,173.0,5.907681306578428,0.0082557292449591,9.0,0.0483570985740855,113.0,4.527952778258575,0.0,0.0242745278055921,-0.0188197051753983,0.0,3.070627179471595,0.0071798587437382,0.0058069521299073,0.5406075635461872,0.6912585244885306,1.137480737608624,260799.6654609065
96f5987d71fed507d96894deb9dc4079c41e556c4c778a433c39f6102cc9fd0b,-5.968962352828938,84.0,0.1296263000110003,0.0085817254015,72.0,26.0,0.1103003758163884,1.9569227962071385e-07,0.2318376028385748,0.0059103322901507,6.913052821030156,0.039057484233668,196.0,6.005611578945012,0.1050659351372323,13.0,0.1419714817110973,130.0,4.5977023000359,1.0,-0.2900868171811266,0.0610155999452792,1.0,3.138842062042982,0.0380742885346052,0.0855346915761575,0.0985740855548667,0.1946683199008059,0.5444350321312178,-142252.896585665
9716f5e6c17a74264f711efd048b5db43c2b430ca2caba594511d0add146a028,-7.669173607628338,38.0,-0.013447399606031,0.0822932672371836,87.0,3.0,-0.1566396748122928,1.610730593915569e-11,0.5572441622882394,-0.0857029056865811,6.940126913850452,-0.0756727793734326,265.0,6.11561667202622,0.0883792202603944,16.0,0.2535647861128333,233.0,4.6601295562502,1.0,-0.2787840363945073,0.0042625346419596,1.0,3.134545859767898,-0.0115251594939329,-0.1601166771069797,0.1010539367637941,0.1971481711097334,0.8737200992680922,140617.02748282073
97cad375514e2872059beec9e283eea375309cb414d69fb1b76a3d3e81067a9d,-10.416688674687064,62.0,0.0073327214795198,0.0454748693858093,57.0,13.0,-0.0782869470755916,1.7469956835223805e-18,0.1481205023391008,-0.017652032687937,6.514408371427772,0.0458405445926956,181.0,5.558568115180317,0.0555793069322115,14.0,0.9225046497210168,105.0,4.275432054613741,1.0,-0.005975093986224,-0.2116640628791451,1.0,2.926368378584744,0.081727094465607,0.0333417990708549,0.1128332300061996,0.2281463112213267,1.814053453113248,-168802.60461028866
9bce5e2ee302cba459ff2ca75e37cdb0dba32118fe1fd0762eb4726f214eefbf,-9.218393694419833,14.0,-0.0083321993838447,0.0213377961598923,66.0,11.0,-0.060334367341481,1.807604559765912e-15,0.5156638862981889,-0.0579091281558774,6.019902125075779,-0.0641002309325866,253.0,5.065343460261879,0.1018763224174038,13.0,0.4308741475511469,222.0,4.121079866083614,1.0,-0.1553383858934577,-0.2721061010159437,1.0,2.9950771088319508,-0.142703825253002,0.108823203633467,0.101673899566026,0.2021078735275883,0.1246584458813338,11985.609551103871
9cb3bf8836e684a7054f0ffdf528fd63c3cdf6dd0de7fd18fe3da4b0830a349a,-2.143706491966663,236.0,0.8494818698999833,0.0043075826885036,52.0,163.0,0.8529434215525717,0.2273068504392747,9.723522556966932e-07,0.1075014141157067,6.864178391328151,0.1044006598445348,169.0,5.948724099470168,0.0244455844230739,11.0,0.3298202107873528,106.0,4.516884821672511,1.0,0.1001272887034844,-0.032141748165441,0.0,3.0593944182446497,-0.0220898764945671,0.1108935980475173,0.171109733415995,0.2145071295722256,0.7557850138972186,15097.722063533452
9d133e10efe8865e06a5ad5690b94a1efc90fb7d89a6305638f2ee8dcc4f918e,-1.1877179667697697,431.0,0.7851431046905393,0.001263176757501,58.0,822.0,0.7710581992299097,0.6788566919134001,0.0,-0.0218664572531137,7.06705927792246,0.0297871128538809,208.0,6.180026740113176,0.1087468036615092,8.0,0.9981401115933044,120.0,4.653572834057751,1.0,0.2016982979467311,-0.0010230270178968,1.0,3.122369890611231,0.0047052963558819,0.28861893836137,0.120272783632982,0.2380657160570365,0.1432048299776477,-21745.45575108692
9ec1699a6d1388ea6aeeb85e55133f7c519f2b911090b6c72888c6e159f76bb4,-5.522106165513802,217.0,0.626301240388137,0.049170900184883,48.0,127.0,0.6568762622026096,1.8675987304353453e-06,0.0223335264955704,-0.0205215118757139,7.099907198413909,-0.0261576229441139,203.0,6.22168264114077,0.0855558862418316,9.0,0.8406695598264105,124.0,4.6912279374118935,1.0,0.0710601065936158,-0.0085811540854135,1.0,3.138547070614756,-0.0522624461082379,-0.046123822407,0.0936143831370117,0.1983880967141971,0.2465568783646216,-53812.12998804871
9f7c42b1b5e58255e47691a7b28b08272a9e6a7db596871d300d5ed6a0363e35,-7.833668438438842,113.0,0.0633943009714193,0.0502747365688687,80.0,15.0,-0.0359577525040031,6.196535953721704e-12,0.4036058446836289,0.1360405423865028,6.099911336031754,0.0894119354738783,240.0,5.143033524338069,0.0930768474612809,10.0,0.3118412895226287,208.0,4.034815914442087,1.0,-0.1799327151546272,-0.3409823400293311,1.0,2.853845896625208,0.0912651996040742,0.0070491515566516,0.1047737135771853,0.2052076875387476,0.4474186024214098,659558.6270973037
9fd480d41076fa0ebdb0ecce20c46f3e016d91c243c66ed3ee7864e65bd37311,-5.160691106022554,157.0,0.4892071045173274,0.0373835532104351,53.0,97.0,0.4539741684150877,1.0570806353275325e-05,1.1981760386772328e-32,0.0327015989199015,6.945616081772672,0.0395615621943776,183.0,6.072971788439949,0.0124854140066518,15.0,0.0291382517048977,118.0,4.61944353479753,1.0,0.0922232954116141,0.0652537156553146,1.0,3.117399357912168,-0.0436673972851555,-0.0290823905286237,0.0669559826410415,0.1308121512709237,1.0064203080733325,-52985.34752140674
a019f985b270ae7dd0c6a6898e6992cf1b52552ad2e200434bbf5382608563c9,-8.35196584796189,272.0,0.0794419387811345,0.1051583874581733,52.0,26.0,-0.1005808216115998,2.9779851413894954e-13,0.8957517118243825,0.0185476315593931,7.090242659802662,-0.0745603953772779,183.0,6.240283767470805,0.0989422550486808,15.0,0.805951642901426,122.0,4.702258835151972,1.0,-0.1657880424057557,-0.0028487417429145,1.0,3.1567625565984723,-0.0477504876665326,-0.0032517518579395,0.1146931184128952,0.2052076875387476,1.476873355784696,275325.2337381743
a107843d9cff89380016c124f6c871b8325dba8e3843e6e51fadbe00e1ac1b7f,-10.642524100616749,100.0,0.1468461417316765,0.0550330657590569,57.0,45.0,0.0186844084816732,4.888444808086788e-19,0.4366856107530463,0.0356419850255085,7.003932113138989,-0.0270715744262912,193.0,6.113211379693174,0.1196187268186891,12.0,0.8338499690018599,120.0,4.638263215456206,1.0,0.0272707293443754,-0.010560567231056,1.0,3.1221723594610684,0.0341544156158483,0.0330022334012082,0.1401115933044017,0.2386856788592684,1.7395032560222763,131349.6753149003
a17ab90368b2f104c195bec940b7e89fad714e0dba56f062fdea8291764130bf,-5.376878667555864,141.0,0.3012483562363141,0.0592912012351018,36.0,45.0,0.274504387856087,3.78728112076409e-06,7.098951326496252e-05,-0.0339082234537167,6.334843163794065,-0.0158949763407146,126.0,5.5387911687741145,0.0027711751310748,12.0,0.7005579665220087,71.0,4.315134973384693,1.0,-0.0279951862731771,0.0854611638384687,1.0,2.9866873048060656,-0.0240701613410647,0.0026831283025357,0.1965282083075015,0.2331060136391816,3.177274644107663,28649.493757994904
a21d40a02e91fa5eb9843759376b36f1a921da03d998f9500d56ce568c93ea99,-5.602235168624132,454.0,0.7348239145481027,0.0371123792124129,41.0,96.0,0.7635877010933951,1.2571462755838842e-06,6.826596458710699e-136,-0.1022575084126071,7.003901054485572,-0.126289609117136,175.0,6.154133747008911,0.1357896032888999,11.0,0.9318040917544947,90.0,4.672123007640852,1.0,0.0078996266659544,-0.1154627578270356,1.0,3.143075895321467,-0.0768344431498638,-0.0923679276707162,0.0812151270923744,0.1593304401735895,0.8344617434415886,-295491.8553078097
a30d7905672e6f4448e0da995cdc5dba5fa015d0038fbd4efb17fa59a4874bf1,-4.52411925139879,24.0,0.1515642256935707,0.0612888434361717,67.0,12.0,0.147747786243456,0.000177821327489,2.4163463964019752e-52,0.1180866524469346,5.8853378849383216,0.117628807439395,201.0,5.141971307428393,0.0768129719675551,11.0,0.8698078115313082,160.0,4.048187299799536,1.0,-0.2092562684493072,0.2439046367786097,1.0,2.8756229893035745,-0.0843704380055425,0.3496367759952221,0.0750154990700558,0.152510849349039,0.5548981043845757,-107544.19701843728
a37c8fded428afea9129d60188d1fd85f52da833f3361c335422b0a29f2aa32e,-8.328775811409256,107.0,0.0626014348642258,0.0349336758134039,64.0,21.0,-0.004417282271853,3.413192075712719e-13,0.686486521314627,0.045892422770196,7.116537190988245,0.0847830208489558,189.0,6.25913104544415,0.0739182160050123,11.0,0.3775573465592065,136.0,4.721513286763722,1.0,-0.113844670051902,-0.2079802047500135,1.0,3.159910048803039,-0.0239860832366817,0.1512415181563343,0.1171729696218226,0.21264724116553,1.4931284909146356,109985.93174581004
a3b37937f21168e8f66b6622969f923412de4427a53df66d5a470d3b32f6b667,-9.922565560982656,30.0,-0.0511456272532691,0.1311556572810716,59.0,24.0,-0.2480516886413346,2.9642539659591535e-17,0.3966179494194968,0.08187446956703,6.451737091517449,0.0567528157830288,216.0,5.566324456374056,0.0988671739594161,15.0,0.7668939863608184,174.0,4.334022505153282,1.0,-0.0777319819752132,-0.1300319873878569,1.0,2.9905314933814453,-0.0285808947268401,0.0366794687158347,0.1029138251704897,0.2052076875387476,0.4156801859777009,15724.215555732924
a42179717edc415cf05ac1080ef5e3a639031cd994fcaba58086b97935a5859c,-8.204225026674095,73.0,0.5362004687939758,0.1243947131636108,19.0,84.0,0.5948023375588394,7.095761995023988e-13,0.0773847151666613,-0.0488891716453965,6.014499557545864,-0.139801392893931,90.0,5.220029354037795,0.0876273068354513,11.0,0.5610663360198388,54.0,4.094284507278672,1.0,-0.0811669401319364,-0.1305203446093851,1.0,2.8758230738605537,-0.0745159599905911,-0.1443951694241599,0.0991940483570985,0.2058276503409795,0.3649805026001795,-176439.73274919734
a4d811c4d9232a14b4b863f7b290600a6a40ae804a8726ff693d2743e72317cc,-6.4590998157698,47.0,0.2119462470817454,0.0550115324942852,48.0,81.0,0.1926267843392972,1.4582805876129862e-08,1.3708342913070158e-14,-0.0278530497365892,6.872170115520781,-0.0145538605638504,206.0,5.911104494616307,0.1018851678766737,15.0,0.6701797892126473,162.0,4.53223141788714,1.0,0.046756817862337,0.026491300393216,1.0,3.081871087530377,-0.0715463504730842,0.1093660184594095,0.1022938623682579,0.2039677619342839,0.0601120857494603,-31346.202529007296
a527539c1c2cc6d4ecac23d5e4d23259d5eba8f793d714c5500d1bb70d5c4957,-8.275050716892725,88.0,0.1228116946200526,0.0103320845290465,62.0,64.0,0.121824512782602,4.68091873348605e-13,0.1469358887006448,0.0686711680695675,7.062084809230187,0.0697885480446008,195.0,6.16761516041258,0.0919142059495685,11.0,0.1971481711097333,131.0,4.685471496914932,1.0,-0.0610271105954902,0.1202626913216968,1.0,3.148390466655047,0.0211054465194312,0.166626618169793,0.0929944203347799,0.1903285802851829,0.1825946940372835,-40313.47750280539
a5b8230ae0bdd82adf06ef357f88d1d70289049c125b146dfb16e972a9a4990d,-4.814767743395755,142.0,0.4838891224420005,0.0338634977379672,54.0,86.0,0.4565771386586442,5.0956482317657376e-05,2.764019728035237e-19,-0.0072026465942384,6.850277203977653,-0.0094346681563919,184.0,5.988494786384408,0.0025793808127998,12.0,0.1115933044017358,109.0,4.563633769584225,1.0,0.1258316605538121,0.0604493124997485,1.0,3.087930672546605,0.0111652391513719,0.080497663292589,0.1704897706137631,0.34221946683199,1.2888296400176755,-392764.8345968837
a622955216602cff21b853e8f794e088c1279804b7f147628e01aef85781ec25,-6.616667943902196,65.0,0.1323688689693763,0.0227687906548407,55.0,11.0,0.0767968516714484,6.182576519215315e-09,0.5388588292968471,-0.1183859749745931,6.920198379267385,-0.1023591478626029,215.0,6.044387574206149,0.0902876046019368,14.0,0.7402355858648482,138.0,4.598503873466442,1.0,0.019645763751284,-0.3037645070607482,1.0,3.098536908315056,0.0992968874195223,0.2027850040443865,0.1060136391816491,0.2052076875387476,0.5556603223239855,43534.71033361215
a64286a4880fb2a1b6a4e859ffadbe91d0a1dcd5db2c636d8a89f746fb94abf4,-6.920826630900112,68.0,0.1189544232452829,0.0041646487321165,74.0,19.0,0.1215093442476559,1.1476818148603004e-09,2.606494679870552e-05,0.0191493627615351,7.145916423563566,0.0202794481901685,216.0,6.2787938158586565,0.02572473229987,12.0,0.5747055176689398,141.0,4.735317268497356,1.0,0.0769617355512282,0.0128353465695077,1.0,3.1604858840728545,0.0815745630053288,0.0714621978365412,0.1022938623682579,0.1649101053936763,1.0050147795062592,-61628.78886875115
a7be450719c68f1945562460a945e08558e7ce7a22e8eb6278312d12eb669ba5,-4.02006823969663,350.0,0.612823485676288,0.0365415695644485,54.0,60.0,0.6226321440323045,0.0013089978146039,1.2348445587866793e-29,0.0017461081801898,6.347212044760253,-0.0204582624637488,146.0,5.565176647757252,0.000111344755375,12.0,0.6410415375077496,103.0,4.318573785712243,0.0,0.0981895243465913,-0.00088994975917,0.0,2.974801008506704,-0.0146165378064705,0.0580458261275655,0.1264724116553006,0.2225666460012399,1.0664966410300545,257869.34441123795
a8ce38b224897ef1a0d5d9fe15deae3a9fc8cc372678465d537246957b023298,-7.71761504183815,34.0,-0.0011515982602713,0.0214234804955299,61.0,20.0,-0.0584296564381569,1.2163858058083848e-11,0.8752581768465562,-0.0400499678532608,6.106588469374891,-0.0443758445975833,242.0,5.0795463636587215,0.0712244826952113,14.0,0.3639181649101054,184.0,3.9198999333311737,1.0,0.0016586699104565,-0.1032151230358639,1.0,2.766459584245065,-0.0519232802180631,0.0011214083209918,0.1047737135771853,0.2033477991320521,0.6547544910487911,36086.8389525014
a95134785644bf134a3cc2472a9ac37f2d831b541f5d5fb5372e02c4a2e03faf,-5.561298953260011,91.0,0.4475225374454094,0.1060297660229333,45.0,63.0,0.4719154322585436,1.5396470294118457e-06,0.4103244584162292,-0.010524674828721,6.892922894659653,-0.0305570208856927,167.0,6.007864629855503,0.051756979703811,10.0,0.7749535027898327,107.0,4.57802427016488,1.0,0.0928959405130802,-0.0412734586574799,0.0,3.093057897124764,-0.026543695528411,0.0168567306539435,0.0979541227526348,0.1903285802851829,0.509128619601942,-10505.733088099958
a9fb20bf834bfd85d6c5caca1106e2f81ddf25a9c7074ae594af192b9d763898,-6.721730666814481,65.0,0.4475394664201987,0.1355352232145306,41.0,94.0,0.4640648202758347,3.4693579026509636e-09,4.451510178560164e-11,-0.0730101571013567,6.733236902791646,-0.1076696221865882,149.0,5.889644496626067,0.102438244914637,13.0,0.805951642901426,83.0,4.506341395080932,1.0,-0.0431546296225141,-0.0964983538993002,1.0,3.064401413626897,-0.0858206914396102,-0.0801280231560536,0.1134531928084315,0.2151270923744575,0.3381162182924204,66133.63772550372
adb0596b87afe268203ef15ae3f8d98fa22dc2484da6fefc301cab6125354eff,-4.124551322642208,96.0,0.5692678510063895,0.0610743658569863,59.0,76.0,0.5888051279756383,0.0008818768293963,4.452592032636702e-49,0.0282485484524119,7.012048014920272,0.0206466219015978,210.0,6.087333675747397,0.0681135164982701,13.0,0.9039057656540608,116.0,4.607967347281784,1.0,0.0880164852158977,-4.494322088077598e-05,1.0,3.097961431417336,0.0241691635622218,-0.0007950368652355,0.1190328580285182,0.2244265344079355,0.4376925065943431,-826446.6018407784
adf7a08a361395a0628218dfce41e009094997399692f3b2be4eb6e439e93694,-6.021019548801829,67.0,0.4068122875438844,0.0600605334380539,63.0,59.0,0.4476102603072706,1.4937036986497528e-07,4.421806564068678e-12,-0.063236685358958,7.1527204104245135,-0.0671477989859257,230.0,6.271800780459156,0.1062387847381942,12.0,0.133911965282083,157.0,4.718954044794867,1.0,0.224780103444653,0.0900074349649011,1.0,3.1604063091958885,-0.0820817683372442,0.1367798131092669,0.1066336019838809,0.21264724116553,0.1706012757774773,-85039.52658271737
b0a50aee9beb172403aa7a2d95560212a963e77d01b6ea9cd8d26a2b4a3798d0,-7.1822078644696985,68.0,0.4893866920623296,0.1281013442768897,35.0,91.0,0.5285055310448734,2.631993535579684e-10,0.0002973493339711,-0.0395779108482979,6.810385992400164,-0.0675158497982042,152.0,5.947470883435281,0.0913800488144791,10.0,0.7321760694358339,85.0,4.555333588380739,1.0,-0.0753886590547646,-0.0840957957753833,1.0,3.09729413596468,-0.1481295927083887,-0.1438386303484823,0.1035337879727216,0.2095474271543707,0.4031506439345512,23383.742493106474
b200945b3dd7c23a6e1c971016f448d15002495c7052015d02a6ffee8799cefc,-6.123455340704796,337.0,0.5177195557645984,0.1025835837306335,25.0,95.0,0.5080513398099534,8.74253310973423e-08,5.221973178710446e-49,0.0039993044123419,5.042288670196878,-0.0267543460182455,89.0,4.389500531297902,0.022754949225966,12.0,0.9615623062616244,57.0,3.493233590045767,1.0,-0.2041689171497738,-0.0359276802013587,1.0,2.505799563324916,-0.0765137772464181,-0.1203535427270515,0.0824550526968381,0.1642901425914445,0.7013706402160357,-1005532.9665958806
b226f37743e2a4cc6527ed30c845d8f7072fd17fd21e8305e60127a0495eda9d,-4.635747170765031,370.0,0.4275866510511639,0.0422387939083592,57.0,66.0,0.4152210994094266,0.0001109288064493,4.6508999556760274e-23,0.1714248442578357,7.092014034968231,0.1340198525419755,197.0,6.203820073393652,0.0299691899144236,10.0,0.7067575945443274,126.0,4.700625398091452,1.0,0.0843896601578318,-0.1225594095577378,1.0,3.1549788939744685,0.0835436222654063,0.1446659847471777,0.1320520768753874,0.2293862368257904,0.6171618300840619,-216526.5731873072
b2c7f8644a16c0582f901aa5550cf4c2b2e24097397f02d2e9a4121c04b18e98,-6.54775971979159,73.0,0.4231394839696234,0.1205213959655358,38.0,83.0,0.4622443874226022,9.009517295444524e-09,0.3205041846923797,-0.180273848880854,6.200195762565143,-0.129269832355341,129.0,5.423541638669779,0.0823240502956342,12.0,0.6658400495970243,63.0,4.26021069781726,1.0,0.0873057306069188,-0.0227308395097631,1.0,2.968424724645182,0.013791469268985,0.041216002294522,0.1171729696218226,0.2101673899566026,0.6289775141929345,-73794.15822858532
b5a7268b0f0daf1aef7abd145c4bdb9d14ddf8744ef9f618ae009053db44c2ec,-7.1303923888032905,67.0,0.4566881308118609,0.1129831835173319,50.0,80.0,0.5049054389942784,3.530174258285709e-10,0.1663639918801979,-0.0048066837096162,7.066680639025037,-0.0170119447185021,182.0,6.2256578372824976,0.0976710294639262,12.0,0.3050216986980781,104.0,4.703896466806538,1.0,0.0820006475595076,-0.0033492681807148,1.0,3.152225877092276,-0.0245323655699349,0.1172448191881112,0.101673899566026,0.1959082455052697,0.3404203069984285,-105237.35065683424
b5b2a4cca67d4e048cb7e4f46f18bb2b5fa75ba583f70192476df943491d9217,-3.5057712117554907,269.0,0.6401926121515447,0.0158116037947555,61.0,100.0,0.6041671199035882,0.0078401082805492,2.6804230224629568e-77,-0.0672373842422402,7.021886502653844,-0.0178175537829593,192.0,6.137352206941637,0.096161989860497,9.0,0.6441413515189089,125.0,4.653205953982861,1.0,0.1505204752517469,-0.0839031118134284,1.0,3.137280117006969,0.1100049936596537,0.0013925308984065,0.0849349039057656,0.1723496590204587,0.4488448156723278,-56494.2836887043
b6ea38d43373e0fb133096d98b66f96fa878d5007503dd3e6aa115cafcd5f960,-7.437483996906272,73.0,0.4919265272752933,0.1141766510723858,43.0,95.0,0.5372412127263044,6.128811983366166e-11,1.078472247416037e-15,-0.0013731574285571,6.777107925440022,-0.0498531408427876,153.0,5.950308378881618,0.1022210715320052,11.0,0.5709857408555487,91.0,4.569939753152374,1.0,0.0915478660418044,-0.068381255997035,1.0,3.1062216649710503,-0.0922355989894076,0.0287125593177047,0.0917544947303161,0.1841289522628642,0.3405281583116798,-122659.46285282538
b782103b2a210618b499a0e762dd70d3ad3a0a97dadbbaff70a6b93e8ed919d7,-4.62161890071663,155.0,0.4388226932544611,0.0364675714971006,61.0,64.0,0.4255372113315514,0.0001178228911518,0.0033887288864095,-0.0075538034125495,7.180553838984678,0.0024749300768858,216.0,6.325149072919947,0.0107960797926367,12.0,0.6646001239925605,142.0,4.741433631326936,1.0,0.1624051703512797,0.0796060528466804,1.0,3.169547040559489,0.0182553665626863,0.0912012261558484,0.0898946063236205,0.1673899566026038,0.7064292024604386,167490.34674808686
b8fade4b5b4899584a8aef8301462586ab552c6a99398a9dd4325e0db5fd7898,-5.352270615789701,352.0,0.5197767681303451,0.0631015004167396,39.0,84.0,0.5082149378625036,4.263467903889882e-06,0.7008061729367656,-0.3145373832297342,5.91844218347733,-0.2061343110350328,232.0,5.171528396070855,0.0113617245088046,18.0,0.5678859268443893,161.0,4.231533548337491,1.0,-0.3008698243759861,-0.6765217922217874,1.0,2.9974160009068824,-0.1890834803598,0.5821968287686833,0.0936143831370117,0.184748915065096,0.7140720237831764,-369145.5806129463
b9226e5e4153be38c56eb544a3933ec6718218660987db13928442e3ce5ef6ab,-3.4611743541726114,127.0,0.7322336492803171,0.0166261340861323,56.0,100.0,0.7371232655186477,0.0090420351565745,4.695524631171526e-47,0.0231810204274309,6.983250251683779,0.0012145097883771,184.0,6.070109381532631,0.0932495937594614,12.0,0.8245505269683819,122.0,4.610308129709647,1.0,0.0499389415450671,0.0037747761392859,1.0,3.1051871878120005,0.020346884142383,0.0630778767067179,0.0967141971481711,0.1853688778673279,0.1958955668604181,-58503.25686842186
b9b4cd0a58698d599c38daf3a8db16450f4c933601673403a2b62f778d7cf5c7,-7.38026038189567,36.0,0.0768102668370424,0.1375889895118794,50.0,28.0,-0.1080392293723429,8.509262522197636e-11,0.7250128945444747,0.0348524903274267,6.98958254307637,0.0390081932645059,198.0,6.107528855101091,0.0930634940923617,10.0,0.6323620582765035,130.0,4.653200221932138,1.0,-0.0210195597245778,-0.1668342811157083,1.0,3.130066567651001,-0.0735408530415729,-0.009817829801032,0.1041537507749535,0.2014879107253565,0.4600287008749051,40154.18395012502
b9ffe67ce971ec2bf68ae5d92970dae21d1a611b230807b28be13b2ea8e8beeb,-3.7666573586083336,443.0,0.7325452524605897,0.017916584649129,51.0,108.0,0.7274873706691384,0.0032674812165672,4.391038268068988e-198,0.0279699099296825,7.07118222869576,0.0114282163214469,193.0,6.219287785172439,0.0047800812395683,10.0,0.9690018598884068,115.0,4.708759276278808,1.0,-0.1150804923368624,0.0143061548640161,1.0,3.161626165024709,-0.0003105997499207,-0.0195751552566752,0.0347179169249845,0.0967141971481711,1.093283264605674,234772.09823382788
ba3b2635cf7864ae458f258396bacd7641c6c6b625154831529ce701a68a7a2b,-6.984633205406706,35.0,0.202160189874268,0.0075659242211277,77.0,21.0,0.1905160155320243,8.027449424191986e-10,3.419085603199288e-27,0.0113817129516221,7.17720049147935,0.0346297090989574,217.0,6.320734585033686,0.1024381029621164,12.0,0.0235585864848109,142.0,4.7357788196955575,1.0,0.1027468209199929,0.0450445679860099,1.0,3.158758151713906,0.0335679076461327,0.0694776357985988,0.120272783632982,0.2318660880347179,0.2318538274149647,-16668.835920332218
ba854003e05348b105e9d92c219614a8093a82bc2b53aed8f42f8084c5bf00b8,-6.062002407012682,273.0,0.5315643533044522,0.0948531180329693,44.0,220.0,0.5338215766893704,1.206356701738698e-07,9.538836115928731e-25,-0.0017172264806459,6.404320961556792,-0.0575092893375767,145.0,5.659003517137553,0.0895061601060212,14.0,0.8245505269683819,87.0,4.378690018369745,1.0,-0.0979307431984428,-0.0849449303203749,0.0,3.007406578498638,-0.0708588096944678,-0.1027631682831984,0.1878487290762554,0.2715437073775573,0.5326436013701532,-1044918.3700780644
ba8ad9b8a132d97658a86fc28faa955b6c2c24fd637f04efe297b793e3d69cff,-4.896531601313096,53.0,0.0279236986252709,0.0298296678452605,77.0,7.0,-0.0776926264383556,3.542056310045148e-05,0.20234866196788,-0.062255397015353,6.509313726776135,-0.0701372268349082,240.0,5.696823986989262,0.1396393035862412,17.0,0.9987600743955364,166.0,4.44160531914825,1.0,-0.0392951975870652,0.0313659810615277,1.0,3.0211387627461224,-0.0475053201544686,0.1282254862993173,0.12957222566646,0.2417854928704277,1.1708597217541628,23988.877537916884
bb6e5e3c07c1978e99029e1853c05958e85fb2cbe05ca72906e6666f1f5ab7ee,-6.194626842546941,76.0,0.4247262638633218,0.1106514419291885,43.0,80.0,0.4197232197454212,6.006939946377306e-08,0.2648776413824171,-0.013292292151147,7.019081351341851,-0.0486039332476683,193.0,6.148335205792789,0.0953677635822967,10.0,0.0657160570365777,103.0,4.651664061136797,1.0,0.0548271049134386,-0.0705290145144826,1.0,3.1215194230390324,-0.0008654609652049,-0.077436435817438,0.0954742715437073,0.1909485430874147,0.485991863763955,13554.59021783251
bc5b7e791a1512d0dc64b6e8c487ea92bcc63b2496f574982fcfc135de1da955,-5.235011391787862,78.0,0.2195295808734004,0.0344209128791257,49.0,90.0,0.2125502241343893,7.454678353081167e-06,8.846935923032841e-05,0.1883813858292146,6.935979596487553,0.221189469102618,187.0,6.064654716973938,0.0539887892725328,11.0,0.8363298202107874,101.0,4.602536859234462,1.0,-0.039570780055804,0.0210906070738506,1.0,3.104548633575905,-0.0519040975073531,0.0863752140177645,0.0979541227526348,0.21264724116553,0.7109866663369984,-181044.492525246
bd33ce4bbd8f9ee2f2635a94bc3b0ec5a17739e4ad551851cc44b90cecf2eada,-7.729400308670277,108.0,0.4785613503127252,0.1289475390835834,28.0,90.0,0.4881212790351835,1.1359852909254084e-11,0.0606485872611146,0.0050246498339123,4.344211880667038,-0.0958500805679332,61.0,3.852712825658615,0.0429641973625108,15.0,0.2696838189708618,36.0,3.14176028609758,1.0,-0.2098992305922963,-0.225514651135692,1.0,2.3126436844926097,-0.0059619478055275,-0.1866134855761954,0.0768753874767513,0.1959082455052697,0.6229676581689825,1628056.4996754224
be09ea8afd9eb57ef9a69e66544f8f8f016fab8cc4fc06c369a17e11be8eecaa,-5.776274631058634,18.0,0.1089924612891787,0.0017132185164158,82.0,15.0,0.0997664295886466,5.2505371682867e-07,1.3990756218793532e-14,0.0137399253852407,7.182604764227991,0.0222621096629852,218.0,6.306535776397798,0.0864211899260119,16.0,0.1723496590204587,143.0,4.739306391617246,1.0,0.050514065241437,0.0588157735201675,1.0,3.166829248311851,0.0352053828019106,0.1113282555967379,0.1413515189088654,0.2492250464972101,0.5284745967660428,-7256.466268566857
be58d43a3cd2c049eccfed0f645eff89d278fc1b45e7a08a9278c02e6214ec36,-0.91283461146062,374.0,0.9499230417889836,0.0003551910366126,56.0,635.0,0.9468625154481238,0.7837164172044604,0.0,0.0104566736619324,7.0830162323950585,0.0311360498949524,197.0,6.233848314418827,0.0700883736457326,9.0,0.0272783632982021,124.0,4.6940553179260895,1.0,0.0822215977287152,0.0492195916593256,1.0,3.1465583439563174,0.0241552155167174,0.0719576602951956,0.2424054556726596,0.4079355238685679,0.5457378756962998,781796.2862431811
c0e10070fbb1e61d25299fa9c950334bc56f9e2869b417f04c31e45660e9cfa5,-5.593153059971479,71.0,0.2598295878715029,0.0119236712237676,61.0,146.0,0.2227923664669772,1.3150917313203609e-06,1.1844384298043753e-12,0.0181076321891358,6.528842535348991,0.0331680800747094,159.0,5.595709456490696,0.1472971551647986,11.0,0.273403595784253,109.0,4.291746828157234,1.0,-0.1941322626346847,0.0145168502494393,1.0,2.9324657450220384,0.0512947066576498,0.1657399487292866,0.1035337879727216,0.2839429634221946,0.7283286925924771,-60616.437605467465
c312437e176c2fe51fe5e71ecfe7f04c0c7bdcca0fee53a668e4ecb61e96783a,-9.23569662102945,95.0,0.5293123225008598,0.1357962904780824,14.0,71.0,0.5921686546299414,1.632806324079143e-15,0.2747200695904725,0.0126275660271677,5.325637057777365,0.0049993940929682,80.0,4.648537696386061,0.054203479860096,11.0,0.0911345319280843,49.0,3.712764918025574,1.0,-0.3427223666228475,-0.2779036896501567,1.0,2.688169385725616,-0.0684864282043503,-0.1162555834614001,0.1140731556106633,0.2145071295722256,0.7929742337883293,43248.17315148987
c4a448684099b4e14266f3f52f199d35c460cabf80d9524a991a8834f7f2b29e,-7.01139546456899,67.0,0.3867479754230147,0.1341492706276794,42.0,88.0,0.3908744255360442,6.90700422068988e-10,4.027497029608828e-05,-0.0206368985672334,6.973661030244321,-0.0811141882572186,175.0,6.090534690093296,0.0690436525612326,12.0,0.7334159950402976,99.0,4.632784126170591,1.0,0.0469677582775173,-0.086074454213553,1.0,3.124136226370644,-0.0255274572217731,0.010430860071189,0.1277123372597644,0.221946683199008,0.4797371613542917,-55950.07100172016
c527d3d2a22aa19f8711437bf8c0783162892f93f322b42b77a7cf08662c518a,-4.533764544865551,91.0,0.4976884679509929,0.0218036879981649,60.0,133.0,0.4607780966287457,0.0001707865209239,5.7742231565548335e-81,0.0197162432117225,7.014861108718259,0.008665038358366,194.0,6.123322783328183,0.0966189514794535,12.0,0.8735275883446993,125.0,4.620384024871271,1.0,0.1056857207478066,0.0203297721262153,1.0,3.10611048085016,-0.0124334037727105,0.0856308359899888,0.0861748295102293,0.1673899566026038,0.2044256799854312,143662.68383517698
c61dc2a0daa954737cd176c57697319fa74ca7cb43dc666f509f7375c5f1fe8b,-6.841679008187839,116.0,0.6094675081564491,0.0847769274959018,23.0,98.0,0.6576525155479012,1.7846371109088015e-09,1.985015885907197e-72,-0.0660483204440551,6.1490881199850085,-0.1334434142558939,98.0,5.39816305651936,0.1294164065225856,11.0,0.1184128952262864,45.0,4.256457427624101,1.0,-0.0346699249213056,-0.1000285862229424,1.0,2.9970640333082548,-0.1564946592552516,-0.0931188256525414,0.1587104773713577,0.2734035957842529,0.5050556099535877,-81838.6770826466
c6838761921e71d6e6e7c56d706d7472c3a980d6424a7f214720f81cc73384d3,-7.816296738600895,63.0,0.4382123066467482,0.1211759746500024,25.0,83.0,0.4788224675558935,6.8558335752315346e-12,0.699713145675453,0.0959514553861624,6.339890402805503,0.0309244759145633,124.0,5.548068558442159,0.0946350267406656,10.0,0.7991320520768754,71.0,4.307621028968282,1.0,0.1575078308551317,-0.0160175809076796,1.0,2.9769643216765047,-0.0133487058895095,0.1665548534236796,0.1010539367637941,0.2052076875387476,0.468921763302754,-56169.52222305884
c6c0762087a90d721b8810bd0fece17d66ceec632d5464cd9f43ef2b905d6334,-6.703690276645125,65.0,0.447329903490912,0.1355999183518418,41.0,94.0,0.4637828452491036,3.832370979134918e-09,4.811207172164413e-11,-0.0763847107780081,6.712120651346999,-0.1088128237731815,149.0,5.874334155647883,0.1024012187796261,13.0,0.805951642901426,82.0,4.501391615180967,1.0,-0.0403733098454111,-0.0952080576001438,1.0,3.062989549433505,-0.0870843206031416,-0.0811132781015799,0.1134531928084315,0.2151270923744575,0.3381299367327187,65876.28019073722
c81c9a950c4d6ac0cd85d7dfd437ecadb04d937e4dd00f4888bb468f872c7e32,-9.37107903410934,24.0,0.058795399889156,0.0095172786752121,71.0,24.0,0.0340350639587752,7.374646161115792e-16,0.0002404514520998,-0.0202518799034786,7.092354708571664,-0.0308664254166614,214.0,6.20428779540718,0.1024447338628357,15.0,0.6460012399256045,148.0,4.662928341190595,1.0,0.0109397355656731,0.1283057960806303,1.0,3.1257755465590447,0.0337329074035383,0.0735128810532332,0.1041537507749535,0.2076875387476751,0.17852671230502,-24746.96511021976
c8741ce60df3046074146cef9ef25eddb9318e660aed108e8dd47b9827087fe6,-8.749687395466665,82.0,0.5114529834966731,0.1300898016812718,29.0,80.0,0.5688495076809155,2.85887753881039e-14,0.1587997990938623,-0.0760541937812388,6.85313501378444,-0.1287333389856546,158.0,6.034281684922355,0.1817287047785313,11.0,0.1890886546807191,76.0,4.613184680287949,1.0,-0.0049903971363043,-0.1404746146819841,1.0,3.1226890221445505,-0.1478878720294669,-0.036888778457565,0.124612523248605,0.2275263484190948,0.7732285478061048,-4762.16311763462
c9c65ad7c528fea0c0f8aa181665a32f594775409ac2b8c5e02a9566691b6601,-5.49668909625158,109.0,0.2813304955520194,0.0246426618365214,65.0,69.0,0.2118203662595423,2.115657370551516e-06,8.434073681492825e-25,-0.0053630700579884,6.854182751814662,0.0142067934678983,184.0,5.972139828656266,0.0767951598581305,13.0,0.3924364538127712,117.0,4.549732896821009,0.0,-0.0243672650537805,0.0526681171855044,0.0,3.0756732866165803,0.044091853445551,0.0338152564785358,0.0948543087414755,0.2182269063856168,1.20745936526451,-143437.4632953473
c9d80deac99bad77dd3a2048111e9e8869108f0dda22a427e21811c5d06f6e52,-6.693160664048187,78.0,0.087279758113567,0.0212697408156471,35.0,19.0,0.0661348969752828,4.061324567064856e-09,0.1625789510005547,0.152072538358806,5.781287851672089,0.1215647179266269,128.0,4.884447764533411,0.1039272422736322,10.0,0.453812771233726,69.0,3.873604762106946,1.0,-0.1694393713562874,-0.0219801534674916,1.0,2.8039255675376737,0.0056014447498554,0.1220668943497005,0.1184128952262864,0.2163670179789212,0.9265266842421844,206510.34937178265
ca18283c1b4dd579178e829b0e74e37f64c2c6d0344447a972d582e7de0ecd57,-2.1802956908868683,533.0,0.867254098112698,0.003137009300961,57.0,683.0,0.8701055629938926,0.2134745471984535,1.999751899544192e-43,-0.0196295644043446,7.022651870642457,0.0337772798674231,188.0,6.12146560436764,0.1204274183450263,12.0,0.8251704897706138,118.0,4.638470717923814,1.0,0.1523627352585525,-0.0399932240585068,1.0,3.123521781871541,0.0047853749529487,-0.0424978108332059,0.1115933044017359,0.2231866088034718,0.1090458136131926,352319.9904445772
cacad129e2374354c3595c3d09d1b65c17b005b3997cc2b11b5880ebfb637b46,-5.2015353055460425,266.0,0.546271151012826,0.0861668601548669,54.0,65.0,0.5538218943869646,8.728850088763854e-06,1.050634015155734e-48,0.035194450057168,6.826051715776961,0.012936411530067,180.0,5.910304846100458,0.0237596608437595,11.0,0.5579665220086795,109.0,4.531618458831598,1.0,-0.204097802911787,-0.2015765515556511,1.0,3.084623326252565,-0.0863866403158503,-0.0565317295370517,0.0669559826410415,0.1487910725356478,0.60811566647645,214924.5631809045
cb219ce398e06182aa65b2e15ebbcc91de43ad1115814601d12a3cfd626712c5,1.0430231880900056,154.0,0.5153800520253338,0.0521636255595752,37.0,93.0,0.4267664630647403,0.9946997758524572,2.6632184629943705e-42,-0.0549702781493131,7.009511588250573,-0.0455080153331758,175.0,6.159663124618906,0.0625579988251621,15.0,0.1264724116553006,103.0,4.674540946375652,1.0,-0.1087404063646776,-0.1028191967475159,1.0,3.1434598542464194,-0.0567586872697827,-0.0925404048766264,0.1407315561066336,0.2541847489150651,0.9415272966585728,109766.33117585276
cba2d4a3cb55d92a97a2c0cfccc3307d2bda86db7d79feac9070426284532bee,-3.5115877694875826,503.0,0.7228743630812727,0.0189279519051178,78.0,119.0,0.6992941978940637,0.0076944352401586,1.0354372664531861e-187,-0.1281803869962101,7.048804238043184,-0.0504819007674526,225.0,6.10099398237808,6.019708905820824e-05,13.0,0.5511469311841289,152.0,4.588285712658468,1.0,0.0357261492997869,-0.0308749037754539,1.0,3.0791128849636773,-0.0757523178009501,-0.0304983714694855,0.0316181029138251,0.0688158710477371,1.5953214474417206,-2310655.5619972087
cbe29bbb26e04f465c1dee90c41ae7a3ca21aafccdb48d57c8b52752a624bd09,-4.571021128668708,94.0,0.431259253877555,0.0883329035528869,44.0,99.0,0.4447068202875769,0.0001460234581183,0.3148192396934317,-0.0010477958074495,6.831288650628302,-0.0116182686219601,159.0,5.989191638589562,0.0589192697241576,12.0,0.926224426534408,103.0,4.586155945115554,1.0,0.1312966096944922,-0.0005724330128914,1.0,3.107446969228726,-0.002538632881175,0.058159884951332,0.0954742715437073,0.1915685058896466,0.4716038368048001,-507277.88649839314
cc9dabc875de2b70082258df2e4950452e0b403be4ab231e037cbc9d00a945b9,-3.584239860370182,369.0,0.5884627442022887,0.0516061831473435,54.0,83.0,0.5971854605306524,0.0060695751631076,0.0740001278607158,-0.0036555254344162,6.629117187235667,-0.0341011453538912,163.0,5.729888234050451,0.0287235026464134,14.0,0.2634841909485431,101.0,4.381042115572363,1.0,0.1337932489133957,-0.0078903669516461,1.0,2.996693090288674,-0.0333270267735003,0.0466676167353556,0.0929944203347799,0.180409175449473,0.4187232898620988,-233969.66582132527
cd8cf4f8b51d947294593266d14868b7ed056d1b5d56f85c2d3b27e8a7cd71f1,-8.254732629851015,60.0,0.1376330996254742,0.0105986894807301,69.0,48.0,0.1060155840740749,5.27448599309682e-13,0.0005248944160553,-0.0071720525679874,6.973614903552976,-0.0166499955557298,187.0,6.099918700836553,0.0484353983852357,12.0,1.0,127.0,4.627995285856663,1.0,0.0837464483390429,0.0670890744044795,1.0,3.12030647486237,0.059506563225624,0.0585765126858725,0.1004339739615623,0.1934283942963422,1.210465803092285,-65015.09535256258
cdd76f0405c5cc8d0ad011a8ae6d847c6d611c3596c642cdcc4843488f75f9e0,-7.617000586000033,104.0,0.4021040769763176,0.1411169137767849,39.0,84.0,0.376647536490273,2.1784370431520148e-11,0.3580185191549005,0.0147125949828116,5.97055911694237,-0.046574798477425,121.0,5.154471283902721,0.1326891849881214,11.0,0.3893366398016119,74.0,4.014870071731922,1.0,-0.1345412460432681,-0.1532347535816386,1.0,2.796688142256727,-0.0838697596780645,-0.0970898075964611,0.0948543087414755,0.1903285802851829,0.8179681201350263,-42404.151825704685
cdd7f8f44ac6030d7cee797d0994ca2d539095f51d4b09501aee4b52f450a3c2,-5.826794798806833,14.0,0.0049208486914148,0.04368518460788,76.0,6.0,-0.1000843817153878,4.061574660093878e-07,1.932045085912495e-06,0.0271923760089756,6.830209046744761,0.041659905886209,247.0,5.972182844295155,0.0975729224712043,16.0,0.9615623062616244,191.0,4.570991383481628,1.0,-0.2390263733535315,0.2230660563361554,1.0,3.083081568315481,0.0302449708195369,-0.0838520832997096,0.0948543087414755,0.1921884686918785,0.2321227392683073,14190.316921495594
d1dc7c011cd19b2c610c92d9a34e8393b3edf160efeb48f05ad7d9962703d876,-0.6962584246667578,696.0,0.8517500376155607,0.0008021190066022,75.0,60.0,0.8512675887903096,0.8477163112448173,5.494157696828767e-277,0.0434077771712086,7.123975523972884,0.0473064319193149,228.0,6.24976908304662,0.0051391149818437,14.0,0.3868567885926844,160.0,4.707758893319024,1.0,0.2150592146277705,-0.1206861357699277,0.0,3.152853107204882,0.0454497575767477,0.2280977971612743,0.6255424674519529,0.7867327960322381,1.5892450310415978,42192.45516957888
d21f486f9a6eb452742e90b167689d3c9bfdabcba2dc0943df4097161201a023,-5.623495196885144,141.0,0.3955151790430364,0.1069216434294846,36.0,96.0,0.3724687374436282,1.1310680997591927e-06,0.016063525069448,0.0452417882417078,6.691759130755211,0.0096142443070718,154.0,5.857006256929506,0.1301543662857101,11.0,0.8989460632362059,78.0,4.499708351904817,1.0,0.0426142890792138,-0.0875060564717705,1.0,3.0719897375913128,-0.0210120198437176,-0.0079572190272385,0.1283323000619962,0.2250464972101674,0.6193285948396219,-15837.670751846708
d24e49e48d96dc16ffcc33666c68301e15d2e97e4d0406521080022fea958aa4,-9.043478327930009,22.0,0.1192787048117783,0.0164372490223442,71.0,24.0,0.098788146505141,5.0595816047529e-15,0.0092791126731921,0.0330076987945727,7.075631659426395,0.0261890182084398,209.0,6.132598533264661,0.0995169137799552,14.0,0.7606943583384997,136.0,4.62954582255921,1.0,0.102032189476456,0.0417483352555677,1.0,3.116411874826207,0.0388829715004994,0.0381751838951342,0.1072535647861128,0.2070675759454432,0.4762965733313137,15985.58198260443
d2bf1b1520d605516698538c0183afec5c5317148815c4f990fb1996935250e0,-5.402417159545176,341.0,0.4471101490891017,0.1098340311178415,36.0,67.0,0.420467944162131,3.3478321033151e-06,0.5769129046892183,0.0532464806751844,4.7721854627971645,0.0093965447094117,84.0,4.25011076819372,0.0170457804698803,11.0,0.9838809671419716,58.0,3.4423121281757147,1.0,-0.1237429904266205,-0.1171796450478266,1.0,2.480311164802954,-0.0516109559542162,-0.1263035405488953,0.0855548667079975,0.1729696218226906,0.8292392409665147,-859735.6986982008
d30c7b174add772d69ea4d59a35ae13027999dfc41041bfdbf36aa8d499cfe9d,-8.748335315511339,82.0,0.5113592394570924,0.130078850485155,28.0,80.0,0.5686721526471754,2.881762300128753e-14,0.1584191125899762,-0.0759776809081171,6.8599857828172,-0.1284727319073343,159.0,6.0409680248165545,0.1819603521827403,11.0,0.1890886546807191,75.0,4.6134021899247095,1.0,-0.0051052802042598,-0.1401963449250409,1.0,3.121641296705548,-0.1478452992320963,-0.0367926127663241,0.124612523248605,0.2275263484190948,0.7738513053309087,-5701.698623686338
d50a954fa5ee7fa59acd69f55656aa7eaf698cd88acc4a4a909287fd2122dabb,-7.606240977463061,78.0,0.3715852369709502,0.1363391456768533,27.0,96.0,0.3045076559574223,2.3182290635186478e-11,0.00671446130467,-0.0253918772215909,5.330887515328486,-0.0750805020175107,82.0,4.655710966237173,0.1232077762278452,10.0,0.3261004339739616,48.0,3.716613608898569,1.0,-0.3530262040112042,-0.1161723713405982,1.0,2.6673133815024164,-0.0595479170161964,-0.1143878807970793,0.1072535647861128,0.2163670179789212,0.409288484184261,-423181.4232242252
d55401a9ec43033039efaea8bd33197d153bc29a5f5a7b87f22ed14d808ac6ea,-10.15606481164669,22.0,0.041634457407815,0.0886842534518407,78.0,14.0,-0.0610749075711382,7.724134173160319e-18,0.1854531377450524,-0.1466851784104349,5.610407864606852,-0.0799234712963234,142.0,4.947325632466983,0.0873802407165771,21.0,0.9931804091754496,100.0,3.9937508547862417,0.0,0.1048215527747229,-0.0372247490282527,0.0,2.83879266417824,-0.0237772889030091,0.0766227764816924,0.0917544947303161,0.1841289522628642,0.5760177689985477,210734.71216164227
d5da9c87173685e76cdc917aae4f772f247c8a0219355b10dd505768f6704e28,-3.969229143938664,160.0,0.4143468005415078,0.0159687837534048,72.0,290.0,0.3988005493364104,0.0015804900380051,0.0141277169042509,0.1533540321230054,7.038515311674988,0.1228901573257996,210.0,6.157946256101603,0.0980524495211058,13.0,0.8183508989460633,147.0,4.675121509631339,1.0,-0.1837400846761784,-0.0657329848947808,1.0,3.1383066851794363,-0.0015751737382246,0.2355236577507962,0.0880347179169249,0.2045877247365158,0.2960383580513436,105349.47255055934
d7f7a6dad864595ea8a575fa8cc8db2765d7aaa8a08f7d27ce245940cd47cdce,-5.561526828291415,59.0,0.1876503362665273,0.0269766444912352,54.0,20.0,0.2227528614303671,1.5379150877183328e-06,0.124062693514142,0.0693901480591649,7.108955510665558,0.0860497717419025,202.0,6.229875240933779,0.2092009787569692,10.0,0.934903905765654,133.0,4.699849758423346,1.0,0.1139314394043642,0.0630285420027784,1.0,3.1486338603132182,0.0734725397864985,0.0995178897485079,0.0960942343459392,0.2052076875387476,0.7731641802359688,-57588.95362288997
d8024d782cfb793ee3d7d01ba9dda781626a90f1513d998f1728ae4fef239891,-5.476109376445258,205.0,0.5274631687713853,0.0735115010322718,53.0,76.0,0.5282287195485191,2.339745597417584e-06,0.0005107078600361,0.0245830462307108,6.976152901463935,-0.0479496582009936,189.0,6.093809899846468,0.0558726941124544,11.0,0.407315561066336,113.0,4.620521120695141,1.0,0.1281030086546212,-0.0374590755039645,1.0,3.1053672090940214,-0.0421073151604059,0.0342312581746874,0.1326720396776193,0.2579045257284563,0.9568546067086,-63982.03257160128
d88c82e5a2c5c1a075a5e07a31230cb6177f0a26150329a55b83214da8439900,-2.1412590254912844,236.0,0.8494819543497737,0.0043098119530363,53.0,163.0,0.852949813207585,0.2282508829407955,9.540113256897078e-07,0.109420545773983,6.858413528242594,0.1047222056880248,170.0,5.945915190372782,0.0244121264015099,11.0,0.3298202107873528,107.0,4.5161196671365245,1.0,0.0990085212299439,-0.0300451069831972,0.0,3.055749401411537,-0.0222908127921255,0.1115276296757334,0.171109733415995,0.2145071295722256,0.7557961280497254,14498.430177763978
d960b88785114a91327c1374419a3053c7aaf14386076c3e599403df898e3e64,-12.35042633467358,54.0,0.1097014702417307,0.0140369233118603,68.0,17.0,0.0764568791694784,5.842279290561688e-23,1.1861012761280067e-06,0.0639833845386151,7.066414973432027,0.0641596969062478,200.0,6.170184152100347,0.152272788164875,16.0,0.9869807811531308,131.0,4.662918741606175,1.0,0.0792866491374392,0.0224639580643331,1.0,3.129851822630745,0.0171459286679655,0.0010920641479998,0.1270923744575325,0.2331060136391816,1.5036021683658596,-90692.2893015286
db438bd78624ee22679d9ea36e041ac0a23c6f3ebdedae29d1789ac6ef8b5d4c,-6.068882461105936,210.0,0.5041179138924455,0.1018485614514272,32.0,78.0,0.5230233102216788,1.1637551702831745e-07,0.0342647815727148,0.1804294561790765,4.464943984817195,0.0525816138121787,91.0,3.8666485395457535,0.030033766179762,11.0,0.9956602603843768,52.0,3.108827902683601,1.0,0.1097750958465597,-0.0830564913344093,1.0,2.257044944072637,-0.1614731583240876,-0.0652883191318824,0.0675759454432734,0.2033477991320521,0.991309956349536,667898.1697376369
dc2d002853180ddf17182e75707c3da808036f32630554137ba3241fcec2852f,-6.022152452819909,104.0,0.347126215929837,0.1517507503886366,36.0,61.0,0.2864760352720217,1.4849252089353178e-07,0.7216184797656744,0.1956964282953193,4.292635110091391,0.626348778138167,66.0,3.773196266028048,0.0655704597797843,10.0,0.9615623062616244,48.0,3.093145864718557,1.0,-0.1520855309671017,-0.3825998026753672,1.0,2.299482602522518,-2.410401035798452,0.7018494744849658,0.1190328580285182,0.2138871667699938,1.34154497000151,216032.44686572376
dd1c2b7f7f3330adf96eebf332257cdcc0d4b78c0e797bb3239e9504811b6ad3,-6.794668043731945,102.0,0.5238403315695013,0.0814969389522401,55.0,70.0,0.5713421209321565,2.31725043894725e-09,0.0191295691482068,0.0063019909720596,7.081731401824415,0.040663880730551,191.0,6.197016815786384,0.0240922061039949,12.0,0.0297582145071295,118.0,4.674605004291189,1.0,0.1069931938001338,0.0247386135016251,1.0,3.1345123010995457,-0.0333591388474948,0.0597584929128629,0.0960942343459392,0.184748915065096,0.6327441709205517,-168599.93670001093
dd833bb70b3a57caaa6b4e4560975d9ba5a77fd0151e13d1b5f30b4f6c381d5c,-8.116534784636825,59.0,0.3392467377561182,0.0359292122342488,65.0,95.0,0.282727987299504,1.1868347589750236e-12,2.2198845126642048e-32,-0.0485049322768804,7.140100395319064,-0.01672161397579,217.0,6.26457843055717,0.1288121970095964,11.0,0.9745815251084936,131.0,4.721128055829574,1.0,0.007747023790157,-0.0038032209750479,1.0,3.161193825032897,-0.0259505757572208,0.0124601254643977,0.0979541227526348,0.1952882827030378,0.1931619598788487,-7070525.162340341
ddf42046cb48342a42d66f634cc656c1b138919fbbfea70928006c1cc87a0520,-5.229393248028934,218.0,0.5091018143551416,0.0593780063429048,46.0,68.0,0.5287146660619719,7.655141831273958e-06,0.0602662923525235,0.0308342268497134,6.443919280654176,0.0376184530988439,174.0,5.642238518956127,0.0016703046913063,11.0,0.9324240545567266,101.0,4.329447689016844,1.0,0.1322890559462173,0.0526846501577349,1.0,2.958296621005957,0.01338575774711,0.1050543871190359,0.0855548667079975,0.1636701797892126,0.812536446234259,-318677.0456086165
ddf769177b23ea04b73299eaee37804d8512999f956ee21dbaabb6622359a716,-6.229602185184873,98.0,0.4619511854764586,0.0869450979286958,42.0,77.0,0.4972144167333473,4.990719192899928e-08,4.4450647513453486e-11,-0.0341863719638863,7.040714693927538,-0.030163176396419,181.0,6.187004934197834,0.0979979444453763,11.0,0.9330440173589584,105.0,4.691566636678727,1.0,0.1698992534520264,-0.0158758129573212,1.0,3.156421633441864,-0.0195918768780097,0.0685256676728671,0.0973341599504029,0.1971481711097334,0.200178105510799,-3272.5876429856944
dfc2745301e6abf5a3c56561bcffb3fed46806360b386899dfe5127bb8ae54e6,-5.564332722876283,17.0,0.1200038421574449,0.0167873728757374,73.0,40.0,0.0907982037893069,1.5167441670728269e-06,7.065403848109998e-07,0.0368718188035554,6.988638842978297,0.0625852421109442,218.0,6.056322001531709,0.0758707980231324,17.0,0.6267823930564167,138.0,4.579619868189245,1.0,0.0859741329670229,-0.1884642514238108,1.0,3.0878980432935927,-0.0527777478601129,0.1694536046246669,0.0998140111593304,0.2052076875387476,0.5123795540323781,-277108.08968295425
dfe05ccba57d579a6f975a16b4bdc932ccc9b63f212faacd406e586f59b43244,-6.301944004510956,125.0,0.50112886999096,0.0816712993703282,54.0,79.0,0.5084898789347221,3.395256860365767e-08,0.5704268656046629,0.0182548636868945,6.553905899891404,0.0080807339019307,142.0,5.679742442972183,0.0149859045757618,11.0,0.5666460012399256,76.0,4.380544790999419,1.0,0.0298028083090247,0.0172887682913622,1.0,2.9980354171471832,-0.0183526780058882,0.0304898707717068,0.0824550526968381,0.1661500309981401,0.8137301016652644,-80943.49713330549
e06b35bce7504e513ca836f72fd11c8c4b17f00405fd4a3a96876030eb3fae08,-4.958534913758178,11.0,0.0394271017825723,0.0477656868633738,88.0,9.0,-0.0441583788020557,2.67919991865022e-05,4.3712923869689207e-10,-0.0674418586340227,7.020791293820367,-0.0664128687434042,267.0,6.216935514076248,0.1185480205309177,15.0,0.977061376317421,229.0,4.688898048395068,1.0,0.0159389388985846,-0.1532697043725762,1.0,3.1421077579511585,-0.1040544675200806,-0.0464656533818309,0.12957222566646,0.2448853068815871,0.5932467503997144,6434.0351228077
e17b58070ae3f8192183d3e624e1990f973227d0e8afa22f1f43b6aa1f2b4589,-4.859513932249446,341.0,0.4310476388947707,0.0479422618163925,50.0,61.0,0.3900526349156836,4.178688240631814e-05,0.1113507115796723,-0.0020656692471887,6.863838447052582,0.0003886472156956,175.0,5.998715068655914,0.000128235095164,10.0,0.6106633601983881,110.0,4.568831273905296,1.0,-0.0767384121524016,-0.0039278009713132,1.0,3.081135099077194,0.0362416140141461,-0.0492339796972239,0.1103533787972721,0.1915685058896466,0.8796519504157857,58825.21008709402
e1ba7f26822a9003c3afcee23f800915dff9877d1888c7a5f46fc8c0dc2ebb78,-5.7159903564295655,20.0,0.0314899251703084,0.0282288723538326,65.0,14.0,-0.0258367863439426,7.119149419831575e-07,0.0520654655671513,0.000568730073558,7.043345748409431,0.0031059357753501,239.0,6.208460421856726,0.0955774687828212,17.0,0.9962802231866088,176.0,4.691429841316031,1.0,0.0217514618126471,0.1459214652776808,1.0,3.1505578086689088,-0.0144738109519517,-0.042653321989957,0.1035337879727216,0.2027278363298202,0.2308775954638495,-39965.101121596665
e22aa84f6fec9f9fe2bc277cabd8d31ef8468c79614209bdb313b49f0f4e88cc,-8.957419482596245,11.0,0.0269376523663516,0.103535201061811,66.0,11.0,0.0306625221794523,8.400593034378425e-15,0.1182876035815347,-0.1875261095294476,5.059394815941154,-0.2132171374235011,206.0,4.546276310784604,0.0998145392954922,21.0,0.4085554866707998,111.0,3.8951611590549,1.0,-0.0818500699107416,-0.1358521395202382,1.0,2.880496588016272,-0.1982395171274318,-0.0920058248721222,0.0998140111593304,0.199008059516429,0.1091892098195239,-14300.190395864143
e35629fabae6d891a7f1a786d57d22c1ff0600937fc97e3af925534111442682,-1.1926135263207218,221.0,0.713832479193929,0.0012565621022875,72.0,231.0,0.7069652498707669,0.6767650876949555,1.2330324167237002e-207,0.0438317597502214,7.106933775902686,0.0578570211491693,206.0,6.214628785372971,0.1083772499957191,13.0,0.2566646001239926,127.0,4.685526558724827,1.0,0.1107980603018751,0.0294124888785296,1.0,3.1420676264621035,0.0518743153462261,0.0607851901403265,0.0967141971481711,0.1884686918784873,0.072976513806539,-35924.16622806849
e35b8041c3ef5952a90a403782209293f725c4f4a360d46cc5bf5f97163af47f,-7.439987989617839,97.0,0.514816367413772,0.1380984697219605,22.0,72.0,0.5685445691665183,6.041324742522271e-11,0.3655066989270611,-0.0860551580798702,4.671690487933199,-0.1312992216244713,80.0,4.145237460475093,0.1107896566001052,11.0,0.0954742715437073,41.0,3.365349618986864,1.0,-0.3237435082930431,-0.2265896525011889,1.0,2.457726179794591,-0.1343397117357655,-0.1678808676132086,0.1221326720396776,0.217606943583385,0.8820190255746002,-16530.126547967084
e369a477e4d9df999f57c0f43735a22479c0fd1773290e9b512961c70de8b6a9,-4.994935779578778,77.0,0.3405121530589187,0.0679536001788569,40.0,67.0,0.3476439455574334,2.271106578664191e-05,5.3030221258198495e-05,-0.0669439860300106,6.396684353694003,-0.0722166907875264,150.0,5.596835856421473,0.1275417845598865,11.0,0.7185368877867329,99.0,4.323777824140322,1.0,-0.0299068490035729,-0.0480706310468238,1.0,2.968104812238065,0.0228646474773354,0.2923553210439041,0.0719156850588964,0.1556106633601983,0.9946012077141818,254492.16249929977
e48ee6cbc600f939acad7333829b59e724d0f539b3abeb8887cf1473db5929eb,-10.393327136611566,62.0,0.006861430716339,0.0455578528136104,55.0,13.0,-0.0782115188406049,1.9946011861806612e-18,0.1376486290756524,-0.0077907256904836,6.532366209169246,0.0540445005861175,186.0,5.563972200256636,0.0549886491932295,14.0,0.6571605703657781,110.0,4.283307396319593,1.0,-0.0002968596354711,-0.219188584768543,1.0,2.934173093160684,0.0800762358133375,0.0304047093687637,0.1134531928084315,0.2281463112213267,1.811586775784166,-163824.54262970443
e51ff25e8e8b11cd41d715f7d4c9fdb7fab43e8d0584177f7848c88cc22a207f,-3.6094850243493655,62.0,0.37126887631349,0.0039592548379067,73.0,90.0,0.3841192893546033,0.0055822621750635,7.654874197717589e-13,0.0611329727663261,7.130074082817711,0.0683596022963526,225.0,6.263871225216056,0.1026326582229818,13.0,0.4457532548047117,134.0,4.718063349175413,1.0,0.079045761477918,0.0420761304957699,1.0,3.155352247623934,-0.0241023907894268,0.1621622066484299,0.1066336019838809,0.2033477991320521,0.088923111677799,-45073.1214143775
e55759e9345528600187b68f5d3c8e97b66f7ad3efacf0454c577818ba65ffa7,-7.379035785725028,269.0,0.5458020886929723,0.1089386037510181,21.0,88.0,0.5882916630848001,8.569153754028808e-11,0.7753137218835615,-0.1136921417439886,6.852911292197766,-0.1969106448909948,149.0,6.031592474896081,0.0194665340630139,11.0,0.56478611283323,72.0,4.614087878475509,1.0,0.046158113173761,-0.2161206900960169,1.0,3.1285984049459845,-0.1569957132239386,-0.038997649881552,0.0892746435213887,0.1735895846249225,0.6709111466528207,-98703.33847941743
e592435a5b3dc48548124eec6d82fb79cf76d9c2b22f44dc0a9db26005a34872,-6.745960268461116,75.0,0.4540256248959248,0.1264890652512629,35.0,84.0,0.4654007968091184,3.0347214270841242e-09,0.3968583022642244,-0.0331731003993032,6.264906815705102,-0.081384970496207,122.0,5.49077686118813,0.0580422503988989,11.0,0.5604463732176069,74.0,4.281536120524559,1.0,-0.074399400395407,-0.0720459932868819,1.0,2.9682586695865663,-0.0860485594569773,-0.0410993070211994,0.1134531928084315,0.208307501549907,0.7197961572547618,24918.180625944595
e6aef9c0da4f30a9b4c2c1df847ac860560ac0721539e3dfd2112d8ef57ea703,-6.2881087137099305,84.0,0.3878204999364902,0.0650388342503706,60.0,75.0,0.3524854158959735,3.655525378793992e-08,6.261352171404089e-42,-0.0184217727638296,6.8929592735919,-0.0072911711432176,178.0,5.971909440763491,0.093239036637499,10.0,0.3143211407315561,112.0,4.541063696774325,1.0,-0.02605618245217,0.0404279690865185,1.0,3.081412430057896,0.0262770758173898,0.0211191407888966,0.0929944203347799,0.1909485430874147,0.1183816375189683,147432.34627800985
e79fff2fdf4c23cd6c1e2e09e73bfb29ad15d05fea859eb1a11f603247dd7b2d,-8.463142410873443,66.0,0.4500380117100829,0.1275401553874042,46.0,81.0,0.5011183987612235,1.5477960222163498e-13,0.2275010363007551,0.0039409610158778,6.791725497698497,-0.0335918799452185,175.0,5.851368475140824,0.0995319367071235,11.0,0.9249845009299442,100.0,4.449623193861109,1.0,0.1498050773395197,-0.0226850290594423,1.0,3.0201988039139103,0.0296372472654669,0.095473817427547,0.0973341599504029,0.2151270923744575,0.4729959848579286,-236055.06809096425
e7cd675a9087f97c9c3f5861ef1c646938f820063f313ac639bd23f80b1463ba,-6.424568872082349,15.0,0.1267199416352245,0.0424016691765101,94.0,30.0,0.0167593299981518,1.7575116782237862e-08,0.9421460526702224,-0.0422602105471078,7.0168330998331525,-0.0375779157209391,211.0,6.136241137391606,0.0599175723444584,13.0,0.8995660260384377,139.0,4.644960352518854,1.0,0.0496265247051047,-0.0457644973481246,1.0,3.122192993844485,-0.0189389401169417,0.0020942918192383,0.0533168009919404,0.1766893986360818,0.8417854664963426,161511.48926439538
e82e17d1e59eec21f9c3112667a454c9a4fe2586134d11d693ed955f0ae0a365,-3.70415926715073,139.0,0.7154290503124099,0.0173391200294882,66.0,233.0,0.7074087824478508,0.0040550292376592,1.6342674185153424e-140,0.0324318489485882,7.124544511291529,0.0156315078762573,196.0,6.228662810530542,0.0869446725503367,12.0,0.8158710477371358,126.0,4.69095180774829,1.0,-0.0131273290851544,-0.0042130212913399,1.0,3.143869083253928,0.0220351927669849,-0.0243720867984765,0.0799752014879107,0.1760694358338499,0.2714372585167358,22829.75284160949
e9d75b347d07708feefdfcaa041903b1e6301d46cc9e2e5a13e5caffa572d89c,-2.5289167156785464,11.0,0.104801891925052,0.1585179843350196,75.0,5.0,-0.1693316601517331,0.1085961511733537,4.1883285809942905e-39,0.260644916937377,5.948863195800788,0.2554742974757961,220.0,4.7694684983949625,0.099428500136314,13.0,0.3546187228766274,188.0,3.7275539586288935,1.0,-0.0874542207014265,-0.0468679275661263,1.0,2.706627699267196,-0.0109840087951439,-0.0444026594554431,0.1022938623682579,0.2027278363298202,0.0342897644113757,-13003.237073132714
ea885ffca6338a2b781a0725ae8a661496779c7f0a7f78855b1f297b899640c0,-3.457913129005993,108.0,0.4091139189469954,0.0385770556954146,32.0,28.0,0.3054687124115454,0.0091360950993465,6.630132622961821e-39,-0.0329274550605957,6.093921773184501,-0.058431509627628,253.0,5.021578832985438,0.0619650431069624,10.0,0.4407935523868568,122.0,3.815326158759485,1.0,0.0704772347784559,-0.0301919999836518,1.0,2.6635393339940143,-0.0604879788058881,0.616613733329846,0.0818350898946063,0.1630502169869807,0.3681612884385624,-270448.9641569373
ed2a143f046317047794abadb13e078abbba7d8b1669d3646a476fce96c91bf0,-4.916328874394733,283.0,0.499698704583598,0.0637238847178688,44.0,95.0,0.4779407276098046,3.240993958733612e-05,0.0005845939546176,-0.0560211388557804,6.844309624205094,-0.0781150880210996,199.0,5.910906283353521,3.2075112795793444e-05,13.0,0.6590204587724737,99.0,4.49395166837515,1.0,0.1092217167062203,0.0168699089461419,1.0,3.039836233255087,-0.0736799474960463,0.0680494336823048,0.0774953502789832,0.1599504029758214,0.7388549262114052,-30387.741787428426
eef85f19dc42c4893097e8b31df99fb1d43e280b812532521eab9fd3c8d219dc,-8.045892756320441,57.0,0.0768963597774793,0.0091860368187756,70.0,16.0,0.0605117929751963,1.7950603726968273e-12,0.7716022469413786,-0.0457687706467657,7.064152599480817,-0.0328022330210875,215.0,6.204802525557755,0.1162246587951548,13.0,0.7154370737755735,143.0,4.672991694782661,1.0,0.0539740103101286,-0.0320571231466488,1.0,3.1333892970521307,-0.0199610733365485,0.0535212363363818,0.110973341599504,0.2318660880347179,0.6114964858479248,6616.558840854066
efea988ca187ef1ab123f5b8e6830ad251a123f7a59e3c46a1b84695f8b76102,-7.939573336049069,57.0,0.081329855696506,0.0102408726287976,70.0,16.0,0.0646814851917741,3.3419140187336975e-12,0.5730463752986521,-0.0453189827503306,7.083036875812596,-0.0316364748202544,213.0,6.206586955826736,0.117606631054308,13.0,0.7154370737755735,143.0,4.6723715349424,1.0,0.0550711989815631,-0.0310602643979946,1.0,3.134575639603301,-0.019503671746539,0.0529509592485266,0.1103533787972721,0.2337259764414135,0.636830107558011,10797.67276669285
f09f701fb24d653511cda18120864b4d8e0bca0725b11a336116b794950336b9,-6.269875382113905,64.0,0.120994296238013,0.0341319124383378,59.0,11.0,0.055628735185346,4.028693270121752e-08,0.8873770903209484,-0.0839566408076882,6.766866126770447,-0.129903768850075,236.0,5.998943611943957,0.112216859185597,11.0,0.639181649101054,168.0,4.638991896712096,1.0,0.0065455753584967,-0.3163506416039505,0.0,3.1296269386284523,0.0667874761598042,0.2251760252488372,0.1103533787972721,0.2163670179789212,1.1617841839759968,34738.09255126971
f11f1ce193782ce644a55fc6294faacfbd7fb9ccb894e72c27604daad18b8d5a,-5.191805793241373,184.0,0.3703276837357354,0.0442858617981919,64.0,68.0,0.3762035279605287,9.137146231521086e-06,1.3628035324531414e-05,0.0361317711849752,7.022380481962067,0.0491517178873823,195.0,6.100561013175444,0.0545250309586695,12.0,0.2771233725976442,133.0,4.608387148126047,1.0,0.1102173567705323,0.0646528924818585,1.0,3.102667692775236,0.0088406994202623,0.0434397524567056,0.0954742715437073,0.1915685058896466,0.2506863762044754,-100571.90765401896
f1de419dc75ea0f629deaf936e0b65934cbf2bc444ffd7b3116e3a19dd108f11,-7.292907739015701,96.0,0.5038591753491748,0.1227207953926323,23.0,72.0,0.5515129886483693,1.4020057026136968e-10,0.0001803022061234,-0.0304765133843714,4.485890509574209,-0.0987109171605241,78.0,3.951696751622546,0.1025506819948876,13.0,0.8902665840049597,39.0,3.193613885405404,1.0,0.0447362565495003,-0.0730588383834436,1.0,2.334432922824454,-0.0929613026846945,0.0102288935887013,0.1035337879727216,0.2058276503409795,0.4112470478819879,-62785.70608085205
f375f0228b1040ecedfc58529ae921b5db1222fcdd9bf32d530de146069e60ca,-8.473737617227755,103.0,0.3012273623084871,0.2044987877207505,37.0,93.0,0.2833708611604554,1.454161140124585e-13,0.6784794080271516,0.1170836101603803,5.86555699715272,0.0092208973390235,116.0,5.166199311644154,0.1359787825477842,10.0,0.9051456912585244,55.0,4.072574783476085,1.0,-0.1923349507173869,-0.2302845348351864,1.0,2.853773460185339,-0.1546450693474306,-0.1329933474404733,0.1053936763794172,0.2169869807811531,0.7215062460875702,-28804.414517406927
f411026d2b37e8b9d63a19c7cc6e441c22a20abedfcc63b63f9dc771c347609a,-4.545676119574577,204.0,0.706255218373831,0.0115808406240227,59.0,59.0,0.6983500866882716,0.0001624641899359,1.7998712864317202e-79,0.0125170599062062,7.154271633272222,-0.0011356165003872,219.0,6.290319540125102,0.1041167458101783,11.0,0.0130192188468691,128.0,4.724967959998598,1.0,0.1929213566372769,-0.0978551776851401,1.0,3.1604054219487923,0.0282700866300927,0.08331327592951,0.1264724116553006,0.2262864228146311,0.10062408642498,147964.7439294972
f477c4f73e2b16a6be737ca19b5614e905da52a66a4a355ef02c62c6ee72ed58,-4.677410026447875,253.0,0.3465887210755587,0.0506879377425594,47.0,71.0,0.3445037473274422,9.277158552779867e-05,9.712725774301658e-06,-0.0150619848382164,6.84292063591372,0.1008930560239327,213.0,5.929673569403713,0.0289935643766246,11.0,0.5672659640421575,130.0,4.531709045683529,1.0,-0.2712935811984264,-0.2691382186895029,1.0,3.070027614656736,0.1575396554131169,0.4446718830445019,0.1097334159950403,0.226906385616863,0.6412906540410264,-217875.50391867768
f49c9b07fabac545a5bb044d8b67be677958ac1ecf1c72cb6cfaea81785d084d,-5.5966886704501295,84.0,0.3823976311864066,0.0655990132108676,59.0,75.0,0.3442967266029508,1.292230792577181e-06,3.8499429836620014e-41,-0.0211439274215647,6.8913923692900685,-0.0065603398315973,176.0,5.973879888039317,0.0932909769076129,10.0,0.3205207687538748,112.0,4.551983928243439,1.0,-0.0164883940161724,0.0223054847132179,1.0,3.088150871354075,0.0373675903752407,0.0209596153304981,0.0929944203347799,0.1909485430874147,0.1193738919813899,151083.1122651081
f52f01e691fcba131ff92a9fab3323c3ad2298c48d81050996bbd82a94187e75,-6.970784032749132,103.0,0.3439241911357534,0.1471030589600979,37.0,66.0,0.2884030235961029,8.676074988834937e-10,0.8842212630657738,-0.0392725287336423,4.546878592235681,-0.051502705911184,73.0,3.9945344498728,0.0779733417811312,10.0,0.9615623062616244,52.0,3.2479911183088563,1.0,-0.1263837603105553,-0.0378885618588748,1.0,2.383907938421654,-0.0216125181056491,-0.1139741007503485,0.1171729696218226,0.2107873527588344,1.284467189097838,208696.41370882787
f70c357bc8f4449dd35d2a8b604112f65935c757b4849490ed8cc05d97a3cfd3,-3.0052488404304865,516.0,0.8155139139728611,0.0067774925034742,43.0,143.0,0.8115511906168554,0.0344071236032434,2.441877395461308e-122,-0.1278115221894549,6.652111106061787,-0.1035788635728595,160.0,5.811021215288936,0.0714843567572648,12.0,0.1766893986360818,82.0,4.473038582111621,1.0,0.1739485357306981,0.0823822279837735,1.0,3.0510283232628828,0.0295472899073997,-0.0353323891588596,0.0632362058276503,0.1277123372597644,0.2981887500410908,-188328.4920103009
f80492172730b5f5c44a082e486a974be63f970ee6a548f02b971a9856abe857,-5.165124801197671,107.0,0.5234989479211318,0.0646334374688062,57.0,76.0,0.5233836899953591,1.0353962652758904e-05,3.646000870494961e-11,-0.0371144376855885,6.777774022063043,-0.036435106871425,177.0,5.875132183288994,0.0401992518672943,12.0,0.4810911345319281,110.0,4.478429433767655,1.0,0.0298084832142775,-0.0360977315226685,1.0,3.043350008263407,-0.0463211882130254,0.0142039847728026,0.1041537507749535,0.2002479851208927,0.3903143330588243,-53113.41908461545
f8c5d1ba78b7d2f4d2d2a0d8bbc31f0b93185edce1d0788fbc362f22bd931af2,-4.403999250016759,103.0,0.5623675418876191,0.0484700981070255,39.0,77.0,0.5520440801008824,0.0002920323569964,5.01149073667569e-05,-0.006883125467968,6.621802293469795,-0.0010501295588083,167.0,5.67130360793942,0.054323000493941,12.0,0.8357098574085555,96.0,4.338775718976651,1.0,0.001639064856459,-0.0730081967801407,1.0,2.9716615136383018,0.0586237582552892,0.0628150531380198,0.1084934903905765,0.2324860508369498,0.6750285256186023,458924.3652828593
fa4ac754e022a4cd821d467827141a05064a08cdd9b7a2d121c24e096a6f0580,-6.713291332170424,75.0,0.3331468348885041,0.096657423989237,52.0,78.0,0.3217261001890218,3.634741437739296e-09,0.1844217491274337,-0.0245146111251231,7.039215890995554,0.0028553067068333,201.0,6.157974115860235,0.0602999270524307,11.0,0.0427774333539987,114.0,4.656618622448681,1.0,0.0233462086977182,0.0774379372385015,1.0,3.1305904220051857,0.0718710252943641,0.1078409149091391,0.0985740855548667,0.1742095474271543,0.5631719544828742,-457711.2085649277
fad1ca5a071c61a773f665a5f345a2a1172949e4835194b414ab0cf8d4fe9ffa,-5.356841715879943,176.0,0.3263889444693233,0.0195184314540819,50.0,54.0,0.2809577516776957,4.170822768559086e-06,4.783182504942462e-15,0.0221256979987544,7.095137271788959,0.0397371797292888,184.0,6.20180385336328,0.0456479325056368,11.0,0.7067575945443274,124.0,4.6928001896701765,1.0,-0.0318674439725337,-0.1164929847311784,1.0,3.155173295890307,-0.0043199132727448,0.0324320858720096,0.110973341599504,0.2070675759454432,0.4814641935243542,2815.085845587015
fb0bb72a5d9e18e70b85834c2caacd4c12591e26d99225cd9c65a942a39925e0,-9.748174488104077,71.0,0.4951476607477009,0.1241738074626885,41.0,87.0,0.5527640437494954,8.14930092048736e-17,0.8101786187909387,-0.0755002728763584,6.980206258152833,-0.1098035094069127,178.0,6.127827484200342,0.0755087034080173,12.0,0.9249845009299442,89.0,4.663265384381605,1.0,0.0756686447412586,-0.0263145770202039,1.0,3.13655039417134,-0.0667515623210734,0.0066877978781651,0.0973341599504029,0.1915685058896466,0.4466384733542096,-410056.9370043551
fc057d59a3476406c8572dbab8247d7e981c1976e8403d3715979bb1c02fb846,-6.738482610119914,132.0,0.3349119947318871,0.0437824859553647,47.0,69.0,0.3150482253541683,3.162780785968899e-09,0.0316968219182456,0.0196794188171381,6.556598578825706,0.0203086873481356,152.0,5.71022584142387,0.025518333580731,11.0,0.5468071915685059,88.0,4.392175195972566,1.0,0.0079189791780234,0.0614858447521568,1.0,3.007268911311119,0.024871451914283,-0.0315808033023728,0.1153130812151271,0.208307501549907,0.8727451893886196,175471.0011366702
fc15cc22098577295f29f8b259ebbe5e5420ad2a22a0961d02f945dbdba46e11,-4.961824491105531,275.0,0.4780719695715231,0.0695977335172251,52.0,63.0,0.4668250764253703,2.6395936317390267e-05,0.1954448717145735,-0.069646697776521,6.805218577096353,-0.067477281642222,181.0,5.99911416041859,0.0108943421094616,13.0,0.699318040917545,106.0,4.566983555648799,1.0,0.0325860702337491,-0.029906936688593,1.0,3.091304260189529,-0.0483932065818483,0.0509916099713155,0.0911345319280843,0.1680099194048357,0.7002888097203032,-224929.23734224867
fc3e31d858257899b890c4af0cecc83739f6754e2761ca5d646d1a12380f4700,-3.27736843610873,271.0,0.7054182670621737,0.0123894625475884,66.0,124.0,0.7113451009757346,0.0159209161006373,1.449631169942096e-129,0.1340473336791967,7.104448811323645,0.1335876431183315,201.0,6.193783500189805,0.1501017823914153,13.0,0.5083694978301302,127.0,4.665564898919699,1.0,0.1104941075660135,-0.0070057701220847,1.0,3.1235022922938693,-0.0113150525660304,0.040981978022162,0.1673899566026038,0.2758834469931804,0.2838406552359684,-21144.446097322056
fd87c379a4f2dac5b411a5443e673f25ca479ba7172c5074ab008319fbf62d13,-4.875102771258725,143.0,0.4925352814386938,0.0256410951376733,51.0,78.0,0.4646113597574343,3.8982146021044845e-05,0.0001422117605261,0.0353698011978685,6.783907183890641,0.0239652601384162,184.0,5.886507099664609,0.0230640640293321,17.0,0.601983880967142,106.0,4.502481497380414,1.0,0.0981435166424249,0.0203276278837941,1.0,3.050946863220992,0.0361889297401009,0.081433149017244,0.08307501549907,0.1642901425914445,0.4431123897356441,-4248819.630936628
