id,"y__fft_coefficient__attr_""imag""__coeff_44","y__fft_coefficient__attr_""imag""__coeff_11","y__change_quantiles__f_agg_""mean""__isabs_False__qh_1.0__ql_0.0",y__mean_change,"y__fft_coefficient__attr_""imag""__coeff_54","y__fft_coefficient__attr_""imag""__coeff_34","y__fft_coefficient__attr_""imag""__coeff_15","y__fft_coefficient__attr_""imag""__coeff_36","y__fft_coefficient__attr_""imag""__coeff_96","y__fft_coefficient__attr_""imag""__coeff_21","y__fft_coefficient__attr_""imag""__coeff_33","y__fft_coefficient__attr_""imag""__coeff_27","y__fft_coefficient__attr_""imag""__coeff_29","y__fft_coefficient__attr_""imag""__coeff_61","y__fft_coefficient__attr_""imag""__coeff_24","y__fft_coefficient__attr_""imag""__coeff_4","y__fft_coefficient__attr_""imag""__coeff_66","y__fft_coefficient__attr_""imag""__coeff_22","y__fft_coefficient__attr_""imag""__coeff_45","y__fft_coefficient__attr_""imag""__coeff_62","y__fft_coefficient__attr_""imag""__coeff_71","y__fft_coefficient__attr_""imag""__coeff_16","y__fft_coefficient__attr_""imag""__coeff_56","y__fft_coefficient__attr_""imag""__coeff_31","y__fft_coefficient__attr_""imag""__coeff_43","y__fft_coefficient__attr_""imag""__coeff_19","y__fft_coefficient__attr_""imag""__coeff_32","y__fft_coefficient__attr_""imag""__coeff_48","y__fft_coefficient__attr_""imag""__coeff_13","y__fft_coefficient__attr_""imag""__coeff_49"
0,-8.433634194570766,-266.6707132369477,0.0033667875657774,0.0033667875657774,-33.825501620058795,36.18769924199556,-102.3374059110232,58.487501503110735,75.69503051235753,304.4128798066995,-98.03756903823188,477.7617472875082,56.223036362813495,-87.93399192725812,72.77571456007892,1754.957705565975,141.03514255424315,224.2879639833393,209.22010210087976,-29.935490760793595,-375.3127806711266,25.956374774465104,34.119902980188655,208.35977017622707,87.6770655122962,121.6128208246721,297.9080385038932,208.7976511125057,579.6052381789789,125.47524606776524
1,-214.419098194277,-1470.301174543439,-0.0130262601470195,-0.0130262601470195,-278.3769903516852,-510.131092467711,-560.4198419367381,131.6604172703986,-291.5624070509597,-61.30628929283205,-884.0350151183641,-486.7735303227119,-696.8957565493488,-299.23096969864866,-406.4365060953993,-2188.643832732545,-151.63936977074587,-99.08408342067314,150.06663898638917,-321.1008489007578,6.643380781724058,-992.7389691266978,-318.7666659360499,-537.8598965086126,-186.15248122086268,-886.4130622498246,-526.5025604094754,-142.5342786363634,-1029.7466544368976,-38.42041624482309
10,-3724.309737946507,-23329.03036033696,-0.1713213839099625,-0.1713213839099625,-7109.582165758748,-8883.38123675474,-5393.918628898682,-7673.450695211615,-5265.818624930134,1011.0184314762532,-16756.321391409296,-6696.259334835577,-7832.611904493649,-6918.738010705754,-18003.922874113967,-267446.3932146757,1231.115287881627,-31263.824229126305,-8803.404674367668,-2801.5021445415005,-17055.423435188404,-25060.38348542321,-234.2666708228584,-9627.213657398162,-11768.441294279122,-16728.433782501037,-13158.001058135613,-621.4030323882265,14648.746063098764,-9887.904291903988
100,-47054.82715052817,-130429.10739796222,-1.2892872030012503,-1.2892872030012503,-21155.386580005743,-41457.86458614775,-3474.89467714508,-40800.52065787668,-20336.16778396652,-62503.13857483624,-35434.794256154564,-66002.71053722235,-33563.310167484284,-51164.6795673005,-70497.42660533173,-491753.2247028571,-20809.79027662178,-56604.48836669125,-40038.409311740455,-10968.785565495837,-37440.30402446197,-87527.68491662061,-9428.142604496226,-42805.43380919199,-28937.732798423203,-44190.19869287049,2567.86599345054,-53426.58951217398,-111376.00422672328,-11865.50546487846
101,22532.883510079537,45847.548860264666,1.57565652355148,1.57565652355148,-7667.553636421584,18380.75405322402,57903.77790405099,-10347.610471305425,-14291.522920552548,84746.02207912036,-36198.5652093472,72126.90532272306,-9266.474439548285,8629.512425106463,42025.76429909791,676712.6162674634,-21598.35730109472,20455.511575035976,-27660.756292165792,1173.905941154243,6591.382511974134,151708.50554326695,8790.991465688192,9343.062155526892,-16794.17743336763,38669.45978231167,-13683.555035542153,74280.02584561898,-7825.125943261022,37398.88152807795
102,-907.3592097932468,-10863.086441663878,0.02334305960817,0.02334305960817,2620.119215745516,-7287.407816714624,8673.717578547228,-1424.9615077690148,-1960.1490001436136,-3359.526840870787,143.64975707956404,-2351.9768594291727,1647.525437843792,1029.2301682223138,-4564.971263255936,96424.45683036646,3155.957685377356,-5358.276364019424,5826.266292026353,-2883.2705436590545,823.6728767484215,7577.151810875976,-2342.911483897275,1095.1063207421255,3945.181310994212,-2224.960665958717,-518.2536203079194,-1369.607353672493,-14254.41944022213,-3393.275931978661
103,11443.00555426108,-21540.90986286561,-0.1438099208003334,-0.1438099208003334,-3649.043820397742,1339.7890414859844,10814.68414821566,-15751.130739428429,-5619.396712019812,3057.7795769609384,-4335.267480758423,4245.471248239819,251.46316594913,1813.7558574004047,16076.659488425605,-75843.20730978542,-1877.2370424137152,12932.119936752111,5635.109439495848,-1337.2389708322485,-4334.625068209754,-8600.857037496144,-1836.3227724726464,-1732.799524195725,-2327.010594380904,24144.19426624025,-260.4111407865505,-124.7500456767873,-14923.58270472833,-1473.1790708639098
104,21445.89311713918,82450.53165199139,0.858274280950396,0.858274280950396,20925.172542858192,22690.7058950672,75639.33886749097,12451.098230577194,8736.39282690937,31232.27522897385,30957.59175976356,23516.16755003012,31636.873976379648,4623.622754241078,36102.786224249496,319170.0779739449,14868.303663527382,34003.69073416696,8664.336600391358,6539.715013097613,9940.159253757458,46531.44312107992,16968.369641989535,21050.177707967487,31868.339892294072,27303.327439472945,12262.341311171323,12297.21283002208,91893.29702441375,11746.15390354185
105,3498.009549533458,15632.886433332013,0.0254272613588995,0.0254272613588995,1489.6345977933615,2728.739050248713,5080.170667691469,1260.8442513572911,-2710.177075210023,-3075.7009630381813,492.5872674444479,-1791.0819605343063,-1743.485971665369,-893.2818659838746,-1606.054181709604,173324.74261465255,2557.358121704888,392.7034159199512,5238.246239461594,1802.8451730667127,3773.466177742445,6134.899620117515,1122.3219599687477,4561.660000361137,-4366.936137014923,-3315.1926776491846,-1268.9661706835427,1554.3689009175832,9708.12147437449,6058.989618645364
106,15248.170120939538,35353.672892851326,0.3668195081283868,0.3668195081283868,5492.266860925476,13240.805733834684,5736.4731658698,13129.778724640408,2956.193748669685,15599.427832239122,13193.565466385018,15474.04384745259,15110.11107022226,5964.371420871179,14074.728606819386,137055.51806224074,6552.270248407836,19229.473538295628,13649.319483395397,6385.046413029435,4105.636150973635,16641.771769279276,9249.10035083443,14199.159586682426,13487.189317474076,13058.525958333425,8978.806804539065,6577.559637273055,17679.104721916905,12141.63728578035
107,-1849.535403641464,-8912.171416096044,-0.18882867861609,-0.18882867861609,-11.193677232623712,-9701.8917003792,-34888.66141717557,-5160.523708328145,-6363.443789605515,-5760.661905816532,-14136.862715506884,1147.60134741311,-13907.345833601492,-4861.528432467433,-11277.577067688622,-82834.19137570079,-1821.4518002717573,-23507.46198434212,-6955.78566341296,-10822.354967111174,-1041.3193678143043,-13270.295736217253,-8821.658191230239,-7175.095818742225,-3864.4922807322127,-13379.78071412881,-9788.070805893662,-4047.738453850174,-22918.73169746477,-1108.4277434577266
108,5212.233318491764,-12433.998567671772,-0.0062526052521884,-0.0062526052521884,5548.630657691366,-10251.357959175852,12428.104479520807,-8110.685767068362,1583.270159216409,1376.6833209076835,-175.14313914938964,-2528.541626704011,-1598.4537291855668,1155.4682584595707,-6987.844808765816,90055.40455344695,2588.194349929212,1071.215447681085,1255.9521601533347,-2768.0868865554216,-6229.01571971372,10154.95945359897,-1235.1878345464902,2267.9699434318013,6181.438337069938,382.08390142007374,-4058.463988915766,-2846.2371287895885,-11665.660111562804,-4695.632668019161
109,6639.934971126846,-23180.684767344395,0.011671529804085,0.011671529804085,-5060.527103515462,1832.6177492866748,7502.936769762457,-14066.160674515571,-6291.31999277765,3674.392682726508,-4623.600146864743,3662.693075267748,1851.198668256745,580.7358399494192,18331.6878649013,-74219.23491452954,-3059.2441656889423,18957.530071208068,8095.771669799349,-7067.542683444973,-7031.423820229531,-13141.294871385548,-3814.6003670287473,-458.62552506122006,-2607.202156801238,25708.21903323757,-545.033391825847,-765.6860983617524,-13586.801462768584,2015.434795501083
11,34077.51907004128,175413.536704993,1.7507294706127554,1.7507294706127554,23949.5997300368,40750.51219693248,96843.82402496527,44403.12004893864,21672.024846555338,64883.44214518168,50931.11215541572,62043.51021276043,45050.00096979126,24095.16552386643,57785.93510234655,708210.7871952464,23579.02577226285,77096.85283913382,33100.06449025488,30300.48607734869,20780.46447342457,92353.55425042064,28804.68115008434,50358.49062907501,41549.95203733055,111592.94065166908,54127.698172299606,27367.39710012817,101776.81601731814,29971.40488037381
110,21775.60141966955,87483.90150171772,0.905377240516882,0.905377240516882,22478.041046239952,20345.29292205857,72176.88678755678,16440.15423452801,9597.700545685606,30866.579731541828,26505.019283034744,28028.2114375348,29414.415833603183,4163.039131646221,33434.99875489886,319938.4486264911,13807.236555198664,26605.07240108784,10489.428512445123,6590.285806609627,12323.448434618123,48351.838294532594,17474.41523777391,27353.13579333244,32658.69908603725,26858.430212604893,12406.097515058498,10726.119745416909,89138.5564972006,17796.128626623075
111,31.23793493351764,-661.1696353706138,-0.0200083368070029,-0.0200083368070029,-1607.101719619122,5073.314869442906,2013.3234102720887,4301.407356337867,-3566.83852304409,-1481.1120152084766,-2967.302263748549,-1255.164053483909,-934.7991689088432,1533.6291351875152,866.1522073140227,146675.51437096743,312.22379963146614,4115.35290560897,-3452.25747473482,-5582.776121649835,8477.340387989796,6941.430429917982,-2116.34395825624,-7343.975273935543,4361.215024695372,3587.161103971388,3340.5921708730484,260.0406413992802,8735.594614172789,208.75621180908504
112,10316.720794288056,24042.303660874088,0.3372238432680283,0.3372238432680283,2552.0544965758545,10731.694753260206,26759.90434895749,5243.144729928679,6214.9155902194025,10759.344827124058,565.4850274838158,4610.747638637064,5280.419651723091,6782.123817706465,12830.785014139405,61697.54450718958,8756.165898817679,8324.629163408616,14200.559486030728,2703.379389151452,1776.883812119503,19357.900679776365,8998.480806180134,5131.43028907157,8933.607090434818,12138.35796656015,13035.92214962679,8976.972404479347,37093.64626262656,7882.307477906803
113,-5438.995747140079,1043.8100697206596,-0.0175072947061275,-0.0175072947061275,2843.291531928672,5074.771307640869,-6979.322193598968,-2657.734362456096,4722.016866640404,8110.511593211971,8841.690698343018,-8299.02119938667,11473.524217105634,-3119.433796633467,1702.5492927258774,7114.0334398396735,828.2871231930928,17060.21532881279,-3044.169216443353,-1938.5216225472368,4456.604814235612,-875.0279966375288,-5552.945606705163,2875.672364789281,284.5170813474453,672.6362737893381,3730.726258988766,7066.490443028954,8714.086489813853,-461.53844367221006
114,8344.620364035934,-42461.37492952327,0.0337640683618174,0.0337640683618174,-976.4862047642,4787.189541421604,44645.60266563474,9490.2969932426,52.87632589681971,16884.76732118159,21327.183007686333,12166.037738685129,-10030.506709742604,-4166.89901441659,-4894.047718745605,211922.5930876412,-768.7497016489019,-13152.857350645509,12771.684790851295,-815.1764241747619,6502.118255363372,32330.670464644623,7380.210153123251,22833.39943218325,7785.140234384807,9392.895700324492,4956.596696459268,2298.008249758786,-57116.73602887256,-5067.071435501818
115,34822.3639692807,141367.20679661183,1.5844101709045435,1.5844101709045435,27031.23992506846,40469.35509056676,121288.9463993632,20582.10788089292,19754.623823058188,92088.83133667376,52213.68610051459,59923.331825808935,43658.58154629496,25858.81212813616,59907.45652398845,628639.6420807723,19873.165985787185,34801.70187559912,36869.09632930918,21742.805203448337,23631.467830585865,72757.12888156046,15138.843004430932,29045.84351315046,35392.9305444797,78980.77974046714,47870.96961749754,42161.615541662206,140339.4639377505,40151.70465978362
116,-34538.88456498363,-140561.84485718442,-1.7177990829512295,-1.7177990829512295,-26250.452300342706,-71231.94336330902,-124166.62944715026,-43965.92187569883,-20322.817404017896,-67114.68499145318,-44433.290360176376,-59872.722377712,-75192.91194392294,-51648.394894046985,-62597.775469063534,-693175.7171624324,-12232.10294050053,-61205.0734339702,-36291.53518371719,-37425.50482994386,-11083.734472584732,-153405.00746516982,-23617.347658559804,-64364.66426002181,-29773.3000978948,-34024.151461562586,-57074.942721588646,-27170.85204936779,-118475.17720469309,-38372.54848146554
117,-8836.816811117187,-163012.914873601,-0.9662359316381826,-0.9662359316381826,-24712.71510173021,-53076.38431434304,-84308.24793506761,-33560.572991081244,-554.7113878303787,-75749.32384031866,-39990.03507377964,-31586.92539347207,-23918.972442698025,-27892.786860386685,-39341.969260032245,160885.6764179308,-54202.5291576331,-38130.97164241398,-57113.15420490968,-4317.684075475805,-10673.435992013465,-66936.49450489724,-12557.618077311903,-27064.46055785352,-32081.973219766143,-80286.26912811218,-30511.809569793502,-20459.54324983687,-83094.17928189767,-20852.81687633892
118,43987.58520928929,176844.79813329986,1.7057107127969988,1.7057107127969988,47489.86437924138,46825.17639532492,123041.09160458838,51377.134561939965,5275.172982525299,66032.95050623894,30868.920621632133,54797.57866689809,59062.38921953577,21972.98274566404,63414.77351762837,238116.4885094203,21640.975051774265,99964.96640782026,48212.24918738823,38337.75699312241,9864.670414252374,133656.90951461627,34220.64262652656,59780.755366075246,33478.777656098406,63754.1638594518,22172.28730593773,24789.544667729133,136529.80136926466,47001.416662669726
119,-12382.780247903918,33192.25862606306,0.6123384743643184,0.6123384743643184,-7216.5815361243185,22103.171917135234,63806.74632419444,13947.298464698451,-6662.1703970016215,16096.45428366493,7030.010385115776,5131.89236174261,7426.075903655446,11636.028404284449,40145.87294427857,295142.8037493382,-5065.018884967102,18591.645725357364,12608.50548978823,26080.252369700684,17035.78292187851,43803.2978480061,7833.994334926213,4226.8490900846655,37675.92736514188,-11498.709893725598,28615.926963677,-3544.484504427788,91036.965394239,-1921.6029871633675
12,-169.89522540981864,-70.34229096119974,0.0028428511879949,0.0028428511879949,5.56730486632339,-309.07814648143324,304.4646503225006,142.71248509537477,84.71771524908458,-110.32954095351133,-316.9834694498046,148.73232413213265,83.32417742693328,38.22719795134168,386.0832163645206,854.433623945557,73.36684090813976,-81.6685050953589,-141.88783067816297,79.36256119904562,51.62950686324227,351.77229011924976,-245.54491421895904,-50.89576868269222,-139.2596792845551,-59.76955532710196,-211.10769043468432,-63.97058380815391,-105.07827852339226,65.61221693932312
120,19.61811733029112,-2.3971019773829934,0.0007555231346394,0.0007555231346394,-17.99648282037638,46.1189494283574,53.684800226802025,24.759638229850147,-10.359647493477857,9.170909888998654,7.174973855603138,46.89882220378607,-18.63517520842734,-9.36136822081794,34.52102898719552,213.60910655637548,39.305595932888906,55.26233150591372,14.571929373910422,-11.574227606700486,10.764824844621042,17.454271472306303,9.019534793428434,52.80249069434629,-0.0521318011590494,-19.275140975728085,95.1204778121314,18.14575534720491,97.90562324186293,-8.71524331836714
121,-3.179422939546669,-107.74893940172,-0.0016413088786994,-0.0016413088786994,-25.701966002995004,-40.918784707742006,-108.62197497039736,-42.06115201258588,0.1194923839836366,-17.836058784610884,-42.20805758634483,-50.03829435682165,-53.96506202577412,10.585297632606837,-58.88660666824455,-261.32068451207226,6.529538980327127,-57.65772989342664,-30.918717305532844,-33.46882820270247,-32.96507093112237,-63.17873451183013,-34.86457135239454,-35.32674723709934,-3.738246410053204,-63.874990749587376,-35.31571074079041,-25.9633523888918,-95.7265915039791,-45.35214910877146
122,4.082864965286866,75.42220070563872,5.553429051897407e-19,0.0,13.305494274349972,-22.09529765940853,-20.431251760341027,21.617541514192048,-7.207692625137099,2.2774712157584176,10.551577464558948,12.575010410316844,15.536687531789324,-29.4078081069145,-7.860694260747993,-68.06351361665293,21.224990034069712,-3.157081320074128,-10.331617013857542,6.256617035788329,30.705551205060043,26.33229316334401,-18.8691807955481,26.189919801922585,-24.53159369015408,40.52017461958841,-38.4078104621624,24.612027481760368,-1.8231719762079368,-8.5682920773652
123,-39.881534158145726,-97.51999719200244,-0.0019018340975406,-0.0019018340975406,-48.09263998944945,-44.68212654805428,-104.3458568946067,-38.85162851040751,-26.02984070155259,-97.19189113252678,-31.27484060866164,-95.47266965581208,-67.53493808727538,-34.60573115625644,-62.7624988226724,-460.6622955801733,-25.23180996047151,-74.51652533917027,-42.1040499618247,-16.833224018434024,-18.2935446230752,-102.68409595642288,-46.599068501769054,-12.618680055132618,-41.6697429414976,-66.66389463261112,-46.847081610253255,-25.546904331786067,-133.56607875314847,-51.9084127174435
124,57.71538999461309,215.03741034985524,0.00221446436015,0.00221446436015,35.175639987296975,38.88275164338642,196.4335740880364,49.094321666046376,7.834801284378244,79.75107750620111,89.85373688097806,87.41141994892772,85.0943556745984,51.27817047863619,98.29446195070815,774.7252952024751,24.401416651738405,120.69757129341416,42.315115222972906,51.38504781431381,22.500308218994306,159.62153373858226,31.409996480031865,79.85307559234695,38.71592693096613,98.859701445506,77.31839412427348,71.94957111102806,243.87397830791448,70.8260320463975
125,0.3839708664210399,-46.72695701728623,-0.0007105233241142,-0.0007105233241142,-21.79448692257172,6.390745929702073,-125.4564820117184,-18.131183121350304,-19.109187226508865,-2.095387061901704,-51.26130822478713,30.348845244942165,-1.025650465797435,-17.167431252330232,47.07790019778608,-379.35158744933904,-5.125228610856086,-0.9076801856827164,11.952674242863502,-12.870759002521565,-9.154296560330732,-10.357043239950032,-58.94757475787645,-90.0251295332103,4.531928660457128,-28.16847146586878,-13.779989057281586,4.348863362850228,-75.40764970875846,-48.93408714244836
126,142.5436329021593,-16.99900417217668,0.0010942059191329,0.0010942059191329,54.15748909124399,91.75592604779224,-24.08160162141922,-59.066815451566455,-34.7121103535825,46.25397422241112,53.01527433974971,75.61854855241575,83.14538659973124,-36.33118455885166,-51.55939571091449,-6.740694789649071,4.971459868254541,100.7711784975308,35.98301962827453,34.789123004631406,39.536549092965856,-2.2218749011545764,32.46849907736525,149.46248443821122,87.76271597822841,6.773359657469973,70.84668869654115,-80.61851445465075,169.45691439454345,6.543059300745625
127,-5.598284129477979,-146.0145017721107,-0.0021187960830679,-0.0021187960830679,-59.11303009456565,-42.35023008857735,-137.07296811489778,12.993396657278478,-34.59752359255586,-54.20535277336337,-51.45393555784708,-103.46435825019203,-48.74241257284362,-20.1726120876939,-73.1931010499228,-402.8095419830584,5.352002947026845,-52.8730381353752,-63.0643467087784,-45.9872634478736,-23.97896990901227,-123.98626234808737,-62.86206042379136,-172.1246521262666,-42.170315140806586,-64.38910387714559,-54.658015574775234,-2.311732631655005,-158.96086967649262,-10.973517574818231
128,-11.32037597087552,-41.16973072568354,0.0001667361798124,0.0001667361798124,21.93638183820512,29.99254175210048,31.03980512331072,25.339595321862525,2.0234802000345185,32.1458764415669,15.786050660300294,28.43914465475597,22.18152145354247,-2.8728755527851355,14.498867606164056,-126.771480583066,-0.1572849726357659,15.848162350043458,35.62999746453637,28.65295298911049,-7.958017341463927,51.06195813616648,10.45842412029727,36.04323940259947,6.805936510175267,51.42141473205972,-1.2904537986464903,11.873682525137117,-1.0045870419068486,1.8639099517789632
129,-17.7369705376522,-162.1014459685488,-0.0010421008753647,-0.0010421008753647,-8.611185902403436,-23.419264543652936,-146.4459534272886,-26.89077086484137,-16.66654892410322,-50.82784841274699,-35.75377292836316,-40.63493956348356,-33.52033724690392,-14.375428880605842,-29.968706683160416,-396.943844286596,-14.911031751194349,-53.59087307753953,-33.1056764146293,-16.971563422947195,-19.808981239050247,-84.8495968134761,-26.04595486557164,-31.967553941016185,-36.41080545698502,-53.15417191608829,-28.56885070997402,-12.214876130281043,-119.81589919348728,-4.5479249413279765
13,-43.97574416649624,-102.05928916681512,-0.0002125885785744,-0.0002125885785744,24.02149156806305,-53.45135525346265,-6.305043817077731,-51.67684388812286,-3.631094820737303,-100.98862448618767,20.985714291306365,87.97829856624892,-15.432854042926907,-34.947100038082546,20.21520539956501,-414.29982531691417,34.23849341681259,18.903161064564884,57.01744766783456,-73.07553718822511,-30.86857989132132,-15.893976257186477,5.505439526320259,67.42149379731248,23.683094999463187,40.81455582280633,2.3912988442994205,79.28902875838342,17.133099814796857,60.71208280715069
130,64.62902223615959,282.2182327431796,0.0021102542726135,0.0021102542726135,35.08976956821026,47.08395105466077,180.6872056471541,51.24997986151081,10.848780105356845,89.83641428583874,57.996883493459634,79.95214928475774,69.98096469722572,53.64979867245053,108.11652862460704,598.7589974175785,24.215981652533003,100.09640920484073,27.97730314876585,29.16385401324352,26.810429301886444,120.24778807204724,45.70656388104372,69.07975288354932,57.77087239841997,111.45179738154184,72.75741001527565,51.9279860142344,165.0929726011158,44.29655648784137
131,-17.480018223090926,-18.15288548615306,-0.0004168403501458,-0.0004168403501458,-41.65058081325298,57.74726953803794,51.00650626398284,58.0346971435949,-4.02257275598971,-22.08926413621505,-31.91685309507348,-51.54367911085815,-126.16017076413236,-7.239833905856951,124.23996653000285,-214.14651948045287,-34.70444974810172,0.5044964468526452,49.160352822418034,-59.93952465174662,53.08307103881097,21.59740050932613,-3.366316095615989,-127.88775762954194,-59.606667172221535,-181.00556789755976,-37.25458608081434,32.38746397831758,51.9317897454724,-10.907274922705367
132,102.07204700266963,-32.487030348889704,0.0027355147978324,0.0027355147978324,209.81821039415087,176.71576764985997,168.2505670712341,35.7137710999922,45.40721719382686,70.24008682273285,83.77251892205896,98.82874524509025,109.02769179179631,129.22890964097917,51.51537505371769,844.6352425734285,45.96868280158184,107.83668624460292,72.18481416072765,-2.408285244846038,-17.505192715467494,7.065707954859137,3.681069895346752,156.7228660145803,40.34691425227862,-45.81125504064431,174.2001576994252,30.152206716519075,213.37402128378776,-80.60374160611556
133,-101.65414170154588,191.60560562439844,-0.00044289287203,-0.00044289287203,82.58159344743905,-141.8632104754041,56.85322104608849,75.7727968813899,-42.06850595762776,-45.55091333545119,25.84957103059236,43.80998947569199,-178.2347570615147,48.37050554638984,-101.41036969237943,262.176959814901,-14.776552134208853,-65.61342569251792,33.96727323188175,75.34582228991822,75.16729207168537,158.6919190817689,-115.38545406774554,237.2849444449754,-61.98961565661235,-111.01210725932464,186.3194123548687,56.971829184845454,-366.0887277598633,-53.497115611446176
134,-25.987017008722432,-62.890691014535626,-0.0024176741103376,-0.0024176741103376,-37.989890089427234,-5.932759353807345,-225.15391551942423,29.22624268380743,-120.77575332988756,-120.17908287697446,-4.230447511134917,-0.4977487205083797,-111.95434893267014,-28.39211624811719,-40.5352427659095,-502.0061229775444,1.0570352295209275,-80.72514933800743,34.65369175918573,-154.81258867635808,-41.32099029919142,-83.37371919941951,0.5984153527752838,-72.45023454899302,-10.364683144674125,-126.76596679237618,-1.8422620143580204,-44.559393977307245,-45.49173880194915,-27.41416852279332
135,14.495504975504469,218.36283976077453,0.0017976240100041,0.0017976240100041,139.37346260735595,120.39295606101643,118.60178506246471,97.94040907407424,97.78931160898054,187.11429138900843,-32.478562717205605,60.07300806499778,270.5675494407094,36.16608825467218,281.84971025862774,1593.4369031482463,61.75961616609547,215.3458593500844,86.54415577738155,26.925329516857843,-52.02593367152822,230.76214567571083,79.77609401127994,-87.5094280110424,186.56768126536173,5.430470639023717,200.90950417305845,143.24813323390356,287.8824256171954,202.8424903076678
136,-16.630092239243645,-179.88734438408378,-0.0029699874947894,-0.0029699874947894,0.8048788991852405,-14.275929401907137,-220.9775436743622,-21.41095435634005,-186.56026222974856,56.461684644627454,-104.00663083943576,-118.53608325182743,-17.481750249268412,3.564520836058396,-123.15281092454616,-337.46250462796127,2.05431934264572,-98.73332901318852,-31.784278534153227,-107.87677753168316,-64.213127136626,-103.7054073353698,12.904811895346526,-115.02488061076944,-81.24444769123585,-91.29159102841972,-30.669824849946703,-190.549640569904,-186.02581080428484,-49.73827980342735
137,-6.122585399719124,-356.3737362452833,-0.0038036681950812,-0.0038036681950812,-98.837824071286,-121.08411226169996,-14.14752129707039,-68.21439646346033,-51.32856102048736,-158.19989218466637,-93.51818595707223,-217.30436867978227,-257.85919396849806,-67.33252555666397,-120.20231465929248,-891.5714559434932,-36.40968709824586,-111.85761913547545,14.416743672416205,-25.064866906610234,11.872711763764356,-152.82226937505715,7.6770272769540036,-161.51959005288396,-21.737998544598824,-252.66070501622823,-68.81630974070829,-82.66820798371242,-142.36273643373724,-112.96208960998766
138,122.4015939220237,7.29291843472024,0.0010160483534806,0.0010160483534806,44.75978450965758,70.89462815747004,-9.49317524232688,-46.14664509336325,-22.47591344326153,35.37080855025433,30.81329714234217,61.60046243960804,71.76904064448777,-34.82035396391727,-38.338792826125086,33.59044948155908,2.8848494990795435,65.72268341246193,35.727331980776555,24.95154911587324,27.60711580401414,-13.641066128840816,37.74587226849045,118.34047274827957,83.69096131076692,26.120713817521647,67.73053263312062,-71.18023191775382,160.57754931560055,2.0626510650755474
139,2.129210086095485,-129.5910586436123,-0.0018493019632513,-0.0018493019632513,-54.13312244313104,-37.78397413638611,-134.85850228343753,8.037773527544248,-29.78779600151198,-68.13310212502017,-42.51966548857583,-94.6770495318435,-48.20284449041422,-11.250464802966402,-60.495707879781605,-354.9941279118706,4.206591713637824,-35.86073130081914,-47.61912213592216,-39.66351193626079,-29.42962548710369,-124.74576745406398,-57.47835015954975,-150.1322424913542,-40.776562744041584,-56.35820721403559,-43.50571943766239,-10.674606009472502,-155.5202296208056,-12.532527573794347
14,-167.9652604607154,68.11564673696185,0.0008170070862859,0.0008170070862859,-106.1562511800378,225.59711071969053,353.05916336176483,-22.41874343517714,-179.67155557752915,19.89065926641948,103.55016030848634,-113.01797528322236,91.22277229340776,-308.5051564749897,-353.7388011403153,35.80450409329546,-121.79174739125592,-58.654399708901686,-89.91195112204025,-162.04464532260437,67.3515669035516,193.0267859282669,-182.11913460825852,54.28560943343298,-245.5179380849243,138.09158642691915,6.515138263888982,83.04260754416346,500.42904772586206,131.5714114402045
140,3.121670162398874,33.24066599354719,0.0,0.0,7.419938741027021,12.477332621323912,3.8932298829672254,21.49034752531176,-1.540059263045709,15.28949627561041,12.38108271389572,20.93958602035816,16.38362294191921,5.109062271298334,30.546423597808264,-71.47104618188801,-6.163702799248127,21.0095691848344,11.856355835558244,18.201904961460905,-0.6796329881311727,31.23218913680213,-0.5374263893424809,4.3923958239558525,-10.387902138564735,26.709055944338424,10.081341278444487,4.293622289769301,25.935615982969527,-0.6909816075174942
141,-15.766933462219528,-110.28503461024552,-0.0013026260942059,-0.0013026260942059,-6.447843702263027,-6.770901753301947,-92.98354712897088,-21.02707761504292,-18.297053184770768,-30.95591832980805,-35.933340558444726,-39.21794857989967,-41.53521769182876,-22.45046535885533,-54.745304999386256,-349.3660671654096,-12.422274053085772,-66.3749475932991,-41.85071716551938,-18.260847585420898,-25.6962543500406,-58.798445885168015,-20.161805670936044,-27.367775568291027,-39.15594951475133,-48.470554173778,-32.72682891772675,-21.93643148913024,-105.84449621400329,2.628574925594773
142,50.53975182670467,162.69802131544685,0.0013026260942059,0.0013026260942059,32.130127383293406,22.78891877759928,109.56962053545038,46.04333031944931,4.784335725820706,41.99731394345325,43.90445716441219,73.19872821565068,41.8375228641328,45.01008743960966,53.17447554951066,446.5705165581021,4.513512834352263,76.30051875385294,27.518471341714893,22.815484777860327,39.60413479194329,75.17087744540616,32.287396241281954,54.44401722823128,49.61176866868638,45.492321100787976,29.60784910069144,34.86972121323266,134.15597851542228,23.317304647808434
143,-8.41322673652392,-40.37557355260261,-0.0005210504376823,-0.0005210504376823,-32.89654515794484,50.20262428049123,43.03484273494571,84.0585615665557,-2.9026831337733423,-28.96914781995145,-28.6336343348979,-10.863853826511766,-104.52358289488532,12.1064001636401,106.20148058704422,-197.478007675462,-22.662546752468185,1.2148988549965816,45.8847200917257,-66.31239432682936,41.42623922743724,40.12491128052387,14.296142421309009,-106.05699587012086,-63.265293277841565,-98.78355126851348,-34.925973179310034,32.697400295140184,76.46517631023971,-13.54947437923655
144,10.041812881692469,9.881577295428452,0.0006513130471029,0.0006513130471029,-3.995267894676909,6.926088120055136,18.697867714805337,13.53359114794308,15.32644747193843,18.138847539743363,1.7754788923705238,13.597295151261289,16.512495260395088,12.50352197309055,-0.3161678087958219,21.04730346681664,2.66282183003381,32.413344928108,4.12203656210002,13.399727433727085,9.683568723555844,10.487285083120945,-2.787768164009204,4.190360559913161,10.029842557631778,10.554873289598294,17.366522792352896,-3.0293174092378994,69.99991915587242,4.823482289135609
145,-2.674152965927836,-35.18254857981388,-0.0001563151313047,-0.0001563151313047,-5.506403599653467,-1.2860267957592535,13.448624749333977,-12.566180444853297,5.990090962210925,-9.502622460087457,3.0678952342305577,1.8249497665966663,-11.905795298015926,1.8610168500183968,-7.906995904980906,-31.892732158415097,9.771765375827911,12.542813790549904,-8.372367665150373,-3.390617037926108,-7.304049069641942,-0.7824292598231657,-4.797776992191611,-15.101768536759725,-7.563065480356088,19.087549017022297,-12.625510629758008,-2.624210151069367,-30.75818339939144,-1.997616035016474
146,-22.74752205688343,-224.4798687590905,-0.0010421008753647,-0.0010421008753647,-24.14539865595444,-25.02053723096332,-27.735172217938583,-29.93815533121783,-118.3188221689034,-26.00494701285,-21.66682465751004,-51.020743662749695,-40.68233500168782,8.548060671629006,-73.38146428247782,-200.7665294069412,-32.59450462138498,-100.76511578905397,-13.307546828918277,-23.74516617447321,19.61224697007396,-94.37441978198667,-49.11293280042111,17.47679223942589,-9.960888415644224,17.954719033211436,4.935498224027144,19.4496432685218,-46.4848266731201,-29.036523901524244
147,18.06820205146913,-78.93511433768302,-0.0007555231346394,-0.0007555231346394,-25.498504327235985,-7.432055743911071,-39.43145597490124,7.978061255504435,-1.6936324450511102,-32.85102951190806,8.955100627534398,-25.24701108962774,-31.252535153525173,-3.050942658952822,6.676412760491851,-207.0234293719865,-33.298919507526094,-67.32947692330963,-20.837372656913992,-1.6616066893988697,31.08317744578609,15.321721325055002,-6.431318986329799,-36.878329004964215,-2.7153634788166165,-60.72229907055332,-10.386722144328074,-9.624762540993396,-19.442787377704427,-25.374729668466664
148,-3.81835947085278,109.21279234082664,0.001120258441017,0.001120258441017,-5.676929872224805,16.51287369220784,63.76603547360753,13.497236664893489,-4.512961561985744,62.27086478620828,43.53406812964087,50.238561463599424,45.39453401399358,31.360700422909765,16.59110315467001,516.0475912743095,-7.452943578181888,27.1910352813146,47.98295558080198,-6.108935615601084,31.74263090644692,60.188629280236,-4.165222851838147,41.0903862758461,45.05702178875241,60.87897133879222,21.55239483755537,0.6622482429290324,85.54254332901462,39.1545180609058
149,17.156389699686105,143.36707284160283,0.0008076281784076,0.0008076281784076,-11.826809116431038,41.8768285677147,125.69487707712442,-9.858256596100096,37.64275470577609,20.56072164156808,52.55130806062433,-37.26988200108875,91.0237341489153,72.39132102080097,89.02806004152855,101.17075533753456,-8.069563446255826,2.9274624327971086,54.80897431747937,30.97476741226457,0.7168034161269854,17.404153047454713,2.9033631012215784,-22.96245553781661,22.20327860317357,55.67597633577745,19.46281499868533,16.25967391210662,58.12811699783056,0.3719837956392788
15,-163.53293019857068,-407.9139336426665,-0.003188828678616,-0.003188828678616,163.00512726956708,-285.1598801408485,405.233134165324,-362.6601929267571,78.29761602212255,-251.76149656665297,-496.6037108958307,-120.07951912441456,-100.77113777333132,233.9926213942846,-497.2616253157597,-1207.998898704319,-252.0920471993701,-261.4275240744847,-139.20234118060222,292.73778566055904,-61.66690840948412,204.49521808892104,212.25468001135323,-394.5516228789162,-43.21939541584811,-6.383614325429132,-438.9561908595245,109.36549090664116,349.02944746969945,165.05271943087405
150,4646.071448170644,-13710.424150177794,0.0483534806169237,0.0483534806169237,-2.97782292896909,-1793.806992709655,107.7580115560184,561.2551188845396,5083.230040083185,4299.228145034394,-651.065228704757,855.9060684062133,3030.9696924208656,-1113.222801388131,1415.0262620960552,79606.86409705372,2328.107795759851,1983.610815616144,8966.179679108956,1133.7879365223596,271.8925659767506,407.3776642358087,887.6540603814301,6564.5131028181095,188.45822073327963,1210.5523898920878,2168.57141695693,182.58766583889155,-18998.28800111453,3195.4371961054094
151,9793.220353244627,-30932.06010597736,-0.1429762401000416,-0.1429762401000416,2848.2537793825745,-3636.215706142777,-24570.14298647933,-12486.636921888829,6714.709970894315,-14968.23322748788,-3149.8518713547573,1562.963951349176,-1485.4274604135148,1115.9925863692392,146.84212523686222,-152374.47787812728,6762.655001390328,9693.826852579454,-8812.409349157113,-3705.474718063647,-6890.19376781831,-13450.793191476148,285.9220843298607,-2436.102045161625,-8482.955533306374,15479.614341542852,-6616.702901348802,-9965.7257819576,-23845.230937292,-95.4727853156395
152,18123.692426225098,84283.71129366918,0.8065860775323052,0.8065860775323052,13256.533328465242,19911.600295635108,37318.66705526614,28048.636528539733,4815.21424591361,38896.851885641125,10976.25454039842,17910.765036246885,22936.913852573613,11370.386477614018,31958.431945720626,338173.10020052985,10686.246284204284,18228.31100865572,19400.46939012357,11096.448138084706,12016.9986787221,55291.36871476495,17659.569916585093,31874.8698386204,9160.858469743744,43723.0197296029,21259.54578319437,14849.349186516592,61636.013656202005,17084.133164732506
153,-7569.541511693474,-44237.96983637968,-0.3105460608586911,-0.3105460608586911,-7671.136479616543,-14454.609742374285,-23108.71106317863,-10505.672908744264,-2578.3294876981654,-26880.97119919288,-5046.5461059359,-12099.598380705916,-7612.544558897897,-128.3220982452938,-8730.647608528103,47098.523243412375,-2077.601510870145,-13879.027087623648,-7904.201736194821,-1695.335110961352,-5149.744230955357,-19371.180251173537,-5273.387621023461,-6989.624376313308,-12452.179347903708,-24494.201212730142,-18629.599630646408,222.35450091382185,-28767.74288228121,-7639.076295455192
154,15790.139987654176,27332.8099043061,0.4114214255939975,0.4114214255939975,17758.101257575094,5186.441832135815,37593.66245730415,15611.6030261802,3766.385149560396,20780.359274067807,5909.529434558912,19703.7044825698,20156.966075685523,13015.901556691537,11881.268183490558,-20027.087437894108,3730.992167165927,13509.146889550968,13990.29050365796,-239.19482682103128,-3987.846928125589,17454.662032552664,3894.675834423375,6665.860903135206,22052.414202509823,11919.47343389366,21790.15373053064,-2755.4422999158487,36470.29867993731,16520.30749472114
155,333.01747047941285,1512.471072872817,0.1617340558566069,0.1617340558566069,1974.8835938790755,606.9743770159239,9424.6103780913,5318.67353032927,1872.606400381929,7417.11133246049,2691.4751081150744,4367.885700897036,2709.8902240232446,2285.802788113004,7622.175730871404,64723.75740370365,-898.1906499720112,-1686.820422686295,-2634.9250554007003,5051.320032424206,724.8436555526505,12198.03845179076,3240.080387756518,379.8178309132496,-284.31896598047365,2949.708715858046,839.2920041453604,3310.4496388358384,14924.501654728756,-5135.989131023086
156,5634.605291800461,-12407.964808562974,0.0175072947061275,0.0175072947061275,1688.37026255408,-2829.587677887959,3704.189947393456,2931.216796875644,9675.900358146464,5175.226741243068,3166.364428955298,-4966.837580611932,-2658.371399897082,-3674.8688591944174,-238.40871799193303,77588.87217005929,1438.1122348582785,529.5432251903803,6679.247454009347,1228.8443278863874,-229.83462699785983,8440.938976514844,-984.9272810301824,4264.255847047674,-875.4541185699488,5434.86136353748,4381.869642446532,-241.41110824907548,-19809.90855858047,2711.103973341619
157,5367.581942865163,-25563.41481422771,-0.1250521050437682,-0.1250521050437682,5588.559718263269,-1658.7488457782451,-24507.14733354981,-6760.064989553667,2579.315727325968,-14896.249272784684,-3388.1864724147463,-1770.9276229205911,-1146.069648664783,-858.3498552660681,-4912.731555780712,-154414.28339039258,5080.886985632404,6907.351317750349,-9615.65205281971,-705.7316209580431,185.71243613788903,-15648.212739484312,134.75904886131525,2101.7137601939667,-8209.050956674319,13534.148461983152,-945.7226533498982,-9034.689931176115,-22245.01642111338,-3032.1982524025943
158,19854.64292862176,86187.16505970604,0.783659858274281,0.783659858274281,7858.285428881376,19524.966281046203,35650.702694834035,30912.318162625656,6957.614920349297,34648.03690543717,6865.382174942904,19478.7257019288,22633.578012713864,12375.203343083467,32827.051350893424,332377.2996649302,9477.390820085784,18570.27347648731,21622.99857242416,13480.940234793474,15818.64105313257,54725.45799059136,13466.481884771423,32861.516232286915,6228.858694584481,46188.88359952986,19123.167493609173,7623.447798010089,58031.43655241048,9997.345624633412
159,-6868.917160592846,-44030.06624830133,-0.3438932888703626,-0.3438932888703626,-6444.649134280537,-16355.812876568853,-21026.63022343463,-9242.698474678076,3675.761897181781,-22216.00579470372,-11265.1614223558,-9302.735774165843,-9899.265212982804,-6174.925955651538,-12184.530138154572,40368.66967495033,-11248.756461713116,-7160.450127462194,-7233.086656988447,-1402.2443427630792,-6301.49945712993,-16139.318373670263,-13068.993440772443,-5204.610456164017,-6970.944057264778,-22238.403428953352,-16002.199634563982,-9523.653874490714,-26072.966248742166,-10648.72201109946
16,120.10500156595268,400.3508908918642,0.0012213422259274,0.0012213422259274,28.48797654110933,-45.95474571786145,-89.11696688808408,-56.129411804655184,73.50017238989665,26.508946385062547,-2.481198074389249,-13.506419719601734,29.595830462051385,54.09283380328448,-80.35572097953539,-311.2654756241976,4.57980340558543,147.05995165776227,-30.28891428673498,54.85993560149482,-17.61506336868588,15.551123756545124,-38.15593630147524,22.999108554162067,-161.2272703186178,164.95804259665886,1.4031258995277796,-0.6818888778528134,-63.00192763855256,-80.92516283178762
160,15684.709393333158,34680.64485167105,0.3413922467694872,0.3413922467694872,16568.778718146463,9253.220634385234,38798.208306181055,10095.857372902685,87.3061662447517,24561.9710690281,6652.093205918617,16881.50420907565,11080.667318127247,13763.663958565128,14445.57351190084,-10470.315351131345,8724.330287680941,3350.224482909945,-3617.762541740525,1690.202428350096,-3152.410119938825,23180.673956056133,12605.753574913497,10737.00318638001,10408.766739331211,9468.56354171789,6949.053225939315,-9077.262882112416,54247.007077661656,16682.300567291448
161,-304.6540244244163,3287.1643505845987,0.0967069612338474,0.0967069612338474,3258.0442100556884,2202.4037610802534,10848.998567248713,5046.7250265049925,-623.1675608238986,3160.6205486708686,3555.24883656335,7314.997952115935,4827.36853394012,-2949.290854433525,8344.262215474222,58982.49827767188,1205.2296444874664,-1222.558009824908,3104.818736795037,6242.800257646892,-3468.391524471452,8924.246385548959,2605.2996634998744,3439.600824350769,476.80858680084566,3982.504414072848,1805.7545694386288,3890.874007197185,6302.545953829175,-2547.206246502001
162,-242.78159464597428,-809.9773243442586,-0.0026677782409337,-0.0026677782409337,-135.60025400054417,467.20651506636057,1483.5746716930323,194.99731621229387,267.94681899919374,172.46015718687653,852.2399827217865,-515.8315305769598,132.93378306213742,-130.50780769951143,-59.484167151346,1705.7446589120873,206.2216895951713,883.1817958394566,607.8192024959421,38.18551839734153,237.4100255439834,330.1105331250608,-463.160187739752,-388.34498051637786,71.02953210818026,-387.1374501071448,632.2586609475243,739.0782743303321,-2497.644527033408,-142.17180693970505
163,931.3362958890056,1208.0991710321755,0.0290912880366819,0.0290912880366819,-93.35286631464488,1189.252473565837,384.5126278471198,598.1821974685543,440.4793172282847,1064.5642478592729,1943.6518831968688,2687.9906389970056,1330.3024652770496,365.675374153377,1229.8421940860817,3491.291029438444,-706.944824332277,255.9250526677832,1135.1814675680855,1146.4934448448298,286.77773570987983,-618.9819285129461,236.0852134753929,303.1079545951318,1360.122533239473,1211.568453601236,641.3955125253981,423.3020188821396,5587.315183945564,68.6071687807987
164,-660.6154329382807,-871.4039561780428,-0.0168653605669028,-0.0168653605669028,-455.5129499874964,-959.064259849586,-368.017261480887,67.22119833725093,-448.4396688749315,-974.7125161109497,-297.15787262678174,-607.1125045582669,-315.115694457813,-674.6093167158765,-1015.9112768156016,-477.6415187585998,-966.82045466794,-1696.3830261538155,348.2454168596503,-535.986100483404,-286.4146004299503,-1427.8880846529582,120.72952360315224,-438.85067160570713,-947.2024352401112,-302.479183310189,-1328.5258388041514,-292.78845097432315,-1547.2830394217783,-825.8501155900202
165,-754.7184427555674,-5200.820079567499,-0.0361150479366402,-0.0361150479366402,-254.83257546822745,-1227.4884389004874,-559.1063557737605,-449.531638825521,-499.57406764913856,-1743.5528241755214,-1827.7060909071247,-982.066111281836,-1582.8472238110216,-1073.5663996291505,-694.2844458267396,-2193.2363540900888,-129.5159456289011,-1727.5845841741566,-637.7461319724011,-918.4120310194668,-625.8855263967761,-1455.162575153032,-352.8177658608546,-1098.3698782940485,-1444.9790116510048,-1824.866719551861,-1636.4596798378054,-1000.8272825780414,-2229.166783857031,110.53393873431492
166,162.6251029487418,1894.666838806664,-0.0019633180491871,-0.0019633180491871,745.8323954566097,-323.0170059278268,785.3661146204299,603.7023084255021,-544.084706708854,-365.330700236108,344.2298248848811,56.175600003912265,-205.28616005042,211.5584988978944,93.08742242114798,-3791.880081963701,42.611174673353815,818.2432808372225,-499.14117139701136,36.0991499075577,203.5729969326155,63.35506350642693,-151.6547882988442,-217.10198745230224,542.5276829937698,513.6150567434588,267.18339114542897,-386.2231537809454,-375.16212944833046,166.66598256464704
167,157.0010070717168,1462.8390493653822,0.0029637348895373,0.0029637348895373,-36.11788657209348,731.2169133468198,839.1568024211879,-253.2144867592561,262.0868280223817,-306.7327846855318,460.0662054895068,232.87471097149407,-221.06506856495648,145.3970238314813,349.43094337881155,3622.210967752791,-308.1801585665427,636.3673499981807,309.1592949724442,-139.40412147315342,448.4846560891788,672.3247214992166,478.751211214714,795.7271900140133,-154.4107084608255,-42.2686865234133,-229.99890114744468,443.69821946312766,-479.362144566213,616.2341696473336
168,4718.69275435879,-3140.644568661486,0.0646102542726135,0.0646102542726135,4898.930037119799,-1468.4224576280012,8597.647290716399,784.8191776786666,286.07215690406167,-547.9663388553461,-226.29677229793376,-2470.259495677784,6411.945014005547,366.2927090762891,-1573.5462223300665,82262.3023533989,-843.4920129413641,-4833.830699108219,957.6024776435248,2614.693524687053,2709.106111430918,5735.106275273929,-89.229101263561,5833.921897546791,1091.9426803782828,-8853.190354747245,-2811.4532889822267,35.170834244229866,-15556.719209630144,7850.046590414825
169,4485.447869208093,-25171.74812077175,-0.1588161734055856,-0.1588161734055856,198.4618904087015,-10467.71377956408,-21508.981311014268,-13860.99730442048,4300.970906034303,-16537.710810388733,-8363.727705425426,656.281486075635,-1340.9060813693195,-816.154606417298,-6480.551349751823,-124973.15310603856,5667.242446017678,5994.26684922098,-2358.1833216875857,2405.0472210834537,-3423.941606027688,-13488.88239570064,-5714.05418653645,-5847.637151518868,-5526.479166286197,13635.352937388576,-1541.8651599705438,-3669.051564904101,-22999.154212696347,-3744.8810464045487
17,95.82075348362277,-347.90100384379684,-0.0018340975406419,-0.0018340975406419,-107.98370527433532,141.38129185607426,-89.26029466176607,153.73238539737733,-141.96635902802194,-200.36037089451992,175.9900270615023,11.778491283391098,415.1544957273185,-159.0369733582668,-56.69752774730246,203.9703982927013,-223.5994893362721,-267.0741921957824,45.2076718670149,-312.92509601621606,-157.45261101565083,38.0929424201898,-228.4475376057452,323.3138166025659,215.15642899783268,-109.64120638711984,157.94854236794447,166.93144002196,-157.1129554918112,185.0506302019832
170,30290.30074367263,60218.33163874486,0.7357232180075032,0.7357232180075032,22356.873362689163,26063.50934750641,56446.96646533237,20701.929733623347,5738.970313217056,29499.89094545829,4236.57784459794,21489.236462270725,29968.78202051028,6019.095931701666,28050.174436885703,244949.1049238436,4368.767414173407,25976.38480465232,15919.96625581276,11867.471748891749,9377.161514032565,40053.23838593587,7659.556042831046,20473.9387113742,10094.395915676694,56922.93599846383,19915.51893993353,9400.371783973407,59657.1029495568,13804.585249780386
171,3975.6600254470936,-8241.75488880809,-0.0741975823259691,-0.0741975823259691,-893.7170746520335,-5779.433323920645,6604.5908674456405,-4487.586256995031,-2705.0340518516823,-3633.9678774668414,6158.185221416118,-1835.774861127436,-2012.625353999737,-3375.1985867570147,-7633.839559263612,214478.92952307372,3459.6335029157444,-10794.78513956984,-3279.1300670137225,192.7492451487492,2338.912454853361,-4078.389476430985,636.4879688410658,-995.0597223813874,-511.6667195155193,7478.091418158743,-5977.28530255594,1831.5186873254515,5349.363794084748,714.510228502374
172,18764.680479123337,55027.00317411184,0.5202167569820758,0.5202167569820758,8988.940303778212,11438.954898743825,37607.8244212034,7219.532981528374,2055.878432293769,22593.299302688385,19268.04246344824,21027.509154710853,18360.17288848146,13333.699014451227,24321.13362493846,67454.6061652023,10829.214598037655,8337.040387903035,13206.21547121648,7582.662267475396,10642.59159448553,35851.448902460674,13125.360740340158,17565.69896395269,12856.116215935648,24287.13764210602,5631.31984807815,11135.521553529095,63250.60932538127,13813.391406781597
173,8358.653229858239,-595.4825755963647,0.1904960400166736,0.1904960400166736,-5802.6849776021645,3596.287590187389,5869.415832519027,3954.696599598244,8008.822373679501,11356.406254791686,8462.112057233933,6226.89214440888,7430.027497912286,788.0294959617435,-3821.486828338522,31509.10480827129,2757.6432854121304,14291.854293285882,5357.5892568489735,2011.140639947864,3395.7932557473887,13697.610586564557,5860.526885648331,3862.7878432326497,4451.067610081676,21827.60097462525,-3655.581768355744,-4802.180729954916,11090.30330075776,6010.52976478822
174,-63.7915907181977,-690.3284773477628,-0.0015298040850354,-0.0015298040850354,-48.3959619888081,480.79720647091335,1317.2217677277415,379.02824747946073,146.5129566742355,-152.33716093733602,746.8144485932091,-71.11614060558516,517.4703065928757,348.1494317121408,-399.66520340395925,1178.5209054915945,535.7017221963632,210.5826056354972,423.093643064537,475.43033244264,-147.1173095367092,1190.301947365399,-313.5855113129667,-1070.2059351448747,393.4632203048841,-590.5526886540381,374.1637739308709,893.423949617985,-2876.912537341914,-180.61115302631487
175,862.0912023888947,475.6718881119913,0.0214214255939974,0.0214214255939974,-617.1154422368279,1056.6514910332078,68.24136935655017,656.2642205261996,292.5488933095454,1194.7552080519638,2306.626754630357,2134.793113352044,1430.7633488841532,305.5186681998369,860.5654485133892,3301.4148947161507,-506.74971963366966,-281.69934775185686,590.3088717115929,1255.470050886003,176.23837723623842,-516.6622865942002,286.2224221234087,431.15032834871454,1414.5461441246218,1158.8637939218772,893.2393784933543,110.84606222078864,5978.844110367207,-154.82735717239316
176,-26.90260275843948,-947.261273360765,-0.0171988328470195,-0.0171988328470195,-22.411545614461204,-1070.5886526075217,-33.176670038180234,519.3608591223665,127.2798354190913,-1571.3408526994483,-411.5344781026591,-582.5325576162271,-1262.3041559021958,-266.21214018734906,-1295.93435842819,-1885.1324506815272,-1023.409649702269,-1836.8701244517429,-69.57168573753549,-236.1385850865153,-131.4469108665058,-2131.539123468613,327.7205748263385,-352.99488403947794,-628.9767452404028,424.16018888626,-738.4181601567375,321.7767886771882,-1528.4202270326805,-1081.078316232708
177,-837.4958560202077,-5300.234031738416,-0.0364443518132555,-0.0364443518132555,-241.7534676628543,-1165.661661941764,-51.98574655110747,-612.1295920781403,-450.4598961266284,-1873.2624935646047,-1824.6855423052968,-432.24441346242605,-1329.9798041478105,-1314.8306690178297,-494.128426216007,-2546.877790797544,-587.3897463230633,-2163.591180832659,-726.8281123365671,-758.3498631158802,-411.8710802152368,-1183.609528951314,-436.091723609968,-1228.3156801590244,-1117.5985035930669,-1617.8262427232726,-2037.7394981572609,-701.5517118741466,-2248.159026270396,66.31336741925327
178,-199.5800986635426,2482.470016424574,0.0041558982909545,0.0041558982909545,-21.923891143178352,26.29717671222961,1326.7888183287305,226.9697450642577,-131.54502067774507,-375.3006326724529,583.9231183076156,-166.517135032744,-147.3246190601975,-281.11406680409215,304.4016688780115,-4017.586992915221,-123.7981154494681,830.4814601281978,-667.7931191607247,-6.551103886559183,-87.86752854431305,-141.30007202333405,-31.39174561944541,-18.66813282710794,146.74259158056776,785.7106676616871,136.79499424389456,-472.1679535933326,-113.60330140041646,-90.91979724498856
179,752.4284229921766,1685.4354164315057,0.0031596498541058,0.0031596498541058,95.5375128356545,1109.9815955316951,810.3729234073232,-88.72128198811542,248.00827017957525,-123.4073175439031,555.3153409314766,591.4487644278518,318.41298446748453,99.337081013329,281.4816036470187,3842.9871129599874,-337.2040070453842,668.2147262364363,310.6198269160748,268.81692222838046,827.3758847466157,324.1745788703604,755.3691929894528,424.38315376986105,139.6639612968419,414.1238984738629,-15.494260614922323,167.6923051196955,-337.37165243832817,402.705336842062
18,-26166.1564640176,-96556.69267322724,-1.0687786577740723,-1.0687786577740723,-14298.781002339709,-24587.32813581299,-65150.070103653314,-27078.034909167247,-17190.133448915865,-49488.82675487383,-29511.35307886473,-47641.35450400454,-28420.0075100315,-25306.39225831845,-31141.059233997563,110223.8135898037,-15231.050299080056,-37025.73752912149,-22721.919439622296,-7980.229424696605,-10731.1024825223,-54454.80217026346,-8494.875467336413,-29659.34200021955,-35868.41916011817,-71836.1175568087,-15983.774362279655,-23304.633846727047,-89426.33014171835,-8107.6008319082675
180,5201.932361176339,-3949.751950463705,0.0291788245102125,0.0291788245102125,1954.2652409627367,-3565.284996423225,13886.479878435804,-1149.0287825554524,761.9071859112574,-856.3580859318358,5277.809617573874,-959.3053212726276,-1648.5159264124804,-741.3093146064912,4595.598783059622,88327.59482628756,9282.334556254204,-7980.160815810657,6906.392523622435,-1000.5000171082178,2379.2417733471266,3131.671109266028,-2035.543576365636,7122.803879058889,-5938.025185715342,-16427.409402448488,3745.496512795712,1108.8759594116757,-9513.688738331157,2972.9273813201885
181,2656.383397485323,-24158.77676776398,-0.2288453522300958,-0.2288453522300958,-187.7594789060776,-4664.835953631826,-20041.379477203685,-9063.451893961264,-1651.7867847338866,-20434.14974763438,-2604.3005639340345,-4094.6453129587658,1055.6399278021167,-28.82188001782561,-9041.65436751614,-127767.38368382162,2281.9189158451063,5290.235973561299,-2096.7228896602765,78.45702268658385,-5056.061228699234,-14975.032703242769,-6374.067535867263,-5492.555791756658,-2402.424345910636,9576.14033525824,-2354.7069595039848,-4203.882296948323,-18390.16257713828,-5390.133321160066
182,28085.48049414777,59930.37913971714,0.6907044601917466,0.6907044601917466,13166.461693877594,29892.4055847915,54152.18362386916,13840.120256525108,7213.566924541543,26070.20698626955,8303.757323806125,20263.02940057503,36617.76665211834,16158.995500491164,35335.86376750143,250023.4274189749,16760.858794479936,21722.42917697084,4096.679143656863,15089.47372312946,13214.052121088484,40111.94496650582,7916.448181077161,19345.00981889447,10678.426713684885,62720.96925910247,24764.00471312392,16808.4972828939,57417.69396755462,7427.2543204112435
183,-578.8001645802633,-11854.361675725624,-0.1333889120466861,-0.1333889120466861,-5564.553306406126,-6890.00395745653,-277.0779845187284,-8473.06579560721,787.2214925322153,-1297.3733629243743,-1722.916392341272,-97.35682962580768,-10345.788891475358,-2277.8936810667333,-6481.420087457744,211729.96960674785,5823.364476596178,-3844.958341785328,-850.0416724990098,-3433.411252130303,3549.003830954397,-5767.710071081945,2835.1542894989107,-2221.72329958905,4820.900555051581,2282.0901795807126,-2123.2936161320195,-4608.617856170564,-239.1714308409504,2520.7405240351886
184,20597.87472838237,62170.13495913928,0.58274280950396,0.58274280950396,12034.814708093483,13010.1082990482,50307.71715376295,11945.867515616144,4442.875691193556,23344.13661364429,16576.017553811587,25758.16566958188,28470.28083779416,3945.978436908964,14073.487114619038,78084.03237063283,6045.358154961679,29034.68661401097,9924.86720801584,11926.242538015918,4583.042684227582,26255.66584326713,18138.805693855527,25102.67979807198,8474.514251979808,22190.31894970363,4853.052360599678,15760.67121726638,50780.51510890108,5315.679292219234
185,11314.029485734924,-1990.988592646544,0.1675698207586494,0.1675698207586494,3372.891454511079,1145.1377807964989,11523.413550543111,5429.477964101492,-5550.237279061699,13647.604784680476,4875.504231976782,12970.622498911427,7402.339973010297,-1595.3822308257877,-870.2738103750513,43206.84517782241,1521.6251810072863,13934.714334289103,6746.632472960427,4169.502387172842,4227.700844483315,16191.292426181564,2029.42952209464,3972.050083892471,4316.245473179245,21696.08542487822,3894.150502160656,369.72610005459865,14212.25019603356,-754.7934663174123
186,-3155.76713478989,6208.2268784457965,0.0475197999166319,0.0475197999166319,-6160.67645182424,-20122.359363143667,83479.74875611335,-14280.27059015914,-8542.285251748934,15709.922908741148,6221.936544158629,-18408.39667449866,-8186.380400194987,172.73156573965798,-8624.118189103609,324682.5118303255,12087.248716841244,15862.518494470518,18380.455426742345,11043.033152617933,-1386.8988438238794,97529.28784426698,16886.71727656824,-7119.24992931954,17988.666581171572,37315.69346157942,11888.925246409017,7896.9297644498365,24933.62576523208,-18841.04868130727
187,68580.06671431231,3061.9059565001794,1.897874114214256,1.897874114214256,4737.95653653664,43749.333855474455,160825.15620579192,40075.02855239724,17645.49976421811,91396.44475197128,105517.84951065312,-12814.589520316262,65871.66402205755,48676.96566560414,69229.62885081003,145300.05754639723,5835.519651564116,75546.4934875413,59921.31550379076,18234.910839332013,13609.27224470678,142079.3440426314,71758.43220429958,23299.649199441414,72701.7267517315,193635.15793352533,94957.76105666065,41780.83450081467,220535.17334375612,-4367.541534622986
188,-35810.872379204586,-104778.74220150402,-1.9070446019174656,-1.9070446019174656,-30625.45062965904,-70574.82611201608,-130462.56530782586,-68227.36372676308,-19221.958075088995,-54395.331706330486,-69769.64561390923,-79088.00159857824,-70868.72453455832,-39428.994360743134,-73091.7640330454,-724596.8726980041,-16094.149401862152,-6825.179025163704,-41837.05182645738,-58047.24244928026,-46139.272863782615,-168949.34045594218,-50298.74435684012,-58597.56499366721,-30958.949978141107,-37839.63917905816,-67077.40514415666,-47750.88610699498,-144173.7745324386,-23197.54376605885
189,-26865.830498226496,-109553.60893243576,-1.350562734472697,-1.350562734472697,-18313.841728264862,-26903.65014896544,-104804.33515087228,-61570.75387577453,-7211.780118945734,-84573.15410291651,-52959.14760932856,-39640.00351683406,-46257.230308068014,-24924.39915554624,-47984.161941412414,-436378.0712594474,-24947.967792691376,-62328.172404107085,-23537.881052534605,-2307.255877264367,-21703.620810675857,-111887.7515036368,-37535.91732581494,-57344.71737986217,-26553.98468452979,-55120.29093697132,-16537.55796800404,-29537.86973120511,-89330.02522470756,-21084.94195057357
19,26680.10472036736,55734.35479064056,0.4501875781575656,0.4501875781575656,19742.17359691571,25144.81468222221,42557.36650271576,34582.2451472223,-356.95726870213593,25976.52627000156,26673.250088661545,36707.43661248776,20854.69858753692,5165.366504832564,23048.158604498432,-279711.51945694874,1118.8290839878591,31684.231533304886,22679.0433217928,10190.982497312723,6844.718950500153,7811.96542537122,23007.574691426795,28191.942258732288,23480.846125884607,38969.59657855214,29892.48952439209,25106.1316297074,9859.040923987191,29344.186904366987
190,2717.50629224608,-131066.1130543798,0.3222175906627761,0.3222175906627761,-5838.021518903657,-3606.333249687829,-79450.73889000149,-21823.14594278272,32.86098849472154,39896.13432384888,-8604.97826070837,10285.983686045993,-30599.28208687156,1672.6251500622966,57327.750245780575,-362551.4819146603,-11383.383151031385,-11193.577263041445,-8717.000998501684,16606.99410446991,-25149.29026434245,11003.405198986302,-9995.886786043371,23494.42402159793,1586.3501179096402,-74928.27622308824,68801.31957053614,6773.951020607113,56023.09591174127,-27274.382193344776
191,49461.98750613355,221045.2930395251,1.7978324301792414,1.7978324301792414,33918.383659603176,99360.51604198042,74947.66643779766,27756.056068085505,17430.78076430192,118888.0244613204,34769.64020746285,67541.35981582943,50280.869946651655,34608.98238063088,58764.88803550956,891258.9403060938,46752.57418310415,46649.28585070196,23583.16079591363,36291.54295584051,27396.590654891952,98506.37683767948,37422.80761819072,43899.36092747829,11329.461686089511,141878.17317472716,49811.679030871965,53590.11484521035,99831.86344748492,53810.12751745488
192,-2486.542127420954,2594.069396982141,0.1087953313880783,0.1087953313880783,-7774.488420568493,-21824.84709919145,80093.96863983713,-14496.168550973844,-3708.6240424908415,13361.839006113303,7888.035564532796,-12057.623795454589,-16098.004543245026,123.24778837754002,-11722.307512349926,324125.209955168,14284.847153424038,22148.731679615263,22905.998843741,7662.228124461526,-8844.242587392648,95325.91523323052,13990.86293415736,-2724.2639980128515,15677.322867519248,43773.72194130315,17716.801218972585,13413.651839036893,18346.888034558822,-12319.768900348176
193,69633.07780490334,-10545.72736524258,1.8332638599416424,1.8332638599416424,5884.849641383606,50737.55171397286,157990.96640646615,47375.83670495234,4646.267402840347,84068.59625497431,98465.01365730604,-26166.830784491376,68279.60263900748,48755.48063088115,70298.91058942256,143462.2735568047,6869.146290045156,80197.21047710592,56536.304248337896,21951.15163620819,17111.523362565615,132914.58184248483,69270.96521935977,14586.939678019204,64615.00286086989,200197.3397872171,99944.37364883575,35575.0863753975,229113.525342362,-833.9706335214714
194,-36962.06592094394,-106766.2803658908,-1.6665277198832846,-1.6665277198832846,-22586.973914731498,-70019.47768424639,-128251.07610461058,-71512.80527752955,-18754.94188982668,-62250.56742622089,-65778.39979035617,-86536.18898007396,-70651.387329124,-33054.55769016923,-74134.82894284408,-704995.108154782,-14686.338666218726,-11227.050865789315,-36322.899465684844,-63662.00478785743,-44650.223961607,-160077.23279334014,-46874.8364908584,-48697.709661619054,-27814.311725293068,-36196.0696831474,-65407.87978716116,-43265.98216942663,-147726.64704517927,-26649.996848864124
195,-33256.5578800583,-108907.8283583352,-1.2492705293872446,-1.2492705293872446,-13589.679430266731,-27181.625908859496,-104277.1115608001,-47714.45903177232,-10076.392355615875,-88209.5943278012,-52735.295127728925,-44312.99714014048,-44650.64614803231,-23239.68769788821,-49107.21289263653,-426058.1391309135,-15581.961300932042,-72647.9390751285,-22940.738227151465,-1341.517549432583,-31586.27717849781,-111234.81965302848,-32033.916575075644,-66801.97765246051,-24739.745581839503,-51605.92996285182,-21987.987949984148,-28179.004851034595,-92928.25819403472,-16734.383130559167
196,6815.457851398025,-128256.59592323747,0.1963318049187161,0.1963318049187161,-8489.600078816113,-7205.958329294319,-67209.90160807403,-18946.17019866809,-7131.671987231172,35502.588589838284,-12975.22463043574,10818.688721867513,-32249.02824749165,2073.0366015806167,63043.166049503896,-363265.771852276,-14557.107836821911,-15586.057160400946,-13077.994324478825,11308.15331656216,-22983.57369359412,9129.350210636738,-22377.879542362432,25087.032040687547,-5254.711563063192,-79634.94577559904,80091.07615631138,1147.461574551375,63540.76299969779,-25341.46206224739
197,54611.720558203946,190328.9555324856,1.6902876198416006,1.6902876198416006,38685.44992574427,94222.90203775594,92727.87068615736,31548.06300288272,11364.921114928908,117329.41562822757,34425.95887881328,67498.21023616631,35538.53239418182,37287.57294108135,51383.72592477735,834682.1506663603,47365.1295847618,50218.41839406219,16538.963438980016,22233.68957609657,26757.223744949057,83274.94507434327,37772.18368091385,22631.12459905123,15574.22278086031,130889.98384705992,53456.24711502467,58868.55683776487,101687.93846571326,50575.98827985095
198,-59.285664518908334,-135.25281453414777,0.0004210087536473,0.0004210087536473,-55.79028513037159,81.78567624375239,-29.98536956180888,172.84584485726322,80.32176812523532,152.79913739611146,67.74873300107933,-27.480563142212983,-142.12931031642907,-19.57451394655908,112.88839216682769,1183.7588883557846,52.32086784377273,173.0582068918941,39.33304211623975,24.840367459168856,-35.31774211420849,55.04418632801371,-74.06406331544831,78.24843267599806,2.0328595266710394,150.44410620454568,22.15857244290357,27.069517751252857,-108.3120159537236,127.60989525105646
199,47.65974732394707,262.68689415950286,0.0034556065027094,0.0034556065027094,50.82710308075474,1.980263250372059,128.86079252327158,22.61055806387868,8.753611654282974,141.6010524533757,-13.96654741901328,49.60232031566829,55.96288374420188,-31.88219566812852,116.34869270018402,785.1092943856684,-74.21219070607923,46.39350879032167,135.02726631760666,80.57122676904714,93.83944683022094,-34.48557246991081,52.64889936951152,-5.832113054795956,197.5607416065209,69.86051180132665,116.14188944942616,-48.70813666990794,144.42342246651648,138.12009528107683
2,54.07972635826792,656.4167124797114,0.0033764062001667,0.0033764062001667,19.092266919279457,61.154143046916175,331.458468837528,-20.247830840374167,38.89895906640108,227.1262258828795,134.1006553037381,157.5102028287039,136.45713292301645,17.789887648910323,378.83187871906057,567.4116098547879,-131.68322167407348,204.2150545968876,9.743120921429217,133.06983094041902,39.84092703804856,197.7170812661132,167.47862583556076,135.75567842183233,190.64313781520048,218.5237058048897,112.19522467021405,-95.41673617892944,435.04701821072047,70.49071940528188
20,17594.206326038384,14245.206984754555,0.6973739057940809,0.6973739057940809,20426.68524979736,23003.748195528817,64207.0659890534,29155.330976871504,5832.705945785225,42032.53094786713,12339.423052950358,33633.214761393334,31444.594915255017,7652.294533408327,29006.67264842905,243306.05528598028,22597.912919530656,30041.118787908,16764.91741495202,-2931.45853684689,6635.214341643114,28392.93554765835,20308.40558490513,31361.088202757343,19448.8493506728,45385.7233613835,16196.461253926069,13841.46535997524,88123.5197256467,19538.951430218764
200,-171.64906450327052,-500.2404039489672,-0.0036098374322634,-0.0036098374322634,-84.66798460923702,-3.4001535545893944,-378.8870486165176,-159.86994724045425,-70.72504004364268,-13.44435884902559,-54.34087003790225,-83.02351905031519,-194.7735701949043,28.672506602520805,-207.3257359463976,-2767.7530470597485,-119.01842091648808,-185.2601700845568,-76.38865895295318,-167.1655492140576,-65.86769259041222,-452.124001187059,-111.14395446730776,-281.08698747272456,-201.88470387759745,-54.61280289341191,-66.9680900310853,-172.31382497608365,-99.57974533279712,-242.03486970511275
201,163.9462318815526,246.733819675482,0.002580241767403,0.002580241767403,-5.454049993643057,-54.1513272138265,-79.49752088460933,49.65397035003663,118.21066259586212,155.48252158815194,-98.2106379459999,-46.38730769059332,-20.39864321614948,113.16877934276071,135.30786286168438,996.0687368049968,70.12455869960388,78.85065612149285,122.55328169613784,26.82278535537265,55.237634482279326,-59.40130032828414,-48.32712039490743,-62.22454878035557,320.8048404231258,109.4783285342234,-83.9203221408046,13.18296542910986,138.46755919969482,-12.272005249339626
202,-126.70353570236117,350.30961622916783,0.0015673197165485,0.0015673197165485,-16.793265009199583,99.82038200985336,-187.0888554803835,207.15888866592823,74.73914003793425,-26.59922165334316,108.00657098398408,67.75378426699474,90.94926114488736,58.1489042533115,-23.75900157567348,54.113337025628695,-98.51035034015275,106.22725808210537,329.07556319572336,137.98917085818965,24.70024858226069,24.88374816055721,75.81182133575439,257.9893177757249,94.76010359068434,182.93848777361148,-206.5442583989812,54.63184998069538,81.85348048368797,-49.59707002298215
203,-99.3338203421728,-583.0390360598852,-0.0031388078365985,-0.0031388078365985,90.35076443035902,-172.0154819571462,99.20851732167438,-337.68774915969715,7.342991443694107,-246.51965550687245,-20.911734588280865,-254.1507190847813,-163.29265346572112,-101.7095597507832,22.0224473111234,-1748.030789212979,-73.82713954528347,-50.17771258314352,186.7002581102525,-7.719265372006403,-26.094640611539845,-27.7587475598815,12.358646215767743,-48.51433680655314,193.500051737001,-266.4122206477817,48.95669652692451,52.19063914305528,-309.1718875824179,100.77293640419067
204,-68.46737609262685,-205.90979681591773,-0.0003376406836181,-0.0003376406836181,-47.33402390938897,-144.21406941885573,-54.53098225848626,179.06318476858408,162.78312212689673,-30.359067933852675,-110.1313298018394,32.15670014376289,-261.01683930187323,-104.88526496328556,57.587200775779735,920.4897840925604,-39.56563440527936,-12.02392602167246,-215.93967185704432,-109.96666347460804,56.12543855891201,16.635286439538643,-4.962160829592337,12.49505823125228,148.22757262091733,129.8444813454269,46.67907533679495,129.73965998363096,-441.3298224861647,-72.66844228886305
205,107.9188003491088,366.9444817619932,0.0026927886619424,0.0026927886619424,-1.4211006996849704,105.3020478430614,165.5881422924549,42.1303311505177,56.231429005683694,90.8206155146867,0.7459681042881101,55.69261823995717,167.0918740326534,116.83633952814066,125.7048405465001,704.4738444662578,-22.559700228383072,149.58448579227417,15.883003132199985,83.98383827121692,38.06828872868367,165.83454603095714,57.73809353780019,85.49474973192707,87.16417621703613,182.3255750546503,147.84105104159,93.74048853211993,93.24695500934872,96.17012979779592
206,-24.451171428159505,-81.4137836365809,-0.0009170487703209,-0.0009170487703209,-41.43467268652465,102.96766630958578,-194.3446869532192,-1.5828200270634962,-50.15819889334948,3.753239932778176,-20.26764638682297,-83.95643130243322,-91.4192425726574,67.35615030845742,-92.56576458824976,-1027.982919103415,-0.819254838684266,26.993274030866427,-41.94741468836156,-12.81031028634332,34.11007542981011,-166.6332937881323,-102.36939037406243,-102.58225868184569,-33.0658819331237,-1.1009815543811925,-61.66801578412541,-25.142029645661776,-136.01218005444136,82.03117273824647
207,-43.52213134517276,157.70403491112947,-0.0001792413505627,-0.0001792413505627,156.96150028248934,236.96940858613115,95.24114585595343,15.417650476499825,-0.700405241132124,-2.671408423724472,156.0560441485952,104.0634821061763,137.9584362843476,80.0289050728587,-16.785767602339636,101.38687994084506,2.306969389788737,167.72104858797576,-22.261894840659984,47.70279349781618,99.28973303186967,25.054031657676664,-57.53399340376747,69.36686883679218,192.68400453482616,18.37456297545458,30.982567590941045,38.41698077295233,151.19550875324737,-40.52380933503965
208,238.8375968445566,207.9235790250273,0.0007336390162567,0.0007336390162567,-1.164841219837733,-72.15829338057219,130.84958168612116,79.19697614545932,14.858853965340112,112.17731604183064,37.52681285949262,129.071572033693,-4.103807659069297,-0.838655962139665,8.072582263875258,-95.3203625173677,-113.95306571254056,144.88268546469376,-19.908019932307848,123.05820179896826,-82.5940753063663,83.74049550524427,30.560623536700984,-18.17105446099789,-32.41702646403428,86.3101004614642,-89.62935672406198,62.91227180678736,-20.517304764487097,70.04718814419718
209,-143.550292418627,191.10635917020988,0.0017298874531054,0.0017298874531054,73.57391921400699,-116.18679857699968,179.27876430010866,35.976101880484514,-9.03609230086544,172.25448509930402,-17.291240277078884,65.21653450332083,37.31775497973255,-24.073556535977588,10.151834444180968,22.11002289320812,-13.074321179755811,56.33888778841364,211.72537791724048,-86.77660698258187,-111.9960632187985,250.1537002217378,-91.13371786206264,-24.041505690337388,178.997561287035,153.30533847628814,5.401036397313504,111.20068995649746,268.65372339149127,147.1701745727269
21,7407.587410057675,-36880.11159994464,0.303042934556065,0.303042934556065,-9152.750283154415,-9591.50414321942,74052.62585644903,15063.356309318217,-4424.44094297227,9450.158808808546,15376.553208750029,-4823.478477489916,-6653.538363932725,-6542.510937329927,-6375.927633323794,234777.29640681524,-6441.362101182351,-13389.38704566693,23935.382816856625,7664.492170749637,-6144.303949808919,48837.52727488738,18740.44605014092,17122.90758243177,10248.300063585057,-10557.585366649688,-4395.330681495341,16894.211756298188,-26842.07035618506,-3646.226091496011
22,35486.978816953764,112097.30584564472,1.318882867861609,1.318882867861609,19557.54757280156,27293.723311825568,113107.7816902636,15544.68813882035,13231.035146996648,82291.58394932907,42511.38762664946,70022.44156482843,39837.69584150992,26006.403257925536,39151.54222410894,575688.4270200222,10861.558117476588,25744.4066443542,30858.74221612242,25674.41640092085,11025.550707114522,58859.17225109433,16794.761403756645,27938.796812949848,21418.10994771095,66228.82296892315,41220.05552056432,36579.61654731115,114023.75071940254,42501.70357022608
23,-24807.24395780691,-138503.52115638886,-1.5952480200083368,-1.5952480200083368,-24454.181640737155,-75073.67131472004,-135499.41636844905,-48477.21627981282,-25917.27549756197,-70954.81828481836,-56993.9620936716,-49588.31193945917,-71845.54696394564,-45108.04928552579,-51498.371508189615,-726357.5000422467,-16904.951521068666,-46087.53190560815,-31137.77884831439,-36144.07273604171,-14013.364217356033,-152753.44828084856,-29743.922058578137,-55349.72304191482,-30146.58571576496,-52606.171846687095,-50449.24169020495,-28841.95698743266,-115970.4540289947,-39013.69754815629
24,-46371.88822242485,-223714.47973166287,-1.935806586077532,-1.935806586077532,-44335.98904441912,-50511.89899406111,-124380.37413952895,-54653.127846984105,-6138.406865178614,-93195.54155364912,-77083.31951940051,-74330.63197786268,-58822.86044671826,-38876.27276903362,-74143.95299588297,-544783.4594687831,-26220.580869620364,-108395.79428031192,-47252.58056916922,-26949.278971935528,-33729.16879778896,-118144.43357115918,-57078.44837405066,-69611.65701519976,-56607.25822067871,-95782.45925712278,-65633.6725732358,-51471.77545999954,-114247.52707611934,-22007.302708880205
25,-6310.329739300465,21652.6067018668,0.6006669445602334,0.6006669445602334,-14938.91377893775,18951.37768853188,17292.78732448937,18531.16988473304,-5065.375888674318,15351.047927849046,-2633.315434762226,18875.164959267848,3493.345781866732,-12586.134202919167,9154.685429616358,-182164.70825026283,7670.951405609087,-8215.723085500167,-5949.890048361936,-2680.721009767645,-10774.482628721384,-23571.77690698258,-7646.58893006563,-3185.749932551438,4349.522553209126,33221.62022531647,24649.134377660404,-18681.04373322306,37241.66020602472,3843.0090126545065
26,72904.82620246324,221601.3239231881,1.7619841600666946,1.7619841600666946,21691.395497560705,66932.49229569943,111622.81118675032,53120.272875627634,22139.9616273618,98047.9026819432,50496.28964070644,53297.89874974721,40455.08789063918,34304.496870971816,60554.64562770365,803242.7378890368,50279.87618380133,95010.02991738092,64355.12240024464,21899.627937881272,34820.755166614545,119218.22331775242,22382.02569812059,29934.01754350623,24365.089743037177,146466.89053822594,85745.7511876419,59812.51459474977,117047.8897338954,38358.45127305892
27,16.37153049761788,10.511800093046176,0.0005210504873739,0.0005210504873739,0.2581915543240006,-14.970745560829108,17.034043410045584,10.46267229468641,12.409620409802065,1.5718838036219969,13.832223884148604,4.181199510051787,-2.1842461706667704,3.4636902505083205,2.8601892605639776,149.46932082632082,10.268037117997247,15.21722018190374,8.008462698739587,8.869267825451018,7.8984799827674514,47.038538035765406,0.0644001632842636,3.1599829429848194,13.986707769630044,0.7113203553269625,11.173507409706094,11.947700170735525,46.433960373813086,11.176169817995277
28,-2.5754751604505906,-106.4872461400004,-0.0007989439878824,-0.0007989439878824,51.62270797829399,12.38405062343587,-78.69260623996497,-77.61504115571259,52.030641469757626,-90.11294683298244,46.34279725507928,0.4227407887835821,10.84087055390606,-59.475910822874106,-25.30612437354368,-3.5852449572854024,-4.913463819694361,-21.242388247177026,45.26849991294465,-50.52655783755765,57.58863402041419,-62.15142428201513,-10.005304407098231,-69.39001822435623,-27.863326718441712,-35.56086742586796,-7.898562667614262,-20.663430063041908,-2.0939623714072804,-143.91732129577684
29,5.53246280012853,14.877499830880929,0.0001042100875364,0.0001042100875364,-0.9476908201615786,-5.01597989514366,41.38413508704447,-0.057611359198779,-0.1541255757873827,10.571696695353484,19.12665658855364,13.78296822771059,8.650220391285616,0.9668479553862124,-9.190266511148952,-89.29384411955243,-4.382366002204051,25.57210113236679,15.452459064595942,-0.5645308503955742,-4.212417978329553,14.207496638987852,5.405538880834948,7.397205577400069,-1.4243391998583943,11.081825742773017,16.75079241886829,0.2953345563536858,4.039843919202161,3.3498748808700114
3,-143.65974742641674,-461.72486361921904,-0.0037862993171321,-0.0037862993171321,-84.62378076547559,-214.685692949314,-673.4730974023081,16.142930155313056,-31.65814597046453,-260.76925194311366,-48.44402587275627,-218.8360683818416,-317.1863668937592,-125.853815613765,-350.19452250292323,-1239.3397360539711,-67.33320859974684,-110.4268775640372,-81.92047046929898,40.21989316706653,-82.03868568862228,-305.8486131112075,-67.32070519296462,-115.7270950893837,-142.1451440419234,-165.2658927421391,-246.91395160654665,-28.472527115706733,-279.0255301695695,-50.01550644245608
30,-100.73557492582874,-117.5122645495632,-0.0007989439381909,-0.0007989439381909,44.05387896929889,30.15944866223037,-49.004443998943536,-9.001875369847898,36.37355845643205,-18.17884791214781,-15.219863319791903,-37.63123197515196,-56.95249003584334,-23.177283051819305,-39.67834255255868,-214.7532170061719,7.749700387261544,-25.79073737213214,40.005768644753005,-13.55276785017724,-55.09484042461993,-29.468756967182976,-49.24970015817947,28.37938367758442,3.614544615881827,-31.19632702811494,-71.9648146841306,55.463212707183885,-35.083585826031765,-13.60410175713099
31,127.60368387624462,62.39611271737075,0.0014936779876115,0.0014936779876115,146.1007728109022,92.9498050610932,125.59827157823516,129.44476732956647,-9.086316970674012,37.24460649133295,-4.696447904465929,70.17982870525492,81.07471041764472,-63.120742840022686,109.54590758072476,328.5951747781314,26.38756601864793,-23.55650321417713,43.80089420255928,73.28700017940912,-32.85617961682996,253.1710018038264,92.22504480943326,46.20182517621655,-50.94877578729894,56.40425758307767,-30.851625783198543,-2.39657389866697,65.86507909574283,32.58665240536418
32,-10.507952366288162,-9.47509768697797,-0.0003473669750187,-0.0003473669750187,-64.37539866290304,68.08744324212489,-63.04626978254951,-17.282708096109552,0.1168077849415079,16.063639006765797,-33.15810236569132,79.97910795409291,-32.332540747039694,-6.348050107571135,62.89389097423178,-262.1554636937916,56.86744216420446,-8.357952890333067,22.77677935387321,-8.996473819487294,-27.0053512452425,38.97089260324415,-17.471965554865562,-15.36583728263744,-2.6707138994148254,58.51060066939053,-4.999669296486916,-13.077419690875123,-22.036667090921654,-13.479744431885688
33,-111.11124943789709,-216.72986963261823,-0.0011213005418924,-0.0011213005418924,-259.2931939682369,21.14542744332116,6.336684783620484,-16.38897571127392,-30.186844156838788,-307.09981052826697,-162.9198328376123,96.9971282912838,-444.9357795012615,53.44091105137358,209.96825364384048,-339.8127817041872,-227.2844692336525,-170.4046793821537,-62.27760309937997,158.72658946685826,89.03510506529535,29.772638822124947,238.3038724727897,-170.39177676438965,-167.99822183200467,17.656815665131646,-240.0839369930609,162.3904593378589,-191.82706022740413,225.7596635956798
34,102.98098882140562,314.1327667758871,0.0023926636098374,0.0023926636098374,41.02688233610741,52.4868852148004,183.95134410510315,116.4642444347939,-26.009147117787577,37.301538793744605,73.97796997060817,147.9828625235258,132.03881691247904,-47.67136428745436,117.28476685789666,790.2090760176164,-30.69056089125527,106.30493657140772,-48.40821904080691,70.8798663357775,82.29539386407578,101.49435724975086,2.762999923959871,94.86753390612824,86.40311442106207,-37.64494528697045,96.73158361019844,70.43518482118938,149.19486787141125,-35.49788354907548
35,5.211257606782979,-78.10183568530158,-0.0007586494372655,-0.0007586494372655,-8.209864796332656,30.62140187041889,-123.3833896682588,81.95835953529385,96.97510353773092,-22.864592932086865,-9.66805472550132,-7.3302876426664545,-40.045641423477306,11.482078293494144,-81.68317732119601,-708.6512859532099,16.011704824753153,-10.28049602452456,4.478765583647288,-46.4362732100855,-80.47376461009097,-139.87830086962452,-29.0628087487154,17.759371893175416,-136.0834327136095,-46.38699383218426,-38.32200793777309,-18.49105634567913,-15.515821228142334,-36.516598625584045
36,392.9479698405728,-38.1414832832462,0.0024593580658607,0.0024593580658607,-69.56684163151218,129.54565894378203,353.7377610225974,-251.45476108207785,-25.09242773993764,203.52992906488075,381.391497262261,-408.6418133193719,-59.607250313079874,309.9097951425677,13.966909134370027,1947.498104049156,-155.7955185503721,284.56683385460263,282.64824820530134,279.3637430709243,182.7113347499549,346.7792782826243,-24.84823172398827,353.86982994457804,127.78181451029464,254.2011821620253,504.18568496650784,21.390699443596308,510.8698254008622,20.801898221503745
37,113.1950244170007,212.8423907122124,0.004560233430596,0.004560233430596,-8.598246297973724,84.99347333506107,110.4820325635022,-24.83295904100536,45.70715936796903,70.4882575433803,100.09430712698756,104.75742139396796,162.7016267143417,94.42276021395423,147.35709227796747,573.4391548369094,52.94754705633973,197.20112580670684,-64.33645024435708,103.13722900110108,37.629796928373686,183.48787512224985,13.14316593212569,149.09759413169468,177.96046118500675,200.6775709451959,179.2652283218295,25.7685386671067,242.05070997797984,76.61693370799723
38,-147.9621426043822,-11.915499745146224,0.0001125468945393,0.0001125468945393,-126.99809689270106,-81.24076451524226,24.063129348454577,-38.75245303159852,45.5272323527365,-81.4251451541571,-82.52530101277374,-119.21483290032788,-79.37668974462001,-118.38427840648382,-269.312834613276,32.69335095769247,-166.12780260437958,-201.45756768333385,-339.342083163256,-190.00483020137972,-70.757254901878,59.63267365221046,-139.01264435698684,-118.00470590532706,-459.70079784535096,-27.98816453321528,-99.48230221631827,-166.4338423887665,214.1338381569048,-193.44549912954625
39,1440.380814041138,-13709.097928295882,0.0137557315548145,0.0137557315548145,10099.810665123628,-3410.157624608268,27843.775561634928,80.37440038982277,2204.6896623171306,3565.591635779379,7269.224713201165,5886.03948573413,-7340.89799236406,4645.231343307238,751.6967733942329,254561.9229561413,3241.278650707072,-6173.202348927749,4471.582341067578,9118.717187878014,-4544.57386889271,15563.13368569925,354.2455702889306,3608.781390938216,6806.818884974722,-4383.200997702137,-1688.9597148884989,548.7679007428176,-35866.80906247863,3175.663547657384
4,-61.29393605145755,355.25550209366185,0.0023273588866611,0.0023273588866611,17.414022199836996,6.493727675533431,119.66622159136875,-38.96419774027185,35.67954683863344,80.69952299623122,55.35416631470648,72.75287842687578,49.34062307405258,19.568452880678848,225.0657569774945,1445.895373737215,133.35508333486314,16.72493435575822,-17.261060997715177,158.10331825088983,62.04850446129186,182.69901620671692,5.601906782718737,162.82756891839827,134.77239075519066,-118.33287992284092,82.74160099114906,149.55542330467702,355.0221114367312,-2.546684909057319
40,31087.60127368249,135472.42145567248,1.2509378907878284,1.2509378907878284,18368.67427918294,32513.36850983692,90720.14992659488,31306.9187830582,14453.89357944906,65877.97528616848,31268.39870544356,37017.52677928438,49565.84183005043,17558.252473885354,48058.56361709978,460759.2020897309,19181.074079506976,46308.84968821487,17466.816072850528,19456.143529764,9077.494364951266,45817.532543648325,20387.89383632018,33308.46478272068,29601.832507108065,48009.51777229807,31922.00987173772,26716.66615224837,66039.37792717718,24158.7689913448
41,-27098.2803433227,-74489.95118766665,-1.0650270946227596,-1.0650270946227596,-17806.224355094542,-36521.88763302658,-111037.00278291357,-38017.801861824046,-14803.108447711616,-55920.88437575834,-32100.347425888067,-52739.99382187727,-42953.067433869546,-8169.576815579792,-38889.08080923983,-635081.4075107584,-27384.42238760788,-25708.203100735816,-18102.65415211232,-18286.8161322086,-8101.631167107246,-95949.36170381664,-28070.066354679104,-30437.758434733747,-30988.988353594912,-29795.79829206947,-36657.858539498135,-17258.576031509183,-59876.57506649094,-15953.120946585208
42,-27758.73297980408,-107157.63193807867,-1.3343059608170071,-1.3343059608170071,-21645.40407712394,-33783.59548019235,-87501.74666048802,-20794.382853762,-5933.529634722082,-59897.587642638086,-39267.87161109697,-38852.46736914589,-41575.48205760472,-20407.36029688944,-43564.84096515863,39613.86555025128,-16974.07545193794,-51118.49811094148,-24064.185243332387,-19401.154387875635,-11016.99061386086,-61271.97503319822,-22425.753366490004,-39743.82986101643,-32559.56182809924,-73586.12582180675,-46895.855697645806,-19751.092135973315,-102281.62745183783,-31400.7036937836
43,141.32104807109067,30697.448319977106,0.2959566486035848,0.2959566486035848,-1090.5002470550164,5578.988524076017,20945.87015400952,-1905.8834758454184,1125.7620684709907,-5357.133034038696,10195.117544112032,-2646.89527182645,-8981.863163508886,6487.788899825151,-4426.354901220477,-319357.21075979393,7695.694869345918,15813.872521251556,3224.312869904641,13961.610399508394,951.3571794905654,-7903.823238456742,2550.3220259334275,-1601.193484318621,4218.169055385422,11965.3103107899,2793.9243889197896,-5991.533942210266,-10598.062601125275,6255.186529187427
44,12823.388743214577,55756.47903112712,0.9141308878699458,0.9141308878699458,6903.208676762299,36255.89934893521,52907.00758209165,31836.454731870712,2785.3009622413647,47281.96012937043,30164.335861055224,48522.3521888573,27625.47717032549,22523.05365283013,51607.42983405689,334799.9366387441,-4517.539536960027,23783.90541877592,9077.18882144093,18933.378749945103,17966.437861171547,18787.155102657496,14626.929375355365,26012.055463414967,24398.16881359895,47730.61578462385,31563.739268976264,24564.21317563284,122393.50281140112,15447.760216207196
45,6.306321276859288,-44.10958829009979,0.0006252604258399,0.0006252604258399,-3.1849925951227114,18.50835871174912,11.969971145857,24.30298320688225,11.846566560124176,26.70819770662727,11.515509896471055,12.40886257647259,25.522754037112065,-7.499853290222548,-2.492148590135033,125.45026560997556,0.907470634284928,50.98440307811211,-6.896342513786955,-6.842246787574947,3.817820361908397,21.709547321080493,12.628362203907493,14.607686962666838,15.38539271677976,26.9519594767185,24.42569249308385,2.178222253170474,5.680503766518081,2.134071000614757
46,1.9289959597453832,3.4558111637878817,0.0,0.0,3.4044597053030845,-7.266761473239178,29.86381359092784,3.993359747363928,-13.936964437247472,-3.1366954281906603,-19.41159188376537,-18.098120463221143,-7.134678921287337,5.6282903426512805,-5.471612116512532,12.240198937862488,6.663012971575183,-2.2781005789368938,10.068991228706327,16.748317735787634,-6.421387965230574,-23.25815596400061,-5.421395758207532,8.171427037423268,-14.485130149165805,-33.1362423372006,-11.951482721205137,1.8100084019235925,4.088899431406704,10.25490280235204
47,-11.440389036450703,-81.85978281993116,-0.0005210504376823,-0.0005210504376823,-6.74017860593604,-10.399419723066906,5.471634808771947,-17.169624692085286,-2.029051247356267,-36.744936346079925,-20.460629368742204,-10.226727690820365,-39.72528671062164,-4.4953418156273885,-16.296929510379318,-81.68091047796122,2.2672962875511207,-42.16425965117008,-12.042389611142555,8.595362758268054,-7.076845327572684,-32.77054976329994,-5.146630823495041,-13.68372866696185,-19.033272199150264,-38.76174568192792,-29.18490916259212,-11.407562000369348,-59.98404418042978,-22.55137247815732
48,-19.67698532982332,-4.726623322253398,-8.336799052105116e-05,-8.336799052105116e-05,-2.884337491739932,4.207326083545866,4.800550586464832,2.958399062235138,-2.350108290195343,-1.109994865443828,-13.230610907986335,-12.697575815525038,9.627710011398058,-11.91276392576134,-5.33352809066567,-50.62194580315867,-6.526996175961885,5.631177095241316,-5.237466627726662,0.1943977067769879,-4.865696629727342,-3.9588344527957418,-10.779930060632164,13.837993274165868,-7.5236306538840285,39.28401063506692,-5.915426677121765,1.0172679201247177,1.2819616692516251,-8.096865371387542
49,12.069403520847478,67.99544557852755,0.0005835764305752,0.0005835764305752,7.011993915221391,14.391490759541965,24.94065666767661,20.3509165870312,1.4326820223939185,-2.870288013641816,6.492484889589628,21.07573132449268,1.1138466810821503,4.651150546030755,4.63795020542673,387.7433687090024,-2.248747900864327,25.986493752391446,21.74679101733308,8.137313901355146,4.297566967786347,44.99410399820474,12.395104488415766,26.494760681871107,12.65183619092125,5.848559168781397,25.33207937143063,8.409130446520296,63.26530367553271,2.5221186153753985
5,-104.33130951201416,-328.40636758924046,-0.0019799916631929,-0.0019799916631929,14.278215369559222,-63.87002323350866,-393.4459873371047,7.590116462419126,-119.17836835105214,-197.5499849368432,-132.69177457331074,136.35344502430615,-38.200003617695394,-39.0466919555076,-52.62687722851104,-1206.086165369183,83.8067259450619,-213.2764237765924,-234.05471302510645,-38.03101758431047,-99.0009364937034,-12.197352368448753,123.14083410935598,105.57886348244958,-64.26936389877268,-151.98514013237855,-99.37929955562834,-98.64509983658516,-117.3180873949724,0.1766542146293979
50,-10.28280277146703,2.9695082083972903,-8.336808990412678e-05,-8.336808990412678e-05,-1.5798983015612844,0.108217956112228,-28.435676375506283,-2.837609036993636,-5.207469952789518,-25.75771129653912,-11.88461464503806,4.7350172664847126,-20.33334991037156,4.862113669323264,-25.155043711031347,-120.35071283238038,0.4628236320959606,-23.581889295134506,10.838521749583602,-7.995529305919316,4.735195220385885,-8.710018721247774,-1.0862534255413383,-3.3142196259926706,-4.103603239158887,-47.46203385066892,12.0925231567983,-16.05567148546806,-24.121831658351585,-1.539541582953798
51,-1.0004134033668417,-3.182904573040149,0.000250104220025,0.000250104220025,0.9324341603374224,11.25396881816291,-4.455892727352866,-2.9364096023987427,10.04474429936596,-3.6891994778417576,-0.6741051245379066,12.365286726979765,7.2009598689054695,-3.7101302827467335,-1.770541745838928,51.97904735702001,1.1781083411764144,8.61662842471961,-8.870589940126063,5.247249228370152,7.688616341776887,12.884330304656611,-0.54886024715627,11.311631431879333,5.798142632846771,-3.426139922419128,-4.6957169991489245,-8.320325967554488,18.24744467714671,-4.1237346781168736
52,1.8952564938521903,-7.233917839179511,0.0001042100875364,0.0001042100875364,-3.647526240310803,-3.115535703035975,-8.904098955558046,-7.875650986277619,-3.562847430312733,-0.0626493591036814,2.345919973790233,-0.4299415681590242,5.708835688902015,6.363959269032531,5.119798392623399,26.030010879711444,-1.4596191696803804,2.20857766110934,-0.0225827341656708,-2.7895883801656907,-1.711422817524073,8.151519164018094,1.796854579800179,-4.915706632713617,11.81162703072803,-0.4322313206744006,5.374698886022394,2.1215157973498684,0.7636789794480672,6.10984192730739
53,8.111941179160926,-30.66639824039643,-0.0006252605500629,-0.0006252605500629,-5.226219527703175,-6.132098916245307,-4.138129137168144,-4.3223517577142,-6.115646400913093,-13.876162173980786,-15.633864259246623,-6.710848340260704,-10.472470255254052,1.0217898938550087,-10.960395959227014,-24.139917429924576,-3.876900034180676,-7.194929300707755,0.1919531384087285,-9.16432467162999,2.192452475597224,-17.922906097626687,-2.5674867615111547,-1.95946281277528,-4.046173398630065,-9.817531685076789,1.078876558712123,-5.487887101654591,-17.366224084669945,2.0067676525903715
54,-2.363515314861518,-13.403651534817705,-0.0001875781277532,-0.0001875781277532,1.4786921342735155,-0.8050741967689365,-13.831743046990823,-2.3686038954227406,-7.627497869412687,-1.9020857139715108,-0.1475724512778193,2.237987726261868,0.8718107616476609,3.268129583267702,-7.151156751986795,-55.30604498606992,-2.6830698035224003,-9.081661987753703,4.926799488376829,1.074184990268141,4.271334264669198,-6.435825609744796,-4.9896953272561335,-17.584847222777192,-5.049209728115386,-11.827505924126324,-2.291380956256262,-5.112710911507149,-7.062407819840407,-7.710455651328747
55,-4.480213547773989,-10.765165987914012,-2.084199763234704e-05,-2.084199763234676e-05,-0.6406538136501965,-0.1262967789873337,5.49383538105072,-0.6028548835280707,-10.098549913972128,-2.9076920363737937,10.085636441012456,-13.807865336675832,-10.456349988091064,-3.9385852422861,0.726392757532027,-107.18012647906664,-7.251900098195315,5.03295739725432,-0.3536910668030941,-4.141298284118512,1.6220941231101578,-8.394693683218225,-2.7807383278377777,-0.3135484687779481,0.6675338461144316,-7.735765074365176,-3.397341551172704,-0.2724200472928573,12.348675477770827,-3.931622560343005
56,4.91567041311673,15.036410321965736,0.0003126302626094,0.0003126302626094,3.131727860041825,12.444304134632482,16.457384372230326,6.484800921356295,-0.2496693563163932,23.76901521940937,13.741866091908156,10.04073789192884,8.388284842005826,6.577611635183583,6.021906748539227,75.2055632097734,13.333291342649368,16.755584815239516,12.870961651142558,1.962302449471776,2.119052551791306,13.900059400676335,7.872172509207568,9.664470801090484,11.354664745652215,25.49692041727414,14.701606191102703,7.781645360440481,40.64333291882927,-1.4812649907535782
57,12.946904162015592,4.325067605363899,0.0005210504376823,0.0005210504376823,3.4575470239897665,3.2986214323073364,4.528177643730342,11.255415054208688,5.480338249749858,5.784460756354785,12.678581789865556,10.607539609380124,17.316142722868694,0.970956326841248,-3.3321127180500096,111.55326962130754,7.70432629319187,21.134408320553185,2.3505415215753254,1.5246959429265454,10.986023063066543,19.37422008834966,19.78716054306176,12.923566959453442,-0.2001314072434721,3.691864114300677,14.160079367675422,-8.4964445037367,43.99363264790441,0.8469904883158639
58,-7.1983696035129645,-8.201846364087098,-0.0001667361301208,-0.0001667361301208,-1.7391924415965097,-6.167828655846474,-13.398356292787495,-6.221172685504328,6.77504415001846,-8.139095948568398,-17.652735011533835,1.3838674515714304,-18.00525048592371,-8.677315564681564,-8.398241869931404,-124.04284548454476,-7.74798655767429,-15.363405445596657,-8.395253850821927,-12.985132177121194,-9.392404675974737,-14.66421973721528,-11.75358494081307,-1.425642648248797,3.215817857241496,-7.496586703005818,-3.300885100585143,-2.2619435147408744,-12.693097042351411,2.4180558521184348
59,-25.731287485552603,-38.24885623613883,-0.0005002084400541,-0.0005002084400541,-5.803802157256145,-17.063817845527378,-25.31828937564113,-6.045409182103009,-3.6323784429895687,-14.879651836221926,-16.391370933897175,-13.314714614644371,-20.64930461088636,-3.266801333293971,-18.1680289675068,-63.867271855433145,-8.553962236106758,-22.624358008673973,-16.532298034725926,-10.4760332250392,-9.678796977410952,-28.39036604579533,-5.6774069660036,-12.65835976980924,-10.333849053367835,-24.78377697517825,-12.262262624129551,-1.8653956529768143,-29.1966819194752,-5.0205918947115125
6,4516.34447905392,-26024.03599145008,-0.0091704877032096,-0.0091704877032096,9829.122651780204,1242.9671478973444,32369.778109052582,452.44752024438793,3897.629522484209,-5.187940354665955,10169.96672502178,6996.169051160372,-3137.7927483139574,4865.772399681487,1875.6532971255551,276172.7432741455,1101.747589104335,-18134.047362293582,3522.639188267794,631.8460884972583,-9890.035845602932,14183.363051200646,3781.034290624285,16747.585840679472,499.9510364062208,-11897.005745059954,45.78000551985332,-2615.102352458171,-43279.447333265896,6846.926104895432
60,-12.72626192197034,-23.40275138197981,8.336808990412678e-05,8.336808990412678e-05,-1.429517733205958,-10.462979738321629,-23.64995521963516,4.206422558358233,-3.114041645094469,-8.388475560035326,-6.251989153296407,3.316320735680088,1.473477858712919,8.411424534400519,-4.681540346249992,-88.28087350974162,1.225678985110186,0.0959864791383227,-8.082739441348387,8.074301027949943,-0.5035474791993526,-10.970912736430678,6.519241904603895,-2.7091429757462047,-12.482935857088709,-20.11958977771819,6.281871757621129,-3.5536635289828085,13.424146854563652,-5.044888206509657
61,20.32832876271356,61.01027100317549,0.0007086286151271,0.0007086286151271,16.128875664450433,23.13161490134592,49.13723875190949,19.04468166663517,12.701471579235454,35.04421431387611,22.43541917955765,22.04450337150541,27.615014508535594,17.77395771964273,36.14350862115319,328.6372742698089,15.322431080962998,29.26076803030569,25.68321702371434,8.51003065319375,5.603009109161878,54.20651998218899,12.61218846626735,27.69812725037004,12.732333334125803,37.756059592737,27.068157320402285,13.254641166304168,59.53375320242852,14.494752340455516
62,-5.066434181080735,-14.81738133775926,-0.0001250521348561,-0.0001250521348561,2.9894128113595486,0.5822564392745758,-4.610721139020329,9.77598501553433,0.8757586115878109,6.557422532964563,-6.6148921010551565,7.282859690461908,11.334525561260534,-14.989679377251488,-9.328682718748436,-116.01247029103092,6.870025171893572,3.182812148387856,2.6553278953801662,-0.3543207864288701,-0.6059366782932116,-5.883522348156268,-5.221606211789543,-10.1924600304536,1.848388189394947,-0.0644826281647015,-12.34587901208348,-7.218597571953223,6.824288488459679,4.831122376116598
63,12608.783496614167,-31024.65169696836,0.0345977490621092,0.0345977490621092,-6778.207578873349,1438.4640535376575,67609.55076910401,12286.371515355058,-7361.268891397517,11871.604182486146,19944.277014643827,-3967.617307024692,-15646.726403268003,-7859.286659503698,-10363.841205097377,239900.7017217987,516.7892718484491,-11984.126461251672,16523.002613110788,5400.276703427483,2127.4536835867266,45739.20509532377,8960.001451102096,17385.33842073276,2388.377409645845,-16343.426228281123,2753.360733378272,15799.052561786266,-25463.29964147502,-7917.427997149432
64,41188.45511435351,112794.35436532868,1.3480616923718216,1.3480616923718216,19751.68083498137,36061.81863716949,111873.39464138229,17210.04159109868,12657.853274736352,77296.76477150458,38513.93863682189,61942.665285773866,41251.90776526973,24256.3143010288,36256.20663586444,563827.0241598128,14652.143284613823,18646.1495718272,34144.69388625254,17890.25449876702,13228.554036369169,61181.09343249207,5481.5429726786015,16263.516429708978,31406.99049462511,65577.25969190581,38162.48234975415,48078.1340734813,122871.613364848,48003.75205501684
65,-29723.430324098084,-143499.7852470998,-1.6348478532721968,-1.6348478532721968,-30535.15427884465,-73866.05231177095,-136493.45173330518,-51396.48442150888,-20415.452576561896,-64848.523289662975,-55943.65132914324,-54655.15221158655,-77606.07180056405,-42271.81650062983,-54557.36541689672,-720610.167769801,-17447.876828463395,-35754.20447618487,-28570.03516077292,-36438.65475968892,-17569.40597535374,-155655.300277763,-31119.189483003687,-50967.20679481184,-29662.58147038132,-55829.42606457188,-48241.02653605357,-31077.756062644214,-116847.75087410067,-38131.50647836765
66,-16305.838096428044,-196251.55618018244,-0.9320550229262192,-0.9320550229262192,-22257.105441214364,-44236.91474226303,-94131.24401672404,-29257.871219716573,10231.548039176738,-68634.7466694647,-31635.713656449487,-30186.12542423572,-41881.137859057184,-23259.479638613047,-23503.98169064585,201079.1417500164,-47894.48962955568,-20548.537443418147,-38956.816719596754,-12267.365277224511,-23060.680033119745,-49358.8712693317,-22529.53269466374,-17941.328807721547,-25674.25601148858,-83049.43598767536,-55762.94278936812,-16620.04836718203,-72101.91098257575,-29332.95512686304
67,45196.06790728046,187196.12395798927,1.8086702792830347,1.8086702792830347,43037.663046283225,58533.28582207809,128576.32894161688,59124.65582429238,13635.750412736114,88373.94497708855,39707.81669328357,77121.3589394493,73280.7571232605,22281.75105363541,62386.302766057735,241487.72471988172,29523.882164347586,93983.27131623653,60133.90911770558,43805.54048527285,21123.417770531225,138566.547147515,42387.53467888829,69604.41140778406,36652.763840767366,70221.75102822392,33480.37514027301,30345.29725614667,161268.49424404884,46465.16192765244
68,4632.01854712816,45883.864249155326,0.8486869528970404,0.8486869528970404,25044.98335023217,24606.768415481627,77627.1194570843,21744.64720934268,13712.526175623165,28063.134669219908,20333.42474219252,19732.72147641224,9863.272166831604,18191.52695165542,61451.90960942502,391643.7706888167,23309.78648172911,12286.562466034637,-8879.424828889942,1910.0426467026005,-4963.627441406316,52893.86901903835,18466.526728352062,512.0063551705823,27785.741339541128,-15117.467979499705,54021.04427430624,1833.993043740751,99526.1588807533,14043.8234330287
69,-139.58918099026505,180.3473519138992,0.0014464360150062,0.0014464360150062,-42.55657602672221,125.83741530681894,103.48543224626027,135.14008531922363,-85.76989391515926,-240.6262166215032,17.396473015715117,202.66894361354736,-324.9741614274955,39.02218153763428,379.0285406974218,803.0066207856277,-163.81289770398155,-152.00489650515135,33.59794634674196,-7.351740488464848,207.3150351822541,178.4702856901549,139.34267937701773,-284.1439839164284,-165.12846663813974,58.36030620841039,-63.294036253281575,150.78697783578804,-188.88010135539864,164.3073784145169
7,25907.744243551755,146426.35366378134,1.3163818257607336,1.3163818257607336,23497.574685485,29741.62318769024,98790.50845941136,32937.71460757055,16533.682699019933,69444.75066901463,34232.24689024426,39004.930370823175,43151.05257034527,15311.469741104856,53034.25289092597,518589.1304801764,15941.99669624955,53832.586719659055,26229.391448254846,21583.51129669835,12144.32001180195,52009.55178101051,23256.371092192145,39254.24645522887,36585.95252271746,54605.570835437626,37973.40998342486,25019.003262062302,87062.67095244453,32148.05538867432
70,84.45900468731827,237.46256354203416,0.0019383076281784,0.0019383076281784,-9.124469392069166,40.99670568663497,176.61471656094858,98.13678677021592,-20.17433559882104,48.262038031720245,47.03250902066164,111.2289270409805,64.39504573511161,24.603050599407013,121.06164358964968,747.3168077677328,-19.38605463483446,155.27402448422512,22.597036234662976,66.3057248251693,31.356870373543,50.63998606056043,59.87365083735926,-30.78152696967501,21.16462308008814,-29.87774667856517,78.54822375036679,70.87580064343541,199.3154150500613,134.68116269071285
71,-158.00216215188937,-168.49645549254075,-0.0019049604001667,-0.0019049604001667,13.853721079196326,76.107850035173,-183.21949384943173,-54.08843893187182,25.236309748335064,-200.6503427736274,-104.83240510679668,69.87821673776166,-104.61352582425256,-96.69268089448364,-180.1845517780032,-737.0012521524413,-61.93122155938757,-154.00782626929384,-68.06065065708448,-13.091523469177908,-54.82695114641442,-101.33240353323644,-130.60726781393055,35.55943918004322,48.75828582550268,-33.94164303158242,-57.45308357121312,-139.9341145102258,-344.80589157557324,-144.5656960471339
72,-173.60829976496822,-697.0161459650535,-0.0035806586077532,-0.0035806586077532,-16.86459321456919,-265.7958266050593,-569.4225161456338,63.99356239536,-67.41598132677942,-213.74910394679551,-10.418995267371336,-650.2541881132024,-692.5370701739823,-348.5915015437694,-352.6713639799078,284.2577869474093,-134.79330876693302,-84.34729951999424,43.6295955089373,-308.30509974492105,184.36845621572684,-31.12880521884473,-2.5303821010717016,-648.274274801213,178.0620936413198,63.39179635307463,-369.88255110908,-86.75750812710932,155.89830997885383,258.7715586805724
73,29.92775806227668,124.75489050082756,-0.0002709462275948,-0.0002709462275948,86.67780355819755,-136.43268183072135,-258.9488210721813,35.18369313300292,19.793807595695817,-121.75125015952877,-118.45739782663662,-124.72853830030915,20.30915098589287,19.78891495124888,109.44097643527483,-897.0925274607739,15.872636356624248,-28.773460434471865,-106.06397941754317,46.13138509498007,93.23422730635536,-195.227219653773,-42.29301430042151,23.363311761948744,-87.27705401400576,78.58923780495763,-43.78037069591277,26.916154998855745,76.45455479382441,73.65032717423358
74,60.99510317619476,-121.29544245664968,0.0015798249270529,0.0015798249270529,82.28719796203272,-18.325236154478628,-197.0943030653465,8.407004805694704,-66.23463380874841,-195.7200181587328,81.21049107427149,-49.54412678778564,-12.175736341174982,222.27164477671124,-233.51857871233884,159.85604044161974,114.47117758424908,-266.0424830648536,300.79859753250514,172.891270349786,-59.53160544508886,-170.56904677803382,105.02682075453536,54.247243258941175,358.1866014499835,-202.50261510068128,104.0970574650918,312.7991342331612,132.81413033225,299.5507861445576
75,3340.5258960747765,-12510.043746587276,0.0787828261775739,0.0787828261775739,7465.904148677351,-5184.79424056529,33913.93815568915,1206.4983222804788,1771.7095286953688,5679.228486031233,5904.063290687785,3465.10585067849,-3584.653114867043,1113.2547041711998,-164.9159205881333,276812.01794843096,4841.972034906941,-5263.681831397868,3817.136724802504,12807.514894270638,-227.721408526106,11519.97648291922,-7159.946231891391,6182.166918530048,4845.783806448286,-5473.018619664033,1802.6111676684577,-3137.404464167604,-29614.825540248705,3945.879279940088
76,-9996.205481165778,-83469.08001024413,-0.676948728636932,-0.676948728636932,-6681.175939968839,-13413.2704972769,-23514.586754523218,-21025.68819261168,-6593.166165074728,-50281.23763818001,-16092.597298228353,-10213.111667816926,-31694.476030362606,-5250.872608474382,-26355.50812093709,-546851.4001978012,-4184.760735207763,351.7806400339375,-13861.95032265703,-10423.164766053857,-2827.3818103916446,-62327.14654686808,-8487.246607743222,-27652.961977413164,-22989.389313228912,3031.6415262436867,-16192.971664973102,-17482.42094124089,-65703.2909344183,-15317.573882803488
77,54728.93583412458,208890.4163677598,2.208420175072947,2.208420175072947,34408.947567613126,56516.78674603916,160938.519582625,54329.386901979306,21793.24686593806,91186.37033349209,54318.334766899,46439.8727154434,60120.782942849546,39925.84618157916,83587.55215978477,953628.020785052,39223.98420700518,57616.01391738895,48973.24714060821,36540.59112518704,38625.54081220906,131014.48462210337,23928.331406476394,71802.04044883035,50315.00725531937,166758.853701122,65390.182912567936,38363.35118964524,131318.2117264112,39215.32192864254
78,12.249569196403826,-96.98074050563632,0.0011963318049187,0.0011963318049187,167.66419965515792,-49.999283959744815,-10.682024603873646,-215.4245008999835,40.63973438700077,235.3246966613347,66.52528780357602,-252.0683059072804,-105.56906120633926,120.7459196380587,-7.710872976643745,1358.4185744265883,71.37591253013514,-5.408350693107906,-153.43052592538862,156.4179161464772,5.895043578579754,-245.81591453939384,60.20540044132253,195.6409396874258,56.49035679432717,269.7761599043848,178.1605835039752,-85.57818706525681,556.05227587556,85.83581925242429
79,208.93373425294303,674.4361044757682,0.0043976656940391,0.0043976656940391,7.519224801203151,1.5494206125588956,390.2210978326783,38.95157066470938,33.26600690932412,143.31776387195083,153.9244759815204,-5.384835444726946,105.91425507153502,25.463547280165287,253.22926381513537,1781.9499559684375,97.7044114436895,204.3066547566132,44.00432626919626,94.0605767414028,-10.983379662455684,268.68222703441734,61.36633761992198,112.64020904842252,190.23683052573296,70.29909161537289,64.2896763951186,226.5330750251322,39.88829079450616,82.80909262983083
8,-21151.52449702,-70272.11413770905,-1.071279699874948,-1.071279699874948,-22825.778896736272,-35094.22438372281,-101546.46520023514,-47182.8188376315,-10863.112973739238,-61195.25209569557,-24264.713915407905,-52683.15732670628,-49843.53894370064,-9862.139152991753,-36586.85877201032,-694432.9072371047,-22496.89486507599,-38427.72255582489,-20393.154931722733,-20693.09350616378,-8461.728311347963,-92335.68085923202,-19851.442148225586,-39447.67885205911,-30956.357976535088,-27347.426506088163,-41434.15492165861,-22369.59683850468,-69938.77304286319,-20074.92997864256
80,-186.3599166154401,-366.2916949359594,-0.0039224676948728,-0.0039224676948728,78.54738323938615,158.50705992845667,-420.8024698246144,130.59616771374323,135.51157653621732,-703.1056210302777,-1.8085860944163272,321.34583124026176,-292.2258458788814,36.47792490383959,-76.14559322097585,-1677.2474168695826,-41.02998482454731,-649.5642683500579,80.20059732005245,134.64145142399326,-124.94897309561868,-266.98757845267073,57.79605765310706,-459.33089427146047,-367.0140264924007,135.4070589983946,-313.4449033531424,-127.466519232574,-364.4187902263788,-34.633114350423426
81,4509.85421049119,-42971.777677121136,0.1242184243434764,0.1242184243434764,-12935.698906074836,1636.351589445103,37543.54530214159,10843.438665956382,-6228.858828572781,16315.852214576333,11792.192367275476,-2203.4119417586744,-11751.727362571131,511.3429121536865,-11680.609293957616,209719.77432753032,-558.9311786426297,-17916.160596923008,11053.4592701124,-7743.540923929093,-4.765892042973064,35690.68200001639,7599.047370253411,22507.95136279248,6098.672836921378,5624.467688971433,2372.1846927591587,5117.329109325515,-59216.12020370715,5418.843463151034
82,32052.787431164223,146338.6568206917,1.484785327219675,1.484785327219675,29121.17020331648,41558.940908247794,123064.24664740826,25547.669446997505,20352.13813165293,93532.2926210226,46213.468954202246,59540.50594568992,45443.94951358962,23658.25167272664,52021.10106192726,624570.2714366145,26039.502165256592,39718.96478328918,31577.06282613079,28761.471960231225,17092.52250434624,70390.0800096369,12196.103482363438,35452.088925104166,45189.31478900936,72761.51388574467,47798.50898689675,39216.19033409748,142333.71184701467,48520.24720919559
83,-27730.33697987007,-138775.19106353453,-1.696957065443935,-1.696957065443935,-24454.82642900085,-66085.44653605393,-120645.4491693742,-52776.1162384494,-19148.33611797011,-69848.76041124671,-49810.67641743651,-59299.478828486295,-84759.65538660166,-41605.77774386837,-63100.98040964759,-688834.2929766179,-2213.897559733344,-57925.12921978728,-35483.00194447169,-43356.28135330394,-8352.418856316599,-153944.1272981418,-30420.05798329825,-58107.18608431543,-33913.835147151774,-34317.5376327355,-62272.6526645854,-23497.508383009488,-114727.16621990164,-38407.43907388169
84,34099.00532676048,131126.9905508253,1.9870779491454773,1.9870779491454773,25674.51853313052,49288.38786244996,83770.36249265377,46128.6432619554,34419.41581469675,109318.13462061448,48286.37954968613,65499.61195175014,25340.34488835254,14113.226237094912,49914.64467734225,688344.4153419444,4434.947519111707,78767.98427430821,20286.78047017622,43373.49917368851,21344.13791999819,105658.51495724896,27740.093286702395,36132.32678331926,2295.202716665366,31132.113962845124,67565.08221666106,22902.14742098304,122530.74895685368,37447.97934764215
85,-38676.23592712712,-200761.61794255688,-1.8928720300125053,-1.8928720300125053,-24328.551340283087,-19248.549617046967,-113420.38532286274,-73640.84638136189,-26618.071848558884,-70631.22377761318,-76752.56999890288,-60421.05162033992,-56280.21668919896,-26768.82442874596,-60644.03830746296,-892260.4423866438,-28388.781669192485,-92389.7502839675,-37777.00651287698,-60448.1076309465,-6369.335821970682,-75751.63090505294,-50913.07993247212,-25819.50303025147,-48001.59096384497,-151431.2517617604,-104100.48108597212,-34271.205468275,-172310.16935761878,-50037.199015366656
86,-720.5401534248053,-69837.12645085173,-0.0325135473113797,-0.0325135473113797,7821.142249044015,9079.660441846245,64636.6143872774,-24671.33147684444,7383.920327845943,-11405.303372695713,-12445.412299819263,19545.81402197525,-14867.328027434389,4255.775524761956,-25821.72934969624,188660.04519289805,14517.156444367927,8174.632039097124,-19117.365720082664,1130.1381018580078,-15289.448061149147,44445.65723071349,-9462.863400955834,21610.10896967516,3648.069479171978,-24257.0718817482,-31312.899327802646,-18617.05719704396,2382.467412226763,-12339.754681181366
87,-34538.48253935256,-94192.91567968676,-1.2250937890787827,-1.2250937890787827,-22813.028614785653,-23623.16528304052,-59345.4196754235,-30349.430938209465,-12340.42680265267,-61793.11478740273,-30940.79181314141,-36862.64904748743,-41634.30618128201,-14894.42222129516,-49312.47806703008,-587940.5324121164,-13132.365314222065,-69358.08323438917,-29426.013120537707,-20797.427998714607,-16570.89121954701,-60060.07225380483,-15260.142484328057,-39077.7946625129,-21820.655666363004,-58112.78123841655,-28605.56142806477,-19646.50779823065,-67765.18288331045,-25924.59912646169
88,-11206.27996967088,-75980.66631222327,-0.2751146310962901,-0.2751146310962901,-7710.133498171766,2714.814042931281,33749.43345002277,-7861.581642021082,-96.8789584454978,9153.282308333588,3264.248810742222,972.059972034881,-8762.66593696101,-3808.4364092802,-25726.19990617388,165774.94490961317,-3924.07726783735,-21540.48843390924,-3717.49489243568,-9589.71092112684,192.19438596396407,-14074.964453396817,-2879.4393002535885,-787.690231891416,-2960.9844330948235,174.70686300928537,1874.052608989805,-11793.328516477372,-26008.89841776557,-15023.419015487092
89,25007.780385090147,106477.52837815542,1.0783659858274282,1.0783659858274282,14462.612310801807,29347.007358991163,57690.31997818504,28707.83711900658,3639.790575916956,41784.295391035965,29523.65278219447,28909.066362705715,28555.355073818,14854.648811796924,34518.64076332934,417208.73392469983,13400.03215145037,51414.91953552028,24483.822507174125,15339.597406922638,23263.607696295723,64798.88280359588,12222.025704045796,36873.22444253141,22726.28275912113,44403.26217408312,31102.192324909352,22292.91847012692,79626.9316485073,34592.29231530904
9,-39111.67636489609,-156957.96646051956,-1.479783243017924,-1.479783243017924,-33935.86313227972,-40538.68572509223,-85645.73474789118,-42930.16142693996,-7658.846691027748,-60216.51168028221,-45655.70197512202,-62644.93871800568,-41770.89556187013,-26862.85110403069,-53895.88848758901,-375344.0235761718,-13311.327341247434,-66809.35871746537,-24591.539220604725,-21634.4022622953,-19891.318998616065,-91860.0989829237,-31983.65625931508,-55928.463491937335,-27854.293668197817,-63220.59533375612,-54967.82262874986,-39730.91337256442,-108898.2693632124,-18718.09737921747
90,-34084.630461466964,-96048.1990876191,-1.1267194664443518,-1.1267194664443518,-22316.48761659849,-25350.27398956401,-59092.04490872815,-37795.93652229879,-12231.61673251206,-63207.96057604748,-28616.49002485334,-29848.506607720166,-43704.82669925572,-10726.895444948954,-49920.48729427355,-590443.8829296748,-15916.68229620281,-64412.394448911335,-30621.03707693484,-20257.49338441169,-18238.89729307544,-59991.66299685814,-14509.398172051757,-42917.10940732552,-22094.18328598241,-63003.73499268442,-32197.2285269617,-18621.3043924578,-66258.29150465592,-21115.78537735691
91,-9698.921098954794,-69672.06481631086,-0.2546894539391413,-0.2546894539391413,-3967.800598456892,-12963.762579188711,23325.09965180003,-3067.757609861936,-2843.763048197836,4496.61008286823,-8396.74006851278,-18539.234080046022,-15703.476844556646,-3654.613548632588,6740.056713200993,113469.9564054466,-4431.148709600734,-13227.797553510634,-16064.240697247787,-4451.070491159704,-3766.6896407929858,-48234.00963169094,-4751.702571689732,-20387.02250301632,-12738.97784935164,5060.5702273376255,-1227.9133161134464,360.56841779213664,-24089.0521441778,-2622.7808403270283
92,24215.165213998203,102858.76323292704,1.0062526052521883,1.0062526052521883,19604.870495505507,27394.90107910218,58321.025358939536,29050.25291516205,8318.10305530634,41646.40906820784,35240.38767828571,25299.16281097811,23834.01668244088,17734.212508218625,38907.795233717065,360440.1001406824,16391.704468463136,49845.16146798739,22627.281719298004,12916.302593771556,8348.984257980312,64633.44924009434,17826.171521837197,31861.944220594683,20721.55600534714,38492.11134493231,31524.48222379223,16564.519691466456,107110.18560800832,11575.855968638723
93,7343.742834045367,44821.91168551057,0.4068361817423926,0.4068361817423926,8691.912820661173,8738.05881049003,26526.190127690097,4625.399496876548,320.1389833664948,8332.468944198303,7038.407574879891,4457.134184667103,6452.321071495764,4435.1030789488495,15726.831733357,100833.91530305386,7360.697607182767,19199.864790076805,13272.144366749162,6519.764756034128,4372.998295403645,20089.087691703586,4059.933152731289,7377.068092660405,9985.923425205878,10000.47240196706,12173.63969520808,6932.769566340861,32828.88722969845,11126.411553347934
94,-8385.329884739382,-37005.30768349649,-0.3197165485619008,-0.3197165485619008,-5400.560262038729,-11748.632182797402,-11929.77795590472,-7274.510494738585,-5760.258752894441,-13618.874207894813,-13920.684535460638,-20214.15862897996,-6325.488221852101,-7825.808510851119,-18818.462194106163,-148974.9239618992,-4535.496116338523,-14065.41480514601,-5065.413357988049,-12915.475740425643,-9483.876243036637,-21931.939380032112,-4678.245101472763,-6865.365066729595,-12790.968808293424,-12739.52596299723,-6758.2869569389695,-6866.2321893818535,-35264.75352928292,2475.163762665902
95,871.2915963939208,-35289.64363873865,-0.0537724051688203,-0.0537724051688203,732.9955394835717,-4411.596763268617,16283.437245402813,432.5271367184539,-1476.5925469077486,7378.446866599512,1240.4772778316938,2562.5093505833784,-211.38084705244864,1869.198355732552,-9135.066540415895,73509.39759822722,-40.56887391041474,-16548.332836366935,911.6265619334916,-2441.4946526253148,3107.62548645376,-14572.275176528394,1130.3622555205752,944.0770672625832,1720.5239209326896,-12669.751610150031,3544.5596659943053,622.793265295388,-8989.959524034046,7285.882806571719
96,29183.264329772013,208831.0871387808,1.338474364318466,1.338474364318466,43714.64983240482,14250.73833090207,255463.55168927007,36706.78208273077,21602.137159154045,110589.055847836,71327.77623152372,122422.06105565924,-23585.90396067018,-5723.95653591126,11670.48609339049,378671.2925717718,33431.0700597077,66404.0250589112,11394.116151895854,1862.859201263354,32501.80091320511,198777.06953125045,20653.191356301544,19309.5297133609,45561.358094652445,11131.965114620698,126759.38459842416,53984.069375671206,36233.50565536057,6070.142841539937
97,-50313.40241173547,-134673.15287921482,-1.3609837432263443,-1.3609837432263443,-22520.03648904108,-46004.92103491262,-6042.859377143313,-44053.59665855197,-14821.456667498203,-70749.95317619777,-36279.8628133999,-71658.33053154999,-40575.793625358856,-43099.88874796343,-66307.85704001032,-498261.9447611384,-24041.284359331177,-62609.721106158446,-41818.09707086548,-17672.675448282,-31328.18283508121,-91118.0632847062,-13130.21236818858,-42909.75274569053,-33248.91583838708,-46949.576340577936,904.8907937733916,-57869.40745119444,-97325.44494437144,-8955.815522183984
98,26778.86986494141,40973.64736255178,1.5218841183826597,1.5218841183826597,-11241.209684341711,16841.555452068504,52690.22031998307,-7829.686630853135,-10086.937726050994,82656.21003978906,-34190.91826967916,71580.17069278315,-4097.797149499195,-1673.9100430599206,49136.42555906312,689087.9020784998,-15647.593760342834,5088.508408014113,-25940.080732517374,17882.873490310958,16929.580008187204,143478.30488076602,10054.847834704073,11842.475534816547,-18030.5519540954,36885.53486095242,-6192.927214896714,60454.97818162573,-19865.066823311863,35383.86977068829
99,25964.11146505024,201370.63500624173,1.330554397665694,1.330554397665694,50442.59067459831,9514.52200981716,246861.55900381823,33795.66888036556,21496.97513502971,106588.39145173348,72014.93362282468,116624.50662161742,-27916.567079721364,-4288.661570093745,11098.75817220784,365991.7737326863,30832.08520705352,61802.41990011133,15781.382106338311,2046.251970429487,24611.83529795418,196074.3734495045,19614.40367457212,17222.300876616,43618.484323002056,13582.31693388713,123460.12115671198,62137.895841253645,36779.85547413398,11010.412378879522
