id,"y__cwt_coefficients__coeff_6__w_2__widths_(2, 5, 10, 20)","y__fft_aggregated__aggtype_""kurtosis""",y__symmetry_looking__r_0.05,"y__change_quantiles__f_agg_""mean""__isabs_False__qh_0.6__ql_0.2","y__fft_coefficient__attr_""angle""__coeff_42","y__fft_coefficient__attr_""abs""__coeff_43",y__kurtosis,"y__change_quantiles__f_agg_""var""__isabs_True__qh_1.0__ql_0.2","y__fft_coefficient__attr_""angle""__coeff_30","y__fft_coefficient__attr_""imag""__coeff_16","y__agg_linear_trend__attr_""slope""__chunk_len_50__f_agg_""min""","y__cwt_coefficients__coeff_5__w_2__widths_(2, 5, 10, 20)","y__fft_coefficient__attr_""abs""__coeff_97","y__fft_coefficient__attr_""real""__coeff_48","y__fft_coefficient__attr_""angle""__coeff_67","y__fft_coefficient__attr_""angle""__coeff_75","y__fft_coefficient__attr_""real""__coeff_87","y__fft_coefficient__attr_""imag""__coeff_72","y__augmented_dickey_fuller__attr_""pvalue""__autolag_""AIC""","y__fft_coefficient__attr_""abs""__coeff_10","y__cwt_coefficients__coeff_2__w_2__widths_(2, 5, 10, 20)",y__ar_coefficient__coeff_0__k_10,"y__fft_coefficient__attr_""real""__coeff_10",y__ratio_beyond_r_sigma__r_2.5,"y__agg_linear_trend__attr_""slope""__chunk_len_10__f_agg_""mean""","y__fft_coefficient__attr_""real""__coeff_9","y__fft_coefficient__attr_""angle""__coeff_83","y__fft_coefficient__attr_""imag""__coeff_86","y__cwt_coefficients__coeff_4__w_20__widths_(2, 5, 10, 20)","y__cwt_coefficients__coeff_8__w_2__widths_(2, 5, 10, 20)"
0,2.843858915441494,6.933063314654842,0.0,-0.0356973504738728,1.1033788231177155,316.0735447381027,-1.0642221493379374,1.3637933817826464,0.7524861621214864,25.956374774465104,0.307487724969225,4.146848364922503,113.41502600487745,203.3437335715628,-12.685192321868406,-173.4882577606439,-43.31210242534196,189.1737432532792,0.2047665997735,744.5722725948532,21.60251832946188,0.3464876872240193,-289.2894544245334,0.0004166666666666,0.0643832503153343,-497.0546714639961,48.10547489872889,-43.85308103009729,20.7612425018416,2.989126231859331
1,3.956787479990137,5.566154744125829,1.0,-0.0217136172620892,85.5183820039671,207.06841721767435,0.4128903731055189,2.904198592222244,-77.00430568636462,-992.7389691266978,-0.3710694361706741,8.487675657558606,87.16051078955736,-284.9056747836306,20.715362477763044,-100.89729967236327,5.792776907140857,63.52578785303964,0.1364547003422943,851.6366017733836,34.50292582186025,0.4292717632299516,527.1141801451307,0.0129166666666666,-0.0910538546837315,-136.82609658621556,-22.674589680017384,-72.95730048980303,40.10761322910267,-0.0805081388214642
10,165.56987468261303,6.97340130196318,0.0,0.3340782122905028,-48.55099945628344,15472.228687568557,-1.298838234798428,5663.429311975548,-23.65418777209518,-25060.38348542321,20.077778983934,566.4060551075897,8816.170541184534,-19583.79809177876,-69.80234833798548,-78.57090168946874,6022.190837796314,-5335.812869259186,0.4133915292616141,144474.09505756517,3980.4693027031376,4.138248280477386,118047.86178009809,0.0,3.8198568985572736,2112.350501682636,170.92849381764762,2493.477588625423,5327.316381512562,70.5703150196078
100,330.5887560221694,3.530770370784806,1.0,0.9525,-48.59261882832256,40506.187101524665,0.0785511654620583,139675.98348865734,-106.21584162093995,-87527.68491662061,8.220961788970905,874.7657698947118,24993.15994262343,20639.858561466728,-125.290186836057,-95.09288318698464,19400.170869984468,-30313.77242598937,0.9402695310020802,173289.18063157942,4185.59266799754,73.21067077005598,30980.36213615941,0.0004166666666666,-0.2346664438618721,30161.73229072529,20.27683195481246,-24912.1389768958,3279.9486130870105,-279.4894071261076
101,405.1464827030188,3.7879451728104687,0.0,3.2009512485136744,80.37142292942856,31350.617849466675,-0.7992597023762023,351159.2848553355,165.90679328750272,151708.50554326695,-17.28120929222753,959.9289435296184,23676.42364789732,-1713.5104895991135,63.24875971756976,166.20080478270245,39189.70599846468,57338.73014197724,0.8941743416333454,139627.65810206436,4156.119738744432,35.06177670048048,88611.40568916746,0.0033333333333333,-3.360730351221376,-48497.96820889693,-40.28338997478735,6037.6262027911325,3614.210774428505,53.522116894959815
102,128.56294386126004,4.85973357278787,0.0,-0.1229508196721311,-44.44619429565325,7266.447871170486,-1.238911481009991,2272.682918755738,78.6030865328881,7577.151810875976,-11.054656969170647,286.8831646788733,4733.056767621298,1917.9093338656207,-129.23891578073463,110.8747189047388,-1162.566056544223,932.6256446157804,0.66111517765046,13912.208071307356,1359.696853110892,2.462520995930611,11573.853031636469,0.0,-2.373879668049792,12835.34812937758,161.47066567292364,-156.88154735108162,1520.626884559164,56.3808959775034
103,22.49296247797965,4.653117560449084,0.0,-0.6362545018007203,47.074430906121535,8527.337198901247,-1.3769895225320052,3200.907227855574,130.9467306431661,-8600.857037496144,0.896982197134173,280.31919574942043,7169.121306211068,-6782.301810311231,17.684423367623126,-46.4808808922589,-3676.66366420248,3483.477944224516,0.6639590962620767,36285.804234960175,1753.621650574,3.8564885251101337,-18635.7613365256,0.0,0.118429399815969,-10308.67444186812,-35.96362800074928,-5457.05037859971,1679.6057577529225,-30.61026229973045
104,56.407986406863984,4.223179127468279,0.0,3.732685297691373,99.92203182036376,31938.810210603187,-0.6434854884221681,7332.353889722486,91.10123646736088,46531.44312107992,5.087060356057316,56.16970824919528,9418.693658256583,-3221.4407981848985,126.88846125564382,74.93276666261742,-5929.856776539225,7054.848675840447,0.3673935847491524,67684.38054617582,386.5100310686353,17.929410560999084,6834.645171358515,0.00125,0.6817879216653061,44899.10588259029,-144.135591262703,14954.819430673137,231.439683821808,14.274909489882251
105,8.85424616082233,3.450559010105352,0.0,0.6319018404907976,111.71678980177178,5170.952690604654,-1.3005631856153057,3243.4079059118585,64.09159087859425,6134.899620117515,-4.9919127225358215,101.19019564162792,772.0941479220797,116.10079610723142,-96.96312062241655,136.32474651516262,-2256.433670048137,286.2400752536046,0.6638901686382096,16708.105753349704,1217.689485084897,2.730124921626998,16451.017214311298,0.0004166666666666,-1.3513888695984309,-1424.6292671992453,98.93792362933378,-6063.68861473086,1278.0683782911012,67.71200906557836
106,39.8716786618143,4.228211078328344,0.0,3.376777251184834,29.983735670468352,13635.793510491652,-1.215698377553846,3911.51126731302,97.01624224047428,16641.771769279276,5.218410768562743,84.60319030094158,1038.113504376764,-1029.4880513995708,109.2245483461576,105.0900302788282,-4075.349679632017,5503.620107000843,0.5384321952429388,58490.03635010437,343.6409554022881,6.723581637508174,12673.43515853267,0.0,1.7036080487508456,-10085.466900669026,132.52376573997574,4827.2054153045165,557.1551437919991,36.93750554129965
107,65.94041160690082,3.754315172386579,0.0,2.345060893098782,-16.19989699245396,4436.471975171598,0.0433815438966904,5202.952801433073,-88.94542279362683,-13270.295736217253,-0.0568823273990448,178.67700230653762,4221.879132036912,5961.411955769349,-84.09390329153781,64.05163141442713,-3854.1045014089655,-7180.154337220023,0.8392378130943641,19339.725636840823,899.1586103336695,4.8589959504817,-9540.646357451356,0.0008333333333333,0.212252513064462,-8358.49816899105,-149.28056991415173,835.9921133283781,793.887975449353,70.1340434222368
108,27.311180524823136,4.891285094054694,0.0,-0.1296076099881093,88.83383996090035,6190.744023626062,-1.2256678435886388,2308.0002986894306,100.08135863329623,10154.95945359897,-10.958369518019976,242.93241249416545,6633.077629500702,-1046.8893281397334,-5.746216471147924,67.36508714325322,-868.0286202687935,-843.946195890957,0.6571856580568539,16594.221437550135,1419.1869382901605,2.4109171958901388,12650.780901711634,0.0,-2.407397480859043,14347.455989727508,-156.55756928447298,-590.4675905253977,1562.2337207209566,96.5126674559682
109,170.25757824117088,4.59414745167879,0.0,-0.9820574162679426,43.77633354106906,8339.453525085779,-1.366671191272566,3633.228328515285,114.1446686848765,-13141.294871385548,0.456578376031264,384.2195376041833,2402.890347298862,-9668.455905297236,52.46126224040744,2.281719229871405,1634.5694565725903,4135.620055466055,0.5946718236295541,36774.136885664506,1706.671454527374,3.9569380845247526,-21758.416318725176,0.0,0.1675983958054824,-10293.733517559936,-13.123267346121242,-4507.111354518306,1765.4579897662252,22.064249079988908
11,99.7800303341084,6.6942112142932615,0.0,2.0,95.39567073387896,41649.27157259503,-0.4176119694737616,6597.359623388667,82.93316871811169,92353.55425042064,6.228669127225357,119.6896012373372,19083.76055692495,-442.6621730211298,93.5342375351742,71.92677671806221,-1737.3406363169352,21935.84672615323,0.5328852594297997,203616.0631628869,1114.7007701462935,10.223502702205844,922.9666736632004,0.0,1.111584272296394,-62772.115750582125,104.0000162509247,23478.488049573432,167.85858430256732,44.42751834193155
110,51.479690765449554,4.260586609970689,0.0,3.957729468599034,101.88279090402132,32681.07132413358,-0.6419833366826899,7148.578977610119,81.43679520537822,48351.838294532594,3.762592270950932,75.69995799200859,10874.730908136402,-395.2887313395677,101.33454799756105,85.4322259144604,-2458.57579738162,10401.64476102221,0.2718922695720798,66144.56567008927,318.57887064684894,18.13223372120069,12002.449533823852,0.00125,0.7470401829892878,40424.37764043597,-169.10300622976763,13615.927476187277,154.21797615828666,-18.046973152826865
111,95.90608382067488,3.661916653029457,0.0,1.0554187192118227,-97.8197457015102,6948.9616135207725,-1.2837093700344622,3364.0772173346927,-43.71537597016892,6941.430429917982,-8.630536257056015,236.13894507394227,3272.7296938620884,1289.0300435128468,89.46620645844084,136.29620683708484,1069.783950786825,-3595.0847105001067,0.7145049366827111,13826.620698042449,1048.8108611848968,4.124946767621985,6194.780682809235,0.0004166666666666,-1.7077944929599471,-4876.801344505079,58.66110383653695,2490.842052676088,1270.4449493874097,-16.74009217378433
112,23.924586899278296,4.119094904785385,0.0,1.925609756097561,55.24684601814523,8957.281293670227,-1.3315396843716245,4252.507835110733,86.04341755888656,19357.900679776365,9.827941815023882,87.65993567530708,4181.647820331508,-4830.633923170079,80.70405310424734,66.35851475964505,4156.206722658599,1512.0809576220352,0.5841209987360549,38558.999469697046,572.0709283787382,4.593279183754999,29152.308900959943,0.0,1.941696600635427,3792.161163438797,52.72284300218504,8484.238905957012,951.6203962013489,75.18991876409362
113,11.399587840153725,3.644101106397732,0.0,4.417009602194788,155.5645860706859,3750.0607219623575,0.1402549300667881,5609.19331453443,-176.25121336863324,-875.0279966375288,0.4658597481545814,77.74157052291567,1450.4070615863368,-759.8264311991766,-132.69371760268055,-134.28404987549553,-93.76674187260164,4215.801792449729,0.7258723061359603,17738.089611934865,722.0411033872825,6.942323234850504,-16503.965107252698,0.0008333333333333,0.5401413653014803,-5034.249243694902,64.8058394709061,-3672.0876015711,261.3772346562665,34.54362688638161
114,89.46497233630197,5.9105746101096654,0.0,0.3627906976744186,46.864603813695,24137.68634389865,-1.1968121829178222,39995.95941879002,-56.69112381751633,32330.670464644623,-25.90398393399913,729.7818724632943,3047.7153604938853,197.65397868421496,44.83411146588833,128.94706379675273,-9642.467230130003,12659.599015538995,0.843594810709599,126141.45778404376,5504.774199285392,18.65864376588079,125585.88571480478,0.0,-5.50190424312922,66381.30147311991,-2.3887266809191763,-12089.567001608426,5244.907054890039,-9.5319582898891
115,-18.748720770587408,6.701389683722703,0.0,2.0224586288416075,125.36492614173036,41591.30262947233,-1.2191115386366285,27881.651005817173,89.18834952369575,72757.12888156046,27.29038211029092,215.9101225139437,7591.1989668925635,-14571.13716295806,93.9692234419296,85.91228917437105,-14747.197746764314,11428.01043128028,0.7132767029252962,202395.83866804367,2309.4247877133607,25.530257882816606,192015.4630046457,0.0,5.259752122432684,10026.431423159538,70.99910243559172,5050.142499440767,3302.494508638897,309.0312292104041
116,96.7916133505817,6.614128437869664,0.0,-2.6686967113276494,-100.2189999970542,31712.906725074863,-0.4858474975348481,21641.380035047,-72.29290252482507,-153405.00746516982,-13.312581415544942,738.8877223390982,22693.18673378052,-7336.11292691072,-78.34046443352236,-97.99252543133755,-8371.429220356014,1362.3119152736404,0.887196779840153,188939.1159768068,5552.7997212851615,-0.2264129971052106,92439.40047347295,0.0,-2.205894025937951,10110.379841281974,-150.24006118792084,-4318.097505988912,5175.611312554103,-257.42295580666934
117,208.94877716628585,6.41921391027944,0.0,-5.882558139534884,6.8921009696520175,34093.77331483801,-1.3830200773827654,35734.61505790561,-116.36952382726123,-66936.49450489724,-50.78495440729484,1257.5523284682738,10041.99609106976,-6828.058129739616,-67.38008359306419,-117.3578364727333,67158.14811121824,-28488.788754154688,0.7475494827932515,50667.46148370982,6501.152421241354,19.53166934141688,12314.951069339306,0.0,-10.444044644872305,-7487.252987833933,115.8176690678035,84572.35232817182,6027.153392464326,-115.31471335517487
118,-44.74283185125254,6.241067452824592,0.0,1.3038416763678695,117.49136062995122,33650.45981671412,-1.343323829971626,37715.69855313112,127.6400245714502,133656.90951461627,53.111430742509775,381.228942345982,21933.788990705416,-30830.69718950792,119.83792669470978,18.027460254143257,36846.3881026336,39896.850375973765,0.7788780878550937,61191.39850718817,2650.8273394536254,32.74417092148603,60071.508351973935,0.0,11.373745854962763,-3902.191230344272,-6.050135760476918,-10498.09552157913,3277.368636827443,-63.127038529167606
119,-35.580763689473905,5.74837835786231,0.0,-4.599033816425121,83.92496173750365,37808.07229248006,-0.3617263822534107,36658.295528873314,-148.2448367756107,43803.2978480061,9.089231437255751,370.94521251657847,1472.8305880282376,14401.498629688149,97.92474139027294,8.618653056309313,39121.52702107984,23383.177329941514,0.7359720411289268,214773.60105393824,3036.5293913374435,48.59855316035658,-136244.98501142676,0.0,1.6686480234031833,-105726.05911320784,99.28130723629104,-2311.0349307626075,1981.952264960916,215.7858960867813
12,1.0025932282820438,4.555914475914878,1.0,0.0036706689536877,-149.40177091928922,203.99566716568145,22.26803779517472,2.497620216040373,161.19661340354182,351.77229011924976,0.0241608771168041,4.015341173990864,73.34826800840169,111.11273020619588,-171.78454771917114,142.20345375324587,131.95560769176672,225.87413962686,0.0010693905992494,115.2434688539478,23.9386175916999,2.5889678931542432,-112.07870777777892,0.01125,0.0114251631972777,-330.9768105047202,118.62477882255504,26.388995267478585,25.61906460607587,0.9865228104725812
120,-0.6019532055525996,3.700528148829677,1.0,0.009993654822335,59.83842795396264,15.614044192876769,-0.7516467114403405,0.2743827213711393,34.62690982164156,17.454271472306303,0.0257510584020842,-0.6209971339573903,44.455022302181256,-83.92418961955993,103.66668038275306,108.65089664675943,-23.934617515942527,1.5635723141178852,0.5841030155677663,59.4180072171158,3.0533654280560656,0.0792656493568965,-57.910850874323245,0.0008333333333333,0.0049667216686142,-151.07076413084866,-40.21919751101788,11.48155444974029,1.2118567691110278,0.3256801542743762
121,1.0565256345426202,3.5870045953920373,1.0,-0.0046057886706107,-103.11638337543364,47.936473142497626,-1.2767977903917764,0.0952210093081165,-60.18172088079077,-63.17873451183013,-0.0326284105188753,1.4297873435359634,17.12664598228258,-14.007218677907668,-83.70741526591867,-156.79939622750476,-26.83995543109157,-24.532531946015368,0.8184232144231582,142.24258569229713,3.409057015118832,0.0293903016732263,5.427564835122345,0.0,-0.0069762964573301,9.12984030153438,-54.05385751868081,-16.720159881525348,4.7443127886562735,0.1609905135205244
122,0.1718354304074111,4.072242626621244,1.0,0.012543730113823,84.30320593985746,27.144970551583533,-0.5887252272951797,0.1888285964751061,110.51080747019807,26.33229316334401,0.0023670826483836,-0.0124373984198451,23.57198424703229,-19.502933797190178,146.46936351350806,117.83037773294024,9.902611729832206,-12.291411807162367,0.7854255374827803,47.765862951522514,3.7724403176594143,0.0691124693745711,18.455349120951283,0.0070833333333333,0.0008801250967091,156.82262462751447,-77.1623301939319,-27.88925278664591,5.337953743482385,1.1213389362921782
123,-0.2843621670039903,3.539027639978336,0.0,0.0020623451286939,-75.78141176122102,42.5753257374988,-0.6864671366577557,0.1519112565630131,-95.3737131643475,-102.68409595642288,-0.0306631296135475,1.2993922286128254,11.410093988337705,-4.784961903449164,-59.27821471400299,-116.35579217258272,13.254406271838462,-30.675886385058227,0.1560658677058333,152.6263392348627,7.957102238803941,0.0629788909530658,-2.611330339962356,0.0020833333333333,-0.0061643982348146,-96.5088259685004,67.44697427677083,2.082776377416549,8.269408280278075,-0.7020830352236139
124,0.3826975628105176,3.62348640171014,1.0,0.0048690932311621,96.5722875907625,40.22086923062589,-0.4566019240801475,0.1359559312607587,103.47007222991056,159.62153373858226,0.0420646982197134,0.7607538106299725,12.024268154431107,-6.293938197111461,64.41988015381642,165.189860883135,23.457439641109016,53.64545317619891,0.9917860969894314,217.9050568879254,2.790774351918196,0.0234238440691291,31.17569450357,0.0108333333333333,0.0094230602499172,72.26848743321484,145.10653544482366,39.23628035950014,3.587311935854549,-0.470009642795995
125,-0.1141968550854355,3.682268902818935,1.0,0.0047284413827063,-74.07546139904927,53.03884294830083,-0.8913189764106453,0.2712222610127334,-53.22781800160563,-10.357043239950032,-0.0135794344333478,0.5605624944712809,32.16369393529168,-14.520616482585789,8.66686136534124,-57.36192884858576,-27.176823321837343,-5.476852567445828,0.7109138426505178,243.04052880794035,4.342029568243997,0.1002823252395941,-35.10638849420679,0.0,-0.0018897320979642,-185.95942007277665,-85.10244281326499,3.5802986771333067,2.892380436046236,-0.2884741322552919
126,0.3466428990599017,4.597741165288186,1.0,0.0053899080381536,-133.86752366941352,131.71235177775227,-1.2382897454387058,0.120858908056693,47.544781361635344,-2.2218749011545764,0.0257646276595744,0.9672337899592875,12.989481636447666,-80.92470892366279,-174.8683208729766,-0.1368966905772972,3.494608322254137,24.917206845672403,0.4392906537211177,174.2843942652487,3.5980550627049084,0.0577338767603961,-129.5090419032744,0.0,0.0050850421691625,-24.76206860810151,53.8546870145285,71.42834119487685,2.13726975143082,-0.2896591335246052
127,-0.0911823372333543,3.987196413835574,1.0,-0.0002024483546101,-146.4112209037531,59.430253168123095,-1.379544819256619,0.0986000952023953,-104.25884732022574,-123.98626234808737,-0.0368588000987174,0.9778532222419426,22.344800785208385,54.371740146809216,-109.3034272106156,-138.68356206698542,11.15164023927855,-55.23548935341701,0.8087629995389483,221.10593668160632,6.841343435174235,0.03496893260153,15.413995239656582,0.0,-0.0085337871634235,6.623968998526853,-107.49762361292298,0.1043760406846283,6.987839097151227,-0.2634636756402194
128,-0.0189395594795253,3.3991756117942966,1.0,0.0041450799436917,-1.7938493119186438,11.569862567602389,-0.5362632380514505,0.0892179041931686,-96.014373145161,51.06195813616648,0.0012990304608999,0.5557292958143636,8.219626754372866,-2.748824052143628,42.35717746005218,63.309616848120925,-12.654315522674164,3.799069128868496,0.7865132043512038,150.95398767125582,4.011255748537852,0.0613928548243026,73.67280178508707,0.0066666666666666,0.0004576436317395,105.67152116910628,-121.76876045068929,11.288082800290807,5.674706372814647,0.5700961417154998
129,0.414653918193694,3.837076310575053,0.0,-0.0016768292682926,-55.50139864328274,36.69461492308759,-0.732518159729521,0.073766770443362,-88.23172551714518,-84.8495968134761,-0.0217549120712114,1.0430615338989198,15.227095220665277,6.380557140761572,-77.26422450037153,-84.89002208214823,2.000234158531561,-22.24437654466007,0.1888330593519201,146.25679504045377,7.600917217904674,0.0508679441689319,38.75421176077636,0.0025,-0.0048930604786129,-21.89846736516376,-60.83810865271635,-20.6787494604466,7.456050271724631,0.1591965335414503
13,-0.5131021372730369,4.305370460715966,1.0,0.0018441971383148,-21.231046197876857,34.08476289243618,-1.0912251421667412,0.688210978251398,30.73345636443496,-15.893976257186477,0.0265680633955709,3.559134531248598,105.26512185109172,14.822816874679226,-117.08250290364175,47.87742963393318,161.51343635475794,-15.156835203963771,0.5672412459874461,312.5480988968193,27.960154073170155,0.7504713747014309,-309.1316651376809,0.0,0.0051107475824233,-75.94060975563549,157.6458677449584,136.93799825641236,27.15500129217055,-1.581602890971348
130,0.3355905528521948,3.945151596998597,1.0,-0.0032910628307246,106.37870388928164,59.30309506066986,-0.3744658730014478,0.0871792246808866,71.43791728114316,120.24778807204724,0.0413566091709731,0.4490005495089105,16.656847214533656,-12.471745680792246,59.39868279873269,168.41315132298118,-0.2819181864403499,45.30037330910648,0.982945043154744,270.6559548334594,2.885597141294236,0.0146970191109511,53.92588795882831,0.0091666666666666,0.008935165329954,113.23062329980496,102.89756024433616,6.714396412146096,3.9089031821658673,-0.0097938576762163
131,-0.1959942854425539,4.39537627779509,1.0,-0.000620714939416,-61.21847231990175,60.02080653970433,17.693341206902602,0.6582971711839943,-64.63893313120413,21.59740050932613,-0.0100175045233326,0.6519670882218122,58.56986375140254,-54.23138090085038,-19.53499468111924,-81.73264186288999,-20.723213840557683,8.311058022287048,0.4023289452998921,216.24471729176332,4.984855902650333,0.2792702729566226,25.070579215546555,0.0029166666666666,-0.0006946696246806,-3.40580071774495,-94.99100438592149,-17.404877922802843,4.580333024823195,0.0365868231044328
132,0.1458571970931116,4.524438010948293,1.0,0.0274854958811708,107.50575327526892,40.74038166985663,0.182441973934575,2.056712077267416,-27.4888965510756,7.065707954859137,0.0688334509335649,0.23361355989706,55.91845449017074,-21.614263774020344,-134.33607813921446,-37.57358060778978,-52.39245634583324,51.62390640704805,0.343334846378835,169.66421401960326,5.338753518631779,0.4783387774856203,-168.43685601838376,0.005,0.0193352846716292,-246.01050966577577,126.47625548148032,101.0601638702407,3.306167641136829,1.0268732828036808
133,0.6065670027503524,4.487533299536471,1.0,-0.0114673224071308,99.2691375655396,133.5158181310284,0.7272206110615853,1.3121162168253224,-160.1097876299885,158.6919190817689,-0.057721359880914,2.265615786304509,23.20447839125365,3.18682792070355,-176.093629355381,-27.10873076214264,1.8765827740494168,2.077941156969235,0.2495272425063081,123.38112888831608,6.293224398541581,0.2634697207400722,-44.03706039722672,0.0225,-0.0153107922714304,-120.00590605058584,-155.8565848487151,-7.238605209470126,3.9284822293922494,-1.6629183104481398
134,1.975278919645293,5.901995078044045,1.0,0.0382265109278653,-81.19200662206757,151.5451692565241,-0.3334849359878542,2.712889159364864,45.99264360690248,-83.37371919941951,-0.0519473397676324,2.8817538076087383,88.52592911026566,34.232964115939794,-7.720608489316808,122.23462054244315,58.1974511970307,-29.96489634891192,0.5764062893062778,183.7806642299304,8.067420038728471,0.6785804522994509,-56.82723700536872,0.0091666666666666,-0.0105398688647836,29.02824382125969,124.52235221330228,-45.55056453377021,10.04130043299432,0.1420758236784496
135,-1.4073143921110762,4.395785288490573,1.0,-0.0177708339691666,88.67611849561,203.6899650128641,-0.092484415390432,1.7699353302642205,115.1514523509452,230.76214567571083,0.1094767694311767,-1.9105870489624432,121.63623549513925,133.156979800199,76.02570994995986,41.90547522293455,-40.77516059270815,-72.23548249293346,0.907169253931214,572.205033947755,9.651218864043283,0.3474866603072853,-229.3764110440229,0.0141666666666666,0.0284020355088059,-26.79664786184347,140.15518918043546,35.472512071289245,8.95388995159582,1.5725043036549191
136,0.7440692299601901,4.674665122409354,1.0,-0.0468889818894295,-91.18166111048164,115.83284384477878,-0.7887483911322852,1.843042043561706,-73.0049199889858,-103.7054073353698,-0.0570417661745549,0.7784272180505375,104.60268032769469,-83.82748991619079,-176.47407380730513,-144.4103274761765,21.211580105509203,8.913723952228764,0.7516809436771827,116.96337960359077,11.187492171748868,0.3993534565432513,-50.17815771183771,0.0033333333333333,-0.0128818872282545,-70.9357122735711,-31.666164234156906,-58.08482539173982,11.03391580044265,2.3499982671077846
137,1.2254193349422715,4.615605397111669,1.0,-0.0142355694227769,-98.11436482272192,59.673526630880495,-0.6369370664533025,1.972350124580612,-83.34017375767822,-152.82226937505715,-0.0825282240555796,2.686946986966897,148.4866082028488,11.857786296078576,3.023937388127916,116.19816290058176,26.111415880586307,-39.81212354534565,0.5583046727235014,331.48043079475065,9.863458125677855,0.3489003416981607,113.78498331166242,0.005,-0.0186125410250299,119.35588974177416,-150.20209645395187,-147.00366441986816,13.474988453526688,-0.1553945226316326
138,0.0082925266702227,4.56370883874714,1.0,0.0034162939528187,-114.69809598144656,128.36321503961133,-1.245876978839537,0.0954480258982057,48.41091249811442,-13.641066128840816,0.0237258467216673,0.3687916165461929,9.751994491811546,-64.86116022483809,-173.4399603363272,-7.443225162432406,-1.7742656656813396,29.395465099462,0.5029013390025177,162.72626252967513,2.60621176076688,0.0417754246633587,-130.190362895194,0.0,0.0049470086360371,-67.48714833990462,23.32044622515276,65.5679401396942,1.2231779873391757,-0.1074301923999502
139,-0.204968717552989,4.1750735872213,0.0,-0.0007234122331116,-131.0914148264444,53.64893528588469,-1.4462033549489055,0.0623422990952047,-94.74775938646609,-124.74576745406398,-0.0346351479474744,0.8403417866162618,26.305759368087624,51.28736609280028,-103.53921668163449,-126.82332745714558,17.69247189390454,-55.02928472914581,0.6578238706203283,189.8942473722094,5.752914589114887,0.0209572532263133,21.95843612545244,0.0,-0.0081814948930275,-19.228330563950585,-100.87818331767276,-4.977398716600491,5.949391419267749,-0.2222571369596497
14,20.41032882896127,4.404714947460425,1.0,0.0097667185069984,-77.86555182063907,262.43836291077884,3.688423234702174,2.669852729549633,-170.90838634033886,193.0267859282669,-0.0424066435084672,20.74476973261248,27.68400906017583,103.6090398352163,-158.04881447625382,-50.71271213530368,13.178063251103168,-122.86501140221183,0.026041209573215,184.1291098748636,7.242210107817301,2.0103750990165623,-80.11955217932888,0.0075,-0.0146522556815222,-409.6513573430534,-165.36704754990845,-21.382228872689296,57.27371396136062,13.181450264360723
140,0.2866876121002044,3.4829777679958283,0.0,0.0003936538695085,20.126637542011245,10.388161996467405,-0.6141005976279965,0.0509894109914142,-102.8615974145754,31.23218913680213,0.00359313831186,0.6352636073626486,2.811869903549396,3.029521575539697,4.914679630432374,101.5798519339134,-5.814562374106303,-5.184815699691157,0.8167512493754698,83.87639058876424,3.0729320924815133,0.027760532526092,47.75333234477291,0.0054166666666666,0.0006847019288504,106.30842942537748,-131.07588196246732,17.92407227950645,4.660808544361438,0.0952042246504951
141,0.2641180525871329,3.522673157145948,0.0,-0.0006590631590598,-78.0107955158575,39.4496375709897,-0.5970200794533755,0.0508138325838698,-89.01767513957854,-58.798445885168015,-0.01665965588363,0.5444217528862753,14.554217011839052,-6.280904389421741,-77.84211772993642,-57.94063377630505,4.31153785886407,-17.07919393831439,0.143691218200258,93.86236390595047,5.234367684293617,0.0377316046678915,-4.193777136563593,0.0020833333333333,-0.0038156465930194,-30.752845299268834,-68.69694834626382,-11.116844125398543,5.495127151044699,0.5630044754807353
142,0.1175588203130713,3.7647250767729705,1.0,-0.0026990707431505,110.1702775864642,51.56130094219815,-0.4141680665853302,0.0901905476893743,79.25880949166803,75.17087744540616,0.0271826150673035,0.0193409911858154,11.105484000238771,-23.641197818106143,-7.291620154176113,75.10418245507385,-4.110411887718707,36.05581795913384,0.9726054842905666,151.21064398443858,1.5553554592720815,0.0314452973417807,18.21987610783501,0.0075,0.0061091783932828,77.67162329455314,103.5368573931787,3.437240573799772,2.020350079126412,0.2961543409060439
143,0.1118822496342552,4.640644296183703,1.0,-0.0031886635701484,-55.69784531337493,66.94308442216474,18.127862634247258,0.6086058107199391,-82.81306017820688,40.12491128052387,-0.0116797383847155,0.6189593362185345,78.48586144378449,-40.295146793592885,-12.216832856213674,-76.34345009775477,-19.707875642592867,-3.3401836657497253,0.3860289314925366,280.98967861198025,3.50738382321036,0.1920004241567289,69.51051213760621,0.0029166666666666,-0.0008396383290178,-81.14273979050131,99.63527090568596,-27.04819303231909,2.9032039537176395,0.0602084473006217
144,0.1415201087010802,6.123285357001005,1.0,0.0002035830618892,62.009103701355045,11.177725955178516,-1.0381286557463576,0.0100075123432834,-173.95824451975267,10.487285083120945,0.0076903766825879,0.4019475789153866,13.199178859333957,-6.715535613231368,118.7851699458378,62.22862216361335,1.5888880383336428,7.658443585819571,0.4578290058219931,39.66900261545755,1.864720369190256,0.0126848496813989,34.762360636199354,0.0,0.0018055176372736,27.131516333616,80.62127305527719,9.271437537146785,1.3679419511917423,0.0251263611687146
145,0.1097210762862727,4.8665651577472495,1.0,-0.0007422585304918,44.09172998549497,9.164258959381147,-1.1991067205009551,0.0078637394252823,-83.59998197004965,-0.7824292598231657,-0.0054722553328555,0.393183181450258,10.21103173617558,-11.6522036874989,-127.89774760130044,-137.37432904535297,-1.5562294622057191,-3.660479940713205,0.7753031837636732,10.366593448129686,2.2112480572886977,0.0050432128094295,-2.233242508575716,0.0,-0.0009111983620682,24.93354203298698,-19.57317008028844,-6.952415920171127,2.257324149088296,0.046253634324578
146,0.4384930444417838,4.976450498589892,1.0,0.0003526853711235,-22.550513908055773,10.619464199850896,3.2291553658472565,0.1167392403245845,-13.74420202651701,-94.37441978198667,-0.0224218404958651,0.7694964121224511,120.74125586859547,-61.61782862083574,-93.20355605980656,94.11039256453938,23.64605873133188,-8.136633363422838,0.7266424841659276,190.1967707128238,3.1447982195775284,0.0918466629936222,-70.37603333987931,0.0083333333333333,-0.003507375986957,-74.20882668244721,-118.23257643421007,36.03888400479386,4.034356691737436,0.1982476976570278
147,0.0123833729568218,6.442245431595454,1.0,0.000563627254509,-138.57361451422827,28.42868122184069,-0.6228790301717044,0.0226037483711492,-98.68710605130796,15.321721325055002,-0.0178605351715154,0.5792212759778834,15.048707693064822,-16.992783207930913,122.74349206871764,-82.34513875843,-8.01078183144656,8.490333573192352,0.4827280785218977,128.96109431373952,4.224733090029293,0.0234742531840112,-19.225451427684813,0.0020833333333333,-0.0034973032944864,60.92666588918763,-30.135307942285724,5.580915645204241,3.9119923393704497,0.0995761874781298
148,0.2520130959198414,6.333929085104083,1.0,0.0004014398568438,54.25284581887597,46.52164471713091,-1.004253231296112,0.0170053440226194,55.32724534424761,60.188629280236,0.022969360616587,0.5027400711964252,34.16383315547287,1.869203294936749,79.48946114518215,63.32250620961647,6.977986227776113,-4.793000163220932,0.8290592160179207,193.18269278000503,2.1611705128879213,0.0156762468283444,82.50574017316202,0.0016666666666666,0.0045245924418944,102.6689992393908,70.09078736786438,-4.586216530073138,3.107986995479917,0.0426649420678897
149,0.1412401416921764,5.386472524554198,0.0,6.823144104803493e-05,-165.93011658951303,107.2816433701172,-0.7943955512836509,0.0540842830637688,120.52912149547564,17.404153047454713,0.0067439209726443,0.4348256215129705,22.96320473083992,-8.571325155734248,-100.7984748676332,143.60711590802472,57.67235208013911,-34.02003599863994,0.4523172749714362,149.43295740271432,2.200024294820314,0.050598525935169,57.59431942659696,0.0075,0.0009234200753872,-58.70236391971263,150.08041505988868,27.33271651884557,2.1281726317240803,-0.0393581541504057
15,-1.2819111272630028,3.950931244010292,1.0,0.0138068965517241,-17.070654677979636,309.9478403337252,9.815253409276874,6.1715114883571545,-125.07326009453516,204.49521808892104,-0.0718410768562744,3.214190663485057,121.80788077324024,203.7419885754384,-144.45071493539797,173.3038091099864,32.43376450245629,-104.58868363423204,0.0519863548934274,424.13809473202986,34.71169487531477,1.2810809963637555,215.74001071734023,0.01,-0.0138775169707807,508.6368194950651,-28.10288283746005,22.850630882426984,31.26849374065068,-1.3263568803598438
150,113.51594654648198,4.922600262396888,0.0,-0.5211764705882352,4.44425588674413,919.481530168753,-1.211898363730068,2554.945480736575,69.95228639126125,407.3776642358087,-7.860616587060357,331.48883114589586,4687.498702620259,-1451.797311920743,-43.361838429243655,26.18485320813397,2380.051645927916,1338.152533298885,0.787957449955953,36829.00259600284,1578.879741559559,3.130072479449856,36162.81529943543,0.0,-1.779719482977136,32906.44415523849,169.26890073396606,4149.405774649664,1515.1812121710373,-71.43995920386351
151,-7.590759082975682,4.754783433128403,0.0,-0.4665885111371629,-28.99234861487148,9269.497753786116,-1.2800568575499092,3060.9060821365583,-106.99301903065812,-13450.793191476148,2.1540382110290923,304.6094294090082,3729.8288424678726,-6431.839075881164,-175.1969433581765,-125.1619757426596,-1283.8130811700112,-6143.199717377578,0.4092564618318606,83994.06696292364,1784.6533121336702,7.298697042625176,-16963.494321741393,0.0004166666666666,0.2459095209986282,-12616.997630408703,146.98986702803433,4565.217873425613,2248.239430952894,-131.64674052174794
152,-18.08568765562526,4.90876262522798,0.0,2.578222778473092,130.54943202752978,11752.782310224771,-0.77249584555496,3543.2096696625613,101.60154828442002,55291.36871476495,7.418313069908814,92.87178677443578,7576.71793492058,-566.1994701089795,79.9768684287981,42.46394595361487,-1717.5981958583748,1521.3341969855603,0.5666271405863079,52966.64913752576,480.4188827564685,11.629054344115364,22107.11850647689,0.0008333333333333,0.9194471692216876,-9407.109901020342,130.45207603758908,2115.1481047826446,384.1543927998181,-48.63395270362176
153,19.980510063444648,5.418719303431934,0.0,-0.3415783274440518,8.298031624920249,12637.972220209133,-1.353116914219802,2513.3827175020924,-90.83040395379024,-19371.180251173537,-16.576801997394703,339.6131150381383,8824.17942712068,2526.6748802117377,-78.64603259909897,-148.86629062632534,2959.204208307131,-2797.4381792945824,0.579058212584526,12643.52156848006,2079.683025264644,3.5945462903929752,-664.1604207617703,0.0,-3.3329339919095826,3099.181984878673,25.51044289032614,-11665.8017825408,1892.487854985456,-74.99618740865748
154,-22.68083352763908,4.417877644941188,0.0,1.4151177199504337,-113.89094577845516,25218.061152813065,-0.952029449662798,4566.263947642991,88.30872275173961,17454.662032552664,6.746797655232305,177.0934215011885,1939.8287800291992,-15339.08042944354,-69.38048468519672,120.41681191467748,6573.508654582916,13188.06732529974,0.7393622720377606,10934.58675937085,1015.4025203911413,11.399530020852396,-2670.41549980895,0.0008333333333333,1.2451710533168971,10004.615875683232,128.69132687364564,5923.481569836338,932.9454597573148,-36.0925481234977
155,-3.136315789847391,4.591603060964551,0.0,-0.3102143757881462,91.38014838580844,3218.935975596935,-0.0002926399205023,2042.3389204989032,0.4472858152136357,12198.03845179076,0.5521602257924453,125.3582467912656,2684.953326467537,-1609.1566431706474,95.70078900675846,-147.09798202430355,-815.4601420699214,-1492.048556196368,0.7118194265495987,36181.88040173141,873.3763536122594,5.725274409449551,-29836.65258269472,0.0008333333333333,0.2999209187659516,-32614.753115939013,-77.22090698711816,4302.592564458552,645.562781816261,34.251036128231995
156,93.5168411952107,4.978153665738889,0.0,-0.0952941176470588,58.55309501497905,8818.617480120316,-1.2050668103243636,2559.5510398863257,77.02091626531687,8440.938976514844,-8.289785062961354,216.29422351770063,4212.118576445883,1452.2606612834988,-167.17154208969112,154.0117403611523,3536.988670724398,1673.658650954455,0.7292013156216869,33681.90774568517,1494.3391687376902,3.415594347564312,32047.80977849901,0.0,-1.7565794111008863,28562.99247104423,-163.26304881570073,6845.440172924144,1416.987417208449,68.38622381049956
157,68.72751538536916,4.840231825054272,0.0,-1.4105882352941177,-9.768425232146711,8641.759271798535,-1.304374917318061,3029.676515986336,-118.97167186219176,-15648.212739484312,1.7838688666956144,224.300539044158,2573.467859389116,-1189.731306961879,178.87356053996896,-114.07270397488338,-572.5060952369975,-1634.0825770840145,0.4109401713370691,83160.36072090374,1713.2240696643644,6.775406394264962,-10502.41992738418,0.0,0.2492656556537436,-10111.991511065156,152.60308402501394,1411.2990872236303,2087.373683472122,176.56966800041877
158,15.320637959341337,4.668732446952517,0.0,1.4270205066344994,135.5761040113272,12087.290258701169,-0.769801074401661,3154.56038555574,107.06222815073976,54725.45799059136,8.029852366478508,27.970305734126985,5260.065388471444,-44.286099149695815,73.93939791222809,58.19244652159808,443.4966390800796,1395.2665126124743,0.5576176892608652,60414.26921262942,477.43874599052856,12.382953061954629,25050.87502272914,0.00125,0.9137282765325786,-2286.733021823059,151.12238314077769,3054.291079393234,419.2580303486554,43.58597280065436
159,111.36388270668348,5.286194988180005,0.0,-0.506508875739645,12.962278680221816,7217.518284646689,-1.3507003472548975,2593.294378624488,-127.63523628653446,-16139.318373670263,-16.64220581849761,424.36769577259776,6134.855511826366,-1791.1972405125543,-104.04523155007423,-160.35351595173265,5740.048331957521,-2937.238147501139,0.6722561358369227,9958.760434149171,2017.366780509564,3.614124202152383,-4594.940196510754,0.0,-3.287872619316308,6012.663270702033,-26.396306976997625,-7962.826578121876,1946.02887962846,-56.94387310451483
16,0.5892572724599624,4.167431248575972,1.0,0.0460139860139859,-84.47560337456379,180.58592041100047,-0.2691900670294291,0.7906413823973405,63.78993249218614,15.551123756545124,0.0516549066435084,5.303502088628596,146.79922005782558,94.85999523826337,30.530252559344586,58.635333446158135,75.88231293712829,-62.0756623562198,0.0689718927651005,337.7962227853056,25.12565752119475,1.898353311161442,153.84319182833244,0.0120833333333333,0.0137044466917828,8.874794749263346,66.88138471413347,107.26813968153982,26.931957724842707,-1.082804099464351
160,166.77767556854624,3.967175031383943,0.0,0.6805555555555556,-52.98647955934129,17045.413063948734,-0.9076874853051318,6104.909557817884,86.32219089131367,23180.673956056133,7.688721233174121,152.0747066546441,8293.05090194211,-3852.0887406001534,68.78796160942994,135.5130896414627,-1406.56599405496,21672.42483221652,0.6106696469315054,12938.896128079634,821.070113060363,14.460968708422314,5311.701034346738,0.00125,1.258132259240612,13086.300289264487,-78.30419743425948,8573.96124914796,963.0838717202,178.2902852940057
161,69.28361127649711,4.639485470477285,0.0,1.5772151898734177,121.85302441651903,5519.696879707402,0.0128948919198914,2191.389168604688,67.37822122104947,8924.246385548959,-0.0566652192792007,164.46925912424933,6440.004121009795,-5878.059514561652,172.40904172994476,-150.60302056491264,-1802.2904501991395,-908.9509584147204,0.7140995585635218,34540.96433099415,823.3088618214497,5.426223804194461,-31924.1486531052,0.0008333333333333,0.259528854667616,-26423.42658715917,-26.507024156238145,4792.967598136464,596.8528282928665,58.52531461616744
162,-1.6729709420530507,5.283547409430348,1.0,-0.114496815286624,4.822293028643307,455.4471007384702,-0.8852401732675643,17.643017590572576,15.599373149682089,330.1105331250608,-0.3253631133304386,14.910273171756192,340.32544420945624,396.9039731706751,-43.5223747930764,50.33980858695824,429.366748010171,-293.1872457345927,0.6008389722184926,2313.100476912135,151.94170705253177,0.9159718988780235,1946.324639349181,0.0,-0.0753415679959721,1985.2516082925065,55.0488066803991,-428.9988184803505,131.6479710162312,1.84431154752884
163,8.902684132066371,4.825187268933032,1.0,0.0676608910891089,-4.421381829718875,1698.5174511376829,-0.35229028396822,24.89609278136844,-116.38775282615224,-618.9819285129461,1.0021271168041688,15.16418878214392,421.5005852890776,124.80257088632476,32.52454486420797,41.10369606626908,-351.24143358936715,861.3726858263409,0.2421888683083646,6406.5152811137405,80.78494742299165,1.907340614489053,6383.955998083606,0.0120833333333333,0.227361981110783,-2012.741151625577,88.66845910280891,263.9713050819886,72.985551835118,1.8600784573194296
164,-1.6957546302959463,4.226946533783688,1.0,-0.1162740076824583,85.85351692464455,1249.0806008231525,1.1621741943638972,18.76876126617396,-133.415156446272,-1427.8880846529582,-0.1000249674337819,10.805019454839927,356.4756968903721,366.2868647611297,-163.57779619391593,-131.16480165552684,496.3446817322719,-136.917284807268,0.410648824941124,2516.3040709560264,127.73019538855011,2.167431719418441,1362.0930944858917,0.0191666666666666,-0.0953017990763728,1313.0985995189549,-12.399439935572849,-704.0202943921422,127.47662807048826,7.787326461550706
165,12.93536553516696,6.13366281087432,0.0,-0.0675552968568102,-64.37855454180905,1495.970332280629,-1.5011630830714409,14.595336078963824,-95.25478073800308,-1455.162575153032,-1.3804700390794615,32.22458669585765,440.1004080972192,-162.25082517766134,-103.43737991434897,-53.5861932239284,-215.73156919562683,-1033.6486510008017,0.4841107349854702,3137.904282205451,158.67420850824496,0.4631444581609132,-1942.7624350533008,0.0,-0.2616756996649247,-2025.190770165313,-71.57538024270859,-557.3983407754345,165.1313928799801,-0.8553524511697391
166,2.3214152946494218,4.963680102366325,0.0,0.0107389162561577,108.60226782888932,559.6450238243265,-1.1455683952324558,10.775061796820545,-76.35821933739541,63.35506350642693,0.4716310247503256,11.085257626681337,512.4762203673542,-137.63594627417197,122.43044548690534,-11.772956128415036,-70.42883487569844,191.92234261539835,0.6502399311038816,4939.229251724981,97.68675227944638,0.8591059217272506,-141.87264058126596,0.0004166666666666,0.0890938957273564,2603.473481755078,63.97442478987643,261.99116776913013,113.08611213227007,5.970885218465315
167,8.289574182145717,5.73587511515979,1.0,0.0522014925373134,-158.4126048510692,307.7429254730698,0.9336417406481988,6.206580469863663,-70.4325257298003,672.3247214992166,0.023755427702996,20.318262784000133,217.84391689924817,169.90455323358236,135.20225518358123,-11.826502669131813,36.388998973630805,81.2877949846348,0.4518225787017265,1588.712944031637,100.03564717242492,1.2150211894231404,-1506.4697986413676,0.0245833333333333,0.0026078747026858,-802.2701765340698,98.67486894478668,181.6425310679278,99.2330092032191,-0.6991610710041708
168,110.28419213792418,4.7509488834675,0.0,0.2987164527421236,42.66605639067336,5369.046624891077,-1.1495610933335394,2614.3324612871625,-17.798408320953254,5735.106275273929,-6.840208423795051,336.639198466746,2378.2716648924816,-5630.005484332005,-103.1725681541202,57.74582500488311,4350.651395185334,6188.937108134805,0.7594782874434967,27516.64895271305,1413.148547119206,3.568010933061732,24972.99384663198,0.0,-1.4759656851681453,28153.66685855739,33.87626227292953,-1084.124055273927,1432.8087005751163,-17.735232081368228
169,-99.52792269311344,4.626982065837445,0.0,0.2071428571428571,-5.7799299101025765,9922.250043148357,-1.2967336675684096,2488.8467845007635,-117.2820969335912,-13488.88239570064,3.131621797655232,94.1490446124896,2924.3932494359947,-6459.450442939454,-167.67937013116176,-129.20908620510033,5310.846028070048,-2803.9930707851545,0.3835379218589703,80388.31778992756,1629.8637489371,6.8651972189372135,-15860.626062742853,0.0,0.4571335005816068,-12786.931240926904,156.4036576775603,4001.934314457798,1864.605653493223,-38.3041509487072
17,-0.772665067384284,3.9747342034955775,1.0,0.0307027027027027,3.9299310087431096,323.4714311474761,11.286801976594091,3.57166577952234,140.67831456620902,38.0929424201898,0.024848567086409,3.319631194284203,217.15372990129973,45.57411028219728,-107.74748515572264,-117.24084164788889,68.96348981779987,-210.35509832853728,0.0001331974913008,465.2491580295082,27.176330243816388,2.9532212770307824,-378.8922451771258,0.01375,0.00550731219292,-420.99414296772727,-163.3484018579269,197.50662056064343,7.646247036365125,0.3409540534259568
170,41.80077227916284,4.5800630064407954,0.0,0.74875,149.73875415806762,15107.338929032385,-0.7818164833162977,3550.06610340032,108.17685727177604,40053.23838593587,4.607468519322622,40.52129417963557,12522.282471608842,-2786.933592699895,116.42834982909574,21.62878937697172,-2877.97759025492,-1504.2885300429607,0.3462392047051042,38305.532762611554,481.4041659039281,14.992658137664012,11705.975279899603,0.00125,0.8031535703744854,18617.70907421893,110.54006694142944,3251.815011380937,423.4044677207848,57.2726572116935
171,10.41978619850745,4.976340844989064,0.0,0.1547619047619047,105.53092093602255,7661.002514943822,-1.3405834815806443,3197.5992573578374,93.69138622676984,-4078.389476430985,-15.08668041684759,302.274654144709,2704.855684000903,-233.49271757875383,139.8452813245907,150.55034738965705,-9206.659382393773,-1648.70216647506,0.6153404597107509,34082.8780258641,2076.7865729165387,3.873913476782416,-25170.305726459483,0.0,-2.958926109828296,-44867.91371903393,48.70240184203003,1113.6431009932123,1962.0465464549632,-54.31765071936461
172,174.01184785973595,4.903504496127521,0.0,1.490909090909091,71.36556082881789,13492.67940393526,-1.2976784939762287,4371.4939793232,91.50108428715924,35851.448902460674,14.884498480243158,135.45567126811136,6566.702550168562,3484.619098250515,120.7733639554213,115.42282863459258,-2188.1605414773494,-2757.3260129800124,0.6490868120667277,32790.853600984046,690.3770844420018,8.132285335616306,24451.518276297465,0.0,2.972452733554399,-9063.928977898264,72.61031082098451,484.0054681180545,1053.1523597029668,125.713064778871
173,-61.58697395975728,4.525532396129037,1.0,-0.1912832929782082,133.9398273610647,6539.617520650024,-0.1233364739574787,2301.657533625049,118.73073193501487,13697.610586564557,6.132870169344334,6.306638772435332,4152.185397304866,3932.894199704463,-168.90634172186606,148.32378480172258,4387.475070205892,6032.431661498609,0.5365858494080052,38216.156512132045,763.898363450915,9.08530976062648,-37202.02668822817,0.0008333333333333,1.5842033281827812,-41979.752188328646,-19.43064784271297,2891.0846700851025,211.52845624610947,-7.542533707008814
174,-0.8280943280492686,5.120006315102309,1.0,-0.0760655737704918,46.09618667252799,749.5353175464571,-0.6480387501098726,17.036013318514648,24.616001167905534,1190.301947365399,-0.2427827833260964,20.04862218060074,294.86625642996137,266.9934323321063,-76.58982766749122,62.99721217945928,310.1145401670644,-131.30958092882847,0.5219793811632838,1988.5847952286551,150.54549329059105,1.3426903375988912,1986.527230839451,0.0,-0.0614045547665757,1737.3264611613909,103.191897963928,-464.77845532544063,129.71659324018023,-3.1174939221228897
175,7.6843268259126996,4.790297776369431,1.0,0.0885714285714288,-58.24428602147463,1781.662425624107,-0.3011587221531151,24.98876558807752,-127.90898522212912,-516.6622865942002,0.9763618106817198,13.262071934404153,298.8864395934149,100.3318724977628,37.37008003571268,77.88179628716227,-131.02561743615934,613.6846678849076,0.1484411293251925,6122.701601081157,84.93329949055715,1.853245834158865,6102.921835175388,0.01125,0.2214350348964391,-1657.200866537633,126.1818655659551,74.36946344560857,95.94380169460456,-6.373091034738845
176,-7.225052062973975,4.100725138748975,1.0,-0.0543427835051546,120.70083983553256,1033.4928352764598,1.3883579289480248,21.744636853263323,-147.73497153354288,-2131.539123468613,-0.0821086626139817,11.239291265267672,525.8425738554147,433.1444124985669,51.229638721389165,174.3378417327032,420.9703116671889,-680.8810737376322,0.281434093598553,2836.694098707608,126.76316985011844,2.275766545269691,1310.3626583429464,0.0270833333333333,-0.0981071932672442,998.988356495219,138.36272275828392,167.61180358154152,119.67140421872809,-2.973364431224548
177,9.249224475495636,6.39575628550293,1.0,-0.0529608294930875,-61.01435580016544,1282.6161751043935,-1.4761960292358185,13.245877942900457,-96.89274418198016,-1183.609528951314,-1.3585464611376463,30.97109898875788,775.4908111814011,-186.32634272877743,-117.72539549849348,-89.52090128601924,68.61248933277895,-1023.592472141792,0.520926048983985,2916.072766423772,161.85504367447663,0.4176715747289862,-1464.6325724643727,0.0,-0.2652231648986961,-2031.0798310569216,-73.0188307823946,-1056.278597325875,161.5925651284269,-0.912192308022424
178,0.2476312365382697,4.967985804263487,0.0,-0.0195312499999999,142.2328126066857,149.86246591005937,-1.1069174654833278,10.22446339859503,-134.79181014173471,-141.30007202333405,0.3865398393399913,12.843404747522005,256.2489895585136,-233.220503278778,63.23744849663739,-110.70353043939238,-335.73958470288665,172.0422803121106,0.6566761392138978,5135.076900982869,108.52055386865015,0.8230815198687409,681.6693556766268,0.0008333333333333,0.0832996679629854,2168.84477129126,13.41957474951105,329.0453084864393,120.33461273933445,-1.879876359166248
179,7.70923204630957,4.180452182963082,1.0,0.0181734559789751,168.5874095269311,628.0319431195821,1.779331865396515,9.304060355098317,-101.98754509217048,324.1745788703604,0.2132501085540599,20.13437925136398,528.3966777140047,313.99014899467943,70.37203159464664,-44.08676849750263,-63.69282396193138,-159.30861949528645,0.4337956799599369,1486.3764617312888,100.4262741238731,1.731510170316593,-1474.6662393769311,0.0229166666666666,0.0146351499157971,-947.5098608727616,45.97790869706425,528.4420161049346,98.17691364468696,-2.9090464902598723
18,71.97598814689836,7.855217880825442,0.0,-1.6422857142857143,-83.49925061374005,35895.708533961275,-1.350628893102344,7568.53002117354,-101.25819613440277,-54454.80217026346,-41.13704950065133,846.4366089162039,4770.411695904936,3436.12529064258,-20.3638320074677,-73.37750281101287,-3714.6348793675465,-8383.94926020995,0.4218040651137791,62041.82402005639,4707.116751295789,1.4740729522162086,-54444.55698512177,0.0,-8.036425762600043,27579.934523310003,-108.18901224291103,-12802.129670129318,4481.609106250215,-229.1442156155006
180,55.42782988007321,5.12210870472904,0.0,0.1126760563380281,10.899518858008197,9461.345506299203,-1.0947595026489367,2583.9228162234704,161.61902611152843,3131.671109266028,-8.013352149370386,279.5779013232649,7107.661664733629,1039.904118333196,28.796606048390828,-0.0939717934166947,3827.109779054127,1376.7400061254225,0.6736836274038425,31795.964684296097,1517.2295991891012,3.3229712292960727,30233.06664937583,0.0,-1.6544906595600626,39278.47473400188,153.68145692002506,336.1582914827436,1510.9790007125243,-63.395331493379146
181,180.48849444410865,4.481801650092032,0.0,0.0141176470588235,-33.09053742456254,8410.862237486848,-1.276653828497403,2375.151112227293,-87.04294970982906,-14975.032703242769,2.6876356925749025,348.5829505411423,3853.495520720292,-1747.1721386029571,-136.397218685209,-82.77370352116567,-3427.294573854036,-2890.240220940484,0.4273479026689246,83289.75069273004,1618.0580409363245,6.464474335782246,-14040.191068813994,0.0,0.4399760846542468,-15447.93007188928,123.77860581871178,-627.240745977515,1994.1791111018183,-106.32396640084686
182,46.08526705641068,4.831233289049703,0.0,1.6939024390243902,167.66146164522235,11009.380363145803,-0.8172176899214216,2855.754416195954,106.29838619374402,40111.94496650582,4.792064698219715,63.66363522072608,8170.912370092618,2163.0204319303807,84.4580498130638,58.69521001865117,7224.521954281471,4993.248973886682,0.279104814359968,36652.80369234106,430.0605624657571,14.162185123424468,5030.931572825964,0.0004166666666666,0.5803247452212716,17056.79980228814,118.980834510403,9947.039601228476,409.5511098942437,99.07062476916998
183,99.73381622951204,5.086396671670316,0.0,-0.003562945368171,74.10035847511757,6004.491580299632,-1.341209323982463,2940.478341867845,151.75280491537467,-5767.710071081945,-14.942520625271388,381.4854724271679,4632.505635329717,-759.7713367417607,64.88905369798556,54.21524074186171,-1390.1696538341523,-2112.144135530635,0.6408824022854602,35450.890652493414,1957.029915777464,3.613606301262069,-28487.29780285685,0.0,-3.02346781194118,-50628.55045185593,-2.226337388646365,4051.083767609185,1814.565744444028,-29.47644680892544
184,77.59245738178079,4.932425679033389,0.0,1.9460122699386504,-160.83524815659882,13490.886684857272,-1.287997962601474,4368.812760885048,123.01866657494172,26255.66584326713,14.433564915327834,170.09512564660557,3690.3829753464383,69.23926366388105,136.603431823362,129.56574015887736,1803.6187100359607,11045.920835330016,0.6016160176884594,48238.03735113992,642.9911355601234,8.337765767493156,37557.58355410751,0.0,3.01873196583274,-15417.198373568432,110.11221047495896,6466.98902607116,876.6918761738991,3.4241433974476534
185,99.07417024311046,4.51346391649748,1.0,0.7148058252427184,142.13289487286255,5484.220937436989,-0.1437260554552093,2765.5264218099533,72.06923087962207,16191.292426181564,8.91207121146331,174.9059330361959,5422.593496838464,-1152.016519315108,71.10630091757639,83.64066630575121,691.4996580136576,4083.497159737451,0.6018836782285611,33574.27449204748,756.921710645958,8.657142487587535,-32934.87051815473,0.0004166666666666,1.6525112415146093,-43012.361855153446,47.44696494154426,8100.485175621932,268.435437356147,1.8169803990534847
186,204.0805933036339,3.835421734322894,0.0,15.043316831683168,77.45225671097032,34053.97061303601,-1.1688586021127445,247830.34963754573,-13.62638066846459,97529.28784426698,-28.1990338688667,499.4410670833648,14224.717092303052,13342.98369651572,-132.117131003643,132.42784444961404,-4439.163698024631,6748.679031601943,0.8600079208370309,122168.27618027784,4604.516503383364,30.136586735822668,112775.82709479646,0.0,-5.030310118231221,61734.874294380046,-7.474608812717773,-22563.405061842743,5272.708259593554,836.9091508037758
187,-76.44500501469814,3.919288065189259,0.0,1.5449101796407183,-176.21704891489594,77241.96758231637,-1.0724587362986973,508775.1230784428,-30.99595721018083,142079.3440426314,47.74690620929222,158.57020869540546,42357.28694132368,11944.139887713234,81.41845863200169,93.83465195750613,-16388.8416227279,-12089.36620369016,0.5675570430346645,280413.505080761,1998.652964136956,61.953997656022985,238633.3111122729,0.0008333333333333,10.907212581815651,-96707.12799382165,64.04669139357969,-4948.139896474679,2955.483542956192,106.11793672407404
188,34.124948508326455,4.409562020666218,0.0,8.008827238335435,-105.46600470237388,33598.19711976124,-0.1451935783955771,84273.975039024,-80.05024447408348,-168949.34045594218,-6.929982631350412,613.2998478822319,15778.663928105714,10974.648111319988,-49.15438258300826,-24.85675671381121,-7421.160597029913,-23964.464093440423,0.8733494625586073,254357.58952251976,5880.606319195368,7.431727606077271,3413.550954378317,0.0,-1.87210537509332,9604.065223209504,-166.04247976262675,-23611.22517649222,5108.869588686999,-228.99844079517692
189,265.25506266044226,4.52715878496123,0.0,-0.0273159144893111,-50.86212914247539,26994.54314749401,-1.0362609837523575,65058.19816143722,-42.461370917565006,-111887.7515036368,-31.4766608771168,830.9083561926293,10379.82935816882,9112.692824419551,-112.45282611863992,84.6975758289055,20196.69572736672,-14518.971001931355,0.8861592294770007,237412.6928170111,4327.025249322813,17.78854329530592,107252.15005304493,0.0,-7.326156964530637,-33122.63181833028,-13.973324639294251,11284.280799018972,3853.110901815828,59.48416285183976
19,38.367174878240085,7.341317441628878,0.0,0.2105263157894736,95.84674004841992,24621.361026533545,-1.2847853582158546,8277.415418005437,80.00858991351278,7811.96542537122,31.16342813721233,477.73519706164814,14601.333763177145,2166.376085338401,135.01476703343715,159.34883326366565,-11318.447232975006,-780.6937480441402,0.7883611922405124,141752.33448126374,3119.571618141013,4.283339581124502,9509.881552629036,0.00125,6.198264466396983,123146.28528573812,-164.60887902664143,-3505.2632238881806,4909.106291223331,-91.97716191411445
190,231.72567684248656,3.8775807941157545,0.0,0.5533980582524272,174.6021549618307,45022.41734421073,-1.0270722247094937,96284.25387270426,-37.35723542082738,11003.405198986302,17.87798523664785,856.1931802791612,16306.981437824616,-47951.14832820947,173.11142570126103,-120.69745267757408,10172.444922087312,29726.90825517037,0.7859829076315032,114930.85970674502,4875.590657186558,35.83606322279684,58693.59607624848,0.0,4.347422785117796,-133907.94891700358,48.89283896246616,53192.59068602335,5927.452743273293,-80.35241022755446
191,88.774002771784,4.110940032815246,0.0,4.625798212005108,92.87042972443014,15559.570729378009,-0.2348692598271906,99238.73570315642,4.7342605209364965,98506.37683767948,14.01709726443769,-433.53816981490354,27622.276964132456,15579.606320305613,164.52621120635945,129.99142210288687,20552.53071628997,1595.5468374511347,0.635321560600606,126952.84393242272,581.8789642883573,56.98528166824438,107333.15393156334,0.0,2.510299050330735,-72723.31309078516,66.37912690630591,-2738.161204341857,540.490956175761,878.9266479763545
192,103.62330254782086,3.839965853341728,0.0,28.28483353884094,85.59679872714175,35130.730202748,-1.1635411874508703,234034.78887291017,-7.629151022667835,95325.91523323052,-30.277572731220147,368.569478657471,13751.357719390797,8566.367353289299,-15.557626380733357,128.37925702569493,-3650.454525012604,12985.799798836437,0.8616337765882842,125915.883050114,4604.582020151803,31.53788766440184,114541.8062901424,0.0,-5.212277947533808,57601.67435977336,-7.2305757022705235,-24120.41472069099,5101.494407925684,930.8539017520958
193,23.56924087877678,3.89826763155788,0.0,7.627851140456182,175.44581098240624,67066.7142711157,-1.0740178918523249,512328.5588729755,-11.226191692315062,132914.58184248483,47.14361702127659,264.1523618888563,45323.008264959964,5826.605710506435,79.91516681361871,94.24993593258036,-12504.89443169801,-6627.670718772596,0.5646071695339819,279730.649112648,1951.3206942652048,62.118318201494304,234429.1009092184,0.0004166666666666,10.851099281237516,-109109.56826390984,60.16005205389184,-9331.665526635226,2981.2720032542607,23.353094707232373
194,35.330058674042384,4.248503833672321,0.0,12.51592356687898,-105.74038304248792,30979.058401404563,-0.1408476138647252,92286.1756062384,-77.89996539208936,-160077.23279334014,-10.142151541467651,711.8543621920664,20539.013410996653,5066.523247313528,-43.39479595431413,-19.60587374479569,-7537.258350374464,-20237.570080040943,0.8809579996869051,252986.3605846741,5755.1996378868735,8.560748831577682,6869.112282472761,0.0,-1.607470485598705,15018.962835719758,-161.20172754111294,-15862.961174714492,4802.545109022124,-247.48526556663728
195,50.925640292327245,4.215665278332058,0.0,-1.0306603773584906,-40.381571817349176,25194.756850379577,-1.0037933361329283,83300.92417983172,-46.39865144074035,-111234.81965302848,-32.87869083803734,752.9821808767456,11215.035632873669,-3461.562736576264,-107.59839596020844,62.723903333538615,18358.169496517938,-17093.421323399554,0.8812683841508137,236340.30643711035,4412.999685538527,20.35002752468261,103940.21547566612,0.0,-7.272264188614385,-35070.95944824555,-6.912499739596136,4455.180401757252,3832.105783898364,-13.964770624118902
196,240.3846124040435,4.0487746628197465,0.0,5.21179302045728,178.11014163385073,42268.05976118746,-1.015105999353994,101770.45702465372,-28.77384050163643,9129.350210636738,20.165327833260964,803.0170696491416,21407.993810196887,-53126.37356925669,157.95739252775263,-121.47230648851868,13932.4401572585,34320.18995018363,0.7982978106401626,106595.4109283411,4849.116955172532,35.285514253599885,47426.104387014144,0.0,4.317588977239187,-139846.2424104105,47.77804983021341,47177.34755610465,5866.364847484123,87.17557930684225
197,55.91873007629587,3.851436597127349,0.0,10.075282308657464,84.61640936505718,16333.010112108312,-0.3760850233417683,119010.54231597146,24.422356230431724,83274.94507434327,13.612896222318714,-368.3444858721594,32963.62845072907,20037.92206046683,157.5660322435186,127.90739051131462,11409.310966610044,6131.947839554256,0.5392584732508462,133962.65116683976,643.8790145206814,75.35090687639203,100144.74190981904,0.0,2.426858495807219,-48974.64153198894,77.48001838687486,-2872.6532937795946,550.4554920388235,817.4765640632618
198,0.4102869379638957,3.6685589688205456,1.0,-0.0070089285714285,42.932571552794535,14.99633485250405,3.905356059766108,3.0244952918902235,-18.07817535040525,55.04418632801371,0.0032566217976552,4.295407515838819,57.366815524158085,111.57384452307484,-5.665621145585365,26.336378559791665,3.216333901159896,64.64249178384932,0.4378226882224845,366.4338520616316,25.16300468573453,1.5325556612278888,-364.3841534695181,0.00625,0.0043791359224986,-362.74258846608063,67.43387188937307,-15.184917275183874,25.765376946665512,-0.3145137854561073
199,2.092520648658074,3.4684714905980583,1.0,-0.0085941644562333,26.91511721426316,197.8322432280129,-0.6173688670163004,2.2122121726961788,46.88996521125066,-34.48557246991081,0.0611419887103777,4.82951843482111,97.93688356751407,28.171755429527497,12.019031860589786,179.64089591562043,250.31144644004783,-21.511445125347954,0.2906716589839136,312.55044806659146,21.096204949200228,1.893780936272907,-199.41884966329687,0.00125,0.0148572549002586,-48.07461663835552,-101.54309601394648,68.72715245010131,22.49659778415232,0.4406811299172024
2,1.1801585613639196,5.736184380575203,1.0,0.0137175454033097,151.91339773277826,191.5399329669524,-0.7101629036687749,0.8909837640107868,-43.956393895537104,197.7170812661132,0.0583528177767639,4.234038569634889,63.23584713253905,56.489643853999,17.35706673463988,-172.56118446741067,-57.55714848047028,27.05595506686312,0.3750316211728489,1241.5702186373308,19.01287219634656,0.3104103724526688,518.4344844022501,0.0045833333333333,0.0093606026378501,533.9798258602291,172.83100782927428,224.05886175487944,22.235756198558057,-1.2917501387068486
20,110.7470298759309,6.874391866349972,1.0,1.9237770193401595,62.17663364000964,19921.459394632755,-0.3183106812584957,6872.139804156832,55.69534308440012,28392.93554765835,18.081578376031263,255.55857333236224,3058.014827306622,-3541.118657058056,129.67700769085127,68.98564509614714,7712.319016778692,-3911.439580834977,0.3855031598204674,119248.36554405278,1716.921577407106,9.481304853919225,-108074.13189040788,0.0,3.9158520981267024,-137359.5333826976,164.5728371206943,2047.34740634798,959.1915459459148,-102.32756350122798
200,1.1571977967806328,3.721449733322335,1.0,0.0570833333333333,-116.84714926946909,216.74400844204567,-0.0983405134149695,2.3329988205562744,-76.16787272289741,-452.124001187059,-0.1014627659574468,5.019498088051966,139.06631521714075,-29.98960292530456,-106.20690097023336,-151.51027164550766,90.9394843819694,-77.25586000504627,0.8364568873199788,812.2020018690945,28.60764557837365,0.6824862005178722,82.26393654170474,0.00125,-0.0225408531398114,-256.05207649298785,-105.03186478396606,-65.26347745340153,29.443444463181883,-0.5349771929516438
201,1.8005832289672947,3.749673564230436,1.0,-0.010311111111111,80.42060351186977,373.20053096059365,11.961771852873753,2.268285946575217,-83.12393440702054,-59.40130032828414,0.0205460269214068,4.817207702184887,69.84875273533932,-59.15597899902132,-8.641370157461147,-153.4007999973361,62.10359607908606,-5.684601838853585,0.0036098481631214,311.70436937178835,26.356348299924857,4.729424525595771,-263.0909773355138,0.0091666666666666,0.0086165732043959,-118.52761434558622,-134.62301074225553,-36.903485858218346,26.336267209059542,-1.0940866531738096
202,0.9442559390937058,3.641764655489903,1.0,-0.0188507718696397,98.88188616266088,207.0383442747469,28.948858874652768,3.7903003333528895,116.55036473486466,24.88374816055721,0.0167080981328701,3.175233085649864,61.460057013996845,84.84870437414845,103.24760905138112,-136.40112847921708,16.95826552621918,-73.9770951640857,0.0443164210960598,126.91266418685552,22.10299686734873,2.5045151273800763,-125.8257485458628,0.0058333333333333,0.000816061910797,152.53606444076755,-19.20752896423776,-65.52566155611098,19.116260932704563,-0.6562870212795885
203,-2.1693295118826663,3.9347180823123,1.0,-0.0133876221498371,-86.72772914641013,193.6996410422969,6.962503159152236,2.782987553707671,-165.89073239520377,-27.7587475598815,-0.0188390143291358,1.7394758568702722,96.4029065955634,95.92412006252742,-52.64705806399963,-127.53642139436364,62.52656365500072,-124.307478889136,0.0434602437887408,466.9789290035449,30.012137676442546,1.463274850933464,229.47974988337967,0.0175,-0.0063665649577249,301.0674497306386,60.73052069714024,-83.67556756079537,18.9434519081322,0.0471501108623698
204,1.4673968763030751,3.949695048722065,1.0,0.0104964539007092,-152.7035382612509,164.25161745325,9.503038919406244,4.2184250660402265,-92.17445116590616,16.635286439538643,-0.0715230134607033,5.483371414921949,77.07794017551161,62.20821984075225,122.04182802974124,114.50404448987142,-10.981799680714818,11.609985849292542,0.3557672431915919,516.0150564069252,25.39767277992645,1.053211707629907,-377.8950811011361,0.0116666666666666,-0.0186610366499418,-142.63761788118182,-136.95236457773197,-25.49266887673637,27.3607238539881,-1.0341215061746094
205,0.916944697821406,3.5781687763188565,1.0,-0.0106026785714286,163.79451735294765,94.64750817333643,-0.6984579589561384,1.3975120338663856,138.8397482295012,165.83454603095714,0.0673339122883195,3.458157922533771,67.27204322114504,13.16773273897154,78.38229661021465,-78.26385258286697,124.22359864291872,14.700842122465575,0.3232299320399027,324.170822076433,20.511449898396656,1.5798980616193452,-87.45265503066665,0.0020833333333333,0.0171036919043733,39.18978650644396,123.650773692298,-30.04024337283512,20.238539126672883,0.2621490080868089
206,1.880975170609653,3.5270329901201616,1.0,0.0262260536398467,-106.52060351900175,43.95527402871212,0.988016305836,1.906987569810597,-79.33804025094986,-166.6332937881323,0.0233239253148067,4.089557730259477,137.99596195491387,69.73920841079139,77.02443851216948,-58.009625647230536,36.365630165886216,-67.09070137663142,0.6498473760448608,217.11784319859203,25.5028310145628,0.9278277567265266,-195.1232631744504,0.0141666666666666,0.0102527908470633,-19.440788282239392,-110.1796856071192,36.99898327006415,24.4104020039518,0.1459503940688852
207,2.7089492821165577,3.636861086838252,1.0,-0.0229216152019003,-150.1319933583077,204.0938048208177,4.634205749608098,2.9795099118557653,108.37388506678964,25.054031657676664,-0.021926291793313,6.653522185632515,56.08171699430473,-2.763916303277469,67.63693780433634,178.46473743448837,-23.046979378014854,-1.8877336469961232,0.1158668303845753,166.29864805937717,28.2518282475396,4.370443813406601,161.31010832847363,0.0083333333333333,-0.0008480958870813,320.01046194664485,-63.06056828499863,41.98622927341562,26.61626209633863,-1.8469610200372364
208,1.747862544400398,3.5626529346741487,1.0,-0.001967213114754,-97.0694547465566,292.077842130845,4.3942271596674605,2.223789331702068,110.3706965051848,83.74049550524427,0.0861506730351714,4.855552813526139,68.31817073787785,84.21783472061567,75.8358584695366,100.77537828106584,-22.6053442050052,110.66868627085128,0.1573306770224165,126.0106291587062,24.14879108681316,2.373347632084021,117.54424798002516,0.0066666666666666,0.0186253177138492,139.02439484497813,122.80625353064472,-159.73207915065498,27.86062543270806,-0.9017793115693856
209,1.5936791669511077,3.7638911397372015,1.0,-0.0105977011494252,-68.98499134319104,398.8901487531942,3.6789470849973545,1.9965340139682173,27.9403130788083,250.1537002217378,0.0375211680416847,6.17798985446947,123.56267886877076,8.509059182203828,15.5722087254515,-97.558646188439,27.31946926291669,-79.77996726349804,3.926952435782122e-05,221.42186636008947,26.517255108261725,5.004181489942411,-186.6572023270513,0.0166666666666666,0.0070187333981492,-252.66448017186315,-135.0363165369002,-23.95207668945943,29.955464084401576,-0.3972608361397334
21,-209.0725169935276,5.509705642850924,0.0,-0.519163763066202,22.097658839890848,35663.133274428044,-1.109353642559786,87251.95353637174,-46.93147660568976,48837.52727488738,-23.16261398176291,394.91761243280575,6896.493166533002,-4791.151889284389,19.415898599477263,123.77492204734986,-19449.450332610293,13809.86821903796,0.865272908765695,114072.77467543684,5731.315743416292,42.91923708198205,113815.24682138962,0.0,-4.470153214465529,45857.739515287074,4.84506882398738,-32529.1745985784,5730.413937396876,404.0261863008488
22,221.16109790682452,5.757620505430263,0.0,1.5904761904761904,133.50118983718153,50697.83342432282,-1.0933487452767592,75259.88884736842,67.05287403378601,58859.17225109433,19.41326530612244,409.5391289478758,23710.15611480119,-21544.42413198616,91.67144568609984,92.4848529810255,-27932.046667159306,4966.82176736958,0.7270911881676965,211945.16584486552,2763.721805916046,58.17295157094439,211389.1355173351,0.0,3.470846151842913,22109.87504540812,70.74011400083407,-15785.507357721584,4466.482069128837,600.7483072334516
23,99.55805324743083,6.644833374840096,0.0,-5.385714285714286,-100.48586416857955,37149.58870394887,-0.5148237799924735,21310.8886195248,-73.61030593145661,-152753.44828084856,-22.370549283543205,721.6625634232098,27809.643977623626,-4046.1072869565296,-78.99660861329536,-83.61978594627648,-1791.4793102502626,2498.909646979016,0.8966833354221001,215233.98205160588,5323.399250401143,0.509884997062187,77568.56679247478,0.0,-4.02231097762114,3494.8953416941704,-116.04501481554313,-4159.853387393848,5052.838642818981,-295.75005985349924
24,206.50150420214945,7.225282927807047,0.0,-5.846242774566474,-65.94156106495356,57299.055113993454,-1.3186085399651375,39788.8937842372,-59.243062261524415,-118144.43357115918,-45.68068823273991,1283.3344460266917,22118.809626425213,-8273.176674216755,-92.71294054911364,-119.44246313458926,21528.22997599858,-36270.698284728176,0.9177758753666784,298069.88342074864,7112.657737047648,11.351186726078934,193244.6932723153,0.0,-9.901745776836403,-18930.070602880493,-20.78909968524184,-21619.73862994046,6652.691585542872,-13.383819744908369
25,243.92295889097343,6.197599504937074,0.0,-3.4513574660633486,-0.3017128331128216,8053.225173007237,-1.4011646653267966,34664.494713333435,12.876383904842736,-23571.77690698258,34.706306990881465,1055.9261783509648,18268.65754575105,-26905.874582622582,-152.67637188664287,-132.0426584753825,20763.307092941293,19967.789506878617,0.91617707811256,212867.31155852968,5908.897083403093,22.138249928800075,211243.5895244024,0.0,7.819638969426552,56898.120091772165,50.76818918366664,33799.878979627974,7563.5177395501505,-49.71600872648138
26,360.288153606321,6.2354219718627215,0.0,-2.067961165048544,107.27075083036436,28651.14671104384,-0.7019749454546869,38282.06355789474,117.0292050847642,119218.22331775242,13.728506296135478,382.1511640424677,10969.985553369545,12853.437249957477,86.16876560136681,93.6673778262588,8792.586216138461,20884.94746706016,0.7164811758982436,225120.72085294337,2123.234413810187,47.01662047631152,90334.1069246519,0.0,2.6362976787791443,-68139.93275867912,76.55264642610821,10307.149090201869,1546.546921625111,92.43641710347448
27,-0.0896151985456955,4.690572925468745,1.0,-0.000909415855284,45.87130638488011,14.47971222250719,-1.1270708824872702,0.0130420962758726,145.7173849635228,47.038538035765406,0.0117139695224359,0.2597597362748007,10.618335499113304,-13.872896842627569,87.1267358728746,130.1738366308865,4.584897771076692,4.64018392010283,0.4760468162623064,120.29162293892932,1.3493582387966343,0.0145237135452284,-79.02566946515414,0.0,0.0024563722334983,-35.688010255764674,72.56584418072539,7.214677358880624,1.0272721739492912,-0.1349751262420862
28,0.045739377914717,6.1913107859444345,1.0,0.0012345679853333,-49.28267785740292,108.85603381678722,6.020420186226703,0.0965419099162073,-44.58607930145431,-62.15142428201513,-0.0188974529258923,0.3361874923454496,76.04383817198656,-86.9478528486162,-22.962950053210648,-69.9694554332908,-6.411326543067532,8.804725142968366,0.0081691473996877,63.05163055397017,2.2225896034271435,0.1000103445122829,36.93442271680679,0.0183333333333333,-0.0030650508425869,0.5477861830677391,79.54862212921557,-64.2783464618441,2.3142166555097288,0.0120394209078174
29,-0.0957203694094792,3.558336639718064,0.0,-0.0005060728744939,25.7921433149188,6.399019484703878,-0.4165810126381677,0.0259632805834174,127.35774542695138,14.207496638987852,0.0009769865392965,0.2735768557217182,1.9616764235016564,-10.564030907341117,69.55531636954314,102.93752121656264,2.96851023120671,9.270598952522247,0.7483387710685988,40.946474417127135,2.0524853149420617,0.0130834545830431,40.249897824951546,0.0,0.0005793720369483,68.69647762511102,-33.07143783456212,-5.145205863926455,2.6931737572454506,-0.099100990947094
3,0.4972511917258682,6.292736223125087,1.0,-0.0032331390382857,6.4176324677164605,345.94019434202534,-0.5962671695405164,0.4588878626504163,-170.7417679424642,-305.8486131112075,-0.0858798292063287,4.68703036334981,79.30851832032751,77.55484359718324,-12.17211313821998,-53.20913867438527,-26.30884684649607,-155.88365628321208,0.0928119230575751,282.4217411676077,26.660863831645703,0.2461553442253595,-273.36879228213104,0.0041666666666666,-0.0209404543899237,12.837126427032167,114.96425073646688,-159.83550528216256,25.54584939086768,-0.7051993945741136
30,0.1907900889405238,5.639415204633384,1.0,0.0005165291719214,18.504950358329204,79.27722983329885,6.463729845959737,0.0571306699547869,-32.69699636097489,-29.468756967182976,-0.0139763348137749,0.6334578256895642,39.70976836189718,37.438569994321774,-154.37577778418895,11.462118263415173,16.819449627560843,1.4795685054756205,0.106792706729528,17.950265406169486,3.613491732066388,0.0502350835116168,-13.093031556490748,0.0066666666666666,-0.0024913940890139,30.47077756669536,-58.70909614548293,-47.43493586046627,4.06956466163684,0.0808742947592691
31,0.0669533535546662,6.10504768302404,1.0,-0.001134338799647,-172.6821491625338,59.80252183704613,11.62524407745443,0.0871101972310903,-50.23411395574675,253.1710018038264,0.0262133376919558,0.2989774216817686,83.62444758414244,121.94092871297607,38.189273492787024,91.69614180518909,56.08807153276831,110.6705112134958,0.0222385990163738,135.2318303769247,0.9541934657688552,0.083535550155681,131.69234147525634,0.0104166666666666,0.0049788810357324,74.08456444202167,149.99681662939238,-32.791168535115816,1.4265538023792423,-0.1176958361814459
32,0.071598703130724,5.824358977783854,1.0,-0.0011324888216892,32.34647183028463,40.049077828765824,2.4579935167488647,0.0461187053808743,-164.66594715110884,38.97089260324415,-0.0070424449221254,0.2423994301113832,57.79517209335836,29.337713184462324,10.106173011038443,72.45463699128176,11.807173568796127,22.09198023372504,0.4016328525139067,66.75541937610282,2.1564262303313444,0.0709786808040356,58.12885074013971,0.00875,-0.0007085178638046,-23.42541816862134,84.01201941290437,44.9973243785076,1.920664061513791,0.0474502250314514
33,1.4690708025216523,4.144613324179153,1.0,0.0074816983894582,-106.05966497083584,180.10818497225648,14.126920501638294,4.184504591169802,-110.99121324317652,29.772638822124947,-0.0903245766391663,3.5482713078239825,37.62993373939738,-252.0512216809286,-74.17522589484892,-92.62112461228016,-77.95280271222747,84.91900126700085,0.0115588842709961,378.6733086461074,25.28978801778498,1.6403972885247948,376.204372217731,0.00875,-0.0165459209361273,134.9817971929665,-172.4761210916313,-63.497545981646525,28.342702889136664,1.11307495706926
34,2.519964264204104,4.109367883608898,1.0,0.0460112359550562,112.57513927764094,95.1291756533912,-0.8379140191986529,0.8695105922666041,-4.1875569614350505,101.49435724975086,0.0461588145896656,3.99261290398357,254.76070958191792,35.49844605322461,-68.58371779163058,78.47296056437486,50.733712592455376,59.42973280581792,0.4154421502056338,114.69651379730442,21.68620397817357,1.2914404450032315,114.35076719009278,0.00125,0.0103098842861855,-118.39252437733916,109.82042362787963,53.94319486165152,22.15761655910664,0.6159280973228078
35,1.0908138381993693,4.499671493754255,1.0,0.0092822185970636,-126.85767618250836,140.8796199200613,-0.1976263760594272,0.6028260457728296,-42.6649249621741,-139.87830086962452,0.0077778983933998,4.586578804063164,16.316545470797852,63.31405149381866,-144.64879689030943,173.71452863915354,38.20648744978329,-37.088548576095874,0.5813189180767757,296.4527854794068,25.79364065331471,0.9879568912223862,-16.741182656233427,0.0075,0.004426050799493,184.238478308779,90.69690255665904,-2.7280045182705166,25.322082958059323,-0.955381858644279
36,2.591343972420777,3.87284577902718,1.0,0.0474367622259695,20.44789919347176,361.03235870186063,8.460347493314147,4.783015957650589,18.40908064111425,346.7792782826243,-0.0214622231871472,5.780044111169487,43.53524512367061,-35.250926036875384,-100.5754476472524,-178.5727907819804,57.51638096475077,170.7005310264832,0.0206564802673332,212.665048763524,28.198911542236388,2.011830095155517,203.90204668918807,0.0083333333333333,0.0052124984808764,-201.9545034898038,13.636487507268004,85.47867640098352,31.04932543778544,2.34687718363049
37,0.3543705173229239,4.292620160892938,1.0,0.0210616438356164,-56.89609164120938,218.90697815021812,-0.3825684622842478,0.8347577369911309,112.94855927163682,183.48787512224985,0.0860839122883195,2.9623996727882806,131.16691458813096,-49.91064295390143,-145.8230034664554,-27.118480313056384,8.687416123746278,81.01337837663291,0.1966257321449102,212.6758860924221,22.80940327392171,1.4020491801392678,-152.44065125848482,0.00875,0.0182911122588933,28.81343139800397,92.07646802522612,98.26979234708952,20.95079117212161,1.4877528051848583
38,-1.255086703749384,4.0650050452486415,1.0,-0.010262697022767,-25.86731196113779,464.6630079345365,25.5237505199948,3.0261696348595284,-26.864219568320163,59.63267365221046,0.0318899261832392,-11.380783338448316,75.39113469549386,-104.6525995982247,-129.00953434236254,-173.26698355594496,14.122435489223,-55.509833014369086,0.0028202544917953,29.475336116113265,45.97903641160819,3.0052365229662774,-29.46391961125833,0.0175,0.005805522665324,-187.17599346213905,131.9206789100973,-139.3058681716251,63.113917926543024,15.922733373864228
39,101.6098951634861,7.061414216970811,0.0,-0.6475972540045767,83.64607623518901,6817.359160387834,-1.1143459009407264,4772.416275803102,33.1928236509839,15563.13368569925,-18.451584889274866,508.0117784103838,4313.170535401686,-2684.211544617162,-90.78478742907188,123.7626193528063,-4855.899088136723,5803.856817597699,0.151701310945432,75304.982562481,2835.124835202094,2.7179787615044053,61961.40220190077,0.0,-3.726734361707671,28314.472255474087,-173.52591202489322,607.9228796870755,2701.9789082105854,10.678491351742917
4,-0.0952281105451203,4.382320410473127,1.0,0.0099438472226136,91.19276746081172,138.46803614440284,0.0592188181521988,1.02173427938564,104.29789670055784,182.69901620671692,0.0399971595033418,2.610646549120206,89.13867158237504,-42.24987780150338,57.20807051731051,62.988510289708685,129.41540447976996,33.66043129635522,0.635033133781161,797.7482236654496,13.768489075947969,0.2065098265415749,-32.63564945180897,0.00375,0.0055267215350789,191.4684225910815,27.415871008231164,-47.97947957169491,19.20418619250628,-0.7052514354902977
40,54.98455358067044,7.5414085232286,0.0,1.800235017626322,95.02576207622884,29643.50977006522,-0.7861968960315395,3813.059056954521,65.83008221382134,45817.532543648325,21.94973947025619,142.56460167073877,20543.087502783048,-4892.518301576397,93.42623445064277,71.7714073965719,-1134.0812802046194,14751.268603368811,0.346597351763459,124790.18038844544,680.3295317648292,7.159131257334289,93573.6867753834,0.0,4.424740880918069,-31912.5199377928,57.26711768728972,13270.51824370466,1085.043040158853,-50.972724108210734
41,159.62151181805754,7.40205467027284,1.0,-1.3495475113122173,-104.261412713501,31567.55955908584,-0.3839725545989965,7037.161366464736,-73.32097066568947,-95949.36170381664,-1.407186278766826,530.0367040213861,9759.454038955811,1929.9347476613689,-135.98656970170805,-85.23874422098689,-5219.802631827541,-9468.791928508195,0.5758681865538866,156396.02231583348,2696.973659482986,-3.0010676416786293,68785.04940004915,0.0,0.2980898973940517,11383.530550638445,-137.91452760621604,-4810.007898181754,2370.663908356549,-111.5044584113887
42,329.35734081401193,7.502826878694819,0.0,-1.79976717112922,-96.1608357747623,32746.014007069032,-1.3376578535219767,10721.569800704046,-65.2855039341546,-61271.97503319822,-46.42954841511073,806.8475977386212,20135.98035298204,860.0148098885008,-99.63603265904136,-87.3228493749035,-324.4464702449432,-22674.20123811189,0.2936627523601944,44333.5025685552,5043.301213926759,0.544965947406685,7203.765172697801,0.0,-9.019082319137487,46660.95480048357,-43.28954985447973,-23167.54025343848,4964.924254616632,164.22480671588832
43,550.0498774298451,6.948494121814689,0.0,1.1193370165745855,57.24158750535153,5468.823508400768,-1.3367153264166294,8401.034375837806,28.18915052101997,-7903.823238456742,30.445017368649587,877.0606194316728,1198.1260615677936,-1038.442320992226,113.71289888063274,81.71713986194382,-3196.26484123274,6288.535697443295,0.4948703195962966,138584.74961225552,3472.765310184619,2.3700451645866334,23162.133262685053,0.0,6.174810543585827,128479.64732733238,49.44392198650702,3308.1171089846384,6096.746097398135,82.2838901360943
44,159.0021854377674,7.475724175050159,1.0,2.622598870056497,124.99119025670458,24935.2201044026,-0.2880404244784875,6859.073080671086,52.42110898355528,18787.155102657496,19.056882327399048,502.461977615396,6408.986395371941,-6593.631235089988,51.24977580561739,100.0893092225779,-10459.494463824392,19886.778812916727,0.3297808644587968,169522.26590235397,1748.7551008752268,9.255077701847242,-129540.04073021797,0.0,4.057292834945051,-155728.38567413273,77.97091673307978,21188.12527208108,1307.5344143387722,-198.8204212616088
45,0.2065984699975377,3.7307209007222943,1.0,0.0023409355731212,53.952426175597616,15.391361870839637,-0.9646799921590792,0.0309754589128289,-152.32513762663936,21.709547321080493,0.0115718635278625,0.4220911095441649,22.02234385227528,0.1957393553027371,177.9632187757114,-5.862873315374992,-3.555596967130327,-0.3696126697717712,0.5856880522406979,56.80116151173287,2.079992664973948,0.0296095472469269,-6.500784163903548,0.0,0.0025844173531041,-43.16374123920573,159.1700619605403,5.605983764607803,1.5360312240389105,0.0242074087327094
46,0.0465269224941099,3.3572772867358323,1.0,-0.0039751400733509,148.13480942818066,14.650138049383033,-0.904195030900143,0.035592221722794,-118.00558888503684,-23.25815596400061,0.0002008237323637,0.2175740009322846,10.118692501926764,-7.770646114006194,176.3521490360806,70.77950475619998,12.185163370059126,-0.2728766315790714,0.7751075767136859,24.73209136983469,2.651665841399305,0.0385254127590079,-12.386841484189716,0.0004166666666666,4.371795193387221e-05,-17.8668597056351,-62.9558586947721,5.726578754561464,2.546149126098304,0.254432350630064
47,0.0266203426803395,3.418440439665216,1.0,0.0027210126060049,-113.09512840885505,19.15588256117697,-0.9943001182466498,0.0343307810075293,-93.35400984928124,-32.77054976329994,-0.011895652509442,0.2633103024112518,10.157147966097456,1.5953573858733652,-86.52935859736634,-28.43538256339256,3.3300479656067785,7.052936954927311,0.7991875829320563,45.90507156659851,2.984405913111026,0.0331297868837561,31.97443002895715,0.0004166666666666,-0.0026492080072807,11.586582608431357,-116.94946888429442,1.1502139992004947,3.3747116219240296,0.3834127762408835
48,0.4270239997577826,3.3917824862837715,1.0,-0.000751722552493,-26.47282654808141,10.368418441458015,-0.9736078112820264,0.0300414887210283,-87.57105721208843,-3.9588344527957418,-0.0016293109912538,0.6784940721346971,2.8806037323791904,-10.895909446385396,93.31399933231025,-13.877927421785865,6.366354276335665,2.1649761540215846,0.6056383707963124,35.623327508344815,2.92840235929692,0.0387855018145473,-31.52267135550361,0.0008333333333333,-0.0006236547513153,19.19984151212649,-102.72537843183686,-4.28134954096139,3.0958088358053204,0.1503158033830767
49,0.2628173075611387,3.4069584522631,1.0,0.003768843921608,89.47419742660821,13.292313764465964,-0.5643831060869551,0.039710757589359,89.14287960830067,44.99410399820474,0.0200119402309938,0.4483376149551787,4.652050700684094,6.24665828443135,91.8942561845938,134.70531757846484,-4.277689909703351,0.9541237679662784,0.8493216295888795,59.11602984399804,2.162807561901939,0.0287029537917294,4.183513205384366,0.0041666666666666,0.0039567570743276,1.139045223605153,78.44150287557045,11.002133633563645,3.0761959295269543,0.1423940758466493
5,0.8339832467246555,5.00557668497363,1.0,-0.0161928658712456,157.450698955739,375.993454142852,-0.9654793433106515,0.9403978139495578,107.30166273490396,-12.197352368448753,-0.0910984246150238,3.670553722754147,195.39561403027665,-136.26952562000798,109.84820379543034,-50.89546079344371,3.5409474378116688,-329.9834294775968,0.3516759890161788,152.74355180460725,21.579590507011265,0.3837731993225045,-38.96175454549088,0.0008333333333333,-0.0179319720328585,-319.7166752109032,163.98555541002335,-42.27648115427734,23.15707612215372,-0.0699032238354991
50,0.0174377370177577,3.5962826016811085,0.0,0.0002107479549841,97.4941559412726,5.513228863450831,0.0849834115780865,0.0320446497984288,-28.30128340820703,-8.710018721247774,0.0024343251895853,0.6825566723797719,4.7470309273123705,-1.1049923819431928,-81.47240485626675,-162.47312806598555,5.582802602939792,-2.101393903859908,0.746230933285897,27.862156708271,2.518587455939747,0.0455529620555728,18.060865360873755,0.0095833333333333,0.0035617126172739,17.88441708529756,-176.42850812724612,6.651730129397959,2.910417119313592,-0.0609396073188738
51,0.024870527275978,3.5477174859305407,1.0,-0.0032467531060212,177.269952894982,8.624074624903333,-0.6485017756191742,0.0346436594508854,148.1850750522038,12.884330304656611,0.0068606172813323,0.1169168593992748,3.497582877005068,5.029451416631213,159.55402624206909,33.067250468905314,-4.385928310454979,2.5962057186609697,0.581550949932305,19.53206541201111,0.8147532177052565,0.0167307259489161,-16.78175531752634,0.00375,0.0015487421752255,-23.283467499374662,169.32377831750335,-5.744859988557789,0.7326561066295303,0.0854408655993422
52,0.1880660755491832,4.06376946070321,1.0,8.531386708229346e-05,-73.76424374610293,11.824265668229092,-0.0022154206703439,0.0306276915085612,47.93620354518906,8.151519164018094,0.0046684275301677,0.2536320521482247,2.3783622208230755,-5.624786046073926,172.44479545467266,161.1265271841726,0.1567829918756933,2.169295402003221,0.6975011724640863,18.3638419652208,0.8426703367318847,0.0333869498358355,-18.247000794279973,0.0079166666666666,0.0010261793618754,-8.107810710838375,-16.615582168520415,-0.2172703821434372,0.9874181679984096,0.0392957628075307
53,0.0024679708496463,4.148942990893816,1.0,0.0021707815935704,-91.56371415457686,4.264091575179168,0.0805356907852936,0.0214836147988696,-109.00706248011362,-17.922906097626687,-0.0062255750188642,0.0088010578400659,7.463768540092841,-3.311844141764656,-143.26300429747675,-146.45077358660703,-3.993560296411653,1.6570789006316164,0.8329910441281088,18.012564296481784,1.2574563307602349,0.0231130026856798,-15.64123725497726,0.0095833333333333,-0.0014394887605349,0.1205078823681939,133.08614319040734,-14.52435686628208,1.3850666645270815,0.0344311370503263
54,0.0174835399859531,3.978429577664109,1.0,-0.0010065014459495,-115.25215953166504,10.851328494625417,-0.1528204947741986,0.027025193005388,-113.35261702611024,-6.435825609744796,-0.000318076421101,0.1517442155224158,0.6221673322055571,0.54587714048574,-87.88221626252339,-46.61336611353355,3.3418193936324085,2.176824782414735,0.7605095281372961,25.63848232526695,1.1493089950127544,0.0206820435708647,21.13933698878097,0.0083333333333333,-0.0001566200998561,-0.5632181952035458,128.2454498972463,2.69231544668807,1.061724000225426,0.0492172046791922
55,0.1171860236887924,4.05064467611277,1.0,5.910075309692879e-05,-102.62604322200907,0.6935435658252135,1.2911043242415574,0.0247199212989757,-175.04292314280514,-8.394693683218225,0.0023556230699033,0.1236700471963822,4.1958277844374745,3.63900689090523,2.63925365528365,174.3357197275746,-10.391102448842044,1.3189547495752802,0.7851394053414691,16.575045169295485,1.1108433345057322,0.014286160989025,16.404267796347487,0.0170833333333333,0.0004561103340811,-3.0187975517443224,-80.1647586020919,-2.263368455945412,1.3944426212685268,0.1686969551678508
56,0.0466407860143321,3.5074608079350424,0.0,4.472278311270122e-05,86.04990162767965,11.3548338792775,1.4308902607195155,0.0163486763466386,98.34394015922982,13.900059400676335,0.0097997184200116,0.1541415610950129,3.779981284198634,7.379939117326872,120.03082917161224,57.84543048009965,2.0944779626368693,7.144338306425038,0.9829841675014476,34.49646158347108,0.8555707290315654,0.0115310916326718,-7.898867930690118,0.01625,0.0031046895974613,25.895602136756548,47.408862134183295,5.088043457172192,0.888420556982159,0.0018649607683939
57,0.0202580542529169,3.850380591665113,1.0,9.053590099770778e-05,54.90840983084408,1.3230749693052988,-1.0753568090932708,0.0191255088599488,-159.588281902164,19.37422008834966,0.0132381678909037,0.1110785190075608,12.697073843415328,3.8127318860569246,149.79357851675195,52.45381964373408,-2.116465430702412,5.191760560781937,0.6028780019219334,43.18556478885478,1.2462030765765844,0.0167067232340341,-36.92237869240964,0.0,0.0025935263590707,-68.6577307820225,145.1547912597483,6.954103870359097,0.6253471325970841,0.1525524624095032
58,0.1525923794962555,3.534438257860169,1.0,-0.001416459979651,-41.40559883365498,6.082361755073234,-1.157942214554044,0.0196782306986358,-97.48214474815424,-14.66421973721528,-0.0086571851464457,0.6261498383030515,10.6012575963296,-0.0719388181358247,-169.21475666982232,-137.54733577134704,2.8662940780926545,-10.9665778704741,0.890275886120162,28.62845448319197,1.3798593581021537,0.013556427153433,-17.177955758548613,0.0,-0.0017271962990851,-8.073189341883118,-146.6481496985987,9.774326064394074,1.4349435566550108,-0.1378515225160759
59,0.0863134324605104,3.5180424016725333,0.0,-0.0003166506501752,-45.55650207278591,12.0909723181189,-1.1020292373028997,0.0138501948693246,-85.5014937649681,-28.39036604579533,-0.0150301995526977,0.2549561638046701,6.783360453205225,8.61490093266978,-94.59651153583955,-25.043088403939883,0.1404294111543669,5.899009216253382,0.7788741255316609,41.00845736038824,1.8862164113010127,0.0089474520654868,-0.2670202814679951,0.0,-0.0029679534446085,-3.067932466294108,-118.98753216058378,-6.291718180982239,1.891877527300804,0.0894032715702523
6,67.6560284250897,7.332943796120737,0.0,0.1316685584562996,93.80075387972413,4870.269386238928,-1.1139585757612855,6489.618831830228,20.657334001330977,14183.363051200646,-20.22259009986973,515.7246874896648,7456.629112158776,-7856.22105616217,-113.07030186585298,106.11747185149152,-2576.567960839204,12508.160627198988,0.3362641277628764,79463.65778489133,3423.986381019342,3.248169865226481,62041.703034258935,0.0,-4.2964061442038926,41160.10429413566,163.8853038186886,10447.900562150724,2874.9560897807305,-31.666815371411825
60,0.363490875739495,3.515576076051258,1.0,-0.0012385743049799,-36.41755547976177,12.509885662385942,-1.1395300674335207,0.0149122719868626,-144.73955487293745,-10.970912736430678,-0.0015224705972078,0.6728579659423854,4.642757568053442,-6.216877833826489,115.00575056738262,-10.29283578276136,1.4620897695043924,4.862303909225211,0.6204758327353112,26.084561377502585,2.040258974282964,0.0143564586620864,-3.092866101533906,0.0004166666666666,-3.955854885769964e-05,-9.757146217888891,-155.4248138640958,1.6832748256517165,2.0654732537035656,-0.0196746791047685
61,0.056393729561533,3.6016175499832763,1.0,0.0013383297644325,102.73275407696896,13.187385944782214,-0.8412820097734741,0.0143784919406935,90.1507167884483,54.20651998218899,0.0178517157351985,0.186021418519072,7.589548162227278,0.9276801220755042,15.5111949919076,105.85117484765917,-3.0922442050887624,6.007160251468323,0.8754007227162265,47.46084294018771,0.9238181579951312,0.0104507309696538,4.391771853526644,0.0008333333333333,0.0036927518870276,13.958052422309208,114.26595214984336,10.88691459793693,1.0233480416429586,0.0896032442294965
62,0.0547522291622242,3.6222102554261935,0.0,0.0,125.07522966217354,2.9210694902826133,0.1181668356389411,0.0169528741373694,-177.11960524383045,-5.883522348156268,0.0041060561571276,0.1809487960581056,8.98323468081875,8.557166887216146,135.28202281314532,161.10584223954075,3.171654210027752,-3.964710324313382,0.7789077422225296,14.259505701828823,1.0043656769856495,0.0175377966867273,4.833793712783692,0.0133333333333333,0.0028329047992072,-15.614097508744551,119.8750842950794,0.3384958051770377,1.0429284226653668,0.0021893018556394
63,-25.231905898943708,5.874360497665886,0.0,-0.2090592334494773,30.669301328132256,30162.115051306,-1.1215378340598428,70676.93210862532,-29.11683185232638,45739.20509532377,-19.921298306556668,582.6776550214662,7087.509482055919,2335.214549962395,63.17120040710611,118.48260865887688,-15971.04025237299,16396.31741925495,0.8619055385461758,112469.07141509396,5998.322754391852,38.5052625313079,112062.95969880062,0.0,-4.306102579905901,39559.23762410763,-3.466889040755878,-21221.222158999884,5695.345282992278,158.22178131940913
64,95.81354389965936,5.832405591199672,0.0,-2.275413711583924,134.71141335812445,50354.40881709778,-1.1168795080974885,66677.15253490304,42.70195425571767,61181.09343249207,20.229157620495,303.9093737247199,20439.4803191132,-15529.447454967736,86.560671400621,58.68670317176178,-25625.62969728985,3137.618838678135,0.7298708596375698,210190.9972948309,2719.684213962594,52.61665720794685,209796.5394081156,0.0,3.4491302366360563,24904.16319824029,73.15004206730772,-8207.192613439118,4244.795363790824,546.2092964768289
65,18.17451644269852,6.59667152602719,0.0,-4.047003525264395,-98.90380279484692,34265.53585316553,-0.5186181626840458,21817.440294095475,-71.55009124492996,-155655.300277763,-20.623751628310902,752.6470361387504,24972.47332419001,-4978.873983522244,-68.03718069143844,-74.40074417715475,-7196.004496487389,953.7240395350944,0.8956669811560816,217293.5222952019,5326.795282381916,1.378380592593892,74098.33562482352,0.0,-3.986698857619059,8520.490182492887,-125.16377284564992,-3991.58475524837,5027.940831428189,-250.8027275635166
66,438.576672031384,6.45113050451786,0.0,-1.474108170310702,16.343205976328385,26017.07232207288,-1.3821023675533943,38638.66892330788,-103.13672068486592,-49358.8712693317,-54.34856708640903,1362.8935922938126,17419.89804896389,-6558.1608764194425,-96.30152476436788,-123.64483363440245,57857.76412483721,-18902.254576043048,0.7521552301762094,66639.07280861372,7000.770015217976,17.05678291029242,5455.899229921952,0.0,-11.301683666383092,13078.0966081613,105.862076990179,66970.58245440038,6560.24306460757,-94.58413953448964
67,35.54801946088004,6.741589458789603,0.0,2.782006920415225,108.347923585224,37068.334630002304,-1.348653308341046,34088.87116941069,103.89023105165523,138566.547147515,55.57370820668692,329.83790892701006,16260.719605572578,-29899.422589289494,112.40601578916936,-13.794330118050157,32911.67089124338,48180.39764322835,0.8056294347392776,67058.38994651445,2964.6206281517702,29.81898051133413,64655.893731376185,0.0,12.08715355301308,-3742.305287304123,-41.17100354400463,16975.276893702623,3454.6034458051377,-79.62121915072282
68,146.56042517703006,6.099560124165998,0.0,-2.087990487514863,83.66425415218491,33108.20813386378,-0.3852065474028547,36897.83007463744,143.540631034014,52893.86901903835,10.571048632218844,549.6135278238808,9871.75923914087,-7684.431833434011,25.0492044837603,-124.92792735998248,-43630.96969963431,20640.09666955552,0.7337237169350022,239220.25572361893,3064.662694510843,43.80523561603013,-122397.5828915874,0.0,1.701744257712808,-105693.08059928252,-17.496246826027793,19591.36617434265,2061.984165467977,153.47382648902004
69,1.9926306669883007,4.163442007215454,1.0,0.0073498233215548,144.73398320268257,165.78640451827133,20.01217276873416,3.036614690248084,-85.99102819419541,178.4702856901549,0.025017911419887,4.504637972786965,121.56751157666352,-102.15680651099952,-52.22620582121408,-86.12037730966034,8.105425388598299,193.8718024593028,0.0067074513653625,257.32669449918427,24.53900077452997,2.4869124268141345,25.09340136169474,0.0120833333333333,0.0106561876074237,203.14460895985468,-128.66963239403702,-100.64925834537831,27.58480851891977,0.075393586395329
7,27.43773354695761,7.51011146644993,0.0,3.223489167616876,97.03108085077056,37884.325847769134,-0.8052803648212983,4934.3676673400605,69.5545056949992,52009.55178101051,23.78370603560573,133.98256855908477,22952.23987050157,1444.272784061426,104.1444890947428,73.70247077442518,7993.41587716881,19556.161542638103,0.3233222664909962,136333.6399668552,892.0425392332147,7.836030700561086,101520.8360018867,0.0,4.789470433514473,-27714.74883398176,121.23887004691876,17952.127635964753,1360.414286826841,-45.136473557360894
70,0.4375341203595235,4.356127776362358,1.0,-0.0177338129496401,118.50298892760304,29.575903727343,-0.7400966915210963,0.5387511905173352,-141.22099429114112,50.63998606056043,0.0568079678679982,2.998480998811021,54.62903482901673,47.804303507351385,22.86615053163361,-17.539666802112567,-12.99458507822318,56.431839710603015,0.2078678974030688,139.02517752867556,22.19142292247838,1.4349319642428335,133.42321529973498,0.00375,0.0107638639559714,-163.20424462152087,40.93274821775526,73.84948903702923,22.310499910816063,0.7902375188719777
71,0.8883789357274343,4.565230911280782,1.0,0.0031554878048779,-62.56363928441687,81.7714266805906,-0.9386594347228976,0.9811371270977236,-36.34337537955294,-101.33240353323644,-0.1330302865827182,5.2459195557553855,123.52297704483004,-42.201070638812055,-150.11757048680604,-144.70537707098538,-49.55445872592851,-134.0553835861714,0.6010249910168094,703.1327772409549,29.43247404209552,0.6576865771207571,220.8461172832427,0.0004166666666666,-0.0285089033663778,-40.9973059060572,-133.44888589126467,-28.289601457054708,28.06332825754253,-0.4091141419481908
72,0.8124830627190143,3.858958367371216,1.0,0.0036327077747989,131.2789224466573,404.0475650869325,2.925779996236106,7.185792876196255,-81.4888827317932,-31.12880521884473,-0.1983212114633087,6.065754600922413,109.61184908194464,73.70787891578928,-33.55830855787693,67.71538786496052,-50.635383850816936,27.62726919194614,0.0694602162591211,620.7416211085506,33.7823141635525,1.3226684838203524,-470.4743946966888,0.0020833333333333,-0.0377792878348582,148.19486901045133,-150.2378431929162,47.46613584658651,32.34559748463463,0.4428250472603612
73,1.075778837353338,4.454753458146677,1.0,0.0208180535966149,-93.1256052439651,100.9157145704584,-0.3807270466328383,0.9946682455182196,85.21683364089075,-195.227219653773,0.0065240990013026,3.2633991773125097,88.42063525632908,138.06276464446336,118.27280438387004,-57.95610935144027,22.76557634499122,39.861847951023535,0.0379306003689011,461.0871947176759,27.660503055034763,1.4924114776124544,431.4655419289125,0.00375,-0.0022174725255646,85.47795699150657,32.538430653116755,-52.69407774066182,29.68904172918465,0.9420494679306178
74,-1.006968179905194,4.16136453029895,1.0,-0.011076923076923,-171.75263453462983,550.7089787885682,12.426813552537752,2.474157442186934,177.94341138964447,-170.56904677803382,0.0271803082935302,2.0353964104820466,138.84808270291902,-9.574601621756903,46.75906051030118,-1.871656626159592,149.8832498977911,-137.5826184853881,0.0019826534347804,149.91304033068076,26.83939184715254,3.2654485904747856,-146.5084096185103,0.0166666666666666,0.004498832879043,-251.5783391315546,-124.90887927764172,-53.08534998869641,9.159540881227755,0.9656337455664958
75,77.33833058395079,7.05080271312557,0.0,-0.3534090909090909,121.78247698718316,6203.116043333894,-1.1029599092223863,5482.922738323447,32.72263006882767,11519.97648291922,-18.29456144159792,583.4794425986204,2976.9072615162463,-2464.603397379802,-49.47492774554123,65.46072961828638,-4515.406080351556,13223.24836487612,0.2548054025523848,79517.77921765184,3104.3148404876715,2.815254189042876,68392.47528590249,0.0,-3.824531762704217,45390.1294102808,85.19308380050964,6286.742078767607,3009.496779436967,-26.017853788950266
76,73.02021563081189,7.279949225391632,0.0,0.35,-65.68056302947089,23451.58660797264,-0.968609691409676,4845.006980330197,-116.73724004716398,-62327.14654686808,-0.3308727746417695,604.3650443195372,11599.052432642904,-1642.2665984406874,-107.61206357208636,-43.91950955955192,2132.117014627983,-5620.269345634466,0.0676189342328456,198032.31842622548,4040.9379917145793,4.447041875054278,-53026.03054181924,0.0,-0.4530902880258335,-79458.83414222184,-55.87896330915215,-9522.859611815516,4134.844443912259,38.06626859893196
77,-92.49591838250066,6.830261555364725,0.0,1.721120186697783,93.22716744801268,50486.46315505864,-0.5272320716096135,6182.472841603461,98.93816954677708,131014.48462210337,20.82050586191924,7.070735188067552,13117.228119186366,3218.6622334445656,66.57283396057892,81.65815706878217,3026.502462918559,24102.128047190752,0.6276887195012903,145040.51006016522,797.9510670552728,9.195780774252128,27039.8440077138,0.0,4.300033637736766,29318.911430929496,105.04235644918217,20549.238826425448,-220.51527589245416,-11.826960638343094
78,0.4494561553138039,4.17151590531284,1.0,0.0203736920777278,2.2924247218933385,105.14184849483256,-0.0309295896570729,1.9739139689352336,43.87912411481639,-245.81591453939384,-0.0159362787668258,4.653437048292866,84.52748881888007,13.659933184878676,117.56053511347793,-42.86116299402006,58.552927156208256,28.15194501847008,0.4504859918447959,454.3466850726669,32.892216100402905,1.253306152066816,-219.8002706411196,0.0020833333333333,-0.0026487820969114,-213.8193846284701,145.77678845613437,215.1846061681796,34.099698319416895,-1.1105187423182796
79,1.2861251699404928,4.625869606126972,0.0,-0.0199999999999999,50.094200839878575,248.4677662750047,-0.4176475287058183,1.4844121734476066,111.89017818446374,268.68222703441734,0.0551926834563612,6.09912489517048,66.64604634671498,-45.159142597805214,9.909901737492754,65.83153270104025,-28.97633178135502,124.0531452710322,0.334632709950141,242.97731633012828,28.88601181032415,0.9338196693798376,153.40546418052077,0.0029166666666666,0.0154160436813138,103.97764806108204,-159.11616698445195,31.378799852156284,32.68632761340622,-1.901120338245068
8,100.1669400453396,7.6965850707733905,1.0,-1.418708240534521,-109.02153612548526,33613.058696541506,-0.4133017751822474,7108.7147011121,-67.84564118680335,-92335.68085923202,-0.9547329570125924,523.8233216698669,13541.747566368318,12573.387547163602,-129.726376356291,-76.90175825118317,-9413.580711242252,-11739.055666490736,0.5349158823655212,160734.21944284014,2966.1266991474245,-3.789771291460027,66550.6712653753,0.0,0.5445750794284631,-3603.9734243223206,-82.95813325808489,-5076.842264065352,2451.377027415239,-120.16252472243411
80,1.9214973098538992,4.559994522013376,1.0,-0.0104111405835543,98.23394349834832,369.3757184227603,5.816723810478415,6.331405319698676,-85.56395770531012,-266.98757845267073,-0.0620115067303517,7.487794134422964,244.68551201569693,-11.32180521567716,-162.0004979248386,-135.89418363261302,-95.83597404978326,-310.27584271919966,0.2606053927178832,552.6161597670903,33.65888222670448,0.6426769115201283,334.808326957893,0.005,-0.019969166999427,-396.515042582383,-92.66204498709928,-146.5937100404871,39.9003092801214,-0.8308083745637092
81,179.035525854969,6.076709712113661,0.0,-3.361872146118721,29.502160447313045,28823.30017585976,-1.1990079023062568,36631.90349108875,-66.95112409559535,35690.68200001639,-25.272959183673468,904.438467561549,3097.002137031289,-1047.4261884849188,-17.452321841325354,111.66895270461956,-5577.076694365872,15915.1078525124,0.8460326341416571,126275.64903148625,5428.048173756289,18.643718451579545,125764.72679823505,0.0,-5.455642589281063,59259.88294298726,-12.750957215445847,-21086.18331364604,5436.952206842791,38.54789748638685
82,195.6108119154151,6.5245557815604736,0.0,3.0398593200468933,125.66082247123528,49197.23079902587,-1.2204865357577597,29855.42018335893,81.73312997657113,70390.0800096369,27.6866587060356,331.1799761253804,6484.2914415354935,-10576.276251376148,79.56100917949176,90.0929824392936,-18654.130616581577,10907.982811100885,0.7124432561440961,196292.92157428563,2134.042242375408,25.792779701168747,187311.17625970647,0.0,5.171098413166895,15763.493218844196,82.92185348664843,148.27764940408406,3539.863893984475,459.1888416283074
83,-19.07411182927905,6.443784028458689,0.0,-5.552472858866103,-96.0734048179475,37474.63486099315,-0.4931294652263891,23402.92969769788,-71.88513792961177,-153944.1272981418,-15.703376031263574,728.0026024302216,27937.08523954725,-10150.916276987393,-81.25732036163382,-68.01847010500362,-10754.208716782756,8453.547542321936,0.9026893465434132,197695.2095408941,5754.2560192944575,0.3537625485080191,92153.2239978553,0.0,-2.345500052084236,7635.868500157836,-161.43372308070295,4131.397458773489,5387.969278387115,-266.1248146527422
84,148.22897042181776,6.261159358310779,0.0,-2.5576470588235294,78.5202485198337,13368.402349486398,-1.281832963831307,36367.91359698665,110.75677322962046,105658.51495724896,56.07631350412506,354.7516372344889,22237.63213331938,-10214.67689747262,84.6985529209468,105.25018782521876,41726.95562241982,-7994.813173887576,0.6599018943722669,237810.2907801768,2957.8644568182663,26.06386090748536,162883.705605083,0.0,11.778044019861456,6931.78692632041,-53.55274983836188,-595.9426152429528,3424.4895764269763,251.2292459558004
85,73.84011794835507,6.151061596864516,0.0,-10.062726176115802,-94.5234802078022,48002.154121295694,-0.7794311008462449,42036.485441695055,-40.44128286209518,-75751.63090505294,-16.898990447242728,970.6816230176992,22453.61463176409,2567.23663732702,-36.04008623749895,-157.04666513268594,8393.614443057708,-58469.22215614392,0.9701472700110146,51727.845387425084,6204.725985479772,37.79720973576107,-38124.3200594448,0.0004166666666666,-3.637388973766906,27606.383676353573,-4.7082993256232095,-26082.59497477201,6501.865933460973,-386.5091169628023
86,-37.50693316229004,5.846985105452276,0.0,-2.521176470588235,-71.2144789650083,24987.890801763664,-1.4018925369208728,21819.54918052309,-74.61088628194356,44445.65723071349,-22.158868866695617,722.7914931307653,3145.463082221112,-5046.508142887407,-106.69959294689752,-166.97615430328133,-27361.65068239337,7160.746927644543,0.8190929877849171,126373.9115118538,5257.0103592363575,18.9868657779802,117492.44921404142,0.0,-4.608631964096597,40818.07961515532,12.655790208415986,-7188.48387771729,4917.676579660371,-151.5029004049352
87,183.40815889914705,4.571412590911549,0.0,5.958385876418664,-95.79622013409762,21912.84608437358,-0.1345992655903374,22687.531621556,-97.75182323702248,-60060.07225380483,-5.412722535822839,507.8625992313012,15893.302626288483,1180.1011724581394,-80.68998372802685,-84.08597582842033,3187.088773955856,-15421.783936360684,0.8060545931476606,97445.9408855395,2941.127450755793,-7.227265145132096,3933.958991563488,0.0,-1.0057008802236158,-15022.379951613862,-80.12407829548377,-10090.06351241462,3243.5816399149926,12.978803311877112
88,419.5782828970953,4.113650285697132,0.0,2.378839590443686,-100.50100695362391,3907.795700520139,-1.2279875853306146,20905.806607661445,48.804124572365794,-14074.964453396817,-23.859151107251414,734.9703247433963,393.7280481523074,12299.996061865464,-132.2297237908254,-166.9021235434109,852.8754064914101,1438.3006744311224,0.345723658130702,36379.833371369474,2763.5947654648444,3.384077443693048,-6307.367796637338,0.0,-5.188225750447056,-8614.785889444096,-54.70379745704514,-10549.28744340215,2395.757784067346,-141.94947421269987
89,24.37136305219172,4.248496018025148,0.0,11.563816604708798,84.38091572932004,22726.40174212956,-0.9423724672892052,30904.16372248568,100.1522015346136,64798.88280359588,25.263189318280507,68.73747720147483,12349.095397363832,-604.3584912864753,114.75006960245362,116.29921138777011,-2200.5565309678805,12946.644316404334,0.3585868294873077,104628.89728196808,937.66865554256,13.724988435832016,22937.658573060216,0.0,5.247508203267415,13544.846773007916,93.96223779782032,15472.185134913514,1390.217448805497,154.96095424130743
9,176.68047490077174,7.967624612276813,0.0,-3.3740022805017102,-86.03906383088732,27855.95295863799,-1.2054700492060633,8694.948020554086,-75.30651487167567,-91860.0989829237,-35.84748154580981,855.1251743222314,22996.42179558789,-7268.047531192245,-112.55504597368144,-128.1977910527305,-394.6460566907756,-17037.272568713728,0.4445862694176029,234669.98464982823,4585.744555504793,-2.4878235904501844,144986.38935807155,0.0,-7.479500381951073,45720.48500549472,-57.16152877661892,-24513.4957451531,4468.90347580113,-59.73820436995233
90,224.8079371229832,4.629130279223736,0.0,8.893725992317542,-91.56477459707924,22175.07640183253,-0.1488308584194451,23388.319842954654,-106.38052808451047,-59991.66299685814,-5.6972427268779855,619.479673691034,12757.469936425114,2225.74208995561,-69.22330774693005,-85.7082682491683,-1360.3248938760648,-16772.074652156098,0.7771075383521802,93481.34482047036,2964.169507719681,-7.523642814793698,1901.999195956725,0.0,-1.0160059202416698,-13430.671948086334,-81.57756582295573,-12544.528030064275,3268.8349524314185,-27.862669284918955
91,199.24492594121065,4.273700671838879,0.0,4.30716723549488,-63.55127770676256,12845.423490496529,-1.2192251275280577,18995.920200604844,-155.65887025010028,-48234.00963169094,-21.298632218844983,647.630164158762,2265.327619215851,-11414.851764929745,43.24803358745489,96.26269701461342,6725.422809614711,-14373.266641476155,0.4001878685971536,39112.50702025707,2924.219894987013,3.423815666078957,1285.5659187332683,0.0,-4.854418653101614,19104.544841077528,-90.8335431077702,-16664.689613383052,1898.8448899591665,-162.062636083437
92,14.339821836509516,4.3213527856027785,0.0,12.849689440993789,103.6063549749794,20730.463548816857,-0.9802818103830772,29296.688597590142,89.37499569078747,64633.44924009434,25.326422058184978,215.4168217917582,9676.080319490113,-4175.307384938624,88.5154803399242,75.59285679747359,1360.484126483538,15522.862445376224,0.3266625513169414,102892.7023781165,1115.3470084606038,12.91071653798296,21500.85169507961,0.0,5.436779978819075,727.2548704591309,116.54468992362044,11629.790791105104,1662.929606209829,-55.7565656145773
93,-21.05207321562977,4.138663768156847,0.0,3.1014669926650367,96.86488594473694,10133.744733540214,-1.3100599989315294,4357.861976391273,87.89819701989477,20089.087691703586,10.84433347807208,67.00079846495213,5771.33777977333,-2433.0490341086106,116.0652504449167,159.20167698456757,4708.187648933637,2708.8042397721006,0.5605045268235378,43592.255999567285,591.2858499794758,5.478831887286955,19551.60716843198,0.0,2.328694465181688,-1951.7493766560865,74.12628841198352,1235.5294827024804,818.0500304078162,-54.99192293714056
94,54.45656712502973,3.8903735524107512,0.0,3.0148448043184883,-64.53328717621952,12880.493015685635,-0.2576208832417719,5221.003137650952,-74.44734619274628,-21931.939380032112,2.648881893182805,148.31009551656442,3446.580466190954,-63.120874771454965,-115.69873004251497,-40.65976634485399,-4328.21859277673,-4459.430013325921,0.8877450016900259,40452.74420375224,1073.2698983777505,1.650674314180732,-11495.488359293617,0.0004166666666666,0.3749471779023947,-21908.625934984444,-162.9018061301057,-7167.080406756566,967.9964835468986,27.79458032848574
95,71.35307670406615,3.7822348196838496,0.0,2.3379396984924625,-85.80156199537863,13561.853813822772,-0.8826784530764122,4955.293700404979,24.1853033146898,-14572.275176528394,-9.759878419452887,288.82148750532616,5143.998496223406,-2020.372545654021,37.17485805513959,136.5845062328602,3232.130943985549,-778.8296217809734,0.7199220709963461,29941.96923486905,1370.942417141931,5.197979892138248,27471.06199215953,0.0,-2.179475207902916,4461.787157504381,-142.6628793581179,1295.9643474692475,1355.8799742625924,-68.05061666162852
96,369.1670395237636,4.297245986450706,0.0,3.939501779359431,119.35281915119782,46622.45016220002,-0.9614210182800608,95325.68134234524,-113.90515874858976,198777.06953125045,40.17341511072514,429.9250306636585,32582.29474283304,6185.918053833904,86.06681942865642,57.930982237254725,23646.424289359096,47837.752704367005,0.6307449920184772,139752.47834957897,1828.9041249874672,43.50247739903423,83146.90882529065,0.0,8.54217933471067,-79462.79915587645,46.94940246931931,27659.5563030978,3242.2495650172827,210.8209768304719
97,322.6777203207613,3.728250362478726,0.0,7.296060991105464,-34.153613608852154,42471.286173928784,-0.045447976749966,139935.0781721696,-111.70925289142356,-91118.0632847062,1.5904798089448504,845.1773988979404,24407.35993978256,27444.9865330067,-119.37074276432124,-92.61198941479428,24071.078138093417,-30206.12092706456,0.9461520097832884,174420.0989127514,4276.504008439606,63.86361430518349,33214.84907297753,0.0,-0.2773045104949736,41598.92802585865,6.728479502866618,-32539.581175184365,3502.880659072608,-279.0711688801453
98,351.48845957668595,3.743883522327124,0.0,-5.3926453143535,-176.94846789018106,34798.66450137844,-0.8204899159280385,358418.02343240794,169.29668718195285,143478.30488076602,-15.792824576639168,849.7741578112322,17079.433580636312,-3668.945725082129,84.43832743627148,156.27914127888025,32771.77428901764,55413.80388994838,0.8770540345934963,155679.28676678316,4185.098271218583,35.203059304391665,90611.48326204598,0.0033333333333333,-3.383733658570461,-52399.2678648857,-33.34434701014835,5017.706378787322,3459.528308848624,87.70021919432698
99,290.2749166746522,4.166685899718691,0.0,-1.3496420047732698,120.94962296999252,46645.19060816685,-0.9487294094159862,110255.7108545684,-106.01256957395172,196074.3734495045,39.91038862353453,526.4516187051427,33545.466581839035,3098.9512503679107,90.223548436872,39.65711640981424,25258.71571693439,46306.87617130038,0.6263280545668625,144162.58690246157,1867.97713861562,46.672547724568034,83649.0979453399,0.0,8.408291463393468,-82401.71348861532,40.5849397361541,32817.57723497387,3140.4186347046902,9.3783967046165
