id,"y__fft_coefficient__attr_""imag""__coeff_11","y__fft_coefficient__attr_""imag""__coeff_4","y__fft_coefficient__attr_""imag""__coeff_54","y__fft_coefficient__attr_""imag""__coeff_13","y__fft_coefficient__attr_""imag""__coeff_44","y__fft_coefficient__attr_""imag""__coeff_12","y__fft_coefficient__attr_""imag""__coeff_33","y__fft_coefficient__attr_""imag""__coeff_25","y__fft_coefficient__attr_""imag""__coeff_19","y__fft_coefficient__attr_""imag""__coeff_21","y__fft_coefficient__attr_""imag""__coeff_45","y__fft_coefficient__attr_""imag""__coeff_9","y__fft_coefficient__attr_""imag""__coeff_18","y__fft_coefficient__attr_""imag""__coeff_27","y__fft_coefficient__attr_""imag""__coeff_48","y__fft_coefficient__attr_""imag""__coeff_6","y__fft_coefficient__attr_""imag""__coeff_53","y__fft_coefficient__attr_""imag""__coeff_16","y__fft_coefficient__attr_""imag""__coeff_29","y__fft_coefficient__attr_""imag""__coeff_36","y__fft_coefficient__attr_""imag""__coeff_5","y__fft_coefficient__attr_""imag""__coeff_57","y__change_quantiles__f_agg_""mean""__isabs_False__qh_1.0__ql_0.0",y__mean_change,"y__fft_coefficient__attr_""imag""__coeff_96",y__energy_ratio_by_chunks__num_segments_10__segment_focus_0,"y__fft_coefficient__attr_""imag""__coeff_17","y__fft_coefficient__attr_""imag""__coeff_24","y__fft_coefficient__attr_""imag""__coeff_42",y__index_mass_quantile__q_0.1
0,-266.6707132369477,1754.957705565975,-33.825501620058795,579.6052381789789,-8.433634194570766,737.5349712674584,-98.03756903823188,236.62602167584865,121.6128208246721,304.4128798066995,209.22010210087976,-511.09501588238527,59.69282767233187,477.7617472875082,208.7976511125057,2928.053627735537,476.8013930670882,25.956374774465104,56.223036362813495,58.487501503110735,-1493.1861898900934,177.2594168006337,0.0033667875657774,0.0033667875657774,75.69503051235753,0.0417201040808421,468.78674525787017,72.77571456007892,17.563618474467003,0.1441666666666666
1,-1470.301174543439,-2188.643832732545,-278.3769903516852,-1029.7466544368976,-214.419098194277,-1065.9524263791463,-884.0350151183641,-530.3379387173317,-886.4130622498246,-61.30628929283205,150.06663898638917,-1027.1007107788123,-144.03030083672283,-486.7735303227119,-142.5342786363634,-1132.4242957876645,-20.012840098282823,-992.7389691266978,-696.8957565493488,131.6604172703986,-2825.400984607071,-245.31274154196385,-0.0130262601470195,-0.0130262601470195,-291.5624070509597,0.2120473658848042,-272.5537846779107,-406.4365060953993,572.500633996326,0.0658333333333333
10,-23329.03036033696,-267446.3932146757,-7109.582165758748,14648.746063098764,-3724.309737946507,-1730.0041196119005,-16756.321391409296,-12581.584661144989,-16728.433782501037,1011.0184314762532,-8803.404674367668,-91933.7789902102,-1436.2343765933413,-6696.259334835577,-621.4030323882265,60271.4528676081,-4581.21242275121,-25060.38348542321,-7832.611904493649,-7673.450695211615,-241745.4622047797,-4264.566097943983,-0.1713213839099625,-0.1713213839099625,-5265.818624930134,0.09577806547461,-8532.808138596618,-18003.922874113967,-3428.9393976218626,0.1016666666666666
100,-130429.10739796222,-491753.2247028571,-21155.386580005743,-111376.00422672328,-47054.82715052817,-227834.74343572528,-35434.794256154564,-30581.6790349035,-44190.19869287049,-62503.13857483624,-40038.409311740455,-97724.74421486868,-83037.69020269395,-66002.71053722235,-53426.58951217398,-77936.95678750987,-19819.632699363327,-87527.68491662061,-33563.310167484284,-40800.52065787668,-109800.22819289129,-28920.78707494109,-1.2892872030012503,-1.2892872030012503,-20336.16778396652,0.1306143728005606,-57773.514041697286,-70497.42660533173,-9628.252990877523,0.08375
101,45847.548860264666,676712.6162674634,-7667.553636421584,-7825.125943261022,22532.883510079537,225608.33438241057,-36198.5652093472,140134.84125790308,38669.45978231167,84746.02207912036,-27660.756292165792,194209.1636494981,156269.2301339268,72126.90532272306,74280.02584561898,7309.005599134674,9129.063655269094,151708.50554326695,-9266.474439548285,-10347.610471305425,530777.6024697643,10713.63380362506,1.57565652355148,1.57565652355148,-14291.522920552548,0.1434400682505191,40392.21758631191,42025.76429909791,7859.978564145035,0.07875
102,-10863.086441663878,96424.45683036646,2620.119215745516,-14254.41944022213,-907.3592097932468,10955.245537577408,143.64975707956404,-4314.673059021347,-2224.960665958717,-3359.526840870787,5826.266292026353,-11727.598534217392,8017.773709029907,-2351.9768594291727,-1369.607353672493,-35920.119154599975,-2676.004811050887,7577.151810875976,1647.525437843792,-1424.9615077690148,91366.19428762418,1864.7409289936,0.02334305960817,0.02334305960817,-1960.1490001436136,0.1833038459027446,-886.3311816642222,-4564.971263255936,-4389.571290182406,0.0725
103,-21540.90986286561,-75843.20730978542,-3649.043820397742,-14923.58270472833,11443.00555426108,-3465.727257676886,-4335.267480758423,-11015.391874030507,24144.19426624025,3057.7795769609384,5635.109439495848,-22444.06339892852,-33668.23222430022,4245.471248239819,-124.7500456767873,6735.228286131727,3675.99950388976,-8600.857037496144,251.46316594913,-15751.130739428429,-115904.07401253548,-2833.5426235932955,-0.1438099208003334,-0.1438099208003334,-5619.396712019812,0.1641019714253438,-13286.043587448525,16076.659488425605,4875.656167762073,0.0641666666666666
104,82450.53165199139,319170.0779739449,20925.172542858192,91893.29702441375,21445.89311713918,75736.59273995749,30957.59175976356,39791.67101490952,27303.327439472945,31232.27522897385,8664.336600391358,64714.87993168019,56296.67554359899,23516.16755003012,12297.21283002208,114459.68996849204,15732.150979219005,46531.44312107992,31636.873976379648,12451.098230577194,230787.47042049505,13914.717213560763,0.858274280950396,0.858274280950396,8736.39282690937,0.0277801767344686,45071.431336491485,36102.786224249496,31372.37639490266,0.14125
105,15632.886433332013,173324.74261465255,1489.6345977933615,9708.12147437449,3498.009549533458,11414.496596472982,492.5872674444479,2778.894351286453,-3315.1926776491846,-3075.7009630381813,5238.246239461594,-12846.86434707318,5094.299659177786,-1791.0819605343063,1554.3689009175832,-10244.928902550057,-2390.463167680371,6134.899620117515,-1743.485971665369,1260.8442513572911,126103.2820281342,-760.2682519073978,0.0254272613588995,0.0254272613588995,-2710.177075210023,0.1527585466206134,5734.606586090325,-1606.054181709604,28048.148921013708,0.0758333333333333
106,35353.672892851326,137055.51806224074,5492.266860925476,17679.104721916905,15248.170120939538,9581.191298210762,13193.565466385018,13166.0512226169,13058.525958333425,15599.427832239122,13649.319483395397,41309.10227664739,27194.037077252888,15474.04384745259,6577.559637273055,128014.99818051032,7230.655278878778,16641.771769279276,15110.11107022226,13129.778724640408,181137.0588074856,8901.350620796764,0.3668195081283868,0.3668195081283868,2956.193748669685,0.0108575348418004,27920.793067976538,14074.728606819386,2565.518482646185,0.1745833333333333
107,-8912.171416096044,-82834.19137570079,-11.193677232623712,-22918.73169746477,-1849.535403641464,-31850.46628436891,-14136.862715506884,-3171.6583892317844,-13379.78071412881,-5760.661905816532,-6955.78566341296,-8671.338513475135,12364.76935762161,1147.60134741311,-4047.738453850174,-8044.167093506953,-811.8318622930276,-13270.295736217253,-13907.345833601492,-5160.523708328145,8461.615031415224,-4601.846874641223,-0.18882867861609,-0.18882867861609,-6363.443789605515,0.1101901383556892,8171.951356626178,-11277.577067688622,-1987.192932994986,0.09125
108,-12433.998567671772,90055.40455344695,5548.630657691366,-11665.660111562804,5212.233318491764,7498.636182556711,-175.14313914938964,-2471.5475531807188,382.08390142007374,1376.6833209076835,1255.9521601533347,-9536.488998647725,11894.849900561923,-2528.541626704011,-2846.2371287895885,-27281.01386037161,-1284.4588142552925,10154.95945359897,-1598.4537291855668,-8110.685767068362,88837.86430511496,4801.572141616772,-0.0062526052521884,-0.0062526052521884,1583.270159216409,0.1842260597684955,-1872.9213974002048,-6987.844808765816,1288.6454851554015,0.0725
109,-23180.684767344395,-74219.23491452954,-5060.527103515462,-13586.801462768584,6639.934971126846,-2345.6444225841933,-4623.600146864743,-5862.340374867899,25708.21903323757,3674.392682726508,8095.771669799349,-24217.281856713827,-37438.807691436654,3662.693075267748,-765.6860983617524,9714.157065509098,-1071.8261523191277,-13141.294871385548,1851.198668256745,-14066.160674515571,-124066.26592482188,-5754.146067061518,0.011671529804085,0.011671529804085,-6291.31999277765,0.1624461274188929,-9797.939148469986,18331.6878649013,4464.476680593957,0.0645833333333333
11,175413.536704993,708210.7871952464,23949.5997300368,101776.81601731814,34077.51907004128,44821.99719385554,50931.11215541572,55580.12868823286,111592.94065166908,64883.44214518168,33100.06449025488,229813.1987408248,59092.72846008691,62043.51021276043,27367.39710012817,205935.92137054628,30860.33258304169,92353.55425042064,45050.00096979126,44403.12004893864,304171.95650648454,26958.298332474587,1.7507294706127554,1.7507294706127554,21672.024846555338,0.0644910816651951,45477.93786443051,57785.93510234655,39084.85798775174,0.115
110,87483.90150171772,319938.4486264911,22478.041046239952,89138.5564972006,21775.60141966955,73332.53260992284,26505.019283034744,39201.96757674441,26858.430212604893,30866.579731541828,10489.428512445123,61420.82026233687,55364.08025520119,28028.2114375348,10726.119745416909,107516.79213460656,10828.48959327533,48351.838294532594,29414.415833603183,16440.15423452801,231568.26815593423,14951.440362372863,0.905377240516882,0.905377240516882,9597.700545685606,0.0278735815315011,52238.49775922648,33434.99875489886,29978.685942727738,0.14125
111,-661.1696353706138,146675.51437096743,-1607.101719619122,8735.594614172789,31.23793493351764,-5870.394150102925,-2967.302263748549,-7478.319776395315,3587.161103971388,-1481.1120152084766,-3452.25747473482,-11128.820450641151,3863.9077810715935,-1255.164053483909,260.0406413992802,-18629.02180507219,-2957.2331568027053,6941.430429917982,-934.7991689088432,4301.407356337867,98800.2721873264,2186.705852677567,-0.0200083368070029,-0.0200083368070029,-3566.83852304409,0.1555651142453553,2679.391205049731,866.1522073140227,-20534.28357577299,0.0733333333333333
112,24042.303660874088,61697.54450718958,2552.0544965758545,37093.64626262656,10316.720794288056,44682.77353805557,565.4850274838158,8479.981891984587,12138.35796656015,10759.344827124058,14200.559486030728,47100.33154697475,17331.889078976958,4610.747638637064,8976.972404479347,60186.76846827846,9001.929972641565,19357.900679776365,5280.419651723091,5243.144729928679,172693.22273991886,6120.831896973349,0.3372238432680283,0.3372238432680283,6214.9155902194025,0.0120728436734745,16835.92865994419,12830.785014139405,7054.807515636896,0.185
113,1043.8100697206596,7114.0334398396735,2843.291531928672,8714.086489813853,-5438.995747140079,28173.25911309984,8841.690698343018,-871.250639181097,672.6362737893381,8110.511593211971,-3044.169216443353,-2864.269115062621,-9598.958463176374,-8299.02119938667,7066.490443028954,3731.8990133565976,4476.034856385831,-875.0279966375288,11473.524217105634,-2657.734362456096,41763.02031540299,674.0452872687565,-0.0175072947061275,-0.0175072947061275,4722.016866640404,0.1002791758423803,-18562.54077966136,1702.5492927258774,3190.6640853453728,0.0958333333333333
114,-42461.37492952327,211922.5930876412,-976.4862047642,-57116.73602887256,8344.620364035934,25137.27635683977,21327.183007686333,-678.6778901334942,9392.895700324492,16884.76732118159,12771.684790851295,-4944.027532053089,53479.88502568853,12166.037738685129,2298.008249758786,-114742.49190525542,1708.9999361589628,32330.670464644623,-10030.506709742604,9490.2969932426,91002.11796425912,-1341.611699963756,0.0337640683618174,0.0337640683618174,52.87632589681971,0.1753668244137647,-3908.40475520432,-4894.047718745605,18841.35395452522,0.075
115,141367.20679661183,628639.6420807723,27031.23992506846,140339.4639377505,34822.3639692807,92029.75891161668,52213.68610051459,70990.42187802371,78980.77974046714,92088.83133667376,36869.09632930918,205086.2463885364,136680.70469980105,59923.331825808935,42161.615541662206,260536.565207262,39181.11021316231,72757.12888156046,43658.58154629496,20582.10788089292,415659.55193560425,17655.177340343856,1.5844101709045435,1.5844101709045435,19754.623823058188,0.0235124181040531,131775.34585336753,59907.45652398845,44136.029156146105,0.1625
116,-140561.84485718442,-693175.7171624324,-26250.452300342706,-118475.17720469309,-34538.88456498363,-160953.21519278095,-44433.290360176376,-44651.29181144914,-34024.151461562586,-67114.68499145318,-36291.53518371719,-238934.6372225356,-128456.36989009046,-59872.722377712,-27170.85204936779,-140442.5249776318,-28985.099823759265,-153405.00746516982,-75192.91194392294,-43965.92187569883,-270286.7569647191,-29993.69400504994,-1.7177990829512295,-1.7177990829512295,-20322.817404017896,0.1154637559565796,-98983.62854796209,-62597.775469063534,-43653.95325377328,0.09
117,-163012.914873601,160885.6764179308,-24712.71510173021,-83094.17928189767,-8836.816811117187,-92455.63991079504,-39990.03507377964,-36103.98863848727,-80286.26912811218,-75749.32384031866,-57113.15420490968,52556.17165864888,-36008.903263458385,-31586.92539347207,-20459.54324983687,-148543.51847932755,8825.195199974058,-66936.49450489724,-23918.972442698025,-33560.572991081244,-149039.95352773415,-41424.36362047109,-0.9662359316381826,-0.9662359316381826,-554.7113878303787,0.164434496406326,-35511.308681669645,-39341.969260032245,7508.974028972791,0.0720833333333333
118,176844.79813329986,238116.4885094203,47489.86437924138,136529.80136926466,43987.58520928929,171610.31011001806,30868.920621632133,76250.39937031272,63754.1638594518,66032.95050623894,48212.24918738823,166924.11561414212,45420.86195658192,54797.57866689809,24789.544667729133,119860.78883275772,23885.065498997665,133656.90951461627,59062.38921953577,51377.134561939965,574227.4637677204,18300.982973039405,1.7057107127969988,1.7057107127969988,5275.172982525299,0.0219931125184508,71029.4233425181,63414.77351762837,46060.668772394114,0.1758333333333333
119,33192.25862606306,295142.8037493382,-7216.5815361243185,91036.965394239,-12382.780247903918,138502.09349688585,7030.010385115776,8469.993683695908,-11498.709893725598,16096.45428366493,12608.50548978823,51013.0607909783,40937.60144427052,5131.89236174261,-3544.484504427788,6858.019899260371,-1215.03073003608,43803.2978480061,7426.075903655446,13947.298464698451,352092.203025726,20761.582373673213,0.6123384743643184,0.6123384743643184,-6662.1703970016215,0.09740588661946,66599.3773491911,40145.87294427857,19752.00913236591,0.0995833333333333
12,-70.34229096119974,854.433623945557,5.56730486632339,-105.07827852339226,-169.89522540981864,-95.9929713891321,-316.9834694498046,284.64046897312056,-59.76955532710196,-110.32954095351133,-141.88783067816297,-16.642494387068158,47.44330122461642,148.73232413213265,-63.97058380815391,61.87173829585832,210.42835887241625,351.77229011924976,83.32417742693328,142.71248509537477,304.23393265596485,-121.13491313529262,0.0028428511879949,0.0028428511879949,84.71771524908458,0.1018219258163793,145.83487929686655,386.0832163645206,-116.12396284178216,0.0991666666666666
120,-2.3971019773829934,213.60910655637548,-17.99648282037638,97.90562324186293,19.61811733029112,103.17641455847551,7.174973855603138,11.326601472831394,-19.275140975728085,9.170909888998654,14.571929373910422,-5.889853307011137,31.290449651551185,46.89882220378607,18.14575534720491,349.2232316595224,32.27751604131757,17.454271472306303,-18.63517520842734,24.759638229850147,265.79248669913375,7.796970424361502,0.0007555231346394,0.0007555231346394,-10.359647493477857,0.0474417840585575,38.4322967054396,34.52102898719552,48.33660515380036,0.1333333333333333
121,-107.74893940172,-261.32068451207226,-25.701966002995004,-95.7265915039791,-3.179422939546669,-142.77589507974193,-42.20805758634483,-53.64347142059633,-63.874990749587376,-17.836058784610884,-30.918717305532844,-132.18484695978236,-64.31732328918231,-50.03829435682165,-25.9633523888918,-79.51513952939439,-28.929981540061224,-63.17873451183013,-53.96506202577412,-42.06115201258588,-101.70647589834424,-45.682004841176095,-0.0016413088786994,-0.0016413088786994,0.1194923839836366,0.1754017640783272,-72.94823393146726,-58.88660666824455,-30.092213680612893,0.0729166666666666
122,75.42220070563872,-68.06351361665293,13.305494274349972,-1.8231719762079368,4.082864965286866,27.154096016793822,10.551577464558948,35.82520317572776,40.52017461958841,2.2774712157584176,-10.331617013857542,42.32229190527176,36.17135510178717,12.575010410316844,24.612027481760368,-159.10234855970634,0.8541914691992447,26.33229316334401,15.536687531789324,21.617541514192048,281.5544582163358,30.492867743145347,5.553429051897407e-19,0.0,-7.207692625137099,0.0730086872244105,8.516295987520934,-7.860694260747993,32.00230813725513,0.115
123,-97.51999719200244,-460.6622955801733,-48.09263998944945,-133.56607875314847,-39.881534158145726,-111.224395937259,-31.27484060866164,-88.3042067672315,-66.66389463261112,-97.19189113252678,-42.1040499618247,-115.9029424581017,-57.59908049627372,-95.47266965581208,-25.546904331786067,-41.061234247101055,-25.108658411389406,-102.68409595642288,-67.53493808727538,-38.85162851040751,-236.22337647701124,-26.18010802763905,-0.0019018340975406,-0.0019018340975406,-26.02984070155259,0.1761902475510046,-54.45399903765829,-62.7624988226724,-40.84995774111634,0.0658333333333333
124,215.03741034985524,774.7252952024751,35.175639987296975,243.87397830791448,57.71538999461309,167.03414994669345,89.85373688097806,66.78728422273466,98.859701445506,79.75107750620111,42.315115222972906,269.9109589724163,162.02889326028497,87.41141994892772,71.94957111102806,534.4873430167191,46.69909450746941,159.62153373858226,85.0943556745984,49.094321666046376,671.6072387414995,60.029996847492775,0.00221446436015,0.00221446436015,7.834801284378244,0.0314363313158945,121.9433407718128,98.29446195070815,98.19782196303694,0.1541666666666666
125,-46.72695701728623,-379.35158744933904,-21.79448692257172,-75.40764970875846,0.3839708664210399,-148.19670941937028,-51.26130822478713,-52.28609929178762,-28.16847146586878,-2.095387061901704,11.952674242863502,-127.28426655185382,-45.38308032499515,30.348845244942165,4.348863362850228,-342.73346032508243,17.168828918711807,-10.357043239950032,-1.025650465797435,-18.131183121350304,-139.27513606442997,-55.22650143672073,-0.0007105233241142,-0.0007105233241142,-19.109187226508865,0.1047613321805264,-27.47884218063017,47.07790019778608,-13.167522879119163,0.0958333333333333
126,-16.99900417217668,-6.740694789649071,54.15748909124399,169.45691439454345,142.5436329021593,-12.276423993027652,53.01527433974971,-50.85250157525524,6.773359657469973,46.25397422241112,35.98301962827453,39.76796726278666,147.91947691421984,75.61854855241575,-80.61851445465075,557.1174855101199,8.135368144264723,-2.2218749011545764,83.14538659973124,-59.066815451566455,412.3747340184216,77.13346741259413,0.0010942059191329,0.0010942059191329,-34.7121103535825,0.0537775427301582,57.399740421302425,-51.55939571091449,-14.019251475118104,0.1258333333333333
127,-146.0145017721107,-402.8095419830584,-59.11303009456565,-158.96086967649262,-5.598284129477979,-167.13665260431284,-51.45393555784708,-48.40456048411848,-64.38910387714559,-54.20535277336337,-63.0643467087784,-153.09397900318737,-143.1328319337353,-103.46435825019203,-2.311732631655005,-210.80495567115108,-19.95450620221225,-123.98626234808737,-48.74241257284362,12.993396657278478,11.117217487760412,-59.25055668987569,-0.0021187960830679,-0.0021187960830679,-34.59752359255586,0.1611387244559871,-58.56163226799408,-73.1931010499228,-26.05576583337136,0.0766666666666666
128,-41.16973072568354,-126.771480583066,21.93638183820512,-1.0045870419068486,-11.32037597087552,82.12432399726532,15.786050660300294,3.8565914075446734,51.42141473205972,32.1458764415669,35.62999746453637,120.70695093167112,9.984646853420392,28.43914465475597,11.873682525137117,-190.9067971839241,4.715833238135614,51.06195813616648,22.18152145354247,25.339595321862525,132.831148422152,13.115158611883428,0.0001667361798124,0.0001667361798124,2.0234802000345185,0.0842510996201567,-11.865451775187298,14.498867606164056,-0.7494364048271218,0.1079166666666666
129,-162.1014459685488,-396.943844286596,-8.611185902403436,-119.81589919348728,-17.7369705376522,-97.81669130958728,-35.75377292836316,-60.401535355391246,-53.15417191608829,-50.82784841274699,-33.1056764146293,-137.85398125497346,-54.52304586903228,-40.63493956348356,-12.214876130281043,-47.05061466927123,-17.885150152737037,-84.8495968134761,-33.52033724690392,-26.89077086484137,-227.30201911573624,-26.06821662058714,-0.0010421008753647,-0.0010421008753647,-16.66654892410322,0.1574225370307557,-39.87671099671401,-29.968706683160416,-23.09147346384234,0.0729166666666666
13,-102.05928916681512,-414.29982531691417,24.02149156806305,17.133099814796857,-43.97574416649624,-48.97683948977526,20.985714291306365,-21.903329020238992,40.81455582280633,-100.98862448618767,57.01744766783456,69.7544427041949,-17.485162086316166,87.97829856624892,79.28902875838342,170.25940792354135,21.26295903903787,-15.893976257186477,-15.432854042926907,-51.67684388812286,14.454920448317113,-103.96501364329804,-0.0002125885785744,-0.0002125885785744,-3.631094820737303,0.1034976680436066,47.94996343939986,20.21520539956501,-25.64228710357089,0.0979166666666666
130,282.2182327431796,598.7589974175785,35.08976956821026,165.0929726011158,64.62902223615959,166.11413709050197,57.996883493459634,55.14530369457762,111.45179738154184,89.83641428583874,27.97730314876585,218.32651495152737,130.09944636917734,79.95214928475774,51.9279860142344,463.88166894997073,24.31835713229492,120.24778807204724,69.98096469722572,51.24997986151081,594.0778242666236,47.97167897204918,0.0021102542726135,0.0021102542726135,10.848780105356845,0.0422209049582085,108.1739389993285,108.11652862460704,62.227964501240656,0.1404166666666666
131,-18.15288548615306,-214.14651948045287,-41.65058081325298,51.9317897454724,-17.480018223090926,-111.921113689065,-31.91685309507348,7.903004647914878,-181.00556789755976,-22.08926413621505,49.160352822418034,-278.1552263983632,-97.8445765073626,-51.54367911085815,32.38746397831758,-264.58433709468727,-37.52538344277727,21.59740050932613,-126.16017076413236,58.0346971435949,-8.459000419661331,24.701709068147416,-0.0004168403501458,-0.0004168403501458,-4.02257275598971,0.1023587906794982,-53.69175256379344,124.23996653000285,-63.84775402993967,0.0970833333333333
132,-32.487030348889704,844.6352425734285,209.81821039415087,213.37402128378776,102.07204700266963,249.09737049430976,83.77251892205896,80.70580880546044,-45.81125504064431,70.24008682273285,72.18481416072765,51.95360496491776,13.098396221628336,98.82874524509025,30.152206716519075,676.8212570738922,80.13425992028228,7.065707954859137,109.02769179179631,35.7137710999922,458.4034683367212,78.0978783066086,0.0027355147978324,0.0027355147978324,45.40721719382686,0.0462528224819503,180.06016642132255,51.51537505371769,26.526016585721244,0.135
133,191.60560562439844,262.176959814901,82.58159344743905,-366.0887277598633,-101.65414170154588,-226.8038546075424,25.84957103059236,122.63182305520743,-111.01210725932464,-45.55091333545119,33.96727323188175,-49.75204543247868,-94.47745073973732,43.80998947569199,56.971829184845454,277.0289364710783,80.2370047509352,158.6919190817689,-178.2347570615147,75.7727968813899,436.3508890325082,76.55917745374796,-0.00044289287203,-0.00044289287203,-42.06850595762776,0.0996043153356906,122.03735172287634,-101.41036969237943,30.005842117299725,0.0983333333333333
134,-62.890691014535626,-502.0061229775444,-37.989890089427234,-45.49173880194915,-25.987017008722432,-29.185820870591574,-4.230447511134917,-55.320420813643565,-126.76596679237618,-120.17908287697446,34.65369175918573,97.80603063868716,-119.71597214746836,-0.4977487205083797,-44.559393977307245,-16.92566617222252,-64.38000757270771,-83.37371919941951,-111.95434893267014,29.22624268380743,75.49115675313433,113.00384034530782,-0.0024176741103376,-0.0024176741103376,-120.77575332988756,0.1471703242111529,-132.91870809434047,-40.5352427659095,-81.05301769914192,0.0816666666666666
135,218.36283976077453,1593.4369031482463,139.37346260735595,287.8824256171954,14.495504975504469,356.07474781950486,-32.478562717205605,17.775828876251538,5.430470639023717,187.11429138900843,86.54415577738155,488.23841411238527,273.5781704044064,60.07300806499778,143.24813323390356,830.7487524283049,166.82086518937717,230.76214567571083,270.5675494407094,97.94040907407424,315.98969849019,302.6122769179306,0.0017976240100041,0.0017976240100041,97.78931160898054,0.0528526491644863,162.06084600278012,281.84971025862774,86.441790237606,0.1420833333333333
136,-179.88734438408378,-337.46250462796127,0.8048788991852405,-186.02581080428484,-16.630092239243645,-146.56993269013438,-104.00663083943576,-145.7644053703114,-91.29159102841972,56.461684644627454,-31.784278534153227,-119.91391026060344,-187.3587614452182,-118.53608325182743,-190.549640569904,-262.637821907567,-86.7071815687233,-103.7054073353698,-17.481750249268412,-21.41095435634005,162.85874959831858,-82.7210386900717,-0.0029699874947894,-0.0029699874947894,-186.56026222974856,0.1394697774957423,-140.2168905916174,-123.15281092454616,-83.17534325499908,0.08375
137,-356.3737362452833,-891.5714559434932,-98.837824071286,-142.36273643373724,-6.122585399719124,-406.27975337130965,-93.51818595707223,-203.6968239982196,-252.66070501622823,-158.19989218466637,14.416743672416205,-309.52932720643423,-112.1232944401628,-217.30436867978227,-82.66820798371242,-497.3941965402717,-106.27597995728831,-152.82226937505715,-257.85919396849806,-68.21439646346033,-712.5459598485088,-58.75958495076131,-0.0038036681950812,-0.0038036681950812,-51.32856102048736,0.1831123143344462,-139.99140407301556,-120.20231465929248,-143.9851042192757,0.0725
138,7.29291843472024,33.59044948155908,44.75978450965758,160.57754931560055,122.4015939220237,-13.151304033482043,30.81329714234217,-38.0291361952774,26.120713817521647,35.37080855025433,35.727331980776555,18.104816737746752,101.15623802167478,61.60046243960804,-71.18023191775382,455.5862276231351,4.623214397441634,-13.641066128840816,71.76904064448777,-46.14664509336325,413.06124992409946,66.46344963177317,0.0010160483534806,0.0010160483534806,-22.47591344326153,0.0473836572927906,61.09201531979559,-38.338792826125086,-16.15670859891489,0.1308333333333333
139,-129.5910586436123,-354.9941279118706,-54.13312244313104,-155.5202296208056,2.129210086095485,-193.52654194978865,-42.51966548857583,-32.26676970883668,-56.35820721403559,-68.13310212502017,-47.61912213592216,-162.78712552025598,-103.4941053521602,-94.6770495318435,-10.674606009472502,-195.1012393793007,-24.961258435052144,-124.74576745406398,-48.20284449041422,8.037773527544248,20.5087776547634,-54.82487691178209,-0.0018493019632513,-0.0018493019632513,-29.78779600151198,0.1754532112028984,-115.50823603114252,-60.495707879781605,-33.912788358114724,0.0725
14,68.11564673696185,35.80450409329546,-106.1562511800378,500.42904772586206,-167.9652604607154,21.70999913861756,103.55016030848634,-247.070130745684,138.09158642691915,19.89065926641948,-89.91195112204025,191.3056465930234,-252.4236026517324,-113.01797528322236,83.04260754416346,425.0402857848821,-216.2409073271018,193.0267859282669,91.22277229340776,-22.41874343517714,144.33816506429616,-127.29802473587014,0.0008170070862859,0.0008170070862859,-179.67155557752915,0.095706725109227,-87.67467773653331,-353.7388011403153,-167.69380476695434,0.1033333333333333
140,33.24066599354719,-71.47104618188801,7.419938741027021,25.935615982969527,3.121670162398874,9.77855282947831,12.38108271389572,1.7276595014162042,26.709055944338424,15.28949627561041,11.856355835558244,81.69028681707292,19.61235106532391,20.93958602035816,4.293622289769301,-148.72358213963383,5.668702824360879,31.23218913680213,16.38362294191921,21.49034752531176,202.46937188110465,18.888916439382143,0.0,0.0,-1.540059263045709,0.0760737000589509,3.1071965880591463,30.546423597808264,6.113161498654482,0.1120833333333333
141,-110.28503461024552,-349.3660671654096,-6.447843702263027,-105.84449621400329,-15.766933462219528,-93.0507256492006,-35.933340558444726,-55.969213319861865,-48.470554173778,-30.95591832980805,-41.85071716551938,-117.51688524621149,-48.52857438314828,-39.21794857989967,-21.93643148913024,-47.76095393429224,-22.6051620374431,-58.798445885168015,-41.53521769182876,-21.02707761504292,-146.58034243484332,-18.562902977266308,-0.0013026260942059,-0.0013026260942059,-18.297053184770768,0.1763512599660693,-70.5616993686171,-54.745304999386256,-27.034165948219567,0.0654166666666666
142,162.69802131544685,446.5705165581021,32.130127383293406,134.15597851542228,50.53975182670467,102.47353696142088,43.90445716441219,51.744456647854,45.492321100787976,41.99731394345325,27.518471341714893,161.1326825029837,106.68931288307331,73.19872821565068,34.86972121323266,288.29754227147214,5.9518946441413405,75.17087744540616,41.8375228641328,46.04333031944931,410.3949134553721,35.402429842686146,0.0013026260942059,0.0013026260942059,4.784335725820706,0.0359458362494302,72.84057314616138,53.17447554951066,26.77277913998625,0.1475
143,-40.37557355260261,-197.478007675462,-32.89654515794484,76.46517631023971,-8.41322673652392,-96.93730761234562,-28.6336343348979,14.357838117303956,-98.78355126851348,-28.96914781995145,45.8847200917257,-222.04459170170315,-63.384812159401285,-10.863853826511766,32.697400295140184,-273.2472600568673,-45.28231466496976,40.12491128052387,-104.52358289488532,84.0585615665557,-20.018777749864256,22.674830552778506,-0.0005210504376823,-0.0005210504376823,-2.9026831337733423,0.1023111788142184,-72.0859742475451,106.20148058704422,-58.48227022007217,0.0958333333333333
144,9.881577295428452,21.04730346681664,-3.995267894676909,69.99991915587242,10.041812881692469,88.39285155997514,1.7754788923705238,-9.195736259909058,10.554873289598294,18.138847539743363,4.12203656210002,-65.2317986806217,50.44829751990847,13.597295151261289,-3.0293174092378994,70.92566542344105,16.43446599115103,10.487285083120945,16.512495260395088,13.53359114794308,-4.971289962412458,9.153747956733335,0.0006513130471029,0.0006513130471029,15.32644747193843,0.0514872772480201,33.195582566287264,-0.3161678087958219,18.38566676921773,0.1283333333333333
145,-35.18254857981388,-31.892732158415097,-5.506403599653467,-30.75818339939144,-2.674152965927836,-41.52299145216044,3.0678952342305577,0.1431836281631495,19.087549017022297,-9.502622460087457,-8.372367665150373,40.78532495644723,-14.803140851994035,1.8249497665966663,-2.624210151069367,98.4841662253782,-1.8618896798943243,-0.7824292598231657,-11.905795298015926,-12.566180444853297,24.13148698015258,10.147991566662414,-0.0001563151313047,-0.0001563151313047,5.990090962210925,0.0818956707807689,-14.307468559721933,-7.906995904980906,7.907710523919884,0.10625
146,-224.4798687590905,-200.7665294069412,-24.14539865595444,-46.4848266731201,-22.74752205688343,-103.12758739802165,-21.66682465751004,-44.08340519071509,17.954719033211436,-26.00494701285,-13.307546828918277,-115.52494350701696,2.591556894806552,-51.020743662749695,19.4496432685218,-6.716116303250265,-27.872747723979806,-94.37441978198667,-40.68233500168782,-29.93815533121783,108.78082463623888,-17.593156715955928,-0.0010421008753647,-0.0010421008753647,-118.3188221689034,0.1354949488952638,-62.46598477175283,-73.38146428247782,-6.613045302394561,0.0825
147,-78.93511433768302,-207.0234293719865,-25.498504327235985,-19.442787377704427,18.06820205146913,-63.63907338206073,8.955100627534398,4.91370117969049,-60.72229907055332,-32.85102951190806,-20.837372656913992,-13.987560439069757,-61.66718113676619,-25.24701108962774,-9.624762540993396,-218.4369068761341,-10.783592444890818,15.321721325055002,-31.252535153525173,7.978061255504435,-468.4878363019265,-32.33565449410977,-0.0007555231346394,-0.0007555231346394,-1.6936324450511102,0.2015283619508679,-0.823820596919154,6.676412760491851,-19.68202288961331,0.06625
148,109.21279234082664,516.0475912743095,-5.676929872224805,85.54254332901462,-3.81835947085278,40.28605114763474,43.53406812964087,68.39455972074805,60.87897133879222,62.27086478620828,47.98295558080198,152.06120115490913,56.330455559294606,50.238561463599424,0.6622482429290324,203.59621017611272,37.79917498465781,60.188629280236,45.39453401399358,13.497236664893489,275.35972782683217,42.299968089040256,0.001120258441017,0.001120258441017,-4.512961561985744,0.0336861317784553,72.2296714587716,16.59110315467001,10.260783933840532,0.1516666666666666
149,143.36707284160283,101.17075533753456,-11.826809116431038,58.12811699783056,17.156389699686105,66.3652553830671,52.55130806062433,27.696722325315427,55.67597633577745,20.56072164156808,54.80897431747937,156.3963533514194,-13.4706709925315,-37.26988200108875,16.25967391210662,108.95613465765344,-29.350348610432828,17.404153047454713,91.0237341489153,-9.858256596100096,19.16946883195093,-40.193528702181695,0.0008076281784076,0.0008076281784076,37.64275470577609,0.0819327948495371,-36.952378142784426,89.02806004152855,-6.4517340673131205,0.1129166666666666
15,-407.9139336426665,-1207.998898704319,163.00512726956708,349.02944746969945,-163.53293019857068,148.24682304330014,-496.6037108958307,-398.8565067698855,-6.383614325429132,-251.76149656665297,-139.20234118060222,-249.0664396537168,18.68269248649136,-120.07951912441456,109.36549090664116,551.3614069139559,57.91248193858321,204.49521808892104,-100.77113777333132,-362.6601929267571,-128.40354337555326,21.245290794532288,-0.003188828678616,-0.003188828678616,78.29761602212255,0.1444636477717787,83.96190076819839,-497.2616253157597,-25.87889487837809,0.0825
150,-13710.424150177794,79606.86409705372,-2.97782292896909,-18998.28800111453,4646.071448170644,15392.656196040767,-651.065228704757,3900.290504303968,1210.5523898920878,4299.228145034394,8966.179679108956,-5537.785505284848,15109.688235069816,855.9060684062133,182.58766583889155,-36096.73343669724,347.5283629322207,407.3776642358087,3030.9696924208656,561.2551188845396,24490.6904856138,2157.499511180625,0.0483534806169237,0.0483534806169237,5083.230040083185,0.1814666811641771,1500.1017370557877,1415.0262620960552,608.8708262420519,0.07375
151,-30932.06010597736,-152374.47787812728,2848.2537793825745,-23845.230937292,9793.220353244627,-2346.078874690444,-3149.8518713547573,-6622.950772485414,15479.614341542852,-14968.23322748788,-8812.409349157113,-48002.13220797122,-25289.96220333397,1562.963951349176,-9965.7257819576,3946.1049149955033,-4903.515181740553,-13450.793191476148,-1485.4274604135148,-12486.636921888829,-116723.15778829913,-3293.453689057447,-0.1429762401000416,-0.1429762401000416,6714.709970894315,0.1462797971949143,-3741.918014530045,146.84212523686222,-6997.937888175533,0.06875
152,84283.71129366918,338173.10020052985,13256.533328465242,61636.013656202005,18123.692426225098,50741.703701243285,10976.25454039842,44130.591663669504,43723.0197296029,38896.851885641125,19400.46939012357,75112.71850407694,26650.441265734506,17910.765036246885,14849.349186516592,110840.7709759146,8052.946564961472,55291.36871476495,22936.913852573613,28048.636528539733,124883.19914937028,2313.4735013691525,0.8065860775323052,0.8065860775323052,4815.21424591361,0.0393097801276117,46369.13762725266,31958.431945720626,14233.441396003258,0.13125
153,-44237.96983637968,47098.523243412375,-7671.136479616543,-28767.74288228121,-7569.541511693474,-15642.189589328911,-5046.5461059359,-20175.03861396749,-24494.201212730142,-26880.97119919288,-7904.201736194821,23132.713577677347,-18146.22464723081,-12099.598380705916,222.35450091382185,-48620.0334670421,-3931.3484917006513,-19371.180251173537,-7612.544558897897,-10505.672908744264,-71201.33013784267,-10159.420938007674,-0.3105460608586911,-0.3105460608586911,-2578.3294876981654,0.1690122307562622,-21661.52619236946,-8730.647608528103,5220.59699440258,0.0708333333333333
154,27332.8099043061,-20027.087437894108,17758.101257575094,36470.29867993731,15790.139987654176,48120.70212649884,5909.529434558912,9043.17456033764,11919.47343389366,20780.359274067807,13990.29050365796,32026.82229419228,9275.87284406244,19703.7044825698,-2755.4422999158487,27178.589837963707,2369.497060841065,17454.662032552664,20156.966075685523,15611.6030261802,152310.09602704493,11837.547293461972,0.4114214255939975,0.4114214255939975,3766.385149560396,0.0446395433294737,12109.351504688337,11881.268183490558,-4357.188468019399,0.1383333333333333
155,1512.471072872817,64723.75740370365,1974.8835938790755,14924.501654728756,333.01747047941285,33687.676869216135,2691.4751081150744,9870.86004875552,2949.708715858046,7417.11133246049,-2634.9250554007003,2486.257698804521,1920.954912674943,4367.885700897036,3310.4496388358384,7288.441885646187,1651.5001726026371,12198.03845179076,2709.8902240232446,5318.67353032927,97190.79382004106,1709.214380412758,0.1617340558566069,0.1617340558566069,1872.606400381929,0.1040027353037709,21560.30512246881,7622.175730871404,7406.58365978592,0.0958333333333333
156,-12407.964808562974,77588.87217005929,1688.37026255408,-19809.90855858047,5634.605291800461,13426.399027535716,3166.364428955298,1441.7662951223317,5434.86136353748,5175.226741243068,6679.247454009347,-10328.893813710154,14894.271767350589,-4966.837580611932,-241.41110824907548,-30355.28175547032,1349.8471586056694,8440.938976514844,-2658.371399897082,2931.216796875644,31632.390254635346,1020.9890899031302,0.0175072947061275,0.0175072947061275,9675.900358146464,0.1798481786629584,243.83551778479296,-238.40871799193303,5399.687026674894,0.0741666666666666
157,-25563.41481422771,-154414.28339039258,5588.559718263269,-22245.01642111338,5367.581942865163,-1288.8532877051105,-3388.1864724147463,-5292.378422453894,13534.148461983152,-14896.249272784684,-9615.65205281971,-48405.76119827024,-23809.402792551635,-1770.9276229205911,-9034.689931176115,10593.064680076195,-4792.338828667716,-15648.212739484312,-1146.069648664783,-6760.064989553667,-117882.02006054833,-824.8455310395206,-0.1250521050437682,-0.1250521050437682,2579.315727325968,0.1445374999804047,40.6015474218782,-4912.731555780712,-1705.1916788791802,0.0691666666666666
158,86187.16505970604,332377.2996649302,7858.285428881376,58031.43655241048,19854.64292862176,43873.57751594409,6865.382174942904,38600.0159386916,46188.88359952986,34648.03690543717,21622.99857242416,76779.50244157643,30295.56634178425,19478.7257019288,7623.447798010089,108997.91838088771,11449.842940305072,54725.45799059136,22633.578012713864,30912.318162625656,128755.12496038934,10113.965006319051,0.783659858274281,0.783659858274281,6957.614920349297,0.0402226950528302,51043.0699180356,32827.051350893424,9146.6487005038,0.1304166666666666
159,-44030.06624830133,40368.66967495033,-6444.649134280537,-26072.966248742166,-6868.917160592846,-13987.629438381628,-11265.1614223558,-20017.027605799394,-22238.403428953352,-22216.00579470372,-7233.086656988447,24387.24983057181,-16766.624384361116,-9302.735774165843,-9523.653874490714,-44833.56618676369,-7001.547833506098,-16139.318373670263,-9899.265212982804,-9242.698474678076,-72694.13222679062,-6662.767243966191,-0.3438932888703626,-0.3438932888703626,3675.761897181781,0.167777588718395,-21836.95869412337,-12184.530138154572,7560.323399285101,0.07125
16,400.3508908918642,-311.2654756241976,28.48797654110933,-63.00192763855256,120.10500156595268,-26.21535096711498,-2.481198074389249,117.17138467616704,164.95804259665886,26.508946385062547,-30.28891428673498,87.25894960682004,82.06191856561,-13.506419719601734,-0.6818888778528134,-65.90342685989751,49.19603258265309,15.551123756545124,29.595830462051385,-56.129411804655184,12.988045456708932,9.392184998912583,0.0012213422259274,0.0012213422259274,73.50017238989665,0.0884362141382438,-87.8242483160062,-80.35572097953539,-171.8248018417038,0.1066666666666666
160,34680.64485167105,-10470.315351131345,16568.778718146463,54247.007077661656,15684.709393333158,36176.182115069794,6652.093205918617,15189.118236193965,9468.56354171789,24561.9710690281,-3617.762541740525,43298.7632491996,25920.5775121463,16881.50420907565,-9077.262882112416,35140.35380960064,-11495.40154120462,23180.673956056133,11080.667318127247,10095.857372902685,156593.10324366935,12684.030840690531,0.3413922467694872,0.3413922467694872,87.3061662447517,0.0443833985285417,11748.854718872686,14445.57351190084,-5869.54397915523,0.13875
161,3287.1643505845987,58982.49827767188,3258.0442100556884,6302.545953829175,-304.6540244244163,33105.277629789096,3555.24883656335,9214.659615150067,3982.504414072848,3160.6205486708686,3104.818736795037,-1459.6886390798504,897.9757654979246,7314.997952115935,3890.874007197185,6154.376808627023,484.7535673734764,8924.246385548959,4827.36853394012,5046.7250265049925,95446.14552462156,279.2273018088426,0.0967069612338474,0.0967069612338474,-623.1675608238986,0.1060307644231735,15078.276117636757,8344.262215474222,5944.16378323515,0.095
162,-809.9773243442586,1705.7446589120873,-135.60025400054417,-2497.644527033408,-242.78159464597428,-56.676901675549104,852.2399827217865,491.9133947994069,-387.1374501071448,172.46015718687653,607.8192024959421,-490.16841982419385,975.0547464955392,-515.8315305769598,739.0782743303321,-2612.940832928988,194.39213517483432,330.1105331250608,132.93378306213742,194.99731621229387,973.485552971062,-146.50219804393743,-0.0026677782409337,-0.0026677782409337,267.94681899919374,0.1472371023975825,-447.6808364924268,-59.484167151346,62.57434747946036,0.0829166666666666
163,1208.0991710321755,3491.291029438444,-93.35286631464488,5587.315183945564,931.3362958890056,3803.923471642856,1943.6518831968688,2092.834342132822,1211.568453601236,1064.5642478592729,1135.1814675680855,-1164.2490483173397,2651.019808433008,2687.9906389970056,423.3020188821396,10089.984236513215,551.7593878500145,-618.9819285129461,1330.3024652770496,598.1821974685543,6189.169543850521,948.6075306272172,0.0290912880366819,0.0290912880366819,440.4793172282847,0.0505543434617544,1886.5377178430424,1229.8421940860817,-44.39489010692452,0.1354166666666666
164,-871.4039561780428,-477.6415187585998,-455.5129499874964,-1547.2830394217783,-660.6154329382807,-1717.754918136089,-297.15787262678174,345.3752807679748,-302.479183310189,-974.7125161109497,348.2454168596503,-4751.4444093209495,-3796.132639449961,-607.1125045582669,-292.78845097432315,5074.913527714523,-945.9798029585432,-1427.8880846529582,-315.115694457813,67.22119833725093,-7399.573567716719,-1110.575218803093,-0.0168653605669028,-0.0168653605669028,-448.4396688749315,0.0957215594188176,732.7573100555674,-1015.9112768156016,583.1752311529826,0.1016666666666666
165,-5200.820079567499,-2193.2363540900888,-254.83257546822745,-2229.166783857031,-754.7184427555674,-3069.1631117559423,-1827.7060909071247,-968.1474543970158,-1824.866719551861,-1743.5528241755214,-637.7461319724011,-1343.6615538917258,-1316.7633408924212,-982.066111281836,-1000.8272825780414,934.4231630661284,-361.8755128477329,-1455.162575153032,-1582.8472238110216,-449.531638825521,-1371.38679754241,-344.6852361964502,-0.0361150479366402,-0.0361150479366402,-499.57406764913856,0.163643080127956,-3379.317782747477,-694.2844458267396,-505.89509504712805,0.0758333333333333
166,1894.666838806664,-3791.880081963701,745.8323954566097,-375.16212944833046,162.6251029487418,-921.8687961435814,344.2298248848811,613.2124288308025,513.6150567434588,-365.330700236108,-499.14117139701136,2431.3566322769707,-270.03327017395577,56.175600003912265,-386.2231537809454,-82.41677438600117,186.5722311057513,63.35506350642693,-205.28616005042,603.7023084255021,-3445.146212116845,-134.4653699093975,-0.0019633180491871,-0.0019633180491871,-544.084706708854,0.0647455344603716,-214.89241864181028,93.08742242114798,578.1710001701267,0.1266666666666666
167,1462.8390493653822,3622.210967752791,-36.11788657209348,-479.362144566213,157.0010070717168,-336.6444784751182,460.0662054895068,-283.2411382736075,-42.2686865234133,-306.7327846855318,309.1592949724442,846.417250084848,1404.654392803168,232.87471097149407,443.69821946312766,2121.2223486825933,-270.9853987135707,672.3247214992166,-221.06506856495648,-253.2144867592561,488.9411856576014,97.13733986465635,0.0029637348895373,0.0029637348895373,262.0868280223817,0.111744910091691,-637.729479508522,349.43094337881155,-366.5567529833934,0.0945833333333333
168,-3140.644568661486,82262.3023533989,4898.930037119799,-15556.719209630144,4718.69275435879,5083.734818848909,-226.29677229793376,96.76133142740936,-8853.190354747245,-547.9663388553461,957.6024776435248,-554.964977299353,13218.625847519754,-2470.259495677784,35.170834244229866,-37352.17574258663,-3583.833288970755,5735.106275273929,6411.945014005547,784.8191776786666,30568.2623737566,1216.3108827160202,0.0646102542726135,0.0646102542726135,286.07215690406167,0.1728224460272469,5587.683079695089,-1573.5462223300665,4617.408774049836,0.075
169,-25171.74812077175,-124973.15310603856,198.4618904087015,-22999.154212696347,4485.447869208093,-9731.292776370592,-8363.727705425426,-5033.883435497418,13635.352937388576,-16537.710810388733,-2358.1833216875857,-44922.081237284736,-28074.06259690672,656.281486075635,-3669.051564904101,7058.83387838156,-3043.9057733306568,-13488.88239570064,-1340.9060813693195,-13860.99730442048,-112534.29102540694,2461.9472364477224,-0.1588161734055856,-0.1588161734055856,4300.970906034303,0.1389446652221758,-1604.544581600661,-6480.551349751823,-1006.5375834287725,0.0716666666666666
17,-347.90100384379684,203.9703982927013,-107.98370527433532,-157.1129554918112,95.82075348362277,-105.39041150872848,175.9900270615023,-198.17047167872832,-109.64120638711984,-200.36037089451992,45.2076718670149,29.03560678138317,-38.21818013574896,11.778491283391098,166.93144002196,62.17773616801112,-59.96703999036813,38.0929424201898,415.1544957273185,153.73238539737733,336.73232011058315,-130.9809658832409,-0.0018340975406419,-0.0018340975406419,-141.96635902802194,0.1015493963964662,-118.7946622686466,-56.69752774730246,16.764108407331236,0.1
170,60218.33163874486,244949.1049238436,22356.873362689163,59657.1029495568,30290.30074367263,53003.138361735575,4236.57784459794,41196.69363327576,56922.93599846383,29499.89094545829,15919.96625581276,80111.3572218497,12512.790613041789,21489.236462270725,9400.371783973407,26311.012214249007,6727.578514464427,40053.23838593587,29968.78202051028,20701.929733623347,182834.5637775006,5341.523248779915,0.7357232180075032,0.7357232180075032,5738.970313217056,0.0390519077180031,53124.05360665991,28050.174436885703,8330.224119638215,0.1329166666666666
171,-8241.75488880809,214478.92952307372,-893.7170746520335,5349.363794084748,3975.6600254470936,-8112.721825509285,6158.185221416118,512.1880409788002,7478.091418158743,-3633.9678774668414,-3279.1300670137225,-22786.97153432655,-6410.920494432341,-1835.774861127436,1831.5186873254515,-34870.16429396263,770.7589361145152,-4078.389476430985,-2012.625353999737,-4487.586256995031,123004.46386072032,3990.274215559019,-0.0741975823259691,-0.0741975823259691,-2705.0340518516823,0.1560834866258227,-1767.0809581228898,-7633.839559263612,38364.42850410582,0.07375
172,55027.00317411184,67454.6061652023,8988.940303778212,63250.60932538127,18764.680479123337,68317.83788763049,19268.04246344824,9157.974472329546,24287.13764210602,22593.299302688385,13206.21547121648,69151.20151418277,10500.800535739509,21027.509154710853,11135.521553529095,35977.23278699388,9889.203428000546,35851.448902460674,18360.17288848146,7219.532981528374,221297.3952849172,7496.6787605552945,0.5202167569820758,0.5202167569820758,2055.878432293769,0.0173357694248263,16335.654514441943,24321.13362493846,8175.204093028014,0.1775
173,-595.4825755963647,31509.10480827129,-5802.6849776021645,11090.30330075776,8358.653229858239,43682.61876321339,8462.112057233933,-8294.873219607865,21827.60097462525,11356.406254791686,5357.5892568489735,-84.402709608137,-14771.559515426208,6226.89214440888,-4802.180729954916,37111.222852171726,2862.110126635007,13697.610586564557,7430.027497912286,3954.696599598244,136067.9220369183,9616.227638665445,0.1904960400166736,0.1904960400166736,8008.822373679501,0.0842097334839275,-11773.997155913015,-3821.486828338522,1954.0726557957444,0.1054166666666666
174,-690.3284773477628,1178.5209054915945,-48.3959619888081,-2876.912537341914,-63.7915907181977,-1461.7603980289905,746.8144485932091,-145.44814220257973,-590.5526886540381,-152.33716093733602,423.093643064537,134.44506183228054,291.8086176281912,-71.11614060558516,893.423949617985,-1916.291028057084,340.7918675964181,1190.301947365399,517.4703065928757,379.02824747946073,2056.449387012469,-226.2837051899216,-0.0015298040850354,-0.0015298040850354,146.5129566742355,0.1391636983472669,524.8122300703526,-399.66520340395925,364.75944421450833,0.0854166666666666
175,475.6718881119913,3301.4148947161507,-617.1154422368279,5978.844110367207,862.0912023888947,3886.627428443421,2306.626754630357,2419.179567808451,1158.8637939218772,1194.7552080519638,590.3088717115929,-1508.7951807771417,2780.683239850196,2134.793113352044,110.84606222078864,10248.498870161604,628.4315211849896,-516.6622865942002,1430.7633488841532,656.2642205261996,5720.56071602908,932.834814616164,0.0214214255939974,0.0214214255939974,292.5488933095454,0.0514382191496876,2105.6296816962176,860.5654485133892,-483.381776936175,0.13375
176,-947.261273360765,-1885.1324506815272,-22.411545614461204,-1528.4202270326805,-26.90260275843948,-2589.896826864568,-411.5344781026591,273.3609523830826,424.16018888626,-1571.3408526994483,-69.57168573753549,-4240.939864538965,-3713.242467227017,-582.5325576162271,321.7767886771882,5802.013648297318,-324.1494719710149,-2131.539123468613,-1262.3041559021958,519.3608591223665,-7530.528285639103,-591.8123641508425,-0.0171988328470195,-0.0171988328470195,127.2798354190913,0.0907624611021414,1200.264808768717,-1295.93435842819,423.8583648055404,0.10375
177,-5300.234031738416,-2546.877790797544,-241.7534676628543,-2248.159026270396,-837.4958560202077,-2866.625483890154,-1824.6855423052968,-769.4293889650033,-1617.8262427232726,-1873.2624935646047,-726.8281123365671,-900.947945594305,-759.414689464957,-432.24441346242605,-701.5517118741466,638.6957860761868,-79.12354256156043,-1183.609528951314,-1329.9798041478105,-612.1295920781403,-1641.2171880276169,-428.3486473988596,-0.0364443518132555,-0.0364443518132555,-450.4598961266284,0.1660228168647317,-3630.951462388783,-494.128426216007,-554.2872860755706,0.075
178,2482.470016424574,-4017.586992915221,-21.923891143178352,-113.60330140041646,-199.5800986635426,-1076.8089906568366,583.9231183076156,889.0626880638106,785.7106676616871,-375.3006326724529,-667.7931191607247,1881.832959757395,-375.2995380667943,-166.517135032744,-472.1679535933326,262.07224022085245,33.20078646272174,-141.30007202333405,-147.3246190601975,226.9697450642577,-3826.6022631824303,-217.3092651272899,0.0041558982909545,0.0041558982909545,-131.54502067774507,0.0662691246678894,-421.1474246015788,304.4016688780115,237.58096795746764,0.1254166666666666
179,1685.4354164315057,3842.9871129599874,95.5375128356545,-337.37165243832817,752.4284229921766,-182.31241009671209,555.3153409314766,98.46003789659896,414.1238984738629,-123.4073175439031,310.6198269160748,872.9702971375389,1920.525631716736,591.4487644278518,167.6923051196955,2531.859742058373,-424.0878988515227,324.1745788703604,318.41298446748453,-88.72128198811542,1637.366660616817,-279.3567845898981,0.0031596498541058,0.0031596498541058,248.00827017957525,0.1078080302917362,86.59660289076561,281.4816036470187,216.1226526814185,0.09625
18,-96556.69267322724,110223.8135898037,-14298.781002339709,-89426.33014171835,-26166.1564640176,-78576.87719871267,-29511.35307886473,-50556.59802557102,-71836.1175568087,-49488.82675487383,-22721.919439622296,-51720.52942730151,-50146.96316933712,-47641.35450400454,-23304.633846727047,27239.934258675243,-23365.707712620213,-54454.80217026346,-28420.0075100315,-27078.034909167247,157550.2855755417,-21212.962976973497,-1.0687786577740723,-1.0687786577740723,-17190.133448915865,0.1533482467134387,-72736.60311407672,-31141.059233997563,-23876.32607998397,0.0725
180,-3949.751950463705,88327.59482628756,1954.2652409627367,-9513.688738331157,5201.932361176339,7426.54576242007,5277.809617573874,4150.23854661008,-16427.409402448488,-856.3580859318358,6906.392523622435,-8240.236284618752,16651.970898789023,-959.3053212726276,1108.8759594116757,-42963.11225149623,-2314.672444100588,3131.671109266028,-1648.5159264124804,-1149.0287825554524,-792.7750318331683,3306.163772019373,0.0291788245102125,0.0291788245102125,761.9071859112574,0.1822632079542909,1996.8937208746524,4595.598783059622,942.6796636637408,0.0733333333333333
181,-24158.77676776398,-127767.38368382162,-187.7594789060776,-18390.16257713828,2656.383397485323,-4667.492971370397,-2604.3005639340345,-8806.404336325808,9576.14033525824,-20434.14974763438,-2096.7228896602765,-40403.02929846203,-28012.44689867034,-4094.6453129587658,-4203.882296948323,8666.528143846219,-9692.069318387175,-14975.032703242769,1055.6399278021167,-9063.451893961264,-121907.31864038884,63.11095018246124,-0.2288453522300958,-0.2288453522300958,-1651.7867847338866,0.1413946475783327,-5869.50656309324,-9041.65436751614,-7566.139310022307,0.0708333333333333
182,59930.37913971714,250023.4274189749,13166.461693877594,57417.69396755462,28085.48049414777,49422.41378612841,8303.757323806125,41364.42206972852,62720.96925910247,26070.20698626955,4096.679143656863,82091.47481382501,13749.193731947296,20263.02940057503,16808.4972828939,23639.48105253633,17918.081871681665,40111.94496650582,36617.76665211834,13840.120256525108,178729.46896502475,2890.233593911281,0.6907044601917466,0.6907044601917466,7213.566924541543,0.0400188609432486,49993.18213558776,35335.86376750143,4457.699870509801,0.1320833333333333
183,-11854.361675725624,211729.96960674785,-5564.553306406126,-239.1714308409504,-578.8001645802633,-11190.09918933138,-1722.916392341272,-4474.915909727781,2282.0901795807126,-1297.3733629243743,-850.0416724990098,-18826.230330668343,-6197.014248905303,-97.35682962580768,-4608.617856170564,-33512.78276679288,-4087.624659592368,-5767.710071081945,-10345.788891475358,-8473.06579560721,113762.57930867164,3764.949680431965,-0.1333889120466861,-0.1333889120466861,787.2214925322153,0.1568388773236737,-5091.003034474341,-6481.420087457744,37125.62987210878,0.07375
184,62170.13495913928,78084.03237063283,12034.814708093483,50780.51510890108,20597.87472838237,62664.77466704306,16576.017553811587,17767.75567684885,22190.31894970363,23344.13661364429,9924.86720801584,63638.62561061455,15093.768862504534,25758.16566958188,15760.67121726638,43297.97294808328,6083.232262376441,26255.66584326713,28470.28083779416,11945.867515616144,214891.0570491508,14180.74741563319,0.58274280950396,0.58274280950396,4442.875691193556,0.016787055131229,22811.478950470264,14073.487114619038,-3686.573574473682,0.1775
185,-1990.988592646544,43206.84517782241,3372.891454511079,14212.25019603356,11314.029485734924,46381.99560837539,4875.504231976782,-6836.208999108887,21696.08542487822,13647.604784680476,6746.632472960427,4871.372907477939,-7095.6529197650725,12970.622498911427,369.72610005459865,32869.44761830971,1823.51600256604,16191.292426181564,7402.339973010297,5429.477964101492,143116.0247680947,1405.9597837959482,0.1675698207586494,0.1675698207586494,-5550.237279061699,0.0825272682031006,-6248.3898866204045,-870.2738103750513,3007.700706594536,0.10625
186,6208.2268784457965,324682.5118303255,-6160.67645182424,24933.62576523208,-3155.76713478989,100039.19081201326,6221.936544158629,16975.47358635878,37315.69346157942,15709.922908741148,18380.455426742345,-3943.447224727159,74026.05025676396,-18408.39667449866,7896.9297644498365,-34843.90642840814,20022.54870794821,97529.28784426698,-8186.380400194987,-14280.27059015914,391109.5985833645,2571.0449120722824,0.0475197999166319,0.0475197999166319,-8542.285251748934,0.1644514868163182,-3426.21996645901,-8624.118189103609,34465.62199925797,0.07625
187,3061.9059565001794,145300.05754639723,4737.95653653664,220535.17334375612,68580.06671431231,156467.69191395846,105517.84951065312,97146.90839925536,193635.15793352533,91396.44475197128,59921.31550379076,411876.63071684,61155.04236276993,-12814.589520316262,41780.83450081467,447166.215068708,-3330.576474807721,142079.3440426314,65871.66402205755,40075.02855239724,613108.1626086426,58850.43421612799,1.897874114214256,1.897874114214256,17645.49976421811,0.0077710297920513,26978.550863225908,69229.62885081003,-3609.841437695255,0.1991666666666666
188,-104778.74220150402,-724596.8726980041,-30625.45062965904,-144173.7745324386,-35810.872379204586,-242985.84442138107,-69769.64561390923,-27185.82750310009,-37839.63917905816,-54395.331706330486,-41837.05182645738,-266170.1089426987,-174607.08980351253,-79088.00159857824,-47750.88610699498,-169063.24205932117,-16528.25035752439,-168949.34045594218,-70868.72453455832,-68227.36372676308,-123211.86819539122,-41206.294564641365,-1.9070446019174656,-1.9070446019174656,-19221.958075088995,0.1404592598483729,-110035.87725465282,-73091.7640330454,-58154.48506761741,0.0808333333333333
189,-109553.60893243576,-436378.0712594474,-18313.841728264862,-89330.02522470756,-26865.830498226496,-147176.60985578774,-52959.14760932856,-61329.95001827313,-55120.29093697132,-84573.15410291651,-23537.881052534605,-142056.11296718076,-106484.416413961,-39640.00351683406,-29537.86973120511,-299668.4793801423,-24475.19144186454,-111887.7515036368,-46257.230308068014,-61570.75387577453,-706626.282080347,-10569.70053341693,-1.350562734472697,-1.350562734472697,-7211.780118945734,0.1646153687107016,-80092.33685862084,-47984.161941412414,-20808.137685484824,0.07125
19,55734.35479064056,-279711.51945694874,19742.17359691571,9859.040923987191,26680.10472036736,3819.724090176148,26673.250088661545,35045.3390881346,38969.59657855214,25976.52627000156,22679.0433217928,49051.59389703041,34049.70261473988,36707.43661248776,25106.1316297074,-40239.586859286486,11830.07564048564,7811.96542537122,20854.69858753692,34582.2451472223,168409.60637024062,14163.604495719694,0.4501875781575656,0.4501875781575656,-356.95726870213593,0.0334043172192399,53010.288504814096,23048.158604498432,26905.529053479848,0.1983333333333333
190,-131066.1130543798,-362551.4819146603,-5838.021518903657,56023.09591174127,2717.50629224608,36174.06010587695,-8604.97826070837,-50218.58118598536,-74928.27622308824,39896.13432384888,-8717.000998501684,-90813.71043216575,31805.89892534084,10285.983686045993,6773.951020607113,202203.4019012594,26187.936878872424,11003.405198986302,-30599.28208687156,-21823.14594278272,-676072.811324059,18785.43012351292,0.3222175906627761,0.3222175906627761,32.86098849472154,0.0844458052480624,143227.92007879826,57327.750245780575,3063.055135468948,0.1108333333333333
191,221045.2930395251,891258.9403060938,33918.383659603176,99831.86344748492,49461.98750613355,123200.11999605848,34769.64020746285,-35572.00869663288,141878.17317472716,118888.0244613204,23583.16079591363,220742.66137863183,42857.03066142807,67541.35981582943,53590.11484521035,169739.16877908813,27573.273602364097,98506.37683767948,50280.869946651655,27756.056068085505,239660.8950648752,47007.34854401492,1.7978324301792414,1.7978324301792414,17430.78076430192,0.0733234084154007,-16720.482710342287,58764.88803550956,49585.68834411954,0.1104166666666666
192,2594.069396982141,324125.209955168,-7774.488420568493,18346.888034558822,-2486.542127420954,100582.60376272826,7888.035564532796,11916.07636231419,43773.72194130315,13361.839006113303,22905.998843741,-3792.593603860013,78303.24378612959,-12057.623795454589,13413.651839036893,-34984.19687069896,21404.11514544918,95325.91523323052,-16098.004543245026,-14496.168550973844,400970.1745644307,2322.3804677690105,0.1087953313880783,0.1087953313880783,-3708.6240424908415,0.164796385342114,-6846.254900378318,-11722.307512349926,35914.90737567002,0.07625
193,-10545.72736524258,143462.2735568047,5884.849641383606,229113.525342362,69633.07780490334,154207.56531783476,98465.01365730604,90241.0506004976,200197.3397872171,84068.59625497431,56536.304248337896,409692.8161560176,63559.948350686536,-26166.830784491376,35575.0863753975,448153.0912508054,-13605.49005252535,132914.58184248483,68279.60263900748,47375.83670495234,602194.4785572308,55151.26251859985,1.8332638599416424,1.8332638599416424,4646.267402840347,0.0077865447828808,24556.785914149747,70298.91058942256,3867.591320045792,0.1995833333333333
194,-106766.2803658908,-704995.108154782,-22586.973914731498,-147726.64704517927,-36962.06592094394,-245818.45464314384,-65778.39979035617,-29845.61498926653,-36196.0696831474,-62250.56742622089,-36322.899465684844,-258780.7584749384,-172495.18256094382,-86536.18898007396,-43265.98216942663,-181412.09563539867,-16363.170396644182,-160077.23279334014,-70651.387329124,-71512.80527752955,-122899.40717251386,-46355.58482994975,-1.6665277198832846,-1.6665277198832846,-18754.94188982668,0.1399715442277359,-106248.09733516556,-74134.82894284408,-57264.370191481365,0.0808333333333333
195,-108907.8283583352,-426058.1391309135,-13589.679430266731,-92928.25819403472,-33256.5578800583,-139062.07648526097,-52735.295127728925,-60491.15513733246,-51605.92996285182,-88209.5943278012,-22940.738227151465,-144681.17096408008,-108500.90590101512,-44312.99714014048,-28179.004851034595,-291970.1107438731,-23981.26337446788,-111234.81965302848,-44650.64614803231,-47714.45903177232,-713548.7521760014,-9689.65146028062,-1.2492705293872446,-1.2492705293872446,-10076.392355615875,0.1635903257112072,-61141.990265966815,-49107.21289263653,-10388.979292122292,0.07125
196,-128256.59592323747,-363265.771852276,-8489.600078816113,63540.76299969779,6815.457851398025,41095.64306214746,-12975.22463043574,-52843.83339532601,-79634.94577559904,35502.588589838284,-13077.994324478825,-87208.67406849122,27448.180221950774,10818.688721867513,1147.461574551375,192836.97841734544,37094.72625642871,9129.350210636738,-32249.02824749165,-18946.17019866809,-679910.996283087,8873.679513337109,0.1963318049187161,0.1963318049187161,-7131.671987231172,0.08539088701973,140036.1109072881,63043.166049503896,1170.1082602869342,0.11
197,190328.9555324856,834682.1506663603,38685.44992574427,101687.93846571326,54611.720558203946,123343.73234573715,34425.95887881328,-32954.337958372605,130889.98384705992,117329.41562822757,16538.963438980016,175954.60250015202,32631.72694187381,67498.21023616631,58868.55683776487,160507.33522727777,18297.556072940897,83274.94507434327,35538.53239418182,31548.06300288272,252879.6596236501,48460.834779397046,1.6902876198416006,1.6902876198416006,11364.921114928908,0.0727916919686145,-14767.32226859207,51383.72592477735,50404.60840324926,0.1116666666666666
198,-135.25281453414777,1183.7588883557846,-55.79028513037159,-108.3120159537236,-59.285664518908334,-254.9768334160094,67.74873300107933,-100.36075156648204,150.44410620454568,152.79913739611146,39.33304211623975,72.01126066267743,125.99288259470444,-27.480563142212983,27.069517751252857,277.61611945105744,-71.04857196495436,55.04418632801371,-142.12931031642907,172.84584485726322,1330.7934097909117,-7.135405048392734,0.0004210087536473,0.0004210087536473,80.32176812523532,0.1055395362258227,45.36400326817882,112.88839216682769,10.906315166241434,0.0975
199,262.68689415950286,785.1092943856684,50.82710308075474,144.42342246651648,47.65974732394707,231.7691266732905,-13.96654741901328,141.08200528423666,69.86051180132665,141.6010524533757,135.02726631760666,428.0365571990608,118.74018312935058,49.60232031566829,-48.70813666990794,283.46389826261174,134.43137887436774,-34.48557246991081,55.96288374420188,22.61055806387868,841.1378678315496,43.28681148995108,0.0034556065027094,0.0034556065027094,8.753611654282974,0.076423664440734,201.48488180411272,116.34869270018402,20.625936616612755,0.1141666666666666
2,656.4167124797114,567.4116098547879,19.092266919279457,435.04701821072047,54.07972635826792,195.9205080056306,134.1006553037381,124.9072715959565,218.5237058048897,227.1262258828795,9.743120921429217,680.1088087743008,112.42763436496594,157.5102028287039,-95.41673617892944,-506.67487845043,-52.76905576715416,197.7170812661132,136.45713292301645,-20.247830840374167,-188.72900678221745,-108.15402020569796,0.0033764062001667,0.0033764062001667,38.89895906640108,0.0714984128512905,-148.70483622283942,378.83187871906057,269.25578014150403,0.1170833333333333
20,14245.206984754555,243306.05528598028,20426.68524979736,88123.5197256467,17594.206326038384,144073.33255583688,12339.423052950358,5646.404126017202,45385.7233613835,42032.53094786713,16764.91741495202,34912.29677525316,31017.62699558885,33633.214761393334,13841.46535997524,136357.81882702393,14824.925926066013,28392.93554765835,31444.594915255017,29155.330976871504,539855.744313759,8831.795578939424,0.6973739057940809,0.6973739057940809,5832.705945785225,0.0679417355245294,38696.20057702071,29006.67264842905,19756.180029158622,0.1141666666666666
200,-500.2404039489672,-2767.7530470597485,-84.66798460923702,-99.57974533279712,-171.64906450327052,-542.5331950609614,-54.34087003790225,-180.0629676371358,-54.61280289341191,-13.44435884902559,-76.38865895295318,-676.7512824841641,-545.8351170082234,-83.02351905031519,-172.31382497608365,-372.9312103971602,12.373748483128129,-452.124001187059,-194.7735701949043,-159.86994724045425,-611.7405832577642,-139.86487007205537,-0.0036098374322634,-0.0036098374322634,-70.72504004364268,0.1120843463589535,-384.6163873874565,-207.3257359463976,-152.30200641403917,0.0941666666666666
201,246.733819675482,996.0687368049968,-5.454049993643057,138.46755919969482,163.9462318815526,28.637918237035727,-98.2106379459999,128.32817150919846,109.4783285342234,155.48252158815194,122.55328169613784,333.8215580045456,167.00755196286403,-46.38730769059332,13.18296542910986,456.4832911750281,-54.47982528925472,-59.40130032828414,-20.39864321614948,49.65397035003663,856.2783601401925,-135.62505283297764,0.002580241767403,0.002580241767403,118.21066259586212,0.0963861160250201,-95.29052341260012,135.30786286168438,616.256416232442,0.1020833333333333
202,350.30961622916783,54.113337025628695,-16.793265009199583,81.85348048368797,-126.70353570236117,-30.2161299693921,108.00657098398408,270.5812078869882,182.93848777361148,-26.59922165334316,329.07556319572336,282.2932804283249,-32.854768426190205,67.75378426699474,54.63184998069538,359.61184041901925,115.37736642887732,24.88374816055721,90.94926114488736,207.15888866592823,328.01871376905865,34.41752035849859,0.0015673197165485,0.0015673197165485,74.73914003793425,0.0873245490966038,277.3377717044123,-23.75900157567348,322.7097632783266,0.1070833333333333
203,-583.0390360598852,-1748.030789212979,90.35076443035902,-309.1718875824179,-99.3338203421728,-616.528983693044,-20.911734588280865,-21.32143353993984,-266.4122206477817,-246.51965550687245,186.7002581102525,-123.92179096115215,-267.31894784913857,-254.1507190847813,52.19063914305528,-383.1351404675943,39.96481162363738,-27.7587475598815,-163.29265346572112,-337.68774915969715,-829.8966767927657,-48.1189922987172,-0.0031388078365985,-0.0031388078365985,7.342991443694107,0.1440272163867698,-82.07862946355905,22.0224473111234,-243.78352951931845,0.0829166666666666
204,-205.90979681591773,920.4897840925604,-47.33402390938897,-441.3298224861647,-68.46737609262685,-96.06543558209869,-110.1313298018394,-136.8344516319639,129.8444813454269,-30.359067933852675,-215.93967185704432,-165.8237440457734,-175.00042496789806,32.15670014376289,129.73965998363096,-165.86997377699373,-83.9932375083173,16.635286439538643,-261.01683930187323,179.06318476858408,466.89805661724085,-153.32270685832935,-0.0003376406836181,-0.0003376406836181,162.78312212689673,0.1449123260622558,-248.30841777124425,57.587200775779735,-45.977189308784496,0.0829166666666666
205,366.9444817619932,704.4738444662578,-1.4211006996849704,93.24695500934872,107.9188003491088,75.11680335579598,0.7459681042881101,125.90911655113636,182.3255750546503,90.8206155146867,15.883003132199985,369.4402837004795,239.3900132353436,55.69261823995717,93.74048853211993,301.83632914052606,60.989445087928914,165.83454603095714,167.0918740326534,42.1303311505177,542.4762389416219,45.14813145499219,0.0026927886619424,0.0026927886619424,56.231429005683694,0.0777484823936225,99.70328739785052,125.7048405465001,6.450766107341543,0.1133333333333333
206,-81.4137836365809,-1027.982919103415,-41.43467268652465,-136.01218005444136,-24.451171428159505,-236.47393276804613,-20.26764638682297,-20.719621641544823,-1.1009815543811925,3.753239932778176,-41.94741468836156,19.81300419974542,-181.0201317048897,-83.95643130243322,-25.142029645661776,-295.9790662853494,-28.614400786723696,-166.6332937881323,-91.4192425726574,-1.5828200270634962,-8.209339027925814,-30.54237037970801,-0.0009170487703209,-0.0009170487703209,-50.15819889334948,0.0997923372251198,-11.063454620432871,-92.56576458824976,-49.89496105579271,0.1
207,157.70403491112947,101.38687994084506,156.96150028248934,151.19550875324737,-43.52213134517276,-26.03428659995977,156.0560441485952,36.18519692725829,18.37456297545458,-2.671408423724472,-22.261894840659984,-13.73585972208311,172.60612827342536,104.0634821061763,38.41698077295233,102.2267884133998,91.82162724982878,25.054031657676664,137.9584362843476,15.417650476499825,302.1613894818844,110.63384421383518,-0.0001792413505627,-0.0001792413505627,-0.700405241132124,0.1027607297040866,142.7466935183669,-16.785767602339636,-45.10990812175149,0.09875
208,207.9235790250273,-95.3203625173677,-1.164841219837733,-20.517304764487097,238.8375968445566,132.4128600965754,37.52681285949262,38.24483104212111,86.3101004614642,112.17731604183064,-19.908019932307848,131.00752075433027,-68.31200691153083,129.071572033693,62.91227180678736,113.7657916180778,88.57424410361631,83.74049550524427,-4.103807659069297,79.19697614545932,444.4939055985769,-24.581624407162085,0.0007336390162567,0.0007336390162567,14.858853965340112,0.0823507421256206,30.924812668350647,8.072582263875258,-194.8982448495351,0.1104166666666666
209,191.10635917020988,22.11002289320812,73.57391921400699,268.65372339149127,-143.550292418627,388.8071818461462,-17.291240277078884,173.20090976030377,153.30533847628814,172.25448509930402,211.72537791724048,150.70705900729445,161.05204754184084,65.21653450332083,111.20068995649746,-7.720598836159596,118.40750692240644,250.1537002217378,37.31775497973255,35.976101880484514,467.8901925791204,87.28932897883169,0.0017298874531054,0.0017298874531054,-9.03609230086544,0.0998184508648879,76.98404513807337,10.151834444180968,-201.36556087480312,0.1004166666666666
21,-36880.11159994464,234777.29640681524,-9152.750283154415,-26842.07035618506,7407.587410057675,25712.03290113704,15376.553208750029,-4357.531920522026,-10557.585366649688,9450.158808808546,23935.382816856625,2699.4058454600163,48223.50370968554,-4823.478477489916,16894.211756298188,-118672.9794505817,-9000.993627767013,48837.52727488738,-6653.538363932725,15063.356309318217,69917.82012474624,-6489.848576313125,0.303042934556065,0.303042934556065,-4424.44094297227,0.1633041074051491,6029.570316701032,-6375.927633323794,10905.920160657884,0.0775
22,112097.30584564472,575688.4270200222,19557.54757280156,114023.75071940254,35486.978816953764,93406.2992669969,42511.38762664946,58209.12663564656,66228.82296892315,82291.58394932907,30858.74221612242,190433.9036205944,115964.4903358088,70022.44156482843,36579.61654731115,238463.69530055948,36625.87709954819,58859.17225109433,39837.69584150992,15544.68813882035,377971.7976775531,4910.390412793096,1.318882867861609,1.318882867861609,13231.035146996648,0.0317407969885432,121151.91475733156,39151.54222410894,47651.0212428922,0.1525
23,-138503.52115638886,-726357.5000422467,-24454.181640737155,-115970.4540289947,-24807.24395780691,-159540.41935846972,-56993.9620936716,-58695.22213585232,-52606.171846687095,-70954.81828481836,-31137.77884831439,-206072.94564715723,-130099.14081624782,-49588.31193945917,-28841.95698743266,-53792.32674790307,-28948.451148577475,-152753.44828084856,-71845.54696394564,-48477.21627981282,-283856.01251624024,-39046.66447079903,-1.5952480200083368,-1.5952480200083368,-25917.27549756197,0.1191033137903088,-81564.57609471481,-51498.371508189615,-38128.64632799403,0.08875
24,-223714.47973166287,-544783.4594687831,-44335.98904441912,-114247.52707611934,-46371.88822242485,-133090.43395691217,-77083.31951940051,-81270.56877438819,-95782.45925712278,-93195.54155364912,-47252.58056916922,-214907.40042429345,-139109.49639914537,-74330.63197786268,-51471.77545999954,-385669.398082505,-54782.90808423111,-118144.43357115918,-58822.86044671826,-54653.127846984105,-823360.4854914818,-34979.60093129477,-1.935806586077532,-1.935806586077532,-6138.406865178614,0.1608778105909778,-92406.76582390768,-74143.95299588297,-45273.466927819405,0.0733333333333333
25,21652.6067018668,-182164.70825026283,-14938.91377893775,37241.66020602472,-6310.329739300465,57725.29436544266,-2633.315434762226,-6254.552295110711,33221.62022531647,15351.047927849046,-5949.890048361936,-11519.838787083349,46061.09683360031,18875.164959267848,-18681.04373322306,233927.5024630428,4406.487705163829,-23571.77690698258,3493.345781866732,18531.16988473304,-205194.53054395603,14680.19497073435,0.6006669445602334,0.6006669445602334,-5065.375888674318,0.077684665555872,56507.33329451599,9154.685429616358,-93.70758758924283,0.12
26,221601.3239231881,803242.7378890368,21691.395497560705,117047.8897338954,72904.82620246324,55335.76408718144,50496.28964070644,49610.7233600206,146466.89053822594,98047.9026819432,64355.12240024464,254951.68781797207,58384.21126105669,53297.89874974721,59812.51459474977,154147.23559694714,19073.224377465995,119218.22331775242,40455.08789063918,53120.272875627634,460979.5478597489,50065.83276833476,1.7619841600666946,1.7619841600666946,22139.9616273618,0.0665172485108482,69590.24577809838,60554.64562770365,43490.803044789565,0.115
27,10.511800093046176,149.46932082632082,0.2581915543240006,46.433960373813086,16.37153049761788,39.451252334030585,13.832223884148604,4.403412368038682,0.7113203553269625,1.5718838036219969,8.008462698739587,-18.71014581066669,42.09191064172215,4.181199510051787,11.947700170735525,125.8118223176961,17.352397530474335,47.038538035765406,-2.1842461706667704,10.46267229468641,130.317379271716,13.649944733898646,0.0005210504873739,0.0005210504873739,12.409620409802065,0.0504679667084985,28.93122682602434,2.8601892605639776,17.705791536590702,0.1304166666666666
28,-106.4872461400004,-3.5852449572854024,51.62270797829399,-2.0939623714072804,-2.5754751604505906,-84.95078333833943,46.34279725507928,-85.36730446622147,-35.56086742586796,-90.11294683298244,45.26849991294465,-44.13435910583877,26.05692752948058,0.4227407887835821,-20.663430063041908,-173.92230573366837,91.25196864295457,-62.15142428201513,10.84087055390606,-77.61504115571259,-156.6785425667153,7.317347636278299,-0.0007989439878824,-0.0007989439878824,52.030641469757626,0.1591440619606918,1.9819773048028675,-25.30612437354368,-32.359497859676374,0.0729166666666666
29,14.877499830880929,-89.29384411955243,-0.9476908201615786,4.039843919202161,5.53246280012853,1.001801795289753,19.12665658855364,33.04729258083309,11.081825742773017,10.571696695353484,15.452459064595942,76.16821451470356,35.624152702846445,13.78296822771059,0.2953345563536858,-117.89643624478626,-3.876891225941704,14.207496638987852,8.650220391285616,-0.057611359198779,126.0014759818806,7.099713018583048,0.0001042100875364,0.0001042100875364,-0.1541255757873827,0.0701423113296249,21.24922403347307,-9.190266511148952,10.390499703668258,0.1145833333333333
3,-461.72486361921904,-1239.3397360539711,-84.62378076547559,-279.0255301695695,-143.65974742641674,-641.547837896052,-48.44402587275627,-340.29233193504945,-165.2658927421391,-260.76925194311366,-81.92047046929898,-165.64595122924834,-203.984994439828,-218.8360683818416,-28.472527115706733,181.1684535596305,-85.55407318876135,-305.8486131112075,-317.1863668937592,16.142930155313056,662.7326424476078,-148.19353564921818,-0.0037862993171321,-0.0037862993171321,-31.65814597046453,0.1480898863891684,-195.79348108332468,-350.19452250292323,20.61463593343929,0.0770833333333333
30,-117.5122645495632,-214.7532170061719,44.05387896929889,-35.083585826031765,-100.73557492582874,-27.33903596908576,-15.219863319791903,-20.80055513112841,-31.19632702811494,-18.17884791214781,40.005768644753005,-37.05283640706892,5.7920045644125775,-37.63123197515196,55.463212707183885,-47.573704893576384,-54.48797548748517,-29.468756967182976,-56.95249003584334,-9.001875369847898,-240.62176570981904,24.638649582234,-0.0007989439381909,-0.0007989439381909,36.37355845643205,0.1764977385852632,-79.94308856822002,-39.67834255255868,22.555619262468625,0.0629166666666666
31,62.39611271737075,328.5951747781314,146.1007728109022,65.86507909574283,127.60368387624462,-41.15946682866647,-4.696447904465929,40.266675492115176,56.40425758307767,37.24460649133295,43.80089420255928,134.2785352210019,153.91558686069402,70.17982870525492,-2.39657389866697,423.6705329735481,-28.211581499392288,253.1710018038264,81.07471041764472,129.44476732956647,384.66761868540993,97.43753872321882,0.0014936779876115,0.0014936779876115,-9.086316970674012,0.0186085522232117,90.9421872633826,109.54590758072476,-12.693736548646424,0.1454166666666666
32,-9.47509768697797,-262.1554636937916,-64.37539866290304,-22.036667090921654,-10.507952366288162,-52.00442598266386,-33.15810236569132,-34.96698306012299,58.51060066939053,16.063639006765797,22.77677935387321,4.262488360959996,38.7179867133289,79.97910795409291,-13.077419690875123,-142.55561567581242,-28.908002487520733,38.97089260324415,-32.332540747039694,-17.282708096109552,-47.52840288501209,-30.64623006402916,-0.0003473669750187,-0.0003473669750187,0.1168077849415079,0.0982338095497007,47.89703205977395,62.89389097423178,30.22927927562016,0.0970833333333333
33,-216.72986963261823,-339.8127817041872,-259.2931939682369,-191.82706022740413,-111.11124943789709,135.51650071531537,-162.9198328376123,636.4765580731679,17.656815665131646,-307.09981052826697,-62.27760309937997,175.24756027399053,41.93425883996793,96.9971282912838,162.3904593378589,-30.91464929607104,-281.5996555614222,29.772638822124947,-444.9357795012615,-16.38897571127392,-917.4550493114816,140.67594129818264,-0.0011213005418924,-0.0011213005418924,-30.186844156838788,0.138159255716115,-332.5813039089274,209.96825364384048,-194.0108582810463,0.085
34,314.1327667758871,790.2090760176164,41.02688233610741,149.19486787141125,102.98098882140562,38.7837020542492,73.97796997060817,74.11543198441103,-37.64494528697045,37.301538793744605,-48.40821904080691,316.448098882483,357.72827242491667,147.9828625235258,70.43518482118938,353.42945922232093,4.742588064084519,101.49435724975086,132.03881691247904,116.4642444347939,285.1676740515864,54.58976351019382,0.0023926636098374,0.0023926636098374,-26.009147117787577,0.0811794734094277,241.48594351028584,117.28476685789666,110.47968601835872,0.1104166666666666
35,-78.10183568530158,-708.6512859532099,-8.209864796332656,-15.515821228142334,5.211257606782979,-113.24675107341578,-9.66805472550132,42.25138761655566,-46.38699383218426,-22.864592932086865,4.478765583647288,-122.27099871095652,-176.84697468675392,-7.3302876426664545,-18.49105634567913,41.502029286149885,-67.56081827474226,-139.87830086962452,-40.045641423477306,81.95835953529385,-557.4725382874026,22.95273650617049,-0.0007586494372655,-0.0007586494372655,96.97510353773092,0.1005807604705637,8.418955475522246,-81.68317732119601,-51.26035733875545,0.0995833333333333
36,-38.1414832832462,1947.498104049156,-69.56684163151218,510.8698254008622,392.9479698405728,232.9377282749836,381.391497262261,-142.9647984409701,254.2011821620253,203.52992906488075,282.64824820530134,-30.468326971896985,146.9539810114706,-408.6418133193719,21.390699443596308,442.37108285711815,-75.75278672284918,346.7792782826243,-59.607250313079874,-251.45476108207785,1390.9170098613536,-60.75540289464544,0.0024593580658607,0.0024593580658607,-25.09242773993764,0.1031418678030854,236.54059475629035,13.966909134370027,260.6749946603822,0.0983333333333333
37,212.8423907122124,573.4391548369094,-8.598246297973724,242.05070997797984,113.1950244170007,233.42913739079128,100.09430712698756,96.76766125449164,200.6775709451959,70.4882575433803,-64.33645024435708,411.38912155649984,123.75129435787868,104.75742139396796,25.7685386671067,301.73949468463775,65.04073076308703,183.48787512224985,162.7016267143417,-24.83295904100536,474.8944440550882,104.72712579859196,0.004560233430596,0.004560233430596,45.70715936796903,0.0765351954701321,129.87279876037394,147.35709227796747,-124.28114295643871,0.1145833333333333
38,-11.915499745146224,32.69335095769247,-126.99809689270106,214.1338381569048,-147.9621426043822,304.539610727158,-82.52530101277374,-191.5131149519599,-27.98816453321528,-81.4251451541571,-339.342083163256,50.34004429244273,-233.7594022214396,-119.21483290032788,-166.4338423887665,158.51156860373928,-154.04385226563107,59.63267365221046,-79.37668974462001,-38.75245303159852,251.2401532094817,-163.70961889174637,0.0001125468945393,0.0001125468945393,45.5272323527365,0.1046647472586311,-143.62908232398792,-269.312834613276,-53.25332315940144,0.0983333333333333
39,-13709.097928295882,254561.9229561413,10099.810665123628,-35866.80906247863,1440.380814041138,16781.5808006702,7269.224713201165,8917.602678087274,-4383.200997702137,3565.591635779379,4471.582341067578,-30259.326818282072,17686.81680991412,5886.03948573413,548.7679007428176,-62860.69848056327,-2056.572855941243,15563.13368569925,-7340.89799236406,80.37440038982277,196775.02435910885,-1081.212803412638,0.0137557315548145,0.0137557315548145,2204.6896623171306,0.1877098840096728,-12217.541299717435,751.6967733942329,7389.684330680639,0.0708333333333333
4,355.25550209366185,1445.895373737215,17.414022199836996,355.0221114367312,-61.29393605145755,290.16842452078504,55.35416631470648,-43.27046060407074,-118.33287992284092,80.69952299623122,-17.261060997715177,239.2526215270638,204.13732943978047,72.75287842687578,149.55542330467702,921.6125055603882,49.419486534154856,182.69901620671692,49.34062307405258,-38.96419774027185,1459.083106503109,-34.182103405122795,0.0023273588866611,0.0023273588866611,35.67954683863344,0.0595882615078292,269.65469676502266,225.0657569774945,220.66225727848456,0.12375
40,135472.42145567248,460759.2020897309,18368.67427918294,66039.37792717718,31087.60127368249,39476.75418241011,31268.39870544356,70084.94992842592,48009.51777229807,65877.97528616848,17466.816072850528,153371.22621010343,120663.93284114228,37017.52677928438,26716.66615224837,213189.77224672172,31606.19794276076,45817.532543648325,49565.84183005043,31306.9187830582,303328.6319913981,21473.28232914414,1.2509378907878284,1.2509378907878284,14453.89357944906,0.0064194282879845,130404.2688601067,48058.56361709978,34727.641078159,0.1870833333333333
41,-74489.95118766665,-635081.4075107584,-17806.224355094542,-59876.57506649094,-27098.2803433227,-128383.60512197176,-32100.347425888067,-32091.16763812184,-29795.79829206947,-55920.88437575834,-18102.65415211232,-118889.917073637,-125759.991424351,-52739.99382187727,-17258.576031509183,-147167.75139701203,-15802.470147564683,-95949.36170381664,-42953.067433869546,-38017.801861824046,-254579.86874285823,-15738.938958068946,-1.0650270946227596,-1.0650270946227596,-14803.108447711616,0.0997949922109846,-67373.23576125283,-38889.08080923983,-26267.20280853456,0.0933333333333333
42,-107157.63193807867,39613.86555025128,-21645.40407712394,-102281.62745183783,-27758.73297980408,-83525.86720013779,-39267.87161109697,-48654.25815744699,-73586.12582180675,-59897.587642638086,-24064.185243332387,-73536.80312373018,-46951.74167360356,-38852.46736914589,-19751.092135973315,2520.299508456652,-17317.85419246726,-61271.97503319822,-41575.48205760472,-20794.382853762,34741.82564338314,-15955.62361094402,-1.3343059608170071,-1.3343059608170071,-5933.529634722082,0.1534510385389167,-78518.1354951091,-43564.84096515863,-25392.996148828563,0.0725
43,30697.448319977106,-319357.21075979393,-1090.5002470550164,-10598.062601125275,141.32104807109067,-38161.83882614772,10195.117544112032,7680.585218205108,11965.3103107899,-5357.133034038696,3224.312869904641,-10001.932401382996,-7753.225983443426,-2646.89527182645,-5991.533942210266,-14896.034996418532,10722.893387081687,-7903.823238456742,-8981.863163508886,-1905.8834758454184,91692.4531686676,7927.131759226183,0.2959566486035848,0.2959566486035848,1125.7620684709907,0.0408529257584388,7080.600882469635,-4426.354901220477,11593.479920201808,0.1954166666666666
44,55756.47903112712,334799.9366387441,6903.208676762299,122393.50281140112,12823.388743214577,161708.07457415096,30164.335861055224,45939.39157447576,47730.61578462385,47281.96012937043,9077.18882144093,85975.13695678955,81870.62898145069,48522.3521888573,24564.21317563284,167135.85389068926,16204.738500819934,18787.155102657496,27625.47717032549,31836.454731870712,607027.3765523669,17659.727802463436,0.9141308878699458,0.9141308878699458,2785.3009622413647,0.0661082555431579,95976.14919107896,51607.42983405689,8575.38486460397,0.115
45,-44.10958829009979,125.45026560997556,-3.1849925951227114,5.680503766518081,6.306321276859288,44.18478185091215,11.515509896471055,-11.66542353629785,26.9519594767185,26.70819770662727,-6.896342513786955,16.202419183729162,27.55911383776505,12.40886257647259,2.178222253170474,140.362662566571,18.23350389690284,21.709547321080493,25.522754037112065,24.30298320688225,122.37269663414284,19.23010199724179,0.0006252604258399,0.0006252604258399,11.846566560124176,0.0617205179171402,31.963796012275004,-2.492148590135033,17.91380053824182,0.1208333333333333
46,3.4558111637878817,12.240198937862488,3.4044597053030845,4.088899431406704,1.9289959597453832,-17.617273043549257,-19.41159188376537,-17.480191207022685,-33.1362423372006,-3.1366954281906603,10.068991228706327,-21.017237613190456,-1.7328237980892125,-18.098120463221143,1.8100084019235925,108.91590596642536,5.717820111761963,-23.25815596400061,-7.134678921287337,3.993359747363928,68.84160520479227,2.585886200280278,0.0,0.0,-13.936964437247472,0.0854272329356761,-17.09366682789134,-5.471612116512532,7.448379960126798,0.1066666666666666
47,-81.85978281993116,-81.68091047796122,-6.74017860593604,-59.98404418042978,-11.440389036450703,-82.39526424242763,-20.460629368742204,-18.042688298988168,-38.76174568192792,-36.744936346079925,-12.042389611142555,-49.23185422949987,-16.766296062022235,-10.226727690820365,-11.407562000369348,-0.8717973048789087,-20.89297807829415,-32.77054976329994,-39.72528671062164,-17.169624692085286,59.63959015685771,-4.829719500229464,-0.0005210504376823,-0.0005210504376823,-2.029051247356267,0.1255029002772731,-43.1465260013326,-16.296929510379318,-24.461449140508165,0.08875
48,-4.726623322253398,-50.62194580315867,-2.884337491739932,1.2819616692516251,-19.67698532982332,14.606334848809446,-13.230610907986335,-2.642103902423308,39.28401063506692,-1.109994865443828,-5.237466627726662,12.171561950469188,-50.24197869269297,-12.697575815525038,1.0172679201247177,-50.30088648521157,-1.2771952370592012,-3.9588344527957418,9.627710011398058,2.958399062235138,-256.99237961174777,0.3525882198692911,-8.336799052105116e-05,-8.336799052105116e-05,-2.350108290195343,0.1511182984090028,-13.209842512535468,-5.33352809066567,-4.5958477148288885,0.0795833333333333
49,67.99544557852755,387.7433687090024,7.011993915221391,63.26530367553271,12.069403520847478,37.86213959768065,6.492484889589628,25.98253714774012,5.848559168781397,-2.870288013641816,21.74679101733308,73.75680766478844,0.9110227075969426,21.07573132449268,8.409130446520296,230.77346340437683,6.233848319516081,44.99410399820474,1.1138466810821503,20.3509165870312,-24.45572907291823,14.456955229113468,0.0005835764305752,0.0005835764305752,1.4326820223939185,0.0477914589147749,50.58039705837732,4.63795020542673,23.666883060832696,0.1466666666666666
5,-328.40636758924046,-1206.086165369183,14.278215369559222,-117.3180873949724,-104.33130951201416,-276.8343144405243,-132.69177457331074,-67.79920506141526,-151.98514013237855,-197.5499849368432,-234.05471302510645,-556.1974108063764,-469.282285514344,136.35344502430615,-98.64509983658516,-1299.8806656348474,168.23556102890143,-12.197352368448753,-38.200003617695394,7.590116462419126,-93.4324499615032,15.470652710304147,-0.0019799916631929,-0.0019799916631929,-119.17836835105214,0.1286724222889504,-198.93058268489972,-52.62687722851104,127.89287532922764,0.0879166666666666
50,2.9695082083972903,-120.35071283238038,-1.5798983015612844,-24.121831658351585,-10.28280277146703,-30.16424943681633,-11.88461464503806,8.308884633066699,-47.46203385066892,-25.75771129653912,10.838521749583602,-33.911510567687145,-9.854375866846212,4.7350172664847126,-16.05567148546806,-117.66818272663332,-6.617582961018248,-8.710018721247774,-20.33334991037156,-2.837609036993636,-73.13112748737133,-3.909825482135272,-8.336808990412678e-05,-8.336808990412678e-05,-5.207469952789518,0.0877982612652907,-8.037531485806134,-25.155043711031347,11.90210469401967,0.1058333333333333
51,-3.182904573040149,51.97904735702001,0.9324341603374224,18.24744467714671,-1.0004134033668417,23.612947062970832,-0.6741051245379066,11.149020300981942,-3.426139922419128,-3.6891994778417576,-8.870589940126063,5.9411907578675045,8.037141234910589,12.365286726979765,-8.320325967554488,79.07403308374799,12.424180086126643,12.884330304656611,7.2009598689054695,-2.9364096023987427,81.2432888352203,5.817380267237105,0.000250104220025,0.000250104220025,10.04474429936596,0.0510493894631841,14.7998581902492,-1.770541745838928,0.3300518795114739,0.12875
52,-7.233917839179511,26.030010879711444,-3.647526240310803,0.7636789794480672,1.8952564938521903,-11.41478990914785,2.345919973790233,8.004996228875195,-0.4322313206744006,-0.0626493591036814,-0.0225827341656708,5.280460274617592,5.233184008109446,-0.4299415681590242,2.1215157973498684,46.866664540416224,4.344633169415417,8.151519164018094,5.708835688902015,-7.875650986277619,58.70349233833369,2.9835023220491905,0.0001042100875364,0.0001042100875364,-3.562847430312733,0.0642562632117795,22.39410908004715,5.119798392623399,-6.298045573985078,0.12
53,-30.66639824039643,-24.139917429924576,-5.226219527703175,-17.366224084669945,8.111941179160926,-9.317829064301568,-15.633864259246623,-11.686421571383727,-9.817531685076789,-13.876162173980786,0.1919531384087285,-17.39939164626492,-1.8339222727023767,-6.710848340260704,-5.487887101654591,14.161846634036124,-4.461708312635973,-17.922906097626687,-10.472470255254052,-4.3223517577142,65.89913752077757,1.817477940383915,-0.0006252605500629,-0.0006252605500629,-6.115646400913093,0.1284765110086084,-0.0285703278007352,-10.960395959227014,-6.270435526199542,0.0875
54,-13.403651534817705,-55.30604498606992,1.4786921342735155,-7.062407819840407,-2.363515314861518,-9.538859890158182,-0.1475724512778193,-2.4211958350821985,-11.827505924126324,-1.9020857139715108,4.926799488376829,-24.21740916044105,-4.398360534822764,2.237987726261868,-5.112710911507149,-15.73271828261435,5.873675610921738,-6.435825609744796,0.8718107616476609,-2.3686038954227406,-0.1855327530412456,-4.079539352994044,-0.0001875781277532,-0.0001875781277532,-7.627497869412687,0.116346699697282,-5.36917896908478,-7.151156751986795,-6.295697678277233,0.09125
55,-10.765165987914012,-107.18012647906664,-0.6406538136501965,12.348675477770827,-4.480213547773989,-16.15661975316276,10.085636441012456,-4.333038936700495,-7.735765074365176,-2.9076920363737937,-0.3536910668030941,-6.8868737025965,-2.386907457664969,-13.807865336675832,-0.2724200472928573,-16.153979003435346,-0.5082294950092741,-8.394693683218225,-10.456349988091064,-0.6028548835280707,69.01538199907839,2.40464530023562,-2.084199763234704e-05,-2.084199763234676e-05,-10.098549913972128,0.0873840196817418,-0.3183984504233503,0.726392757532027,-8.458111106279144,0.1041666666666666
56,15.036410321965736,75.2055632097734,3.131727860041825,40.64333291882927,4.91567041311673,37.6603708470165,13.741866091908156,15.941969379566508,25.49692041727414,23.76901521940937,12.870961651142558,30.602434122587383,13.62013256556114,10.04073789192884,7.781645360440481,55.43134443838064,12.23616807551958,13.900059400676335,8.388284842005826,6.484800921356295,92.22543903632965,5.668331057687954,0.0003126302626094,0.0003126302626094,-0.2496693563163932,0.0735717711985268,8.86627652547268,6.021906748539227,3.837402729768149,0.1129166666666666
57,4.325067605363899,111.55326962130754,3.4575470239897665,43.99363264790441,12.946904162015592,33.93570511630463,12.678581789865556,15.842650019501392,3.691864114300677,5.784460756354785,2.3505415215753254,5.237463411725493,18.3205302624058,10.607539609380124,-8.4964445037367,165.72281795645588,22.451042219319763,19.37422008834966,17.316142722868694,11.255415054208688,124.7222696269358,12.273097637784396,0.0005210504376823,0.0005210504376823,5.480338249749858,0.049316049737426,33.08509422064301,-3.3321127180500096,10.611097738881767,0.13
58,-8.201846364087098,-124.04284548454476,-1.7391924415965097,-12.693097042351411,-7.1983696035129645,2.446520322264057,-17.652735011533835,-0.6986326181516764,-7.496586703005818,-8.139095948568398,-8.395253850821927,-7.266517249623183,-8.95921096844417,1.3838674515714304,-2.2619435147408744,-51.50924550454742,1.6760937931289617,-14.66421973721528,-18.00525048592371,-6.221172685504328,-153.6962927336971,-9.263416453405268,-0.0001667361301208,-0.0001667361301208,6.77504415001846,0.1106004207215374,-8.59194436130906,-8.398241869931404,-9.524461041389756,0.0933333333333333
59,-38.24885623613883,-63.867271855433145,-5.803802157256145,-29.1966819194752,-25.731287485552603,-32.42818846016631,-16.391370933897175,-23.76545695634956,-24.78377697517825,-14.879651836221926,-16.532298034725926,-48.796709070561626,-31.857829882769167,-13.314714614644371,-1.8653956529768143,-35.20477080222054,-15.15073305513615,-28.39036604579533,-20.64930461088636,-6.045409182103009,1.3587506953694186,-4.314187981451399,-0.0005002084400541,-0.0005002084400541,-3.6323784429895687,0.1683441199032262,-27.495679897059187,-18.1680289675068,-6.712495888169226,0.0758333333333333
6,-26024.03599145008,276172.7432741455,9829.122651780204,-43279.447333265896,4516.34447905392,19010.386956840703,10169.96672502178,3689.419222622844,-11897.005745059954,-5.187940354665955,3522.639188267794,-35424.83311895275,20353.854840874134,6996.169051160372,-2615.102352458171,-67413.60043396874,9280.750382685688,14183.363051200646,-3137.7927483139574,452.44752024438793,217301.8366791092,-700.7712519422241,-0.0091704877032096,-0.0091704877032096,3897.629522484209,0.1892125198460268,-12046.428648121982,1875.6532971255551,12088.11145542402,0.0704166666666666
60,-23.40275138197981,-88.28087350974162,-1.429517733205958,13.424146854563652,-12.72626192197034,3.5253608597394264,-6.251989153296407,-7.791103594235725,-20.11958977771819,-8.388475560035326,-8.082739441348387,7.15490323618557,-2.8932237910189214,3.316320735680088,-3.5536635289828085,-15.248583543685523,-1.0259996209279998,-10.970912736430678,1.473477858712919,4.206422558358233,-173.5007716393589,7.006616008852019,8.336808990412678e-05,8.336808990412678e-05,-3.114041645094469,0.1740285059394301,-5.574238722929819,-4.681540346249992,-6.869554148835279,0.0683333333333333
61,61.01027100317549,328.6372742698089,16.128875664450433,59.53375320242852,20.32832876271356,46.62938172509486,22.43541917955765,22.35327192114457,37.756059592737,35.04421431387611,25.68321702371434,52.26201936100043,40.99822279517292,22.04450337150541,13.254641166304168,164.60234850079968,10.915661943217914,54.20651998218899,27.615014508535594,19.04468166663517,134.26069124033802,5.671323451253387,0.0007086286151271,0.0007086286151271,12.701471579235454,0.0217396241722637,40.16088545205121,36.14350862115319,23.13621743821101,0.1770833333333333
62,-14.81738133775926,-116.01247029103092,2.9894128113595486,6.824288488459679,-5.066434181080735,-0.7352687548568505,-6.6148921010551565,-6.962442633774736,-0.0644826281647015,6.557422532964563,2.6553278953801662,1.405160962596916,-19.95755186873065,7.282859690461908,-7.218597571953223,-59.45581160853832,2.587277373205811,-5.883522348156268,11.334525561260534,9.77598501553433,-34.66302531885009,-2.509388680418593,-0.0001250521348561,-0.0001250521348561,0.8757586115878109,0.0708419497986914,-7.961875082874761,-9.328682718748436,8.545626836454751,0.115
63,-31024.65169696836,239900.7017217987,-6778.207578873349,-25463.29964147502,12608.783496614167,25714.87072865206,19944.277014643827,-7477.192382701623,-16343.426228281123,11871.604182486146,16523.002613110788,16125.460449316082,53182.03413340176,-3967.617307024692,15799.052561786266,-114278.50195112028,427.15787664492245,45739.20509532377,-15646.726403268003,12286.371515355058,63697.43766003442,-4046.620440646647,0.0345977490621092,0.0345977490621092,-7361.268891397517,0.1633362781413501,-650.0269694945398,-10363.841205097377,12788.777060770906,0.0775
64,112794.35436532868,563827.0241598128,19751.68083498137,122871.613364848,41188.45511435351,96805.6615124954,38513.93863682189,54434.950391320745,65577.25969190581,77296.76477150458,34144.69388625254,186087.68682418508,113414.78791504855,61942.665285773866,48078.1340734813,239307.7255695443,31952.698007502982,61181.09343249207,41251.90776526973,17210.04159109868,375091.9953370972,17800.68290143966,1.3480616923718216,1.3480616923718216,12657.853274736352,0.031058769913732,130779.6864462666,36256.20663586444,45217.63637983566,0.1533333333333333
65,-143499.7852470998,-720610.167769801,-30535.15427884465,-116847.75087410067,-29723.430324098084,-158059.05591416883,-55943.65132914324,-61368.134359136544,-55829.42606457188,-64848.523289662975,-28570.03516077292,-209812.78540704504,-128565.6958693904,-54655.15221158655,-31077.756062644214,-53958.60402482185,-30646.884981636464,-155655.300277763,-77606.07180056405,-51396.48442150888,-277381.6779772729,-39026.89060773266,-1.6348478532721968,-1.6348478532721968,-20415.452576561896,0.1194796925542723,-87680.617808926,-54557.36541689672,-31448.66324144476,0.0883333333333333
66,-196251.55618018244,201079.1417500164,-22257.105441214364,-72101.91098257575,-16305.838096428044,-95232.90874401918,-31635.713656449487,-38106.05020887753,-83049.43598767536,-68634.7466694647,-38956.816719596754,81638.41313305014,-44575.9069677845,-30186.12542423572,-16620.04836718203,-165549.72407363437,-13956.75411206116,-49358.8712693317,-41881.137859057184,-29257.871219716573,-169282.4206165174,-30186.76433197317,-0.9320550229262192,-0.9320550229262192,10231.548039176738,0.1643941148702501,-56410.3686463773,-23503.98169064585,20580.94117305796,0.0720833333333333
67,187196.12395798927,241487.72471988172,43037.663046283225,161268.49424404884,45196.06790728046,200151.01384164923,39707.81669328357,74298.43229784416,70221.75102822392,88373.94497708855,60133.90911770558,204055.1643058192,70795.40122922069,77121.3589394493,30345.29725614667,104063.94102864698,25472.73767166688,138566.547147515,73280.7571232605,59124.65582429238,590661.133518727,16418.38205897469,1.8086702792830347,1.8086702792830347,13635.750412736114,0.0208406174836974,63914.04967959359,62386.302766057735,54789.16306414321,0.1783333333333333
68,45883.864249155326,391643.7706888167,25044.98335023217,99526.1588807533,4632.01854712816,130075.35888307856,20333.42474219252,22152.37133494041,-15117.467979499705,28063.134669219908,-8879.424828889942,78976.49423148738,72873.1911703173,19732.72147641224,1833.993043740751,5771.657623774593,14475.332142381229,52893.86901903835,9863.272166831604,21744.64720934268,420731.4808045658,25210.05573607332,0.8486869528970404,0.8486869528970404,13712.526175623165,0.0943202003895087,89965.39821686888,61451.90960942502,11284.641702284884,0.10125
69,180.3473519138992,803.0066207856277,-42.55657602672221,-188.88010135539864,-139.58918099026505,109.74253320207586,17.396473015715117,508.96749324649846,58.36030620841039,-240.6262166215032,33.59794634674196,201.90761826028745,156.3987181627702,202.66894361354736,150.78697783578804,-303.2765566065973,-166.80824677718482,178.4702856901549,-324.9741614274955,135.14008531922363,-83.11840667289785,260.2685113585466,0.0014464360150062,0.0014464360150062,-85.76989391515926,0.102519273625878,232.52746932561524,379.0285406974218,62.20463573371404,0.09875
7,146426.35366378134,518589.1304801764,23497.574685485,87062.67095244453,25907.744243551755,50109.07718146093,34232.24689024426,67190.3246160608,54605.570835437626,69444.75066901463,26229.391448254846,163809.99692618073,126269.3687682249,39004.930370823175,25019.003262062302,233041.06102134465,27835.87564493928,52009.55178101051,43151.05257034527,32937.71460757055,318856.0088081411,16596.585121233416,1.3163818257607336,1.3163818257607336,16533.682699019933,0.0067226982081754,147385.02191679075,53034.25289092597,29579.222245665303,0.1866666666666666
70,237.46256354203416,747.3168077677328,-9.124469392069166,199.3154150500613,84.45900468731827,62.50878977392455,47.03250902066164,-13.271732339506531,-29.87774667856517,48.262038031720245,22.597036234662976,211.01754265723315,286.2587810310404,111.2289270409805,70.87580064343541,261.0920707502453,67.0497202789451,50.63998606056043,64.39504573511161,98.13678677021592,-4.571290724187271,24.648000778197883,0.0019383076281784,0.0019383076281784,-20.17433559882104,0.0858758868158953,208.89961212579368,121.06164358964968,83.25811799822651,0.1083333333333333
71,-168.49645549254075,-737.0012521524413,13.853721079196326,-344.80589157557324,-158.00216215188937,-155.04938823515477,-104.83240510679668,-124.49739577075457,-33.94164303158242,-200.6503427736274,-68.06065065708448,-454.29660427190817,-299.2618037066351,69.87821673776166,-139.9341145102258,-852.7456596969677,-137.14177515805812,-101.33240353323644,-104.61352582425256,-54.08843893187182,-1097.0915501282986,-88.39752463779257,-0.0019049604001667,-0.0019049604001667,25.236309748335064,0.1124677666847256,-278.23217685017005,-180.1845517780032,-64.9654840454372,0.0941666666666666
72,-697.0161459650535,284.2577869474093,-16.86459321456919,155.89830997885383,-173.60829976496822,-340.6586570386873,-10.418995267371336,-501.2396123651881,63.39179635307463,-213.74910394679551,43.6295955089373,113.73774542706984,-286.58956216183003,-650.2541881132024,-86.75750812710932,523.406209983592,68.76569636484398,-31.12880521884473,-692.5370701739823,63.99356239536,-460.13072915038254,-210.2952356358626,-0.0035806586077532,-0.0035806586077532,-67.41598132677942,0.1186712072126738,-77.22394806060325,-352.6713639799078,316.63527379412375,0.09125
73,124.75489050082756,-897.0925274607739,86.67780355819755,76.45455479382441,29.92775806227668,69.43503542278164,-118.45739782663662,180.968712092506,78.58923780495763,-121.75125015952877,-106.06397941754317,-444.2238107352558,152.23684295136098,-124.72853830030915,26.916154998855745,112.280527110199,47.52947043900858,-195.227219653773,20.30915098589287,35.18369313300292,49.26592391068885,-33.10072529097175,-0.0002709462275948,-0.0002709462275948,19.793807595695817,0.0865836582391427,-8.422511062306684,109.44097643527483,-161.35788358291512,0.1075
74,-121.29544245664968,159.85604044161974,82.28719796203272,132.81413033225,60.99510317619476,168.72465346429777,81.21049107427149,-151.81008861935143,-202.50261510068128,-195.7200181587328,300.79859753250514,-32.69789090922268,-210.38695593228127,-49.54412678778564,312.7991342331612,44.03301491422295,182.7577337607505,-170.56904677803382,-12.175736341174982,8.407004805694704,504.4316685876316,131.93852246250665,0.0015798249270529,0.0015798249270529,-66.23463380874841,0.1030776762107455,-143.65197491383626,-233.51857871233884,-25.946660214924886,0.0991666666666666
75,-12510.043746587276,276812.01794843096,7465.904148677351,-29614.825540248705,3340.5258960747765,21852.135609043584,5904.063290687785,4101.336024692462,-5473.018619664033,5679.228486031233,3817.136724802504,-40295.73207377968,17281.51407466497,3465.10585067849,-3137.404464167604,-59417.295591627226,5297.582577802075,11519.97648291922,-3584.653114867043,1206.4983222804788,185570.14793537368,348.0933694603174,0.0787828261775739,0.0787828261775739,1771.7095286953688,0.1889544867873107,-12767.685629523738,-164.9159205881333,7909.265391226423,0.0704166666666666
76,-83469.08001024413,-546851.4001978012,-6681.175939968839,-65703.2909344183,-9996.205481165778,11144.386858388543,-16092.597298228353,-6751.861999802912,3031.6415262436867,-50281.23763818001,-13861.95032265703,-98879.13829754702,-57172.67813871603,-10213.111667816926,-17482.42094124089,-94574.46639818884,-19137.980172431693,-62327.14654686808,-31694.476030362606,-21025.68819261168,-506850.8716784018,-15179.973645038925,-0.676948728636932,-0.676948728636932,-6593.166165074728,0.1860550926686597,5623.784203652809,-26355.50812093709,-14994.344803569566,0.0541666666666666
77,208890.4163677598,953628.020785052,34408.947567613126,131318.2117264112,54728.93583412458,101803.9384801126,54318.334766899,91847.30984496928,166758.853701122,91186.37033349209,48973.24714060821,273279.60146793764,75000.25304155413,46439.8727154434,38363.35118964524,335103.3848849782,32820.217742801855,131014.48462210337,60120.782942849546,54329.386901979306,316112.5854037857,25927.070028862523,2.208420175072947,2.208420175072947,21793.24686593806,0.0339827069828584,81233.78351203224,83587.55215978477,53845.88108865087,0.1383333333333333
78,-96.98074050563632,1358.4185744265883,167.66419965515792,556.05227587556,12.249569196403826,388.6487325450115,66.52528780357602,164.0601034156478,269.7761599043848,235.3246966613347,-153.43052592538862,-142.46916081719917,153.7538932500023,-252.0683059072804,-85.57818706525681,650.6205147530554,-331.0783441688669,-245.81591453939384,-105.56906120633926,-215.4245008999835,2601.7490540984154,56.441857134954645,0.0011963318049187,0.0011963318049187,40.63973438700077,0.113806892031441,-211.84811572311432,-7.710872976643745,1.3411541873802548,0.09375
79,674.4361044757682,1781.9499559684375,7.519224801203151,39.88829079450616,208.93373425294303,-52.99339687249592,153.9244759815204,26.60947544282439,70.29909161537289,143.31776387195083,44.00432626919626,746.128969120606,444.5550755213246,-5.384835444726946,226.5330750251322,749.244920414024,-38.06605562010108,268.68222703441734,105.91425507153502,38.95157066470938,2229.2907612727063,-0.5966886254000059,0.0043976656940391,0.0043976656940391,33.26600690932412,0.0650511263533736,384.44906984293215,253.22926381513537,273.2647791357925,0.1204166666666666
8,-70272.11413770905,-694432.9072371047,-22825.778896736272,-69938.77304286319,-21151.52449702,-146929.8638404454,-24264.713915407905,-22606.56063232348,-27347.426506088163,-61195.25209569557,-20393.154931722733,-133304.1535283851,-139218.2561170996,-52683.15732670628,-22369.59683850468,-176503.2752000572,-17772.46460629291,-92335.68085923202,-49843.53894370064,-47182.8188376315,-280650.09162087104,-11640.62563251183,-1.071279699874948,-1.071279699874948,-10863.112973739238,0.0981659117953245,-76258.22817910174,-36586.85877201032,-28423.34752715404,0.0945833333333333
80,-366.2916949359594,-1677.2474168695826,78.54738323938615,-364.4187902263788,-186.3599166154401,-605.2044216185377,-1.8085860944163272,97.12810735362984,135.4070589983946,-703.1056210302777,80.20059732005245,-591.6613583367256,-276.66566233827325,321.34583124026176,-127.466519232574,-125.2351955294497,-82.94901486203557,-266.98757845267073,-292.2258458788814,130.59616771374323,8.431488912358773,-99.47134299981988,-0.0039224676948728,-0.0039224676948728,135.51157653621732,0.1061538546470364,182.73030510452776,-76.14559322097585,101.54777397530944,0.0975
81,-42971.777677121136,209719.77432753032,-12935.698906074836,-59216.12020370715,4509.85421049119,18778.60137515376,11792.192367275476,-5391.073446825367,5624.467688971433,16315.852214576333,11053.4592701124,-10435.357052041543,59048.64207718846,-2203.4119417586744,5117.329109325515,-118261.3587660061,1001.252742005562,35690.68200001639,-11751.727362571131,10843.438665956382,83739.29207520658,-7582.922989357491,0.1242184243434764,0.1242184243434764,-6228.858828572781,0.175866802384122,-1889.870838520199,-11680.609293957616,11459.36327159532,0.075
82,146338.6568206917,624570.2714366145,29121.17020331648,142333.71184701467,32052.787431164223,90123.43857931557,46213.468954202246,66978.23326070522,72761.51388574467,93532.2926210226,31577.06282613079,206256.43230682792,134708.3012581249,59540.50594568992,39216.19033409748,259197.50562049905,27885.311830858795,70390.0800096369,45443.94951358962,25547.669446997505,414181.75974420406,19018.683202907447,1.484785327219675,1.484785327219675,20352.13813165293,0.023539291826794,131875.19125338533,52021.10106192726,39329.23082450596,0.1620833333333333
83,-138775.19106353453,-688834.2929766179,-24454.82642900085,-114727.16621990164,-27730.33697987007,-164086.88661671168,-49810.67641743651,-51948.87806788724,-34317.5376327355,-69848.76041124671,-35483.00194447169,-247344.5239255061,-127247.71177715262,-59299.478828486295,-23497.508383009488,-132394.2297416909,-26268.91863257504,-153944.1272981418,-84759.65538660166,-52776.1162384494,-262294.44927792344,-33152.751164796115,-1.696957065443935,-1.696957065443935,-19148.33611797011,0.115509343630702,-101954.79888356107,-63100.98040964759,-52270.80100425508,0.09
84,131126.9905508253,688344.4153419444,25674.51853313052,122530.74895685368,34099.00532676048,81566.67155207435,48286.37954968613,74716.03418330036,31132.113962845124,109318.13462061448,20286.78047017622,60830.397324564285,49526.28756640513,65499.61195175014,22902.14742098304,261168.558146828,18611.34760674592,105658.51495724896,25340.34488835254,46128.6432619554,645249.6270251684,49653.5547094652,1.9870779491454773,1.9870779491454773,34419.41581469675,0.0209706376887366,112278.83940098382,49914.64467734225,128951.4404966934,0.1704166666666666
85,-200761.61794255688,-892260.4423866438,-24328.551340283087,-172310.16935761878,-38676.23592712712,-108845.41163971456,-76752.56999890288,-60696.5321742221,-151431.2517617604,-70631.22377761318,-37777.00651287698,-235597.6775778308,-39001.17638460992,-60421.05162033992,-34271.205468275,-415124.6116226746,-41297.8723369731,-75751.63090505294,-56280.21668919896,-73640.84638136189,-445483.56849318906,-2360.144875338614,-1.8928720300125053,-1.8928720300125053,-26618.071848558884,0.1319296276989402,-93539.42219356394,-60644.03830746296,-49274.55807174314,0.0854166666666666
86,-69837.12645085173,188660.04519289805,7821.142249044015,2382.467412226763,-720.5401534248053,79986.08937441837,-12445.412299819263,13142.927087421138,-24257.0718817482,-11405.303372695713,-19117.365720082664,11109.383890005767,36960.84394392722,19545.81402197525,-18617.05719704396,-157469.38202383686,-22852.417638472696,44445.65723071349,-14867.328027434389,-24671.33147684444,-67329.2302415423,8052.242665506145,-0.0325135473113797,-0.0325135473113797,7383.920327845943,0.165650521052931,12001.522221345196,-25821.72934969624,-15862.823759280487,0.0754166666666666
87,-94192.91567968676,-587940.5324121164,-22813.028614785653,-67765.18288331045,-34538.48253935256,-81800.47200281953,-30940.79181314141,-55414.61374628733,-58112.78123841655,-61793.11478740273,-29426.013120537707,-92298.97683759112,-48127.52298402452,-36862.64904748743,-19646.50779823065,-171184.61567491211,-28818.43766513716,-60060.07225380483,-41634.30618128201,-30349.430938209465,-143337.12164822436,-19113.23638580496,-1.2250937890787827,-1.2250937890787827,-12340.42680265267,0.1255284962102981,-87413.01577521901,-49312.47806703008,-26979.647836281627,0.0845833333333333
88,-75980.66631222327,165774.94490961317,-7710.133498171766,-26008.89841776557,-11206.27996967088,44428.538319079846,3264.248810742222,5961.934755127181,174.70686300928537,9153.282308333588,-3717.49489243568,-83175.73748160666,-18316.52593834978,972.059972034881,-11793.328516477372,-50365.36555138651,-6607.704531628917,-14074.964453396817,-8762.66593696101,-7861.581642021082,-60516.87304334882,170.06391419123747,-0.2751146310962901,-0.2751146310962901,-96.8789584454978,0.2247131822454324,-623.0353962372078,-25726.19990617388,-10733.755595100056,0.0625
89,106477.52837815542,417208.73392469983,14462.612310801807,79626.9316485073,25007.780385090147,52815.5078448046,29523.65278219447,42814.03965581822,44403.26217408312,41784.295391035965,24483.822507174125,77307.41761709207,69555.68664839369,28909.066362705715,22292.91847012692,329331.54632159823,15494.306208643418,64798.88280359588,28555.355073818,28707.83711900658,454091.5229684706,21809.34418649982,1.0783659858274282,1.0783659858274282,3639.790575916956,0.0091939101788592,64788.85556459431,34518.64076332934,19456.28146771773,0.175
9,-156957.96646051956,-375344.0235761718,-33935.86313227972,-108898.2693632124,-39111.67636489609,-105682.80986990198,-45655.70197512202,-49543.134007351415,-63220.59533375612,-60216.51168028221,-24591.539220604725,-180413.04349957337,-96481.86001016514,-62644.93871800568,-39730.91337256442,-312137.0847783212,-34958.53301136809,-91860.0989829237,-41770.89556187013,-42930.16142693996,-665989.3622433549,-19612.07795500728,-1.479783243017924,-1.479783243017924,-7658.846691027748,0.151323471142888,-65173.16485915274,-53895.88848758901,-33940.25141811555,0.0733333333333333
90,-96048.1990876191,-590443.8829296748,-22316.48761659849,-66258.29150465592,-34084.630461466964,-89037.35159461119,-28616.49002485334,-55532.414045278056,-63003.73499268442,-63207.96057604748,-30621.03707693484,-92448.33417373322,-51303.18909194626,-29848.506607720166,-18621.3043924578,-169968.38190685253,-26615.99418869493,-59991.66299685814,-43704.82669925572,-37795.93652229879,-152580.52125991986,-17073.96505325203,-1.1267194664443518,-1.1267194664443518,-12231.61673251206,0.1248598444203901,-80314.41113886356,-49920.48729427355,-23374.81057140611,0.085
91,-69672.06481631086,113469.9564054466,-3967.800598456892,-24089.0521441778,-9698.921098954794,-5007.565753940651,-8396.74006851278,-11703.069805955403,5060.5702273376255,4496.61008286823,-16064.240697247787,-84861.89984588421,-56547.54083720221,-18539.234080046022,360.56841779213664,-61341.38068982847,-4499.167429193106,-48234.00963169094,-15703.476844556646,-3067.757609861936,-158991.46451089066,-15893.332474043526,-0.2546894539391413,-0.2546894539391413,-2843.763048197836,0.2330907893204599,13040.46926494541,6740.056713200993,-8473.128177486542,0.0604166666666666
92,102858.76323292704,360440.1001406824,19604.870495505507,107110.18560800832,24215.165213998203,78340.0399279529,35240.38767828571,43156.64866272079,38492.11134493231,41646.40906820784,22627.281719298004,75958.12690562334,69677.86534669591,25299.16281097811,16564.519691466456,282441.7314784517,18465.68487290477,64633.44924009434,23834.01668244088,29050.25291516205,477751.4241520497,12988.853669816575,1.0062526052521883,1.0062526052521883,8318.10305530634,0.0087127993550577,62620.6893764103,38907.795233717065,20727.34018846369,0.1779166666666666
93,44821.91168551057,100833.91530305386,8691.912820661173,32828.88722969845,7343.742834045367,33443.47012749071,7038.407574879891,11125.67268805012,10000.47240196706,8332.468944198303,13272.144366749162,39012.931446481656,30689.640608160786,4457.134184667103,6932.769566340861,69194.58361856274,7144.741932967479,20089.087691703586,6452.321071495764,4625.399496876548,187222.702907471,7394.183204164034,0.4068361817423926,0.4068361817423926,320.1389833664948,0.0113167106426159,12943.16434995916,15726.831733357,11581.046614242674,0.1833333333333333
94,-37005.30768349649,-148974.9239618992,-5400.560262038729,-35264.75352928292,-8385.329884739382,-61333.35759347094,-13920.684535460638,-5857.748174254956,-12739.52596299723,-13618.874207894813,-5065.413357988049,-35120.752064380984,-34650.01570206368,-20214.15862897996,-6866.2321893818535,-23131.332877047607,-3213.143937675914,-21931.939380032112,-6325.488221852101,-7274.510494738585,-36764.257050620174,-7964.192664302137,-0.3197165485619008,-0.3197165485619008,-5760.258752894441,0.1106200586643578,-15023.942997704344,-18818.462194106163,-13706.77938595068,0.0904166666666666
95,-35289.64363873865,73509.39759822722,732.9955394835717,-8989.959524034046,871.2915963939208,11447.211755697235,1240.4772778316938,-2582.5189491792607,-12669.751610150031,7378.446866599512,911.6265619334916,23350.83210501964,1285.5749756218534,2562.5093505833784,622.793265295388,-17698.129356695128,-3128.4385771878706,-14572.275176528394,-211.38084705244864,432.5271367184539,15342.016238171876,2531.881517050292,-0.0537724051688203,-0.0537724051688203,-1476.5925469077486,0.1640937852031241,-10454.614499330262,-9135.066540415895,-12995.890520805184,0.0770833333333333
96,208831.0871387808,378671.2925717718,43714.64983240482,36233.50565536057,29183.264329772013,149071.32670655404,71327.77623152372,73428.23559921305,11131.965114620698,110589.055847836,11394.116151895854,75467.84122761934,-243.97623833600392,122422.06105565924,53984.069375671206,306612.7592857479,37500.712501656046,198777.06953125045,-23585.90396067018,36706.78208273077,876593.7763783421,-5516.702768371298,1.338474364318466,1.338474364318466,21602.137159154045,0.0112770487627964,43596.86463414943,11670.48609339049,47595.81464635649,0.17625
97,-134673.15287921482,-498261.9447611384,-22520.03648904108,-97325.44494437144,-50313.40241173547,-218515.8200090344,-36279.8628133999,-33133.525807636266,-46949.576340577936,-70749.95317619777,-41818.09707086548,-102431.7991310895,-99780.918820066,-71658.33053154999,-57869.40745119444,-87143.02193779193,-29471.44404384825,-91118.0632847062,-40575.793625358856,-44053.59665855197,-114637.4786223824,-33936.40843581442,-1.3609837432263443,-1.3609837432263443,-14821.456667498203,0.1300054913172704,-58953.56680240946,-66307.85704001032,-5862.146040160216,0.08375
98,40973.64736255178,689087.9020784998,-11241.209684341711,-19865.066823311863,26778.86986494141,213034.7964040629,-34190.91826967916,131567.07358427317,36885.53486095242,82656.21003978906,-25940.080732517374,185320.10819805705,153628.4162532675,71580.17069278315,60454.97818162573,4111.128698574703,8979.262892182742,143478.30488076602,-4097.797149499195,-7829.686630853135,515998.1154344694,8546.306959205052,1.5218841183826597,1.5218841183826597,-10086.937726050994,0.1430764699756027,42007.93515483721,49136.42555906312,-188.5271541677604,0.0791666666666666
99,201370.63500624173,365991.7737326863,50442.59067459831,36779.85547413398,25964.11146505024,152205.6599635984,72014.93362282468,71771.6934358397,13582.31693388713,106588.39145173348,15781.382106338311,68360.70917124677,119.21135034298914,116624.50662161742,62137.895841253645,294677.7372351446,37384.33142187735,196074.3734495045,-27916.567079721364,33795.66888036556,870843.1739328881,-9005.035874161924,1.330554397665694,1.330554397665694,21496.97513502971,0.0114732830344114,48229.06054484269,11098.75817220784,51752.14934352502,0.1758333333333333
