id,FCN,OSCNN,Rocket
warmup_results_0_8_linux2_i7_4790___C-default-c.json#fannkuch_redux---0,0.9636767976278725,0.9871729091841971,0.9979583503470805
warmup_results_0_8_linux2_i7_4790___C-default-c.json#fannkuch_redux---1,0.9651972157772621,0.9785612196283946,0.9856781802864365
warmup_results_0_8_linux2_i7_4790___C-default-c.json#fannkuch_redux---10,0.42823529411764705,0.4637837837837838,0.5421276595744681
warmup_results_0_8_linux2_i7_4790___C-default-c.json#fannkuch_redux---11,0.9640965273690404,0.9862442684451855,0.9903809157368219
warmup_results_0_8_linux2_i7_4790___C-default-c.json#fannkuch_redux---12,0.9778206364513019,0.9867986798679869,0.9903809157368219
warmup_results_0_8_linux2_i7_4790___C-default-c.json#fannkuch_redux---13,0.496,0.608780487804878,0.5977011494252874
warmup_results_0_8_linux2_i7_4790___C-default-c.json#fannkuch_redux---14,0.9673055242390078,0.985100042571307,0.9889064976228209
warmup_results_0_8_linux2_i7_4790___C-default-c.json#fannkuch_redux---15,0.9651972157772621,0.9785612196283946,0.9889064976228209
warmup_results_0_8_linux2_i7_4790___C-default-c.json#fannkuch_redux---16,0.9724409448818898,0.9903567984570877,0.9883953581432574
warmup_results_0_8_linux2_i7_4790___C-default-c.json#fannkuch_redux---17,0.9850586979722519,0.9970821175489787,0.9898989898989902
warmup_results_0_8_linux2_i7_4790___C-default-c.json#fannkuch_redux---18,0.9850586979722519,0.9856781802864365,0.9903809157368219
warmup_results_0_8_linux2_i7_4790___C-default-c.json#fannkuch_redux---19,0.947819871336669,0.9778206364513019,0.9883953581432574
warmup_results_0_8_linux2_i7_4790___C-default-c.json#fannkuch_redux---2,0.9891304347826086,0.9839060461070032,0.9903809157368219
warmup_results_0_8_linux2_i7_4790___C-default-c.json#fannkuch_redux---20,0.9605911330049259,0.9778206364513019,0.9873417721518987
warmup_results_0_8_linux2_i7_4790___C-default-c.json#fannkuch_redux---21,0.9342915811088297,0.9903567984570877,0.9867986798679869
warmup_results_0_8_linux2_i7_4790___C-default-c.json#fannkuch_redux---22,0.9785612196283946,0.985100042571307,0.9903809157368219
warmup_results_0_8_linux2_i7_4790___C-default-c.json#fannkuch_redux---23,0.9461426491994177,0.9738327347357618,0.9867986798679869
warmup_results_0_8_linux2_i7_4790___C-default-c.json#fannkuch_redux---24,0.9835526315789475,0.9961685823754789,0.9898989898989902
warmup_results_0_8_linux2_i7_4790___C-default-c.json#fannkuch_redux---25,0.9920893438808748,0.9961685823754789,0.9903809157368219
warmup_results_0_8_linux2_i7_4790___C-default-c.json#fannkuch_redux---26,0.9915254237288135,0.9839060461070032,0.9903809157368219
warmup_results_0_8_linux2_i7_4790___C-default-c.json#fannkuch_redux---27,0.9689440993788819,0.9729729729729729,0.9856781802864365
warmup_results_0_8_linux2_i7_4790___C-default-c.json#fannkuch_redux---28,0.9199255121042831,0.9702541914548404,0.9820143884892086
warmup_results_0_8_linux2_i7_4790___C-default-c.json#fannkuch_redux---29,0.9407236335642803,0.9770619814543681,0.9894076108277758
warmup_results_0_8_linux2_i7_4790___C-default-c.json#fannkuch_redux---4,0.9539693128752501,0.9738327347357618,0.9832893579595428
warmup_results_0_8_linux2_i7_4790___C-default-c.json#fannkuch_redux---6,0.9593495934959348,0.9826589595375721,0.9889064976228209
warmup_results_0_8_linux2_i7_4790___C-default-c.json#fannkuch_redux---8,0.9826589595375721,0.9883953581432574,0.9903809157368219
warmup_results_0_8_linux2_i7_4790___C-default-c.json#fannkuch_redux---9,0.9738327347357618,0.9862442684451855,0.9894076108277758
warmup_results_0_8_linux2_i7_4790___C-default-c.json#fasta---0,0.9793996468510889,0.8606271777003484,0.9832893579595428
warmup_results_0_8_linux2_i7_4790___C-default-c.json#fasta---1,0.9785612196283946,0.9746707193515705,0.9903809157368219
warmup_results_0_8_linux2_i7_4790___C-default-c.json#fasta---10,0.9689440993788819,0.9692982456140351,0.9898989898989902
warmup_results_0_8_linux2_i7_4790___C-default-c.json#fasta---11,0.9673055242390078,0.9806807727690893,0.9903809157368219
warmup_results_0_8_linux2_i7_4790___C-default-c.json#fasta---12,0.9778206364513019,0.9862442684451855,0.9898989898989902
warmup_results_0_8_linux2_i7_4790___C-default-c.json#fasta---13,0.9702541914548404,0.9673055242390078,0.9889064976228209
warmup_results_0_8_linux2_i7_4790___C-default-c.json#fasta---14,0.9806807727690893,0.9754877438719359,0.9903809157368219
warmup_results_0_8_linux2_i7_4790___C-default-c.json#fasta---15,0.9891304347826086,0.9850586979722519,0.9883953581432574
warmup_results_0_8_linux2_i7_4790___C-default-c.json#fasta---16,0.9845094664371772,0.9444032616753153,0.9898989898989902
warmup_results_0_8_linux2_i7_4790___C-default-c.json#fasta---17,0.9835526315789475,0.9792843691148777,0.9903809157368219
warmup_results_0_8_linux2_i7_4790___C-default-c.json#fasta---18,0.9850586979722519,0.9813551614370168,0.9903809157368219
warmup_results_0_8_linux2_i7_4790___C-default-c.json#fasta---19,0.9754877438719359,0.9575660528422738,0.9898989898989902
warmup_results_0_8_linux2_i7_4790___C-default-c.json#fasta---2,0.9878419452887537,0.896551724137931,0.9898989898989902
warmup_results_0_8_linux2_i7_4790___C-default-c.json#fasta---20,0.9770619814543681,0.9702541914548404,0.9903809157368219
warmup_results_0_8_linux2_i7_4790___C-default-c.json#fasta---21,0.9738327347357618,0.995697074010327,0.9903809157368219
warmup_results_0_8_linux2_i7_4790___C-default-c.json#fasta---22,0.9835526315789475,0.9802784222737819,0.9889064976228209
warmup_results_0_8_linux2_i7_4790___C-default-c.json#fasta---23,0.9878419452887537,0.9622356495468279,0.9894076108277758
warmup_results_0_8_linux2_i7_4790___C-default-c.json#fasta---24,0.973531310522918,0.9850586979722519,0.9903809157368219
warmup_results_0_8_linux2_i7_4790___C-default-c.json#fasta---25,0.9806807727690893,0.9553805774278217,0.9894076108277758
warmup_results_0_8_linux2_i7_4790___C-default-c.json#fasta---26,0.9793996468510889,0.9720905739863085,0.9894076108277758
warmup_results_0_8_linux2_i7_4790___C-default-c.json#fasta---27,0.971314209472982,0.973531310522918,0.9903809157368219
warmup_results_0_8_linux2_i7_4790___C-default-c.json#fasta---28,0.9806807727690893,0.9903567984570877,0.9903809157368219
warmup_results_0_8_linux2_i7_4790___C-default-c.json#fasta---29,0.9746707193515705,0.9494382022471909,0.9878738884397736
warmup_results_0_8_linux2_i7_4790___C-default-c.json#fasta---3,0.9720905739863085,0.9746707193515705,0.9903809157368219
warmup_results_0_8_linux2_i7_4790___C-default-c.json#fasta---4,0.9729729729729729,0.9792843691148777,0.9903809157368219
warmup_results_0_8_linux2_i7_4790___C-default-c.json#fasta---5,0.9729729729729729,0.985100042571307,0.9903809157368219
warmup_results_0_8_linux2_i7_4790___C-default-c.json#fasta---6,0.993705035971223,0.975609756097561,1.0
warmup_results_0_8_linux2_i7_4790___C-default-c.json#fasta---7,0.9785612196283946,0.9766009852216749,0.9903809157368219
warmup_results_0_8_linux2_i7_4790___C-default-c.json#fasta---8,0.9778206364513019,0.9931787175989085,0.9903809157368219
warmup_results_0_8_linux2_i7_4790___C-default-c.json#fasta---9,0.9778206364513019,0.9867986798679869,0.9903809157368219
warmup_results_0_8_linux2_i7_4790___C-default-c.json#nbody---0,0.9605911330049259,0.927763272410792,0.9754877438719359
warmup_results_0_8_linux2_i7_4790___C-default-c.json#nbody---1,0.9746707193515705,0.9673055242390078,0.9820143884892086
warmup_results_0_8_linux2_i7_4790___C-default-c.json#nbody---10,0.6212987012987014,0.5750588235294117,0.5591397849462367
warmup_results_0_8_linux2_i7_4790___C-default-c.json#nbody---11,0.975609756097561,0.9558823529411765,0.9947229551451187
warmup_results_0_8_linux2_i7_4790___C-default-c.json#nbody---13,0.9903809157368219,0.9903809157368219,0.9903809157368219
warmup_results_0_8_linux2_i7_4790___C-default-c.json#nbody---14,0.9975247524752475,0.9878419452887537,0.995697074010327
warmup_results_0_8_linux2_i7_4790___C-default-c.json#nbody---16,0.9692982456140351,0.9651972157772621,0.9799906933457422
warmup_results_0_8_linux2_i7_4790___C-default-c.json#nbody---18,0.9996076892899178,1.0,0.9903809157368219
warmup_results_0_8_linux2_i7_4790___C-default-c.json#nbody---20,0.9903809157368219,0.9903809157368219,0.9903809157368219
warmup_results_0_8_linux2_i7_4790___C-default-c.json#nbody---21,0.9845094664371772,0.9873417721518987,0.9903809157368219
warmup_results_0_8_linux2_i7_4790___C-default-c.json#nbody---22,0.9889064976228209,0.9883953581432574,0.9903809157368219
warmup_results_0_8_linux2_i7_4790___C-default-c.json#nbody---23,0.9729729729729729,0.9662664379645513,0.9792843691148777
warmup_results_0_8_linux2_i7_4790___C-default-c.json#nbody---25,0.7626666666666667,0.8666666666666667,0.5459999999999999
warmup_results_0_8_linux2_i7_4790___C-default-c.json#nbody---26,0.503225806451613,0.5426086956521738,0.5652173913043479
warmup_results_0_8_linux2_i7_4790___C-default-c.json#nbody---27,0.951219512195122,0.9378757515030061,0.9767671774592191
warmup_results_0_8_linux2_i7_4790___C-default-c.json#nbody---28,0.6413333333333333,0.7263492063492063,0.6933333333333332
warmup_results_0_8_linux2_i7_4790___C-default-c.json#nbody---29,0.9369369369369369,0.9069767441860465,0.9673055242390078
warmup_results_0_8_linux2_i7_4790___C-default-c.json#nbody---4,0.5146391752577321,0.514851485148515,0.5098039215686274
warmup_results_0_8_linux2_i7_4790___C-default-c.json#nbody---5,0.9902837155071902,0.9902837155071902,0.9902837155071902
warmup_results_0_8_linux2_i7_4790___C-default-c.json#nbody---6,0.5045544554455447,0.5804651162790698,0.5098039215686274
warmup_results_0_8_linux2_i7_4790___C-default-c.json#nbody---8,0.9884942471235617,0.9811320754716981,0.9891304347826086
warmup_results_0_8_linux2_i7_4790___C-default-c.json#nbody---9,0.9862442684451855,0.9894076108277758,0.9903809157368219
warmup_results_0_8_linux2_i7_4790___C-default-c.json#richards---1,0.9775621588841723,0.9845094664371772,0.9903809157368219
warmup_results_0_8_linux2_i7_4790___C-default-c.json#richards---10,0.6455172413793103,0.4853333333333333,0.5141573033707866
warmup_results_0_8_linux2_i7_4790___C-default-c.json#richards---11,0.8927038626609441,0.8524590163934427,0.9894076108277758
warmup_results_0_8_linux2_i7_4790___C-default-c.json#richards---12,0.6644444444444445,0.611764705882353,0.5942857142857143
warmup_results_0_8_linux2_i7_4790___C-default-c.json#richards---13,0.8412942989214176,0.8681135225375626,0.9898989898989902
warmup_results_0_8_linux2_i7_4790___C-default-c.json#richards---14,0.72,0.72,0.5857471264367816
warmup_results_0_8_linux2_i7_4790___C-default-c.json#richards---15,0.8785982478097621,0.9580686149936468,0.9903809157368219
warmup_results_0_8_linux2_i7_4790___C-default-c.json#richards---17,0.9069767441860465,0.7449856733524354,0.9898989898989902
warmup_results_0_8_linux2_i7_4790___C-default-c.json#richards---18,0.9539693128752501,0.9605911330049259,0.9903809157368219
warmup_results_0_8_linux2_i7_4790___C-default-c.json#richards---19,0.9226569608735213,0.9762845849802373,0.9903809157368219
warmup_results_0_8_linux2_i7_4790___C-default-c.json#richards---2,0.9494382022471909,0.9711846318036285,0.9903809157368219
warmup_results_0_8_linux2_i7_4790___C-default-c.json#richards---20,0.7819548872180451,0.8606271777003484,0.9701492537313433
warmup_results_0_8_linux2_i7_4790___C-default-c.json#richards---21,0.529122807017544,0.52,0.5492134831460674
warmup_results_0_8_linux2_i7_4790___C-default-c.json#richards---23,0.9441340782122905,0.9689440993788819,0.9839060461070032
warmup_results_0_8_linux2_i7_4790___C-default-c.json#richards---24,0.947819871336669,0.9778206364513019,0.9903809157368219
warmup_results_0_8_linux2_i7_4790___C-default-c.json#richards---25,0.9762845849802373,0.8435114503816794,0.9856781802864365
warmup_results_0_8_linux2_i7_4790___C-default-c.json#richards---26,0.9689440993788819,0.8435114503816794,0.9894076108277758
warmup_results_0_8_linux2_i7_4790___C-default-c.json#richards---27,0.9617950272892662,0.9826589595375721,0.9903809157368219
warmup_results_0_8_linux2_i7_4790___C-default-c.json#richards---3,0.7222222222222223,0.6400000000000001,0.703529411764706
warmup_results_0_8_linux2_i7_4790___C-default-c.json#richards---4,0.22285714285714284,0.52,0.507
warmup_results_0_8_linux2_i7_4790___C-default-c.json#richards---5,0.9724409448818898,0.9806807727690893,0.9903809157368219
warmup_results_0_8_linux2_i7_4790___C-default-c.json#richards---6,0.9522998296422487,0.9676966292134831,0.9903809157368219
warmup_results_0_8_linux2_i7_4790___C-default-c.json#richards---7,0.9004329004329004,0.9662664379645513,0.9903809157368219
warmup_results_0_8_linux2_i7_4790___C-default-c.json#richards---8,0.9617950272892662,0.9862442684451855,0.9903809157368219
warmup_results_0_8_linux2_i7_4790___C-default-c.json#richards---9,0.9342915811088297,0.9187279151943464,0.9903809157368219
warmup_results_0_8_linux2_i7_4790___C-default-c.json#spectralnorm---0,0.5925581395348837,0.5649382716049383,0.5977011494252874
warmup_results_0_8_linux2_i7_4790___C-default-c.json#spectralnorm---1,0.9970501474926253,0.9970501474926253,0.9983660130718954
warmup_results_0_8_linux2_i7_4790___C-default-c.json#spectralnorm---10,0.9970821175489787,0.9915254237288135,0.9996076892899178
warmup_results_0_8_linux2_i7_4790___C-default-c.json#spectralnorm---11,0.9965928449744463,0.9930971007823286,0.999603646452636
warmup_results_0_8_linux2_i7_4790___C-default-c.json#spectralnorm---12,0.9992076069730589,0.9992076069730589,0.9996076892899178
warmup_results_0_8_linux2_i7_4790___C-default-c.json#spectralnorm---13,0.5416666666666667,0.5479569892473118,0.5306122448979593
warmup_results_0_8_linux2_i7_4790___C-default-c.json#spectralnorm---14,0.5360824742268041,0.563855421686747,0.52
warmup_results_0_8_linux2_i7_4790___C-default-c.json#spectralnorm---15,0.9965928449744463,0.9914204003813155,0.999603646452636
warmup_results_0_8_linux2_i7_4790___C-default-c.json#spectralnorm---16,0.9987995198079231,0.9996076892899178,0.9996076892899178
warmup_results_0_8_linux2_i7_4790___C-default-c.json#spectralnorm---17,0.9961256995264743,0.9919924634950542,0.9983660130718954
warmup_results_0_8_linux2_i7_4790___C-default-c.json#spectralnorm---18,0.9965928449744463,0.9965928449744463,1.0
warmup_results_0_8_linux2_i7_4790___C-default-c.json#spectralnorm---19,0.9979364424267437,0.9951605807303123,0.9991993594875901
warmup_results_0_8_linux2_i7_4790___C-default-c.json#spectralnorm---2,0.9979364424267437,0.9965928449744463,0.9897959183673471
warmup_results_0_8_linux2_i7_4790___C-default-c.json#spectralnorm---20,0.9970821175489787,0.9575660528422738,0.9992076069730589
warmup_results_0_8_linux2_i7_4790___C-default-c.json#spectralnorm---21,0.9979364424267437,0.9863013698630136,1.0
warmup_results_0_8_linux2_i7_4790___C-default-c.json#spectralnorm---22,0.9961256995264743,0.9956483899042645,1.0
warmup_results_0_8_linux2_i7_4790___C-default-c.json#spectralnorm---23,0.9925512104283054,0.9876796714579056,1.0
warmup_results_0_8_linux2_i7_4790___C-default-c.json#spectralnorm---24,0.9877450980392156,0.987205943045811,0.9902837155071902
warmup_results_0_8_linux2_i7_4790___C-default-c.json#spectralnorm---25,0.9965928449744463,0.9908345393150024,0.9991993594875901
warmup_results_0_8_linux2_i7_4790___C-default-c.json#spectralnorm---26,0.9983660130718954,0.9951605807303123,1.0
warmup_results_0_8_linux2_i7_4790___C-default-c.json#spectralnorm---27,0.9925512104283054,0.990234375,0.9979364424267437
warmup_results_0_8_linux2_i7_4790___C-default-c.json#spectralnorm---28,0.9970501474926253,0.9808473592571096,1.0
warmup_results_0_8_linux2_i7_4790___C-default-c.json#spectralnorm---29,0.9979364424267437,0.9908345393150024,0.999603646452636
warmup_results_0_8_linux2_i7_4790___C-default-c.json#spectralnorm---3,0.9979364424267437,0.9987868985038417,1.0
warmup_results_0_8_linux2_i7_4790___C-default-c.json#spectralnorm---4,0.9979364424267437,0.9936305732484076,0.9987868985038417
warmup_results_0_8_linux2_i7_4790___C-default-c.json#spectralnorm---5,0.9970501474926253,0.9936305732484076,1.0
warmup_results_0_8_linux2_i7_4790___C-default-c.json#spectralnorm---6,0.994661921708185,0.9970501474926253,1.0
warmup_results_0_8_linux2_i7_4790___C-default-c.json#spectralnorm---7,0.9965928449744463,0.988342625443487,1.0
warmup_results_0_8_linux2_i7_4790___C-default-c.json#spectralnorm---8,0.5416666666666667,0.5628235294117648,0.514851485148515
warmup_results_0_8_linux2_i7_4790___C-default-c.json#spectralnorm---9,0.9983660130718954,0.9987868985038417,1.0
warmup_results_0_8_linux2_i7_4790___Graal-default-java.json#binarytrees---0,0.65,0.8580000000000001,0.742857142857143
warmup_results_0_8_linux2_i7_4790___Graal-default-java.json#binarytrees---1,0.7696000000000001,0.52,0.5591397849462367
warmup_results_0_8_linux2_i7_4790___Graal-default-java.json#binarytrees---10,0.8914285714285715,0.9359999999999999,0.6933333333333332
warmup_results_0_8_linux2_i7_4790___Graal-default-java.json#binarytrees---11,0.7799999999999999,0.9805714285714285,0.9629629629629629
warmup_results_0_8_linux2_i7_4790___Graal-default-java.json#binarytrees---12,0.8223255813953487,0.7853061224489796,0.5842696629213483
warmup_results_0_8_linux2_i7_4790___Graal-default-java.json#binarytrees---13,0.6174999999999999,0.6381818181818183,0.5652173913043479
warmup_results_0_8_linux2_i7_4790___Graal-default-java.json#binarytrees---14,0.7428571428571429,0.78,0.6341463414634148
warmup_results_0_8_linux2_i7_4790___Graal-default-java.json#binarytrees---15,0.6275862068965516,0.7,0.5591397849462367
warmup_results_0_8_linux2_i7_4790___Graal-default-java.json#binarytrees---16,0.91,0.9729032258064515,0.8387096774193548
warmup_results_0_8_linux2_i7_4790___Graal-default-java.json#binarytrees---18,0.6586666666666666,0.7710344827586207,0.8253968253968255
warmup_results_0_8_linux2_i7_4790___Graal-default-java.json#binarytrees---19,0.44,0.5566197183098591,0.5714285714285715
warmup_results_0_8_linux2_i7_4790___Graal-default-java.json#binarytrees---2,0.9639024390243904,0.56,0.6190476190476191
warmup_results_0_8_linux2_i7_4790___Graal-default-java.json#binarytrees---20,0.656842105263158,0.82,0.6582278481012658
warmup_results_0_8_linux2_i7_4790___Graal-default-java.json#binarytrees---21,0.8624390243902439,0.8564705882352941,0.8125
warmup_results_0_8_linux2_i7_4790___Graal-default-java.json#binarytrees---22,0.7160655737704917,0.9788235294117648,0.5995294117647059
warmup_results_0_8_linux2_i7_4790___Graal-default-java.json#binarytrees---23,0.7395555555555555,0.5974468085106382,0.5977011494252874
warmup_results_0_8_linux2_i7_4790___Graal-default-java.json#binarytrees---24,0.7064150943396228,0.9706666666666666,0.8387096774193548
warmup_results_0_8_linux2_i7_4790___Graal-default-java.json#binarytrees---25,0.7752727272727274,0.7150000000000001,0.6190476190476191
warmup_results_0_8_linux2_i7_4790___Graal-default-java.json#binarytrees---26,0.7057142857142856,0.7497674418604651,0.6666666666666666
warmup_results_0_8_linux2_i7_4790___Graal-default-java.json#binarytrees---27,0.5850000000000002,0.9706666666666666,0.7878787878787878
warmup_results_0_8_linux2_i7_4790___Graal-default-java.json#binarytrees---28,0.5942857142857143,0.9482352941176472,0.7123287671232877
warmup_results_0_8_linux2_i7_4790___Graal-default-java.json#binarytrees---29,0.6053731343283583,0.544,0.5306122448979593
warmup_results_0_8_linux2_i7_4790___Graal-default-java.json#binarytrees---3,0.6455172413793103,0.9822222222222222,0.6341463414634148
warmup_results_0_8_linux2_i7_4790___Graal-default-java.json#binarytrees---4,0.9013333333333333,0.9805714285714285,0.7878787878787878
warmup_results_0_8_linux2_i7_4790___Graal-default-java.json#binarytrees---5,0.9161904761904762,0.6834285714285715,0.611764705882353
warmup_results_0_8_linux2_i7_4790___Graal-default-java.json#binarytrees---6,0.6685714285714286,0.7863414634146341,0.6582278481012658
warmup_results_0_8_linux2_i7_4790___Graal-default-java.json#binarytrees---7,0.7725714285714285,0.9729032258064515,0.7222222222222223
warmup_results_0_8_linux2_i7_4790___Graal-default-java.json#binarytrees---8,0.6933333333333334,0.6155102040816327,0.742857142857143
warmup_results_0_8_linux2_i7_4790___Graal-default-java.json#binarytrees---9,0.68,0.5483636363636363,0.5977011494252874
warmup_results_0_8_linux2_i7_4790___Graal-default-java.json#fannkuch_redux---0,0.9930971007823286,0.988342625443487,1.0
warmup_results_0_8_linux2_i7_4790___Graal-default-java.json#fannkuch_redux---10,0.6649180327868853,0.52,0.5652173913043479
warmup_results_0_8_linux2_i7_4790___Graal-default-java.json#fannkuch_redux---12,0.9855846235985051,0.9816933638443935,0.9991993594875901
warmup_results_0_8_linux2_i7_4790___Graal-default-java.json#fannkuch_redux---13,0.9855846235985051,0.9869994799791991,1.0
warmup_results_0_8_linux2_i7_4790___Graal-default-java.json#fannkuch_redux---14,0.8484210526315791,0.8125,0.9122807017543859
warmup_results_0_8_linux2_i7_4790___Graal-default-java.json#fannkuch_redux---15,0.8210526315789475,0.8408510638297871,0.8524590163934427
warmup_results_0_8_linux2_i7_4790___Graal-default-java.json#fannkuch_redux---17,0.9876796714579056,0.9869994799791991,1.0
warmup_results_0_8_linux2_i7_4790___Graal-default-java.json#fannkuch_redux---18,0.9869994799791991,0.9919924634950542,0.9991993594875901
warmup_results_0_8_linux2_i7_4790___Graal-default-java.json#fannkuch_redux---19,0.9863013698630136,0.9741602067183462,1.0
warmup_results_0_8_linux2_i7_4790___Graal-default-java.json#fannkuch_redux---2,0.9930971007823286,0.9961256995264743,1.0
warmup_results_0_8_linux2_i7_4790___Graal-default-java.json#fannkuch_redux---20,0.988342625443487,0.9825155104342921,1.0
warmup_results_0_8_linux2_i7_4790___Graal-default-java.json#fannkuch_redux---21,0.9876796714579056,0.9808473592571096,1.0
warmup_results_0_8_linux2_i7_4790___Graal-default-java.json#fannkuch_redux---22,0.9706666666666666,0.9359999999999999,1.0
warmup_results_0_8_linux2_i7_4790___Graal-default-java.json#fannkuch_redux---23,0.9799764428739693,0.9762202753441803,1.0
warmup_results_0_8_linux2_i7_4790___Graal-default-java.json#fannkuch_redux---24,0.9833147942157953,0.9833147942157953,0.9956483899042645
warmup_results_0_8_linux2_i7_4790___Graal-default-java.json#fannkuch_redux---25,0.9825155104342921,0.9471766848816029,1.0
warmup_results_0_8_linux2_i7_4790___Graal-default-java.json#fannkuch_redux---26,0.9908345393150024,0.9914204003813155,1.0
warmup_results_0_8_linux2_i7_4790___Graal-default-java.json#fannkuch_redux---27,0.9176470588235295,0.9878136200716846,0.999442896935933
warmup_results_0_8_linux2_i7_4790___Graal-default-java.json#fannkuch_redux---28,0.9930971007823286,0.9876796714579056,1.0
warmup_results_0_8_linux2_i7_4790___Graal-default-java.json#fannkuch_redux---29,0.8580000000000001,0.7878787878787878,0.8965517241379309
warmup_results_0_8_linux2_i7_4790___Graal-default-java.json#fannkuch_redux---3,0.9708078750848609,0.9531116794543905,1.0
warmup_results_0_8_linux2_i7_4790___Graal-default-java.json#fannkuch_redux---4,0.4583050847457627,0.3939393939393939,0.5591397849462367
warmup_results_0_8_linux2_i7_4790___Graal-default-java.json#fannkuch_redux---5,0.9825155104342921,0.994661921708185,0.999603646452636
warmup_results_0_8_linux2_i7_4790___Graal-default-java.json#fannkuch_redux---6,0.9454545454545455,0.9736170212765959,0.981132075471698
warmup_results_0_8_linux2_i7_4790___Graal-default-java.json#fannkuch_redux---7,0.9892030848329049,0.9885416666666667,0.9983122362869198
warmup_results_0_8_linux2_i7_4790___Graal-default-java.json#fannkuch_redux---8,0.988988988988989,0.9876796714579056,1.0
warmup_results_0_8_linux2_i7_4790___Graal-default-java.json#fannkuch_redux---9,0.988342625443487,0.9941520467836258,1.0
warmup_results_0_8_linux2_i7_4790___Graal-default-java.json#fasta---0,0.998330550918197,0.998330550918197,1.0
warmup_results_0_8_linux2_i7_4790___Graal-default-java.json#fasta---1,0.9397590361445783,0.9417322834645668,0.9899799599198398
warmup_results_0_8_linux2_i7_4790___Graal-default-java.json#fasta---10,0.9897666803110928,0.9897666803110928,0.9897666803110928
warmup_results_0_8_linux2_i7_4790___Graal-default-java.json#fasta---11,0.9808978032473736,0.98159509202454,0.9799518845228549
warmup_results_0_8_linux2_i7_4790___Graal-default-java.json#fasta---12,0.9669421487603305,0.9676172063798936,0.9799518845228549
warmup_results_0_8_linux2_i7_4790___Graal-default-java.json#fasta---13,0.9893617021276596,0.9888383629599007,0.9898744430943701
warmup_results_0_8_linux2_i7_4790___Graal-default-java.json#fasta---14,0.9791240278346294,0.9897666803110928,0.9699157641395909
warmup_results_0_8_linux2_i7_4790___Graal-default-java.json#fasta---15,0.9978911851539435,0.9991823385118562,1.0
warmup_results_0_8_linux2_i7_4790___Graal-default-java.json#fasta---16,0.9897666803110928,1.0,0.9797406807131281
warmup_results_0_8_linux2_i7_4790___Graal-default-java.json#fasta---17,0.9728850325379609,0.9763374485596706,0.9793438639125153
warmup_results_0_8_linux2_i7_4790___Graal-default-java.json#fasta---18,0.998330550918197,0.998330550918197,1.0
warmup_results_0_8_linux2_i7_4790___Graal-default-java.json#fasta---19,0.9774436090225563,0.9899799599198397,1.0
warmup_results_0_8_linux2_i7_4790___Graal-default-java.json#fasta---2,0.9991823385118562,0.9991823385118562,1.0
warmup_results_0_8_linux2_i7_4790___Graal-default-java.json#fasta---20,0.9893617021276596,0.9893617021276596,0.9898744430943701
warmup_results_0_8_linux2_i7_4790___Graal-default-java.json#fasta---21,0.9719626168224299,0.9829414476717382,0.9695268644747395
warmup_results_0_8_linux2_i7_4790___Graal-default-java.json#fasta---22,0.9859154929577465,0.9955476402493322,0.9900833002776677
warmup_results_0_8_linux2_i7_4790___Graal-default-java.json#fasta---23,0.9606425702811247,0.9691756272401434,0.9894736842105264
warmup_results_0_8_linux2_i7_4790___Graal-default-java.json#fasta---24,0.9978911851539435,0.9974424552429668,1.0
warmup_results_0_8_linux2_i7_4790___Graal-default-java.json#fasta---25,0.966542750929368,0.9898477157360406,1.0
warmup_results_0_8_linux2_i7_4790___Graal-default-java.json#fasta---26,1.0,0.9878914405010438,0.9899799599198398
warmup_results_0_8_linux2_i7_4790___Graal-default-java.json#fasta---27,0.9898744430943701,0.9883040935672515,0.9898744430943701
warmup_results_0_8_linux2_i7_4790___Graal-default-java.json#fasta---28,1.0,0.998330550918197,1.0
warmup_results_0_8_linux2_i7_4790___Graal-default-java.json#fasta---29,0.9987608426270137,0.9987608426270137,1.0
warmup_results_0_8_linux2_i7_4790___Graal-default-java.json#fasta---3,0.9780901198842498,0.9780901198842498,0.9799518845228549
warmup_results_0_8_linux2_i7_4790___Graal-default-java.json#fasta---4,0.9995866060355519,0.9877585479105109,0.9799518845228549
warmup_results_0_8_linux2_i7_4790___Graal-default-java.json#fasta---5,0.9898744430943701,0.9883040935672515,0.9799518845228549
warmup_results_0_8_linux2_i7_4790___Graal-default-java.json#fasta---6,0.9987473903966599,0.9878914405010438,0.9899799599198398
warmup_results_0_8_linux2_i7_4790___Graal-default-java.json#fasta---7,1.0,1.0,1.0
warmup_results_0_8_linux2_i7_4790___Graal-default-java.json#fasta---8,0.9995953055443142,0.9991823385118562,1.0
warmup_results_0_8_linux2_i7_4790___Graal-default-java.json#fasta---9,0.9839449541284404,0.9949285384970032,0.9799518845228549
warmup_results_0_8_linux2_i7_4790___Graal-default-java.json#nbody---0,1.0,1.0,1.0
warmup_results_0_8_linux2_i7_4790___Graal-default-java.json#nbody---1,1.0,1.0,1.0
warmup_results_0_8_linux2_i7_4790___Graal-default-java.json#nbody---10,1.0,1.0,1.0
warmup_results_0_8_linux2_i7_4790___Graal-default-java.json#nbody---11,1.0,1.0,1.0
warmup_results_0_8_linux2_i7_4790___Graal-default-java.json#nbody---12,1.0,1.0,1.0
warmup_results_0_8_linux2_i7_4790___Graal-default-java.json#nbody---13,1.0,0.9995866060355519,1.0
warmup_results_0_8_linux2_i7_4790___Graal-default-java.json#nbody---14,0.9898744430943701,1.0,0.9799518845228549
warmup_results_0_8_linux2_i7_4790___Graal-default-java.json#nbody---15,1.0,1.0,1.0
warmup_results_0_8_linux2_i7_4790___Graal-default-java.json#nbody---16,1.0,1.0,1.0
warmup_results_0_8_linux2_i7_4790___Graal-default-java.json#nbody---17,1.0,1.0,0.9898744430943701
warmup_results_0_8_linux2_i7_4790___Graal-default-java.json#nbody---18,1.0,1.0,1.0
warmup_results_0_8_linux2_i7_4790___Graal-default-java.json#nbody---19,1.0,1.0,1.0
warmup_results_0_8_linux2_i7_4790___Graal-default-java.json#nbody---2,1.0,1.0,1.0
warmup_results_0_8_linux2_i7_4790___Graal-default-java.json#nbody---20,1.0,1.0,1.0
warmup_results_0_8_linux2_i7_4790___Graal-default-java.json#nbody---21,0.9995866060355519,1.0,1.0
warmup_results_0_8_linux2_i7_4790___Graal-default-java.json#nbody---22,1.0,1.0,1.0
warmup_results_0_8_linux2_i7_4790___Graal-default-java.json#nbody---23,1.0,1.0,1.0
warmup_results_0_8_linux2_i7_4790___Graal-default-java.json#nbody---24,1.0,1.0,1.0
warmup_results_0_8_linux2_i7_4790___Graal-default-java.json#nbody---25,1.0,1.0,1.0
warmup_results_0_8_linux2_i7_4790___Graal-default-java.json#nbody---26,1.0,1.0,1.0
warmup_results_0_8_linux2_i7_4790___Graal-default-java.json#nbody---27,1.0,1.0,1.0
warmup_results_0_8_linux2_i7_4790___Graal-default-java.json#nbody---28,1.0,1.0,1.0
warmup_results_0_8_linux2_i7_4790___Graal-default-java.json#nbody---29,1.0,1.0,1.0
warmup_results_0_8_linux2_i7_4790___Graal-default-java.json#nbody---3,0.9995866060355519,1.0,1.0
warmup_results_0_8_linux2_i7_4790___Graal-default-java.json#nbody---4,1.0,1.0,1.0
warmup_results_0_8_linux2_i7_4790___Graal-default-java.json#nbody---5,1.0,1.0,1.0
warmup_results_0_8_linux2_i7_4790___Graal-default-java.json#nbody---6,1.0,1.0,1.0
warmup_results_0_8_linux2_i7_4790___Graal-default-java.json#nbody---7,1.0,1.0,1.0
warmup_results_0_8_linux2_i7_4790___Graal-default-java.json#nbody---8,1.0,1.0,0.9799518845228549
warmup_results_0_8_linux2_i7_4790___Graal-default-java.json#nbody---9,1.0,1.0,1.0
warmup_results_0_8_linux2_i7_4790___Graal-default-java.json#richards---0,0.510877192982456,0.5007407407407407,0.5416666666666667
warmup_results_0_8_linux2_i7_4790___Graal-default-java.json#richards---1,0.9808473592571096,0.9762202753441803,0.9956483899042645
warmup_results_0_8_linux2_i7_4790___Graal-default-java.json#richards---10,0.9265033407572383,0.8695652173913044,0.994661921708185
warmup_results_0_8_linux2_i7_4790___Graal-default-java.json#richards---11,0.6174999999999999,0.6695890410958903,0.5308333333333334
warmup_results_0_8_linux2_i7_4790___Graal-default-java.json#richards---12,0.5878260869565217,0.6813793103448276,0.5138823529411765
warmup_results_0_8_linux2_i7_4790___Graal-default-java.json#richards---13,0.40258064516129033,0.5436363636363637,0.5252525252525253
warmup_results_0_8_linux2_i7_4790___Graal-default-java.json#richards---14,0.5866666666666666,0.5942857142857142,0.5012048192771085
warmup_results_0_8_linux2_i7_4790___Graal-default-java.json#richards---15,0.5282539682539683,0.5073170731707317,0.5081818181818182
warmup_results_0_8_linux2_i7_4790___Graal-default-java.json#richards---16,0.9427480916030534,0.9583333333333334,0.9869994799791991
warmup_results_0_8_linux2_i7_4790___Graal-default-java.json#richards---17,0.773953488372093,0.6341463414634146,0.5995294117647059
warmup_results_0_8_linux2_i7_4790___Graal-default-java.json#richards---18,0.6530232558139535,0.5695238095238094,0.5137349397590362
warmup_results_0_8_linux2_i7_4790___Graal-default-java.json#richards---19,0.5616,0.56,0.5387951807228916
warmup_results_0_8_linux2_i7_4790___Graal-default-java.json#richards---21,0.5777777777777777,0.6050909090909091,0.5016470588235294
warmup_results_0_8_linux2_i7_4790___Graal-default-java.json#richards---22,0.9531116794543905,0.9583333333333334,0.9951605807303123
warmup_results_0_8_linux2_i7_4790___Graal-default-java.json#richards---24,0.9324137931034482,0.76,0.5505882352941177
warmup_results_0_8_linux2_i7_4790___Graal-default-java.json#richards---26,0.5084444444444445,0.4646808510638298,0.5076190476190476
warmup_results_0_8_linux2_i7_4790___Graal-default-java.json#richards---28,0.934640522875817,0.958927074601844,0.9963931469792606
warmup_results_0_8_linux2_i7_4790___Graal-default-java.json#richards---29,0.9629629629629629,0.7799999999999999,0.624
warmup_results_0_8_linux2_i7_4790___Graal-default-java.json#richards---3,0.9495652173913045,0.8088888888888889,0.5379310344827586
warmup_results_0_8_linux2_i7_4790___Graal-default-java.json#richards---4,0.9670958512160229,0.9324894514767933,0.9965928449744463
warmup_results_0_8_linux2_i7_4790___Graal-default-java.json#richards---5,0.9198113207547169,0.9265033407572383,0.9941520467836258
warmup_results_0_8_linux2_i7_4790___Graal-default-java.json#richards---6,0.9378757515030061,0.9122807017543859,0.994661921708185
warmup_results_0_8_linux2_i7_4790___Graal-default-java.json#richards---7,0.591372549019608,0.56,0.6046511627906977
warmup_results_0_8_linux2_i7_4790___Graal-default-java.json#richards---8,0.945013979496738,0.908150064683053,0.9956483899042645
warmup_results_0_8_linux2_i7_4790___Graal-default-java.json#richards---9,0.7428571428571429,0.44571428571428573,0.52
warmup_results_0_8_linux2_i7_4790___Graal-default-java.json#spectralnorm---11,0.6008888888888889,0.6400000000000001,0.5455737704918032
warmup_results_0_8_linux2_i7_4790___Graal-default-java.json#spectralnorm---12,0.6096551724137932,0.5777777777777777,0.5455737704918032
warmup_results_0_8_linux2_i7_4790___Graal-default-java.json#spectralnorm---16,0.44571428571428573,0.5294545454545455,0.5117460317460318
warmup_results_0_8_linux2_i7_4790___Graal-default-java.json#spectralnorm---17,0.6933333333333334,0.5073170731707317,0.5455737704918032
warmup_results_0_8_linux2_i7_4790___Graal-default-java.json#spectralnorm---18,0.6104347826086957,0.52,0.5282539682539683
warmup_results_0_8_linux2_i7_4790___Graal-default-java.json#spectralnorm---2,0.548888888888889,0.5777777777777777,0.5737931034482758
warmup_results_0_8_linux2_i7_4790___Graal-default-java.json#spectralnorm---20,0.48,0.47047619047619044,0.5285245901639345
warmup_results_0_8_linux2_i7_4790___Graal-default-java.json#spectralnorm---21,0.3586206896551724,0.5400000000000001,0.5455737704918032
warmup_results_0_8_linux2_i7_4790___Graal-default-java.json#spectralnorm---22,0.4490909090909091,0.5518367346938776,0.5373333333333333
warmup_results_0_8_linux2_i7_4790___Graal-default-java.json#spectralnorm---23,0.503225806451613,0.5298113207547169,0.5546666666666666
warmup_results_0_8_linux2_i7_4790___Graal-default-java.json#spectralnorm---24,0.45381818181818184,0.48533333333333334,0.52
warmup_results_0_8_linux2_i7_4790___Graal-default-java.json#spectralnorm---25,0.4533333333333334,0.5753191489361702,0.52
warmup_results_0_8_linux2_i7_4790___Graal-default-java.json#spectralnorm---28,0.6848780487804879,0.5408000000000001,0.5546666666666666
warmup_results_0_8_linux2_i7_4790___Graal-default-java.json#spectralnorm---29,0.5042424242424243,0.6195744680851065,0.5720000000000001
warmup_results_0_8_linux2_i7_4790___Graal-default-java.json#spectralnorm---3,0.44000000000000006,0.42095238095238097,0.5464406779661017
warmup_results_0_8_linux2_i7_4790___Graal-default-java.json#spectralnorm---4,0.5079069767441861,0.5616,0.5282539682539683
warmup_results_0_8_linux2_i7_4790___Graal-default-java.json#spectralnorm---7,0.6423529411764706,0.6933333333333334,0.5861818181818181
warmup_results_0_8_linux2_i7_4790___HHVM-default-php.json#binarytrees---10,0.981132075471698,0.981132075471698,0.5098039215686274
warmup_results_0_8_linux2_i7_4790___HHVM-default-php.json#binarytrees---16,1.0,1.0,0.7222222222222223
warmup_results_0_8_linux2_i7_4790___HHVM-default-php.json#binarytrees---19,1.0,1.0,0.981132075471698
warmup_results_0_8_linux2_i7_4790___HHVM-default-php.json#binarytrees---22,0.5453658536585365,0.5571428571428573,0.536421052631579
warmup_results_0_8_linux2_i7_4790___HHVM-default-php.json#binarytrees---23,1.0,1.0,0.5306122448979593
warmup_results_0_8_linux2_i7_4790___HHVM-default-php.json#binarytrees---29,1.0,0.9992156862745099,0.514851485148515
warmup_results_0_8_linux2_i7_4790___HHVM-default-php.json#binarytrees---3,0.9975510204081633,1.0,1.0
warmup_results_0_8_linux2_i7_4790___HHVM-default-php.json#binarytrees---4,0.0,0.5360824742268041,0.5098039215686274
warmup_results_0_8_linux2_i7_4790___HHVM-default-php.json#binarytrees---5,0.9788235294117648,0.976326530612245,0.6419753086419754
warmup_results_0_8_linux2_i7_4790___HHVM-default-php.json#binarytrees---7,0.9992156862745099,0.9984,1.0
warmup_results_0_8_linux2_i7_4790___HHVM-default-php.json#fannkuch_redux---1,0.9495652173913045,0.8016666666666666,0.6483116883116885
warmup_results_0_8_linux2_i7_4790___HHVM-default-php.json#fannkuch_redux---10,0.8387096774193549,0.9761092150170648,0.9946731234866828
warmup_results_0_8_linux2_i7_4790___HHVM-default-php.json#fannkuch_redux---11,0.8743362831858407,0.9688212927756653,0.9929648241206029
warmup_results_0_8_linux2_i7_4790___HHVM-default-php.json#fannkuch_redux---12,0.96600790513834,0.9782178217821782,0.9986754966887419
warmup_results_0_8_linux2_i7_4790___HHVM-default-php.json#fannkuch_redux---13,0.9377049180327869,0.9613445378151262,0.9957446808510638
warmup_results_0_8_linux2_i7_4790___HHVM-default-php.json#fannkuch_redux---14,0.5546666666666669,0.6117647058823529,0.6318987341772151
warmup_results_0_8_linux2_i7_4790___HHVM-default-php.json#fannkuch_redux---16,0.9714285714285714,0.9929648241206029,0.9995680345572354
warmup_results_0_8_linux2_i7_4790___HHVM-default-php.json#fannkuch_redux---19,0.6933333333333334,0.5777777777777777,0.656842105263158
warmup_results_0_8_linux2_i7_4790___HHVM-default-php.json#fannkuch_redux---20,0.4727272727272727,0.8387096774193549,0.9500000000000001
warmup_results_0_8_linux2_i7_4790___HHVM-default-php.json#fannkuch_redux---22,0.9829268292682927,0.9946731234866828,1.0
warmup_results_0_8_linux2_i7_4790___HHVM-default-php.json#fannkuch_redux---24,0.9629629629629629,0.9957446808510638,1.0
warmup_results_0_8_linux2_i7_4790___HHVM-default-php.json#fannkuch_redux---26,0.6933333333333334,0.6208955223880597,0.5436363636363636
warmup_results_0_8_linux2_i7_4790___HHVM-default-php.json#fannkuch_redux---27,0.7999999999999999,0.9792207792207792,0.9982142857142857
warmup_results_0_8_linux2_i7_4790___HHVM-default-php.json#fannkuch_redux---28,0.9782178217821782,0.9884297520661157,0.9991266375545853
warmup_results_0_8_linux2_i7_4790___HHVM-default-php.json#fannkuch_redux---29,0.5473684210526315,0.858252427184466,0.9377049180327869
warmup_results_0_8_linux2_i7_4790___HHVM-default-php.json#fannkuch_redux---3,0.9877094972067039,0.9935483870967742,1.0
warmup_results_0_8_linux2_i7_4790___HHVM-default-php.json#fannkuch_redux---4,0.972661870503597,0.9891304347826086,0.9991266375545853
warmup_results_0_8_linux2_i7_4790___HHVM-default-php.json#fannkuch_redux---7,0.9782178217821782,0.9917525773195877,0.9972602739726028
warmup_results_0_8_linux2_i7_4790___HHVM-default-php.json#fasta---21,0.9952153110047847,0.972661870503597,0.9917525773195877
warmup_results_0_8_linux2_i7_4790___HHVM-default-php.json#fasta---25,0.5375280898876404,0.5485714285714286,0.5416666666666667
warmup_results_0_8_linux2_i7_4790___HHVM-default-php.json#nbody---0,0.9904761904761905,0.9892682926829268,0.9615094339622643
warmup_results_0_8_linux2_i7_4790___HHVM-default-php.json#nbody---1,0.8125,0.9800000000000001,0.9615094339622643
warmup_results_0_8_linux2_i7_4790___HHVM-default-php.json#nbody---11,0.6729411764705882,0.7098412698412699,0.6782608695652175
warmup_results_0_8_linux2_i7_4790___HHVM-default-php.json#nbody---15,0.9800000000000001,0.9800000000000001,0.981132075471698
warmup_results_0_8_linux2_i7_4790___HHVM-default-php.json#nbody---17,0.976326530612245,0.9800000000000001,0.981132075471698
warmup_results_0_8_linux2_i7_4790___HHVM-default-php.json#nbody---18,0.9736170212765959,0.9788235294117648,0.9437037037037036
warmup_results_0_8_linux2_i7_4790___HHVM-default-php.json#nbody---22,0.981132075471698,0.9800000000000001,0.8965517241379309
warmup_results_0_8_linux2_i7_4790___HHVM-default-php.json#nbody---24,0.981132075471698,0.9800000000000001,0.981132075471698
warmup_results_0_8_linux2_i7_4790___HHVM-default-php.json#nbody---25,0.9706666666666667,0.9800000000000001,0.8253968253968255
warmup_results_0_8_linux2_i7_4790___HHVM-default-php.json#nbody---28,0.9706666666666667,0.9706666666666667,0.9800000000000001
warmup_results_0_8_linux2_i7_4790___HHVM-default-php.json#nbody---29,0.7999999999999998,0.9992156862745099,0.8666666666666666
warmup_results_0_8_linux2_i7_4790___HHVM-default-php.json#nbody---5,0.7999999999999998,0.9800000000000001,0.808888888888889
warmup_results_0_8_linux2_i7_4790___HHVM-default-php.json#nbody---6,0.808888888888889,0.9957446808510638,0.9984
warmup_results_0_8_linux2_i7_4790___HHVM-default-php.json#spectralnorm---11,0.7115789473684211,0.6791836734693878,0.6374193548387096
warmup_results_0_8_linux2_i7_4790___HHVM-default-php.json#spectralnorm---14,0.5906172839506173,0.5884210526315788,0.5804651162790698
warmup_results_0_8_linux2_i7_4790___HHVM-default-php.json#spectralnorm---15,0.9819742489270387,0.9618497109826588,0.9854838709677419
warmup_results_0_8_linux2_i7_4790___HHVM-default-php.json#spectralnorm---17,0.7140298507462688,0.704,0.7177464788732395
warmup_results_0_8_linux2_i7_4790___HHVM-default-php.json#spectralnorm---18,0.72,0.704516129032258,0.7248484848484849
warmup_results_0_8_linux2_i7_4790___HHVM-default-php.json#spectralnorm---2,0.8768627450980392,0.8125,0.8757894736842106
warmup_results_0_8_linux2_i7_4790___HHVM-default-php.json#spectralnorm---20,0.9878419452887537,0.9868319132455462,0.9931787175989085
warmup_results_0_8_linux2_i7_4790___HHVM-default-php.json#spectralnorm---24,0.5089361702127659,0.44571428571428573,0.4773770491803279
warmup_results_0_8_linux2_i7_4790___HHVM-default-php.json#spectralnorm---25,0.9740634005763689,0.9650655021834061,0.982367758186398
warmup_results_0_8_linux2_i7_4790___HHVM-default-php.json#spectralnorm---26,0.5777777777777777,0.52,0.5672727272727273
warmup_results_0_8_linux2_i7_4790___HHVM-default-php.json#spectralnorm---8,0.6423529411764706,0.579672131147541,0.6330434782608696
warmup_results_0_8_linux2_i7_4790___HHVM-default-php.json#spectralnorm---9,0.5819047619047619,0.5520987654320988,0.5725842696629214
warmup_results_0_8_linux2_i7_4790___Hotspot-default-java.json#binarytrees---0,0.5546666666666666,0.5313043478260872,0.5360824742268041
warmup_results_0_8_linux2_i7_4790___Hotspot-default-java.json#binarytrees---1,0.9271722752385736,0.9816069699903195,0.9311294765840221
warmup_results_0_8_linux2_i7_4790___Hotspot-default-java.json#binarytrees---10,0.984092155787164,0.9759759759759761,0.9902837155071902
warmup_results_0_8_linux2_i7_4790___Hotspot-default-java.json#binarytrees---11,0.9782923299565848,0.9866555462885738,0.9902837155071902
warmup_results_0_8_linux2_i7_4790___Hotspot-default-java.json#binarytrees---13,0.9679547596606976,0.9835336003560302,0.9805598755832038
warmup_results_0_8_linux2_i7_4790___Hotspot-default-java.json#binarytrees---14,0.9848484848484849,0.9930555555555556,0.9311294765840221
warmup_results_0_8_linux2_i7_4790___Hotspot-default-java.json#binarytrees---15,0.9823278488726387,0.9831932773109243,0.9498193496587717
warmup_results_0_8_linux2_i7_4790___Hotspot-default-java.json#binarytrees---16,0.9837019790454016,0.9914701455092825,0.9508454581203304
warmup_results_0_8_linux2_i7_4790___Hotspot-default-java.json#binarytrees---17,0.9189518586227909,0.9912416280267903,0.9692748873412538
warmup_results_0_8_linux2_i7_4790___Hotspot-default-java.json#binarytrees---18,0.9782923299565848,0.9811320754716982,0.9902837155071902
warmup_results_0_8_linux2_i7_4790___Hotspot-default-java.json#binarytrees---19,0.8849009900990099,0.984033116499113,0.9311294765840221
warmup_results_0_8_linux2_i7_4790___Hotspot-default-java.json#binarytrees---2,0.9790276453765493,0.9830960854092525,0.9902837155071902
warmup_results_0_8_linux2_i7_4790___Hotspot-default-java.json#binarytrees---20,0.9713048186247969,0.9687936655798788,0.9805598755832038
warmup_results_0_8_linux2_i7_4790___Hotspot-default-java.json#binarytrees---21,0.9294012511170688,0.9242488362251376,0.9014972419227738
warmup_results_0_8_linux2_i7_4790___Hotspot-default-java.json#binarytrees---22,0.9918616480162766,0.9968051118210862,0.9311294765840221
warmup_results_0_8_linux2_i7_4790___Hotspot-default-java.json#binarytrees---23,0.9337461300309597,0.9798994974874372,0.9212598425196851
warmup_results_0_8_linux2_i7_4790___Hotspot-default-java.json#binarytrees---24,0.9734789391575662,0.9825155104342921,0.9902837155071902
warmup_results_0_8_linux2_i7_4790___Hotspot-default-java.json#binarytrees---25,0.9820433436532507,0.9877094972067039,0.9790794979079499
warmup_results_0_8_linux2_i7_4790___Hotspot-default-java.json#binarytrees---26,0.9734789391575662,0.982456140350877,0.9902837155071902
warmup_results_0_8_linux2_i7_4790___Hotspot-default-java.json#binarytrees---27,0.9734789391575662,0.986093552465234,0.9902837155071902
warmup_results_0_8_linux2_i7_4790___Hotspot-default-java.json#binarytrees---28,0.9743326488706364,0.9837219533655962,0.9902837155071902
warmup_results_0_8_linux2_i7_4790___Hotspot-default-java.json#binarytrees---29,0.9624746450304259,0.9662162162162161,0.9805598755832038
warmup_results_0_8_linux2_i7_4790___Hotspot-default-java.json#binarytrees---3,0.9814356435643563,0.9918616480162766,0.9692748873412538
warmup_results_0_8_linux2_i7_4790___Hotspot-default-java.json#binarytrees---4,0.48000000000000004,0.5145263157894737,0.52
warmup_results_0_8_linux2_i7_4790___Hotspot-default-java.json#binarytrees---5,0.9942638623326959,0.9953314659197012,0.940991345397325
warmup_results_0_8_linux2_i7_4790___Hotspot-default-java.json#binarytrees---6,0.959731543624161,0.9862068965517241,0.9590163934426231
warmup_results_0_8_linux2_i7_4790___Hotspot-default-java.json#binarytrees---7,0.9726027397260273,0.9818016378525933,0.9902837155071902
warmup_results_0_8_linux2_i7_4790___Hotspot-default-java.json#binarytrees---8,0.9564375605033881,0.9624537281861449,0.9311294765840221
warmup_results_0_8_linux2_i7_4790___Hotspot-default-java.json#binarytrees---9,0.9785853341985723,0.987885462555066,0.9311294765840221
warmup_results_0_8_linux2_i7_4790___Hotspot-default-java.json#fannkuch_redux---0,0.6239999999999999,0.28363636363636363,0.6283333333333334
warmup_results_0_8_linux2_i7_4790___Hotspot-default-java.json#fannkuch_redux---1,0.9468317552804077,0.9730794484569928,0.9897959183673471
warmup_results_0_8_linux2_i7_4790___Hotspot-default-java.json#fannkuch_redux---14,0.08666666666666667,0.0,0.33647058823529413
warmup_results_0_8_linux2_i7_4790___Hotspot-default-java.json#fannkuch_redux---16,0.0,0.0,0.3033333333333334
warmup_results_0_8_linux2_i7_4790___Hotspot-default-java.json#fannkuch_redux---17,0.7647058823529411,0.78,0.7721212121212122
warmup_results_0_8_linux2_i7_4790___Hotspot-default-java.json#fannkuch_redux---19,0.17567567567567566,0.0,0.7695560253699789
warmup_results_0_8_linux2_i7_4790___Hotspot-default-java.json#fannkuch_redux---2,0.4727272727272728,0.6933333333333334,0.76
warmup_results_0_8_linux2_i7_4790___Hotspot-default-java.json#fannkuch_redux---21,0.9122807017543859,0.9050632911392406,0.9849332759362892
warmup_results_0_8_linux2_i7_4790___Hotspot-default-java.json#fannkuch_redux---22,0.6656000000000001,0.5942857142857143,0.8813559322033897
warmup_results_0_8_linux2_i7_4790___Hotspot-default-java.json#fannkuch_redux---24,0.46636771300448426,0.46636771300448426,0.5241935483870968
warmup_results_0_8_linux2_i7_4790___Hotspot-default-java.json#fannkuch_redux---26,0.9037433155080216,0.888558692421991,0.9726027397260273
warmup_results_0_8_linux2_i7_4790___Hotspot-default-java.json#fannkuch_redux---27,0.9026415094339623,0.832,0.8813559322033897
warmup_results_0_8_linux2_i7_4790___Hotspot-default-java.json#fannkuch_redux---28,0.7544642857142857,0.882716049382716,0.9902837155071902
warmup_results_0_8_linux2_i7_4790___Hotspot-default-java.json#fannkuch_redux---3,0.0,0.0,0.24470588235294116
warmup_results_0_8_linux2_i7_4790___Hotspot-default-java.json#fannkuch_redux---4,0.6579591836734694,0.7255813953488371,0.6618181818181819
warmup_results_0_8_linux2_i7_4790___Hotspot-default-java.json#fannkuch_redux---5,0.0,0.0,0.16930232558139535
warmup_results_0_8_linux2_i7_4790___Hotspot-default-java.json#fannkuch_redux---6,0.7234782608695652,0.41600000000000004,0.7849056603773585
warmup_results_0_8_linux2_i7_4790___Hotspot-default-java.json#fannkuch_redux---8,0.38999999999999996,0.42823529411764705,0.7640816326530613
warmup_results_0_8_linux2_i7_4790___Hotspot-default-java.json#fasta---0,0.8333333333333334,0.8216704288939053,0.9973544973544973
warmup_results_0_8_linux2_i7_4790___Hotspot-default-java.json#fasta---1,0.8438133874239352,0.8333333333333334,0.9963931469792606
warmup_results_0_8_linux2_i7_4790___Hotspot-default-java.json#fasta---10,0.0,0.0,0.5539130434782609
warmup_results_0_8_linux2_i7_4790___Hotspot-default-java.json#fasta---11,0.8333333333333334,0.8333333333333334,0.9978194505015263
warmup_results_0_8_linux2_i7_4790___Hotspot-default-java.json#fasta---12,0.8438133874239352,0.8216704288939053,0.9973544973544973
warmup_results_0_8_linux2_i7_4790___Hotspot-default-java.json#fasta---13,0.0,0.0,0.5995294117647059
warmup_results_0_8_linux2_i7_4790___Hotspot-default-java.json#fasta---14,0.8438133874239352,0.8333333333333334,0.9953874538745388
warmup_results_0_8_linux2_i7_4790___Hotspot-default-java.json#fasta---15,0.0,0.0,0.5498850574712644
warmup_results_0_8_linux2_i7_4790___Hotspot-default-java.json#fasta---16,0.0,0.0,0.5498850574712644
warmup_results_0_8_linux2_i7_4790___Hotspot-default-java.json#fasta---17,0.8438133874239352,0.8333333333333334,0.9973544973544973
warmup_results_0_8_linux2_i7_4790___Hotspot-default-java.json#fasta---18,0.8333333333333334,0.8333333333333334,0.9963931469792606
warmup_results_0_8_linux2_i7_4790___Hotspot-default-java.json#fasta---19,0.8333333333333334,0.8216704288939053,0.9968791796700847
warmup_results_0_8_linux2_i7_4790___Hotspot-default-java.json#fasta---2,0.8438133874239352,0.8333333333333334,0.9958960328317373
warmup_results_0_8_linux2_i7_4790___Hotspot-default-java.json#fasta---20,0.8333333333333334,0.8216704288939053,0.9948670088660756
warmup_results_0_8_linux2_i7_4790___Hotspot-default-java.json#fasta---21,0.8333333333333334,0.8216704288939053,0.9937888198757764
warmup_results_0_8_linux2_i7_4790___Hotspot-default-java.json#fasta---22,0.8333333333333334,0.8216704288939053,0.9978194505015263
warmup_results_0_8_linux2_i7_4790___Hotspot-default-java.json#fasta---23,0.8333333333333334,0.8216704288939053,0.9973544973544973
warmup_results_0_8_linux2_i7_4790___Hotspot-default-java.json#fasta---24,0.8333333333333334,0.8333333333333334,0.9963931469792606
warmup_results_0_8_linux2_i7_4790___Hotspot-default-java.json#fasta---25,0.8333333333333334,0.8216704288939053,0.9948670088660756
warmup_results_0_8_linux2_i7_4790___Hotspot-default-java.json#fasta---26,0.0,0.0,0.5441860465116279
warmup_results_0_8_linux2_i7_4790___Hotspot-default-java.json#fasta---27,0.0,0.0,0.5662222222222223
warmup_results_0_8_linux2_i7_4790___Hotspot-default-java.json#fasta---28,0.8333333333333334,0.8216704288939053,0.9953874538745388
warmup_results_0_8_linux2_i7_4790___Hotspot-default-java.json#fasta---29,0.8333333333333334,0.8333333333333334,0.9953874538745388
warmup_results_0_8_linux2_i7_4790___Hotspot-default-java.json#fasta---3,0.8438133874239352,0.8216704288939053,0.9963931469792606
warmup_results_0_8_linux2_i7_4790___Hotspot-default-java.json#fasta---4,0.8333333333333334,0.8333333333333334,0.9968791796700847
warmup_results_0_8_linux2_i7_4790___Hotspot-default-java.json#fasta---5,0.0,0.0,0.5562790697674419
warmup_results_0_8_linux2_i7_4790___Hotspot-default-java.json#fasta---6,0.0,0.0,0.5683720930232558
warmup_results_0_8_linux2_i7_4790___Hotspot-default-java.json#fasta---7,0.8333333333333334,0.8333333333333334,0.9968791796700847
warmup_results_0_8_linux2_i7_4790___Hotspot-default-java.json#fasta---8,0.8333333333333334,0.8333333333333334,0.9948670088660756
warmup_results_0_8_linux2_i7_4790___Hotspot-default-java.json#fasta---9,0.0,0.0,0.5834146341463414
warmup_results_0_8_linux2_i7_4790___Hotspot-default-java.json#nbody---0,0.9902837155071902,0.9623786407766989,0.9902837155071902
warmup_results_0_8_linux2_i7_4790___Hotspot-default-java.json#nbody---1,0.9902837155071902,0.9623786407766989,0.9902837155071902
warmup_results_0_8_linux2_i7_4790___Hotspot-default-java.json#nbody---10,0.9877450980392156,0.9635385534967125,0.9902837155071902
warmup_results_0_8_linux2_i7_4790___Hotspot-default-java.json#nbody---11,0.9897959183673471,0.9623786407766989,0.9902837155071902
warmup_results_0_8_linux2_i7_4790___Hotspot-default-java.json#nbody---12,0.9897959183673471,0.9623786407766989,0.9902837155071902
warmup_results_0_8_linux2_i7_4790___Hotspot-default-java.json#nbody---13,0.9902837155071902,0.9635385534967125,0.9902837155071902
warmup_results_0_8_linux2_i7_4790___Hotspot-default-java.json#nbody---14,0.9902837155071902,0.9657573998839235,0.9902837155071902
warmup_results_0_8_linux2_i7_4790___Hotspot-default-java.json#nbody---15,0.9902837155071902,0.9623786407766989,0.9902837155071902
warmup_results_0_8_linux2_i7_4790___Hotspot-default-java.json#nbody---16,0.9902837155071902,0.9646643109540635,0.9902837155071902
warmup_results_0_8_linux2_i7_4790___Hotspot-default-java.json#nbody---17,0.9897959183673471,0.9707792207792206,0.9902837155071902
warmup_results_0_8_linux2_i7_4790___Hotspot-default-java.json#nbody---18,0.9902837155071902,0.9623786407766989,0.9902837155071902
warmup_results_0_8_linux2_i7_4790___Hotspot-default-java.json#nbody---19,0.9877450980392156,0.9734789391575662,0.9902837155071902
warmup_results_0_8_linux2_i7_4790___Hotspot-default-java.json#nbody---2,0.9902837155071902,0.9623786407766989,0.9902837155071902
warmup_results_0_8_linux2_i7_4790___Hotspot-default-java.json#nbody---20,0.9902837155071902,0.9635385534967125,0.9902837155071902
warmup_results_0_8_linux2_i7_4790___Hotspot-default-java.json#nbody---21,0.9897959183673471,0.9804469273743017,0.9902837155071902
warmup_results_0_8_linux2_i7_4790___Hotspot-default-java.json#nbody---22,0.9897959183673471,0.9623786407766989,0.9902837155071902
warmup_results_0_8_linux2_i7_4790___Hotspot-default-java.json#nbody---23,0.9902837155071902,0.9657573998839235,0.9902837155071902
warmup_results_0_8_linux2_i7_4790___Hotspot-default-java.json#nbody---24,0.9805598755832038,0.9499116087212729,0.9805598755832038
warmup_results_0_8_linux2_i7_4790___Hotspot-default-java.json#nbody---25,0.9902837155071902,0.9688542825361515,0.9902837155071902
warmup_results_0_8_linux2_i7_4790___Hotspot-default-java.json#nbody---26,0.9902837155071902,0.9635385534967125,0.9902837155071902
warmup_results_0_8_linux2_i7_4790___Hotspot-default-java.json#nbody---27,0.9902837155071902,0.9646643109540635,0.9902837155071902
warmup_results_0_8_linux2_i7_4790___Hotspot-default-java.json#nbody---28,0.9902837155071902,0.9623786407766989,0.9902837155071902
warmup_results_0_8_linux2_i7_4790___Hotspot-default-java.json#nbody---29,0.9902837155071902,0.9635385534967125,0.9902837155071902
warmup_results_0_8_linux2_i7_4790___Hotspot-default-java.json#nbody---3,0.9902837155071902,0.9775390625000001,0.9902837155071902
warmup_results_0_8_linux2_i7_4790___Hotspot-default-java.json#nbody---4,0.9902837155071902,0.9657573998839235,0.9902837155071902
warmup_results_0_8_linux2_i7_4790___Hotspot-default-java.json#nbody---5,0.9882733522038011,0.9775390625000001,0.9902837155071902
warmup_results_0_8_linux2_i7_4790___Hotspot-default-java.json#nbody---6,0.9902837155071902,0.9623786407766989,0.9902837155071902
warmup_results_0_8_linux2_i7_4790___Hotspot-default-java.json#nbody---7,0.9902837155071902,0.9635385534967125,0.9902837155071902
warmup_results_0_8_linux2_i7_4790___Hotspot-default-java.json#nbody---8,0.9897959183673471,0.9635385534967125,0.9902837155071902
warmup_results_0_8_linux2_i7_4790___Hotspot-default-java.json#nbody---9,0.9902837155071902,0.9635385534967125,0.9902837155071902
warmup_results_0_8_linux2_i7_4790___Hotspot-default-java.json#richards---0,0.8914285714285713,0.736,0.7222222222222223
warmup_results_0_8_linux2_i7_4790___Hotspot-default-java.json#richards---1,0.6933333333333335,0.6729411764705882,0.742857142857143
warmup_results_0_8_linux2_i7_4790___Hotspot-default-java.json#richards---10,0.96,0.8629787234042555,0.7222222222222223
warmup_results_0_8_linux2_i7_4790___Hotspot-default-java.json#richards---11,0.96,0.703529411764706,0.6933333333333332
warmup_results_0_8_linux2_i7_4790___Hotspot-default-java.json#richards---12,0.9013333333333333,0.6429090909090909,0.6753246753246753
warmup_results_0_8_linux2_i7_4790___Hotspot-default-java.json#richards---13,0.975,0.9674418604651163,0.96
warmup_results_0_8_linux2_i7_4790___Hotspot-default-java.json#richards---14,0.9244444444444444,0.9385365853658537,0.8757894736842106
warmup_results_0_8_linux2_i7_4790___Hotspot-default-java.json#richards---15,0.8745454545454544,0.7672131147540985,0.7839999999999999
warmup_results_0_8_linux2_i7_4790___Hotspot-default-java.json#richards---16,0.9682758620689655,0.7125925925925928,0.6745945945945946
warmup_results_0_8_linux2_i7_4790___Hotspot-default-java.json#richards---17,0.9409523809523809,0.9904761904761905,0.9475555555555556
warmup_results_0_8_linux2_i7_4790___Hotspot-default-java.json#richards---18,0.9393548387096776,0.9706666666666667,0.9454545454545454
warmup_results_0_8_linux2_i7_4790___Hotspot-default-java.json#richards---2,0.6374193548387096,0.6522033898305085,0.641095890410959
warmup_results_0_8_linux2_i7_4790___Hotspot-default-java.json#richards---20,0.9805714285714285,0.9892682926829268,0.9584313725490196
warmup_results_0_8_linux2_i7_4790___Hotspot-default-java.json#richards---21,0.9482352941176472,0.9316666666666668,0.8219354838709678
warmup_results_0_8_linux2_i7_4790___Hotspot-default-java.json#richards---22,0.9657142857142857,0.9927272727272728,0.9788235294117648
warmup_results_0_8_linux2_i7_4790___Hotspot-default-java.json#richards---23,0.9866666666666667,0.9892682926829268,0.7647058823529411
warmup_results_0_8_linux2_i7_4790___Hotspot-default-java.json#richards---24,0.9495652173913045,0.9432558139534883,0.8427586206896552
warmup_results_0_8_linux2_i7_4790___Hotspot-default-java.json#richards---25,0.9852631578947368,0.9984,1.0
warmup_results_0_8_linux2_i7_4790___Hotspot-default-java.json#richards---26,0.9904761904761905,0.9984,0.8637288135593222
warmup_results_0_8_linux2_i7_4790___Hotspot-default-java.json#richards---27,0.96,0.8591304347826086,0.8606896551724138
warmup_results_0_8_linux2_i7_4790___Hotspot-default-java.json#richards---28,0.9822222222222222,0.9892682926829268,0.9776
warmup_results_0_8_linux2_i7_4790___Hotspot-default-java.json#richards---29,0.9837837837837837,0.9957446808510638,0.981132075471698
warmup_results_0_8_linux2_i7_4790___Hotspot-default-java.json#richards---3,0.9904761904761905,0.9992156862745099,0.9800000000000001
warmup_results_0_8_linux2_i7_4790___Hotspot-default-java.json#richards---6,0.8666666666666666,0.8281481481481481,0.78
warmup_results_0_8_linux2_i7_4790___Hotspot-default-java.json#richards---7,0.9822222222222222,0.9947826086956522,0.7188235294117648
warmup_results_0_8_linux2_i7_4790___Hotspot-default-java.json#richards---8,0.7626666666666667,0.5585185185185185,0.7494117647058823
warmup_results_0_8_linux2_i7_4790___Hotspot-default-java.json#richards---9,0.6595121951219514,0.6308196721311475,0.6980821917808219
warmup_results_0_8_linux2_i7_4790___Hotspot-default-java.json#spectralnorm---0,0.9571917808219178,0.9717912552891397,0.9436163318211278
warmup_results_0_8_linux2_i7_4790___Hotspot-default-java.json#spectralnorm---1,0.9621882542236524,0.9705671213208901,0.9741144414168937
warmup_results_0_8_linux2_i7_4790___Hotspot-default-java.json#spectralnorm---10,0.9666160849772383,0.9717912552891397,0.9420289855072465
warmup_results_0_8_linux2_i7_4790___Hotspot-default-java.json#spectralnorm---11,0.9605373635600337,0.9694258016405667,0.9719626168224299
warmup_results_0_8_linux2_i7_4790___Hotspot-default-java.json#spectralnorm---12,0.549433962264151,0.58,0.5379310344827586
warmup_results_0_8_linux2_i7_4790___Hotspot-default-java.json#spectralnorm---13,0.9666160849772383,0.9666160849772383,0.9591567852437418
warmup_results_0_8_linux2_i7_4790___Hotspot-default-java.json#spectralnorm---14,0.9717912552891397,0.9692982456140351,0.9591567852437418
warmup_results_0_8_linux2_i7_4790___Hotspot-default-java.json#spectralnorm---15,0.967982129560685,0.9752176825184193,0.9752176825184193
warmup_results_0_8_linux2_i7_4790___Hotspot-default-java.json#spectralnorm---16,0.9692982456140351,0.958927074601844,0.9811320754716981
warmup_results_0_8_linux2_i7_4790___Hotspot-default-java.json#spectralnorm---17,0.9666160849772383,0.9692982456140351,0.9741144414168937
warmup_results_0_8_linux2_i7_4790___Hotspot-default-java.json#spectralnorm---18,0.9570552147239263,0.951219512195122,0.9432717678100264
warmup_results_0_8_linux2_i7_4790___Hotspot-default-java.json#spectralnorm---19,0.9571917808219178,0.9553805774278216,0.9651972157772621
warmup_results_0_8_linux2_i7_4790___Hotspot-default-java.json#spectralnorm---2,0.9588336192109777,0.962171052631579,0.9306487695749441
warmup_results_0_8_linux2_i7_4790___Hotspot-default-java.json#spectralnorm---20,0.9752176825184193,0.9666160849772383,0.9480840543881336
warmup_results_0_8_linux2_i7_4790___Hotspot-default-java.json#spectralnorm---21,0.9651972157772621,0.9637223974763407,0.9752176825184193
warmup_results_0_8_linux2_i7_4790___Hotspot-default-java.json#spectralnorm---22,0.9705671213208901,0.9651972157772621,0.9139987445072191
warmup_results_0_8_linux2_i7_4790___Hotspot-default-java.json#spectralnorm---23,0.9694258016405667,0.9719626168224299,0.984033116499113
warmup_results_0_8_linux2_i7_4790___Hotspot-default-java.json#spectralnorm---24,0.9151138716356106,0.9570552147239263,0.9345794392523364
warmup_results_0_8_linux2_i7_4790___Hotspot-default-java.json#spectralnorm---25,0.9741144414168937,0.9741144414168937,0.9285714285714287
warmup_results_0_8_linux2_i7_4790___Hotspot-default-java.json#spectralnorm---26,0.958927074601844,0.9553805774278216,0.9705671213208901
warmup_results_0_8_linux2_i7_4790___Hotspot-default-java.json#spectralnorm---27,0.9666160849772383,0.9651972157772621,0.9802224969097652
warmup_results_0_8_linux2_i7_4790___Hotspot-default-java.json#spectralnorm---28,0.9571917808219178,0.9472674976030682,0.9729729729729729
warmup_results_0_8_linux2_i7_4790___Hotspot-default-java.json#spectralnorm---29,0.9651972157772621,0.9717912552891397,0.9741144414168937
warmup_results_0_8_linux2_i7_4790___Hotspot-default-java.json#spectralnorm---3,0.9571917808219178,0.9717912552891397,0.9741144414168937
warmup_results_0_8_linux2_i7_4790___Hotspot-default-java.json#spectralnorm---4,0.9605911330049262,0.9651972157772621,0.9802224969097652
warmup_results_0_8_linux2_i7_4790___Hotspot-default-java.json#spectralnorm---5,0.9666160849772383,0.9637223974763407,0.9752176825184193
warmup_results_0_8_linux2_i7_4790___Hotspot-default-java.json#spectralnorm---6,0.9666160849772383,0.9717912552891397,0.9729729729729729
warmup_results_0_8_linux2_i7_4790___Hotspot-default-java.json#spectralnorm---7,0.9553805774278216,0.958927074601844,0.9570552147239264
warmup_results_0_8_linux2_i7_4790___Hotspot-default-java.json#spectralnorm---8,0.9651972157772621,0.9717912552891397,0.9741144414168937
warmup_results_0_8_linux2_i7_4790___Hotspot-default-java.json#spectralnorm---9,0.9621882542236524,0.9140625,0.9717912552891397
warmup_results_0_8_linux2_i7_4790___JRubyTruffle-default-ruby.json#binarytrees---0,0.7323943661971832,0.7878787878787878,0.5977011494252874
warmup_results_0_8_linux2_i7_4790___JRubyTruffle-default-ruby.json#binarytrees---1,0.6618181818181819,0.6618181818181819,0.6046511627906977
warmup_results_0_8_linux2_i7_4790___JRubyTruffle-default-ruby.json#binarytrees---10,0.6,0.6179710144927536,0.5909090909090909
warmup_results_0_8_linux2_i7_4790___JRubyTruffle-default-ruby.json#binarytrees---11,0.5889156626506025,0.5733333333333333,0.5977011494252874
warmup_results_0_8_linux2_i7_4790___JRubyTruffle-default-ruby.json#binarytrees---12,0.6388571428571428,0.6838356164383561,0.6046511627906977
warmup_results_0_8_linux2_i7_4790___JRubyTruffle-default-ruby.json#binarytrees---13,0.6582278481012658,0.6450632911392407,0.5777777777777778
warmup_results_0_8_linux2_i7_4790___JRubyTruffle-default-ruby.json#binarytrees---14,0.5983561643835617,0.6729411764705882,0.5777777777777778
warmup_results_0_8_linux2_i7_4790___JRubyTruffle-default-ruby.json#binarytrees---15,0.6500000000000001,0.6500000000000001,0.5652173913043479
warmup_results_0_8_linux2_i7_4790___JRubyTruffle-default-ruby.json#binarytrees---16,0.6990163934426229,0.7932203389830509,0.5777777777777778
warmup_results_0_8_linux2_i7_4790___JRubyTruffle-default-ruby.json#binarytrees---19,0.7077777777777777,0.6886486486486486,0.6046511627906977
warmup_results_0_8_linux2_i7_4790___JRubyTruffle-default-ruby.json#binarytrees---2,0.637,0.6162962962962962,0.5777777777777778
warmup_results_0_8_linux2_i7_4790___JRubyTruffle-default-ruby.json#binarytrees---20,0.5878260869565217,0.66625,0.5977011494252874
warmup_results_0_8_linux2_i7_4790___JRubyTruffle-default-ruby.json#binarytrees---21,0.6695890410958903,0.6753246753246753,0.5977011494252874
warmup_results_0_8_linux2_i7_4790___JRubyTruffle-default-ruby.json#binarytrees---22,0.5546666666666666,0.5942857142857143,0.5977011494252874
warmup_results_0_8_linux2_i7_4790___JRubyTruffle-default-ruby.json#binarytrees---23,0.5834146341463414,0.6214634146341466,0.5652173913043479
warmup_results_0_8_linux2_i7_4790___JRubyTruffle-default-ruby.json#binarytrees---24,0.6483116883116885,0.6655999999999999,0.5909090909090909
warmup_results_0_8_linux2_i7_4790___JRubyTruffle-default-ruby.json#binarytrees---25,0.6982857142857143,0.7680000000000001,0.5909090909090909
warmup_results_0_8_linux2_i7_4790___JRubyTruffle-default-ruby.json#binarytrees---26,0.6605405405405406,0.6933333333333332,0.6046511627906977
warmup_results_0_8_linux2_i7_4790___JRubyTruffle-default-ruby.json#binarytrees---28,0.5995294117647059,0.611764705882353,0.5977011494252874
warmup_results_0_8_linux2_i7_4790___JRubyTruffle-default-ruby.json#binarytrees---29,0.5819047619047619,0.611764705882353,0.5714285714285715
warmup_results_0_8_linux2_i7_4790___JRubyTruffle-default-ruby.json#binarytrees---3,0.608780487804878,0.6655999999999999,0.5909090909090909
warmup_results_0_8_linux2_i7_4790___JRubyTruffle-default-ruby.json#binarytrees---4,0.6582278481012658,0.6842105263157896,0.5909090909090909
warmup_results_0_8_linux2_i7_4790___JRubyTruffle-default-ruby.json#binarytrees---5,0.5962666666666667,0.637,0.5652173913043479
warmup_results_0_8_linux2_i7_4790___JRubyTruffle-default-ruby.json#binarytrees---7,0.6162962962962962,0.6729411764705882,0.5842696629213483
warmup_results_0_8_linux2_i7_4790___JRubyTruffle-default-ruby.json#binarytrees---8,0.6533333333333333,0.7450746268656716,0.5842696629213483
warmup_results_0_8_linux2_i7_4790___JRubyTruffle-default-ruby.json#binarytrees---9,0.6695890410958903,0.6666666666666666,0.6046511627906977
warmup_results_0_8_linux2_i7_4790___JRubyTruffle-default-ruby.json#fannkuch_redux---0,0.6933333333333332,0.5753191489361702,0.5857471264367816
warmup_results_0_8_linux2_i7_4790___JRubyTruffle-default-ruby.json#fannkuch_redux---1,0.544,0.6548148148148148,0.5857471264367816
warmup_results_0_8_linux2_i7_4790___JRubyTruffle-default-ruby.json#fannkuch_redux---10,0.6117647058823529,0.7403389830508474,0.5909090909090909
warmup_results_0_8_linux2_i7_4790___JRubyTruffle-default-ruby.json#fannkuch_redux---11,0.5909090909090909,0.3466666666666667,0.5737931034482759
warmup_results_0_8_linux2_i7_4790___JRubyTruffle-default-ruby.json#fannkuch_redux---12,0.5306122448979592,0.5580487804878048,0.5842696629213483
warmup_results_0_8_linux2_i7_4790___JRubyTruffle-default-ruby.json#fannkuch_redux---13,0.6618181818181817,0.5326829268292682,0.5909090909090909
warmup_results_0_8_linux2_i7_4790___JRubyTruffle-default-ruby.json#fannkuch_redux---14,0.3728301886792453,0.37333333333333335,0.5562790697674419
warmup_results_0_8_linux2_i7_4790___JRubyTruffle-default-ruby.json#fannkuch_redux---15,0.6206451612903225,0.5834146341463415,0.5662222222222223
warmup_results_0_8_linux2_i7_4790___JRubyTruffle-default-ruby.json#fannkuch_redux---16,0.4973913043478261,0.6117647058823529,0.5942857142857143
warmup_results_0_8_linux2_i7_4790___JRubyTruffle-default-ruby.json#fannkuch_redux---17,0.6455172413793103,0.7234782608695653,0.5977011494252874
warmup_results_0_8_linux2_i7_4790___JRubyTruffle-default-ruby.json#fannkuch_redux---18,0.687741935483871,0.7115789473684211,0.5842696629213483
warmup_results_0_8_linux2_i7_4790___JRubyTruffle-default-ruby.json#fannkuch_redux---19,0.6541935483870969,0.7125925925925928,0.5777777777777778
warmup_results_0_8_linux2_i7_4790___JRubyTruffle-default-ruby.json#fannkuch_redux---2,0.7672131147540985,0.6729411764705883,0.5909090909090909
warmup_results_0_8_linux2_i7_4790___JRubyTruffle-default-ruby.json#fannkuch_redux---20,0.7115789473684211,0.7090909090909091,0.5857471264367816
warmup_results_0_8_linux2_i7_4790___JRubyTruffle-default-ruby.json#fannkuch_redux---21,0.6813793103448276,0.7593650793650794,0.5842696629213483
warmup_results_0_8_linux2_i7_4790___JRubyTruffle-default-ruby.json#fannkuch_redux---22,0.597037037037037,0.7090909090909091,0.5777777777777778
warmup_results_0_8_linux2_i7_4790___JRubyTruffle-default-ruby.json#fannkuch_redux---23,0.3466666666666667,0.5066666666666666,0.5842696629213483
warmup_results_0_8_linux2_i7_4790___JRubyTruffle-default-ruby.json#fannkuch_redux---24,0.728,0.806896551724138,0.5842696629213483
warmup_results_0_8_linux2_i7_4790___JRubyTruffle-default-ruby.json#fannkuch_redux---25,0.7248484848484849,0.728,0.5842696629213483
warmup_results_0_8_linux2_i7_4790___JRubyTruffle-default-ruby.json#fannkuch_redux---26,0.8450000000000001,0.78,0.5777777777777778
warmup_results_0_8_linux2_i7_4790___JRubyTruffle-default-ruby.json#fannkuch_redux---27,0.6834285714285715,0.6880000000000001,0.5842696629213483
warmup_results_0_8_linux2_i7_4790___JRubyTruffle-default-ruby.json#fannkuch_redux---28,0.52,0.5777777777777778,0.5995294117647059
warmup_results_0_8_linux2_i7_4790___JRubyTruffle-default-ruby.json#fannkuch_redux---29,0.5672727272727273,0.7842622950819672,0.5995294117647059
warmup_results_0_8_linux2_i7_4790___JRubyTruffle-default-ruby.json#fannkuch_redux---3,0.6603174603174602,0.6933333333333334,0.5777777777777778
warmup_results_0_8_linux2_i7_4790___JRubyTruffle-default-ruby.json#fannkuch_redux---4,0.6750877192982455,0.40695652173913044,0.5925581395348837
warmup_results_0_8_linux2_i7_4790___JRubyTruffle-default-ruby.json#fannkuch_redux---5,0.7941818181818182,0.7589189189189189,0.5714285714285715
warmup_results_0_8_linux2_i7_4790___JRubyTruffle-default-ruby.json#fannkuch_redux---6,0.5747368421052632,0.6145454545454546,0.5777777777777778
warmup_results_0_8_linux2_i7_4790___JRubyTruffle-default-ruby.json#fannkuch_redux---7,0.6096551724137932,0.754,0.5777777777777778
warmup_results_0_8_linux2_i7_4790___JRubyTruffle-default-ruby.json#fannkuch_redux---8,0.5942857142857142,0.7090909090909091,0.5790909090909092
warmup_results_0_8_linux2_i7_4790___JRubyTruffle-default-ruby.json#fannkuch_redux---9,0.7941818181818182,0.8817391304347827,0.5977011494252874
warmup_results_0_8_linux2_i7_4790___JRubyTruffle-default-ruby.json#nbody---0,0.0,0.0,0.5909090909090909
warmup_results_0_8_linux2_i7_4790___JRubyTruffle-default-ruby.json#nbody---1,0.0,0.0,0.5977011494252874
warmup_results_0_8_linux2_i7_4790___JRubyTruffle-default-ruby.json#nbody---10,0.0,0.0,0.5842696629213483
warmup_results_0_8_linux2_i7_4790___JRubyTruffle-default-ruby.json#nbody---11,0.0,0.0,0.5777777777777778
warmup_results_0_8_linux2_i7_4790___JRubyTruffle-default-ruby.json#nbody---12,0.0,0.0,0.5977011494252874
warmup_results_0_8_linux2_i7_4790___JRubyTruffle-default-ruby.json#nbody---13,0.0,0.0,0.5977011494252874
warmup_results_0_8_linux2_i7_4790___JRubyTruffle-default-ruby.json#nbody---14,0.0,0.0,0.5857471264367816
warmup_results_0_8_linux2_i7_4790___JRubyTruffle-default-ruby.json#nbody---15,0.0,0.0,0.5977011494252874
warmup_results_0_8_linux2_i7_4790___JRubyTruffle-default-ruby.json#nbody---16,0.0,0.0,0.5652173913043479
warmup_results_0_8_linux2_i7_4790___JRubyTruffle-default-ruby.json#nbody---17,0.0,0.0,0.5977011494252874
warmup_results_0_8_linux2_i7_4790___JRubyTruffle-default-ruby.json#nbody---18,0.0,0.0,0.5909090909090909
warmup_results_0_8_linux2_i7_4790___JRubyTruffle-default-ruby.json#nbody---19,0.0,0.0,0.5977011494252874
warmup_results_0_8_linux2_i7_4790___JRubyTruffle-default-ruby.json#nbody---2,0.0,0.0,0.5909090909090909
warmup_results_0_8_linux2_i7_4790___JRubyTruffle-default-ruby.json#nbody---20,0.0,0.0,0.5777777777777778
warmup_results_0_8_linux2_i7_4790___JRubyTruffle-default-ruby.json#nbody---21,0.0,0.0,0.6046511627906977
warmup_results_0_8_linux2_i7_4790___JRubyTruffle-default-ruby.json#nbody---22,0.0,0.0,0.5925581395348837
warmup_results_0_8_linux2_i7_4790___JRubyTruffle-default-ruby.json#nbody---23,0.0,0.0,0.5909090909090909
warmup_results_0_8_linux2_i7_4790___JRubyTruffle-default-ruby.json#nbody---24,0.0,0.0,0.5804651162790698
warmup_results_0_8_linux2_i7_4790___JRubyTruffle-default-ruby.json#nbody---25,0.0,0.0,0.5714285714285715
warmup_results_0_8_linux2_i7_4790___JRubyTruffle-default-ruby.json#nbody---26,0.0,0.0,0.5977011494252874
warmup_results_0_8_linux2_i7_4790___JRubyTruffle-default-ruby.json#nbody---27,0.0,0.0,0.5977011494252874
warmup_results_0_8_linux2_i7_4790___JRubyTruffle-default-ruby.json#nbody---28,0.0,0.0,0.5925581395348837
warmup_results_0_8_linux2_i7_4790___JRubyTruffle-default-ruby.json#nbody---29,0.0,0.0,0.5777777777777778
warmup_results_0_8_linux2_i7_4790___JRubyTruffle-default-ruby.json#nbody---3,0.0,0.0,0.5842696629213483
warmup_results_0_8_linux2_i7_4790___JRubyTruffle-default-ruby.json#nbody---4,0.0,0.0,0.5977011494252874
warmup_results_0_8_linux2_i7_4790___JRubyTruffle-default-ruby.json#nbody---5,0.0,0.0,0.5909090909090909
warmup_results_0_8_linux2_i7_4790___JRubyTruffle-default-ruby.json#nbody---6,0.0,0.0,0.5842696629213483
warmup_results_0_8_linux2_i7_4790___JRubyTruffle-default-ruby.json#nbody---7,0.0,0.0,0.5977011494252874
warmup_results_0_8_linux2_i7_4790___JRubyTruffle-default-ruby.json#nbody---8,0.0,0.0,0.5977011494252874
warmup_results_0_8_linux2_i7_4790___JRubyTruffle-default-ruby.json#nbody---9,0.0,0.0,0.5842696629213483
warmup_results_0_8_linux2_i7_4790___JRubyTruffle-default-ruby.json#richards---0,0.2463157894736842,0.611764705882353,0.5977011494252874
warmup_results_0_8_linux2_i7_4790___JRubyTruffle-default-ruby.json#richards---1,0.624,0.611764705882353,0.5977011494252874
warmup_results_0_8_linux2_i7_4790___JRubyTruffle-default-ruby.json#richards---10,0.704516129032258,0.6265060240963854,0.5909090909090909
warmup_results_0_8_linux2_i7_4790___JRubyTruffle-default-ruby.json#richards---11,0.7428571428571429,0.6265060240963854,0.5714285714285715
warmup_results_0_8_linux2_i7_4790___JRubyTruffle-default-ruby.json#richards---12,0.6464864864864865,0.5977011494252874,0.5842696629213483
warmup_results_0_8_linux2_i7_4790___JRubyTruffle-default-ruby.json#richards---13,0.6128571428571429,0.5977011494252874,0.5591397849462367
warmup_results_0_8_linux2_i7_4790___JRubyTruffle-default-ruby.json#richards---14,0.608,0.6341463414634148,0.5591397849462367
warmup_results_0_8_linux2_i7_4790___JRubyTruffle-default-ruby.json#richards---15,0.6738028169014084,0.6214634146341466,0.5842696629213483
warmup_results_0_8_linux2_i7_4790___JRubyTruffle-default-ruby.json#richards---16,0.6174999999999999,0.6419753086419754,0.5842696629213483
warmup_results_0_8_linux2_i7_4790___JRubyTruffle-default-ruby.json#richards---17,0.52,0.5695238095238095,0.5652173913043479
warmup_results_0_8_linux2_i7_4790___JRubyTruffle-default-ruby.json#richards---18,0.5987878787878788,0.611764705882353,0.5714285714285715
warmup_results_0_8_linux2_i7_4790___JRubyTruffle-default-ruby.json#richards---19,0.7216326530612245,0.611764705882353,0.5714285714285715
warmup_results_0_8_linux2_i7_4790___JRubyTruffle-default-ruby.json#richards---2,0.5993220338983051,0.5842696629213483,0.5652173913043479
warmup_results_0_8_linux2_i7_4790___JRubyTruffle-default-ruby.json#richards---20,0.6298591549295774,0.6450632911392407,0.5977011494252874
warmup_results_0_8_linux2_i7_4790___JRubyTruffle-default-ruby.json#richards---21,0.6128571428571429,0.611764705882353,0.5977011494252874
warmup_results_0_8_linux2_i7_4790___JRubyTruffle-default-ruby.json#richards---22,0.36400000000000005,0.611764705882353,0.5777777777777778
warmup_results_0_8_linux2_i7_4790___JRubyTruffle-default-ruby.json#richards---23,0.6582278481012658,0.5977011494252874,0.5777777777777778
warmup_results_0_8_linux2_i7_4790___JRubyTruffle-default-ruby.json#richards---24,0.5571428571428572,0.6265060240963854,0.5842696629213483
warmup_results_0_8_linux2_i7_4790___JRubyTruffle-default-ruby.json#richards---25,0.6355555555555555,0.6500000000000001,0.5842696629213483
warmup_results_0_8_linux2_i7_4790___JRubyTruffle-default-ruby.json#richards---26,0.6993103448275862,0.6341463414634148,0.5909090909090909
warmup_results_0_8_linux2_i7_4790___JRubyTruffle-default-ruby.json#richards---27,0.5656140350877192,0.5842696629213483,0.5591397849462367
warmup_results_0_8_linux2_i7_4790___JRubyTruffle-default-ruby.json#richards---28,0.5535483870967742,0.6046511627906977,0.5842696629213483
warmup_results_0_8_linux2_i7_4790___JRubyTruffle-default-ruby.json#richards---29,0.6716666666666666,0.5977011494252874,0.5777777777777778
warmup_results_0_8_linux2_i7_4790___JRubyTruffle-default-ruby.json#richards---3,0.72,0.6066666666666666,0.5909090909090909
warmup_results_0_8_linux2_i7_4790___JRubyTruffle-default-ruby.json#richards---4,0.5200000000000001,0.5977011494252874,0.5777777777777778
warmup_results_0_8_linux2_i7_4790___JRubyTruffle-default-ruby.json#richards---5,0.6028985507246376,0.6046511627906977,0.5777777777777778
warmup_results_0_8_linux2_i7_4790___JRubyTruffle-default-ruby.json#richards---7,0.6825,0.6101333333333333,0.5857471264367816
warmup_results_0_8_linux2_i7_4790___JRubyTruffle-default-ruby.json#richards---8,0.5807792207792207,0.624,0.5842696629213483
warmup_results_0_8_linux2_i7_4790___JRubyTruffle-default-ruby.json#richards---9,0.6745945945945946,0.6265060240963854,0.5777777777777778
warmup_results_0_8_linux2_i7_4790___JRubyTruffle-default-ruby.json#spectralnorm---0,0.6745945945945946,0.6519402985074627,0.6341463414634148
warmup_results_0_8_linux2_i7_4790___JRubyTruffle-default-ruby.json#spectralnorm---1,0.656842105263158,0.7150000000000001,0.6190476190476191
warmup_results_0_8_linux2_i7_4790___JRubyTruffle-default-ruby.json#spectralnorm---10,0.637,0.6077922077922078,0.6190476190476191
warmup_results_0_8_linux2_i7_4790___JRubyTruffle-default-ruby.json#spectralnorm---11,0.5685333333333333,0.6133333333333334,0.6190476190476191
warmup_results_0_8_linux2_i7_4790___JRubyTruffle-default-ruby.json#spectralnorm---12,0.641095890410959,0.6685714285714285,0.5995294117647059
warmup_results_0_8_linux2_i7_4790___JRubyTruffle-default-ruby.json#spectralnorm---13,0.6838356164383561,0.6655999999999999,0.6046511627906977
warmup_results_0_8_linux2_i7_4790___JRubyTruffle-default-ruby.json#spectralnorm---14,0.6618181818181819,0.6211111111111112,0.5909090909090909
warmup_results_0_8_linux2_i7_4790___JRubyTruffle-default-ruby.json#spectralnorm---15,0.6738028169014084,0.6053731343283583,0.6190476190476191
warmup_results_0_8_linux2_i7_4790___JRubyTruffle-default-ruby.json#spectralnorm---16,0.728,0.6303030303030303,0.6190476190476191
warmup_results_0_8_linux2_i7_4790___JRubyTruffle-default-ruby.json#spectralnorm---17,0.6139759036144578,0.6455172413793103,0.611764705882353
warmup_results_0_8_linux2_i7_4790___JRubyTruffle-default-ruby.json#spectralnorm---18,0.6291358024691358,0.6240000000000001,0.6190476190476191
warmup_results_0_8_linux2_i7_4790___JRubyTruffle-default-ruby.json#spectralnorm---19,0.5964705882352942,0.7090909090909092,0.5977011494252874
warmup_results_0_8_linux2_i7_4790___JRubyTruffle-default-ruby.json#spectralnorm---2,0.65,0.6533333333333333,0.5977011494252874
warmup_results_0_8_linux2_i7_4790___JRubyTruffle-default-ruby.json#spectralnorm---20,0.6582278481012658,0.6145454545454546,0.6190476190476191
warmup_results_0_8_linux2_i7_4790___JRubyTruffle-default-ruby.json#spectralnorm---21,0.6591549295774649,0.6330434782608696,0.6190476190476191
warmup_results_0_8_linux2_i7_4790___JRubyTruffle-default-ruby.json#spectralnorm---22,0.6268493150684932,0.65,0.5977011494252874
warmup_results_0_8_linux2_i7_4790___JRubyTruffle-default-ruby.json#spectralnorm---23,0.6829850746268658,0.6388571428571428,0.6190476190476191
warmup_results_0_8_linux2_i7_4790___JRubyTruffle-default-ruby.json#spectralnorm---24,0.7323943661971832,0.6834285714285715,0.6190476190476191
warmup_results_0_8_linux2_i7_4790___JRubyTruffle-default-ruby.json#spectralnorm---25,0.6483116883116885,0.6982857142857143,0.611764705882353
warmup_results_0_8_linux2_i7_4790___JRubyTruffle-default-ruby.json#spectralnorm---26,0.6133333333333334,0.6240000000000001,0.611764705882353
warmup_results_0_8_linux2_i7_4790___JRubyTruffle-default-ruby.json#spectralnorm---27,0.8357142857142857,0.7663157894736843,0.6190476190476191
warmup_results_0_8_linux2_i7_4790___JRubyTruffle-default-ruby.json#spectralnorm---28,0.7123287671232877,0.6768253968253968,0.6500000000000001
warmup_results_0_8_linux2_i7_4790___JRubyTruffle-default-ruby.json#spectralnorm---29,0.6842105263157896,0.6423529411764706,0.611764705882353
warmup_results_0_8_linux2_i7_4790___JRubyTruffle-default-ruby.json#spectralnorm---3,0.6884507042253522,0.6464864864864864,0.611764705882353
warmup_results_0_8_linux2_i7_4790___JRubyTruffle-default-ruby.json#spectralnorm---4,0.6183783783783784,0.6933333333333334,0.5977011494252874
warmup_results_0_8_linux2_i7_4790___JRubyTruffle-default-ruby.json#spectralnorm---5,0.6341463414634148,0.7341176470588237,0.6190476190476191
warmup_results_0_8_linux2_i7_4790___JRubyTruffle-default-ruby.json#spectralnorm---6,0.5535483870967742,0.6348051948051948,0.6190476190476191
warmup_results_0_8_linux2_i7_4790___JRubyTruffle-default-ruby.json#spectralnorm---7,0.6208955223880597,0.5942857142857143,0.611764705882353
warmup_results_0_8_linux2_i7_4790___JRubyTruffle-default-ruby.json#spectralnorm---8,0.6445070422535211,0.7263492063492063,0.611764705882353
warmup_results_0_8_linux2_i7_4790___JRubyTruffle-default-ruby.json#spectralnorm---9,0.6655999999999999,0.6655999999999999,0.5977011494252874
warmup_results_0_8_linux2_i7_4790___LuaJIT-default-lua.json#binarytrees---0,0.9878419452887537,0.9738327347357618,0.9903809157368219
warmup_results_0_8_linux2_i7_4790___LuaJIT-default-lua.json#binarytrees---1,0.9720905739863085,0.9832893579595428,0.9903809157368219
warmup_results_0_8_linux2_i7_4790___LuaJIT-default-lua.json#binarytrees---10,0.9961685823754789,0.9909480705097665,0.9903809157368219
warmup_results_0_8_linux2_i7_4790___LuaJIT-default-lua.json#binarytrees---11,0.9539693128752501,0.9394531250000001,0.9903809157368219
warmup_results_0_8_linux2_i7_4790___LuaJIT-default-lua.json#binarytrees---12,0.8912694161756829,1.0,0.692093762415574
warmup_results_0_8_linux2_i7_4790___LuaJIT-default-lua.json#binarytrees---13,0.9702541914548404,0.9746707193515705,0.9903809157368219
warmup_results_0_8_linux2_i7_4790___LuaJIT-default-lua.json#binarytrees---14,0.9850586979722519,0.9806807727690893,0.9903809157368219
warmup_results_0_8_linux2_i7_4790___LuaJIT-default-lua.json#binarytrees---15,0.9897510980966324,0.9909480705097665,0.9903809157368219
warmup_results_0_8_linux2_i7_4790___LuaJIT-default-lua.json#binarytrees---16,0.9915254237288135,0.9952153110047847,0.9903809157368219
warmup_results_0_8_linux2_i7_4790___LuaJIT-default-lua.json#binarytrees---17,0.6928294573643412,0.823529411764706,0.6489859594383776
warmup_results_0_8_linux2_i7_4790___LuaJIT-default-lua.json#binarytrees---18,0.9826589595375721,0.9720905739863085,0.9903809157368219
warmup_results_0_8_linux2_i7_4790___LuaJIT-default-lua.json#binarytrees---19,0.9798994974874371,0.9125717932354819,0.7769848349687778
warmup_results_0_8_linux2_i7_4790___LuaJIT-default-lua.json#binarytrees---2,0.9510006901311251,0.985100042571307,0.9903809157368219
warmup_results_0_8_linux2_i7_4790___LuaJIT-default-lua.json#binarytrees---20,0.9702541914548404,0.9075975359342915,0.9903809157368219
warmup_results_0_8_linux2_i7_4790___LuaJIT-default-lua.json#binarytrees---21,0.9884942471235617,0.9856781802864365,0.9898989898989902
warmup_results_0_8_linux2_i7_4790___LuaJIT-default-lua.json#binarytrees---22,0.9826589595375721,0.9778206364513019,0.9903809157368219
warmup_results_0_8_linux2_i7_4790___LuaJIT-default-lua.json#binarytrees---23,0.9903567984570877,0.975609756097561,0.9996076892899178
warmup_results_0_8_linux2_i7_4790___LuaJIT-default-lua.json#binarytrees---24,0.9835526315789475,0.9864864864864865,0.9903809157368219
warmup_results_0_8_linux2_i7_4790___LuaJIT-default-lua.json#binarytrees---25,0.9813551614370168,0.9947229551451187,0.9903809157368219
warmup_results_0_8_linux2_i7_4790___LuaJIT-default-lua.json#binarytrees---26,0.48680851063829794,0.49523809523809526,0.5306122448979593
warmup_results_0_8_linux2_i7_4790___LuaJIT-default-lua.json#binarytrees---27,0.6554621848739496,0.9442282749675747,0.6852871754523998
warmup_results_0_8_linux2_i7_4790___LuaJIT-default-lua.json#binarytrees---28,0.9802784222737819,0.9970821175489787,0.9903809157368219
warmup_results_0_8_linux2_i7_4790___LuaJIT-default-lua.json#binarytrees---29,0.9832893579595428,0.9878738884397736,0.9898989898989902
warmup_results_0_8_linux2_i7_4790___LuaJIT-default-lua.json#binarytrees---3,0.9826589595375721,0.9845094664371772,0.9903809157368219
warmup_results_0_8_linux2_i7_4790___LuaJIT-default-lua.json#binarytrees---4,0.9926402943882244,0.9920893438808748,1.0
warmup_results_0_8_linux2_i7_4790___LuaJIT-default-lua.json#binarytrees---5,0.9683157309616455,0.9832893579595428,0.9903809157368219
warmup_results_0_8_linux2_i7_4790___LuaJIT-default-lua.json#binarytrees---6,0.7743413516609393,0.8830734966592428,0.7180085569817192
warmup_results_0_8_linux2_i7_4790___LuaJIT-default-lua.json#binarytrees---8,0.9832893579595428,0.9839060461070032,0.9903809157368219
warmup_results_0_8_linux2_i7_4790___LuaJIT-default-lua.json#binarytrees---9,0.9778206364513019,0.9806807727690893,0.9903809157368219
warmup_results_0_8_linux2_i7_4790___LuaJIT-default-lua.json#fannkuch_redux---0,0.9909480705097665,0.9878419452887537,0.9903809157368219
warmup_results_0_8_linux2_i7_4790___LuaJIT-default-lua.json#fannkuch_redux---1,0.9746707193515705,0.9843158464034614,0.9903809157368219
warmup_results_0_8_linux2_i7_4790___LuaJIT-default-lua.json#fannkuch_redux---10,0.9567462879276954,0.9702541914548404,0.9903809157368219
warmup_results_0_8_linux2_i7_4790___LuaJIT-default-lua.json#fannkuch_redux---11,0.9591836734693878,0.9770619814543681,0.9903809157368219
warmup_results_0_8_linux2_i7_4790___LuaJIT-default-lua.json#fannkuch_redux---12,0.9617950272892662,0.9605911330049259,0.9903809157368219
warmup_results_0_8_linux2_i7_4790___LuaJIT-default-lua.json#fannkuch_redux---13,0.9720905739863085,0.9775621588841723,0.9903809157368219
warmup_results_0_8_linux2_i7_4790___LuaJIT-default-lua.json#fannkuch_redux---14,0.9835526315789475,0.9525101763907734,0.9898989898989902
warmup_results_0_8_linux2_i7_4790___LuaJIT-default-lua.json#fannkuch_redux---15,0.9827682045580879,0.9662664379645513,0.9903809157368219
warmup_results_0_8_linux2_i7_4790___LuaJIT-default-lua.json#fannkuch_redux---16,0.9802784222737819,0.9746707193515705,0.9903809157368219
warmup_results_0_8_linux2_i7_4790___LuaJIT-default-lua.json#fannkuch_redux---17,0.9617950272892662,0.9539693128752501,0.9903809157368219
warmup_results_0_8_linux2_i7_4790___LuaJIT-default-lua.json#fannkuch_redux---18,0.9575660528422738,0.9802784222737819,0.9903809157368219
warmup_results_0_8_linux2_i7_4790___LuaJIT-default-lua.json#fannkuch_redux---19,0.9724409448818898,0.9827682045580879,0.9903809157368219
warmup_results_0_8_linux2_i7_4790___LuaJIT-default-lua.json#fannkuch_redux---2,0.9850586979722519,0.9746707193515705,0.9903809157368219
warmup_results_0_8_linux2_i7_4790___LuaJIT-default-lua.json#fannkuch_redux---20,0.9811320754716981,0.9827682045580879,0.9903809157368219
warmup_results_0_8_linux2_i7_4790___LuaJIT-default-lua.json#fannkuch_redux---21,0.52,0.464,0.5252525252525253
warmup_results_0_8_linux2_i7_4790___LuaJIT-default-lua.json#fannkuch_redux---22,0.9593495934959348,0.9729729729729729,0.9903809157368219
warmup_results_0_8_linux2_i7_4790___LuaJIT-default-lua.json#fannkuch_redux---23,0.9827682045580879,0.9766009852216749,0.9903809157368219
warmup_results_0_8_linux2_i7_4790___LuaJIT-default-lua.json#fannkuch_redux---24,0.9775621588841723,0.9775621588841723,0.9903809157368219
warmup_results_0_8_linux2_i7_4790___LuaJIT-default-lua.json#fannkuch_redux---25,0.9662664379645513,0.9651972157772621,0.9903809157368219
warmup_results_0_8_linux2_i7_4790___LuaJIT-default-lua.json#fannkuch_redux---26,0.9593495934959348,0.9702541914548404,0.9903809157368219
warmup_results_0_8_linux2_i7_4790___LuaJIT-default-lua.json#fannkuch_redux---27,0.9683157309616455,0.9746707193515705,0.9903809157368219
warmup_results_0_8_linux2_i7_4790___LuaJIT-default-lua.json#fannkuch_redux---28,0.9827682045580879,0.9864864864864865,0.9903809157368219
warmup_results_0_8_linux2_i7_4790___LuaJIT-default-lua.json#fannkuch_redux---29,0.9878419452887537,0.9793996468510889,0.9903809157368219
warmup_results_0_8_linux2_i7_4790___LuaJIT-default-lua.json#fannkuch_redux---3,0.9629629629629628,0.9617950272892662,0.9903809157368219
warmup_results_0_8_linux2_i7_4790___LuaJIT-default-lua.json#fannkuch_redux---6,0.9702541914548404,0.9738327347357618,0.9903809157368219
warmup_results_0_8_linux2_i7_4790___LuaJIT-default-lua.json#fannkuch_redux---7,0.9775621588841723,0.9827682045580879,0.9903809157368219
warmup_results_0_8_linux2_i7_4790___LuaJIT-default-lua.json#fannkuch_redux---8,0.978494623655914,0.9857819905213271,0.9903809157368219
warmup_results_0_8_linux2_i7_4790___LuaJIT-default-lua.json#fannkuch_redux---9,0.9762845849802373,0.9897510980966324,0.9903809157368219
warmup_results_0_8_linux2_i7_4790___LuaJIT-default-lua.json#fasta---0,0.9873417721518987,0.9983831851253031,0.9903809157368219
warmup_results_0_8_linux2_i7_4790___LuaJIT-default-lua.json#fasta---1,0.9873417721518987,0.9970821175489787,0.9898989898989902
warmup_results_0_8_linux2_i7_4790___LuaJIT-default-lua.json#fasta---10,0.9898989898989902,0.9966301600673968,0.9903809157368219
warmup_results_0_8_linux2_i7_4790___LuaJIT-default-lua.json#fasta---11,0.9785612196283946,0.9820143884892086,0.9903809157368219
warmup_results_0_8_linux2_i7_4790___LuaJIT-default-lua.json#fasta---12,0.9826589595375721,0.9813551614370168,0.9898989898989902
warmup_results_0_8_linux2_i7_4790___LuaJIT-default-lua.json#fasta---13,0.9942196531791907,0.9931787175989085,0.9903809157368219
warmup_results_0_8_linux2_i7_4790___LuaJIT-default-lua.json#fasta---15,0.5725842696629214,0.5977011494252874,0.5591397849462367
warmup_results_0_8_linux2_i7_4790___LuaJIT-default-lua.json#fasta---16,0.9979583503470805,0.985100042571307,0.9903809157368219
warmup_results_0_8_linux2_i7_4790___LuaJIT-default-lua.json#fasta---17,0.5264197530864199,0.5554545454545454,0.52
warmup_results_0_8_linux2_i7_4790___LuaJIT-default-lua.json#fasta---18,0.9778206364513019,0.9891304347826086,0.9898989898989902
warmup_results_0_8_linux2_i7_4790___LuaJIT-default-lua.json#fasta---19,0.9889064976228209,0.9878738884397736,0.9903809157368219
warmup_results_0_8_linux2_i7_4790___LuaJIT-default-lua.json#fasta---2,0.5258426966292136,0.52,0.514851485148515
warmup_results_0_8_linux2_i7_4790___LuaJIT-default-lua.json#fasta---20,0.9878738884397736,0.9889064976228209,0.9903809157368219
warmup_results_0_8_linux2_i7_4790___LuaJIT-default-lua.json#fasta---21,0.9862442684451855,0.995697074010327,0.9903809157368219
warmup_results_0_8_linux2_i7_4790___LuaJIT-default-lua.json#fasta---22,0.9873417721518987,0.9878738884397736,0.9903809157368219
warmup_results_0_8_linux2_i7_4790___LuaJIT-default-lua.json#fasta---23,0.9878738884397736,0.9862442684451855,0.9903809157368219
warmup_results_0_8_linux2_i7_4790___LuaJIT-default-lua.json#fasta---24,0.9992076069730589,0.9996076892899178,0.9903809157368219
warmup_results_0_8_linux2_i7_4790___LuaJIT-default-lua.json#fasta---25,0.9867986798679869,0.9867986798679869,0.9903809157368219
warmup_results_0_8_linux2_i7_4790___LuaJIT-default-lua.json#fasta---26,0.5790909090909092,0.5889156626506025,0.5842696629213483
warmup_results_0_8_linux2_i7_4790___LuaJIT-default-lua.json#fasta---27,0.9883953581432574,0.9894076108277758,0.9903809157368219
warmup_results_0_8_linux2_i7_4790___LuaJIT-default-lua.json#fasta---28,0.9785612196283946,0.985100042571307,0.9903809157368219
warmup_results_0_8_linux2_i7_4790___LuaJIT-default-lua.json#fasta---29,0.9979583503470805,0.9878738884397736,0.9903809157368219
warmup_results_0_8_linux2_i7_4790___LuaJIT-default-lua.json#fasta---3,0.9983831851253031,0.9806807727690893,0.9903809157368219
warmup_results_0_8_linux2_i7_4790___LuaJIT-default-lua.json#fasta---4,0.5714285714285715,0.5714285714285715,0.5360824742268041
warmup_results_0_8_linux2_i7_4790___LuaJIT-default-lua.json#fasta---5,0.9873417721518987,0.9898989898989902,0.9903809157368219
warmup_results_0_8_linux2_i7_4790___LuaJIT-default-lua.json#fasta---6,0.48867469879518066,0.5750588235294117,0.52
warmup_results_0_8_linux2_i7_4790___LuaJIT-default-lua.json#fasta---7,0.9903809157368219,0.9883953581432574,0.9903809157368219
warmup_results_0_8_linux2_i7_4790___LuaJIT-default-lua.json#fasta---8,0.9961685823754789,0.9961685823754789,0.9903809157368219
warmup_results_0_8_linux2_i7_4790___LuaJIT-default-lua.json#nbody---0,0.9878738884397736,0.9903809157368219,0.9903809157368219
warmup_results_0_8_linux2_i7_4790___LuaJIT-default-lua.json#nbody---1,0.9903809157368219,0.9903809157368219,0.9903809157368219
warmup_results_0_8_linux2_i7_4790___LuaJIT-default-lua.json#nbody---10,0.9898989898989902,0.9898989898989902,0.9903809157368219
warmup_results_0_8_linux2_i7_4790___LuaJIT-default-lua.json#nbody---11,0.9898989898989902,0.9903809157368219,0.9903809157368219
warmup_results_0_8_linux2_i7_4790___LuaJIT-default-lua.json#nbody---12,0.974587039390089,0.9871729091841971,0.9898989898989902
warmup_results_0_8_linux2_i7_4790___LuaJIT-default-lua.json#nbody---13,0.9762845849802373,0.9903809157368219,0.9903809157368219
warmup_results_0_8_linux2_i7_4790___LuaJIT-default-lua.json#nbody---14,0.8977900552486189,0.9903809157368219,0.9903809157368219
warmup_results_0_8_linux2_i7_4790___LuaJIT-default-lua.json#nbody---15,0.9894076108277758,0.9903809157368219,0.9903809157368219
warmup_results_0_8_linux2_i7_4790___LuaJIT-default-lua.json#nbody---16,0.9898989898989902,0.9903809157368219,0.9903809157368219
warmup_results_0_8_linux2_i7_4790___LuaJIT-default-lua.json#nbody---17,0.9640965273690404,0.9873417721518987,0.9898989898989902
warmup_results_0_8_linux2_i7_4790___LuaJIT-default-lua.json#nbody---18,0.9850586979722519,0.9903809157368219,0.9903809157368219
warmup_results_0_8_linux2_i7_4790___LuaJIT-default-lua.json#nbody---19,0.9898989898989902,0.9903809157368219,0.9903809157368219
warmup_results_0_8_linux2_i7_4790___LuaJIT-default-lua.json#nbody---2,0.9738327347357618,0.9873417721518987,0.9903809157368219
warmup_results_0_8_linux2_i7_4790___LuaJIT-default-lua.json#nbody---20,0.9510006901311251,0.9811320754716981,0.9878738884397736
warmup_results_0_8_linux2_i7_4790___LuaJIT-default-lua.json#nbody---21,0.9931787175989085,0.9983831851253031,0.9898989898989902
warmup_results_0_8_linux2_i7_4790___LuaJIT-default-lua.json#nbody---22,0.9903809157368219,0.9903809157368219,0.9903809157368219
warmup_results_0_8_linux2_i7_4790___LuaJIT-default-lua.json#nbody---23,0.9862442684451855,0.9898989898989902,0.9898989898989902
warmup_results_0_8_linux2_i7_4790___LuaJIT-default-lua.json#nbody---24,0.9903809157368219,0.9903809157368219,0.9903809157368219
warmup_results_0_8_linux2_i7_4790___LuaJIT-default-lua.json#nbody---25,0.9898989898989902,0.9903809157368219,0.9903809157368219
warmup_results_0_8_linux2_i7_4790___LuaJIT-default-lua.json#nbody---26,0.9883953581432574,0.9903809157368219,0.9903809157368219
warmup_results_0_8_linux2_i7_4790___LuaJIT-default-lua.json#nbody---27,0.9799906933457422,0.9975247524752475,0.9898989898989902
warmup_results_0_8_linux2_i7_4790___LuaJIT-default-lua.json#nbody---28,0.9285714285714287,0.9903809157368219,0.9903809157368219
warmup_results_0_8_linux2_i7_4790___LuaJIT-default-lua.json#nbody---29,0.9494382022471909,0.9862442684451855,0.9903809157368219
warmup_results_0_8_linux2_i7_4790___LuaJIT-default-lua.json#nbody---3,0.9894076108277758,0.9903809157368219,0.9903809157368219
warmup_results_0_8_linux2_i7_4790___LuaJIT-default-lua.json#nbody---4,0.9387755102040816,0.9903809157368219,0.9898989898989902
warmup_results_0_8_linux2_i7_4790___LuaJIT-default-lua.json#nbody---5,0.9418493803622497,0.9894076108277758,0.9903809157368219
warmup_results_0_8_linux2_i7_4790___LuaJIT-default-lua.json#nbody---7,0.9650655021834061,0.9729729729729729,0.9894076108277758
warmup_results_0_8_linux2_i7_4790___LuaJIT-default-lua.json#nbody---8,0.9862442684451855,0.9903809157368219,0.9903809157368219
warmup_results_0_8_linux2_i7_4790___LuaJIT-default-lua.json#nbody---9,0.9792843691148777,0.9862442684451855,0.9903809157368219
warmup_results_0_8_linux2_i7_4790___LuaJIT-default-lua.json#richards---0,0.534054054054054,0.5872941176470589,0.514851485148515
warmup_results_0_8_linux2_i7_4790___LuaJIT-default-lua.json#richards---1,0.993705035971223,0.9987995198079231,1.0
warmup_results_0_8_linux2_i7_4790___LuaJIT-default-lua.json#richards---10,0.9909480705097665,0.985100042571307,0.9903809157368219
warmup_results_0_8_linux2_i7_4790___LuaJIT-default-lua.json#richards---12,0.9979583503470805,0.9983831851253031,0.9903809157368219
warmup_results_0_8_linux2_i7_4790___LuaJIT-default-lua.json#richards---13,0.9992076069730589,0.9996076892899178,0.9903809157368219
warmup_results_0_8_linux2_i7_4790___LuaJIT-default-lua.json#richards---15,0.9979583503470805,0.9996076892899178,0.9903809157368219
warmup_results_0_8_linux2_i7_4790___LuaJIT-default-lua.json#richards---16,0.9987995198079231,0.9983831851253031,0.9903809157368219
warmup_results_0_8_linux2_i7_4790___LuaJIT-default-lua.json#richards---17,0.9926402943882244,0.9983831851253031,0.9903809157368219
warmup_results_0_8_linux2_i7_4790___LuaJIT-default-lua.json#richards---18,0.9970821175489787,0.9996076892899178,0.9903809157368219
warmup_results_0_8_linux2_i7_4790___LuaJIT-default-lua.json#richards---19,0.9903567984570877,0.9979583503470805,0.9903809157368219
warmup_results_0_8_linux2_i7_4790___LuaJIT-default-lua.json#richards---2,0.9970821175489787,0.9987995198079231,0.9903809157368219
warmup_results_0_8_linux2_i7_4790___LuaJIT-default-lua.json#richards---20,0.9992076069730589,0.9961685823754789,0.9903809157368219
warmup_results_0_8_linux2_i7_4790___LuaJIT-default-lua.json#richards---21,0.4622222222222222,0.5258426966292136,0.514851485148515
warmup_results_0_8_linux2_i7_4790___LuaJIT-default-lua.json#richards---22,0.9992076069730589,0.9979583503470805,0.9903809157368219
warmup_results_0_8_linux2_i7_4790___LuaJIT-default-lua.json#richards---23,0.9996076892899178,0.9987995198079231,0.9903809157368219
warmup_results_0_8_linux2_i7_4790___LuaJIT-default-lua.json#richards---26,0.5909090909090909,0.52,0.5306122448979593
warmup_results_0_8_linux2_i7_4790___LuaJIT-default-lua.json#richards---27,0.9979583503470805,0.9992076069730589,0.9903809157368219
warmup_results_0_8_linux2_i7_4790___LuaJIT-default-lua.json#richards---29,0.9983831851253031,1.0,0.9903809157368219
warmup_results_0_8_linux2_i7_4790___LuaJIT-default-lua.json#richards---3,0.5683720930232558,0.5591397849462367,0.5252525252525253
warmup_results_0_8_linux2_i7_4790___LuaJIT-default-lua.json#richards---4,0.9987995198079231,0.9987995198079231,0.9903809157368219
warmup_results_0_8_linux2_i7_4790___LuaJIT-default-lua.json#richards---6,0.9992076069730589,0.9996076892899178,0.9903809157368219
warmup_results_0_8_linux2_i7_4790___LuaJIT-default-lua.json#richards---7,0.9987995198079231,0.9983831851253031,0.9903809157368219
warmup_results_0_8_linux2_i7_4790___LuaJIT-default-lua.json#richards---8,0.9979583503470805,0.9909480705097665,0.9903809157368219
warmup_results_0_8_linux2_i7_4790___LuaJIT-default-lua.json#richards---9,0.9903567984570877,0.9992076069730589,0.9903809157368219
warmup_results_0_8_linux2_i7_4790___LuaJIT-default-lua.json#spectralnorm---0,0.9970821175489787,0.0,0.9979583503470805
warmup_results_0_8_linux2_i7_4790___LuaJIT-default-lua.json#spectralnorm---1,0.9966301600673968,0.8977900552486189,0.9979583503470805
warmup_results_0_8_linux2_i7_4790___LuaJIT-default-lua.json#spectralnorm---10,0.9996076892899178,0.9878419452887537,0.9996076892899178
warmup_results_0_8_linux2_i7_4790___LuaJIT-default-lua.json#spectralnorm---11,0.9996076892899178,0.7449856733524354,1.0
warmup_results_0_8_linux2_i7_4790___LuaJIT-default-lua.json#spectralnorm---12,1.0,0.9150485436893203,1.0
warmup_results_0_8_linux2_i7_4790___LuaJIT-default-lua.json#spectralnorm---13,0.9966301600673968,0.9850586979722519,1.0
warmup_results_0_8_linux2_i7_4790___LuaJIT-default-lua.json#spectralnorm---14,0.9947229551451187,0.0,0.9992076069730589
warmup_results_0_8_linux2_i7_4790___LuaJIT-default-lua.json#spectralnorm---15,0.9952153110047847,0.0,0.9987995198079231
warmup_results_0_8_linux2_i7_4790___LuaJIT-default-lua.json#spectralnorm---16,0.9970821175489787,0.7971698113207547,0.9979583503470805
warmup_results_0_8_linux2_i7_4790___LuaJIT-default-lua.json#spectralnorm---17,0.9926402943882244,0.0,0.9970821175489787
warmup_results_0_8_linux2_i7_4790___LuaJIT-default-lua.json#spectralnorm---18,0.9970821175489787,0.9463148316651502,0.9979583503470805
warmup_results_0_8_linux2_i7_4790___LuaJIT-default-lua.json#spectralnorm---19,0.9992076069730589,0.0,0.9996076892899178
warmup_results_0_8_linux2_i7_4790___LuaJIT-default-lua.json#spectralnorm---2,1.0,0.9187279151943464,1.0
warmup_results_0_8_linux2_i7_4790___LuaJIT-default-lua.json#spectralnorm---20,0.9992076069730589,0.2096774193548387,1.0
warmup_results_0_8_linux2_i7_4790___LuaJIT-default-lua.json#spectralnorm---21,1.0,0.9607390300230947,1.0
warmup_results_0_8_linux2_i7_4790___LuaJIT-default-lua.json#spectralnorm---22,0.9966301600673968,0.2096774193548387,0.9983831851253031
warmup_results_0_8_linux2_i7_4790___LuaJIT-default-lua.json#spectralnorm---23,0.9975247524752475,0.5226130653266331,0.9979583503470805
warmup_results_0_8_linux2_i7_4790___LuaJIT-default-lua.json#spectralnorm---24,0.9961685823754789,0.348993288590604,0.9979583503470805
warmup_results_0_8_linux2_i7_4790___LuaJIT-default-lua.json#spectralnorm---25,0.9970821175489787,0.6642335766423357,1.0
warmup_results_0_8_linux2_i7_4790___LuaJIT-default-lua.json#spectralnorm---26,0.9966301600673968,0.0,0.9983831851253031
warmup_results_0_8_linux2_i7_4790___LuaJIT-default-lua.json#spectralnorm---27,0.9970821175489787,0.9418493803622497,1.0
warmup_results_0_8_linux2_i7_4790___LuaJIT-default-lua.json#spectralnorm---28,0.9992076069730589,0.975609756097561,1.0
warmup_results_0_8_linux2_i7_4790___LuaJIT-default-lua.json#spectralnorm---29,0.9983831851253031,0.8227848101265823,0.9996076892899178
warmup_results_0_8_linux2_i7_4790___LuaJIT-default-lua.json#spectralnorm---3,0.9966301600673968,0.875,0.9992076069730589
warmup_results_0_8_linux2_i7_4790___LuaJIT-default-lua.json#spectralnorm---4,0.9975247524752475,0.0,0.9979583503470805
warmup_results_0_8_linux2_i7_4790___LuaJIT-default-lua.json#spectralnorm---5,0.9975247524752475,0.0,0.9979583503470805
warmup_results_0_8_linux2_i7_4790___LuaJIT-default-lua.json#spectralnorm---6,0.9975247524752475,0.875,0.9979583503470805
warmup_results_0_8_linux2_i7_4790___LuaJIT-default-lua.json#spectralnorm---7,0.9996076892899178,0.9285714285714287,1.0
warmup_results_0_8_linux2_i7_4790___LuaJIT-default-lua.json#spectralnorm---8,0.9975247524752475,0.7819548872180451,0.9979583503470805
warmup_results_0_8_linux2_i7_4790___LuaJIT-default-lua.json#spectralnorm---9,0.9961685823754789,0.348993288590604,0.9983831851253031
warmup_results_0_8_linux2_i7_4790___V8-default-javascript.json#binarytrees---1,0.0,0.5073170731707317,0.5777777777777778
warmup_results_0_8_linux2_i7_4790___V8-default-javascript.json#binarytrees---10,0.0,0.4828571428571429,0.5652173913043479
warmup_results_0_8_linux2_i7_4790___V8-default-javascript.json#binarytrees---11,0.0,0.5599999999999999,0.5777777777777778
warmup_results_0_8_linux2_i7_4790___V8-default-javascript.json#binarytrees---12,0.0,0.6021052631578948,0.5777777777777778
warmup_results_0_8_linux2_i7_4790___V8-default-javascript.json#binarytrees---13,0.0,0.4754285714285715,0.5842696629213483
warmup_results_0_8_linux2_i7_4790___V8-default-javascript.json#binarytrees---18,0.0,0.2810810810810811,0.6066666666666666
warmup_results_0_8_linux2_i7_4790___V8-default-javascript.json#binarytrees---20,0.0,0.28689655172413786,0.5473684210526315
warmup_results_0_8_linux2_i7_4790___V8-default-javascript.json#binarytrees---21,0.0,0.9161603888213852,0.9892984542211654
warmup_results_0_8_linux2_i7_4790___V8-default-javascript.json#binarytrees---22,0.25999999999999995,0.5505882352941176,0.5252525252525253
warmup_results_0_8_linux2_i7_4790___V8-default-javascript.json#binarytrees---24,0.0,0.5804651162790698,0.5473684210526315
warmup_results_0_8_linux2_i7_4790___V8-default-javascript.json#binarytrees---26,0.0,0.5777777777777778,0.5777777777777778
warmup_results_0_8_linux2_i7_4790___V8-default-javascript.json#binarytrees---29,0.0,0.52,0.5652173913043479
warmup_results_0_8_linux2_i7_4790___V8-default-javascript.json#binarytrees---3,0.0,0.0,0.5360824742268041
warmup_results_0_8_linux2_i7_4790___V8-default-javascript.json#binarytrees---4,0.4508670520231213,0.9646643109540635,0.9902837155071902
warmup_results_0_8_linux2_i7_4790___V8-default-javascript.json#binarytrees---6,0.0,0.3466666666666667,0.553191489361702
warmup_results_0_8_linux2_i7_4790___V8-default-javascript.json#binarytrees---7,0.0,0.3297560975609757,0.5199999999999998
warmup_results_0_8_linux2_i7_4790___V8-default-javascript.json#binarytrees---9,0.0,0.9541284403669724,1.0
warmup_results_0_8_linux2_i7_4790___V8-default-javascript.json#fannkuch_redux---0,0.9403714565004887,0.9198113207547169,0.9902837155071902
warmup_results_0_8_linux2_i7_4790___V8-default-javascript.json#fannkuch_redux---1,0.9926402943882244,0.9650655021834061,0.9992076069730589
warmup_results_0_8_linux2_i7_4790___V8-default-javascript.json#fannkuch_redux---10,0.9418493803622497,0.9503916449086163,0.9996076892899178
warmup_results_0_8_linux2_i7_4790___V8-default-javascript.json#fannkuch_redux---11,0.9369369369369369,0.9441340782122905,0.9992076069730589
warmup_results_0_8_linux2_i7_4790___V8-default-javascript.json#fannkuch_redux---12,0.9688542825361515,0.9583333333333334,0.9897959183673471
warmup_results_0_8_linux2_i7_4790___V8-default-javascript.json#fannkuch_redux---13,0.9835526315789475,0.9915254237288135,0.9996076892899178
warmup_results_0_8_linux2_i7_4790___V8-default-javascript.json#fannkuch_redux---14,0.9414483821263482,0.9050632911392406,0.9902837155071902
warmup_results_0_8_linux2_i7_4790___V8-default-javascript.json#fannkuch_redux---15,0.9802784222737819,0.9541284403669724,1.0
warmup_results_0_8_linux2_i7_4790___V8-default-javascript.json#fannkuch_redux---16,0.973531310522918,0.9463148316651502,1.0
warmup_results_0_8_linux2_i7_4790___V8-default-javascript.json#fannkuch_redux---17,0.9531116794543905,0.8451242829827915,0.9897959183673471
warmup_results_0_8_linux2_i7_4790___V8-default-javascript.json#fannkuch_redux---18,0.9850586979722519,0.975609756097561,0.9996076892899178
warmup_results_0_8_linux2_i7_4790___V8-default-javascript.json#fannkuch_redux---19,0.9650655021834061,0.9418493803622497,0.9996076892899178
warmup_results_0_8_linux2_i7_4790___V8-default-javascript.json#fannkuch_redux---2,0.973531310522918,0.9575660528422738,1.0
warmup_results_0_8_linux2_i7_4790___V8-default-javascript.json#fannkuch_redux---20,0.978494623655914,0.9689440993788819,1.0
warmup_results_0_8_linux2_i7_4790___V8-default-javascript.json#fannkuch_redux---21,0.9850586979722519,0.9591836734693878,0.9992076069730589
warmup_results_0_8_linux2_i7_4790___V8-default-javascript.json#fannkuch_redux---22,0.9636767976278725,0.8927038626609441,0.9996076892899178
warmup_results_0_8_linux2_i7_4790___V8-default-javascript.json#fannkuch_redux---23,0.9701492537313433,0.9503916449086163,0.9878738884397736
warmup_results_0_8_linux2_i7_4790___V8-default-javascript.json#fannkuch_redux---24,0.971314209472982,0.9827682045580879,1.0
warmup_results_0_8_linux2_i7_4790___V8-default-javascript.json#fannkuch_redux---25,0.9891304347826086,0.9591836734693878,0.9996076892899178
warmup_results_0_8_linux2_i7_4790___V8-default-javascript.json#fannkuch_redux---26,0.9522998296422487,0.9441340782122905,1.0
warmup_results_0_8_linux2_i7_4790___V8-default-javascript.json#fannkuch_redux---27,0.971314209472982,0.9503916449086163,0.9992076069730589
warmup_results_0_8_linux2_i7_4790___V8-default-javascript.json#fannkuch_redux---28,0.9463148316651502,0.973531310522918,0.9996076892899178
warmup_results_0_8_linux2_i7_4790___V8-default-javascript.json#fannkuch_redux---29,0.9871729091841971,0.9664045746962115,0.9903809157368219
warmup_results_0_8_linux2_i7_4790___V8-default-javascript.json#fannkuch_redux---3,0.9622356495468279,0.9342915811088297,1.0
warmup_results_0_8_linux2_i7_4790___V8-default-javascript.json#fannkuch_redux---4,0.9843158464034614,0.9775621588841723,0.9996076892899178
warmup_results_0_8_linux2_i7_4790___V8-default-javascript.json#fannkuch_redux---5,0.9724409448818898,0.9187279151943464,1.0
warmup_results_0_8_linux2_i7_4790___V8-default-javascript.json#fannkuch_redux---6,0.9897510980966324,0.9819616685456596,1.0
warmup_results_0_8_linux2_i7_4790___V8-default-javascript.json#fannkuch_redux---7,0.9827682045580879,0.9503916449086163,1.0
warmup_results_0_8_linux2_i7_4790___V8-default-javascript.json#fannkuch_redux---8,0.9827682045580879,0.8606271777003484,1.0
warmup_results_0_8_linux2_i7_4790___V8-default-javascript.json#fannkuch_redux---9,0.971314209472982,0.9522998296422487,0.9996076892899178
warmup_results_0_8_linux2_i7_4790___V8-default-javascript.json#fasta---0,0.6595121951219514,0.6066666666666668,0.6341463414634148
warmup_results_0_8_linux2_i7_4790___V8-default-javascript.json#fasta---1,0.47438596491228074,0.5633333333333332,0.5360824742268041
warmup_results_0_8_linux2_i7_4790___V8-default-javascript.json#fasta---10,0.5917241379310345,0.6240000000000001,0.5672727272727274
warmup_results_0_8_linux2_i7_4790___V8-default-javascript.json#fasta---11,0.25103448275862067,0.32685714285714285,0.5045544554455447
warmup_results_0_8_linux2_i7_4790___V8-default-javascript.json#fasta---12,0.6666666666666666,0.6214634146341466,0.6046511627906977
warmup_results_0_8_linux2_i7_4790___V8-default-javascript.json#fasta---13,0.5114754098360655,0.510877192982456,0.5591397849462367
warmup_results_0_8_linux2_i7_4790___V8-default-javascript.json#fasta---14,0.7428571428571429,0.7652830188679245,0.611764705882353
warmup_results_0_8_linux2_i7_4790___V8-default-javascript.json#fasta---15,0.0,0.027368421052631577,0.5306122448979593
warmup_results_0_8_linux2_i7_4790___V8-default-javascript.json#fasta---16,0.3858064516129032,0.36081632653061224,0.5367741935483872
warmup_results_0_8_linux2_i7_4790___V8-default-javascript.json#fasta---17,0.5138823529411765,0.5497142857142857,0.5416666666666667
warmup_results_0_8_linux2_i7_4790___V8-default-javascript.json#fasta---18,0.5777777777777777,0.5987878787878788,0.5977011494252874
warmup_results_0_8_linux2_i7_4790___V8-default-javascript.json#fasta---19,0.30588235294117644,0.5866666666666666,0.5842696629213483
warmup_results_0_8_linux2_i7_4790___V8-default-javascript.json#fasta---2,0.027368421052631577,0.09454545454545454,0.5652173913043479
warmup_results_0_8_linux2_i7_4790___V8-default-javascript.json#fasta---20,0.6152112676056338,0.6133333333333334,0.5725842696629214
warmup_results_0_8_linux2_i7_4790___V8-default-javascript.json#fasta---21,0.6834285714285715,0.7263492063492063,0.6190476190476191
warmup_results_0_8_linux2_i7_4790___V8-default-javascript.json#fasta---22,0.4054237288135593,0.4120754716981132,0.5842696629213483
warmup_results_0_8_linux2_i7_4790___V8-default-javascript.json#fasta---23,0.31728813559322033,0.14181818181818182,0.553191489361702
warmup_results_0_8_linux2_i7_4790___V8-default-javascript.json#fasta---24,0.24266666666666664,0.546,0.5842696629213483
warmup_results_0_8_linux2_i7_4790___V8-default-javascript.json#fasta---25,0.5576811594202901,0.5122388059701493,0.5842696629213483
warmup_results_0_8_linux2_i7_4790___V8-default-javascript.json#fasta---26,0.49974025974025976,0.5556164383561645,0.5306122448979593
warmup_results_0_8_linux2_i7_4790___V8-default-javascript.json#fasta---27,0.6270588235294118,0.6128571428571429,0.5416666666666667
warmup_results_0_8_linux2_i7_4790___V8-default-javascript.json#fasta---28,0.065,0.07703703703703704,0.553191489361702
warmup_results_0_8_linux2_i7_4790___V8-default-javascript.json#fasta---29,0.05777777777777779,0.2696296296296296,0.5777777777777778
warmup_results_0_8_linux2_i7_4790___V8-default-javascript.json#fasta---3,0.0,0.05473684210526316,0.5977011494252874
warmup_results_0_8_linux2_i7_4790___V8-default-javascript.json#fasta---4,0.4884848484848485,0.3970909090909091,0.5714285714285715
warmup_results_0_8_linux2_i7_4790___V8-default-javascript.json#fasta---5,0.08432432432432432,0.14511627906976746,0.5777777777777778
warmup_results_0_8_linux2_i7_4790___V8-default-javascript.json#fasta---6,0.49189189189189186,0.5285245901639345,0.5662222222222223
warmup_results_0_8_linux2_i7_4790___V8-default-javascript.json#fasta---7,0.6423529411764706,0.6618181818181817,0.6265060240963854
warmup_results_0_8_linux2_i7_4790___V8-default-javascript.json#fasta---8,0.5987878787878788,0.656,0.5416666666666667
warmup_results_0_8_linux2_i7_4790___V8-default-javascript.json#fasta---9,0.3831578947368421,0.3781818181818182,0.6265060240963854
warmup_results_0_8_linux2_i7_4790___V8-default-javascript.json#nbody---0,0.9407236335642803,0.9629629629629628,0.9894076108277758
warmup_results_0_8_linux2_i7_4790___V8-default-javascript.json#nbody---1,0.9692982456140351,0.9897510980966324,0.9889064976228209
warmup_results_0_8_linux2_i7_4790___V8-default-javascript.json#nbody---10,0.9850586979722519,0.9903567984570877,0.9903809157368219
warmup_results_0_8_linux2_i7_4790___V8-default-javascript.json#nbody---11,0.9775621588841723,0.9845094664371772,0.9903809157368219
warmup_results_0_8_linux2_i7_4790___V8-default-javascript.json#nbody---12,0.9826589595375721,0.9856781802864365,0.9903809157368219
warmup_results_0_8_linux2_i7_4790___V8-default-javascript.json#nbody---13,0.9884942471235617,0.9832893579595428,0.9903809157368219
warmup_results_0_8_linux2_i7_4790___V8-default-javascript.json#nbody---14,0.975609756097561,0.995697074010327,0.9903809157368219
warmup_results_0_8_linux2_i7_4790___V8-default-javascript.json#nbody---15,0.9802784222737819,0.9873417721518987,0.9903809157368219
warmup_results_0_8_linux2_i7_4790___V8-default-javascript.json#nbody---16,0.9729729729729729,0.9856781802864365,0.9903809157368219
warmup_results_0_8_linux2_i7_4790___V8-default-javascript.json#nbody---17,0.9711846318036285,0.9820143884892086,0.9903809157368219
warmup_results_0_8_linux2_i7_4790___V8-default-javascript.json#nbody---18,0.9884942471235617,0.9884942471235617,0.9898989898989902
warmup_results_0_8_linux2_i7_4790___V8-default-javascript.json#nbody---19,0.975609756097561,0.9857819905213271,0.9903809157368219
warmup_results_0_8_linux2_i7_4790___V8-default-javascript.json#nbody---2,0.978494623655914,0.9778206364513019,0.9903809157368219
warmup_results_0_8_linux2_i7_4790___V8-default-javascript.json#nbody---20,0.9811320754716981,0.9664045746962115,0.9898989898989902
warmup_results_0_8_linux2_i7_4790___V8-default-javascript.json#nbody---21,0.9593495934959348,0.9724409448818898,0.9894076108277758
warmup_results_0_8_linux2_i7_4790___V8-default-javascript.json#nbody---22,0.9864864864864865,0.985100042571307,0.9903809157368219
warmup_results_0_8_linux2_i7_4790___V8-default-javascript.json#nbody---23,0.9766009852216749,0.9931787175989085,0.9903809157368219
warmup_results_0_8_linux2_i7_4790___V8-default-javascript.json#nbody---24,0.9827682045580879,0.993705035971223,0.9903809157368219
warmup_results_0_8_linux2_i7_4790___V8-default-javascript.json#nbody---25,0.9575660528422738,0.9926402943882244,0.9903809157368219
warmup_results_0_8_linux2_i7_4790___V8-default-javascript.json#nbody---26,0.9673055242390078,0.9792843691148777,0.9898989898989902
warmup_results_0_8_linux2_i7_4790___V8-default-javascript.json#nbody---27,0.9662664379645513,0.9845094664371772,0.9903809157368219
warmup_results_0_8_linux2_i7_4790___V8-default-javascript.json#nbody---28,0.975609756097561,0.9926402943882244,0.9903809157368219
warmup_results_0_8_linux2_i7_4790___V8-default-javascript.json#nbody---29,0.9629629629629628,0.9738327347357618,0.9903809157368219
warmup_results_0_8_linux2_i7_4790___V8-default-javascript.json#nbody---3,0.9342915811088297,0.9558823529411765,0.9894076108277758
warmup_results_0_8_linux2_i7_4790___V8-default-javascript.json#nbody---4,0.9864864864864865,0.9839060461070032,0.9903809157368219
warmup_results_0_8_linux2_i7_4790___V8-default-javascript.json#nbody---5,0.9593495934959348,0.9553805774278217,0.9889064976228209
warmup_results_0_8_linux2_i7_4790___V8-default-javascript.json#nbody---6,0.9702541914548404,0.9873417721518987,0.9903809157368219
warmup_results_0_8_linux2_i7_4790___V8-default-javascript.json#nbody---7,0.975609756097561,0.9792843691148777,0.9903809157368219
warmup_results_0_8_linux2_i7_4790___V8-default-javascript.json#nbody---8,0.9711846318036285,0.9832893579595428,0.9903809157368219
warmup_results_0_8_linux2_i7_4790___V8-default-javascript.json#nbody---9,0.9702541914548404,0.9640965273690404,0.9903809157368219
warmup_results_0_8_linux2_i7_4790___V8-default-javascript.json#richards---0,0.9955476402493322,0.9955476402493322,0.9978911851539435
warmup_results_0_8_linux2_i7_4790___V8-default-javascript.json#richards---1,0.9819872167344567,0.9987608426270137,0.9797699325664418
warmup_results_0_8_linux2_i7_4790___V8-default-javascript.json#richards---12,0.37142857142857144,0.5515151515151515,0.5024719101123595
warmup_results_0_8_linux2_i7_4790___V8-default-javascript.json#richards---13,0.40695652173913044,0.49463414634146347,0.5591397849462367
warmup_results_0_8_linux2_i7_4790___V8-default-javascript.json#richards---14,0.8965517241379309,0.9833408374606033,0.9657762938230385
warmup_results_0_8_linux2_i7_4790___V8-default-javascript.json#richards---15,0.5633333333333335,0.6768253968253968,0.5737931034482759
warmup_results_0_8_linux2_i7_4790___V8-default-javascript.json#richards---16,0.9716262975778547,0.9910891089108911,1.0
warmup_results_0_8_linux2_i7_4790___V8-default-javascript.json#richards---17,0.9844097995545656,0.9978911851539435,0.998330550918197
warmup_results_0_8_linux2_i7_4790___V8-default-javascript.json#richards---18,0.65,0.6187341772151899,0.5252525252525253
warmup_results_0_8_linux2_i7_4790___V8-default-javascript.json#richards---19,0.68,0.5750588235294117,0.536421052631579
warmup_results_0_8_linux2_i7_4790___V8-default-javascript.json#richards---2,0.9831932773109243,0.978021978021978,0.9498193496587717
warmup_results_0_8_linux2_i7_4790___V8-default-javascript.json#richards---20,0.32000000000000006,0.46347826086956523,0.5431111111111111
warmup_results_0_8_linux2_i7_4790___V8-default-javascript.json#richards---21,0.9605095541401274,0.9873417721518989,0.9789473684210527
warmup_results_0_8_linux2_i7_4790___V8-default-javascript.json#richards---22,0.9788235294117648,0.6933333333333335,0.6537142857142858
warmup_results_0_8_linux2_i7_4790___V8-default-javascript.json#richards---23,0.9770700636942674,0.9928400954653939,0.9862068965517241
warmup_results_0_8_linux2_i7_4790___V8-default-javascript.json#richards---24,0.9692982456140351,0.9802224969097652,0.9943342776203966
warmup_results_0_8_linux2_i7_4790___V8-default-javascript.json#richards---25,0.9873417721518988,0.9974424552429668,0.9803613511390417
warmup_results_0_8_linux2_i7_4790___V8-default-javascript.json#richards---26,0.59672131147541,0.6413333333333333,0.5672727272727274
warmup_results_0_8_linux2_i7_4790___V8-default-javascript.json#richards---27,0.9784083898827883,0.995047276001801,0.9991823385118562
warmup_results_0_8_linux2_i7_4790___V8-default-javascript.json#richards---28,0.9886947584789312,0.9960369881109643,0.9987608426270137
warmup_results_0_8_linux2_i7_4790___V8-default-javascript.json#richards---29,0.9957446808510638,0.9975510204081633,1.0
warmup_results_0_8_linux2_i7_4790___V8-default-javascript.json#richards---3,0.38434782608695656,0.5084444444444445,0.5145263157894737
warmup_results_0_8_linux2_i7_4790___V8-default-javascript.json#richards---4,0.9537117903930131,0.9871657754010695,0.9954954954954955
warmup_results_0_8_linux2_i7_4790___V8-default-javascript.json#richards---6,0.9721278042148198,0.9955476402493322,0.9895833333333335
warmup_results_0_8_linux2_i7_4790___V8-default-javascript.json#richards---8,0.8806451612903226,0.9910891089108911,0.9969498910675382
warmup_results_0_8_linux2_i7_4790___V8-default-javascript.json#richards---9,0.9505376344086021,0.9749999999999999,0.9878914405010438
warmup_results_0_8_linux2_i7_4790___V8-default-javascript.json#spectralnorm---0,0.979665071770335,0.9846322722283205,0.9907181240840254
warmup_results_0_8_linux2_i7_4790___V8-default-javascript.json#spectralnorm---1,0.4784,0.6046511627906976,0.52
warmup_results_0_8_linux2_i7_4790___V8-default-javascript.json#spectralnorm---10,0.9822552947910703,0.9737187910643889,0.9894842263395092
warmup_results_0_8_linux2_i7_4790___V8-default-javascript.json#spectralnorm---11,0.9787492410443229,0.9737187910643889,0.9875130072840791
warmup_results_0_8_linux2_i7_4790___V8-default-javascript.json#spectralnorm---12,0.9591018444266238,0.9677881173944165,0.986111111111111
warmup_results_0_8_linux2_i7_4790___V8-default-javascript.json#spectralnorm---13,0.9606918238993712,0.9362139917695473,0.9888438133874239
warmup_results_0_8_linux2_i7_4790___V8-default-javascript.json#spectralnorm---14,0.6638297872340425,0.52,0.52
warmup_results_0_8_linux2_i7_4790___V8-default-javascript.json#spectralnorm---15,0.9480401093892433,0.9726118904475617,0.9875130072840791
warmup_results_0_8_linux2_i7_4790___V8-default-javascript.json#spectralnorm---16,0.9520488230165649,0.9557226399331663,0.9846322722283205
warmup_results_0_8_linux2_i7_4790___V8-default-javascript.json#spectralnorm---17,0.9787492410443229,0.9758269720101781,0.9881869542886492
warmup_results_0_8_linux2_i7_4790___V8-default-javascript.json#spectralnorm---18,0.9778051787916152,0.9768315591734502,0.9894842263395092
warmup_results_0_8_linux2_i7_4790___V8-default-javascript.json#spectralnorm---19,0.9664723032069971,0.9334741288278775,0.9888438133874239
warmup_results_0_8_linux2_i7_4790___V8-default-javascript.json#spectralnorm---2,0.9768315591734502,0.9768315591734502,0.9907181240840254
warmup_results_0_8_linux2_i7_4790___V8-default-javascript.json#spectralnorm---20,0.9768315591734502,0.9677881173944165,0.9894842263395092
warmup_results_0_8_linux2_i7_4790___V8-default-javascript.json#spectralnorm---21,0.9747899159663866,0.981416957026713,0.9907181240840254
warmup_results_0_8_linux2_i7_4790___V8-default-javascript.json#spectralnorm---22,0.9702833448514168,0.9822552947910703,0.9875130072840791
warmup_results_0_8_linux2_i7_4790___V8-default-javascript.json#spectralnorm---23,0.9651076466221232,0.981416957026713,0.9875130072840791
warmup_results_0_8_linux2_i7_4790___V8-default-javascript.json#spectralnorm---24,0.9747899159663866,0.9690576652601968,0.9853817000541418
warmup_results_0_8_linux2_i7_4790___V8-default-javascript.json#spectralnorm---25,0.9664723032069971,0.9690576652601968,0.9894842263395092
warmup_results_0_8_linux2_i7_4790___V8-default-javascript.json#spectralnorm---26,0.9651076466221232,0.9664723032069971,0.9913127413127413
warmup_results_0_8_linux2_i7_4790___V8-default-javascript.json#spectralnorm---27,0.9436485195797517,0.9557226399331663,0.986111111111111
warmup_results_0_8_linux2_i7_4790___V8-default-javascript.json#spectralnorm---28,0.979665071770335,0.9702833448514168,0.9894842263395092
warmup_results_0_8_linux2_i7_4790___V8-default-javascript.json#spectralnorm---29,0.9737187910643889,0.9758269720101781,0.9875130072840791
warmup_results_0_8_linux2_i7_4790___V8-default-javascript.json#spectralnorm---3,0.9714673913043478,0.981416957026713,0.9907181240840254
warmup_results_0_8_linux2_i7_4790___V8-default-javascript.json#spectralnorm---4,0.9737187910643889,0.9690576652601968,0.9913127413127413
warmup_results_0_8_linux2_i7_4790___V8-default-javascript.json#spectralnorm---5,0.9778051787916152,0.9714673913043478,0.9913127413127413
warmup_results_0_8_linux2_i7_4790___V8-default-javascript.json#spectralnorm---6,0.9677881173944165,0.9805539186800236,0.9875130072840791
warmup_results_0_8_linux2_i7_4790___V8-default-javascript.json#spectralnorm---7,0.9747899159663866,0.9591018444266238,0.9875130072840791
warmup_results_0_8_linux2_i7_4790___V8-default-javascript.json#spectralnorm---8,0.9714673913043478,0.9737187910643889,0.9894842263395092
warmup_results_0_8_linux2_i7_4790___V8-default-javascript.json#spectralnorm---9,0.9758269720101781,0.9758269720101781,0.9907181240840254
warmup_results_0_8_linux3_e3_1240___C-default-c.json#fannkuch_redux---0,0.9785612196283946,0.985100042571307,0.9898989898989902
warmup_results_0_8_linux3_e3_1240___C-default-c.json#fannkuch_redux---1,0.9826589595375721,0.9845094664371772,0.9903809157368219
warmup_results_0_8_linux3_e3_1240___C-default-c.json#fannkuch_redux---10,0.9867986798679869,0.9947229551451187,0.9903809157368219
warmup_results_0_8_linux3_e3_1240___C-default-c.json#fannkuch_redux---12,0.9792843691148777,0.9856781802864365,0.9898989898989902
warmup_results_0_8_linux3_e3_1240___C-default-c.json#fannkuch_redux---13,0.9864864864864865,0.9802784222737819,0.9898989898989902
warmup_results_0_8_linux3_e3_1240___C-default-c.json#fannkuch_redux---14,0.9729729729729729,0.9799906933457422,0.9898989898989902
warmup_results_0_8_linux3_e3_1240___C-default-c.json#fannkuch_redux---15,0.7098412698412699,0.742857142857143,0.5591397849462367
warmup_results_0_8_linux3_e3_1240___C-default-c.json#fannkuch_redux---16,0.9785612196283946,0.9770619814543681,0.9903809157368219
warmup_results_0_8_linux3_e3_1240___C-default-c.json#fannkuch_redux---17,0.5012048192771085,0.4894117647058823,0.5360824742268041
warmup_results_0_8_linux3_e3_1240___C-default-c.json#fannkuch_redux---18,0.4124137931034483,0.3921311475409836,0.48750000000000004
warmup_results_0_8_linux3_e3_1240___C-default-c.json#fannkuch_redux---19,0.9556756756756758,0.60125,0.5842696629213483
warmup_results_0_8_linux3_e3_1240___C-default-c.json#fannkuch_redux---2,0.993705035971223,0.9856781802864365,0.9903809157368219
warmup_results_0_8_linux3_e3_1240___C-default-c.json#fannkuch_redux---20,0.60125,0.6631884057971016,0.553191489361702
warmup_results_0_8_linux3_e3_1240___C-default-c.json#fannkuch_redux---21,0.9920893438808748,0.9931787175989085,0.9898989898989902
warmup_results_0_8_linux3_e3_1240___C-default-c.json#fannkuch_redux---22,0.9617950272892662,0.9746707193515705,0.9894076108277758
warmup_results_0_8_linux3_e3_1240___C-default-c.json#fannkuch_redux---23,0.4714666666666667,0.4727272727272727,0.4983333333333333
warmup_results_0_8_linux3_e3_1240___C-default-c.json#fannkuch_redux---24,0.9926402943882244,0.9915254237288135,0.9898989898989902
warmup_results_0_8_linux3_e3_1240___C-default-c.json#fannkuch_redux---25,0.9832893579595428,0.9966301600673968,0.9903809157368219
warmup_results_0_8_linux3_e3_1240___C-default-c.json#fannkuch_redux---26,0.9729729729729729,0.9778206364513019,0.9903809157368219
warmup_results_0_8_linux3_e3_1240___C-default-c.json#fannkuch_redux---27,0.9799906933457422,0.9856781802864365,0.9903809157368219
warmup_results_0_8_linux3_e3_1240___C-default-c.json#fannkuch_redux---28,0.5135802469135803,0.4926315789473684,0.5416666666666667
warmup_results_0_8_linux3_e3_1240___C-default-c.json#fannkuch_redux---29,0.9843158464034614,0.9792843691148777,0.9894076108277758
warmup_results_0_8_linux3_e3_1240___C-default-c.json#fannkuch_redux---3,0.9770619814543681,0.9746707193515705,0.9898989898989902
warmup_results_0_8_linux3_e3_1240___C-default-c.json#fannkuch_redux---4,0.9871729091841971,0.9867986798679869,0.9894076108277758
warmup_results_0_8_linux3_e3_1240___C-default-c.json#fannkuch_redux---5,0.9813551614370168,0.9845094664371772,0.9903809157368219
warmup_results_0_8_linux3_e3_1240___C-default-c.json#fannkuch_redux---6,0.9845094664371772,0.9862442684451855,0.9903809157368219
warmup_results_0_8_linux3_e3_1240___C-default-c.json#fannkuch_redux---7,0.9826589595375721,0.9883953581432574,0.9903809157368219
warmup_results_0_8_linux3_e3_1240___C-default-c.json#fannkuch_redux---8,0.9702541914548404,0.9856781802864365,0.9903809157368219
warmup_results_0_8_linux3_e3_1240___C-default-c.json#fannkuch_redux---9,0.975,0.9333333333333336,0.9353319057815845
warmup_results_0_8_linux3_e3_1240___C-default-c.json#fasta---0,0.9857819905213271,0.975609756097561,0.9903809157368219
warmup_results_0_8_linux3_e3_1240___C-default-c.json#fasta---1,0.9843158464034614,0.9850586979722519,1.0
warmup_results_0_8_linux3_e3_1240___C-default-c.json#fasta---10,0.9915254237288135,0.9871729091841971,1.0
warmup_results_0_8_linux3_e3_1240___C-default-c.json#fasta---11,0.9826589595375721,0.9843158464034614,0.9903809157368219
warmup_results_0_8_linux3_e3_1240___C-default-c.json#fasta---12,0.9970821175489787,0.9915254237288135,1.0
warmup_results_0_8_linux3_e3_1240___C-default-c.json#fasta---13,0.9897510980966324,0.9915254237288135,1.0
warmup_results_0_8_linux3_e3_1240___C-default-c.json#fasta---14,0.9864864864864865,0.9664045746962115,1.0
warmup_results_0_8_linux3_e3_1240___C-default-c.json#fasta---15,0.8435114503816794,0.9931787175989085,0.9903809157368219
warmup_results_0_8_linux3_e3_1240___C-default-c.json#fasta---16,0.9878419452887537,0.9802784222737819,1.0
warmup_results_0_8_linux3_e3_1240___C-default-c.json#fasta---17,0.9835526315789475,0.9766009852216749,1.0
warmup_results_0_8_linux3_e3_1240___C-default-c.json#fasta---18,0.9827682045580879,0.9857819905213271,1.0
warmup_results_0_8_linux3_e3_1240___C-default-c.json#fasta---19,0.9850586979722519,0.9827682045580879,1.0
warmup_results_0_8_linux3_e3_1240___C-default-c.json#fasta---2,0.9835526315789475,0.9315068493150684,0.9992076069730589
warmup_results_0_8_linux3_e3_1240___C-default-c.json#fasta---20,0.7449856733524354,0.9891304347826086,0.9903809157368219
warmup_results_0_8_linux3_e3_1240___C-default-c.json#fasta---21,0.9920893438808748,0.9864864864864865,1.0
warmup_results_0_8_linux3_e3_1240___C-default-c.json#fasta---22,0.9878419452887537,0.9891304347826086,1.0
warmup_results_0_8_linux3_e3_1240___C-default-c.json#fasta---23,0.9878419452887537,0.9811320754716981,1.0
warmup_results_0_8_linux3_e3_1240___C-default-c.json#fasta---24,0.9915254237288135,0.9864864864864865,1.0
warmup_results_0_8_linux3_e3_1240___C-default-c.json#fasta---25,0.9884942471235617,0.9857819905213271,0.9903809157368219
warmup_results_0_8_linux3_e3_1240___C-default-c.json#fasta---26,0.9811320754716981,0.9342915811088297,1.0
warmup_results_0_8_linux3_e3_1240___C-default-c.json#fasta---27,0.995697074010327,0.9897510980966324,1.0
warmup_results_0_8_linux3_e3_1240___C-default-c.json#fasta---28,0.9871729091841971,0.9857819905213271,1.0
warmup_results_0_8_linux3_e3_1240___C-default-c.json#fasta---29,0.9662664379645513,0.9483985765124554,0.9903809157368219
warmup_results_0_8_linux3_e3_1240___C-default-c.json#fasta---3,0.9947229551451187,0.9878419452887537,1.0
warmup_results_0_8_linux3_e3_1240___C-default-c.json#fasta---4,0.9766009852216749,0.9864864864864865,1.0
warmup_results_0_8_linux3_e3_1240___C-default-c.json#fasta---5,0.9864864864864865,0.9857819905213271,1.0
warmup_results_0_8_linux3_e3_1240___C-default-c.json#fasta---6,0.9920893438808748,0.9850586979722519,1.0
warmup_results_0_8_linux3_e3_1240___C-default-c.json#fasta---7,0.9819616685456596,0.9903567984570877,1.0
warmup_results_0_8_linux3_e3_1240___C-default-c.json#fasta---8,0.975609756097561,0.9884942471235617,1.0
warmup_results_0_8_linux3_e3_1240___C-default-c.json#fasta---9,0.9864864864864865,0.9897510980966324,1.0
warmup_results_0_8_linux3_e3_1240___C-default-c.json#nbody---0,0.5790909090909092,0.5977011494252874,0.5360824742268041
warmup_results_0_8_linux3_e3_1240___C-default-c.json#nbody---1,0.6066666666666666,0.6291358024691358,0.5252525252525253
warmup_results_0_8_linux3_e3_1240___C-default-c.json#nbody---10,0.9558823529411765,0.9346405228758171,0.9873417721518987
warmup_results_0_8_linux3_e3_1240___C-default-c.json#nbody---11,0.5063157894736843,0.5794285714285714,0.5306122448979593
warmup_results_0_8_linux3_e3_1240___C-default-c.json#nbody---12,0.5323809523809524,0.5777777777777777,0.5252525252525253
warmup_results_0_8_linux3_e3_1240___C-default-c.json#nbody---13,0.5819047619047619,0.5633333333333335,0.5306122448979593
warmup_results_0_8_linux3_e3_1240___C-default-c.json#nbody---14,0.9856781802864365,0.9799906933457422,0.9903809157368219
warmup_results_0_8_linux3_e3_1240___C-default-c.json#nbody---15,0.9711846318036285,0.9418493803622497,0.9903809157368219
warmup_results_0_8_linux3_e3_1240___C-default-c.json#nbody---16,0.9792843691148777,0.9785612196283946,0.9903809157368219
warmup_results_0_8_linux3_e3_1240___C-default-c.json#nbody---17,0.5658823529411764,0.5497142857142857,0.5416666666666667
warmup_results_0_8_linux3_e3_1240___C-default-c.json#nbody---18,0.9806807727690893,0.9832893579595428,0.9903809157368219
warmup_results_0_8_linux3_e3_1240___C-default-c.json#nbody---19,0.4727272727272727,0.5621621621621622,0.5306122448979593
warmup_results_0_8_linux3_e3_1240___C-default-c.json#nbody---2,0.985100042571307,0.9903809157368219,0.9903809157368219
warmup_results_0_8_linux3_e3_1240___C-default-c.json#nbody---20,0.9792843691148777,0.9839060461070032,0.9903809157368219
warmup_results_0_8_linux3_e3_1240___C-default-c.json#nbody---21,0.9856781802864365,0.9845094664371772,0.9903809157368219
warmup_results_0_8_linux3_e3_1240___C-default-c.json#nbody---22,0.5571428571428573,0.5397468354430379,0.5252525252525253
warmup_results_0_8_linux3_e3_1240___C-default-c.json#nbody---23,0.5273239436619719,0.5473684210526316,0.5252525252525253
warmup_results_0_8_linux3_e3_1240___C-default-c.json#nbody---24,0.45217391304347826,0.4773770491803279,0.5306122448979593
warmup_results_0_8_linux3_e3_1240___C-default-c.json#nbody---25,0.5513253012048193,0.5481081081081081,0.5306122448979593
warmup_results_0_8_linux3_e3_1240___C-default-c.json#nbody---26,0.4193548387096774,0.3342857142857143,0.52
warmup_results_0_8_linux3_e3_1240___C-default-c.json#nbody---27,0.5492134831460674,0.4687323943661972,0.497872340425532
warmup_results_0_8_linux3_e3_1240___C-default-c.json#nbody---28,0.9889064976228209,0.985100042571307,0.9903809157368219
warmup_results_0_8_linux3_e3_1240___C-default-c.json#nbody---29,0.4781609195402299,0.5383529411764707,0.5306122448979593
warmup_results_0_8_linux3_e3_1240___C-default-c.json#nbody---3,0.9806807727690893,0.9813551614370168,0.9903809157368219
warmup_results_0_8_linux3_e3_1240___C-default-c.json#nbody---4,0.5020689655172413,0.5453658536585365,0.5252525252525253
warmup_results_0_8_linux3_e3_1240___C-default-c.json#nbody---5,0.5379310344827586,0.5884210526315788,0.5306122448979593
warmup_results_0_8_linux3_e3_1240___C-default-c.json#nbody---6,0.9785612196283946,0.9799906933457422,0.9903809157368219
warmup_results_0_8_linux3_e3_1240___C-default-c.json#nbody---7,0.5571428571428573,0.5902702702702703,0.5416666666666667
warmup_results_0_8_linux3_e3_1240___C-default-c.json#nbody---8,0.9839060461070032,0.9832893579595428,0.9903809157368219
warmup_results_0_8_linux3_e3_1240___C-default-c.json#nbody---9,0.9952153110047847,0.9897510980966324,0.9903809157368219
warmup_results_0_8_linux3_e3_1240___C-default-c.json#richards---1,0.9580686149936468,0.9510006901311251,0.9898989898989902
warmup_results_0_8_linux3_e3_1240___C-default-c.json#richards---10,0.9689440993788819,0.973531310522918,0.9878738884397736
warmup_results_0_8_linux3_e3_1240___C-default-c.json#richards---11,0.656,0.6214634146341466,0.553191489361702
warmup_results_0_8_linux3_e3_1240___C-default-c.json#richards---12,0.7172413793103448,0.6303030303030303,0.553191489361702
warmup_results_0_8_linux3_e3_1240___C-default-c.json#richards---13,0.9575660528422738,0.9664045746962115,0.9878738884397736
warmup_results_0_8_linux3_e3_1240___C-default-c.json#richards---15,0.9720905739863085,0.9832893579595428,0.9903809157368219
warmup_results_0_8_linux3_e3_1240___C-default-c.json#richards---16,0.9785612196283946,0.9856781802864365,0.9883953581432574
warmup_results_0_8_linux3_e3_1240___C-default-c.json#richards---17,0.9567462879276954,0.9140625,0.9856781802864365
warmup_results_0_8_linux3_e3_1240___C-default-c.json#richards---18,0.9692982456140351,0.9651972157772621,0.9894076108277758
warmup_results_0_8_linux3_e3_1240___C-default-c.json#richards---19,0.985100042571307,0.9903809157368219,0.9903809157368219
warmup_results_0_8_linux3_e3_1240___C-default-c.json#richards---2,0.40695652173913044,0.41600000000000004,0.5539130434782609
warmup_results_0_8_linux3_e3_1240___C-default-c.json#richards---20,0.9541284403669724,0.9558823529411765,0.9975247524752475
warmup_results_0_8_linux3_e3_1240___C-default-c.json#richards---22,0.9871729091841971,0.9942196531791907,0.9898989898989902
warmup_results_0_8_linux3_e3_1240___C-default-c.json#richards---23,0.9650655021834061,0.9775621588841723,0.9894076108277758
warmup_results_0_8_linux3_e3_1240___C-default-c.json#richards---24,0.5531914893617021,0.43490909090909097,0.5426086956521738
warmup_results_0_8_linux3_e3_1240___C-default-c.json#richards---25,0.5459999999999999,0.5857471264367816,0.5591397849462367
warmup_results_0_8_linux3_e3_1240___C-default-c.json#richards---26,0.9617950272892662,0.9580686149936468,0.9898989898989902
warmup_results_0_8_linux3_e3_1240___C-default-c.json#richards---27,0.6829850746268658,0.6,0.5473684210526315
warmup_results_0_8_linux3_e3_1240___C-default-c.json#richards---29,0.808888888888889,0.6618181818181819,0.52
warmup_results_0_8_linux3_e3_1240___C-default-c.json#richards---3,0.5645714285714286,0.5685333333333333,0.531063829787234
warmup_results_0_8_linux3_e3_1240___C-default-c.json#richards---5,0.9567462879276954,0.9580686149936468,0.9889064976228209
warmup_results_0_8_linux3_e3_1240___C-default-c.json#richards---6,0.9387755102040816,0.947819871336669,0.9856781802864365
warmup_results_0_8_linux3_e3_1240___C-default-c.json#richards---7,0.9221967963386728,0.9342915811088297,0.9820143884892086
warmup_results_0_8_linux3_e3_1240___C-default-c.json#richards---8,0.9775621588841723,0.9792843691148777,0.9903809157368219
warmup_results_0_8_linux3_e3_1240___C-default-c.json#richards---9,0.9494382022471909,0.974587039390089,0.9898989898989902
warmup_results_0_8_linux3_e3_1240___C-default-c.json#spectralnorm---0,0.5426086956521738,0.5140229885057472,0.5416666666666667
warmup_results_0_8_linux3_e3_1240___C-default-c.json#spectralnorm---1,0.9707792207792206,0.9790794979079497,0.9902837155071902
warmup_results_0_8_linux3_e3_1240___C-default-c.json#spectralnorm---10,0.5546666666666666,0.5562790697674419,0.5360824742268041
warmup_results_0_8_linux3_e3_1240___C-default-c.json#spectralnorm---11,0.5714285714285715,0.5426086956521738,0.5473684210526315
warmup_results_0_8_linux3_e3_1240___C-default-c.json#spectralnorm---12,0.4902857142857144,0.4884848484848485,0.5473684210526315
warmup_results_0_8_linux3_e3_1240___C-default-c.json#spectralnorm---13,0.5379310344827586,0.5537662337662337,0.5473684210526315
warmup_results_0_8_linux3_e3_1240___C-default-c.json#spectralnorm---14,0.5539130434782609,0.6190476190476191,0.5360824742268041
warmup_results_0_8_linux3_e3_1240___C-default-c.json#spectralnorm---15,0.5714285714285715,0.5618390804597702,0.5473684210526315
warmup_results_0_8_linux3_e3_1240___C-default-c.json#spectralnorm---16,0.49636363636363634,0.4933333333333334,0.5360824742268041
warmup_results_0_8_linux3_e3_1240___C-default-c.json#spectralnorm---17,0.4901149425287357,0.49189189189189186,0.5360824742268041
warmup_results_0_8_linux3_e3_1240___C-default-c.json#spectralnorm---18,0.9730794484569928,0.9730794484569928,1.0
warmup_results_0_8_linux3_e3_1240___C-default-c.json#spectralnorm---19,0.455,0.5546666666666666,0.5473684210526315
warmup_results_0_8_linux3_e3_1240___C-default-c.json#spectralnorm---2,0.5137349397590362,0.5811764705882354,0.5416666666666667
warmup_results_0_8_linux3_e3_1240___C-default-c.json#spectralnorm---20,0.5591397849462367,0.52,0.5473684210526315
warmup_results_0_8_linux3_e3_1240___C-default-c.json#spectralnorm---21,0.5473684210526315,0.5842696629213483,0.5473684210526315
warmup_results_0_8_linux3_e3_1240___C-default-c.json#spectralnorm---22,0.9914204003813155,0.9808473592571096,0.9902837155071902
warmup_results_0_8_linux3_e3_1240___C-default-c.json#spectralnorm---23,0.9987868985038417,1.0,1.0
warmup_results_0_8_linux3_e3_1240___C-default-c.json#spectralnorm---24,0.52,0.407843137254902,0.5360824742268041
warmup_results_0_8_linux3_e3_1240___C-default-c.json#spectralnorm---25,0.4666666666666667,0.525977011494253,0.5360824742268041
warmup_results_0_8_linux3_e3_1240___C-default-c.json#spectralnorm---26,0.9991993594875901,0.9991993594875901,1.0
warmup_results_0_8_linux3_e3_1240___C-default-c.json#spectralnorm---27,0.5777777777777778,0.60125,0.553191489361702
warmup_results_0_8_linux3_e3_1240___C-default-c.json#spectralnorm---28,0.42666666666666664,0.32275862068965516,0.52
warmup_results_0_8_linux3_e3_1240___C-default-c.json#spectralnorm---29,0.563855421686747,0.5807792207792207,0.536421052631579
warmup_results_0_8_linux3_e3_1240___C-default-c.json#spectralnorm---3,0.999603646452636,0.9941520467836258,1.0
warmup_results_0_8_linux3_e3_1240___C-default-c.json#spectralnorm---4,0.6834285714285715,0.672,0.6933333333333332
warmup_results_0_8_linux3_e3_1240___C-default-c.json#spectralnorm---5,0.525977011494253,0.4298666666666666,0.5416666666666667
warmup_results_0_8_linux3_e3_1240___C-default-c.json#spectralnorm---6,0.9785612196283946,0.9857819905213271,0.9903809157368219
warmup_results_0_8_linux3_e3_1240___C-default-c.json#spectralnorm---7,0.3768115942028985,0.5007407407407407,0.5360824742268041
warmup_results_0_8_linux3_e3_1240___C-default-c.json#spectralnorm---8,0.5750588235294117,0.6162962962962962,0.5416666666666667
warmup_results_0_8_linux3_e3_1240___C-default-c.json#spectralnorm---9,0.6318987341772151,0.6655999999999999,0.5909090909090909
warmup_results_0_8_linux3_e3_1240___Graal-default-java.json#binarytrees---0,0.673866090712743,0.9759384023099134,0.8765633496465471
warmup_results_0_8_linux3_e3_1240___Graal-default-java.json#binarytrees---1,0.8243064729194187,0.9397590361445782,0.9285714285714286
warmup_results_0_8_linux3_e3_1240___Graal-default-java.json#binarytrees---10,0.8582145536384096,0.9449339207048459,0.9314823107926555
warmup_results_0_8_linux3_e3_1240___Graal-default-java.json#binarytrees---11,0.6835187057633975,0.9582309582309583,0.9269695227142036
warmup_results_0_8_linux3_e3_1240___Graal-default-java.json#binarytrees---12,0.8531583264971286,0.9744058500914077,0.8942157373632101
warmup_results_0_8_linux3_e3_1240___Graal-default-java.json#binarytrees---14,0.47666666666666674,0.872258064516129,0.9100000000000001
warmup_results_0_8_linux3_e3_1240___Graal-default-java.json#binarytrees---15,0.6618181818181819,0.9533333333333334,0.6980821917808219
warmup_results_0_8_linux3_e3_1240___Graal-default-java.json#binarytrees---16,0.6190476190476191,0.9486486486486487,0.9133144475920679
warmup_results_0_8_linux3_e3_1240___Graal-default-java.json#binarytrees---17,0.8157683024939661,0.9479166666666666,0.8740592072252885
warmup_results_0_8_linux3_e3_1240___Graal-default-java.json#binarytrees---18,0.7990543735224586,0.9758713136729222,0.9565217391304349
warmup_results_0_8_linux3_e3_1240___Graal-default-java.json#binarytrees---19,0.38518518518518524,0.975,0.611764705882353
warmup_results_0_8_linux3_e3_1240___Graal-default-java.json#binarytrees---2,0.8852140077821011,0.9789156626506024,0.9102333931777379
warmup_results_0_8_linux3_e3_1240___Graal-default-java.json#binarytrees---20,0.6270096463022509,0.9401947148817802,0.8756810302129768
warmup_results_0_8_linux3_e3_1240___Graal-default-java.json#binarytrees---21,0.7153439153439153,0.9649484536082473,0.9329815303430078
warmup_results_0_8_linux3_e3_1240___Graal-default-java.json#binarytrees---22,0.7468581687612209,0.9709543568464729,0.8787553648068671
warmup_results_0_8_linux3_e3_1240___Graal-default-java.json#binarytrees---23,0.8090128755364807,0.9573643410852714,0.9995253915519696
warmup_results_0_8_linux3_e3_1240___Graal-default-java.json#binarytrees---24,0.8582145536384096,0.9740061162079511,0.9138448349764252
warmup_results_0_8_linux3_e3_1240___Graal-default-java.json#binarytrees---25,0.6778805719091674,0.9629629629629629,0.9568717653824037
warmup_results_0_8_linux3_e3_1240___Graal-default-java.json#binarytrees---26,0.8474074074074074,0.91,0.5977011494252874
warmup_results_0_8_linux3_e3_1240___Graal-default-java.json#binarytrees---27,0.8005354752342703,0.913884007029877,0.8885586924219911
warmup_results_0_8_linux3_e3_1240___Graal-default-java.json#binarytrees---28,0.7234782608695653,0.9706666666666666,0.5652173913043479
warmup_results_0_8_linux3_e3_1240___Graal-default-java.json#binarytrees---29,0.6970509383378016,0.9327354260089685,0.9111223971559167
warmup_results_0_8_linux3_e3_1240___Graal-default-java.json#binarytrees---3,0.8756476683937825,0.9261213720316623,0.9224704336399475
warmup_results_0_8_linux3_e3_1240___Graal-default-java.json#binarytrees---4,0.5672727272727273,0.9916279069767442,0.5909090909090909
warmup_results_0_8_linux3_e3_1240___Graal-default-java.json#binarytrees---5,0.6454615981380915,0.9709543568464729,0.8693834900731452
warmup_results_0_8_linux3_e3_1240___Graal-default-java.json#binarytrees---6,0.8750934928945401,0.9696969696969696,0.9068526877308165
warmup_results_0_8_linux3_e3_1240___Graal-default-java.json#binarytrees---7,0.7767634854771784,0.988235294117647,0.9176470588235294
warmup_results_0_8_linux3_e3_1240___Graal-default-java.json#binarytrees---8,0.7930283224400871,0.9650053022269354,0.9152915291529152
warmup_results_0_8_linux3_e3_1240___Graal-default-java.json#binarytrees---9,0.8250226654578423,0.9647495361781077,0.9979253112033195
warmup_results_0_8_linux3_e3_1240___Graal-default-java.json#fannkuch_redux---0,0.5662222222222223,0.5571428571428573,0.5473684210526315
warmup_results_0_8_linux3_e3_1240___Graal-default-java.json#fannkuch_redux---1,0.5367741935483871,0.5348571428571429,0.5252525252525253
warmup_results_0_8_linux3_e3_1240___Graal-default-java.json#fannkuch_redux---10,0.9425981873111782,0.9752176825184193,0.9932301740812379
warmup_results_0_8_linux3_e3_1240___Graal-default-java.json#fannkuch_redux---11,0.9799764428739693,0.9825155104342921,0.9987868985038417
warmup_results_0_8_linux3_e3_1240___Graal-default-java.json#fannkuch_redux---12,0.9888438133874239,0.9940828402366864,1.0
warmup_results_0_8_linux3_e3_1240___Graal-default-java.json#fannkuch_redux---13,0.56,0.47783783783783784,0.5255913978494624
warmup_results_0_8_linux3_e3_1240___Graal-default-java.json#fannkuch_redux---14,0.988342625443487,0.988988988988989,0.999603646452636
warmup_results_0_8_linux3_e3_1240___Graal-default-java.json#fannkuch_redux---15,0.9838619922092376,0.9913127413127413,0.9995995194233079
warmup_results_0_8_linux3_e3_1240___Graal-default-java.json#fannkuch_redux---16,0.4,0.687741935483871,0.52
warmup_results_0_8_linux3_e3_1240___Graal-default-java.json#fannkuch_redux---17,0.39,0.4603278688524589,0.5252525252525253
warmup_results_0_8_linux3_e3_1240___Graal-default-java.json#fannkuch_redux---18,0.986111111111111,0.9924599434495759,0.9995995194233079
warmup_results_0_8_linux3_e3_1240___Graal-default-java.json#fannkuch_redux---19,0.9677881173944165,0.9907181240840254,1.0
warmup_results_0_8_linux3_e3_1240___Graal-default-java.json#fannkuch_redux---2,0.9873417721518988,0.9905987135081643,0.9978911851539435
warmup_results_0_8_linux3_e3_1240___Graal-default-java.json#fannkuch_redux---20,0.9955985915492958,0.990108803165183,0.9991909385113269
warmup_results_0_8_linux3_e3_1240___Graal-default-java.json#fannkuch_redux---21,0.9875130072840791,0.9846322722283205,1.0
warmup_results_0_8_linux3_e3_1240___Graal-default-java.json#fannkuch_redux---22,0.6813793103448276,0.5884210526315788,0.5093877551020408
warmup_results_0_8_linux3_e3_1240___Graal-default-java.json#fannkuch_redux---23,0.9838619922092376,0.9951045838896306,0.9901845308205733
warmup_results_0_8_linux3_e3_1240___Graal-default-java.json#fannkuch_redux---24,0.6162962962962963,0.6374193548387096,0.611764705882353
warmup_results_0_8_linux3_e3_1240___Graal-default-java.json#fannkuch_redux---26,0.9574468085106382,0.9768315591734502,0.9987740089906009
warmup_results_0_8_linux3_e3_1240___Graal-default-java.json#fannkuch_redux---27,0.5707317073170731,0.5498850574712644,0.514851485148515
warmup_results_0_8_linux3_e3_1240___Graal-default-java.json#fannkuch_redux---28,0.986111111111111,0.986111111111111,1.0
warmup_results_0_8_linux3_e3_1240___Graal-default-java.json#fannkuch_redux---29,0.9853817000541418,0.9945994599459945,1.0
warmup_results_0_8_linux3_e3_1240___Graal-default-java.json#fannkuch_redux---3,0.9816933638443935,0.9919924634950542,0.999603646452636
warmup_results_0_8_linux3_e3_1240___Graal-default-java.json#fannkuch_redux---4,0.9888438133874239,0.9924599434495759,1.0
warmup_results_0_8_linux3_e3_1240___Graal-default-java.json#fannkuch_redux---5,0.9727418492784606,0.9806694955209807,0.9890732496964793
warmup_results_0_8_linux3_e3_1240___Graal-default-java.json#fannkuch_redux---6,0.9787492410443229,0.9924599434495759,0.9995995194233079
warmup_results_0_8_linux3_e3_1240___Graal-default-java.json#fannkuch_redux---7,0.9480401093892433,0.981416957026713,0.9995995194233079
warmup_results_0_8_linux3_e3_1240___Graal-default-java.json#fannkuch_redux---8,0.9505928853754942,0.9528795811518325,0.644191714053615
warmup_results_0_8_linux3_e3_1240___Graal-default-java.json#fannkuch_redux---9,0.9161603888213852,0.9549248747913189,0.9896193771626298
warmup_results_0_8_linux3_e3_1240___Graal-default-java.json#fasta---0,0.9724770642201835,0.9913573970513472,1.0
warmup_results_0_8_linux3_e3_1240___Graal-default-java.json#fasta---1,0.9814260035949671,0.9796170475602223,0.9995866060355519
warmup_results_0_8_linux3_e3_1240___Graal-default-java.json#fasta---10,0.9756418696510862,0.9734513274336283,1.0
warmup_results_0_8_linux3_e3_1240___Graal-default-java.json#fasta---11,0.9341317365269461,0.9734513274336283,0.9898744430943701
warmup_results_0_8_linux3_e3_1240___Graal-default-java.json#fasta---12,0.9512195121951219,0.9734513274336283,0.9898744430943701
warmup_results_0_8_linux3_e3_1240___Graal-default-java.json#fasta---13,0.9512195121951219,0.9685902118334551,0.9787234042553191
warmup_results_0_8_linux3_e3_1240___Graal-default-java.json#fasta---14,0.9776927979604845,0.9862561847168775,1.0
warmup_results_0_8_linux3_e3_1240___Graal-default-java.json#fasta---15,0.9847371396269079,0.9776927979604845,0.9995866060355519
warmup_results_0_8_linux3_e3_1240___Graal-default-java.json#fasta---16,0.8616714697406339,0.897583429228999,0.9898744430943701
warmup_results_0_8_linux3_e3_1240___Graal-default-java.json#fasta---18,0.9416498993963781,0.9581239530988274,0.9898744430943701
warmup_results_0_8_linux3_e3_1240___Graal-default-java.json#fasta---19,0.9336235038084875,0.9416498993963781,1.0
warmup_results_0_8_linux3_e3_1240___Graal-default-java.json#fasta---2,0.9485500467726847,0.95980311730927,1.0
warmup_results_0_8_linux3_e3_1240___Graal-default-java.json#fasta---20,0.9756418696510862,0.9766839378238341,1.0
warmup_results_0_8_linux3_e3_1240___Graal-default-java.json#fasta---21,0.9644513137557958,0.9629629629629629,0.9995866060355519
warmup_results_0_8_linux3_e3_1240___Graal-default-java.json#fasta---22,0.975,0.9704225352112675,1.0
warmup_results_0_8_linux3_e3_1240___Graal-default-java.json#fasta---23,0.9440628066732091,0.9416498993963781,1.0
warmup_results_0_8_linux3_e3_1240___Graal-default-java.json#fasta---24,0.9672619047619048,0.9614147909967846,0.9898744430943701
warmup_results_0_8_linux3_e3_1240___Graal-default-java.json#fasta---25,0.9644513137557958,0.9698708751793399,1.0
warmup_results_0_8_linux3_e3_1240___Graal-default-java.json#fasta---26,0.9776927979604845,0.9629629629629629,1.0
warmup_results_0_8_linux3_e3_1240___Graal-default-java.json#fasta---27,0.9909729187562688,0.9839449541284404,1.0
warmup_results_0_8_linux3_e3_1240___Graal-default-java.json#fasta---28,0.9869848156182213,0.9862561847168775,0.9898744430943701
warmup_results_0_8_linux3_e3_1240___Graal-default-java.json#fasta---29,0.9766839378238341,0.9786700125470514,1.0
warmup_results_0_8_linux3_e3_1240___Graal-default-java.json#fasta---3,0.9629629629629629,0.9698708751793399,1.0
warmup_results_0_8_linux3_e3_1240___Graal-default-java.json#fasta---4,0.9869848156182213,0.9722991689750692,1.0
warmup_results_0_8_linux3_e3_1240___Graal-default-java.json#fasta---5,0.9758713136729222,0.9644830307813733,0.9995775242923531
warmup_results_0_8_linux3_e3_1240___Graal-default-java.json#fasta---6,0.8938714499252616,0.8820678513731827,0.9872013651877134
warmup_results_0_8_linux3_e3_1240___Graal-default-java.json#fasta---7,0.9862561847168775,0.9722991689750692,1.0
warmup_results_0_8_linux3_e3_1240___Graal-default-java.json#fasta---8,0.9685902118334551,0.9644513137557958,1.0
warmup_results_0_8_linux3_e3_1240___Graal-default-java.json#fasta---9,0.9766839378238341,0.9506398537477149,0.9898744430943701
warmup_results_0_8_linux3_e3_1240___Graal-default-java.json#nbody---0,0.9987052222701771,0.9995775242923531,1.0
warmup_results_0_8_linux3_e3_1240___Graal-default-java.json#nbody---1,0.9982547993019197,1.0,1.0
warmup_results_0_8_linux3_e3_1240___Graal-default-java.json#nbody---10,1.0,1.0,1.0
warmup_results_0_8_linux3_e3_1240___Graal-default-java.json#nbody---11,0.9863255403617116,0.9896565990897808,0.9896565990897808
warmup_results_0_8_linux3_e3_1240___Graal-default-java.json#nbody---12,1.0,1.0,1.0
warmup_results_0_8_linux3_e3_1240___Graal-default-java.json#nbody---13,0.9891304347826086,0.9896565990897808,0.9896565990897808
warmup_results_0_8_linux3_e3_1240___Graal-default-java.json#nbody---14,0.9995775242923531,0.9896565990897808,1.0
warmup_results_0_8_linux3_e3_1240___Graal-default-java.json#nbody---15,0.9857270294380017,0.9896565990897808,0.9896565990897808
warmup_results_0_8_linux3_e3_1240___Graal-default-java.json#nbody---16,1.0,1.0,0.9896565990897808
warmup_results_0_8_linux3_e3_1240___Graal-default-java.json#nbody---17,0.9995775242923531,0.9896565990897808,0.9896565990897808
warmup_results_0_8_linux3_e3_1240___Graal-default-java.json#nbody---18,0.9896565990897808,1.0,0.9896565990897808
warmup_results_0_8_linux3_e3_1240___Graal-default-java.json#nbody---19,0.9963503649635036,0.999146029035013,1.0
warmup_results_0_8_linux3_e3_1240___Graal-default-java.json#nbody---2,1.0,0.9995775242923531,1.0
warmup_results_0_8_linux3_e3_1240___Graal-default-java.json#nbody---20,1.0,0.999146029035013,1.0
warmup_results_0_8_linux3_e3_1240___Graal-default-java.json#nbody---21,0.9982547993019197,0.999146029035013,1.0
warmup_results_0_8_linux3_e3_1240___Graal-default-java.json#nbody---22,1.0,1.0,0.9896565990897808
warmup_results_0_8_linux3_e3_1240___Graal-default-java.json#nbody---23,0.9977944419938245,1.0,0.9896565990897808
warmup_results_0_8_linux3_e3_1240___Graal-default-java.json#nbody---24,0.9978194505015263,1.0,1.0
warmup_results_0_8_linux3_e3_1240___Graal-default-java.json#nbody---25,0.9986117538176772,0.9995477159656263,1.0
warmup_results_0_8_linux3_e3_1240___Graal-default-java.json#nbody---26,1.0,1.0,1.0
warmup_results_0_8_linux3_e3_1240___Graal-default-java.json#nbody---27,0.9885931558935362,0.9958467928011075,1.0
warmup_results_0_8_linux3_e3_1240___Graal-default-java.json#nbody---28,0.9890109890109892,0.9884664673216574,0.9895441237975742
warmup_results_0_8_linux3_e3_1240___Graal-default-java.json#nbody---29,0.9987052222701771,0.999146029035013,1.0
warmup_results_0_8_linux3_e3_1240___Graal-default-java.json#nbody---3,0.9982547993019197,1.0,1.0
warmup_results_0_8_linux3_e3_1240___Graal-default-java.json#nbody---4,1.0,1.0,1.0
warmup_results_0_8_linux3_e3_1240___Graal-default-java.json#nbody---5,1.0,0.9896565990897808,1.0
warmup_results_0_8_linux3_e3_1240___Graal-default-java.json#nbody---6,1.0,1.0,1.0
warmup_results_0_8_linux3_e3_1240___Graal-default-java.json#nbody---7,0.9991554054054053,1.0,1.0
warmup_results_0_8_linux3_e3_1240___Graal-default-java.json#nbody---8,0.9995775242923531,1.0,0.9896565990897808
warmup_results_0_8_linux3_e3_1240___Graal-default-java.json#nbody---9,0.6666666666666666,0.6753246753246753,0.5416666666666667
warmup_results_0_8_linux3_e3_1240___Graal-default-java.json#richards---0,0.9122807017543859,0.9403714565004887,0.9974979149291076
warmup_results_0_8_linux3_e3_1240___Graal-default-java.json#richards---1,0.39351351351351355,0.48372093023255813,0.5466666666666666
warmup_results_0_8_linux3_e3_1240___Graal-default-java.json#richards---10,0.9741602067183462,0.9808473592571096,1.0
warmup_results_0_8_linux3_e3_1240___Graal-default-java.json#richards---11,0.52,0.6842105263157895,0.5750588235294117
warmup_results_0_8_linux3_e3_1240___Graal-default-java.json#richards---13,0.8822355289421157,0.7078039927404719,0.8022440392706873
warmup_results_0_8_linux3_e3_1240___Graal-default-java.json#richards---15,0.9161603888213852,0.9427480916030534,0.9936305732484076
warmup_results_0_8_linux3_e3_1240___Graal-default-java.json#richards---16,0.9198113207547169,0.9531116794543905,0.9951605807303123
warmup_results_0_8_linux3_e3_1240___Graal-default-java.json#richards---17,0.7318518518518519,0.7676190476190476,0.6266666666666666
warmup_results_0_8_linux3_e3_1240___Graal-default-java.json#richards---18,0.6644444444444445,0.6417021276595746,0.5649382716049383
warmup_results_0_8_linux3_e3_1240___Graal-default-java.json#richards---19,0.9454545454545454,0.9409523809523809,0.8728571428571428
warmup_results_0_8_linux3_e3_1240___Graal-default-java.json#richards---2,0.6933333333333335,0.5942857142857143,0.5326829268292683
warmup_results_0_8_linux3_e3_1240___Graal-default-java.json#richards---20,0.9531116794543905,0.9643916913946587,0.9941520467836258
warmup_results_0_8_linux3_e3_1240___Graal-default-java.json#richards---21,0.6174999999999999,0.5426086956521738,0.5608988764044944
warmup_results_0_8_linux3_e3_1240___Graal-default-java.json#richards---22,0.9324894514767933,0.9403714565004887,0.9919924634950542
warmup_results_0_8_linux3_e3_1240___Graal-default-java.json#richards---23,0.44972972972972974,0.5824,0.5485714285714286
warmup_results_0_8_linux3_e3_1240___Graal-default-java.json#richards---24,0.6500000000000001,0.6195744680851065,0.5652173913043479
warmup_results_0_8_linux3_e3_1240___Graal-default-java.json#richards---25,0.43121951219512195,0.48680851063829794,0.5539130434782609
warmup_results_0_8_linux3_e3_1240___Graal-default-java.json#richards---26,0.7428571428571429,0.7102439024390245,0.5199999999999998
warmup_results_0_8_linux3_e3_1240___Graal-default-java.json#richards---27,0.6355555555555555,0.6066666666666668,0.532093023255814
warmup_results_0_8_linux3_e3_1240___Graal-default-java.json#richards---28,0.6155102040816327,0.6308196721311475,0.5672727272727274
warmup_results_0_8_linux3_e3_1240___Graal-default-java.json#richards---29,0.6618181818181819,0.6842105263157895,0.5492134831460674
warmup_results_0_8_linux3_e3_1240___Graal-default-java.json#richards---3,0.5824,0.6303030303030303,0.6066666666666666
warmup_results_0_8_linux3_e3_1240___Graal-default-java.json#richards---4,0.6464864864864865,0.6702222222222222,0.5714285714285715
warmup_results_0_8_linux3_e3_1240___Graal-default-java.json#richards---5,0.4533333333333334,0.5089361702127659,0.531063829787234
warmup_results_0_8_linux3_e3_1240___Graal-default-java.json#richards---6,0.9599371563236448,0.9730794484569928,0.9979364424267437
warmup_results_0_8_linux3_e3_1240___Graal-default-java.json#richards---7,0.8606896551724138,0.936,0.5618390804597702
warmup_results_0_8_linux3_e3_1240___Graal-default-java.json#richards---8,0.9359999999999999,0.8914285714285713,0.5426086956521738
warmup_results_0_8_linux3_e3_1240___Graal-default-java.json#richards---9,0.4894117647058824,0.5073170731707317,0.5485714285714286
warmup_results_0_8_linux3_e3_1240___Graal-default-java.json#spectralnorm---0,0.5199999999999999,0.5473684210526316,0.52
warmup_results_0_8_linux3_e3_1240___Graal-default-java.json#spectralnorm---11,0.38133333333333336,0.5066666666666666,0.48680851063829794
warmup_results_0_8_linux3_e3_1240___Graal-default-java.json#spectralnorm---12,0.4412121212121212,0.4622222222222222,0.45953488372093027
warmup_results_0_8_linux3_e3_1240___Graal-default-java.json#spectralnorm---15,0.5633333333333335,0.45760000000000006,0.5089361702127659
warmup_results_0_8_linux3_e3_1240___Graal-default-java.json#spectralnorm---16,0.624,0.494,0.52
warmup_results_0_8_linux3_e3_1240___Graal-default-java.json#spectralnorm---18,0.4853333333333333,0.5357575757575758,0.5079069767441861
warmup_results_0_8_linux3_e3_1240___Graal-default-java.json#spectralnorm---19,0.4766666666666667,0.6066666666666667,0.546
warmup_results_0_8_linux3_e3_1240___Graal-default-java.json#spectralnorm---21,0.4225000000000001,0.4696774193548388,0.48533333333333334
warmup_results_0_8_linux3_e3_1240___Graal-default-java.json#spectralnorm---24,0.52,0.6174999999999999,0.48533333333333334
warmup_results_0_8_linux3_e3_1240___Graal-default-java.json#spectralnorm---27,0.4911111111111111,0.52,0.4747826086956522
warmup_results_0_8_linux3_e3_1240___Graal-default-java.json#spectralnorm---3,0.5525000000000001,0.5747368421052632,0.4963636363636364
warmup_results_0_8_linux3_e3_1240___Graal-default-java.json#spectralnorm---4,0.503225806451613,0.5645714285714287,0.4973913043478261
warmup_results_0_8_linux3_e3_1240___Graal-default-java.json#spectralnorm---5,0.48,0.5367741935483871,0.48533333333333334
warmup_results_0_8_linux3_e3_1240___Graal-default-java.json#spectralnorm---6,0.52,0.9305263157894738,0.4679999999999999
warmup_results_0_8_linux3_e3_1240___Graal-default-java.json#spectralnorm---7,0.3851851851851852,0.4361290322580645,0.5315555555555554
warmup_results_0_8_linux3_e3_1240___HHVM-default-php.json#binarytrees---0,0.44571428571428573,0.052,0.52
warmup_results_0_8_linux3_e3_1240___HHVM-default-php.json#binarytrees---1,0.9682758620689655,0.9736170212765959,0.78
warmup_results_0_8_linux3_e3_1240___HHVM-default-php.json#binarytrees---12,0.6705263157894737,0.6618181818181819,0.5096
warmup_results_0_8_linux3_e3_1240___HHVM-default-php.json#binarytrees---13,1.0,1.0,0.5252525252525253
warmup_results_0_8_linux3_e3_1240___HHVM-default-php.json#binarytrees---14,0.9629629629629629,0.9629629629629629,0.5098039215686274
warmup_results_0_8_linux3_e3_1240___HHVM-default-php.json#binarytrees---15,0.7721212121212122,1.0,0.5098039215686274
warmup_results_0_8_linux3_e3_1240___HHVM-default-php.json#binarytrees---16,0.5473684210526315,0.5416666666666667,0.5252525252525253
warmup_results_0_8_linux3_e3_1240___HHVM-default-php.json#binarytrees---19,0.611764705882353,0.6582278481012658,0.5360824742268041
warmup_results_0_8_linux3_e3_1240___HHVM-default-php.json#binarytrees---22,0.9992156862745099,0.9992156862745099,0.5252525252525253
warmup_results_0_8_linux3_e3_1240___HHVM-default-php.json#binarytrees---23,0.52,0.5252525252525253,0.514851485148515
warmup_results_0_8_linux3_e3_1240___HHVM-default-php.json#binarytrees---24,1.0,1.0,0.753623188405797
warmup_results_0_8_linux3_e3_1240___HHVM-default-php.json#binarytrees---25,0.5473684210526315,0.514851485148515,0.5252525252525253
warmup_results_0_8_linux3_e3_1240___HHVM-default-php.json#binarytrees---26,0.981132075471698,0.981132075471698,0.514851485148515
warmup_results_0_8_linux3_e3_1240___HHVM-default-php.json#binarytrees---28,0.9285714285714287,0.9285714285714287,0.52
warmup_results_0_8_linux3_e3_1240___HHVM-default-php.json#binarytrees---29,0.6303030303030303,0.6046511627906977,0.5714285714285715
warmup_results_0_8_linux3_e3_1240___HHVM-default-php.json#binarytrees---5,0.9674418604651163,0.9788235294117648,0.514851485148515
warmup_results_0_8_linux3_e3_1240___HHVM-default-php.json#binarytrees---6,1.0,1.0,0.5416666666666667
warmup_results_0_8_linux3_e3_1240___HHVM-default-php.json#binarytrees---7,0.9984,1.0,0.52
warmup_results_0_8_linux3_e3_1240___HHVM-default-php.json#binarytrees---8,0.6933333333333332,0.981132075471698,0.514851485148515
warmup_results_0_8_linux3_e3_1240___HHVM-default-php.json#binarytrees---9,0.9152000000000001,0.9674418604651163,0.7084057971014492
warmup_results_0_8_linux3_e3_1240___HHVM-default-php.json#fannkuch_redux---0,0.972661870503597,0.9854227405247814,0.9986754966887419
warmup_results_0_8_linux3_e3_1240___HHVM-default-php.json#fannkuch_redux---1,0.9862068965517241,0.9811320754716981,1.0
warmup_results_0_8_linux3_e3_1240___HHVM-default-php.json#fannkuch_redux---12,0.9829268292682927,0.9904761904761905,0.9995680345572354
warmup_results_0_8_linux3_e3_1240___HHVM-default-php.json#fannkuch_redux---13,0.9837837837837837,0.9904761904761905,1.0
warmup_results_0_8_linux3_e3_1240___HHVM-default-php.json#fannkuch_redux---14,0.9869688385269122,0.9829268292682927,1.0
warmup_results_0_8_linux3_e3_1240___HHVM-default-php.json#fannkuch_redux---15,0.9884297520661157,0.9891304347826086,1.0
warmup_results_0_8_linux3_e3_1240___HHVM-default-php.json#fannkuch_redux---16,0.9898123324396783,0.9952153110047847,1.0
warmup_results_0_8_linux3_e3_1240___HHVM-default-php.json#fannkuch_redux---17,0.9782178217821782,0.9946731234866828,1.0
warmup_results_0_8_linux3_e3_1240___HHVM-default-php.json#fannkuch_redux---18,0.9923664122137404,0.9891304347826086,0.9991266375545853
warmup_results_0_8_linux3_e3_1240___HHVM-default-php.json#fannkuch_redux---19,0.9923664122137404,0.9929648241206029,1.0
warmup_results_0_8_linux3_e3_1240___HHVM-default-php.json#fannkuch_redux---2,0.9946731234866828,0.9911227154046998,0.9995680345572354
warmup_results_0_8_linux3_e3_1240___HHVM-default-php.json#fannkuch_redux---20,0.9869688385269122,0.9898123324396783,1.0
warmup_results_0_8_linux3_e3_1240___HHVM-default-php.json#fannkuch_redux---21,0.96600790513834,0.9782178217821782,0.9977426636568849
warmup_results_0_8_linux3_e3_1240___HHVM-default-php.json#fannkuch_redux---22,0.9877094972067039,0.9854227405247814,0.9991266375545853
warmup_results_0_8_linux3_e3_1240___HHVM-default-php.json#fannkuch_redux---23,0.9923664122137404,0.9891304347826086,0.9995680345572354
warmup_results_0_8_linux3_e3_1240___HHVM-default-php.json#fannkuch_redux---24,0.9891304347826086,0.9929648241206029,1.0
warmup_results_0_8_linux3_e3_1240___HHVM-default-php.json#fannkuch_redux---26,0.9923664122137404,0.9917525773195877,1.0
warmup_results_0_8_linux3_e3_1240___HHVM-default-php.json#fannkuch_redux---27,0.9877094972067039,0.9869688385269122,0.9995680345572354
warmup_results_0_8_linux3_e3_1240___HHVM-default-php.json#fannkuch_redux---28,0.9869688385269122,0.9811320754716981,1.0
warmup_results_0_8_linux3_e3_1240___HHVM-default-php.json#fannkuch_redux---3,0.9820433436532507,0.9941176470588236,1.0
warmup_results_0_8_linux3_e3_1240___HHVM-default-php.json#fannkuch_redux---4,0.9820433436532507,0.9891304347826086,1.0
warmup_results_0_8_linux3_e3_1240___HHVM-default-php.json#fannkuch_redux---5,0.9862068965517241,0.9962616822429907,1.0
warmup_results_0_8_linux3_e3_1240___HHVM-default-php.json#fannkuch_redux---6,0.9782178217821782,0.9820433436532507,0.9995680345572354
warmup_results_0_8_linux3_e3_1240___HHVM-default-php.json#fannkuch_redux---7,0.9935483870967742,0.9923664122137404,1.0
warmup_results_0_8_linux3_e3_1240___HHVM-default-php.json#fannkuch_redux---8,0.9891304347826086,0.9923664122137404,1.0
warmup_results_0_8_linux3_e3_1240___HHVM-default-php.json#fasta---29,0.9733990147783251,0.9990147783251233,0.8927038626609441
warmup_results_0_8_linux3_e3_1240___HHVM-default-php.json#fasta---7,0.9837837837837837,0.9782178217821782,0.9929648241206029
warmup_results_0_8_linux3_e3_1240___HHVM-default-php.json#nbody---11,0.9966666666666667,0.981132075471698,0.8965517241379309
warmup_results_0_8_linux3_e3_1240___HHVM-default-php.json#nbody---12,0.9866666666666667,0.9916279069767442,0.9957446808510638
warmup_results_0_8_linux3_e3_1240___HHVM-default-php.json#nbody---13,0.9975510204081633,0.9966666666666667,0.9984
warmup_results_0_8_linux3_e3_1240___HHVM-default-php.json#nbody---15,0.9947826086956522,0.9992156862745099,0.9285714285714287
warmup_results_0_8_linux3_e3_1240___HHVM-default-php.json#nbody---16,0.9495652173913045,0.9244444444444444,0.9393548387096776
warmup_results_0_8_linux3_e3_1240___HHVM-default-php.json#nbody---17,0.9788235294117648,0.9776,0.9285714285714287
warmup_results_0_8_linux3_e3_1240___HHVM-default-php.json#nbody---2,0.9916279069767442,1.0,1.0
warmup_results_0_8_linux3_e3_1240___HHVM-default-php.json#nbody---22,0.969090909090909,0.9776,0.9800000000000001
warmup_results_0_8_linux3_e3_1240___HHVM-default-php.json#nbody---23,0.96,0.9750000000000002,0.9750000000000002
warmup_results_0_8_linux3_e3_1240___HHVM-default-php.json#nbody---24,0.9556756756756758,0.981132075471698,0.981132075471698
warmup_results_0_8_linux3_e3_1240___HHVM-default-php.json#nbody---29,0.9805714285714285,0.9937777777777778,0.9736170212765959
warmup_results_0_8_linux3_e3_1240___HHVM-default-php.json#nbody---4,0.9822222222222222,0.9966666666666667,0.9776
warmup_results_0_8_linux3_e3_1240___HHVM-default-php.json#nbody---8,0.96,0.9800000000000001,0.9800000000000001
warmup_results_0_8_linux3_e3_1240___HHVM-default-php.json#spectralnorm---0,0.646060606060606,0.7351724137931035,0.6685714285714285
warmup_results_0_8_linux3_e3_1240___HHVM-default-php.json#spectralnorm---1,0.5633333333333335,0.5571428571428572,0.5807792207792207
warmup_results_0_8_linux3_e3_1240___HHVM-default-php.json#spectralnorm---10,0.7453333333333333,0.7180952380952381,0.7212903225806452
warmup_results_0_8_linux3_e3_1240___HHVM-default-php.json#spectralnorm---11,0.9738515901060072,0.9819742489270387,0.9782178217821783
warmup_results_0_8_linux3_e3_1240___HHVM-default-php.json#spectralnorm---12,0.9724409448818898,0.9558823529411765,0.9835526315789475
warmup_results_0_8_linux3_e3_1240___HHVM-default-php.json#spectralnorm---13,0.5336842105263158,0.6603174603174602,0.5137349397590362
warmup_results_0_8_linux3_e3_1240___HHVM-default-php.json#spectralnorm---14,0.5685333333333333,0.5488888888888889,0.5807792207792207
warmup_results_0_8_linux3_e3_1240___HHVM-default-php.json#spectralnorm---15,0.5525,0.5878260869565218,0.5066666666666666
warmup_results_0_8_linux3_e3_1240___HHVM-default-php.json#spectralnorm---16,0.6400000000000001,0.6417021276595746,0.6548148148148148
warmup_results_0_8_linux3_e3_1240___HHVM-default-php.json#spectralnorm---17,0.8187234042553192,0.8533333333333334,0.7115789473684211
warmup_results_0_8_linux3_e3_1240___HHVM-default-php.json#spectralnorm---18,0.687741935483871,0.6791836734693878,0.6537142857142858
warmup_results_0_8_linux3_e3_1240___HHVM-default-php.json#spectralnorm---19,0.5695238095238094,0.5811764705882354,0.5558620689655173
warmup_results_0_8_linux3_e3_1240___HHVM-default-php.json#spectralnorm---2,0.6330434782608696,0.63375,0.6464864864864864
warmup_results_0_8_linux3_e3_1240___HHVM-default-php.json#spectralnorm---20,0.6933333333333334,0.7008695652173914,0.6206451612903225
warmup_results_0_8_linux3_e3_1240___HHVM-default-php.json#spectralnorm---21,0.5824,0.6179710144927536,0.5807792207792207
warmup_results_0_8_linux3_e3_1240___HHVM-default-php.json#spectralnorm---22,0.5199999999999999,0.5556164383561645,0.5383529411764707
warmup_results_0_8_linux3_e3_1240___HHVM-default-php.json#spectralnorm---23,0.5098039215686274,0.5703225806451612,0.52
warmup_results_0_8_linux3_e3_1240___HHVM-default-php.json#spectralnorm---24,0.7981395348837209,0.8272727272727274,0.7242857142857144
warmup_results_0_8_linux3_e3_1240___HHVM-default-php.json#spectralnorm---25,0.6378666666666668,0.65,0.6066666666666666
warmup_results_0_8_linux3_e3_1240___HHVM-default-php.json#spectralnorm---26,0.5727536231884058,0.5556164383561645,0.5387951807228916
warmup_results_0_8_linux3_e3_1240___HHVM-default-php.json#spectralnorm---27,0.9819742489270387,0.9595238095238097,0.9660079051383399
warmup_results_0_8_linux3_e3_1240___HHVM-default-php.json#spectralnorm---28,0.5870967741935484,0.66,0.6028985507246376
warmup_results_0_8_linux3_e3_1240___HHVM-default-php.json#spectralnorm---29,0.9854838709677419,0.976525821596244,0.9701492537313432
warmup_results_0_8_linux3_e3_1240___HHVM-default-php.json#spectralnorm---3,0.6859574468085107,0.8051612903225807,0.6729411764705882
warmup_results_0_8_linux3_e3_1240___HHVM-default-php.json#spectralnorm---4,0.976525821596244,0.9699481865284975,0.979372197309417
warmup_results_0_8_linux3_e3_1240___HHVM-default-php.json#spectralnorm---5,0.4714666666666667,0.4457142857142857,0.5135802469135803
warmup_results_0_8_linux3_e3_1240___HHVM-default-php.json#spectralnorm---6,0.5618390804597702,0.5747368421052631,0.5608988764044944
warmup_results_0_8_linux3_e3_1240___HHVM-default-php.json#spectralnorm---7,0.616949152542373,0.5455737704918032,0.5794285714285714
warmup_results_0_8_linux3_e3_1240___HHVM-default-php.json#spectralnorm---8,0.9865612648221344,0.9865612648221344,0.9895522388059702
warmup_results_0_8_linux3_e3_1240___HHVM-default-php.json#spectralnorm---9,0.5066666666666666,0.5298113207547169,0.5261176470588235
warmup_results_0_8_linux3_e3_1240___Hotspot-default-java.json#binarytrees---0,0.9217935349322209,0.9672050905531082,0.9508454581203304
warmup_results_0_8_linux3_e3_1240___Hotspot-default-java.json#binarytrees---1,0.9958960328317373,0.9852941176470588,0.9508454581203304
warmup_results_0_8_linux3_e3_1240___Hotspot-default-java.json#binarytrees---10,0.9948670088660756,0.9963931469792606,0.9602859412231931
warmup_results_0_8_linux3_e3_1240___Hotspot-default-java.json#binarytrees---11,0.9575070821529745,0.9958960328317373,0.9499602859412232
warmup_results_0_8_linux3_e3_1240___Hotspot-default-java.json#binarytrees---12,0.9452569995821145,0.9987195902688861,0.9508454581203304
warmup_results_0_8_linux3_e3_1240___Hotspot-default-java.json#binarytrees---13,0.4636144578313253,0.5379310344827586,0.5252525252525253
warmup_results_0_8_linux3_e3_1240___Hotspot-default-java.json#binarytrees---14,0.5269333333333333,0.5733333333333333,0.5252525252525253
warmup_results_0_8_linux3_e3_1240___Hotspot-default-java.json#binarytrees---15,0.5257142857142859,0.670967741935484,0.5714285714285715
warmup_results_0_8_linux3_e3_1240___Hotspot-default-java.json#binarytrees---16,0.9932301740812379,0.9751417357174008,0.9508454581203304
warmup_results_0_8_linux3_e3_1240___Hotspot-default-java.json#binarytrees---17,0.9948670088660756,0.9813664596273294,0.9508454581203304
warmup_results_0_8_linux3_e3_1240___Hotspot-default-java.json#binarytrees---19,0.967741935483871,0.9973544973544973,0.9699157641395909
warmup_results_0_8_linux3_e3_1240___Hotspot-default-java.json#binarytrees---2,0.7531034482758621,0.784561403508772,0.5473684210526315
warmup_results_0_8_linux3_e3_1240___Hotspot-default-java.json#binarytrees---20,0.9846708746618575,0.9932301740812379,0.9508454581203304
warmup_results_0_8_linux3_e3_1240___Hotspot-default-java.json#binarytrees---21,0.7703703703703705,0.52,0.5252525252525253
warmup_results_0_8_linux3_e3_1240___Hotspot-default-java.json#binarytrees---22,0.9978194505015263,0.9958960328317373,0.9594865623746491
warmup_results_0_8_linux3_e3_1240___Hotspot-default-java.json#binarytrees---23,0.4853333333333334,0.6990163934426229,0.553191489361702
warmup_results_0_8_linux3_e3_1240___Hotspot-default-java.json#binarytrees---25,0.48608695652173917,0.9721739130434782,0.5416666666666667
warmup_results_0_8_linux3_e3_1240___Hotspot-default-java.json#binarytrees---26,0.960328317373461,0.9948670088660756,0.9508454581203304
warmup_results_0_8_linux3_e3_1240___Hotspot-default-java.json#binarytrees---27,0.5762162162162162,0.5105454545454546,0.5093877551020408
warmup_results_0_8_linux3_e3_1240___Hotspot-default-java.json#binarytrees---28,0.9442567567567568,0.974426807760141,0.9508454581203304
warmup_results_0_8_linux3_e3_1240___Hotspot-default-java.json#binarytrees---29,0.9421915444348576,0.9973544973544973,0.9508454581203304
warmup_results_0_8_linux3_e3_1240___Hotspot-default-java.json#binarytrees---3,0.9943342776203966,0.9920713577799802,0.9508454581203304
warmup_results_0_8_linux3_e3_1240___Hotspot-default-java.json#binarytrees---4,0.5144086021505376,0.6674626865671642,0.52
warmup_results_0_8_linux3_e3_1240___Hotspot-default-java.json#binarytrees---6,0.4837209302325581,0.5264197530864199,0.5416666666666667
warmup_results_0_8_linux3_e3_1240___Hotspot-default-java.json#binarytrees---7,0.9575447570332482,0.9699481865284975,0.8648648648648649
warmup_results_0_8_linux3_e3_1240___Hotspot-default-java.json#binarytrees---8,0.4571428571428572,0.5138823529411765,0.52
warmup_results_0_8_linux3_e3_1240___Hotspot-default-java.json#binarytrees---9,0.47392405063291143,0.5513253012048193,0.5416666666666667
warmup_results_0_8_linux3_e3_1240___Hotspot-default-java.json#fannkuch_redux---0,0.5834146341463415,0.6066666666666667,0.5333333333333334
warmup_results_0_8_linux3_e3_1240___Hotspot-default-java.json#fannkuch_redux---1,0.6455172413793103,0.5352941176470588,0.5977011494252874
warmup_results_0_8_linux3_e3_1240___Hotspot-default-java.json#fannkuch_redux---10,0.6716666666666666,0.9333333333333332,0.753623188405797
warmup_results_0_8_linux3_e3_1240___Hotspot-default-java.json#fannkuch_redux---11,0.56,0.8272727272727274,0.563855421686747
warmup_results_0_8_linux3_e3_1240___Hotspot-default-java.json#fannkuch_redux---12,0.6324324324324325,0.7234782608695653,0.7222222222222223
warmup_results_0_8_linux3_e3_1240___Hotspot-default-java.json#fannkuch_redux---13,0.6091428571428571,0.5859154929577465,0.5909090909090909
warmup_results_0_8_linux3_e3_1240___Hotspot-default-java.json#fannkuch_redux---14,0.06933333333333333,0.5599999999999999,0.5909090909090909
warmup_results_0_8_linux3_e3_1240___Hotspot-default-java.json#fannkuch_redux---15,0.6933333333333334,0.6385964912280702,0.5909090909090909
warmup_results_0_8_linux3_e3_1240___Hotspot-default-java.json#fannkuch_redux---16,0.3661971830985916,0.5703225806451613,0.5591397849462367
warmup_results_0_8_linux3_e3_1240___Hotspot-default-java.json#fannkuch_redux---17,0.6517333333333333,0.704516129032258,0.5909090909090909
warmup_results_0_8_linux3_e3_1240___Hotspot-default-java.json#fannkuch_redux---18,0.9890393294648614,0.9864498644986449,0.9624876604146101
warmup_results_0_8_linux3_e3_1240___Hotspot-default-java.json#fannkuch_redux---19,0.6211111111111112,0.63375,0.5909090909090909
warmup_results_0_8_linux3_e3_1240___Hotspot-default-java.json#fannkuch_redux---2,0.9927272727272728,0.9957446808510638,0.981132075471698
warmup_results_0_8_linux3_e3_1240___Hotspot-default-java.json#fannkuch_redux---20,0.8735999999999999,0.9211428571428573,0.5909090909090909
warmup_results_0_8_linux3_e3_1240___Hotspot-default-java.json#fannkuch_redux---21,0.9986282578875173,0.9955817378497791,1.0
warmup_results_0_8_linux3_e3_1240___Hotspot-default-java.json#fannkuch_redux---22,0.9767671774592191,0.9804469273743017,0.9892984542211654
warmup_results_0_8_linux3_e3_1240___Hotspot-default-java.json#fannkuch_redux---23,0.8108474576271186,0.663448275862069,0.6980821917808219
warmup_results_0_8_linux3_e3_1240___Hotspot-default-java.json#fannkuch_redux---24,0.6330434782608696,0.5811764705882354,0.5909090909090909
warmup_results_0_8_linux3_e3_1240___Hotspot-default-java.json#fannkuch_redux---25,0.9916279069767442,0.9852631578947368,0.9984
warmup_results_0_8_linux3_e3_1240___Hotspot-default-java.json#fannkuch_redux---26,0.5258426966292136,0.5790909090909092,0.514851485148515
warmup_results_0_8_linux3_e3_1240___Hotspot-default-java.json#fannkuch_redux---27,0.5413698630136986,0.6126027397260274,0.5909090909090909
warmup_results_0_8_linux3_e3_1240___Hotspot-default-java.json#fannkuch_redux---28,0.5481081081081081,0.5055555555555555,0.5977011494252874
warmup_results_0_8_linux3_e3_1240___Hotspot-default-java.json#fannkuch_redux---29,0.6291358024691358,0.5777777777777778,0.5416666666666667
warmup_results_0_8_linux3_e3_1240___Hotspot-default-java.json#fannkuch_redux---3,0.9782923299565848,0.9830960854092525,0.9902837155071902
warmup_results_0_8_linux3_e3_1240___Hotspot-default-java.json#fannkuch_redux---4,0.9925512104283054,0.9797456429580783,0.9902837155071902
warmup_results_0_8_linux3_e3_1240___Hotspot-default-java.json#fannkuch_redux---5,0.7380645161290322,0.6768253968253968,0.5909090909090909
warmup_results_0_8_linux3_e3_1240___Hotspot-default-java.json#fannkuch_redux---6,0.5777777777777778,0.5537662337662337,0.5909090909090909
warmup_results_0_8_linux3_e3_1240___Hotspot-default-java.json#fannkuch_redux---7,0.9818016378525933,0.9811320754716982,0.9902837155071902
warmup_results_0_8_linux3_e3_1240___Hotspot-default-java.json#fannkuch_redux---8,0.6825,0.7242857142857144,0.6933333333333332
warmup_results_0_8_linux3_e3_1240___Hotspot-default-java.json#fannkuch_redux---9,0.9833147942157953,0.988988988988989,0.9987868985038417
warmup_results_0_8_linux3_e3_1240___Hotspot-default-java.json#fasta---0,0.5842696629213483,0.11555555555555558,0.553191489361702
warmup_results_0_8_linux3_e3_1240___Hotspot-default-java.json#fasta---1,0.5777777777777778,0.1642105263157895,0.553191489361702
warmup_results_0_8_linux3_e3_1240___Hotspot-default-java.json#fasta---10,0.5909090909090909,0.11555555555555558,0.5591397849462367
warmup_results_0_8_linux3_e3_1240___Hotspot-default-java.json#fasta---11,0.9866321690383785,0.7258883248730964,0.9872013651877134
warmup_results_0_8_linux3_e3_1240___Hotspot-default-java.json#fasta---12,0.5842696629213483,0.1642105263157895,0.5652173913043479
warmup_results_0_8_linux3_e3_1240___Hotspot-default-java.json#fasta---13,0.9860505666957281,0.6802325581395349,0.9898744430943701
warmup_results_0_8_linux3_e3_1240___Hotspot-default-java.json#fasta---14,0.9860505666957281,0.7046070460704607,0.9877585479105109
warmup_results_0_8_linux3_e3_1240___Hotspot-default-java.json#fasta---15,0.5804651162790698,0.0,0.5042424242424243
warmup_results_0_8_linux3_e3_1240___Hotspot-default-java.json#fasta---16,0.9866321690383785,0.6802325581395349,0.9898744430943701
warmup_results_0_8_linux3_e3_1240___Hotspot-default-java.json#fasta---18,0.5977011494252874,0.11555555555555558,0.5714285714285715
warmup_results_0_8_linux3_e3_1240___Hotspot-default-java.json#fasta---19,0.5842696629213483,0.12235294117647058,0.553191489361702
warmup_results_0_8_linux3_e3_1240___Hotspot-default-java.json#fasta---2,0.9860505666957281,0.6802325581395349,0.9877585479105109
warmup_results_0_8_linux3_e3_1240___Hotspot-default-java.json#fasta---20,0.9860505666957281,0.6802325581395349,0.9898744430943701
warmup_results_0_8_linux3_e3_1240___Hotspot-default-java.json#fasta---21,0.9854561480828559,0.7612612612612613,0.9883040935672515
warmup_results_0_8_linux3_e3_1240___Hotspot-default-java.json#fasta---22,0.9860505666957281,0.7258883248730964,0.9893617021276596
warmup_results_0_8_linux3_e3_1240___Hotspot-default-java.json#fasta---23,0.5909090909090909,0.1642105263157895,0.5591397849462367
warmup_results_0_8_linux3_e3_1240___Hotspot-default-java.json#fasta---24,0.9860505666957281,0.6802325581395349,0.9893617021276596
warmup_results_0_8_linux3_e3_1240___Hotspot-default-java.json#fasta---25,0.5909090909090909,0.11555555555555558,0.5714285714285715
warmup_results_0_8_linux3_e3_1240___Hotspot-default-java.json#fasta---26,0.5872941176470589,0.4237037037037037,0.5591397849462367
warmup_results_0_8_linux3_e3_1240___Hotspot-default-java.json#fasta---27,0.5909090909090909,0.11555555555555558,0.5652173913043479
warmup_results_0_8_linux3_e3_1240___Hotspot-default-java.json#fasta---28,0.9854561480828559,0.6802325581395349,0.9898744430943701
warmup_results_0_8_linux3_e3_1240___Hotspot-default-java.json#fasta---29,0.5909090909090909,0.06117647058823529,0.5591397849462367
warmup_results_0_8_linux3_e3_1240___Hotspot-default-java.json#fasta---3,0.9860505666957281,0.6802325581395349,0.9893617021276596
warmup_results_0_8_linux3_e3_1240___Hotspot-default-java.json#fasta---4,0.9860505666957281,0.6802325581395349,0.9898744430943701
warmup_results_0_8_linux3_e3_1240___Hotspot-default-java.json#fasta---5,0.5804651162790698,0.0,0.5146391752577321
warmup_results_0_8_linux3_e3_1240___Hotspot-default-java.json#fasta---6,0.5842696629213483,0.11555555555555558,0.553191489361702
warmup_results_0_8_linux3_e3_1240___Hotspot-default-java.json#fasta---7,0.5909090909090909,0.11555555555555558,0.5591397849462367
warmup_results_0_8_linux3_e3_1240___Hotspot-default-java.json#fasta---8,0.9883040935672515,0.7258883248730964,0.9893617021276596
warmup_results_0_8_linux3_e3_1240___Hotspot-default-java.json#fasta---9,0.9860505666957281,0.7046070460704607,0.9877585479105109
warmup_results_0_8_linux3_e3_1240___Hotspot-default-java.json#nbody---0,0.987205943045811,0.9707792207792206,0.9902837155071902
warmup_results_0_8_linux3_e3_1240___Hotspot-default-java.json#nbody---1,0.9902837155071902,0.9734789391575662,0.9902837155071902
warmup_results_0_8_linux3_e3_1240___Hotspot-default-java.json#nbody---10,0.9849332759362892,0.9635385534967125,0.9902837155071902
warmup_results_0_8_linux3_e3_1240___Hotspot-default-java.json#nbody---11,0.9866555462885738,0.9623786407766989,0.9902837155071902
warmup_results_0_8_linux3_e3_1240___Hotspot-default-java.json#nbody---12,0.9849332759362892,0.9734789391575662,0.9902837155071902
warmup_results_0_8_linux3_e3_1240___Hotspot-default-java.json#nbody---13,0.985519591141397,0.9775390625000001,0.9902837155071902
warmup_results_0_8_linux3_e3_1240___Hotspot-default-java.json#nbody---14,0.9849332759362892,0.9668192219679634,0.9902837155071902
warmup_results_0_8_linux3_e3_1240___Hotspot-default-java.json#nbody---15,0.9882733522038011,0.9678510998307952,0.9902837155071902
warmup_results_0_8_linux3_e3_1240___Hotspot-default-java.json#nbody---16,0.986093552465234,0.9698299506308283,0.9902837155071902
warmup_results_0_8_linux3_e3_1240___Hotspot-default-java.json#nbody---17,0.986093552465234,0.9546061415220294,0.9902837155071902
warmup_results_0_8_linux3_e3_1240___Hotspot-default-java.json#nbody---18,0.9866555462885738,0.9734789391575662,0.9902837155071902
warmup_results_0_8_linux3_e3_1240___Hotspot-default-java.json#nbody---19,0.985519591141397,0.9395129615082481,0.9902837155071902
warmup_results_0_8_linux3_e3_1240___Hotspot-default-java.json#nbody---2,0.985519591141397,0.9698299506308283,0.9902837155071902
warmup_results_0_8_linux3_e3_1240___Hotspot-default-java.json#nbody---20,0.988791032826261,0.9726027397260273,0.9902837155071902
warmup_results_0_8_linux3_e3_1240___Hotspot-default-java.json#nbody---21,0.9866555462885738,0.9657573998839235,0.9902837155071902
warmup_results_0_8_linux3_e3_1240___Hotspot-default-java.json#nbody---22,0.9837219533655962,0.9759759759759761,0.9902837155071902
warmup_results_0_8_linux3_e3_1240___Hotspot-default-java.json#nbody---23,0.987205943045811,0.9797456429580783,0.9902837155071902
warmup_results_0_8_linux3_e3_1240___Hotspot-default-java.json#nbody---24,0.987205943045811,0.9734789391575662,0.9902837155071902
warmup_results_0_8_linux3_e3_1240___Hotspot-default-java.json#nbody---25,0.9877450980392156,0.9635385534967125,0.9902837155071902
warmup_results_0_8_linux3_e3_1240___Hotspot-default-java.json#nbody---26,0.988791032826261,0.9678510998307952,0.9902837155071902
warmup_results_0_8_linux3_e3_1240___Hotspot-default-java.json#nbody---27,0.986093552465234,0.9531568228105908,0.9902837155071902
warmup_results_0_8_linux3_e3_1240___Hotspot-default-java.json#nbody---28,0.9843342036553526,0.9726027397260273,0.9902837155071902
warmup_results_0_8_linux3_e3_1240___Hotspot-default-java.json#nbody---29,0.987205943045811,0.9573643410852714,0.9902837155071902
warmup_results_0_8_linux3_e3_1240___Hotspot-default-java.json#nbody---3,0.988791032826261,0.9623786407766989,0.9902837155071902
warmup_results_0_8_linux3_e3_1240___Hotspot-default-java.json#nbody---4,0.9897959183673471,0.9726027397260273,0.9902837155071902
warmup_results_0_8_linux3_e3_1240___Hotspot-default-java.json#nbody---5,0.985519591141397,0.9678510998307952,0.9902837155071902
warmup_results_0_8_linux3_e3_1240___Hotspot-default-java.json#nbody---6,0.9877450980392156,0.9759759759759761,0.9902837155071902
warmup_results_0_8_linux3_e3_1240___Hotspot-default-java.json#nbody---7,0.9849332759362892,0.9678510998307952,0.9902837155071902
warmup_results_0_8_linux3_e3_1240___Hotspot-default-java.json#nbody---8,0.9830960854092525,0.9698299506308283,0.9902837155071902
warmup_results_0_8_linux3_e3_1240___Hotspot-default-java.json#nbody---9,0.9877450980392156,0.9707792207792206,0.9902837155071902
warmup_results_0_8_linux3_e3_1240___Hotspot-default-java.json#richards---1,0.6053731343283583,0.5505882352941177,0.5473684210526315
warmup_results_0_8_linux3_e3_1240___Hotspot-default-java.json#richards---10,0.9099999999999999,0.6933333333333334,0.6364179104477612
warmup_results_0_8_linux3_e3_1240___Hotspot-default-java.json#richards---11,0.6990163934426229,0.704,0.5790909090909092
warmup_results_0_8_linux3_e3_1240___Hotspot-default-java.json#richards---12,0.7199999999999999,0.6788888888888889,0.6753246753246753
warmup_results_0_8_linux3_e3_1240___Hotspot-default-java.json#richards---14,0.8051612903225807,0.8633962264150944,0.742857142857143
warmup_results_0_8_linux3_e3_1240___Hotspot-default-java.json#richards---15,0.8757894736842105,0.7962499999999999,0.7999999999999998
warmup_results_0_8_linux3_e3_1240___Hotspot-default-java.json#richards---16,0.9454545454545455,0.672,0.7341176470588237
warmup_results_0_8_linux3_e3_1240___Hotspot-default-java.json#richards---17,0.9729032258064515,0.6618181818181819,0.6753246753246753
warmup_results_0_8_linux3_e3_1240___Hotspot-default-java.json#richards---18,0.7849056603773585,0.7450746268656716,0.6838356164383561
warmup_results_0_8_linux3_e3_1240___Hotspot-default-java.json#richards---19,0.9031578947368423,0.7071999999999999,0.7027027027027027
warmup_results_0_8_linux3_e3_1240___Hotspot-default-java.json#richards---2,0.9244444444444446,0.775593220338983,0.6980821917808219
warmup_results_0_8_linux3_e3_1240___Hotspot-default-java.json#richards---20,0.9736170212765959,0.8146666666666667,0.8965517241379309
warmup_results_0_8_linux3_e3_1240___Hotspot-default-java.json#richards---21,0.7071999999999999,0.7450746268656716,0.6666666666666666
warmup_results_0_8_linux3_e3_1240___Hotspot-default-java.json#richards---22,0.8408510638297871,0.7913043478260869,0.7878787878787878
warmup_results_0_8_linux3_e3_1240___Hotspot-default-java.json#richards---23,0.9244444444444444,0.7563636363636363,0.6794666666666667
warmup_results_0_8_linux3_e3_1240___Hotspot-default-java.json#richards---24,0.9764481222151496,0.9819872167344567,0.998330550918197
warmup_results_0_8_linux3_e3_1240___Hotspot-default-java.json#richards---25,0.9852631578947368,0.9966666666666667,0.8786206896551725
warmup_results_0_8_linux3_e3_1240___Hotspot-default-java.json#richards---26,0.9139393939393938,0.8768627450980392,0.7234782608695652
warmup_results_0_8_linux3_e3_1240___Hotspot-default-java.json#richards---27,0.8706976744186047,0.7896296296296296,0.6666666666666666
warmup_results_0_8_linux3_e3_1240___Hotspot-default-java.json#richards---28,0.9916279069767442,0.9721739130434782,0.7761194029850745
warmup_results_0_8_linux3_e3_1240___Hotspot-default-java.json#richards---29,0.9682758620689655,0.8981818181818182,0.6753246753246753
warmup_results_0_8_linux3_e3_1240___Hotspot-default-java.json#richards---3,0.6385964912280702,0.7450746268656716,0.6842105263157896
warmup_results_0_8_linux3_e3_1240___Hotspot-default-java.json#richards---4,0.8914285714285713,0.9866666666666667,0.8666666666666666
warmup_results_0_8_linux3_e3_1240___Hotspot-default-java.json#richards---5,0.6556521739130435,0.9706666666666667,0.7177464788732395
warmup_results_0_8_linux3_e3_1240___Hotspot-default-java.json#richards---6,0.9837837837837837,0.8392982456140351,0.8354098360655738
warmup_results_0_8_linux3_e3_1240___Hotspot-default-java.json#richards---7,0.7366666666666666,0.6933333333333335,0.6794666666666667
warmup_results_0_8_linux3_e3_1240___Hotspot-default-java.json#richards---8,0.8914285714285713,0.8320000000000001,0.6206451612903225
warmup_results_0_8_linux3_e3_1240___Hotspot-default-java.json#richards---9,0.78,0.9013333333333332,0.7263492063492063
warmup_results_0_8_linux3_e3_1240___Hotspot-default-java.json#spectralnorm---0,0.9374337221633086,0.9400826446280991,0.9571917808219178
warmup_results_0_8_linux3_e3_1240___Hotspot-default-java.json#spectralnorm---1,0.9217603911980442,0.934640522875817,0.9571917808219178
warmup_results_0_8_linux3_e3_1240___Hotspot-default-java.json#spectralnorm---12,0.9374337221633086,0.9374337221633086,0.9605911330049262
warmup_results_0_8_linux3_e3_1240___Hotspot-default-java.json#spectralnorm---13,0.9494382022471911,0.9400826446280991,0.9371332774518021
warmup_results_0_8_linux3_e3_1240___Hotspot-default-java.json#spectralnorm---14,0.9425981873111782,0.9374337221633086,0.9203539823008852
warmup_results_0_8_linux3_e3_1240___Hotspot-default-java.json#spectralnorm---16,0.9400826446280991,0.9400826446280991,0.8785197103781174
warmup_results_0_8_linux3_e3_1240___Hotspot-default-java.json#spectralnorm---18,0.9400826446280991,0.9449901768172888,0.9153394803017603
warmup_results_0_8_linux3_e3_1240___Hotspot-default-java.json#spectralnorm---2,0.9418221734357849,0.8873720136518771,0.9207419898819561
warmup_results_0_8_linux3_e3_1240___Hotspot-default-java.json#spectralnorm---20,0.9400826446280991,0.9285714285714287,0.9371332774518021
warmup_results_0_8_linux3_e3_1240___Hotspot-default-java.json#spectralnorm---22,0.9374337221633086,0.8895800933125971,0.8785197103781174
warmup_results_0_8_linux3_e3_1240___Hotspot-default-java.json#spectralnorm---23,0.9449901768172888,0.9004329004329003,0.9203539823008852
warmup_results_0_8_linux3_e3_1240___Hotspot-default-java.json#spectralnorm---24,0.8939828080229227,0.9198113207547169,0.951219512195122
warmup_results_0_8_linux3_e3_1240___Hotspot-default-java.json#spectralnorm---25,0.9425981873111782,0.9515096065873743,0.9178981937602628
warmup_results_0_8_linux3_e3_1240___Hotspot-default-java.json#spectralnorm---26,0.9472674976030682,0.9449901768172888,0.9203539823008852
warmup_results_0_8_linux3_e3_1240___Hotspot-default-java.json#spectralnorm---27,0.9449901768172888,0.9252669039145909,0.9371332774518021
warmup_results_0_8_linux3_e3_1240___Hotspot-default-java.json#spectralnorm---28,0.9553805774278216,0.9425981873111782,0.8994368463395013
warmup_results_0_8_linux3_e3_1240___Hotspot-default-java.json#spectralnorm---29,0.9494382022471911,0.9252669039145909,0.9571917808219178
warmup_results_0_8_linux3_e3_1240___Hotspot-default-java.json#spectralnorm---4,0.9425981873111782,0.9425981873111782,0.8785197103781174
warmup_results_0_8_linux3_e3_1240___Hotspot-default-java.json#spectralnorm---6,0.9425981873111782,0.9425981873111782,0.9249806651198763
warmup_results_0_8_linux3_e3_1240___Hotspot-default-java.json#spectralnorm---8,0.9449901768172888,0.918032786885246,0.9349315068493151
warmup_results_0_8_linux3_e3_1240___JRubyTruffle-default-ruby.json#binarytrees---0,0.6126027397260274,0.6291358024691358,0.5842696629213483
warmup_results_0_8_linux3_e3_1240___JRubyTruffle-default-ruby.json#binarytrees---1,0.7605970149253731,0.6886486486486486,0.6046511627906977
warmup_results_0_8_linux3_e3_1240___JRubyTruffle-default-ruby.json#binarytrees---10,0.656842105263158,0.6618181818181819,0.6046511627906977
warmup_results_0_8_linux3_e3_1240___JRubyTruffle-default-ruby.json#binarytrees---11,0.6152112676056338,0.6348051948051948,0.5909090909090909
warmup_results_0_8_linux3_e3_1240___JRubyTruffle-default-ruby.json#binarytrees---12,0.6270588235294118,0.0,0.6265060240963854
warmup_results_0_8_linux3_e3_1240___JRubyTruffle-default-ruby.json#binarytrees---13,0.6750877192982455,0.7962499999999999,0.5977011494252874
warmup_results_0_8_linux3_e3_1240___JRubyTruffle-default-ruby.json#binarytrees---14,0.656842105263158,0.7030985915492957,0.6046511627906977
warmup_results_0_8_linux3_e3_1240___JRubyTruffle-default-ruby.json#binarytrees---15,0.6464864864864864,0.6842105263157896,0.5977011494252874
warmup_results_0_8_linux3_e3_1240___JRubyTruffle-default-ruby.json#binarytrees---16,0.6753246753246753,0.6500000000000001,0.5777777777777778
warmup_results_0_8_linux3_e3_1240___JRubyTruffle-default-ruby.json#binarytrees---17,0.6834285714285715,0.7323943661971832,0.5977011494252874
warmup_results_0_8_linux3_e3_1240___JRubyTruffle-default-ruby.json#binarytrees---18,0.6464864864864864,0.6179710144927536,0.5909090909090909
warmup_results_0_8_linux3_e3_1240___JRubyTruffle-default-ruby.json#binarytrees---19,0.5645714285714286,0.6980821917808219,0.5909090909090909
warmup_results_0_8_linux3_e3_1240___JRubyTruffle-default-ruby.json#binarytrees---2,0.0,0.0,0.5842696629213483
warmup_results_0_8_linux3_e3_1240___JRubyTruffle-default-ruby.json#binarytrees---20,0.656,0.704,0.6190476190476191
warmup_results_0_8_linux3_e3_1240___JRubyTruffle-default-ruby.json#binarytrees---21,0.7260377358490565,0.7177464788732395,0.5857471264367816
warmup_results_0_8_linux3_e3_1240___JRubyTruffle-default-ruby.json#binarytrees---22,0.5816949152542373,0.6591549295774649,0.5909090909090909
warmup_results_0_8_linux3_e3_1240___JRubyTruffle-default-ruby.json#binarytrees---23,0.7115789473684211,0.7716129032258064,0.6190476190476191
warmup_results_0_8_linux3_e3_1240___JRubyTruffle-default-ruby.json#binarytrees---24,0.6884507042253522,0.6355555555555557,0.6190476190476191
warmup_results_0_8_linux3_e3_1240___JRubyTruffle-default-ruby.json#binarytrees---25,0.646060606060606,0.7030985915492957,0.6046511627906977
warmup_results_0_8_linux3_e3_1240___JRubyTruffle-default-ruby.json#binarytrees---26,0.5585185185185185,0.065,0.5909090909090909
warmup_results_0_8_linux3_e3_1240___JRubyTruffle-default-ruby.json#binarytrees---27,0.7077777777777777,0.6605405405405406,0.6341463414634148
warmup_results_0_8_linux3_e3_1240___JRubyTruffle-default-ruby.json#binarytrees---28,0.5980000000000001,0.5725842696629214,0.5473684210526315
warmup_results_0_8_linux3_e3_1240___JRubyTruffle-default-ruby.json#binarytrees---29,0.7889655172413793,0.7177464788732395,0.6046511627906977
warmup_results_0_8_linux3_e3_1240___JRubyTruffle-default-ruby.json#binarytrees---3,0.6982857142857143,0.6666666666666666,0.5714285714285715
warmup_results_0_8_linux3_e3_1240___JRubyTruffle-default-ruby.json#binarytrees---4,0.62,0.7494117647058823,0.6265060240963854
warmup_results_0_8_linux3_e3_1240___JRubyTruffle-default-ruby.json#binarytrees---5,0.728,0.7077777777777777,0.6190476190476191
warmup_results_0_8_linux3_e3_1240___JRubyTruffle-default-ruby.json#binarytrees---6,0.6705263157894737,0.6162962962962962,0.5909090909090909
warmup_results_0_8_linux3_e3_1240___JRubyTruffle-default-ruby.json#binarytrees---7,0.6745945945945946,0.6884507042253522,0.5977011494252874
warmup_results_0_8_linux3_e3_1240___JRubyTruffle-default-ruby.json#binarytrees---8,0.6273015873015875,0.6933333333333334,0.5714285714285715
warmup_results_0_8_linux3_e3_1240___JRubyTruffle-default-ruby.json#binarytrees---9,0.5473684210526316,0.47438596491228074,0.6046511627906977
warmup_results_0_8_linux3_e3_1240___JRubyTruffle-default-ruby.json#fannkuch_redux---0,0.5922222222222222,0.6174999999999999,0.5790909090909092
warmup_results_0_8_linux3_e3_1240___JRubyTruffle-default-ruby.json#fannkuch_redux---1,0.703529411764706,0.7057142857142857,0.6265060240963854
warmup_results_0_8_linux3_e3_1240___JRubyTruffle-default-ruby.json#fannkuch_redux---10,0.6279245283018868,0.4973913043478261,0.5857471264367816
warmup_results_0_8_linux3_e3_1240___JRubyTruffle-default-ruby.json#fannkuch_redux---11,0.58,0.7050847457627117,0.5608988764044944
warmup_results_0_8_linux3_e3_1240___JRubyTruffle-default-ruby.json#fannkuch_redux---12,0.3976470588235294,0.5447619047619048,0.5819047619047619
warmup_results_0_8_linux3_e3_1240___JRubyTruffle-default-ruby.json#fannkuch_redux---13,0.6083018867924528,0.5777777777777778,0.5942857142857143
warmup_results_0_8_linux3_e3_1240___JRubyTruffle-default-ruby.json#fannkuch_redux---14,0.7563636363636365,0.7676190476190476,0.5737931034482759
warmup_results_0_8_linux3_e3_1240___JRubyTruffle-default-ruby.json#fannkuch_redux---15,0.5980000000000001,0.715,0.5977011494252874
warmup_results_0_8_linux3_e3_1240___JRubyTruffle-default-ruby.json#fannkuch_redux---16,0.6145454545454546,0.7460869565217391,0.5995294117647059
warmup_results_0_8_linux3_e3_1240___JRubyTruffle-default-ruby.json#fannkuch_redux---17,0.42162162162162165,0.728,0.5925581395348837
warmup_results_0_8_linux3_e3_1240___JRubyTruffle-default-ruby.json#fannkuch_redux---18,0.5199999999999999,0.6288372093023257,0.5909090909090909
warmup_results_0_8_linux3_e3_1240___JRubyTruffle-default-ruby.json#fannkuch_redux---19,0.6162962962962963,0.6685714285714286,0.5842696629213483
warmup_results_0_8_linux3_e3_1240___JRubyTruffle-default-ruby.json#fannkuch_redux---2,0.4588235294117648,0.6303030303030304,0.5539130434782609
warmup_results_0_8_linux3_e3_1240___JRubyTruffle-default-ruby.json#fannkuch_redux---20,0.4412121212121212,0.6314285714285716,0.5909090909090909
warmup_results_0_8_linux3_e3_1240___JRubyTruffle-default-ruby.json#fannkuch_redux---21,0.7563636363636363,0.72,0.5925581395348837
warmup_results_0_8_linux3_e3_1240___JRubyTruffle-default-ruby.json#fannkuch_redux---22,0.6133333333333333,0.7255813953488371,0.5842696629213483
warmup_results_0_8_linux3_e3_1240___JRubyTruffle-default-ruby.json#fannkuch_redux---23,0.646060606060606,0.5348571428571428,0.5942857142857143
warmup_results_0_8_linux3_e3_1240___JRubyTruffle-default-ruby.json#fannkuch_redux---24,0.6066666666666667,0.7696000000000001,0.6046511627906977
warmup_results_0_8_linux3_e3_1240___JRubyTruffle-default-ruby.json#fannkuch_redux---25,0.6750877192982455,0.7090909090909091,0.5906172839506173
warmup_results_0_8_linux3_e3_1240___JRubyTruffle-default-ruby.json#fannkuch_redux---26,0.6729411764705882,0.4622222222222223,0.5925581395348837
warmup_results_0_8_linux3_e3_1240___JRubyTruffle-default-ruby.json#fannkuch_redux---27,0.5348571428571428,0.5408,0.6046511627906977
warmup_results_0_8_linux3_e3_1240___JRubyTruffle-default-ruby.json#fannkuch_redux---28,0.6303030303030304,0.5408,0.5763855421686747
warmup_results_0_8_linux3_e3_1240___JRubyTruffle-default-ruby.json#fannkuch_redux---29,0.39619047619047615,0.6933333333333334,0.5909090909090909
warmup_results_0_8_linux3_e3_1240___JRubyTruffle-default-ruby.json#fannkuch_redux---3,0.6933333333333334,0.8022857142857143,0.5819047619047619
warmup_results_0_8_linux3_e3_1240___JRubyTruffle-default-ruby.json#fannkuch_redux---5,0.6933333333333334,0.9324137931034482,0.5737931034482759
warmup_results_0_8_linux3_e3_1240___JRubyTruffle-default-ruby.json#fannkuch_redux---6,0.4622222222222223,0.3466666666666666,0.5562790697674419
warmup_results_0_8_linux3_e3_1240___JRubyTruffle-default-ruby.json#fannkuch_redux---7,0.672,0.6702222222222222,0.6265060240963854
warmup_results_0_8_linux3_e3_1240___JRubyTruffle-default-ruby.json#fannkuch_redux---8,0.7460869565217391,0.7318518518518518,0.5842696629213483
warmup_results_0_8_linux3_e3_1240___JRubyTruffle-default-ruby.json#fannkuch_redux---9,0.5525000000000001,0.3309090909090909,0.563855421686747
warmup_results_0_8_linux3_e3_1240___JRubyTruffle-default-ruby.json#nbody---0,0.0,0.0,0.5790909090909092
warmup_results_0_8_linux3_e3_1240___JRubyTruffle-default-ruby.json#nbody---1,0.0,0.0,0.5925581395348837
warmup_results_0_8_linux3_e3_1240___JRubyTruffle-default-ruby.json#nbody---10,0.0,0.0,0.5977011494252874
warmup_results_0_8_linux3_e3_1240___JRubyTruffle-default-ruby.json#nbody---11,0.0,0.0,0.5375280898876404
warmup_results_0_8_linux3_e3_1240___JRubyTruffle-default-ruby.json#nbody---12,0.0,0.0,0.5777777777777778
warmup_results_0_8_linux3_e3_1240___JRubyTruffle-default-ruby.json#nbody---13,0.0,0.0,0.5909090909090909
warmup_results_0_8_linux3_e3_1240___JRubyTruffle-default-ruby.json#nbody---14,0.0,0.0,0.5777777777777778
warmup_results_0_8_linux3_e3_1240___JRubyTruffle-default-ruby.json#nbody---15,0.0,0.0,0.5790909090909092
warmup_results_0_8_linux3_e3_1240___JRubyTruffle-default-ruby.json#nbody---16,0.0,0.0,0.56
warmup_results_0_8_linux3_e3_1240___JRubyTruffle-default-ruby.json#nbody---17,0.0,0.0,0.5977011494252874
warmup_results_0_8_linux3_e3_1240___JRubyTruffle-default-ruby.json#nbody---18,0.0,0.0,0.5672727272727274
warmup_results_0_8_linux3_e3_1240___JRubyTruffle-default-ruby.json#nbody---19,0.0,0.0,0.5872941176470589
warmup_results_0_8_linux3_e3_1240___JRubyTruffle-default-ruby.json#nbody---2,0.0,0.0,0.5539130434782609
warmup_results_0_8_linux3_e3_1240___JRubyTruffle-default-ruby.json#nbody---20,0.0,0.0,0.5925581395348837
warmup_results_0_8_linux3_e3_1240___JRubyTruffle-default-ruby.json#nbody---21,0.0,0.0,0.5804651162790698
warmup_results_0_8_linux3_e3_1240___JRubyTruffle-default-ruby.json#nbody---22,0.0,0.0,0.5804651162790698
warmup_results_0_8_linux3_e3_1240___JRubyTruffle-default-ruby.json#nbody---23,0.0,0.0,0.5790909090909092
warmup_results_0_8_linux3_e3_1240___JRubyTruffle-default-ruby.json#nbody---24,0.0,0.0,0.5977011494252874
warmup_results_0_8_linux3_e3_1240___JRubyTruffle-default-ruby.json#nbody---25,0.0,0.0,0.5842696629213483
warmup_results_0_8_linux3_e3_1240___JRubyTruffle-default-ruby.json#nbody---26,0.0,0.0,0.5737931034482759
warmup_results_0_8_linux3_e3_1240___JRubyTruffle-default-ruby.json#nbody---27,0.0,0.0,0.5872941176470589
warmup_results_0_8_linux3_e3_1240___JRubyTruffle-default-ruby.json#nbody---28,0.0,0.0,0.56
warmup_results_0_8_linux3_e3_1240___JRubyTruffle-default-ruby.json#nbody---29,0.0,0.0,0.5777777777777778
warmup_results_0_8_linux3_e3_1240___JRubyTruffle-default-ruby.json#nbody---3,0.0,0.0,0.5872941176470589
warmup_results_0_8_linux3_e3_1240___JRubyTruffle-default-ruby.json#nbody---4,0.0,0.0,0.5652173913043479
warmup_results_0_8_linux3_e3_1240___JRubyTruffle-default-ruby.json#nbody---5,0.0,0.0,0.5909090909090909
warmup_results_0_8_linux3_e3_1240___JRubyTruffle-default-ruby.json#nbody---6,0.02666666666666667,0.0,0.5750588235294117
warmup_results_0_8_linux3_e3_1240___JRubyTruffle-default-ruby.json#nbody---7,0.0,0.0,0.5857471264367816
warmup_results_0_8_linux3_e3_1240___JRubyTruffle-default-ruby.json#nbody---8,0.0,0.0,0.5492134831460674
warmup_results_0_8_linux3_e3_1240___JRubyTruffle-default-ruby.json#nbody---9,0.0,0.0,0.5909090909090909
warmup_results_0_8_linux3_e3_1240___JRubyTruffle-default-ruby.json#richards---0,0.9043478260869565,0.6753246753246753,0.5842696629213483
warmup_results_0_8_linux3_e3_1240___JRubyTruffle-default-ruby.json#richards---1,0.6471111111111113,0.6266666666666666,0.5714285714285715
warmup_results_0_8_linux3_e3_1240___JRubyTruffle-default-ruby.json#richards---10,0.7889655172413793,0.7098412698412699,0.5842696629213483
warmup_results_0_8_linux3_e3_1240___JRubyTruffle-default-ruby.json#richards---11,0.704516129032258,0.6582278481012658,0.5977011494252874
warmup_results_0_8_linux3_e3_1240___JRubyTruffle-default-ruby.json#richards---12,0.72,0.6753246753246753,0.5777777777777778
warmup_results_0_8_linux3_e3_1240___JRubyTruffle-default-ruby.json#richards---13,0.7385507246376811,0.6077922077922078,0.5977011494252874
warmup_results_0_8_linux3_e3_1240___JRubyTruffle-default-ruby.json#richards---14,0.6745945945945946,0.6500000000000001,0.6046511627906977
warmup_results_0_8_linux3_e3_1240___JRubyTruffle-default-ruby.json#richards---15,0.78,0.6419753086419754,0.5714285714285715
warmup_results_0_8_linux3_e3_1240___JRubyTruffle-default-ruby.json#richards---16,0.5737931034482757,0.6265060240963854,0.5909090909090909
warmup_results_0_8_linux3_e3_1240___JRubyTruffle-default-ruby.json#richards---17,0.7511111111111111,0.6206451612903225,0.611764705882353
warmup_results_0_8_linux3_e3_1240___JRubyTruffle-default-ruby.json#richards---18,0.5505882352941176,0.6046511627906977,0.5842696629213483
warmup_results_0_8_linux3_e3_1240___JRubyTruffle-default-ruby.json#richards---19,0.78,0.5866666666666668,0.5777777777777778
warmup_results_0_8_linux3_e3_1240___JRubyTruffle-default-ruby.json#richards---2,0.7027027027027027,0.6190476190476191,0.5777777777777778
warmup_results_0_8_linux3_e3_1240___JRubyTruffle-default-ruby.json#richards---20,0.5777777777777778,0.5889156626506025,0.5909090909090909
warmup_results_0_8_linux3_e3_1240___JRubyTruffle-default-ruby.json#richards---21,0.4727272727272728,0.6265060240963854,0.5977011494252874
warmup_results_0_8_linux3_e3_1240___JRubyTruffle-default-ruby.json#richards---22,0.5811764705882354,0.6582278481012658,0.5995294117647059
warmup_results_0_8_linux3_e3_1240___JRubyTruffle-default-ruby.json#richards---23,0.7428571428571429,0.5922222222222222,0.5725842696629214
warmup_results_0_8_linux3_e3_1240___JRubyTruffle-default-ruby.json#richards---24,0.6537142857142857,0.5884210526315788,0.5842696629213483
warmup_results_0_8_linux3_e3_1240___JRubyTruffle-default-ruby.json#richards---25,0.6240000000000001,0.6933333333333332,0.5909090909090909
warmup_results_0_8_linux3_e3_1240___JRubyTruffle-default-ruby.json#richards---26,0.503225806451613,0.5733333333333333,0.5649382716049383
warmup_results_0_8_linux3_e3_1240___JRubyTruffle-default-ruby.json#richards---27,0.7799999999999999,0.6291358024691358,0.6046511627906977
warmup_results_0_8_linux3_e3_1240___JRubyTruffle-default-ruby.json#richards---28,0.44000000000000006,0.6500000000000001,0.5842696629213483
warmup_results_0_8_linux3_e3_1240___JRubyTruffle-default-ruby.json#richards---29,0.6656,0.6266666666666666,0.5977011494252874
warmup_results_0_8_linux3_e3_1240___JRubyTruffle-default-ruby.json#richards---3,0.78,0.6500000000000001,0.5909090909090909
warmup_results_0_8_linux3_e3_1240___JRubyTruffle-default-ruby.json#richards---4,0.7696000000000001,0.5866666666666668,0.5804651162790698
warmup_results_0_8_linux3_e3_1240___JRubyTruffle-default-ruby.json#richards---5,0.7589189189189189,0.637,0.5777777777777778
warmup_results_0_8_linux3_e3_1240___JRubyTruffle-default-ruby.json#richards---6,0.7652830188679245,0.6139759036144578,0.5714285714285715
warmup_results_0_8_linux3_e3_1240___JRubyTruffle-default-ruby.json#richards---7,0.78,0.6618181818181817,0.5441860465116279
warmup_results_0_8_linux3_e3_1240___JRubyTruffle-default-ruby.json#richards---8,0.7626666666666666,0.6753246753246753,0.611764705882353
warmup_results_0_8_linux3_e3_1240___JRubyTruffle-default-ruby.json#richards---9,0.25422222222222224,0.6046511627906977,0.5790909090909092
warmup_results_0_8_linux3_e3_1240___JRubyTruffle-default-ruby.json#spectralnorm---0,0.6842105263157896,0.624,0.6046511627906977
warmup_results_0_8_linux3_e3_1240___JRubyTruffle-default-ruby.json#spectralnorm---1,0.5367741935483871,0.8533333333333334,0.5747368421052631
warmup_results_0_8_linux3_e3_1240___JRubyTruffle-default-ruby.json#spectralnorm---10,0.703529411764706,0.7090909090909091,0.6066666666666666
warmup_results_0_8_linux3_e3_1240___JRubyTruffle-default-ruby.json#spectralnorm---11,0.5571428571428572,0.29714285714285715,0.6341463414634148
warmup_results_0_8_linux3_e3_1240___JRubyTruffle-default-ruby.json#spectralnorm---12,0.5942857142857142,0.7531034482758621,0.64
warmup_results_0_8_linux3_e3_1240___JRubyTruffle-default-ruby.json#spectralnorm---13,0.7027027027027027,0.7936842105263158,0.6341463414634148
warmup_results_0_8_linux3_e3_1240___JRubyTruffle-default-ruby.json#spectralnorm---14,0.7327272727272728,0.6455172413793103,0.6291358024691358
warmup_results_0_8_linux3_e3_1240___JRubyTruffle-default-ruby.json#spectralnorm---15,0.08914285714285715,0.6240000000000001,0.5983561643835617
warmup_results_0_8_linux3_e3_1240___JRubyTruffle-default-ruby.json#spectralnorm---16,0.5850000000000002,0.208,0.6190476190476191
warmup_results_0_8_linux3_e3_1240___JRubyTruffle-default-ruby.json#spectralnorm---17,0.35454545454545455,0.36903225806451617,0.6055696202531647
warmup_results_0_8_linux3_e3_1240___JRubyTruffle-default-ruby.json#spectralnorm---18,0.5093877551020408,0.21894736842105264,0.6190476190476191
warmup_results_0_8_linux3_e3_1240___JRubyTruffle-default-ruby.json#spectralnorm---19,0.6933333333333334,0.7302127659574469,0.6066666666666666
warmup_results_0_8_linux3_e3_1240___JRubyTruffle-default-ruby.json#spectralnorm---2,0.7084057971014492,0.7863414634146341,0.6265060240963854
warmup_results_0_8_linux3_e3_1240___JRubyTruffle-default-ruby.json#spectralnorm---20,0.6096551724137932,0.6556521739130435,0.5889156626506025
warmup_results_0_8_linux3_e3_1240___JRubyTruffle-default-ruby.json#spectralnorm---21,0.49833333333333335,0.6330434782608696,0.6419753086419754
warmup_results_0_8_linux3_e3_1240___JRubyTruffle-default-ruby.json#spectralnorm---22,0.646060606060606,0.8210526315789474,0.6291358024691358
warmup_results_0_8_linux3_e3_1240___JRubyTruffle-default-ruby.json#spectralnorm---23,0.5633333333333332,0.5199999999999999,0.6046511627906977
warmup_results_0_8_linux3_e3_1240___JRubyTruffle-default-ruby.json#spectralnorm---24,0.4709433962264151,0.5695238095238094,0.6046511627906977
warmup_results_0_8_linux3_e3_1240___JRubyTruffle-default-ruby.json#spectralnorm---25,0.6638297872340425,0.5987878787878788,0.6419753086419754
warmup_results_0_8_linux3_e3_1240___JRubyTruffle-default-ruby.json#spectralnorm---26,0.6438095238095239,0.8187234042553192,0.6190476190476191
warmup_results_0_8_linux3_e3_1240___JRubyTruffle-default-ruby.json#spectralnorm---27,0.5473684210526316,0.8,0.5906172839506173
warmup_results_0_8_linux3_e3_1240___JRubyTruffle-default-ruby.json#spectralnorm---28,0.774468085106383,0.7318518518518519,0.6705263157894737
warmup_results_0_8_linux3_e3_1240___JRubyTruffle-default-ruby.json#spectralnorm---29,0.624,0.6330434782608696,0.611764705882353
warmup_results_0_8_linux3_e3_1240___JRubyTruffle-default-ruby.json#spectralnorm---3,0.49523809523809526,0.7563636363636363,0.6341463414634148
warmup_results_0_8_linux3_e3_1240___JRubyTruffle-default-ruby.json#spectralnorm---4,0.6987500000000002,0.687457627118644,0.6046511627906977
warmup_results_0_8_linux3_e3_1240___JRubyTruffle-default-ruby.json#spectralnorm---5,0.585,0.7973333333333334,0.611764705882353
warmup_results_0_8_linux3_e3_1240___JRubyTruffle-default-ruby.json#spectralnorm---6,0.5672727272727273,0.7071999999999999,0.6500000000000001
warmup_results_0_8_linux3_e3_1240___JRubyTruffle-default-ruby.json#spectralnorm---7,0.6429090909090909,0.5571428571428572,0.6190476190476191
warmup_results_0_8_linux3_e3_1240___JRubyTruffle-default-ruby.json#spectralnorm---8,0.6595121951219514,0.9244444444444445,0.6341463414634148
warmup_results_0_8_linux3_e3_1240___JRubyTruffle-default-ruby.json#spectralnorm---9,0.6475471698113208,0.5672727272727273,0.6190476190476191
warmup_results_0_8_linux3_e3_1240___LuaJIT-default-lua.json#binarytrees---0,0.6174999999999999,0.6214634146341466,0.6046511627906977
warmup_results_0_8_linux3_e3_1240___LuaJIT-default-lua.json#binarytrees---1,0.7456603773584906,0.8437735849056605,0.5977011494252874
warmup_results_0_8_linux3_e3_1240___LuaJIT-default-lua.json#binarytrees---10,0.5483636363636363,0.624,0.5790909090909092
warmup_results_0_8_linux3_e3_1240___LuaJIT-default-lua.json#binarytrees---11,0.5889156626506025,0.5660759493670886,0.5909090909090909
warmup_results_0_8_linux3_e3_1240___LuaJIT-default-lua.json#binarytrees---12,0.5199999999999999,0.624,0.5925581395348837
warmup_results_0_8_linux3_e3_1240___LuaJIT-default-lua.json#binarytrees---13,0.5497142857142857,0.5556164383561645,0.6046511627906977
warmup_results_0_8_linux3_e3_1240___LuaJIT-default-lua.json#binarytrees---14,0.5269333333333333,0.5513253012048193,0.5093877551020408
warmup_results_0_8_linux3_e3_1240___LuaJIT-default-lua.json#binarytrees---15,0.5777777777777778,0.585,0.5977011494252874
warmup_results_0_8_linux3_e3_1240___LuaJIT-default-lua.json#binarytrees---16,0.5566197183098591,0.5807792207792207,0.5977011494252874
warmup_results_0_8_linux3_e3_1240___LuaJIT-default-lua.json#binarytrees---17,0.6053731343283583,0.6211111111111112,0.6046511627906977
warmup_results_0_8_linux3_e3_1240___LuaJIT-default-lua.json#binarytrees---18,0.9909480705097665,0.9979583503470805,0.9992076069730589
warmup_results_0_8_linux3_e3_1240___LuaJIT-default-lua.json#binarytrees---19,0.5807792207792207,0.6355555555555557,0.5995294117647059
warmup_results_0_8_linux3_e3_1240___LuaJIT-default-lua.json#binarytrees---2,0.5777777777777777,0.5841095890410959,0.6214634146341466
warmup_results_0_8_linux3_e3_1240___LuaJIT-default-lua.json#binarytrees---20,0.5733333333333333,0.5145263157894737,0.5252525252525253
warmup_results_0_8_linux3_e3_1240___LuaJIT-default-lua.json#binarytrees---21,0.528,0.5447619047619048,0.5473684210526315
warmup_results_0_8_linux3_e3_1240___LuaJIT-default-lua.json#binarytrees---22,0.5747368421052631,0.6298591549295774,0.5995294117647059
warmup_results_0_8_linux3_e3_1240___LuaJIT-default-lua.json#binarytrees---23,0.8,0.8210526315789474,0.6066666666666666
warmup_results_0_8_linux3_e3_1240___LuaJIT-default-lua.json#binarytrees---24,0.6077922077922078,0.6576470588235294,0.5909090909090909
warmup_results_0_8_linux3_e3_1240___LuaJIT-default-lua.json#binarytrees---26,0.6729411764705882,0.7637500000000002,0.6450632911392407
warmup_results_0_8_linux3_e3_1240___LuaJIT-default-lua.json#binarytrees---27,0.9802784222737819,0.9920893438808748,0.9898989898989902
warmup_results_0_8_linux3_e3_1240___LuaJIT-default-lua.json#binarytrees---28,0.5672727272727273,0.5889156626506025,0.5977011494252874
warmup_results_0_8_linux3_e3_1240___LuaJIT-default-lua.json#binarytrees---29,0.5432835820895522,0.6021052631578947,0.5977011494252874
warmup_results_0_8_linux3_e3_1240___LuaJIT-default-lua.json#binarytrees---3,0.5902702702702703,0.6605405405405406,0.5909090909090909
warmup_results_0_8_linux3_e3_1240___LuaJIT-default-lua.json#binarytrees---4,0.5870967741935484,0.60125,0.6046511627906977
warmup_results_0_8_linux3_e3_1240___LuaJIT-default-lua.json#binarytrees---6,0.6155102040816327,0.7400000000000001,0.6046511627906977
warmup_results_0_8_linux3_e3_1240___LuaJIT-default-lua.json#binarytrees---7,0.6133333333333334,0.6187341772151899,0.611764705882353
warmup_results_0_8_linux3_e3_1240___LuaJIT-default-lua.json#binarytrees---8,0.5277611940298508,0.6183783783783784,0.5995294117647059
warmup_results_0_8_linux3_e3_1240___LuaJIT-default-lua.json#binarytrees---9,0.5737931034482758,0.6314285714285715,0.5889156626506025
warmup_results_0_8_linux3_e3_1240___LuaJIT-default-lua.json#fannkuch_redux---0,0.43679999999999997,0.42305084745762717,0.514851485148515
warmup_results_0_8_linux3_e3_1240___LuaJIT-default-lua.json#fannkuch_redux---1,0.5777777777777777,0.49355932203389824,0.514851485148515
warmup_results_0_8_linux3_e3_1240___LuaJIT-default-lua.json#fannkuch_redux---10,0.5134177215189873,0.4986301369863014,0.5098039215686274
warmup_results_0_8_linux3_e3_1240___LuaJIT-default-lua.json#fannkuch_redux---11,0.45217391304347826,0.512,0.5045544554455447
warmup_results_0_8_linux3_e3_1240___LuaJIT-default-lua.json#fannkuch_redux---12,0.5672727272727273,0.5282539682539683,0.514851485148515
warmup_results_0_8_linux3_e3_1240___LuaJIT-default-lua.json#fannkuch_redux---13,0.5134177215189873,0.5515151515151515,0.5045544554455447
warmup_results_0_8_linux3_e3_1240___LuaJIT-default-lua.json#fannkuch_redux---14,0.5906172839506173,0.49263157894736836,0.514851485148515
warmup_results_0_8_linux3_e3_1240___LuaJIT-default-lua.json#fannkuch_redux---15,0.5537662337662337,0.5824,0.514851485148515
warmup_results_0_8_linux3_e3_1240___LuaJIT-default-lua.json#fannkuch_redux---16,0.4727272727272728,0.41269841269841273,0.5098039215686274
warmup_results_0_8_linux3_e3_1240___LuaJIT-default-lua.json#fannkuch_redux---17,0.5942857142857143,0.5898507462686569,0.5098039215686274
warmup_results_0_8_linux3_e3_1240___LuaJIT-default-lua.json#fannkuch_redux---18,0.9850586979722519,0.9724409448818898,0.9903809157368219
warmup_results_0_8_linux3_e3_1240___LuaJIT-default-lua.json#fannkuch_redux---19,0.5051428571428571,0.50375,0.5098039215686274
warmup_results_0_8_linux3_e3_1240___LuaJIT-default-lua.json#fannkuch_redux---2,0.4346268656716418,0.40695652173913044,0.5098039215686274
warmup_results_0_8_linux3_e3_1240___LuaJIT-default-lua.json#fannkuch_redux---20,0.43443037974683546,0.5626229508196721,0.514851485148515
warmup_results_0_8_linux3_e3_1240___LuaJIT-default-lua.json#fannkuch_redux---21,0.5535483870967742,0.5672727272727273,0.5416666666666667
warmup_results_0_8_linux3_e3_1240___LuaJIT-default-lua.json#fannkuch_redux---22,0.5497142857142857,0.52,0.5252525252525253
warmup_results_0_8_linux3_e3_1240___LuaJIT-default-lua.json#fannkuch_redux---23,0.48148148148148145,0.42250000000000004,0.5096
warmup_results_0_8_linux3_e3_1240___LuaJIT-default-lua.json#fannkuch_redux---24,0.5126760563380283,0.52,0.5098039215686274
warmup_results_0_8_linux3_e3_1240___LuaJIT-default-lua.json#fannkuch_redux---25,0.4926315789473684,0.48285714285714276,0.5098039215686274
warmup_results_0_8_linux3_e3_1240___LuaJIT-default-lua.json#fannkuch_redux---26,0.5807792207792207,0.5878260869565217,0.514851485148515
warmup_results_0_8_linux3_e3_1240___LuaJIT-default-lua.json#fannkuch_redux---27,0.591372549019608,0.5816949152542373,0.514851485148515
warmup_results_0_8_linux3_e3_1240___LuaJIT-default-lua.json#fannkuch_redux---28,0.9724409448818898,0.9793996468510889,0.9903809157368219
warmup_results_0_8_linux3_e3_1240___LuaJIT-default-lua.json#fannkuch_redux---29,0.5047058823529411,0.6162962962962963,0.5360824742268041
warmup_results_0_8_linux3_e3_1240___LuaJIT-default-lua.json#fannkuch_redux---3,0.44229885057471263,0.35999999999999993,0.514851485148515
warmup_results_0_8_linux3_e3_1240___LuaJIT-default-lua.json#fannkuch_redux---4,0.48941176470588243,0.4412121212121212,0.514851485148515
warmup_results_0_8_linux3_e3_1240___LuaJIT-default-lua.json#fannkuch_redux---5,0.52,0.5267532467532468,0.514851485148515
warmup_results_0_8_linux3_e3_1240___LuaJIT-default-lua.json#fannkuch_redux---6,0.5392592592592592,0.464,0.514851485148515
warmup_results_0_8_linux3_e3_1240___LuaJIT-default-lua.json#fannkuch_redux---7,0.9897510980966324,0.978494623655914,0.9903809157368219
warmup_results_0_8_linux3_e3_1240___LuaJIT-default-lua.json#fannkuch_redux---8,0.6066666666666666,0.5117460317460318,0.5098039215686274
warmup_results_0_8_linux3_e3_1240___LuaJIT-default-lua.json#fannkuch_redux---9,0.5481081081081081,0.5105454545454546,0.5098039215686274
warmup_results_0_8_linux3_e3_1240___LuaJIT-default-lua.json#nbody---0,0.9862442684451855,0.9878738884397736,0.9903809157368219
warmup_results_0_8_linux3_e3_1240___LuaJIT-default-lua.json#nbody---1,0.9746707193515705,0.9903809157368219,0.9903809157368219
warmup_results_0_8_linux3_e3_1240___LuaJIT-default-lua.json#nbody---10,0.9889064976228209,0.9903809157368219,0.9903809157368219
warmup_results_0_8_linux3_e3_1240___LuaJIT-default-lua.json#nbody---11,0.9903809157368219,0.9903809157368219,0.9903809157368219
warmup_results_0_8_linux3_e3_1240___LuaJIT-default-lua.json#nbody---13,0.9826589595375721,0.9903809157368219,0.9903809157368219
warmup_results_0_8_linux3_e3_1240___LuaJIT-default-lua.json#nbody---14,0.9903809157368219,0.9903809157368219,0.9903809157368219
warmup_results_0_8_linux3_e3_1240___LuaJIT-default-lua.json#nbody---15,0.9903809157368219,0.9903809157368219,0.9903809157368219
warmup_results_0_8_linux3_e3_1240___LuaJIT-default-lua.json#nbody---16,0.9878738884397736,0.9889064976228209,0.9903809157368219
warmup_results_0_8_linux3_e3_1240___LuaJIT-default-lua.json#nbody---17,0.9792843691148777,0.9826589595375721,0.9889064976228209
warmup_results_0_8_linux3_e3_1240___LuaJIT-default-lua.json#nbody---18,0.9862442684451855,0.9903809157368219,0.9903809157368219
warmup_results_0_8_linux3_e3_1240___LuaJIT-default-lua.json#nbody---19,0.4605714285714286,0.4991999999999999,0.5498850574712644
warmup_results_0_8_linux3_e3_1240___LuaJIT-default-lua.json#nbody---2,0.9903809157368219,0.9903809157368219,0.9903809157368219
warmup_results_0_8_linux3_e3_1240___LuaJIT-default-lua.json#nbody---20,0.9856781802864365,0.9862442684451855,0.9898989898989902
warmup_results_0_8_linux3_e3_1240___LuaJIT-default-lua.json#nbody---21,0.9856781802864365,0.9894076108277758,0.9903809157368219
warmup_results_0_8_linux3_e3_1240___LuaJIT-default-lua.json#nbody---22,0.9826589595375721,0.9894076108277758,0.9898989898989902
warmup_results_0_8_linux3_e3_1240___LuaJIT-default-lua.json#nbody---23,0.985100042571307,0.9987995198079231,0.9898989898989902
warmup_results_0_8_linux3_e3_1240___LuaJIT-default-lua.json#nbody---24,0.9553805774278217,0.9593495934959348,0.985100042571307
warmup_results_0_8_linux3_e3_1240___LuaJIT-default-lua.json#nbody---25,0.9820143884892086,0.9903809157368219,0.9903809157368219
warmup_results_0_8_linux3_e3_1240___LuaJIT-default-lua.json#nbody---26,0.9845094664371772,0.9826589595375721,0.9894076108277758
warmup_results_0_8_linux3_e3_1240___LuaJIT-default-lua.json#nbody---27,0.5447619047619048,0.5618390804597702,0.5714285714285715
warmup_results_0_8_linux3_e3_1240___LuaJIT-default-lua.json#nbody---28,0.9873417721518987,0.9903809157368219,0.9903809157368219
warmup_results_0_8_linux3_e3_1240___LuaJIT-default-lua.json#nbody---29,0.9832893579595428,0.9845094664371772,0.9889064976228209
warmup_results_0_8_linux3_e3_1240___LuaJIT-default-lua.json#nbody---3,0.985100042571307,0.9845094664371772,0.9889064976228209
warmup_results_0_8_linux3_e3_1240___LuaJIT-default-lua.json#nbody---4,0.9525101763907734,0.9580686149936468,0.9862442684451855
warmup_results_0_8_linux3_e3_1240___LuaJIT-default-lua.json#nbody---5,0.9903809157368219,0.9903809157368219,0.9903809157368219
warmup_results_0_8_linux3_e3_1240___LuaJIT-default-lua.json#nbody---6,0.9199255121042831,0.9553805774278217,0.9839060461070032
warmup_results_0_8_linux3_e3_1240___LuaJIT-default-lua.json#nbody---9,0.9952153110047847,0.9898989898989902,0.9903809157368219
warmup_results_0_8_linux3_e3_1240___LuaJIT-default-lua.json#richards---13,0.4457142857142857,0.0,0.5685333333333333
warmup_results_0_8_linux3_e3_1240___LuaJIT-default-lua.json#richards---14,0.6729411764705882,0.41600000000000004,0.611764705882353
warmup_results_0_8_linux3_e3_1240___LuaJIT-default-lua.json#richards---2,0.0,0.06933333333333333,0.6388571428571428
warmup_results_0_8_linux3_e3_1240___LuaJIT-default-lua.json#richards---22,0.3466666666666666,0.3466666666666666,0.5987878787878788
warmup_results_0_8_linux3_e3_1240___LuaJIT-default-lua.json#richards---6,0.6933333333333334,0.4159999999999999,0.6884507042253522
warmup_results_0_8_linux3_e3_1240___LuaJIT-default-lua.json#richards---8,0.0,0.13,0.527536231884058
warmup_results_0_8_linux3_e3_1240___LuaJIT-default-lua.json#richards---9,0.5720000000000001,0.6413333333333333,0.6419753086419754
warmup_results_0_8_linux3_e3_1240___LuaJIT-default-lua.json#spectralnorm---0,0.9827682045580879,0.0,0.9996076892899178
warmup_results_0_8_linux3_e3_1240___LuaJIT-default-lua.json#spectralnorm---1,0.9843158464034614,0.0,0.9987995198079231
warmup_results_0_8_linux3_e3_1240___LuaJIT-default-lua.json#spectralnorm---10,0.9871729091841971,0.0,0.9931787175989085
warmup_results_0_8_linux3_e3_1240___LuaJIT-default-lua.json#spectralnorm---11,0.9884942471235617,0.0,0.9996076892899178
warmup_results_0_8_linux3_e3_1240___LuaJIT-default-lua.json#spectralnorm---12,0.9775621588841723,0.0,0.9966301600673968
warmup_results_0_8_linux3_e3_1240___LuaJIT-default-lua.json#spectralnorm---13,0.9811320754716981,0.0,0.995697074010327
warmup_results_0_8_linux3_e3_1240___LuaJIT-default-lua.json#spectralnorm---14,0.9575660528422738,0.0,0.9975247524752475
warmup_results_0_8_linux3_e3_1240___LuaJIT-default-lua.json#spectralnorm---15,0.9793996468510889,0.2096774193548387,0.9947229551451187
warmup_results_0_8_linux3_e3_1240___LuaJIT-default-lua.json#spectralnorm---16,0.9724409448818898,0.0,0.9983831851253031
warmup_results_0_8_linux3_e3_1240___LuaJIT-default-lua.json#spectralnorm---17,0.9827682045580879,0.0,0.9996076892899178
warmup_results_0_8_linux3_e3_1240___LuaJIT-default-lua.json#spectralnorm---18,0.9315068493150684,0.0,0.9942196531791907
warmup_results_0_8_linux3_e3_1240___LuaJIT-default-lua.json#spectralnorm---19,0.9947229551451187,0.0,1.0
warmup_results_0_8_linux3_e3_1240___LuaJIT-default-lua.json#spectralnorm---2,0.9483985765124554,0.0,0.9920893438808748
warmup_results_0_8_linux3_e3_1240___LuaJIT-default-lua.json#spectralnorm---20,0.9975247524752475,0.2096774193548387,0.9996076892899178
warmup_results_0_8_linux3_e3_1240___LuaJIT-default-lua.json#spectralnorm---21,0.9150485436893203,0.0,0.9942196531791907
warmup_results_0_8_linux3_e3_1240___LuaJIT-default-lua.json#spectralnorm---22,0.978494623655914,0.0,0.9970821175489787
warmup_results_0_8_linux3_e3_1240___LuaJIT-default-lua.json#spectralnorm---23,0.9903567984570877,0.0,0.9992076069730589
warmup_results_0_8_linux3_e3_1240___LuaJIT-default-lua.json#spectralnorm---24,0.8435114503816794,0.0,0.971314209472982
warmup_results_0_8_linux3_e3_1240___LuaJIT-default-lua.json#spectralnorm---25,0.9926402943882244,0.0,0.9996076892899178
warmup_results_0_8_linux3_e3_1240___LuaJIT-default-lua.json#spectralnorm---26,0.8681135225375626,0.0,0.9871729091841971
warmup_results_0_8_linux3_e3_1240___LuaJIT-default-lua.json#spectralnorm---27,0.9897510980966324,0.0,0.9996076892899178
warmup_results_0_8_linux3_e3_1240___LuaJIT-default-lua.json#spectralnorm---28,0.9802784222737819,0.348993288590604,0.9987995198079231
warmup_results_0_8_linux3_e3_1240___LuaJIT-default-lua.json#spectralnorm---29,0.975609756097561,0.0,0.9961685823754789
warmup_results_0_8_linux3_e3_1240___LuaJIT-default-lua.json#spectralnorm---3,0.9903567984570877,0.0,0.9996076892899178
warmup_results_0_8_linux3_e3_1240___LuaJIT-default-lua.json#spectralnorm---4,0.9607390300230947,0.0,0.993705035971223
warmup_results_0_8_linux3_e3_1240___LuaJIT-default-lua.json#spectralnorm---5,0.7819548872180451,0.0,0.9775621588841723
warmup_results_0_8_linux3_e3_1240___LuaJIT-default-lua.json#spectralnorm---6,0.9952153110047847,0.0,0.9996076892899178
warmup_results_0_8_linux3_e3_1240___LuaJIT-default-lua.json#spectralnorm---7,0.9966301600673968,0.0,0.9983831851253031
warmup_results_0_8_linux3_e3_1240___LuaJIT-default-lua.json#spectralnorm---8,0.9931787175989085,0.0,0.9983831851253031
warmup_results_0_8_linux3_e3_1240___LuaJIT-default-lua.json#spectralnorm---9,0.9591836734693878,0.0,0.9915254237288135
warmup_results_0_8_linux3_e3_1240___V8-default-javascript.json#binarytrees---0,0.0,0.875,0.9996076892899178
warmup_results_0_8_linux3_e3_1240___V8-default-javascript.json#binarytrees---1,0.0,0.9403714565004887,0.9902837155071902
warmup_results_0_8_linux3_e3_1240___V8-default-javascript.json#binarytrees---10,0.0,0.25999999999999995,0.5842696629213483
warmup_results_0_8_linux3_e3_1240___V8-default-javascript.json#binarytrees---11,0.0,0.3874509803921568,0.5416666666666667
warmup_results_0_8_linux3_e3_1240___V8-default-javascript.json#binarytrees---12,0.0,0.9150485436893203,0.9992076069730589
warmup_results_0_8_linux3_e3_1240___V8-default-javascript.json#binarytrees---13,0.348993288590604,0.9369369369369369,1.0
warmup_results_0_8_linux3_e3_1240___V8-default-javascript.json#binarytrees---14,0.0,0.9069767441860465,1.0
warmup_results_0_8_linux3_e3_1240___V8-default-javascript.json#binarytrees---15,0.0,0.9149560117302055,0.9902837155071902
warmup_results_0_8_linux3_e3_1240___V8-default-javascript.json#binarytrees---16,0.0,0.8990318118948826,0.9897959183673471
warmup_results_0_8_linux3_e3_1240___V8-default-javascript.json#binarytrees---17,0.5226130653266331,0.8927038626609441,1.0
warmup_results_0_8_linux3_e3_1240___V8-default-javascript.json#binarytrees---18,0.0,0.1782857142857143,0.5473684210526315
warmup_results_0_8_linux3_e3_1240___V8-default-javascript.json#binarytrees---19,0.2096774193548387,0.9483985765124554,0.9975247524752475
warmup_results_0_8_linux3_e3_1240___V8-default-javascript.json#binarytrees---2,0.0,0.875,0.9987995198079231
warmup_results_0_8_linux3_e3_1240___V8-default-javascript.json#binarytrees---20,0.0,0.2206060606060606,0.5147474747474748
warmup_results_0_8_linux3_e3_1240___V8-default-javascript.json#binarytrees---21,0.0,0.3781818181818182,0.5842696629213483
warmup_results_0_8_linux3_e3_1240___V8-default-javascript.json#binarytrees---22,0.0,0.9122807017543859,0.9897959183673471
warmup_results_0_8_linux3_e3_1240___V8-default-javascript.json#binarytrees---23,0.0,0.22285714285714286,0.5042424242424243
warmup_results_0_8_linux3_e3_1240___V8-default-javascript.json#binarytrees---24,0.0,0.8939828080229227,0.9897959183673471
warmup_results_0_8_linux3_e3_1240___V8-default-javascript.json#binarytrees---25,0.0,0.3151515151515152,0.5416666666666667
warmup_results_0_8_linux3_e3_1240___V8-default-javascript.json#binarytrees---26,0.2096774193548387,0.8977900552486189,1.0
warmup_results_0_8_linux3_e3_1240___V8-default-javascript.json#binarytrees---27,0.0,0.888558692421991,0.9902837155071902
warmup_results_0_8_linux3_e3_1240___V8-default-javascript.json#binarytrees---28,0.0,0.8813559322033897,1.0
warmup_results_0_8_linux3_e3_1240___V8-default-javascript.json#binarytrees---29,0.6642335766423357,0.9418493803622497,0.9979583503470805
warmup_results_0_8_linux3_e3_1240___V8-default-javascript.json#binarytrees---3,0.0,0.875,0.9996076892899178
warmup_results_0_8_linux3_e3_1240___V8-default-javascript.json#binarytrees---4,0.5803571428571428,0.9221967963386728,0.9992076069730589
warmup_results_0_8_linux3_e3_1240___V8-default-javascript.json#binarytrees---5,0.0,0.8927038626609441,0.9987995198079231
warmup_results_0_8_linux3_e3_1240___V8-default-javascript.json#binarytrees---6,0.0,0.8939828080229227,0.9897959183673471
warmup_results_0_8_linux3_e3_1240___V8-default-javascript.json#binarytrees---7,0.0,0.44,0.5306122448979593
warmup_results_0_8_linux3_e3_1240___V8-default-javascript.json#binarytrees---8,0.0,0.9394531250000001,1.0
warmup_results_0_8_linux3_e3_1240___V8-default-javascript.json#binarytrees---9,0.2096774193548387,0.9503916449086163,0.9996076892899178
warmup_results_0_8_linux3_e3_1240___V8-default-javascript.json#fannkuch_redux---0,0.9864498644986449,0.966542750929368,0.847457627118644
warmup_results_0_8_linux3_e3_1240___V8-default-javascript.json#fannkuch_redux---1,0.9623786407766989,0.9531568228105908,0.9902837155071902
warmup_results_0_8_linux3_e3_1240___V8-default-javascript.json#fannkuch_redux---10,0.5917241379310345,0.68,0.5473684210526315
warmup_results_0_8_linux3_e3_1240___V8-default-javascript.json#fannkuch_redux---11,0.9726027397260273,0.9501054111033027,0.9902837155071902
warmup_results_0_8_linux3_e3_1240___V8-default-javascript.json#fannkuch_redux---12,0.9875573018991486,0.9600798403193613,0.9876665022200298
warmup_results_0_8_linux3_e3_1240___V8-default-javascript.json#fannkuch_redux---13,0.8028070175438596,0.948235294117647,0.8016666666666666
warmup_results_0_8_linux3_e3_1240___V8-default-javascript.json#fannkuch_redux---14,0.9793996468510889,0.9636767976278725,0.9996076892899178
warmup_results_0_8_linux3_e3_1240___V8-default-javascript.json#fannkuch_redux---15,0.975609756097561,0.9664045746962115,0.9996076892899178
warmup_results_0_8_linux3_e3_1240___V8-default-javascript.json#fannkuch_redux---16,0.9664045746962115,0.9522998296422487,1.0
warmup_results_0_8_linux3_e3_1240___V8-default-javascript.json#fannkuch_redux---17,0.9690909090909091,0.9639024390243902,0.8845977011494254
warmup_results_0_8_linux3_e3_1240___V8-default-javascript.json#fannkuch_redux---18,0.9756097560975608,0.9214175654853621,0.987172909184197
warmup_results_0_8_linux3_e3_1240___V8-default-javascript.json#fannkuch_redux---19,0.9775621588841723,0.9575660528422738,1.0
warmup_results_0_8_linux3_e3_1240___V8-default-javascript.json#fannkuch_redux---2,0.9864864864864865,0.9285714285714287,0.9996076892899178
warmup_results_0_8_linux3_e3_1240___V8-default-javascript.json#fannkuch_redux---20,0.9654008438818567,0.9524752475247524,0.8862422997946612
warmup_results_0_8_linux3_e3_1240___V8-default-javascript.json#fannkuch_redux---21,0.9811320754716981,0.9766009852216749,0.9903809157368219
warmup_results_0_8_linux3_e3_1240___V8-default-javascript.json#fannkuch_redux---22,0.9701492537313433,0.9503916449086163,0.9996076892899178
warmup_results_0_8_linux3_e3_1240___V8-default-javascript.json#fannkuch_redux---23,0.9703138252756573,0.9345314505776636,0.8914930555555555
warmup_results_0_8_linux3_e3_1240___V8-default-javascript.json#fannkuch_redux---24,0.9811320754716981,0.9582929194956353,0.9647495361781077
warmup_results_0_8_linux3_e3_1240___V8-default-javascript.json#fannkuch_redux---25,0.9533333333333334,0.9359999999999999,0.8187234042553192
warmup_results_0_8_linux3_e3_1240___V8-default-javascript.json#fannkuch_redux---27,0.92,0.9533333333333334,0.9285714285714287
warmup_results_0_8_linux3_e3_1240___V8-default-javascript.json#fannkuch_redux---28,0.9843158464034614,0.9394531250000001,0.9889064976228209
warmup_results_0_8_linux3_e3_1240___V8-default-javascript.json#fannkuch_redux---29,0.9887106357694593,0.9498956158663883,0.9237435008665512
warmup_results_0_8_linux3_e3_1240___V8-default-javascript.json#fannkuch_redux---3,0.9315068493150684,0.9254727474972193,0.9898989898989902
warmup_results_0_8_linux3_e3_1240___V8-default-javascript.json#fannkuch_redux---4,0.9585253456221199,0.9719626168224299,0.8164763458401306
warmup_results_0_8_linux3_e3_1240___V8-default-javascript.json#fannkuch_redux---5,0.9607390300230947,0.9285714285714287,1.0
warmup_results_0_8_linux3_e3_1240___V8-default-javascript.json#fannkuch_redux---6,0.9531568228105908,0.9433106575963719,0.9902837155071902
warmup_results_0_8_linux3_e3_1240___V8-default-javascript.json#fannkuch_redux---7,0.6922474549725921,0.6779141104294479,0.8989672204759767
warmup_results_0_8_linux3_e3_1240___V8-default-javascript.json#fannkuch_redux---8,0.9762202753441803,0.9741602067183462,0.9902837155071902
warmup_results_0_8_linux3_e3_1240___V8-default-javascript.json#fannkuch_redux---9,0.9726027397260273,0.9670958512160229,0.999603646452636
warmup_results_0_8_linux3_e3_1240___V8-default-javascript.json#fasta---1,0.6671698113207547,0.5824,0.5750588235294117
warmup_results_0_8_linux3_e3_1240___V8-default-javascript.json#fasta---10,0.832,0.7366666666666666,0.6046511627906977
warmup_results_0_8_linux3_e3_1240___V8-default-javascript.json#fasta---11,0.38518518518518524,0.49263157894736836,0.6046511627906977
warmup_results_0_8_linux3_e3_1240___V8-default-javascript.json#fasta---12,0.3058823529411765,0.2189473684210526,0.5909090909090909
warmup_results_0_8_linux3_e3_1240___V8-default-javascript.json#fasta---13,0.7341176470588237,0.7663157894736843,0.553191489361702
warmup_results_0_8_linux3_e3_1240___V8-default-javascript.json#fasta---14,0.6478688524590164,0.7614285714285716,0.6982857142857143
warmup_results_0_8_linux3_e3_1240___V8-default-javascript.json#fasta---15,0.7583333333333333,0.8036363636363637,0.5652173913043479
warmup_results_0_8_linux3_e3_1240___V8-default-javascript.json#fasta---16,0.5546666666666666,0.5924050632911393,0.6046511627906977
warmup_results_0_8_linux3_e3_1240___V8-default-javascript.json#fasta---17,0.5878260869565217,0.6702222222222222,0.6341463414634148
warmup_results_0_8_linux3_e3_1240___V8-default-javascript.json#fasta---18,0.6066666666666667,0.52,0.5977011494252874
warmup_results_0_8_linux3_e3_1240___V8-default-javascript.json#fasta---19,0.23399999999999996,0.37333333333333335,0.5977011494252874
warmup_results_0_8_linux3_e3_1240___V8-default-javascript.json#fasta---2,0.4646808510638298,0.5340540540540539,0.5842696629213483
warmup_results_0_8_linux3_e3_1240___V8-default-javascript.json#fasta---20,0.5660759493670886,0.5698630136986301,0.5804651162790698
warmup_results_0_8_linux3_e3_1240___V8-default-javascript.json#fasta---21,0.7102439024390245,0.7115789473684211,0.5714285714285715
warmup_results_0_8_linux3_e3_1240___V8-default-javascript.json#fasta---22,0.2902325581395349,0.23399999999999996,0.5977011494252874
warmup_results_0_8_linux3_e3_1240___V8-default-javascript.json#fasta---23,0.7548387096774194,0.7227118644067796,0.6582278481012658
warmup_results_0_8_linux3_e3_1240___V8-default-javascript.json#fasta---24,0.7896296296296296,0.728,0.6046511627906977
warmup_results_0_8_linux3_e3_1240___V8-default-javascript.json#fasta---25,0.6279245283018868,0.7279999999999999,0.5473684210526315
warmup_results_0_8_linux3_e3_1240___V8-default-javascript.json#fasta---26,0.503225806451613,0.33090909090909093,0.5591397849462367
warmup_results_0_8_linux3_e3_1240___V8-default-javascript.json#fasta---27,0.7212903225806452,0.6990163934426229,0.7123287671232877
warmup_results_0_8_linux3_e3_1240___V8-default-javascript.json#fasta---28,0.7952941176470588,0.7403389830508474,0.5662222222222223
warmup_results_0_8_linux3_e3_1240___V8-default-javascript.json#fasta---29,0.041600000000000005,0.13866666666666666,0.5714285714285715
warmup_results_0_8_linux3_e3_1240___V8-default-javascript.json#fasta---3,0.6794666666666667,0.7263492063492063,0.5714285714285715
warmup_results_0_8_linux3_e3_1240___V8-default-javascript.json#fasta---4,0.5580487804878049,0.6174999999999999,0.5842696629213483
warmup_results_0_8_linux3_e3_1240___V8-default-javascript.json#fasta---5,0.5750588235294117,0.5621621621621622,0.553191489361702
warmup_results_0_8_linux3_e3_1240___V8-default-javascript.json#fasta---6,0.6294736842105263,0.5658823529411764,0.5306122448979593
warmup_results_0_8_linux3_e3_1240___V8-default-javascript.json#fasta---7,0.597037037037037,0.7004081632653062,0.7027027027027027
warmup_results_0_8_linux3_e3_1240___V8-default-javascript.json#fasta---8,0.1980952380952381,0.21272727272727274,0.5777777777777778
warmup_results_0_8_linux3_e3_1240___V8-default-javascript.json#fasta---9,0.6005633802816901,0.6330434782608696,0.6046511627906977
warmup_results_0_8_linux3_e3_1240___V8-default-javascript.json#nbody---0,0.9541284403669724,0.9567462879276954,0.9878738884397736
warmup_results_0_8_linux3_e3_1240___V8-default-javascript.json#nbody---1,0.9802784222737819,0.9915254237288135,0.9903809157368219
warmup_results_0_8_linux3_e3_1240___V8-default-javascript.json#nbody---10,0.9724409448818898,0.9864864864864865,0.9903809157368219
warmup_results_0_8_linux3_e3_1240___V8-default-javascript.json#nbody---11,0.9444032616753153,0.9792843691148777,0.9894076108277758
warmup_results_0_8_linux3_e3_1240___V8-default-javascript.json#nbody---12,0.9689440993788819,0.978494623655914,0.9889064976228209
warmup_results_0_8_linux3_e3_1240___V8-default-javascript.json#nbody---13,0.503225806451613,0.52,0.5098039215686274
warmup_results_0_8_linux3_e3_1240___V8-default-javascript.json#nbody---14,0.9640965273690404,0.9832893579595428,0.9903809157368219
warmup_results_0_8_linux3_e3_1240___V8-default-javascript.json#nbody---15,0.9871729091841971,0.9820143884892086,0.9898989898989902
warmup_results_0_8_linux3_e3_1240___V8-default-javascript.json#nbody---16,0.9425981873111782,0.9301533219761499,0.9898989898989902
warmup_results_0_8_linux3_e3_1240___V8-default-javascript.json#nbody---17,0.9903567984570877,0.9920893438808748,0.9903809157368219
warmup_results_0_8_linux3_e3_1240___V8-default-javascript.json#nbody---18,0.9580686149936468,0.9778206364513019,0.9903809157368219
warmup_results_0_8_linux3_e3_1240___V8-default-javascript.json#nbody---19,0.9811320754716981,0.9920893438808748,0.9898989898989902
warmup_results_0_8_linux3_e3_1240___V8-default-javascript.json#nbody---2,0.9775621588841723,0.9903567984570877,0.9898989898989902
warmup_results_0_8_linux3_e3_1240___V8-default-javascript.json#nbody---20,0.9503916449086163,0.973531310522918,0.9903809157368219
warmup_results_0_8_linux3_e3_1240___V8-default-javascript.json#nbody---21,0.9850586979722519,0.9915254237288135,0.9898989898989902
warmup_results_0_8_linux3_e3_1240___V8-default-javascript.json#nbody---22,0.9724409448818898,0.9811320754716981,0.9894076108277758
warmup_results_0_8_linux3_e3_1240___V8-default-javascript.json#nbody---23,0.9539693128752501,0.975609756097561,0.9898989898989902
warmup_results_0_8_linux3_e3_1240___V8-default-javascript.json#nbody---24,0.8555078683834049,0.9591836734693878,0.9878738884397736
warmup_results_0_8_linux3_e3_1240___V8-default-javascript.json#nbody---25,0.9857819905213271,0.9820143884892086,0.9898989898989902
warmup_results_0_8_linux3_e3_1240___V8-default-javascript.json#nbody---26,0.3686075949367089,0.4894117647058823,0.5098039215686274
warmup_results_0_8_linux3_e3_1240___V8-default-javascript.json#nbody---27,0.9864864864864865,0.9952153110047847,0.9903809157368219
warmup_results_0_8_linux3_e3_1240___V8-default-javascript.json#nbody---28,0.6933333333333334,0.4527058823529412,0.5098039215686274
warmup_results_0_8_linux3_e3_1240___V8-default-javascript.json#nbody---29,0.9324437030859049,0.9558823529411765,0.9898989898989902
warmup_results_0_8_linux3_e3_1240___V8-default-javascript.json#nbody---3,0.9673055242390078,0.9931787175989085,0.9898989898989902
warmup_results_0_8_linux3_e3_1240___V8-default-javascript.json#nbody---4,0.9111389236545683,0.896551724137931,0.9889064976228209
warmup_results_0_8_linux3_e3_1240___V8-default-javascript.json#nbody---6,0.9778206364513019,0.9952153110047847,0.9894076108277758
warmup_results_0_8_linux3_e3_1240___V8-default-javascript.json#nbody---7,0.9806807727690893,0.9826589595375721,0.9903809157368219
warmup_results_0_8_linux3_e3_1240___V8-default-javascript.json#nbody---8,0.9770619814543681,0.9820143884892086,0.9903809157368219
warmup_results_0_8_linux3_e3_1240___V8-default-javascript.json#nbody---9,0.9075975359342915,0.9387755102040816,0.9894076108277758
warmup_results_0_8_linux3_e3_1240___V8-default-javascript.json#richards---0,0.9906054279749478,0.9745649263721553,0.9793046357615894
warmup_results_0_8_linux3_e3_1240___V8-default-javascript.json#richards---1,0.4260240963855422,0.46741573033707867,0.4757446808510639
warmup_results_0_8_linux3_e3_1240___V8-default-javascript.json#richards---10,0.9754204398447606,1.0,0.9991823385118562
warmup_results_0_8_linux3_e3_1240___V8-default-javascript.json#richards---11,0.9974424552429668,0.9995953055443142,0.9803613511390417
warmup_results_0_8_linux3_e3_1240___V8-default-javascript.json#richards---12,0.9445506692160613,0.996984058595433,0.9978911851539435
warmup_results_0_8_linux3_e3_1240___V8-default-javascript.json#richards---13,0.975,0.9964757709251101,0.9878914405010438
warmup_results_0_8_linux3_e3_1240___V8-default-javascript.json#richards---14,0.9912023460410556,0.996984058595433,0.9874791318864774
warmup_results_0_8_linux3_e3_1240___V8-default-javascript.json#richards---15,0.9754204398447606,0.9978911851539435,0.9885527391659852
warmup_results_0_8_linux3_e3_1240___V8-default-javascript.json#richards---16,0.5917241379310345,0.5142857142857143,0.4983333333333333
warmup_results_0_8_linux3_e3_1240___V8-default-javascript.json#richards---17,0.9828706438275251,0.9797406807131281,0.9699157641395909
warmup_results_0_8_linux3_e3_1240___V8-default-javascript.json#richards---18,0.964516129032258,0.9581780538302278,0.9454545454545454
warmup_results_0_8_linux3_e3_1240___V8-default-javascript.json#richards---19,0.9445506692160613,0.998330550918197,0.9803613511390417
warmup_results_0_8_linux3_e3_1240___V8-default-javascript.json#richards---2,0.9784083898827883,0.998330550918197,0.9987608426270137
warmup_results_0_8_linux3_e3_1240___V8-default-javascript.json#richards---20,0.3961904761904762,0.5313043478260872,0.5093877551020408
warmup_results_0_8_linux3_e3_1240___V8-default-javascript.json#richards---21,0.14274509803921567,0.4439024390243903,0.49319587628865985
warmup_results_0_8_linux3_e3_1240___V8-default-javascript.json#richards---22,0.9489051094890512,0.9917914051183003,0.996984058595433
warmup_results_0_8_linux3_e3_1240___V8-default-javascript.json#richards---23,0.9825581395348837,0.9991735537190084,0.9894736842105264
warmup_results_0_8_linux3_e3_1240___V8-default-javascript.json#richards---24,0.9856046065259118,0.8792270531400967,0.9161073825503354
warmup_results_0_8_linux3_e3_1240___V8-default-javascript.json#richards---25,0.995047276001801,1.0,0.9995953055443142
warmup_results_0_8_linux3_e3_1240___V8-default-javascript.json#richards---26,0.989345509893455,1.0,1.0
warmup_results_0_8_linux3_e3_1240___V8-default-javascript.json#richards---27,0.9793438639125152,0.9987608426270137,0.9797699325664418
warmup_results_0_8_linux3_e3_1240___V8-default-javascript.json#richards---28,0.7180952380952381,0.5426086956521738,0.5473684210526315
warmup_results_0_8_linux3_e3_1240___V8-default-javascript.json#richards---29,0.9819872167344567,0.996984058595433,0.9987608426270137
warmup_results_0_8_linux3_e3_1240___V8-default-javascript.json#richards---3,0.9397590361445782,0.9995581087052587,0.9880689350419796
warmup_results_0_8_linux3_e3_1240___V8-default-javascript.json#richards---4,0.9709543568464729,0.9965156794425087,0.996984058595433
warmup_results_0_8_linux3_e3_1240___V8-default-javascript.json#richards---5,0.9732620320855614,0.9923664122137404,0.9987608426270137
warmup_results_0_8_linux3_e3_1240___V8-default-javascript.json#richards---6,0.9811320754716981,0.998080614203455,0.9513663733209818
warmup_results_0_8_linux3_e3_1240___V8-default-javascript.json#richards---7,0.9835526315789475,0.9975247524752475,0.9996076892899178
warmup_results_0_8_linux3_e3_1240___V8-default-javascript.json#richards---8,0.9629629629629629,0.995047276001801,0.9772821148285832
warmup_results_0_8_linux3_e3_1240___V8-default-javascript.json#richards---9,0.9880270692347735,0.9991823385118562,0.9995953055443142
warmup_results_0_8_linux3_e3_1240___V8-default-javascript.json#spectralnorm---0,0.9846322722283205,0.981416957026713,0.986111111111111
warmup_results_0_8_linux3_e3_1240___V8-default-javascript.json#spectralnorm---1,0.9838619922092376,0.9758269720101781,0.986111111111111
warmup_results_0_8_linux3_e3_1240___V8-default-javascript.json#spectralnorm---10,0.9838619922092376,0.979665071770335,0.986111111111111
warmup_results_0_8_linux3_e3_1240___V8-default-javascript.json#spectralnorm---11,0.9747899159663866,0.9622205088666151,0.9787492410443229
warmup_results_0_8_linux3_e3_1240___V8-default-javascript.json#spectralnorm---12,0.9846322722283205,0.9787492410443229,0.9853817000541418
warmup_results_0_8_linux3_e3_1240___V8-default-javascript.json#spectralnorm---13,0.9838619922092376,0.9726118904475617,0.9846322722283205
warmup_results_0_8_linux3_e3_1240___V8-default-javascript.json#spectralnorm---14,0.9838619922092376,0.979665071770335,0.9846322722283205
warmup_results_0_8_linux3_e3_1240___V8-default-javascript.json#spectralnorm---15,0.9677881173944165,0.9714673913043478,0.9778051787916152
warmup_results_0_8_linux3_e3_1240___V8-default-javascript.json#spectralnorm---16,0.9822552947910703,0.9822552947910703,0.986111111111111
warmup_results_0_8_linux3_e3_1240___V8-default-javascript.json#spectralnorm---17,0.981416957026713,0.9726118904475617,0.979665071770335
warmup_results_0_8_linux3_e3_1240___V8-default-javascript.json#spectralnorm---18,0.9830699774266366,0.981416957026713,0.986111111111111
warmup_results_0_8_linux3_e3_1240___V8-default-javascript.json#spectralnorm---19,0.9822552947910703,0.9778051787916152,0.986111111111111
warmup_results_0_8_linux3_e3_1240___V8-default-javascript.json#spectralnorm---2,0.9805539186800236,0.9758269720101781,0.9822552947910703
warmup_results_0_8_linux3_e3_1240___V8-default-javascript.json#spectralnorm---20,0.9838619922092376,0.9778051787916152,0.9853817000541418
warmup_results_0_8_linux3_e3_1240___V8-default-javascript.json#spectralnorm---21,0.9853817000541418,0.9747899159663866,0.986111111111111
warmup_results_0_8_linux3_e3_1240___V8-default-javascript.json#spectralnorm---22,0.9875130072840791,0.9838619922092376,0.9894842263395092
warmup_results_0_8_linux3_e3_1240___V8-default-javascript.json#spectralnorm---23,0.9888438133874239,0.9846322722283205,0.9894842263395092
warmup_results_0_8_linux3_e3_1240___V8-default-javascript.json#spectralnorm---24,0.9846322722283205,0.9805539186800236,0.9881869542886492
warmup_results_0_8_linux3_e3_1240___V8-default-javascript.json#spectralnorm---25,0.9853817000541418,0.9805539186800236,0.9868212967843965
warmup_results_0_8_linux3_e3_1240___V8-default-javascript.json#spectralnorm---26,0.9758269720101781,0.9758269720101781,0.981416957026713
warmup_results_0_8_linux3_e3_1240___V8-default-javascript.json#spectralnorm---27,0.9868212967843965,0.9822552947910703,0.9875130072840791
warmup_results_0_8_linux3_e3_1240___V8-default-javascript.json#spectralnorm---28,0.9787492410443229,0.9726118904475617,0.9822552947910703
warmup_results_0_8_linux3_e3_1240___V8-default-javascript.json#spectralnorm---29,0.9830699774266366,0.9830699774266366,0.986111111111111
warmup_results_0_8_linux3_e3_1240___V8-default-javascript.json#spectralnorm---3,0.981416957026713,0.9805539186800236,0.986111111111111
warmup_results_0_8_linux3_e3_1240___V8-default-javascript.json#spectralnorm---4,0.979665071770335,0.9714673913043478,0.9846322722283205
warmup_results_0_8_linux3_e3_1240___V8-default-javascript.json#spectralnorm---5,0.9737187910643889,0.9702833448514168,0.981416957026713
warmup_results_0_8_linux3_e3_1240___V8-default-javascript.json#spectralnorm---6,0.9822552947910703,0.9830699774266366,0.9853817000541418
warmup_results_0_8_linux3_e3_1240___V8-default-javascript.json#spectralnorm---7,0.9838619922092376,0.9787492410443229,0.986111111111111
warmup_results_0_8_linux3_e3_1240___V8-default-javascript.json#spectralnorm---8,0.9822552947910703,0.9726118904475617,0.9830699774266366
warmup_results_0_8_openbsd1_i7_4790___C-default-c.json#binarytrees---0,0.9857819905213271,0.9832893579595428,0.9903809157368219
warmup_results_0_8_openbsd1_i7_4790___C-default-c.json#binarytrees---1,0.9720905739863085,0.9942196531791907,0.9903809157368219
warmup_results_0_8_openbsd1_i7_4790___C-default-c.json#binarytrees---10,0.9920893438808748,0.993705035971223,0.9903809157368219
warmup_results_0_8_openbsd1_i7_4790___C-default-c.json#binarytrees---11,0.9827682045580879,0.9891304347826086,0.9903809157368219
warmup_results_0_8_openbsd1_i7_4790___C-default-c.json#binarytrees---12,0.9662664379645513,0.9903567984570877,0.9903809157368219
warmup_results_0_8_openbsd1_i7_4790___C-default-c.json#binarytrees---13,0.9845094664371772,0.985100042571307,0.9903809157368219
warmup_results_0_8_openbsd1_i7_4790___C-default-c.json#binarytrees---14,0.9651972157772621,0.9827682045580879,0.9903809157368219
warmup_results_0_8_openbsd1_i7_4790___C-default-c.json#binarytrees---15,0.9926402943882244,0.9909480705097665,0.9903809157368219
warmup_results_0_8_openbsd1_i7_4790___C-default-c.json#binarytrees---16,0.9775621588841723,0.9792843691148777,0.9903809157368219
warmup_results_0_8_openbsd1_i7_4790___C-default-c.json#binarytrees---17,0.9683157309616455,0.9826589595375721,0.9903809157368219
warmup_results_0_8_openbsd1_i7_4790___C-default-c.json#binarytrees---18,0.9692982456140351,0.9792843691148777,0.9903809157368219
warmup_results_0_8_openbsd1_i7_4790___C-default-c.json#binarytrees---19,0.9903567984570877,0.993705035971223,0.9903809157368219
warmup_results_0_8_openbsd1_i7_4790___C-default-c.json#binarytrees---2,0.9884942471235617,0.9762845849802373,0.9903809157368219
warmup_results_0_8_openbsd1_i7_4790___C-default-c.json#binarytrees---20,0.9617950272892662,0.9909480705097665,0.9903809157368219
warmup_results_0_8_openbsd1_i7_4790___C-default-c.json#binarytrees---21,0.9762845849802373,0.9909480705097665,0.9903809157368219
warmup_results_0_8_openbsd1_i7_4790___C-default-c.json#binarytrees---22,0.9850586979722519,0.9839060461070032,0.9903809157368219
warmup_results_0_8_openbsd1_i7_4790___C-default-c.json#binarytrees---23,0.9903567984570877,0.9909480705097665,0.9903809157368219
warmup_results_0_8_openbsd1_i7_4790___C-default-c.json#binarytrees---24,0.9785612196283946,0.9799906933457422,0.9903809157368219
warmup_results_0_8_openbsd1_i7_4790___C-default-c.json#binarytrees---25,0.9754877438719359,0.9826589595375721,0.9903809157368219
warmup_results_0_8_openbsd1_i7_4790___C-default-c.json#binarytrees---26,0.9785612196283946,0.9832893579595428,0.9903809157368219
warmup_results_0_8_openbsd1_i7_4790___C-default-c.json#binarytrees---27,0.9856781802864365,0.993705035971223,0.9903809157368219
warmup_results_0_8_openbsd1_i7_4790___C-default-c.json#binarytrees---28,0.9738327347357618,0.9770619814543681,0.9903809157368219
warmup_results_0_8_openbsd1_i7_4790___C-default-c.json#binarytrees---29,0.9778206364513019,0.9839060461070032,0.9903809157368219
warmup_results_0_8_openbsd1_i7_4790___C-default-c.json#binarytrees---3,0.9871729091841971,0.9952153110047847,0.9903809157368219
warmup_results_0_8_openbsd1_i7_4790___C-default-c.json#binarytrees---4,0.9770619814543681,0.9770619814543681,0.9903809157368219
warmup_results_0_8_openbsd1_i7_4790___C-default-c.json#binarytrees---5,0.9720905739863085,0.9813551614370168,0.9903809157368219
warmup_results_0_8_openbsd1_i7_4790___C-default-c.json#binarytrees---6,0.985100042571307,0.9785612196283946,0.9903809157368219
warmup_results_0_8_openbsd1_i7_4790___C-default-c.json#binarytrees---7,0.9720905739863085,0.9820143884892086,0.9903809157368219
warmup_results_0_8_openbsd1_i7_4790___C-default-c.json#binarytrees---8,0.9729729729729729,0.985100042571307,0.9903809157368219
warmup_results_0_8_openbsd1_i7_4790___C-default-c.json#binarytrees---9,0.9871729091841971,0.9799906933457422,0.9903809157368219
warmup_results_0_8_openbsd1_i7_4790___C-default-c.json#fannkuch_redux---0,0.9689440993788819,0.9871729091841971,0.9903809157368219
warmup_results_0_8_openbsd1_i7_4790___C-default-c.json#fannkuch_redux---1,0.704516129032258,0.7849056603773585,0.7450746268656716
warmup_results_0_8_openbsd1_i7_4790___C-default-c.json#fannkuch_redux---10,0.9533333333333334,0.9904761904761905,0.9992156862745099
warmup_results_0_8_openbsd1_i7_4790___C-default-c.json#fannkuch_redux---11,0.8977900552486189,0.9770619814543681,0.9894076108277758
warmup_results_0_8_openbsd1_i7_4790___C-default-c.json#fannkuch_redux---12,0.9111389236545683,0.9871729091841971,0.9903809157368219
warmup_results_0_8_openbsd1_i7_4790___C-default-c.json#fannkuch_redux---13,0.9701492537313433,0.9891304347826086,0.9903809157368219
warmup_results_0_8_openbsd1_i7_4790___C-default-c.json#fannkuch_redux---14,0.9533333333333334,0.9892682926829268,1.0
warmup_results_0_8_openbsd1_i7_4790___C-default-c.json#fannkuch_redux---15,0.9221967963386728,0.9835526315789475,0.9898989898989902
warmup_results_0_8_openbsd1_i7_4790___C-default-c.json#fannkuch_redux---16,0.9607390300230947,0.9664045746962115,0.9862442684451855
warmup_results_0_8_openbsd1_i7_4790___C-default-c.json#fannkuch_redux---17,0.9843158464034614,0.9915254237288135,0.9903809157368219
warmup_results_0_8_openbsd1_i7_4790___C-default-c.json#fannkuch_redux---18,0.9407236335642803,0.985100042571307,0.9903809157368219
warmup_results_0_8_openbsd1_i7_4790___C-default-c.json#fannkuch_redux---19,0.9539693128752501,0.9926402943882244,0.9903809157368219
warmup_results_0_8_openbsd1_i7_4790___C-default-c.json#fannkuch_redux---2,0.9802784222737819,0.9931787175989085,0.9903809157368219
warmup_results_0_8_openbsd1_i7_4790___C-default-c.json#fannkuch_redux---20,0.7137254901960784,0.6631884057971016,0.6842105263157896
warmup_results_0_8_openbsd1_i7_4790___C-default-c.json#fannkuch_redux---21,0.9199255121042831,0.9966301600673968,0.9898989898989902
warmup_results_0_8_openbsd1_i7_4790___C-default-c.json#fannkuch_redux---22,0.973531310522918,0.9884942471235617,0.9903809157368219
warmup_results_0_8_openbsd1_i7_4790___C-default-c.json#fannkuch_redux---23,0.9533333333333334,0.9837837837837837,1.0
warmup_results_0_8_openbsd1_i7_4790___C-default-c.json#fannkuch_redux---24,0.9221967963386728,0.9891304347826086,0.9894076108277758
warmup_results_0_8_openbsd1_i7_4790___C-default-c.json#fannkuch_redux---25,0.8977900552486189,0.9746707193515705,0.9903809157368219
warmup_results_0_8_openbsd1_i7_4790___C-default-c.json#fannkuch_redux---26,0.8914285714285713,0.9947826086956522,0.9629629629629629
warmup_results_0_8_openbsd1_i7_4790___C-default-c.json#fannkuch_redux---27,0.9843158464034614,0.9926402943882244,0.9903809157368219
warmup_results_0_8_openbsd1_i7_4790___C-default-c.json#fannkuch_redux---28,0.624,0.6522033898305085,0.6582278481012658
warmup_results_0_8_openbsd1_i7_4790___C-default-c.json#fannkuch_redux---29,0.973531310522918,0.9909480705097665,0.9903809157368219
warmup_results_0_8_openbsd1_i7_4790___C-default-c.json#fannkuch_redux---3,0.9762845849802373,0.9820143884892086,0.9903809157368219
warmup_results_0_8_openbsd1_i7_4790___C-default-c.json#fannkuch_redux---4,0.9864864864864865,0.9926402943882244,0.9903809157368219
warmup_results_0_8_openbsd1_i7_4790___C-default-c.json#fannkuch_redux---5,0.9729032258064515,0.9957446808510638,1.0
warmup_results_0_8_openbsd1_i7_4790___C-default-c.json#fannkuch_redux---6,0.9533333333333334,0.9837837837837837,1.0
warmup_results_0_8_openbsd1_i7_4790___C-default-c.json#fannkuch_redux---7,0.9591836734693878,0.9915254237288135,0.9903809157368219
warmup_results_0_8_openbsd1_i7_4790___C-default-c.json#fannkuch_redux---8,0.9463148316651502,0.9897510980966324,0.9903809157368219
warmup_results_0_8_openbsd1_i7_4790___C-default-c.json#fannkuch_redux---9,0.6499999999999999,0.9892682926829268,0.9122807017543859
warmup_results_0_8_openbsd1_i7_4790___C-default-c.json#fasta---0,0.9891304347826086,0.9835526315789475,0.9961685823754789
warmup_results_0_8_openbsd1_i7_4790___C-default-c.json#fasta---1,0.978494623655914,0.9394531250000001,0.9711846318036285
warmup_results_0_8_openbsd1_i7_4790___C-default-c.json#fasta---10,0.9720905739863085,0.9746707193515705,0.9894076108277758
warmup_results_0_8_openbsd1_i7_4790___C-default-c.json#fasta---11,0.9394531250000001,0.9463148316651502,0.9813551614370168
warmup_results_0_8_openbsd1_i7_4790___C-default-c.json#fasta---12,0.9839060461070032,0.995697074010327,0.9903809157368219
warmup_results_0_8_openbsd1_i7_4790___C-default-c.json#fasta---13,0.9894076108277758,0.9889064976228209,0.9903809157368219
warmup_results_0_8_openbsd1_i7_4790___C-default-c.json#fasta---14,0.9857819905213271,0.9827682045580879,0.9996076892899178
warmup_results_0_8_openbsd1_i7_4790___C-default-c.json#fasta---15,0.978494623655914,0.9857819905213271,0.9873417721518987
warmup_results_0_8_openbsd1_i7_4790___C-default-c.json#fasta---16,0.9883953581432574,0.9992076069730589,0.9903809157368219
warmup_results_0_8_openbsd1_i7_4790___C-default-c.json#fasta---17,0.9463148316651502,0.9441340782122905,0.9903567984570877
warmup_results_0_8_openbsd1_i7_4790___C-default-c.json#fasta---18,0.9813551614370168,0.9920893438808748,0.9894076108277758
warmup_results_0_8_openbsd1_i7_4790___C-default-c.json#fasta---19,0.9947229551451187,0.9966301600673968,0.9996076892899178
warmup_results_0_8_openbsd1_i7_4790___C-default-c.json#fasta---2,0.9947229551451187,0.9909480705097665,0.9894076108277758
warmup_results_0_8_openbsd1_i7_4790___C-default-c.json#fasta---20,0.9689440993788819,0.9636767976278725,0.9845094664371772
warmup_results_0_8_openbsd1_i7_4790___C-default-c.json#fasta---21,0.9591836734693878,0.9802784222737819,0.9970821175489787
warmup_results_0_8_openbsd1_i7_4790___C-default-c.json#fasta---22,0.975609756097561,0.9676966292134831,0.9947229551451187
warmup_results_0_8_openbsd1_i7_4790___C-default-c.json#fasta---23,0.9622356495468279,0.9607390300230947,0.9832893579595428
warmup_results_0_8_openbsd1_i7_4790___C-default-c.json#fasta---24,0.9832893579595428,0.9883953581432574,0.9898989898989902
warmup_results_0_8_openbsd1_i7_4790___C-default-c.json#fasta---25,0.9966301600673968,0.9966301600673968,0.9992076069730589
warmup_results_0_8_openbsd1_i7_4790___C-default-c.json#fasta---26,0.9711846318036285,0.9605911330049259,0.9883953581432574
warmup_results_0_8_openbsd1_i7_4790___C-default-c.json#fasta---27,0.9883953581432574,0.9894076108277758,0.9903809157368219
warmup_results_0_8_openbsd1_i7_4790___C-default-c.json#fasta---28,0.9987995198079231,0.9931787175989085,0.9903809157368219
warmup_results_0_8_openbsd1_i7_4790___C-default-c.json#fasta---29,0.9966301600673968,0.9970821175489787,0.9883953581432574
warmup_results_0_8_openbsd1_i7_4790___C-default-c.json#fasta---3,0.9407236335642803,0.9629629629629628,0.9862442684451855
warmup_results_0_8_openbsd1_i7_4790___C-default-c.json#fasta---4,0.9827682045580879,0.9897510980966324,0.9992076069730589
warmup_results_0_8_openbsd1_i7_4790___C-default-c.json#fasta---5,0.9580686149936468,0.9607390300230947,0.9806807727690893
warmup_results_0_8_openbsd1_i7_4790___C-default-c.json#fasta---6,0.9770619814543681,0.9839060461070032,0.9878738884397736
warmup_results_0_8_openbsd1_i7_4790___C-default-c.json#fasta---7,0.9692982456140351,0.9640965273690404,0.9845094664371772
warmup_results_0_8_openbsd1_i7_4790___C-default-c.json#fasta---8,0.9832893579595428,0.9605911330049259,0.9873417721518987
warmup_results_0_8_openbsd1_i7_4790___C-default-c.json#fasta---9,0.8927038626609441,0.7679324894514766,0.9673055242390078
warmup_results_0_8_openbsd1_i7_4790___C-default-c.json#nbody---1,0.9950298210735586,0.9434364994663822,0.9576629974597799
warmup_results_0_8_openbsd1_i7_4790___C-default-c.json#nbody---10,0.5093877551020408,0.4853333333333333,0.5045544554455447
warmup_results_0_8_openbsd1_i7_4790___C-default-c.json#nbody---12,0.9820143884892086,0.9346405228758171,0.9903809157368219
warmup_results_0_8_openbsd1_i7_4790___C-default-c.json#nbody---13,0.9293257514216084,0.9667994687915008,0.5989304812834223
warmup_results_0_8_openbsd1_i7_4790___C-default-c.json#nbody---14,0.9909480705097665,0.9580686149936468,0.9903809157368219
warmup_results_0_8_openbsd1_i7_4790___C-default-c.json#nbody---15,0.5962666666666667,0.5571428571428573,0.514851485148515
warmup_results_0_8_openbsd1_i7_4790___C-default-c.json#nbody---16,0.5269333333333333,0.5416666666666667,0.5098039215686274
warmup_results_0_8_openbsd1_i7_4790___C-default-c.json#nbody---17,0.9884942471235617,0.9898989898989902,0.9903809157368219
warmup_results_0_8_openbsd1_i7_4790___C-default-c.json#nbody---18,0.9151138716356109,0.961499493414387,0.7446057277363672
warmup_results_0_8_openbsd1_i7_4790___C-default-c.json#nbody---19,0.9891304347826086,0.9965156794425087,0.9739854318418315
warmup_results_0_8_openbsd1_i7_4790___C-default-c.json#nbody---2,0.8679245283018869,0.9636493228795436,0.5505393527766681
warmup_results_0_8_openbsd1_i7_4790___C-default-c.json#nbody---20,0.48000000000000004,0.3165217391304348,0.5045544554455447
warmup_results_0_8_openbsd1_i7_4790___C-default-c.json#nbody---22,0.9813551614370168,0.9903809157368219,0.9903809157368219
warmup_results_0_8_openbsd1_i7_4790___C-default-c.json#nbody---23,0.9662162162162163,0.9089813140446054,0.7023809523809523
warmup_results_0_8_openbsd1_i7_4790___C-default-c.json#nbody---24,0.9983831851253031,0.9522998296422487,0.9996076892899178
warmup_results_0_8_openbsd1_i7_4790___C-default-c.json#nbody---26,0.9820143884892086,0.9785612196283946,0.9903809157368219
warmup_results_0_8_openbsd1_i7_4790___C-default-c.json#nbody---27,0.9898989898989902,0.9607390300230947,0.9898989898989902
warmup_results_0_8_openbsd1_i7_4790___C-default-c.json#nbody---28,0.8633962264150944,0.8253968253968255,0.5098039215686274
warmup_results_0_8_openbsd1_i7_4790___C-default-c.json#nbody---29,0.49400000000000005,0.52,0.5098039215686274
warmup_results_0_8_openbsd1_i7_4790___C-default-c.json#nbody---3,0.8914285714285715,0.5473684210526315,0.5098039215686274
warmup_results_0_8_openbsd1_i7_4790___C-default-c.json#nbody---4,0.9884942471235617,0.9975247524752475,0.9903809157368219
warmup_results_0_8_openbsd1_i7_4790___C-default-c.json#nbody---6,0.8072202166064982,0.8991354466858791,0.7959183673469387
warmup_results_0_8_openbsd1_i7_4790___C-default-c.json#nbody---8,0.9966301600673968,0.9778206364513019,0.9903809157368219
warmup_results_0_8_openbsd1_i7_4790___C-default-c.json#nbody---9,0.35657142857142865,0.5546666666666666,0.5098039215686274
warmup_results_0_8_openbsd1_i7_4790___C-default-c.json#richards---0,0.9937777777777778,0.9966666666666667,0.9629629629629629
warmup_results_0_8_openbsd1_i7_4790___C-default-c.json#richards---1,0.9894076108277758,0.9878738884397736,0.9903809157368219
warmup_results_0_8_openbsd1_i7_4790___C-default-c.json#richards---10,0.9683157309616455,0.9878738884397736,0.9898989898989902
warmup_results_0_8_openbsd1_i7_4790___C-default-c.json#richards---11,0.9898989898989902,0.9894076108277758,0.9903809157368219
warmup_results_0_8_openbsd1_i7_4790___C-default-c.json#richards---12,0.9878738884397736,0.9883953581432574,0.9903809157368219
warmup_results_0_8_openbsd1_i7_4790___C-default-c.json#richards---13,0.9947229551451187,0.9979583503470805,0.9903809157368219
warmup_results_0_8_openbsd1_i7_4790___C-default-c.json#richards---14,0.9975510204081633,0.9984,1.0
warmup_results_0_8_openbsd1_i7_4790___C-default-c.json#richards---15,0.9926402943882244,0.9926402943882244,0.9903809157368219
warmup_results_0_8_openbsd1_i7_4790___C-default-c.json#richards---16,0.9099999999999999,0.6348051948051948,0.6190476190476191
warmup_results_0_8_openbsd1_i7_4790___C-default-c.json#richards---17,0.9862442684451855,0.9903809157368219,0.9903809157368219
warmup_results_0_8_openbsd1_i7_4790___C-default-c.json#richards---18,0.9952153110047847,0.9845094664371772,0.9903809157368219
warmup_results_0_8_openbsd1_i7_4790___C-default-c.json#richards---19,0.9906687402799378,0.9986979166666667,0.9844816883923029
warmup_results_0_8_openbsd1_i7_4790___C-default-c.json#richards---2,0.9878738884397736,0.9867986798679869,0.9903809157368219
warmup_results_0_8_openbsd1_i7_4790___C-default-c.json#richards---20,0.9533333333333335,0.9152000000000001,0.7999999999999998
warmup_results_0_8_openbsd1_i7_4790___C-default-c.json#richards---21,0.9889064976228209,0.9867986798679869,0.9903809157368219
warmup_results_0_8_openbsd1_i7_4790___C-default-c.json#richards---22,0.9909480705097665,0.9942196531791907,0.9903809157368219
warmup_results_0_8_openbsd1_i7_4790___C-default-c.json#richards---23,0.9867986798679869,0.9920893438808748,0.9903809157368219
warmup_results_0_8_openbsd1_i7_4790___C-default-c.json#richards---24,0.9640965273690404,0.985100042571307,0.9903809157368219
warmup_results_0_8_openbsd1_i7_4790___C-default-c.json#richards---25,0.985100042571307,0.9867986798679869,0.9903809157368219
warmup_results_0_8_openbsd1_i7_4790___C-default-c.json#richards---26,0.9878738884397736,0.9903809157368219,0.9903809157368219
warmup_results_0_8_openbsd1_i7_4790___C-default-c.json#richards---27,0.9961685823754789,0.9878738884397736,0.9903809157368219
warmup_results_0_8_openbsd1_i7_4790___C-default-c.json#richards---28,0.9873417721518987,0.9878738884397736,0.9903809157368219
warmup_results_0_8_openbsd1_i7_4790___C-default-c.json#richards---29,0.985100042571307,0.9862442684451855,0.9903809157368219
warmup_results_0_8_openbsd1_i7_4790___C-default-c.json#richards---3,0.6882352941176471,0.6705263157894737,0.6753246753246753
warmup_results_0_8_openbsd1_i7_4790___C-default-c.json#richards---4,1.0,1.0,0.981132075471698
warmup_results_0_8_openbsd1_i7_4790___C-default-c.json#richards---5,0.9958960328317373,0.9926578560939794,0.8657357679914072
warmup_results_0_8_openbsd1_i7_4790___C-default-c.json#richards---6,0.9975247524752475,0.9894076108277758,0.9903809157368219
warmup_results_0_8_openbsd1_i7_4790___C-default-c.json#richards---7,0.9947826086956522,0.9975510204081633,1.0
warmup_results_0_8_openbsd1_i7_4790___C-default-c.json#richards---8,0.9867986798679869,0.9898989898989902,0.9903809157368219
warmup_results_0_8_openbsd1_i7_4790___C-default-c.json#richards---9,0.9992156862745099,0.9984,1.0
warmup_results_0_8_openbsd1_i7_4790___C-default-c.json#spectralnorm---0,0.9931787175989085,0.9884942471235617,0.9996076892899178
warmup_results_0_8_openbsd1_i7_4790___C-default-c.json#spectralnorm---1,0.7406679764243616,0.9787816563997263,0.6316208681800081
warmup_results_0_8_openbsd1_i7_4790___C-default-c.json#spectralnorm---10,0.9903809157368219,0.9862442684451855,0.9903809157368219
warmup_results_0_8_openbsd1_i7_4790___C-default-c.json#spectralnorm---11,0.9894076108277758,0.9862442684451855,0.9898989898989902
warmup_results_0_8_openbsd1_i7_4790___C-default-c.json#spectralnorm---12,0.7295522388059701,0.9975510204081633,0.6753246753246753
warmup_results_0_8_openbsd1_i7_4790___C-default-c.json#spectralnorm---13,0.9894076108277758,0.9889064976228209,0.9903809157368219
warmup_results_0_8_openbsd1_i7_4790___C-default-c.json#spectralnorm---14,0.5479569892473118,0.9750000000000002,0.5098039215686274
warmup_results_0_8_openbsd1_i7_4790___C-default-c.json#spectralnorm---15,0.9584313725490196,0.9975510204081633,0.742857142857143
warmup_results_0_8_openbsd1_i7_4790___C-default-c.json#spectralnorm---16,0.9873417721518987,0.9856781802864365,0.9903809157368219
warmup_results_0_8_openbsd1_i7_4790___C-default-c.json#spectralnorm---17,0.9903809157368219,0.9873417721518987,0.9903809157368219
warmup_results_0_8_openbsd1_i7_4790___C-default-c.json#spectralnorm---18,0.5591397849462367,0.703529411764706,0.5360824742268041
warmup_results_0_8_openbsd1_i7_4790___C-default-c.json#spectralnorm---19,0.9898989898989902,0.9894076108277758,0.9903809157368219
warmup_results_0_8_openbsd1_i7_4790___C-default-c.json#spectralnorm---2,0.5922222222222222,0.5633333333333332,0.5492134831460674
warmup_results_0_8_openbsd1_i7_4790___C-default-c.json#spectralnorm---20,0.7860810039931546,0.9397590361445785,0.5397571484528005
warmup_results_0_8_openbsd1_i7_4790___C-default-c.json#spectralnorm---21,0.7686185332575326,0.9692058346839545,0.9228886168910648
warmup_results_0_8_openbsd1_i7_4790___C-default-c.json#spectralnorm---22,0.6203508771929824,0.9324137931034482,0.5925581395348837
warmup_results_0_8_openbsd1_i7_4790___C-default-c.json#spectralnorm---23,0.5091666666666667,0.9400000000000001,0.5098039215686274
warmup_results_0_8_openbsd1_i7_4790___C-default-c.json#spectralnorm---25,0.9898989898989902,0.9898989898989902,0.9903809157368219
warmup_results_0_8_openbsd1_i7_4790___C-default-c.json#spectralnorm---26,0.9867986798679869,0.9845094664371772,0.9903809157368219
warmup_results_0_8_openbsd1_i7_4790___C-default-c.json#spectralnorm---27,0.5725842696629214,0.5492134831460674,0.5252525252525253
warmup_results_0_8_openbsd1_i7_4790___C-default-c.json#spectralnorm---28,0.9883953581432574,0.9845094664371772,0.9903809157368219
warmup_results_0_8_openbsd1_i7_4790___C-default-c.json#spectralnorm---29,0.5093877551020408,0.559,0.52
warmup_results_0_8_openbsd1_i7_4790___C-default-c.json#spectralnorm---3,0.9894076108277758,0.985100042571307,0.9903809157368219
warmup_results_0_8_openbsd1_i7_4790___C-default-c.json#spectralnorm---4,0.8213507625272332,0.9950389794472005,0.6192893401015228
warmup_results_0_8_openbsd1_i7_4790___C-default-c.json#spectralnorm---5,0.6423529411764706,0.6618181818181817,0.6666666666666666
warmup_results_0_8_openbsd1_i7_4790___C-default-c.json#spectralnorm---6,0.9894076108277758,0.9820143884892086,0.9903809157368219
warmup_results_0_8_openbsd1_i7_4790___C-default-c.json#spectralnorm---7,0.9898989898989902,0.985100042571307,0.9903809157368219
warmup_results_0_8_openbsd1_i7_4790___C-default-c.json#spectralnorm---8,0.56,0.6483116883116885,0.52
warmup_results_0_8_openbsd1_i7_4790___C-default-c.json#spectralnorm---9,0.611764705882353,0.7248484848484849,0.5652173913043479
warmup_results_0_8_openbsd1_i7_4790___Hotspot-default-java.json#binarytrees---0,0.9930971007823286,0.9232531500572736,0.9902837155071902
warmup_results_0_8_openbsd1_i7_4790___Hotspot-default-java.json#binarytrees---1,0.951657458563536,0.9285714285714286,0.988791032826261
warmup_results_0_8_openbsd1_i7_4790___Hotspot-default-java.json#binarytrees---10,0.9560078791858175,0.908150064683053,0.9892984542211654
warmup_results_0_8_openbsd1_i7_4790___Hotspot-default-java.json#binarytrees---11,0.78,0.7863414634146341,0.8253968253968255
warmup_results_0_8_openbsd1_i7_4790___Hotspot-default-java.json#binarytrees---12,0.9635385534967125,0.9037433155080216,0.9902837155071902
warmup_results_0_8_openbsd1_i7_4790___Hotspot-default-java.json#binarytrees---13,0.8187234042553192,0.78,0.742857142857143
warmup_results_0_8_openbsd1_i7_4790___Hotspot-default-java.json#binarytrees---14,0.9804469273743017,0.9234972677595628,0.9902837155071902
warmup_results_0_8_openbsd1_i7_4790___Hotspot-default-java.json#binarytrees---15,0.9468317552804077,0.9614791987673343,0.9902837155071902
warmup_results_0_8_openbsd1_i7_4790___Hotspot-default-java.json#binarytrees---16,0.7896296296296296,0.585,0.7999999999999998
warmup_results_0_8_openbsd1_i7_4790___Hotspot-default-java.json#binarytrees---17,0.703529411764706,0.7234782608695653,0.7761194029850745
warmup_results_0_8_openbsd1_i7_4790___Hotspot-default-java.json#binarytrees---18,0.9726027397260273,0.9378757515030061,0.9902837155071902
warmup_results_0_8_openbsd1_i7_4790___Hotspot-default-java.json#binarytrees---19,0.9451038575667656,0.9285714285714286,0.9902837155071902
warmup_results_0_8_openbsd1_i7_4790___Hotspot-default-java.json#binarytrees---2,0.9908345393150024,0.9471766848816029,0.9902837155071902
warmup_results_0_8_openbsd1_i7_4790___Hotspot-default-java.json#binarytrees---20,0.9531568228105908,0.9451038575667656,0.9902837155071902
warmup_results_0_8_openbsd1_i7_4790___Hotspot-default-java.json#binarytrees---21,0.7923809523809524,0.72,0.7999999999999998
warmup_results_0_8_openbsd1_i7_4790___Hotspot-default-java.json#binarytrees---22,0.9707792207792206,0.9492430988423864,0.9902837155071902
warmup_results_0_8_openbsd1_i7_4790___Hotspot-default-java.json#binarytrees---23,0.9781553398058251,0.951219512195122,0.9897959183673471
warmup_results_0_8_openbsd1_i7_4790___Hotspot-default-java.json#binarytrees---24,0.8248275862068966,0.9736170212765959,0.8253968253968255
warmup_results_0_8_openbsd1_i7_4790___Hotspot-default-java.json#binarytrees---25,0.971703150026695,0.9646643109540635,0.9902837155071902
warmup_results_0_8_openbsd1_i7_4790___Hotspot-default-java.json#binarytrees---26,0.9849332759362892,0.9161603888213852,0.9882733522038011
warmup_results_0_8_openbsd1_i7_4790___Hotspot-default-java.json#binarytrees---27,0.7563636363636365,0.872258064516129,0.5909090909090909
warmup_results_0_8_openbsd1_i7_4790___Hotspot-default-java.json#binarytrees---28,0.9414483821263482,0.9583333333333334,0.9902837155071902
warmup_results_0_8_openbsd1_i7_4790___Hotspot-default-java.json#binarytrees---29,0.971703150026695,0.9531568228105908,0.9902837155071902
warmup_results_0_8_openbsd1_i7_4790___Hotspot-default-java.json#binarytrees---3,0.9741602067183462,0.959409594095941,0.9805598755832038
warmup_results_0_8_openbsd1_i7_4790___Hotspot-default-java.json#binarytrees---4,0.984092155787164,0.888558692421991,0.9902837155071902
warmup_results_0_8_openbsd1_i7_4790___Hotspot-default-java.json#binarytrees---5,0.9573643410852714,0.9683766690091357,0.9902837155071902
warmup_results_0_8_openbsd1_i7_4790___Hotspot-default-java.json#binarytrees---6,0.9726027397260273,0.9549248747913189,0.9902837155071902
warmup_results_0_8_openbsd1_i7_4790___Hotspot-default-java.json#binarytrees---7,0.9599499374217771,0.9378757515030061,0.9902837155071902
warmup_results_0_8_openbsd1_i7_4790___Hotspot-default-java.json#binarytrees---8,0.7941818181818182,0.7913043478260869,0.8253968253968255
warmup_results_0_8_openbsd1_i7_4790___Hotspot-default-java.json#binarytrees---9,0.9730794484569928,0.951219512195122,0.988791032826261
warmup_results_0_8_openbsd1_i7_4790___Hotspot-default-java.json#fannkuch_redux---0,0.9876796714579056,0.9825155104342921,0.9902837155071902
warmup_results_0_8_openbsd1_i7_4790___Hotspot-default-java.json#fannkuch_redux---1,0.8320000000000001,0.9769696969696969,1.0
warmup_results_0_8_openbsd1_i7_4790___Hotspot-default-java.json#fannkuch_redux---10,0.7511111111111111,0.7548387096774194,0.6753246753246753
warmup_results_0_8_openbsd1_i7_4790___Hotspot-default-java.json#fannkuch_redux---11,0.312,0.5886792452830188,0.6341463414634148
warmup_results_0_8_openbsd1_i7_4790___Hotspot-default-java.json#fannkuch_redux---12,0.5712676056338027,0.6101333333333333,0.6265060240963854
warmup_results_0_8_openbsd1_i7_4790___Hotspot-default-java.json#fannkuch_redux---13,0.6137704918032788,0.6066666666666667,0.5889156626506025
warmup_results_0_8_openbsd1_i7_4790___Hotspot-default-java.json#fannkuch_redux---14,0.9433106575963719,0.9688542825361515,0.9902837155071902
warmup_results_0_8_openbsd1_i7_4790___Hotspot-default-java.json#fannkuch_redux---15,0.6239999999999999,0.8914285714285713,0.7027027027027027
warmup_results_0_8_openbsd1_i7_4790___Hotspot-default-java.json#fannkuch_redux---16,0.13866666666666666,0.22749999999999998,0.6046511627906977
warmup_results_0_8_openbsd1_i7_4790___Hotspot-default-java.json#fannkuch_redux---18,0.7395555555555555,0.6374193548387096,0.5977011494252874
warmup_results_0_8_openbsd1_i7_4790___Hotspot-default-java.json#fannkuch_redux---19,0.5400000000000001,0.9400000000000001,0.6450632911392407
warmup_results_0_8_openbsd1_i7_4790___Hotspot-default-java.json#fannkuch_redux---2,0.3466666666666667,0.7531034482758621,0.611764705882353
warmup_results_0_8_openbsd1_i7_4790___Hotspot-default-java.json#fannkuch_redux---20,0.15294117647058822,0.5777777777777778,0.5977011494252874
warmup_results_0_8_openbsd1_i7_4790___Hotspot-default-java.json#fannkuch_redux---21,0.5672727272727273,0.6834285714285715,0.5909090909090909
warmup_results_0_8_openbsd1_i7_4790___Hotspot-default-java.json#fannkuch_redux---22,0.9790276453765493,0.9751647237709073,0.9902837155071902
warmup_results_0_8_openbsd1_i7_4790___Hotspot-default-java.json#fannkuch_redux---24,0.9782923299565848,0.9743326488706364,0.9902837155071902
warmup_results_0_8_openbsd1_i7_4790___Hotspot-default-java.json#fannkuch_redux---26,0.4244897959183674,0.670967741935484,0.5977011494252874
warmup_results_0_8_openbsd1_i7_4790___Hotspot-default-java.json#fannkuch_redux---29,0.6107936507936508,0.6212987012987014,0.5909090909090909
warmup_results_0_8_openbsd1_i7_4790___Hotspot-default-java.json#fannkuch_redux---4,0.041600000000000005,0.04727272727272727,0.5977011494252874
warmup_results_0_8_openbsd1_i7_4790___Hotspot-default-java.json#fannkuch_redux---5,0.11142857142857143,0.52,0.514851485148515
warmup_results_0_8_openbsd1_i7_4790___Hotspot-default-java.json#fannkuch_redux---7,0.29714285714285715,0.4378947368421053,0.6046511627906977
warmup_results_0_8_openbsd1_i7_4790___Hotspot-default-java.json#fannkuch_redux---9,0.8757894736842106,0.9482352941176472,0.9285714285714287
warmup_results_0_8_openbsd1_i7_4790___Hotspot-default-java.json#fasta---0,0.5737931034482759,0.5925581395348837,0.5777777777777778
warmup_results_0_8_openbsd1_i7_4790___Hotspot-default-java.json#fasta---1,0.6481159420289855,0.6187341772151899,0.5977011494252874
warmup_results_0_8_openbsd1_i7_4790___Hotspot-default-java.json#fasta---10,0.9960818458859382,0.9965546942291128,0.9781553398058253
warmup_results_0_8_openbsd1_i7_4790___Hotspot-default-java.json#fasta---11,0.40625,0.4986301369863014,0.5252525252525253
warmup_results_0_8_openbsd1_i7_4790___Hotspot-default-java.json#fasta---12,0.9951045838896306,0.9974704890387859,0.9781553398058253
warmup_results_0_8_openbsd1_i7_4790___Hotspot-default-java.json#fasta---13,0.9961256995264743,0.9979364424267437,0.9897959183673471
warmup_results_0_8_openbsd1_i7_4790___Hotspot-default-java.json#fasta---14,0.9940828402366864,0.9960818458859382,0.9775234981610135
warmup_results_0_8_openbsd1_i7_4790___Hotspot-default-java.json#fasta---15,0.5441860465116279,0.5379310344827586,0.5436363636363636
warmup_results_0_8_openbsd1_i7_4790___Hotspot-default-java.json#fasta---16,0.6266666666666666,0.5750588235294117,0.5431111111111111
warmup_results_0_8_openbsd1_i7_4790___Hotspot-default-java.json#fasta---17,0.5554545454545454,0.5725842696629214,0.5591397849462367
warmup_results_0_8_openbsd1_i7_4790___Hotspot-default-java.json#fasta---18,0.5707317073170731,0.5925581395348837,0.5977011494252874
warmup_results_0_8_openbsd1_i7_4790___Hotspot-default-java.json#fasta---19,0.5750588235294117,0.5725842696629214,0.5591397849462367
warmup_results_0_8_openbsd1_i7_4790___Hotspot-default-java.json#fasta---2,0.9991909385113269,1.0,0.9805598755832038
warmup_results_0_8_openbsd1_i7_4790___Hotspot-default-java.json#fasta---20,0.9799618320610688,0.9978911851539435,0.9672935404742438
warmup_results_0_8_openbsd1_i7_4790___Hotspot-default-java.json#fasta---21,0.9965546942291128,0.9979140592407175,1.0
warmup_results_0_8_openbsd1_i7_4790___Hotspot-default-java.json#fasta---22,0.5790909090909092,0.5591397849462367,0.5473684210526315
warmup_results_0_8_openbsd1_i7_4790___Hotspot-default-java.json#fasta---23,0.5453658536585365,0.5379310344827586,0.5492134831460674
warmup_results_0_8_openbsd1_i7_4790___Hotspot-default-java.json#fasta---24,0.9974704890387859,0.9979140592407175,0.9781553398058253
warmup_results_0_8_openbsd1_i7_4790___Hotspot-default-java.json#fasta---25,0.5546666666666666,0.5608988764044944,0.5652173913043479
warmup_results_0_8_openbsd1_i7_4790___Hotspot-default-java.json#fasta---26,0.9894842263395092,0.9955985915492958,0.9787745294353224
warmup_results_0_8_openbsd1_i7_4790___Hotspot-default-java.json#fasta---27,0.9815837937384899,0.9965546942291128,0.9781553398058253
warmup_results_0_8_openbsd1_i7_4790___Hotspot-default-java.json#fasta---28,0.5436363636363636,0.56,0.5591397849462367
warmup_results_0_8_openbsd1_i7_4790___Hotspot-default-java.json#fasta---29,0.5539130434782609,0.5608988764044944,0.553191489361702
warmup_results_0_8_openbsd1_i7_4790___Hotspot-default-java.json#fasta---3,0.9896907216494846,0.9987740089906009,0.9805598755832038
warmup_results_0_8_openbsd1_i7_4790___Hotspot-default-java.json#fasta---4,0.9945994599459945,0.9965546942291128,0.9781553398058253
warmup_results_0_8_openbsd1_i7_4790___Hotspot-default-java.json#fasta---5,0.6265060240963854,0.5662222222222223,0.5652173913043479
warmup_results_0_8_openbsd1_i7_4790___Hotspot-default-java.json#fasta---6,0.9654008438818567,0.9776859504132231,0.961089494163424
warmup_results_0_8_openbsd1_i7_4790___Hotspot-default-java.json#fasta---7,0.9894842263395092,0.9970174691095014,0.9781553398058253
warmup_results_0_8_openbsd1_i7_4790___Hotspot-default-java.json#fasta---8,0.9400000000000001,0.9776,0.8524590163934427
warmup_results_0_8_openbsd1_i7_4790___Hotspot-default-java.json#fasta---9,0.6077922077922078,0.5750588235294117,0.5618390804597702
warmup_results_0_8_openbsd1_i7_4790___Hotspot-default-java.json#nbody---0,0.985519591141397,0.9877450980392156,0.9882733522038011
warmup_results_0_8_openbsd1_i7_4790___Hotspot-default-java.json#nbody---1,0.9767671774592191,0.9902837155071902,0.9902837155071902
warmup_results_0_8_openbsd1_i7_4790___Hotspot-default-java.json#nbody---10,0.9696132596685083,0.985519591141397,0.988791032826261
warmup_results_0_8_openbsd1_i7_4790___Hotspot-default-java.json#nbody---11,0.9611829944547136,0.9837219533655962,0.9902837155071902
warmup_results_0_8_openbsd1_i7_4790___Hotspot-default-java.json#nbody---12,0.9782923299565848,0.9866555462885738,0.9892984542211654
warmup_results_0_8_openbsd1_i7_4790___Hotspot-default-java.json#nbody---13,0.9837219533655962,0.9892984542211654,0.9902837155071902
warmup_results_0_8_openbsd1_i7_4790___Hotspot-default-java.json#nbody---14,0.9707792207792206,0.9849332759362892,0.9882733522038011
warmup_results_0_8_openbsd1_i7_4790___Hotspot-default-java.json#nbody---15,0.971703150026695,0.9882733522038011,0.988791032826261
warmup_results_0_8_openbsd1_i7_4790___Hotspot-default-java.json#nbody---16,0.9573643410852714,0.986093552465234,0.9897959183673471
warmup_results_0_8_openbsd1_i7_4790___Hotspot-default-java.json#nbody---17,0.9734789391575662,0.9892984542211654,0.9902837155071902
warmup_results_0_8_openbsd1_i7_4790___Hotspot-default-java.json#nbody---18,0.9726027397260273,0.987205943045811,0.9897959183673471
warmup_results_0_8_openbsd1_i7_4790___Hotspot-default-java.json#nbody---19,0.9708078750848609,0.9979364424267437,0.9991993594875901
warmup_results_0_8_openbsd1_i7_4790___Hotspot-default-java.json#nbody---2,0.9914204003813155,0.9902837155071902,0.9902837155071902
warmup_results_0_8_openbsd1_i7_4790___Hotspot-default-java.json#nbody---20,0.9611829944547136,0.9866555462885738,0.9892984542211654
warmup_results_0_8_openbsd1_i7_4790___Hotspot-default-java.json#nbody---21,0.9734789391575662,0.9902837155071902,0.9902837155071902
warmup_results_0_8_openbsd1_i7_4790___Hotspot-default-java.json#nbody---22,0.984092155787164,0.9974979149291076,0.988791032826261
warmup_results_0_8_openbsd1_i7_4790___Hotspot-default-java.json#nbody---23,0.9668192219679634,0.9902837155071902,0.9902837155071902
warmup_results_0_8_openbsd1_i7_4790___Hotspot-default-java.json#nbody---24,0.9767671774592191,0.9902837155071902,0.9902837155071902
warmup_results_0_8_openbsd1_i7_4790___Hotspot-default-java.json#nbody---25,0.9876796714579056,0.9877450980392156,0.988791032826261
warmup_results_0_8_openbsd1_i7_4790___Hotspot-default-java.json#nbody---26,0.9772027110289588,0.9987868985038417,0.9987868985038417
warmup_results_0_8_openbsd1_i7_4790___Hotspot-default-java.json#nbody---27,0.9688542825361515,0.985519591141397,0.9892984542211654
warmup_results_0_8_openbsd1_i7_4790___Hotspot-default-java.json#nbody---28,0.994661921708185,0.9902837155071902,0.9902837155071902
warmup_results_0_8_openbsd1_i7_4790___Hotspot-default-java.json#nbody---29,0.9629629629629629,0.9877450980392156,0.9902837155071902
warmup_results_0_8_openbsd1_i7_4790___Hotspot-default-java.json#nbody---3,0.9688542825361515,0.9902837155071902,0.9902837155071902
warmup_results_0_8_openbsd1_i7_4790___Hotspot-default-java.json#nbody---4,0.988988988988989,0.9866555462885738,0.9902837155071902
warmup_results_0_8_openbsd1_i7_4790___Hotspot-default-java.json#nbody---5,0.9914204003813155,0.9983660130718954,0.9983660130718954
warmup_results_0_8_openbsd1_i7_4790___Hotspot-default-java.json#nbody---6,0.959409594095941,0.9805598755832038,0.9805598755832038
warmup_results_0_8_openbsd1_i7_4790___Hotspot-default-java.json#nbody---7,0.9843342036553526,0.9897959183673471,0.9902837155071902
warmup_results_0_8_openbsd1_i7_4790___Hotspot-default-java.json#nbody---8,0.9775390625000001,0.9877450980392156,0.9902837155071902
warmup_results_0_8_openbsd1_i7_4790___Hotspot-default-java.json#nbody---9,0.951657458563536,0.987205943045811,0.9882733522038011
warmup_results_0_8_openbsd1_i7_4790___Hotspot-default-java.json#richards---0,0.6586666666666666,0.7403389830508474,0.5842696629213483
warmup_results_0_8_openbsd1_i7_4790___Hotspot-default-java.json#richards---1,0.7115789473684211,0.7212903225806452,0.6753246753246753
warmup_results_0_8_openbsd1_i7_4790___Hotspot-default-java.json#richards---10,0.7013953488372092,0.5816949152542373,0.6582278481012658
warmup_results_0_8_openbsd1_i7_4790___Hotspot-default-java.json#richards---13,0.6464864864864865,0.6050909090909091,0.7222222222222223
warmup_results_0_8_openbsd1_i7_4790___Hotspot-default-java.json#richards---14,0.9682758620689655,0.5333333333333334,0.7177464788732395
warmup_results_0_8_openbsd1_i7_4790___Hotspot-default-java.json#richards---16,0.5747368421052632,0.6174999999999999,0.6419753086419754
warmup_results_0_8_openbsd1_i7_4790___Hotspot-default-java.json#richards---18,0.8878048780487805,0.78,0.6933333333333332
warmup_results_0_8_openbsd1_i7_4790___Hotspot-default-java.json#richards---19,0.9409523809523809,0.9043478260869565,0.8108474576271186
warmup_results_0_8_openbsd1_i7_4790___Hotspot-default-java.json#richards---20,0.9729032258064515,0.7799999999999999,0.8387096774193548
warmup_results_0_8_openbsd1_i7_4790___Hotspot-default-java.json#richards---21,0.9305263157894738,0.44200000000000006,0.7494117647058823
warmup_results_0_8_openbsd1_i7_4790___Hotspot-default-java.json#richards---22,0.4622222222222223,0.6162962962962962,0.6157894736842104
warmup_results_0_8_openbsd1_i7_4790___Hotspot-default-java.json#richards---24,0.8617142857142858,0.9305263157894736,0.6753246753246753
warmup_results_0_8_openbsd1_i7_4790___Hotspot-default-java.json#richards---25,0.8878048780487805,0.9099999999999999,0.6980821917808219
warmup_results_0_8_openbsd1_i7_4790___Hotspot-default-java.json#richards---27,0.49833333333333335,0.5026666666666667,0.5842696629213483
warmup_results_0_8_openbsd1_i7_4790___Hotspot-default-java.json#richards---28,0.9729032258064515,0.7857777777777778,0.6753246753246753
warmup_results_0_8_openbsd1_i7_4790___Hotspot-default-java.json#richards---5,0.7318518518518518,0.6782608695652175,0.637
warmup_results_0_8_openbsd1_i7_4790___Hotspot-default-java.json#richards---6,0.7331147540983606,0.7295522388059701,0.6753246753246753
warmup_results_0_8_openbsd1_i7_4790___Hotspot-default-java.json#richards---7,0.9568000000000001,0.608780487804878,0.7177464788732395
warmup_results_0_8_openbsd1_i7_4790___Hotspot-default-java.json#richards---9,0.9393548387096776,0.7150000000000001,0.7323943661971832
warmup_results_0_8_openbsd1_i7_4790___Hotspot-default-java.json#spectralnorm---0,0.9927272727272728,0.832,0.8253968253968255
warmup_results_0_8_openbsd1_i7_4790___Hotspot-default-java.json#spectralnorm---1,0.945992040932348,0.993006993006993,0.8534583821805393
warmup_results_0_8_openbsd1_i7_4790___Hotspot-default-java.json#spectralnorm---10,0.7545098039215685,0.7853061224489796,0.7878787878787878
warmup_results_0_8_openbsd1_i7_4790___Hotspot-default-java.json#spectralnorm---11,0.9517133956386292,0.8933092224231465,0.8534583821805393
warmup_results_0_8_openbsd1_i7_4790___Hotspot-default-java.json#spectralnorm---12,0.9873417721518988,0.98812351543943,0.9066002490660025
warmup_results_0_8_openbsd1_i7_4790___Hotspot-default-java.json#spectralnorm---13,0.9745127436281859,0.9757174392935983,0.8534583821805393
warmup_results_0_8_openbsd1_i7_4790___Hotspot-default-java.json#spectralnorm---14,0.9805714285714285,0.9805714285714285,0.981132075471698
warmup_results_0_8_openbsd1_i7_4790___Hotspot-default-java.json#spectralnorm---15,0.5893333333333333,0.6698305084745764,0.6500000000000001
warmup_results_0_8_openbsd1_i7_4790___Hotspot-default-java.json#spectralnorm---16,0.9917081260364843,0.9903354178510516,0.8534583821805393
warmup_results_0_8_openbsd1_i7_4790___Hotspot-default-java.json#spectralnorm---17,0.9857054070851461,0.9903354178510516,0.8534583821805393
warmup_results_0_8_openbsd1_i7_4790___Hotspot-default-java.json#spectralnorm---18,0.9767671774592191,0.9930971007823286,0.9902837155071902
warmup_results_0_8_openbsd1_i7_4790___Hotspot-default-java.json#spectralnorm---19,0.8914285714285713,0.815686274509804,0.7878787878787878
warmup_results_0_8_openbsd1_i7_4790___Hotspot-default-java.json#spectralnorm---2,0.9917081260364843,0.993006993006993,0.8534583821805393
warmup_results_0_8_openbsd1_i7_4790___Hotspot-default-java.json#spectralnorm---20,0.7374545454545455,0.7351724137931035,0.6419753086419754
warmup_results_0_8_openbsd1_i7_4790___Hotspot-default-java.json#spectralnorm---21,0.9583333333333334,0.9855846235985051,0.9902837155071902
warmup_results_0_8_openbsd1_i7_4790___Hotspot-default-java.json#spectralnorm---22,0.9910313901345291,0.9903354178510516,0.8534583821805393
warmup_results_0_8_openbsd1_i7_4790___Hotspot-default-java.json#spectralnorm---23,0.9857054070851461,0.878024193548387,0.8534583821805393
warmup_results_0_8_openbsd1_i7_4790___Hotspot-default-java.json#spectralnorm---24,0.9580924855491328,0.8868675383740763,0.8534583821805393
warmup_results_0_8_openbsd1_i7_4790___Hotspot-default-java.json#spectralnorm---25,0.993006993006993,0.993006993006993,0.8704663212435233
warmup_results_0_8_openbsd1_i7_4790___Hotspot-default-java.json#spectralnorm---26,0.9342177998894418,0.98812351543943,0.8704663212435233
warmup_results_0_8_openbsd1_i7_4790___Hotspot-default-java.json#spectralnorm---27,0.9855846235985051,0.9896193771626298,0.9902837155071902
warmup_results_0_8_openbsd1_i7_4790___Hotspot-default-java.json#spectralnorm---28,0.9108280254777071,0.98812351543943,0.8534583821805393
warmup_results_0_8_openbsd1_i7_4790___Hotspot-default-java.json#spectralnorm---29,0.988988988988989,0.9930971007823286,0.9902837155071902
warmup_results_0_8_openbsd1_i7_4790___Hotspot-default-java.json#spectralnorm---3,0.9772027110289588,0.9825155104342921,0.9902837155071902
warmup_results_0_8_openbsd1_i7_4790___Hotspot-default-java.json#spectralnorm---4,0.96,0.9805714285714285,1.0
warmup_results_0_8_openbsd1_i7_4790___Hotspot-default-java.json#spectralnorm---5,0.9729032258064515,0.8914285714285715,0.8125
warmup_results_0_8_openbsd1_i7_4790___Hotspot-default-java.json#spectralnorm---6,0.9726840855106887,0.9865361077111382,0.8534583821805393
warmup_results_0_8_openbsd1_i7_4790___Hotspot-default-java.json#spectralnorm---7,0.9903354178510516,0.9806181246726033,0.8534583821805393
warmup_results_0_8_openbsd1_i7_4790___Hotspot-default-java.json#spectralnorm---8,0.951219512195122,0.9816933638443935,0.9902837155071902
warmup_results_0_8_openbsd1_i7_4790___Hotspot-default-java.json#spectralnorm---9,0.9916279069767442,0.9916279069767442,1.0
warmup_results_0_8_openbsd1_i7_4790___LuaJIT-default-lua.json#binarytrees---11,0.7647058823529411,0.8977900552486189,0.9903809157368219
warmup_results_0_8_openbsd1_i7_4790___LuaJIT-default-lua.json#binarytrees---5,0.497391304347826,0.52,0.5909090909090909
warmup_results_0_8_openbsd1_i7_4790___LuaJIT-default-lua.json#fannkuch_redux---0,0.9895522388059702,0.9885931558935361,1.0
warmup_results_0_8_openbsd1_i7_4790___LuaJIT-default-lua.json#fannkuch_redux---1,0.9639024390243904,0.9316666666666668,0.9285714285714287
warmup_results_0_8_openbsd1_i7_4790___LuaJIT-default-lua.json#fannkuch_redux---10,0.9920893438808748,0.9942196531791907,0.9903809157368219
warmup_results_0_8_openbsd1_i7_4790___LuaJIT-default-lua.json#fannkuch_redux---11,0.9244444444444445,0.91265306122449,0.8387096774193548
warmup_results_0_8_openbsd1_i7_4790___LuaJIT-default-lua.json#fannkuch_redux---12,0.9931787175989085,0.9903567984570877,0.9903809157368219
warmup_results_0_8_openbsd1_i7_4790___LuaJIT-default-lua.json#fannkuch_redux---13,0.9897510980966324,0.9931787175989085,0.9903809157368219
warmup_results_0_8_openbsd1_i7_4790___LuaJIT-default-lua.json#fannkuch_redux---14,0.9897510980966324,0.9909480705097665,0.9903809157368219
warmup_results_0_8_openbsd1_i7_4790___LuaJIT-default-lua.json#fannkuch_redux---15,0.9920893438808748,0.993705035971223,1.0
warmup_results_0_8_openbsd1_i7_4790___LuaJIT-default-lua.json#fannkuch_redux---16,0.9884942471235617,0.9843158464034614,0.9903809157368219
warmup_results_0_8_openbsd1_i7_4790___LuaJIT-default-lua.json#fannkuch_redux---17,0.9857819905213271,0.9920893438808748,0.9903809157368219
warmup_results_0_8_openbsd1_i7_4790___LuaJIT-default-lua.json#fannkuch_redux---18,0.9891304347826086,0.9931787175989085,0.9903809157368219
warmup_results_0_8_openbsd1_i7_4790___LuaJIT-default-lua.json#fannkuch_redux---19,0.9827682045580879,0.9947229551451187,0.9903809157368219
warmup_results_0_8_openbsd1_i7_4790___LuaJIT-default-lua.json#fannkuch_redux---2,0.9850586979722519,0.9811320754716981,0.9903809157368219
warmup_results_0_8_openbsd1_i7_4790___LuaJIT-default-lua.json#fannkuch_redux---20,0.7327272727272728,0.8702040816326531,0.7605970149253731
warmup_results_0_8_openbsd1_i7_4790___LuaJIT-default-lua.json#fannkuch_redux---21,0.978494623655914,0.9920893438808748,0.9903809157368219
warmup_results_0_8_openbsd1_i7_4790___LuaJIT-default-lua.json#fannkuch_redux---22,0.9891304347826086,0.9926402943882244,0.9903809157368219
warmup_results_0_8_openbsd1_i7_4790___LuaJIT-default-lua.json#fannkuch_redux---23,0.9864864864864865,0.9897510980966324,0.9903809157368219
warmup_results_0_8_openbsd1_i7_4790___LuaJIT-default-lua.json#fannkuch_redux---24,0.6423529411764706,0.7263492063492063,0.6419753086419754
warmup_results_0_8_openbsd1_i7_4790___LuaJIT-default-lua.json#fannkuch_redux---25,0.971314209472982,0.9897510980966324,0.9903809157368219
warmup_results_0_8_openbsd1_i7_4790___LuaJIT-default-lua.json#fannkuch_redux---26,0.9811320754716981,0.9843158464034614,0.9903809157368219
warmup_results_0_8_openbsd1_i7_4790___LuaJIT-default-lua.json#fannkuch_redux---27,0.9891304347826086,0.9903567984570877,0.9903809157368219
warmup_results_0_8_openbsd1_i7_4790___LuaJIT-default-lua.json#fannkuch_redux---28,0.9720905739863085,0.9970821175489787,0.9903809157368219
warmup_results_0_8_openbsd1_i7_4790___LuaJIT-default-lua.json#fannkuch_redux---29,0.9793996468510889,0.9909480705097665,1.0
warmup_results_0_8_openbsd1_i7_4790___LuaJIT-default-lua.json#fannkuch_redux---3,0.9819616685456596,0.973531310522918,0.9903809157368219
warmup_results_0_8_openbsd1_i7_4790___LuaJIT-default-lua.json#fannkuch_redux---4,0.9966666666666667,0.9966666666666667,1.0
warmup_results_0_8_openbsd1_i7_4790___LuaJIT-default-lua.json#fannkuch_redux---5,0.9871729091841971,0.9897510980966324,0.9903809157368219
warmup_results_0_8_openbsd1_i7_4790___LuaJIT-default-lua.json#fannkuch_redux---6,0.9850586979722519,0.9878419452887537,0.9903809157368219
warmup_results_0_8_openbsd1_i7_4790___LuaJIT-default-lua.json#fannkuch_redux---7,0.9897510980966324,0.9920893438808748,0.9903809157368219
warmup_results_0_8_openbsd1_i7_4790___LuaJIT-default-lua.json#fannkuch_redux---8,0.9864864864864865,0.9835526315789475,0.9903809157368219
warmup_results_0_8_openbsd1_i7_4790___LuaJIT-default-lua.json#fannkuch_redux---9,0.975,0.9533333333333334,0.9285714285714287
warmup_results_0_8_openbsd1_i7_4790___LuaJIT-default-lua.json#fasta---0,0.9992156862745099,0.9975510204081633,0.8813559322033897
warmup_results_0_8_openbsd1_i7_4790___LuaJIT-default-lua.json#fasta---1,0.9952153110047847,0.9983831851253031,0.9903809157368219
warmup_results_0_8_openbsd1_i7_4790___LuaJIT-default-lua.json#fasta---10,0.8051612903225807,0.742857142857143,0.6419753086419754
warmup_results_0_8_openbsd1_i7_4790___LuaJIT-default-lua.json#fasta---11,0.9898989898989902,0.9889064976228209,0.9903809157368219
warmup_results_0_8_openbsd1_i7_4790___LuaJIT-default-lua.json#fasta---12,0.9992076069730589,0.9987995198079231,0.9903809157368219
warmup_results_0_8_openbsd1_i7_4790___LuaJIT-default-lua.json#fasta---13,0.9947229551451187,0.9987995198079231,0.9903809157368219
warmup_results_0_8_openbsd1_i7_4790___LuaJIT-default-lua.json#fasta---14,0.9883953581432574,0.9996076892899178,0.9898989898989902
warmup_results_0_8_openbsd1_i7_4790___LuaJIT-default-lua.json#fasta---15,0.637,0.6419753086419754,0.611764705882353
warmup_results_0_8_openbsd1_i7_4790___LuaJIT-default-lua.json#fasta---16,0.9898989898989902,0.9894076108277758,0.9903809157368219
warmup_results_0_8_openbsd1_i7_4790___LuaJIT-default-lua.json#fasta---17,0.9878738884397736,0.9979583503470805,0.9903809157368219
warmup_results_0_8_openbsd1_i7_4790___LuaJIT-default-lua.json#fasta---18,0.9983831851253031,0.9983831851253031,0.9903809157368219
warmup_results_0_8_openbsd1_i7_4790___LuaJIT-default-lua.json#fasta---19,0.9979583503470805,0.9992076069730589,0.9903809157368219
warmup_results_0_8_openbsd1_i7_4790___LuaJIT-default-lua.json#fasta---2,0.9979583503470805,0.9966301600673968,0.9903809157368219
warmup_results_0_8_openbsd1_i7_4790___LuaJIT-default-lua.json#fasta---20,0.6517333333333333,0.5942857142857143,0.5909090909090909
warmup_results_0_8_openbsd1_i7_4790___LuaJIT-default-lua.json#fasta---21,0.9975247524752475,0.9992076069730589,0.9903809157368219
warmup_results_0_8_openbsd1_i7_4790___LuaJIT-default-lua.json#fasta---22,0.976627712854758,0.9885527391659852,0.970828471411902
warmup_results_0_8_openbsd1_i7_4790___LuaJIT-default-lua.json#fasta---23,0.6794666666666667,0.611,0.5977011494252874
warmup_results_0_8_openbsd1_i7_4790___LuaJIT-default-lua.json#fasta---24,0.9996076892899178,0.9992076069730589,0.9903809157368219
warmup_results_0_8_openbsd1_i7_4790___LuaJIT-default-lua.json#fasta---25,0.9878738884397736,0.9873417721518987,0.9903809157368219
warmup_results_0_8_openbsd1_i7_4790___LuaJIT-default-lua.json#fasta---26,0.6886486486486486,0.6933333333333332,0.6190476190476191
warmup_results_0_8_openbsd1_i7_4790___LuaJIT-default-lua.json#fasta---27,0.9889064976228209,0.9878738884397736,0.9903809157368219
warmup_results_0_8_openbsd1_i7_4790___LuaJIT-default-lua.json#fasta---28,0.9878738884397736,0.9996076892899178,0.9903809157368219
warmup_results_0_8_openbsd1_i7_4790___LuaJIT-default-lua.json#fasta---29,0.9867986798679869,0.9894076108277758,0.9903809157368219
warmup_results_0_8_openbsd1_i7_4790___LuaJIT-default-lua.json#fasta---3,0.9979583503470805,0.9987995198079231,0.9903809157368219
warmup_results_0_8_openbsd1_i7_4790___LuaJIT-default-lua.json#fasta---4,0.9996076892899178,0.9996076892899178,0.9903809157368219
warmup_results_0_8_openbsd1_i7_4790___LuaJIT-default-lua.json#fasta---5,0.9894076108277758,0.9996076892899178,0.9903809157368219
warmup_results_0_8_openbsd1_i7_4790___LuaJIT-default-lua.json#fasta---6,0.6982857142857143,0.6500000000000001,0.6341463414634148
warmup_results_0_8_openbsd1_i7_4790___LuaJIT-default-lua.json#fasta---7,0.7605970149253731,0.6605405405405406,0.6190476190476191
warmup_results_0_8_openbsd1_i7_4790___LuaJIT-default-lua.json#fasta---8,0.9975247524752475,0.9996076892899178,0.9903809157368219
warmup_results_0_8_openbsd1_i7_4790___LuaJIT-default-lua.json#fasta---9,0.9800000000000001,0.9750000000000002,0.8387096774193548
warmup_results_0_8_openbsd1_i7_4790___LuaJIT-default-lua.json#nbody---0,0.9494382022471909,0.9845094664371772,0.9903809157368219
warmup_results_0_8_openbsd1_i7_4790___LuaJIT-default-lua.json#nbody---1,0.6294736842105263,0.6265060240963854,0.514851485148515
warmup_results_0_8_openbsd1_i7_4790___LuaJIT-default-lua.json#nbody---10,0.6265060240963854,0.611764705882353,0.5777777777777778
warmup_results_0_8_openbsd1_i7_4790___LuaJIT-default-lua.json#nbody---11,0.5714285714285715,0.5652173913043479,0.5591397849462367
warmup_results_0_8_openbsd1_i7_4790___LuaJIT-default-lua.json#nbody---12,0.985100042571307,0.9903809157368219,0.9903809157368219
warmup_results_0_8_openbsd1_i7_4790___LuaJIT-default-lua.json#nbody---13,0.6598984771573605,0.8109640831758035,0.6995033112582781
warmup_results_0_8_openbsd1_i7_4790___LuaJIT-default-lua.json#nbody---14,0.9418867924528302,0.8387096774193548,0.514851485148515
warmup_results_0_8_openbsd1_i7_4790___LuaJIT-default-lua.json#nbody---15,0.7185454545454545,0.611764705882353,0.5591397849462367
warmup_results_0_8_openbsd1_i7_4790___LuaJIT-default-lua.json#nbody---16,0.9832893579595428,0.9903809157368219,0.9903809157368219
warmup_results_0_8_openbsd1_i7_4790___LuaJIT-default-lua.json#nbody---17,0.9903809157368219,0.9903809157368219,0.9903809157368219
warmup_results_0_8_openbsd1_i7_4790___LuaJIT-default-lua.json#nbody---18,0.9867986798679869,0.9903809157368219,0.9903809157368219
warmup_results_0_8_openbsd1_i7_4790___LuaJIT-default-lua.json#nbody---19,0.9898989898989902,0.9903809157368219,0.9903809157368219
warmup_results_0_8_openbsd1_i7_4790___LuaJIT-default-lua.json#nbody---2,0.9903809157368219,0.9903809157368219,0.9903809157368219
warmup_results_0_8_openbsd1_i7_4790___LuaJIT-default-lua.json#nbody---20,0.9770619814543681,0.9903809157368219,0.9903809157368219
warmup_results_0_8_openbsd1_i7_4790___LuaJIT-default-lua.json#nbody---21,0.9898989898989902,0.9903809157368219,0.9903809157368219
warmup_results_0_8_openbsd1_i7_4790___LuaJIT-default-lua.json#nbody---22,0.7077777777777777,0.7027027027027027,0.5306122448979593
warmup_results_0_8_openbsd1_i7_4790___LuaJIT-default-lua.json#nbody---23,0.9867986798679869,0.9903809157368219,0.9903809157368219
warmup_results_0_8_openbsd1_i7_4790___LuaJIT-default-lua.json#nbody---24,0.9889064976228209,0.9894076108277758,0.9898989898989902
warmup_results_0_8_openbsd1_i7_4790___LuaJIT-default-lua.json#nbody---25,0.6864000000000001,0.5252525252525253,0.5098039215686274
warmup_results_0_8_openbsd1_i7_4790___LuaJIT-default-lua.json#nbody---26,0.9800853485064012,0.884502309953801,0.8159628051142969
warmup_results_0_8_openbsd1_i7_4790___LuaJIT-default-lua.json#nbody---27,0.9839060461070032,0.9903809157368219,0.9903809157368219
warmup_results_0_8_openbsd1_i7_4790___LuaJIT-default-lua.json#nbody---28,0.9820143884892086,0.9867986798679869,0.9898989898989902
warmup_results_0_8_openbsd1_i7_4790___LuaJIT-default-lua.json#nbody---29,0.9903809157368219,0.9903809157368219,0.9903809157368219
warmup_results_0_8_openbsd1_i7_4790___LuaJIT-default-lua.json#nbody---3,0.9898989898989902,0.9903809157368219,0.9903809157368219
warmup_results_0_8_openbsd1_i7_4790___LuaJIT-default-lua.json#nbody---4,0.9738327347357618,0.9903809157368219,0.9903809157368219
warmup_results_0_8_openbsd1_i7_4790___LuaJIT-default-lua.json#nbody---5,0.9629629629629628,0.9539693128752501,0.9894076108277758
warmup_results_0_8_openbsd1_i7_4790___LuaJIT-default-lua.json#nbody---6,0.5413698630136986,0.4967164179104478,0.514851485148515
warmup_results_0_8_openbsd1_i7_4790___LuaJIT-default-lua.json#nbody---7,0.9903809157368219,0.9903809157368219,0.9903809157368219
warmup_results_0_8_openbsd1_i7_4790___LuaJIT-default-lua.json#nbody---8,0.9878738884397736,0.9903809157368219,0.9903809157368219
warmup_results_0_8_openbsd1_i7_4790___LuaJIT-default-lua.json#nbody---9,0.96,0.8387096774193548,0.5098039215686274
warmup_results_0_8_openbsd1_i7_4790___LuaJIT-default-lua.json#richards---0,0.9775390625000001,0.9830960854092525,0.9902837155071902
warmup_results_0_8_openbsd1_i7_4790___LuaJIT-default-lua.json#richards---1,0.9727112676056338,0.9679547596606976,0.9805598755832038
warmup_results_0_8_openbsd1_i7_4790___LuaJIT-default-lua.json#richards---10,0.9907457811649428,0.9863663307646711,0.9890686488850023
warmup_results_0_8_openbsd1_i7_4790___LuaJIT-default-lua.json#richards---11,0.9828982898289828,0.9886731391585761,0.9805598755832038
warmup_results_0_8_openbsd1_i7_4790___LuaJIT-default-lua.json#richards---13,0.9914204003813155,0.9818016378525933,0.9902837155071902
warmup_results_0_8_openbsd1_i7_4790___LuaJIT-default-lua.json#richards---14,0.9868212967843965,0.9888438133874239,0.9901845308205733
warmup_results_0_8_openbsd1_i7_4790___LuaJIT-default-lua.json#richards---15,0.5960975609756098,0.585,0.553191489361702
warmup_results_0_8_openbsd1_i7_4790___LuaJIT-default-lua.json#richards---16,0.9952153110047847,0.9961685823754789,1.0
warmup_results_0_8_openbsd1_i7_4790___LuaJIT-default-lua.json#richards---17,0.9926402943882244,0.993705035971223,1.0
warmup_results_0_8_openbsd1_i7_4790___LuaJIT-default-lua.json#richards---19,0.5453658536585365,0.5134177215189873,0.5652173913043479
warmup_results_0_8_openbsd1_i7_4790___LuaJIT-default-lua.json#richards---20,0.9818016378525933,0.9811320754716982,0.9902837155071902
warmup_results_0_8_openbsd1_i7_4790___LuaJIT-default-lua.json#richards---21,0.9847627340008709,0.9787644787644788,0.9805598755832038
warmup_results_0_8_openbsd1_i7_4790___LuaJIT-default-lua.json#richards---22,0.962962962962963,0.9797101449275364,0.961089494163424
warmup_results_0_8_openbsd1_i7_4790___LuaJIT-default-lua.json#richards---23,0.49974025974025976,0.5546666666666666,0.52
warmup_results_0_8_openbsd1_i7_4790___LuaJIT-default-lua.json#richards---24,0.9513784461152883,0.9603603603603603,0.961089494163424
warmup_results_0_8_openbsd1_i7_4790___LuaJIT-default-lua.json#richards---26,0.9687936655798788,0.9930135072193759,0.9805598755832038
warmup_results_0_8_openbsd1_i7_4790___LuaJIT-default-lua.json#richards---27,0.9804469273743017,0.982456140350877,0.9902837155071902
warmup_results_0_8_openbsd1_i7_4790___LuaJIT-default-lua.json#richards---28,0.9983831851253031,0.9920893438808748,1.0
warmup_results_0_8_openbsd1_i7_4790___LuaJIT-default-lua.json#richards---29,0.9908015768725361,0.994535519125683,1.0
warmup_results_0_8_openbsd1_i7_4790___LuaJIT-default-lua.json#richards---3,0.962962962962963,0.9506607929515417,0.961089494163424
warmup_results_0_8_openbsd1_i7_4790___LuaJIT-default-lua.json#richards---4,0.9922705314009662,0.9949886104783598,1.0
warmup_results_0_8_openbsd1_i7_4790___LuaJIT-default-lua.json#richards---5,0.9866555462885738,0.9849332759362892,0.9902837155071902
warmup_results_0_8_openbsd1_i7_4790___LuaJIT-default-lua.json#richards---6,0.9811320754716982,0.9804469273743017,0.9902837155071902
warmup_results_0_8_openbsd1_i7_4790___LuaJIT-default-lua.json#richards---7,0.9704142011834319,0.975548060708263,0.9805598755832038
warmup_results_0_8_openbsd1_i7_4790___LuaJIT-default-lua.json#richards---8,0.9830960854092525,0.986093552465234,0.9902837155071902
warmup_results_0_8_openbsd1_i7_4790___LuaJIT-default-lua.json#richards---9,0.9976019184652278,0.9948979591836734,1.0
warmup_results_0_8_openbsd1_i7_4790___LuaJIT-default-lua.json#spectralnorm---0,0.9992076069730589,0.9996076892899178,0.9996076892899178
warmup_results_0_8_openbsd1_i7_4790___LuaJIT-default-lua.json#spectralnorm---1,0.9979583503470805,0.9996076892899178,0.9996076892899178
warmup_results_0_8_openbsd1_i7_4790___LuaJIT-default-lua.json#spectralnorm---10,0.9996076892899178,0.9996076892899178,0.9996076892899178
warmup_results_0_8_openbsd1_i7_4790___LuaJIT-default-lua.json#spectralnorm---11,0.9996076892899178,0.9996076892899178,0.9996076892899178
warmup_results_0_8_openbsd1_i7_4790___LuaJIT-default-lua.json#spectralnorm---12,0.6341463414634148,0.6341463414634148,0.6341463414634148
warmup_results_0_8_openbsd1_i7_4790___LuaJIT-default-lua.json#spectralnorm---13,0.9987995198079231,0.9996076892899178,0.9996076892899178
warmup_results_0_8_openbsd1_i7_4790___LuaJIT-default-lua.json#spectralnorm---14,0.9992076069730589,0.9996076892899178,0.9996076892899178
warmup_results_0_8_openbsd1_i7_4790___LuaJIT-default-lua.json#spectralnorm---15,1.0,1.0,1.0
warmup_results_0_8_openbsd1_i7_4790___LuaJIT-default-lua.json#spectralnorm---16,0.9992076069730589,0.9996076892899178,0.9996076892899178
warmup_results_0_8_openbsd1_i7_4790___LuaJIT-default-lua.json#spectralnorm---17,0.9992076069730589,0.9996076892899178,0.9996076892899178
warmup_results_0_8_openbsd1_i7_4790___LuaJIT-default-lua.json#spectralnorm---18,1.0,1.0,1.0
warmup_results_0_8_openbsd1_i7_4790___LuaJIT-default-lua.json#spectralnorm---19,0.9996076892899178,0.9996076892899178,0.9996076892899178
warmup_results_0_8_openbsd1_i7_4790___LuaJIT-default-lua.json#spectralnorm---2,0.9996076892899178,0.9996076892899178,0.9996076892899178
warmup_results_0_8_openbsd1_i7_4790___LuaJIT-default-lua.json#spectralnorm---20,0.6419753086419754,0.6419753086419754,0.6419753086419754
warmup_results_0_8_openbsd1_i7_4790___LuaJIT-default-lua.json#spectralnorm---21,0.9996076892899178,0.9996076892899178,0.9996076892899178
warmup_results_0_8_openbsd1_i7_4790___LuaJIT-default-lua.json#spectralnorm---22,0.9992076069730589,0.9996076892899178,0.9996076892899178
warmup_results_0_8_openbsd1_i7_4790___LuaJIT-default-lua.json#spectralnorm---23,0.9996076892899178,0.9996076892899178,0.9996076892899178
warmup_results_0_8_openbsd1_i7_4790___LuaJIT-default-lua.json#spectralnorm---24,0.6666666666666666,0.6666666666666666,0.6582278481012658
warmup_results_0_8_openbsd1_i7_4790___LuaJIT-default-lua.json#spectralnorm---25,0.9996076892899178,0.9996076892899178,0.9996076892899178
warmup_results_0_8_openbsd1_i7_4790___LuaJIT-default-lua.json#spectralnorm---26,1.0,1.0,1.0
warmup_results_0_8_openbsd1_i7_4790___LuaJIT-default-lua.json#spectralnorm---27,0.9979583503470805,0.9996076892899178,0.9996076892899178
warmup_results_0_8_openbsd1_i7_4790___LuaJIT-default-lua.json#spectralnorm---28,0.9996076892899178,0.9996076892899178,0.9996076892899178
warmup_results_0_8_openbsd1_i7_4790___LuaJIT-default-lua.json#spectralnorm---29,0.9992076069730589,0.9996076892899178,0.9996076892899178
warmup_results_0_8_openbsd1_i7_4790___LuaJIT-default-lua.json#spectralnorm---3,0.9992076069730589,0.9996076892899178,0.9996076892899178
warmup_results_0_8_openbsd1_i7_4790___LuaJIT-default-lua.json#spectralnorm---4,0.9983831851253031,0.9996076892899178,0.9996076892899178
warmup_results_0_8_openbsd1_i7_4790___LuaJIT-default-lua.json#spectralnorm---5,0.9996076892899178,0.9996076892899178,0.9996076892899178
warmup_results_0_8_openbsd1_i7_4790___LuaJIT-default-lua.json#spectralnorm---6,0.9996076892899178,0.9996076892899178,0.9996076892899178
warmup_results_0_8_openbsd1_i7_4790___LuaJIT-default-lua.json#spectralnorm---7,0.9992076069730589,0.9996076892899178,0.9996076892899178
warmup_results_0_8_openbsd1_i7_4790___LuaJIT-default-lua.json#spectralnorm---8,0.9996076892899178,0.9996076892899178,0.9996076892899178
warmup_results_0_8_openbsd1_i7_4790___LuaJIT-default-lua.json#spectralnorm---9,1.0,1.0,1.0
warmup_results_0_8_openbsd1_i7_4790___V8-default-javascript.json#binarytrees---0,0.6900858704137393,0.6569343065693432,0.5752666930067167
warmup_results_0_8_openbsd1_i7_4790___V8-default-javascript.json#binarytrees---1,0.9719626168224299,0.951657458563536,0.9866555462885738
warmup_results_0_8_openbsd1_i7_4790___V8-default-javascript.json#binarytrees---10,0.4652631578947369,0.7460869565217391,0.503578947368421
warmup_results_0_8_openbsd1_i7_4790___V8-default-javascript.json#binarytrees---11,0.5878260869565218,0.5698630136986301,0.5909090909090909
warmup_results_0_8_openbsd1_i7_4790___V8-default-javascript.json#binarytrees---12,0.3935135135135135,0.4952380952380952,0.5253608247422681
warmup_results_0_8_openbsd1_i7_4790___V8-default-javascript.json#binarytrees---13,0.9629629629629629,0.9775390625000001,0.9902837155071902
warmup_results_0_8_openbsd1_i7_4790___V8-default-javascript.json#binarytrees---14,0.5690566037735849,0.6091428571428571,0.6419753086419754
warmup_results_0_8_openbsd1_i7_4790___V8-default-javascript.json#binarytrees---15,0.6294736842105263,0.832,0.6265060240963854
warmup_results_0_8_openbsd1_i7_4790___V8-default-javascript.json#binarytrees---16,0.5277611940298508,0.6028985507246376,0.5672727272727274
warmup_results_0_8_openbsd1_i7_4790___V8-default-javascript.json#binarytrees---17,0.5326829268292683,0.6096551724137932,0.5492134831460674
warmup_results_0_8_openbsd1_i7_4790___V8-default-javascript.json#binarytrees---18,0.6155102040816327,0.5824,0.5842696629213483
warmup_results_0_8_openbsd1_i7_4790___V8-default-javascript.json#binarytrees---19,0.8564705882352941,0.5794285714285714,0.6265060240963854
warmup_results_0_8_openbsd1_i7_4790___V8-default-javascript.json#binarytrees---2,0.9393548387096776,0.624,0.6341463414634148
warmup_results_0_8_openbsd1_i7_4790___V8-default-javascript.json#binarytrees---20,0.9375000000000001,0.9734789391575662,0.9902837155071902
warmup_results_0_8_openbsd1_i7_4790___V8-default-javascript.json#binarytrees---21,0.6226259289843105,0.8364134154688571,0.6212664277180406
warmup_results_0_8_openbsd1_i7_4790___V8-default-javascript.json#binarytrees---22,0.9698299506308283,0.9855846235985051,0.9897959183673471
warmup_results_0_8_openbsd1_i7_4790___V8-default-javascript.json#binarytrees---23,0.8509090909090911,0.6750877192982455,0.52
warmup_results_0_8_openbsd1_i7_4790___V8-default-javascript.json#binarytrees---24,0.624,0.6126027397260274,0.6139759036144578
warmup_results_0_8_openbsd1_i7_4790___V8-default-javascript.json#binarytrees---25,0.8320000000000001,0.6212987012987014,0.5777777777777778
warmup_results_0_8_openbsd1_i7_4790___V8-default-javascript.json#binarytrees---26,0.4576,0.56,0.5649382716049383
warmup_results_0_8_openbsd1_i7_4790___V8-default-javascript.json#binarytrees---27,0.9031578947368423,0.8580000000000001,0.5714285714285715
warmup_results_0_8_openbsd1_i7_4790___V8-default-javascript.json#binarytrees---28,0.5777777777777777,0.6423529411764706,0.5539130434782609
warmup_results_0_8_openbsd1_i7_4790___V8-default-javascript.json#binarytrees---29,0.42095238095238097,0.6423529411764706,0.5777777777777778
warmup_results_0_8_openbsd1_i7_4790___V8-default-javascript.json#binarytrees---3,0.624,0.5824,0.5842696629213483
warmup_results_0_8_openbsd1_i7_4790___V8-default-javascript.json#binarytrees---4,0.48680851063829794,0.5294545454545455,0.4757446808510639
warmup_results_0_8_openbsd1_i7_4790___V8-default-javascript.json#binarytrees---5,0.9897510980966324,0.978494623655914,0.9996076892899178
warmup_results_0_8_openbsd1_i7_4790___V8-default-javascript.json#binarytrees---6,0.9933142311365807,0.9987336428872943,0.9995866060355519
warmup_results_0_8_openbsd1_i7_4790___V8-default-javascript.json#binarytrees---7,0.9531568228105908,0.9818016378525933,0.9902837155071902
warmup_results_0_8_openbsd1_i7_4790___V8-default-javascript.json#binarytrees---8,0.7676190476190476,0.6028985507246376,0.5925581395348837
warmup_results_0_8_openbsd1_i7_4790___V8-default-javascript.json#binarytrees---9,0.7428571428571429,0.5777777777777777,0.5253608247422681
warmup_results_0_8_openbsd1_i7_4790___V8-default-javascript.json#fannkuch_redux---0,0.9221967963386728,0.5803571428571428,1.0
warmup_results_0_8_openbsd1_i7_4790___V8-default-javascript.json#fannkuch_redux---1,0.918032786885246,0.5454545454545454,0.887104867034621
warmup_results_0_8_openbsd1_i7_4790___V8-default-javascript.json#fannkuch_redux---10,0.9766009852216749,0.9025367156208277,1.0
warmup_results_0_8_openbsd1_i7_4790___V8-default-javascript.json#fannkuch_redux---11,0.9724409448818898,0.8813559322033897,1.0
warmup_results_0_8_openbsd1_i7_4790___V8-default-javascript.json#fannkuch_redux---12,0.9884020618556701,0.513157894736842,0.9876665022200298
warmup_results_0_8_openbsd1_i7_4790___V8-default-javascript.json#fannkuch_redux---13,0.9636767976278725,0.6956521739130435,0.9996076892899178
warmup_results_0_8_openbsd1_i7_4790___V8-default-javascript.json#fannkuch_redux---14,0.9607390300230947,0.6265060240963856,0.9898989898989902
warmup_results_0_8_openbsd1_i7_4790___V8-default-javascript.json#fannkuch_redux---15,0.9533333333333334,0.6239999999999999,0.7962499999999999
warmup_results_0_8_openbsd1_i7_4790___V8-default-javascript.json#fannkuch_redux---16,0.9778206364513019,0.8435114503816794,0.9996076892899178
warmup_results_0_8_openbsd1_i7_4790___V8-default-javascript.json#fannkuch_redux---17,0.9701492537313433,0.9025367156208277,1.0
warmup_results_0_8_openbsd1_i7_4790___V8-default-javascript.json#fannkuch_redux---18,0.993705035971223,0.5803571428571428,0.9996076892899178
warmup_results_0_8_openbsd1_i7_4790___V8-default-javascript.json#fannkuch_redux---19,0.971314209472982,0.9025367156208277,0.9903809157368219
warmup_results_0_8_openbsd1_i7_4790___V8-default-javascript.json#fannkuch_redux---2,0.9503916449086163,0.6956521739130435,0.9898989898989902
warmup_results_0_8_openbsd1_i7_4790___V8-default-javascript.json#fannkuch_redux---20,0.9575660528422738,0.5226130653266331,0.9996076892899178
warmup_results_0_8_openbsd1_i7_4790___V8-default-javascript.json#fannkuch_redux---21,0.9878419452887537,0.7819548872180451,0.9996076892899178
warmup_results_0_8_openbsd1_i7_4790___V8-default-javascript.json#fannkuch_redux---22,0.9850586979722519,0.7449856733524354,0.9996076892899178
warmup_results_0_8_openbsd1_i7_4790___V8-default-javascript.json#fannkuch_redux---23,0.972195589645254,0.7489711934156378,0.8983739837398375
warmup_results_0_8_openbsd1_i7_4790___V8-default-javascript.json#fannkuch_redux---24,0.9926402943882244,0.7222222222222222,0.9898989898989902
warmup_results_0_8_openbsd1_i7_4790___V8-default-javascript.json#fannkuch_redux---25,0.9150485436893203,0.2096774193548387,0.9996076892899178
warmup_results_0_8_openbsd1_i7_4790___V8-default-javascript.json#fannkuch_redux---26,0.9225806451612903,0.9640449438202248,0.7990543735224587
warmup_results_0_8_openbsd1_i7_4790___V8-default-javascript.json#fannkuch_redux---27,0.995560488346282,0.7951070336391437,0.9091734786557675
warmup_results_0_8_openbsd1_i7_4790___V8-default-javascript.json#fannkuch_redux---28,0.8840000000000001,0.9495652173913045,0.6842105263157896
warmup_results_0_8_openbsd1_i7_4790___V8-default-javascript.json#fannkuch_redux---29,0.9441340782122905,0.9342915811088297,1.0
warmup_results_0_8_openbsd1_i7_4790___V8-default-javascript.json#fannkuch_redux---3,0.9928400954653939,0.8148148148148149,0.8316498316498318
warmup_results_0_8_openbsd1_i7_4790___V8-default-javascript.json#fannkuch_redux---4,0.9811320754716981,0.5226130653266331,0.9983831851253031
warmup_results_0_8_openbsd1_i7_4790___V8-default-javascript.json#fannkuch_redux---5,0.9857819905213271,0.5803571428571428,0.9996076892899178
warmup_results_0_8_openbsd1_i7_4790___V8-default-javascript.json#fannkuch_redux---6,0.9617950272892662,0.6265060240963856,0.9898989898989902
warmup_results_0_8_openbsd1_i7_4790___V8-default-javascript.json#fannkuch_redux---7,0.9778206364513019,0.6956521739130435,0.9894076108277758
warmup_results_0_8_openbsd1_i7_4790___V8-default-javascript.json#fannkuch_redux---8,0.973531310522918,0.6956521739130435,1.0
warmup_results_0_8_openbsd1_i7_4790___V8-default-javascript.json#fannkuch_redux---9,0.9970821175489787,0.7647058823529411,0.9992076069730589
warmup_results_0_8_openbsd1_i7_4790___V8-default-javascript.json#fasta---0,0.17333333333333334,0.14054054054054055,0.5714285714285715
warmup_results_0_8_openbsd1_i7_4790___V8-default-javascript.json#fasta---1,0.4254545454545454,0.3714285714285715,0.6753246753246753
warmup_results_0_8_openbsd1_i7_4790___V8-default-javascript.json#fasta---10,0.8528,0.7150000000000001,0.611764705882353
warmup_results_0_8_openbsd1_i7_4790___V8-default-javascript.json#fasta---11,0.3466666666666667,0.5777777777777778,0.6190476190476191
warmup_results_0_8_openbsd1_i7_4790___V8-default-javascript.json#fasta---12,0.5426086956521738,0.5893333333333333,0.6582278481012658
warmup_results_0_8_openbsd1_i7_4790___V8-default-javascript.json#fasta---13,0.6429090909090909,0.6155102040816327,0.5261176470588235
warmup_results_0_8_openbsd1_i7_4790___V8-default-javascript.json#fasta---14,0.5294545454545455,0.4747826086956522,0.5777777777777778
warmup_results_0_8_openbsd1_i7_4790___V8-default-javascript.json#fasta---15,0.36,0.3466666666666666,0.7027027027027027
warmup_results_0_8_openbsd1_i7_4790___V8-default-javascript.json#fasta---16,0.63375,0.60125,0.5777777777777778
warmup_results_0_8_openbsd1_i7_4790___V8-default-javascript.json#fasta---17,0.8028070175438596,0.7389473684210526,0.6500000000000001
warmup_results_0_8_openbsd1_i7_4790___V8-default-javascript.json#fasta---18,0.30588235294117655,0.33913043478260874,0.5977011494252874
warmup_results_0_8_openbsd1_i7_4790___V8-default-javascript.json#fasta---19,0.6702222222222222,0.7302127659574469,0.742857142857143
warmup_results_0_8_openbsd1_i7_4790___V8-default-javascript.json#fasta---2,0.6275862068965516,0.4963636363636364,0.5995294117647059
warmup_results_0_8_openbsd1_i7_4790___V8-default-javascript.json#fasta---20,0.6746506986027944,0.7788873038516405,0.9172154280338666
warmup_results_0_8_openbsd1_i7_4790___V8-default-javascript.json#fasta---21,0.5633333333333332,0.5804651162790698,0.7177464788732395
warmup_results_0_8_openbsd1_i7_4790___V8-default-javascript.json#fasta---22,0.597037037037037,0.6429090909090909,0.5977011494252874
warmup_results_0_8_openbsd1_i7_4790___V8-default-javascript.json#fasta---23,0.4652631578947368,0.28363636363636363,0.6666666666666666
warmup_results_0_8_openbsd1_i7_4790___V8-default-javascript.json#fasta---24,0.5387951807228916,0.5576811594202901,0.5431111111111111
warmup_results_0_8_openbsd1_i7_4790___V8-default-javascript.json#fasta---25,0.5652173913043479,0.5857471264367816,0.5416666666666667
warmup_results_0_8_openbsd1_i7_4790___V8-default-javascript.json#fasta---26,0.72,0.6298591549295774,0.5485714285714286
warmup_results_0_8_openbsd1_i7_4790___V8-default-javascript.json#fasta---27,0.4766666666666666,0.4220289855072464,0.5473684210526315
warmup_results_0_8_openbsd1_i7_4790___V8-default-javascript.json#fasta---28,0.7475,0.7453333333333333,0.6705263157894737
warmup_results_0_8_openbsd1_i7_4790___V8-default-javascript.json#fasta---29,0.5147474747474748,0.52,0.52
warmup_results_0_8_openbsd1_i7_4790___V8-default-javascript.json#fasta---3,0.8408510638297871,0.7008695652173914,0.6618181818181819
warmup_results_0_8_openbsd1_i7_4790___V8-default-javascript.json#fasta---4,0.60125,0.728,0.6753246753246753
warmup_results_0_8_openbsd1_i7_4790___V8-default-javascript.json#fasta---5,0.40181818181818185,0.4973913043478261,0.5872941176470589
warmup_results_0_8_openbsd1_i7_4790___V8-default-javascript.json#fasta---6,0.5652173913043479,0.5762162162162162,0.5473684210526315
warmup_results_0_8_openbsd1_i7_4790___V8-default-javascript.json#fasta---7,0.6388571428571428,0.7004081632653062,0.6341463414634148
warmup_results_0_8_openbsd1_i7_4790___V8-default-javascript.json#fasta---8,0.5964705882352942,0.6993103448275862,0.5714285714285715
warmup_results_0_8_openbsd1_i7_4790___V8-default-javascript.json#fasta---9,0.8768627450980392,0.7904000000000001,0.6695890410958903
warmup_results_0_8_openbsd1_i7_4790___V8-default-javascript.json#nbody---0,0.4603278688524589,0.49204301075268825,0.5098039215686274
warmup_results_0_8_openbsd1_i7_4790___V8-default-javascript.json#nbody---1,0.4714666666666667,0.5089361702127659,0.5098039215686274
warmup_results_0_8_openbsd1_i7_4790___V8-default-javascript.json#nbody---10,0.7563636363636365,0.6162962962962962,0.5252525252525253
warmup_results_0_8_openbsd1_i7_4790___V8-default-javascript.json#nbody---11,0.9909480705097665,0.9979583503470805,0.9903809157368219
warmup_results_0_8_openbsd1_i7_4790___V8-default-javascript.json#nbody---12,0.6,0.5126760563380283,0.52
warmup_results_0_8_openbsd1_i7_4790___V8-default-javascript.json#nbody---13,0.5830303030303031,0.5737931034482759,0.5098039215686274
warmup_results_0_8_openbsd1_i7_4790___V8-default-javascript.json#nbody---14,0.9676966292134831,0.9891304347826086,0.9898989898989902
warmup_results_0_8_openbsd1_i7_4790___V8-default-javascript.json#nbody---15,0.5128767123287672,0.52,0.514851485148515
warmup_results_0_8_openbsd1_i7_4790___V8-default-javascript.json#nbody---16,0.9864864864864865,0.9931787175989085,0.9903809157368219
warmup_results_0_8_openbsd1_i7_4790___V8-default-javascript.json#nbody---17,0.9692982456140351,0.993705035971223,0.9903809157368219
warmup_results_0_8_openbsd1_i7_4790___V8-default-javascript.json#nbody---18,0.9766009852216749,0.9970821175489787,0.9903809157368219
warmup_results_0_8_openbsd1_i7_4790___V8-default-javascript.json#nbody---19,0.9558823529411765,0.9622356495468279,0.9898989898989902
warmup_results_0_8_openbsd1_i7_4790___V8-default-javascript.json#nbody---2,0.975609756097561,0.9926402943882244,0.9996076892899178
warmup_results_0_8_openbsd1_i7_4790___V8-default-javascript.json#nbody---20,0.6021052631578947,0.52,0.5098039215686274
warmup_results_0_8_openbsd1_i7_4790___V8-default-javascript.json#nbody---21,0.5866666666666668,0.5695238095238095,0.5652173913043479
warmup_results_0_8_openbsd1_i7_4790___V8-default-javascript.json#nbody---22,0.4986301369863014,0.5323809523809524,0.5098039215686274
warmup_results_0_8_openbsd1_i7_4790___V8-default-javascript.json#nbody---23,0.5546666666666666,0.5652173913043479,0.5098039215686274
warmup_results_0_8_openbsd1_i7_4790___V8-default-javascript.json#nbody---24,0.6107936507936508,0.5028571428571428,0.5098039215686274
warmup_results_0_8_openbsd1_i7_4790___V8-default-javascript.json#nbody---25,0.6050909090909091,0.52,0.5098039215686274
warmup_results_0_8_openbsd1_i7_4790___V8-default-javascript.json#nbody---26,0.42899999999999994,0.5960975609756098,0.514851485148515
warmup_results_0_8_openbsd1_i7_4790___V8-default-javascript.json#nbody---27,0.5566197183098591,0.5777777777777778,0.514851485148515
warmup_results_0_8_openbsd1_i7_4790___V8-default-javascript.json#nbody---28,0.9864864864864865,0.9839060461070032,0.9903809157368219
warmup_results_0_8_openbsd1_i7_4790___V8-default-javascript.json#nbody---29,0.50375,0.4808602150537634,0.5098039215686274
warmup_results_0_8_openbsd1_i7_4790___V8-default-javascript.json#nbody---3,0.5002531645569621,0.5079069767441861,0.514851485148515
warmup_results_0_8_openbsd1_i7_4790___V8-default-javascript.json#nbody---4,0.5893333333333333,0.5628235294117648,0.5098039215686274
warmup_results_0_8_openbsd1_i7_4790___V8-default-javascript.json#nbody---5,0.44571428571428573,0.5520987654320988,0.514851485148515
warmup_results_0_8_openbsd1_i7_4790___V8-default-javascript.json#nbody---6,0.4506666666666667,0.5086956521739131,0.5098039215686274
warmup_results_0_8_openbsd1_i7_4790___V8-default-javascript.json#nbody---7,0.6107936507936508,0.5453658536585365,0.5098039215686274
warmup_results_0_8_openbsd1_i7_4790___V8-default-javascript.json#nbody---8,0.9650655021834061,0.9920893438808748,0.9898989898989902
warmup_results_0_8_openbsd1_i7_4790___V8-default-javascript.json#nbody---9,0.9903567984570877,0.9987995198079231,0.9903809157368219
warmup_results_0_8_openbsd1_i7_4790___V8-default-javascript.json#richards---0,0.9682758620689655,0.8130909090909092,0.8427586206896552
warmup_results_0_8_openbsd1_i7_4790___V8-default-javascript.json#richards---1,0.8706976744186047,0.8728571428571428,0.8493333333333334
warmup_results_0_8_openbsd1_i7_4790___V8-default-javascript.json#richards---10,0.9359999999999999,0.9788235294117648,1.0
warmup_results_0_8_openbsd1_i7_4790___V8-default-javascript.json#richards---11,0.9774436090225563,0.9917914051183003,0.9752770673486787
warmup_results_0_8_openbsd1_i7_4790___V8-default-javascript.json#richards---12,0.982276119402985,0.9842271293375393,0.9702262802699485
warmup_results_0_8_openbsd1_i7_4790___V8-default-javascript.json#richards---13,0.9917914051183003,0.9917914051183003,0.9991823385118562
warmup_results_0_8_openbsd1_i7_4790___V8-default-javascript.json#richards---14,0.9912023460410556,0.998330550918197,0.9803613511390417
warmup_results_0_8_openbsd1_i7_4790___V8-default-javascript.json#richards---15,0.5942857142857142,0.7475,0.7027027027027027
warmup_results_0_8_openbsd1_i7_4790___V8-default-javascript.json#richards---16,0.9912023460410556,0.9955476402493322,0.9900833002776677
warmup_results_0_8_openbsd1_i7_4790___V8-default-javascript.json#richards---17,0.9774436090225563,0.9697396199859254,1.0
warmup_results_0_8_openbsd1_i7_4790___V8-default-javascript.json#richards---18,0.96,0.9957446808510638,1.0
warmup_results_0_8_openbsd1_i7_4790___V8-default-javascript.json#richards---19,0.9774436090225563,0.9991823385118562,0.9991823385118562
warmup_results_0_8_openbsd1_i7_4790___V8-default-javascript.json#richards---2,0.9954421148587056,0.9888383629599007,0.9799518845228549
warmup_results_0_8_openbsd1_i7_4790___V8-default-javascript.json#richards---20,0.8146666666666667,0.7721212121212122,0.6666666666666666
warmup_results_0_8_openbsd1_i7_4790___V8-default-javascript.json#richards---21,0.9917914051183003,0.9960369881109643,1.0
warmup_results_0_8_openbsd1_i7_4790___V8-default-javascript.json#richards---22,0.9993011879804333,0.9993011879804333,1.0
warmup_results_0_8_openbsd1_i7_4790___V8-default-javascript.json#richards---23,0.9917914051183003,0.9965156794425087,1.0
warmup_results_0_8_openbsd1_i7_4790___V8-default-javascript.json#richards---24,0.9917914051183003,0.9923664122137404,0.9797699325664418
warmup_results_0_8_openbsd1_i7_4790___V8-default-javascript.json#richards---25,0.9873417721518988,0.9923664122137404,0.9890732496964793
warmup_results_0_8_openbsd1_i7_4790___V8-default-javascript.json#richards---26,0.9811320754716981,0.9889064976228209,0.9995821145006267
warmup_results_0_8_openbsd1_i7_4790___V8-default-javascript.json#richards---27,0.8437735849056605,0.8493333333333334,0.8524590163934427
warmup_results_0_8_openbsd1_i7_4790___V8-default-javascript.json#richards---28,0.9978911851539435,0.9991823385118562,1.0
warmup_results_0_8_openbsd1_i7_4790___V8-default-javascript.json#richards---29,0.9764481222151496,0.9929278642149929,0.996984058595433
warmup_results_0_8_openbsd1_i7_4790___V8-default-javascript.json#richards---3,0.9905987135081643,0.995047276001801,1.0
warmup_results_0_8_openbsd1_i7_4790___V8-default-javascript.json#richards---4,0.9971056439942112,0.9993136582017845,1.0
warmup_results_0_8_openbsd1_i7_4790___V8-default-javascript.json#richards---5,0.9629629629629629,0.9947826086956522,1.0
warmup_results_0_8_openbsd1_i7_4790___V8-default-javascript.json#richards---6,0.8400000000000001,0.7341176470588237,0.742857142857143
warmup_results_0_8_openbsd1_i7_4790___V8-default-javascript.json#richards---7,0.6530232558139535,0.6825,0.6794666666666667
warmup_results_0_8_openbsd1_i7_4790___V8-default-javascript.json#richards---8,0.9629629629629629,0.989345509893455,1.0
warmup_results_0_8_openbsd1_i7_4790___V8-default-javascript.json#richards---9,0.9730538922155689,0.9825957235206366,0.9889429455992923
warmup_results_0_8_openbsd1_i7_4790___V8-default-javascript.json#spectralnorm---0,0.5834146341463414,0.5431111111111111,0.5431111111111111
warmup_results_0_8_openbsd1_i7_4790___V8-default-javascript.json#spectralnorm---1,0.5453658536585365,0.5431111111111111,0.5431111111111111
warmup_results_0_8_openbsd1_i7_4790___V8-default-javascript.json#spectralnorm---10,0.5431111111111111,0.5431111111111111,0.5431111111111111
warmup_results_0_8_openbsd1_i7_4790___V8-default-javascript.json#spectralnorm---11,0.6034567901234568,0.5750588235294117,0.5618390804597702
warmup_results_0_8_openbsd1_i7_4790___V8-default-javascript.json#spectralnorm---12,0.5628235294117648,0.5695238095238095,0.5431111111111111
warmup_results_0_8_openbsd1_i7_4790___V8-default-javascript.json#spectralnorm---13,0.5733333333333333,0.5714285714285715,0.553191489361702
warmup_results_0_8_openbsd1_i7_4790___V8-default-javascript.json#spectralnorm---14,0.5628235294117648,0.5479569892473118,0.553191489361702
warmup_results_0_8_openbsd1_i7_4790___V8-default-javascript.json#spectralnorm---15,0.5807792207792207,0.5498850574712644,0.5498850574712644
warmup_results_0_8_openbsd1_i7_4790___V8-default-javascript.json#spectralnorm---16,0.5750588235294117,0.56,0.5591397849462367
warmup_results_0_8_openbsd1_i7_4790___V8-default-javascript.json#spectralnorm---17,0.5842696629213483,0.553191489361702,0.553191489361702
warmup_results_0_8_openbsd1_i7_4790___V8-default-javascript.json#spectralnorm---18,0.5695238095238095,0.5431111111111111,0.5431111111111111
warmup_results_0_8_openbsd1_i7_4790___V8-default-javascript.json#spectralnorm---19,0.6046511627906977,0.5652173913043479,0.5652173913043479
warmup_results_0_8_openbsd1_i7_4790___V8-default-javascript.json#spectralnorm---2,0.5763855421686747,0.553191489361702,0.553191489361702
warmup_results_0_8_openbsd1_i7_4790___V8-default-javascript.json#spectralnorm---20,0.5942857142857143,0.5662222222222223,0.553191489361702
warmup_results_0_8_openbsd1_i7_4790___V8-default-javascript.json#spectralnorm---21,0.5269333333333333,0.4819512195121951,0.49523809523809526
warmup_results_0_8_openbsd1_i7_4790___V8-default-javascript.json#spectralnorm---22,0.5505882352941177,0.5714285714285715,0.553191489361702
warmup_results_0_8_openbsd1_i7_4790___V8-default-javascript.json#spectralnorm---23,0.5562790697674419,0.5498850574712644,0.5554545454545454
warmup_results_0_8_openbsd1_i7_4790___V8-default-javascript.json#spectralnorm---24,0.5453658536585365,0.5375280898876404,0.5431111111111111
warmup_results_0_8_openbsd1_i7_4790___V8-default-javascript.json#spectralnorm---25,0.5628235294117648,0.5436363636363636,0.5431111111111111
warmup_results_0_8_openbsd1_i7_4790___V8-default-javascript.json#spectralnorm---26,0.6133333333333334,0.5750588235294117,0.5750588235294117
warmup_results_0_8_openbsd1_i7_4790___V8-default-javascript.json#spectralnorm---27,0.5977011494252874,0.5909090909090909,0.5777777777777778
warmup_results_0_8_openbsd1_i7_4790___V8-default-javascript.json#spectralnorm---28,0.5909090909090909,0.5777777777777778,0.553191489361702
warmup_results_0_8_openbsd1_i7_4790___V8-default-javascript.json#spectralnorm---29,0.5747368421052631,0.5375280898876404,0.5431111111111111
warmup_results_0_8_openbsd1_i7_4790___V8-default-javascript.json#spectralnorm---3,0.5889156626506025,0.5431111111111111,0.5431111111111111
warmup_results_0_8_openbsd1_i7_4790___V8-default-javascript.json#spectralnorm---4,0.6066666666666666,0.5842696629213483,0.5591397849462367
warmup_results_0_8_openbsd1_i7_4790___V8-default-javascript.json#spectralnorm---5,0.5662222222222223,0.553191489361702,0.553191489361702
warmup_results_0_8_openbsd1_i7_4790___V8-default-javascript.json#spectralnorm---6,0.5608988764044944,0.5479569892473118,0.553191489361702
warmup_results_0_8_openbsd1_i7_4790___V8-default-javascript.json#spectralnorm---7,0.5608988764044944,0.5539130434782609,0.553191489361702
warmup_results_0_8_openbsd1_i7_4790___V8-default-javascript.json#spectralnorm---8,0.56,0.5479569892473118,0.553191489361702
warmup_results_0_8_openbsd1_i7_4790___V8-default-javascript.json#spectralnorm---9,0.5777777777777778,0.5652173913043479,0.5652173913043479
