id,model
HdrHistogram__HdrHistogram#bench.HdrHistogramEncodingBench.encodeIntoCompressedByteBuffer#latencySeriesName=case1&numberOfSignificantValueDigits=2---0,Rocket
HdrHistogram__HdrHistogram#bench.HdrHistogramEncodingBench.encodeIntoCompressedByteBuffer#latencySeriesName=case1&numberOfSignificantValueDigits=2---1,Rocket
HdrHistogram__HdrHistogram#bench.HdrHistogramEncodingBench.encodeIntoCompressedByteBuffer#latencySeriesName=case1&numberOfSignificantValueDigits=2---2,Rocket
HdrHistogram__HdrHistogram#bench.HdrHistogramEncodingBench.encodeIntoCompressedByteBuffer#latencySeriesName=case1&numberOfSignificantValueDigits=2---3,Rocket
HdrHistogram__HdrHistogram#bench.HdrHistogramEncodingBench.encodeIntoCompressedByteBuffer#latencySeriesName=case1&numberOfSignificantValueDigits=2---4,Rocket
HdrHistogram__HdrHistogram#bench.HdrHistogramEncodingBench.encodeIntoCompressedByteBuffer#latencySeriesName=case1&numberOfSignificantValueDigits=2---5,Rocket
HdrHistogram__HdrHistogram#bench.HdrHistogramEncodingBench.encodeIntoCompressedByteBuffer#latencySeriesName=case1&numberOfSignificantValueDigits=2---6,Rocket
HdrHistogram__HdrHistogram#bench.HdrHistogramEncodingBench.encodeIntoCompressedByteBuffer#latencySeriesName=case1&numberOfSignificantValueDigits=2---7,Rocket
HdrHistogram__HdrHistogram#bench.HdrHistogramEncodingBench.encodeIntoCompressedByteBuffer#latencySeriesName=case1&numberOfSignificantValueDigits=2---8,Rocket
HdrHistogram__HdrHistogram#bench.HdrHistogramEncodingBench.encodeIntoCompressedByteBuffer#latencySeriesName=case1&numberOfSignificantValueDigits=2---9,Rocket
HdrHistogram__HdrHistogram#bench.HdrHistogramEncodingBench.encodeIntoCompressedByteBuffer#latencySeriesName=case2&numberOfSignificantValueDigits=2---0,Rocket
HdrHistogram__HdrHistogram#bench.HdrHistogramEncodingBench.encodeIntoCompressedByteBuffer#latencySeriesName=case2&numberOfSignificantValueDigits=2---1,Rocket
HdrHistogram__HdrHistogram#bench.HdrHistogramEncodingBench.encodeIntoCompressedByteBuffer#latencySeriesName=case2&numberOfSignificantValueDigits=2---2,Rocket
HdrHistogram__HdrHistogram#bench.HdrHistogramEncodingBench.encodeIntoCompressedByteBuffer#latencySeriesName=case2&numberOfSignificantValueDigits=2---3,Rocket
HdrHistogram__HdrHistogram#bench.HdrHistogramEncodingBench.encodeIntoCompressedByteBuffer#latencySeriesName=case2&numberOfSignificantValueDigits=2---4,Rocket
HdrHistogram__HdrHistogram#bench.HdrHistogramEncodingBench.encodeIntoCompressedByteBuffer#latencySeriesName=case2&numberOfSignificantValueDigits=2---5,Rocket
HdrHistogram__HdrHistogram#bench.HdrHistogramEncodingBench.encodeIntoCompressedByteBuffer#latencySeriesName=case2&numberOfSignificantValueDigits=2---6,Rocket
HdrHistogram__HdrHistogram#bench.HdrHistogramEncodingBench.encodeIntoCompressedByteBuffer#latencySeriesName=case2&numberOfSignificantValueDigits=2---7,Rocket
HdrHistogram__HdrHistogram#bench.HdrHistogramEncodingBench.encodeIntoCompressedByteBuffer#latencySeriesName=case2&numberOfSignificantValueDigits=2---8,Rocket
HdrHistogram__HdrHistogram#bench.HdrHistogramEncodingBench.encodeIntoCompressedByteBuffer#latencySeriesName=case2&numberOfSignificantValueDigits=2---9,Rocket
HdrHistogram__HdrHistogram#bench.HdrHistogramEncodingBench.encodeIntoCompressedByteBuffer#latencySeriesName=case3&numberOfSignificantValueDigits=2---0,Rocket
HdrHistogram__HdrHistogram#bench.HdrHistogramEncodingBench.encodeIntoCompressedByteBuffer#latencySeriesName=case3&numberOfSignificantValueDigits=2---1,Rocket
HdrHistogram__HdrHistogram#bench.HdrHistogramEncodingBench.encodeIntoCompressedByteBuffer#latencySeriesName=case3&numberOfSignificantValueDigits=2---2,Rocket
HdrHistogram__HdrHistogram#bench.HdrHistogramEncodingBench.encodeIntoCompressedByteBuffer#latencySeriesName=case3&numberOfSignificantValueDigits=2---3,Rocket
HdrHistogram__HdrHistogram#bench.HdrHistogramEncodingBench.encodeIntoCompressedByteBuffer#latencySeriesName=case3&numberOfSignificantValueDigits=2---4,Rocket
HdrHistogram__HdrHistogram#bench.HdrHistogramEncodingBench.encodeIntoCompressedByteBuffer#latencySeriesName=case3&numberOfSignificantValueDigits=2---5,Rocket
HdrHistogram__HdrHistogram#bench.HdrHistogramEncodingBench.encodeIntoCompressedByteBuffer#latencySeriesName=case3&numberOfSignificantValueDigits=2---6,Rocket
HdrHistogram__HdrHistogram#bench.HdrHistogramEncodingBench.encodeIntoCompressedByteBuffer#latencySeriesName=case3&numberOfSignificantValueDigits=2---7,Rocket
HdrHistogram__HdrHistogram#bench.HdrHistogramEncodingBench.encodeIntoCompressedByteBuffer#latencySeriesName=case3&numberOfSignificantValueDigits=2---8,Rocket
HdrHistogram__HdrHistogram#bench.HdrHistogramEncodingBench.encodeIntoCompressedByteBuffer#latencySeriesName=case3&numberOfSignificantValueDigits=2---9,Rocket
HdrHistogram__HdrHistogram#bench.HdrHistogramEncodingBench.encodeIntoCompressedByteBuffer#latencySeriesName=case3&numberOfSignificantValueDigits=3---0,Rocket
HdrHistogram__HdrHistogram#bench.HdrHistogramEncodingBench.encodeIntoCompressedByteBuffer#latencySeriesName=case3&numberOfSignificantValueDigits=3---1,Rocket
HdrHistogram__HdrHistogram#bench.HdrHistogramEncodingBench.encodeIntoCompressedByteBuffer#latencySeriesName=case3&numberOfSignificantValueDigits=3---2,OSCNN
HdrHistogram__HdrHistogram#bench.HdrHistogramEncodingBench.encodeIntoCompressedByteBuffer#latencySeriesName=case3&numberOfSignificantValueDigits=3---3,Rocket
HdrHistogram__HdrHistogram#bench.HdrHistogramEncodingBench.encodeIntoCompressedByteBuffer#latencySeriesName=case3&numberOfSignificantValueDigits=3---4,Rocket
HdrHistogram__HdrHistogram#bench.HdrHistogramEncodingBench.encodeIntoCompressedByteBuffer#latencySeriesName=case3&numberOfSignificantValueDigits=3---5,Rocket
HdrHistogram__HdrHistogram#bench.HdrHistogramEncodingBench.encodeIntoCompressedByteBuffer#latencySeriesName=case3&numberOfSignificantValueDigits=3---6,Rocket
HdrHistogram__HdrHistogram#bench.HdrHistogramEncodingBench.encodeIntoCompressedByteBuffer#latencySeriesName=case3&numberOfSignificantValueDigits=3---7,Rocket
HdrHistogram__HdrHistogram#bench.HdrHistogramEncodingBench.encodeIntoCompressedByteBuffer#latencySeriesName=case3&numberOfSignificantValueDigits=3---8,Rocket
HdrHistogram__HdrHistogram#bench.HdrHistogramEncodingBench.encodeIntoCompressedByteBuffer#latencySeriesName=case3&numberOfSignificantValueDigits=3---9,Rocket
HdrHistogram__HdrHistogram#bench.HdrHistogramEncodingBench.encodeIntoCompressedByteBuffer#latencySeriesName=sparsed1&numberOfSignificantValueDigits=2---0,Rocket
HdrHistogram__HdrHistogram#bench.HdrHistogramEncodingBench.encodeIntoCompressedByteBuffer#latencySeriesName=sparsed1&numberOfSignificantValueDigits=2---1,Rocket
HdrHistogram__HdrHistogram#bench.HdrHistogramEncodingBench.encodeIntoCompressedByteBuffer#latencySeriesName=sparsed1&numberOfSignificantValueDigits=2---2,Rocket
HdrHistogram__HdrHistogram#bench.HdrHistogramEncodingBench.encodeIntoCompressedByteBuffer#latencySeriesName=sparsed1&numberOfSignificantValueDigits=2---3,Rocket
HdrHistogram__HdrHistogram#bench.HdrHistogramEncodingBench.encodeIntoCompressedByteBuffer#latencySeriesName=sparsed1&numberOfSignificantValueDigits=2---4,Rocket
HdrHistogram__HdrHistogram#bench.HdrHistogramEncodingBench.encodeIntoCompressedByteBuffer#latencySeriesName=sparsed1&numberOfSignificantValueDigits=2---5,Rocket
HdrHistogram__HdrHistogram#bench.HdrHistogramEncodingBench.encodeIntoCompressedByteBuffer#latencySeriesName=sparsed1&numberOfSignificantValueDigits=2---6,Rocket
HdrHistogram__HdrHistogram#bench.HdrHistogramEncodingBench.encodeIntoCompressedByteBuffer#latencySeriesName=sparsed1&numberOfSignificantValueDigits=2---7,Rocket
HdrHistogram__HdrHistogram#bench.HdrHistogramEncodingBench.encodeIntoCompressedByteBuffer#latencySeriesName=sparsed1&numberOfSignificantValueDigits=2---8,Rocket
HdrHistogram__HdrHistogram#bench.HdrHistogramEncodingBench.encodeIntoCompressedByteBuffer#latencySeriesName=sparsed1&numberOfSignificantValueDigits=2---9,Rocket
HdrHistogram__HdrHistogram#bench.HdrHistogramEncodingBench.encodeIntoCompressedByteBuffer#latencySeriesName=sparsed2&numberOfSignificantValueDigits=2---0,Rocket
HdrHistogram__HdrHistogram#bench.HdrHistogramEncodingBench.encodeIntoCompressedByteBuffer#latencySeriesName=sparsed2&numberOfSignificantValueDigits=2---1,Rocket
HdrHistogram__HdrHistogram#bench.HdrHistogramEncodingBench.encodeIntoCompressedByteBuffer#latencySeriesName=sparsed2&numberOfSignificantValueDigits=2---2,Rocket
HdrHistogram__HdrHistogram#bench.HdrHistogramEncodingBench.encodeIntoCompressedByteBuffer#latencySeriesName=sparsed2&numberOfSignificantValueDigits=2---3,Rocket
HdrHistogram__HdrHistogram#bench.HdrHistogramEncodingBench.encodeIntoCompressedByteBuffer#latencySeriesName=sparsed2&numberOfSignificantValueDigits=2---4,Rocket
HdrHistogram__HdrHistogram#bench.HdrHistogramEncodingBench.encodeIntoCompressedByteBuffer#latencySeriesName=sparsed2&numberOfSignificantValueDigits=2---5,Rocket
HdrHistogram__HdrHistogram#bench.HdrHistogramEncodingBench.encodeIntoCompressedByteBuffer#latencySeriesName=sparsed2&numberOfSignificantValueDigits=2---6,Rocket
HdrHistogram__HdrHistogram#bench.HdrHistogramEncodingBench.encodeIntoCompressedByteBuffer#latencySeriesName=sparsed2&numberOfSignificantValueDigits=2---7,Rocket
HdrHistogram__HdrHistogram#bench.HdrHistogramEncodingBench.encodeIntoCompressedByteBuffer#latencySeriesName=sparsed2&numberOfSignificantValueDigits=2---8,Rocket
HdrHistogram__HdrHistogram#bench.HdrHistogramEncodingBench.encodeIntoCompressedByteBuffer#latencySeriesName=sparsed2&numberOfSignificantValueDigits=2---9,Rocket
HdrHistogram__HdrHistogram#bench.HdrHistogramEncodingBench.roundtripCompressed#latencySeriesName=case3&numberOfSignificantValueDigits=3---1,OSCNN
HdrHistogram__HdrHistogram#bench.HdrHistogramEncodingBench.roundtripCompressed#latencySeriesName=case3&numberOfSignificantValueDigits=3---2,Rocket
HdrHistogram__HdrHistogram#bench.HdrHistogramEncodingBench.roundtripCompressed#latencySeriesName=case3&numberOfSignificantValueDigits=3---3,OSCNN
HdrHistogram__HdrHistogram#bench.HdrHistogramEncodingBench.roundtripCompressed#latencySeriesName=case3&numberOfSignificantValueDigits=3---4,OSCNN
HdrHistogram__HdrHistogram#bench.HdrHistogramEncodingBench.roundtripCompressed#latencySeriesName=case3&numberOfSignificantValueDigits=3---5,OSCNN
HdrHistogram__HdrHistogram#bench.HdrHistogramEncodingBench.roundtripCompressed#latencySeriesName=case3&numberOfSignificantValueDigits=3---6,Rocket
HdrHistogram__HdrHistogram#bench.HdrHistogramEncodingBench.roundtripCompressed#latencySeriesName=case3&numberOfSignificantValueDigits=3---7,OSCNN
HdrHistogram__HdrHistogram#bench.HdrHistogramEncodingBench.roundtripCompressed#latencySeriesName=case3&numberOfSignificantValueDigits=3---8,OSCNN
HdrHistogram__HdrHistogram#bench.HdrHistogramEncodingBench.roundtripCompressed#latencySeriesName=case3&numberOfSignificantValueDigits=3---9,OSCNN
HdrHistogram__HdrHistogram#bench.HdrHistogramEncodingBench.roundtripCompressed#latencySeriesName=cubic&numberOfSignificantValueDigits=2---0,Rocket
HdrHistogram__HdrHistogram#bench.HdrHistogramEncodingBench.roundtripCompressed#latencySeriesName=cubic&numberOfSignificantValueDigits=2---1,Rocket
HdrHistogram__HdrHistogram#bench.HdrHistogramEncodingBench.roundtripCompressed#latencySeriesName=cubic&numberOfSignificantValueDigits=2---2,Rocket
HdrHistogram__HdrHistogram#bench.HdrHistogramEncodingBench.roundtripCompressed#latencySeriesName=cubic&numberOfSignificantValueDigits=2---3,Rocket
HdrHistogram__HdrHistogram#bench.HdrHistogramEncodingBench.roundtripCompressed#latencySeriesName=cubic&numberOfSignificantValueDigits=2---4,Rocket
HdrHistogram__HdrHistogram#bench.HdrHistogramEncodingBench.roundtripCompressed#latencySeriesName=cubic&numberOfSignificantValueDigits=2---5,Rocket
HdrHistogram__HdrHistogram#bench.HdrHistogramEncodingBench.roundtripCompressed#latencySeriesName=cubic&numberOfSignificantValueDigits=2---6,Rocket
HdrHistogram__HdrHistogram#bench.HdrHistogramEncodingBench.roundtripCompressed#latencySeriesName=cubic&numberOfSignificantValueDigits=2---8,Rocket
HdrHistogram__HdrHistogram#bench.HdrHistogramEncodingBench.roundtripCompressed#latencySeriesName=cubic&numberOfSignificantValueDigits=2---9,Rocket
HdrHistogram__HdrHistogram#bench.HdrHistogramEncodingBench.roundtripCompressed#latencySeriesName=sparsed1&numberOfSignificantValueDigits=2---0,Rocket
HdrHistogram__HdrHistogram#bench.HdrHistogramEncodingBench.roundtripCompressed#latencySeriesName=sparsed1&numberOfSignificantValueDigits=2---1,Rocket
HdrHistogram__HdrHistogram#bench.HdrHistogramEncodingBench.roundtripCompressed#latencySeriesName=sparsed1&numberOfSignificantValueDigits=2---2,OSCNN
HdrHistogram__HdrHistogram#bench.HdrHistogramEncodingBench.roundtripCompressed#latencySeriesName=sparsed1&numberOfSignificantValueDigits=2---3,Rocket
HdrHistogram__HdrHistogram#bench.HdrHistogramEncodingBench.roundtripCompressed#latencySeriesName=sparsed1&numberOfSignificantValueDigits=2---4,OSCNN
HdrHistogram__HdrHistogram#bench.HdrHistogramEncodingBench.roundtripCompressed#latencySeriesName=sparsed1&numberOfSignificantValueDigits=2---6,OSCNN
HdrHistogram__HdrHistogram#bench.HdrHistogramEncodingBench.roundtripCompressed#latencySeriesName=sparsed1&numberOfSignificantValueDigits=2---7,OSCNN
HdrHistogram__HdrHistogram#bench.HdrHistogramEncodingBench.roundtripCompressed#latencySeriesName=sparsed1&numberOfSignificantValueDigits=2---9,Rocket
HdrHistogram__HdrHistogram#bench.HdrHistogramEncodingBench.roundtripCompressed#latencySeriesName=sparsed1&numberOfSignificantValueDigits=3---6,Rocket
HdrHistogram__HdrHistogram#bench.HdrHistogramEncodingBench.roundtripCompressed#latencySeriesName=sparsed2&numberOfSignificantValueDigits=2---6,Rocket
HdrHistogram__HdrHistogram#bench.HdrHistogramEncodingBench.roundtripCompressed#latencySeriesName=sparsed2&numberOfSignificantValueDigits=2---8,Rocket
HdrHistogram__HdrHistogram#bench.HdrHistogramEncodingBench.roundtripCompressed#latencySeriesName=sparsed2&numberOfSignificantValueDigits=2---9,Rocket
HdrHistogram__HdrHistogram#bench.HdrHistogramEncodingBench.roundtripCompressed#latencySeriesName=sumOfjHiccupLines&numberOfSignificantValueDigits=3---1,OSCNN
HdrHistogram__HdrHistogram#bench.HdrHistogramEncodingBench.roundtripCompressed#latencySeriesName=sumOfjHiccupLines&numberOfSignificantValueDigits=3---2,OSCNN
HdrHistogram__HdrHistogram#bench.HdrHistogramEncodingBench.roundtripCompressed#latencySeriesName=sumOfjHiccupLines&numberOfSignificantValueDigits=3---3,OSCNN
HdrHistogram__HdrHistogram#bench.HdrHistogramEncodingBench.roundtripCompressed#latencySeriesName=sumOfjHiccupLines&numberOfSignificantValueDigits=3---4,Rocket
HdrHistogram__HdrHistogram#bench.HdrHistogramEncodingBench.roundtripCompressed#latencySeriesName=sumOfjHiccupLines&numberOfSignificantValueDigits=3---5,Rocket
HdrHistogram__HdrHistogram#bench.HdrHistogramEncodingBench.roundtripCompressed#latencySeriesName=sumOfjHiccupLines&numberOfSignificantValueDigits=3---6,OSCNN
HdrHistogram__HdrHistogram#bench.HdrHistogramEncodingBench.roundtripCompressed#latencySeriesName=sumOfjHiccupLines&numberOfSignificantValueDigits=3---7,OSCNN
HdrHistogram__HdrHistogram#bench.HdrHistogramEncodingBench.roundtripCompressed#latencySeriesName=sumOfjHiccupLines&numberOfSignificantValueDigits=3---8,OSCNN
HdrHistogram__HdrHistogram#bench.HdrHistogramEncodingBench.skinnyEncodeIntoCompressedByteBuffer#latencySeriesName=case2&numberOfSignificantValueDigits=3---0,Rocket
HdrHistogram__HdrHistogram#bench.HdrHistogramEncodingBench.skinnyEncodeIntoCompressedByteBuffer#latencySeriesName=case2&numberOfSignificantValueDigits=3---2,OSCNN
HdrHistogram__HdrHistogram#bench.HdrHistogramEncodingBench.skinnyEncodeIntoCompressedByteBuffer#latencySeriesName=case2&numberOfSignificantValueDigits=3---3,OSCNN
HdrHistogram__HdrHistogram#bench.HdrHistogramEncodingBench.skinnyEncodeIntoCompressedByteBuffer#latencySeriesName=case2&numberOfSignificantValueDigits=3---4,OSCNN
HdrHistogram__HdrHistogram#bench.HdrHistogramEncodingBench.skinnyEncodeIntoCompressedByteBuffer#latencySeriesName=case2&numberOfSignificantValueDigits=3---5,Rocket
HdrHistogram__HdrHistogram#bench.HdrHistogramEncodingBench.skinnyEncodeIntoCompressedByteBuffer#latencySeriesName=case2&numberOfSignificantValueDigits=3---6,OSCNN
HdrHistogram__HdrHistogram#bench.HdrHistogramEncodingBench.skinnyEncodeIntoCompressedByteBuffer#latencySeriesName=case2&numberOfSignificantValueDigits=3---7,OSCNN
HdrHistogram__HdrHistogram#bench.HdrHistogramEncodingBench.skinnyEncodeIntoCompressedByteBuffer#latencySeriesName=case2&numberOfSignificantValueDigits=3---9,OSCNN
HdrHistogram__HdrHistogram#bench.HdrHistogramEncodingBench.skinnyEncodeIntoCompressedByteBuffer#latencySeriesName=case3&numberOfSignificantValueDigits=2---0,Rocket
HdrHistogram__HdrHistogram#bench.HdrHistogramEncodingBench.skinnyEncodeIntoCompressedByteBuffer#latencySeriesName=case3&numberOfSignificantValueDigits=2---1,Rocket
HdrHistogram__HdrHistogram#bench.HdrHistogramEncodingBench.skinnyEncodeIntoCompressedByteBuffer#latencySeriesName=case3&numberOfSignificantValueDigits=2---2,Rocket
HdrHistogram__HdrHistogram#bench.HdrHistogramEncodingBench.skinnyEncodeIntoCompressedByteBuffer#latencySeriesName=case3&numberOfSignificantValueDigits=2---3,Rocket
HdrHistogram__HdrHistogram#bench.HdrHistogramEncodingBench.skinnyEncodeIntoCompressedByteBuffer#latencySeriesName=case3&numberOfSignificantValueDigits=2---4,OSCNN
HdrHistogram__HdrHistogram#bench.HdrHistogramEncodingBench.skinnyEncodeIntoCompressedByteBuffer#latencySeriesName=case3&numberOfSignificantValueDigits=2---5,Rocket
HdrHistogram__HdrHistogram#bench.HdrHistogramEncodingBench.skinnyEncodeIntoCompressedByteBuffer#latencySeriesName=case3&numberOfSignificantValueDigits=2---7,Rocket
HdrHistogram__HdrHistogram#bench.HdrHistogramEncodingBench.skinnyEncodeIntoCompressedByteBuffer#latencySeriesName=case3&numberOfSignificantValueDigits=2---8,Rocket
HdrHistogram__HdrHistogram#bench.HdrHistogramEncodingBench.skinnyEncodeIntoCompressedByteBuffer#latencySeriesName=case3&numberOfSignificantValueDigits=2---9,Rocket
HdrHistogram__HdrHistogram#bench.HdrHistogramEncodingBench.skinnyEncodeIntoCompressedByteBuffer#latencySeriesName=longestjHiccupLine&numberOfSignificantValueDigits=2---0,OSCNN
HdrHistogram__HdrHistogram#bench.HdrHistogramEncodingBench.skinnyEncodeIntoCompressedByteBuffer#latencySeriesName=longestjHiccupLine&numberOfSignificantValueDigits=2---1,Rocket
HdrHistogram__HdrHistogram#bench.HdrHistogramEncodingBench.skinnyEncodeIntoCompressedByteBuffer#latencySeriesName=longestjHiccupLine&numberOfSignificantValueDigits=2---2,Rocket
HdrHistogram__HdrHistogram#bench.HdrHistogramEncodingBench.skinnyEncodeIntoCompressedByteBuffer#latencySeriesName=longestjHiccupLine&numberOfSignificantValueDigits=2---3,Rocket
HdrHistogram__HdrHistogram#bench.HdrHistogramEncodingBench.skinnyEncodeIntoCompressedByteBuffer#latencySeriesName=longestjHiccupLine&numberOfSignificantValueDigits=2---4,Rocket
HdrHistogram__HdrHistogram#bench.HdrHistogramEncodingBench.skinnyEncodeIntoCompressedByteBuffer#latencySeriesName=longestjHiccupLine&numberOfSignificantValueDigits=2---5,OSCNN
HdrHistogram__HdrHistogram#bench.HdrHistogramEncodingBench.skinnyEncodeIntoCompressedByteBuffer#latencySeriesName=longestjHiccupLine&numberOfSignificantValueDigits=2---6,Rocket
HdrHistogram__HdrHistogram#bench.HdrHistogramEncodingBench.skinnyEncodeIntoCompressedByteBuffer#latencySeriesName=longestjHiccupLine&numberOfSignificantValueDigits=2---7,OSCNN
HdrHistogram__HdrHistogram#bench.HdrHistogramEncodingBench.skinnyEncodeIntoCompressedByteBuffer#latencySeriesName=longestjHiccupLine&numberOfSignificantValueDigits=2---8,OSCNN
HdrHistogram__HdrHistogram#bench.HdrHistogramEncodingBench.skinnyEncodeIntoCompressedByteBuffer#latencySeriesName=longestjHiccupLine&numberOfSignificantValueDigits=2---9,Rocket
HdrHistogram__HdrHistogram#bench.HdrHistogramEncodingBench.skinnyEncodeIntoCompressedByteBuffer#latencySeriesName=shortestjHiccupLine&numberOfSignificantValueDigits=2---0,Rocket
HdrHistogram__HdrHistogram#bench.HdrHistogramEncodingBench.skinnyEncodeIntoCompressedByteBuffer#latencySeriesName=shortestjHiccupLine&numberOfSignificantValueDigits=2---2,Rocket
HdrHistogram__HdrHistogram#bench.HdrHistogramEncodingBench.skinnyEncodeIntoCompressedByteBuffer#latencySeriesName=shortestjHiccupLine&numberOfSignificantValueDigits=2---3,Rocket
HdrHistogram__HdrHistogram#bench.HdrHistogramEncodingBench.skinnyEncodeIntoCompressedByteBuffer#latencySeriesName=shortestjHiccupLine&numberOfSignificantValueDigits=2---4,Rocket
HdrHistogram__HdrHistogram#bench.HdrHistogramEncodingBench.skinnyEncodeIntoCompressedByteBuffer#latencySeriesName=shortestjHiccupLine&numberOfSignificantValueDigits=2---5,Rocket
HdrHistogram__HdrHistogram#bench.HdrHistogramEncodingBench.skinnyEncodeIntoCompressedByteBuffer#latencySeriesName=shortestjHiccupLine&numberOfSignificantValueDigits=2---7,Rocket
HdrHistogram__HdrHistogram#bench.HdrHistogramEncodingBench.skinnyEncodeIntoCompressedByteBuffer#latencySeriesName=shortestjHiccupLine&numberOfSignificantValueDigits=2---9,Rocket
HdrHistogram__HdrHistogram#bench.HdrHistogramEncodingBench.skinnyEncodeIntoCompressedByteBuffer#latencySeriesName=shortestjHiccupLine&numberOfSignificantValueDigits=3---0,Rocket
HdrHistogram__HdrHistogram#bench.HdrHistogramEncodingBench.skinnyEncodeIntoCompressedByteBuffer#latencySeriesName=shortestjHiccupLine&numberOfSignificantValueDigits=3---2,Rocket
HdrHistogram__HdrHistogram#bench.HdrHistogramEncodingBench.skinnyEncodeIntoCompressedByteBuffer#latencySeriesName=shortestjHiccupLine&numberOfSignificantValueDigits=3---4,Rocket
HdrHistogram__HdrHistogram#bench.HdrHistogramEncodingBench.skinnyEncodeIntoCompressedByteBuffer#latencySeriesName=shortestjHiccupLine&numberOfSignificantValueDigits=3---6,Rocket
HdrHistogram__HdrHistogram#bench.HdrHistogramEncodingBench.skinnyEncodeIntoCompressedByteBuffer#latencySeriesName=shortestjHiccupLine&numberOfSignificantValueDigits=3---8,OSCNN
HdrHistogram__HdrHistogram#bench.HdrHistogramEncodingBench.skinnyEncodeIntoCompressedByteBuffer#latencySeriesName=sparsed1&numberOfSignificantValueDigits=3---0,Rocket
HdrHistogram__HdrHistogram#bench.HdrHistogramEncodingBench.skinnyEncodeIntoCompressedByteBuffer#latencySeriesName=sparsed1&numberOfSignificantValueDigits=3---2,Rocket
HdrHistogram__HdrHistogram#bench.HdrHistogramEncodingBench.skinnyEncodeIntoCompressedByteBuffer#latencySeriesName=sparsed1&numberOfSignificantValueDigits=3---3,Rocket
HdrHistogram__HdrHistogram#bench.HdrHistogramEncodingBench.skinnyEncodeIntoCompressedByteBuffer#latencySeriesName=sparsed1&numberOfSignificantValueDigits=3---4,Rocket
HdrHistogram__HdrHistogram#bench.HdrHistogramEncodingBench.skinnyEncodeIntoCompressedByteBuffer#latencySeriesName=sparsed1&numberOfSignificantValueDigits=3---5,OSCNN
HdrHistogram__HdrHistogram#bench.HdrHistogramEncodingBench.skinnyEncodeIntoCompressedByteBuffer#latencySeriesName=sparsed1&numberOfSignificantValueDigits=3---7,Rocket
HdrHistogram__HdrHistogram#bench.HdrHistogramEncodingBench.skinnyEncodeIntoCompressedByteBuffer#latencySeriesName=sparsed1&numberOfSignificantValueDigits=3---8,Rocket
HdrHistogram__HdrHistogram#bench.HdrHistogramEncodingBench.skinnyEncodeIntoCompressedByteBuffer#latencySeriesName=sparsed1&numberOfSignificantValueDigits=3---9,Rocket
HdrHistogram__HdrHistogram#bench.HdrHistogramEncodingBench.skinnyEncodeIntoCompressedByteBuffer#latencySeriesName=sparsed2&numberOfSignificantValueDigits=2---0,Rocket
HdrHistogram__HdrHistogram#bench.HdrHistogramEncodingBench.skinnyEncodeIntoCompressedByteBuffer#latencySeriesName=sparsed2&numberOfSignificantValueDigits=2---2,Rocket
HdrHistogram__HdrHistogram#bench.HdrHistogramEncodingBench.skinnyEncodeIntoCompressedByteBuffer#latencySeriesName=sparsed2&numberOfSignificantValueDigits=2---3,Rocket
HdrHistogram__HdrHistogram#bench.HdrHistogramEncodingBench.skinnyEncodeIntoCompressedByteBuffer#latencySeriesName=sparsed2&numberOfSignificantValueDigits=2---5,Rocket
HdrHistogram__HdrHistogram#bench.HdrHistogramEncodingBench.skinnyEncodeIntoCompressedByteBuffer#latencySeriesName=sparsed2&numberOfSignificantValueDigits=2---6,Rocket
HdrHistogram__HdrHistogram#bench.HdrHistogramEncodingBench.skinnyEncodeIntoCompressedByteBuffer#latencySeriesName=sparsed2&numberOfSignificantValueDigits=2---8,Rocket
HdrHistogram__HdrHistogram#bench.HdrHistogramEncodingBench.skinnyEncodeIntoCompressedByteBuffer#latencySeriesName=sparsed2&numberOfSignificantValueDigits=2---9,Rocket
HdrHistogram__HdrHistogram#bench.HdrHistogramRecordingBench.rawConcurrentRecordingSpeed#---1,Rocket
HdrHistogram__HdrHistogram#bench.HdrHistogramRecordingBench.rawConcurrentRecordingSpeed#---2,Rocket
HdrHistogram__HdrHistogram#bench.HdrHistogramRecordingBench.rawConcurrentRecordingSpeed#---3,Rocket
HdrHistogram__HdrHistogram#bench.HdrHistogramRecordingBench.rawConcurrentRecordingSpeed#---4,Rocket
HdrHistogram__HdrHistogram#bench.HdrHistogramRecordingBench.rawConcurrentRecordingSpeed#---5,Rocket
HdrHistogram__HdrHistogram#bench.HdrHistogramRecordingBench.rawConcurrentRecordingSpeed#---6,Rocket
HdrHistogram__HdrHistogram#bench.HdrHistogramRecordingBench.rawConcurrentRecordingSpeed#---7,Rocket
HdrHistogram__HdrHistogram#bench.HdrHistogramRecordingBench.rawConcurrentRecordingSpeed#---8,Rocket
HdrHistogram__HdrHistogram#bench.HdrHistogramRecordingBench.rawConcurrentRecordingSpeed#---9,Rocket
JCTools__JCTools#org.jctools.channels.mpsc.MpscProxyChannelBenchmark.oneReferenceArgBaseline#limit=10000---2,OSCNN
JCTools__JCTools#org.jctools.channels.mpsc.MpscProxyChannelBenchmark.oneReferenceArgBaseline#limit=10000---3,Rocket
JCTools__JCTools#org.jctools.channels.mpsc.MpscProxyChannelBenchmark.oneReferenceArgBaseline#limit=10000---4,Rocket
JCTools__JCTools#org.jctools.channels.mpsc.MpscProxyChannelBenchmark.oneReferenceArgBaseline#limit=10000---6,Rocket
JCTools__JCTools#org.jctools.channels.mpsc.MpscProxyChannelBenchmark.oneReferenceArgBaseline#limit=10000---8,Rocket
JCTools__JCTools#org.jctools.channels.spsc.SpscProxyChannelBenchmark.alignedPrimitiveArgsBaseline#limit=128000---0,Rocket
JCTools__JCTools#org.jctools.channels.spsc.SpscProxyChannelBenchmark.alignedPrimitiveArgsBaseline#limit=128000---2,Rocket
JCTools__JCTools#org.jctools.channels.spsc.SpscProxyChannelBenchmark.alignedPrimitiveArgsBaseline#limit=128000---3,Rocket
JCTools__JCTools#org.jctools.channels.spsc.SpscProxyChannelBenchmark.alignedPrimitiveArgsBaseline#limit=128000---4,Rocket
JCTools__JCTools#org.jctools.channels.spsc.SpscProxyChannelBenchmark.alignedPrimitiveArgsBaseline#limit=128000---5,Rocket
JCTools__JCTools#org.jctools.channels.spsc.SpscProxyChannelBenchmark.alignedPrimitiveArgsBaseline#limit=128000---6,Rocket
JCTools__JCTools#org.jctools.channels.spsc.SpscProxyChannelBenchmark.alignedPrimitiveArgsBaseline#limit=128000---7,Rocket
JCTools__JCTools#org.jctools.channels.spsc.SpscProxyChannelBenchmark.alignedPrimitiveArgsBaseline#limit=128000---8,Rocket
JCTools__JCTools#org.jctools.channels.spsc.SpscProxyChannelBenchmark.alignedPrimitiveArgsBaseline#limit=128000---9,Rocket
JCTools__JCTools#org.jctools.channels.spsc.SpscProxyChannelBenchmark.oneReferenceArgBaseline#limit=1---0,Rocket
JCTools__JCTools#org.jctools.channels.spsc.SpscProxyChannelBenchmark.oneReferenceArgBaseline#limit=1---1,Rocket
JCTools__JCTools#org.jctools.channels.spsc.SpscProxyChannelBenchmark.oneReferenceArgBaseline#limit=1---3,Rocket
JCTools__JCTools#org.jctools.channels.spsc.SpscProxyChannelBenchmark.oneReferenceArgBaseline#limit=1---4,Rocket
JCTools__JCTools#org.jctools.channels.spsc.SpscProxyChannelBenchmark.oneReferenceArgBaseline#limit=1---5,Rocket
JCTools__JCTools#org.jctools.channels.spsc.SpscProxyChannelBenchmark.oneReferenceArgBaseline#limit=1---9,Rocket
JCTools__JCTools#org.jctools.channels.spsc.SpscProxyChannelBenchmark.oneReferenceArgBaseline#limit=128000---0,Rocket
JCTools__JCTools#org.jctools.channels.spsc.SpscProxyChannelBenchmark.oneReferenceArgBaseline#limit=128000---1,Rocket
JCTools__JCTools#org.jctools.channels.spsc.SpscProxyChannelBenchmark.oneReferenceArgBaseline#limit=128000---2,Rocket
JCTools__JCTools#org.jctools.channels.spsc.SpscProxyChannelBenchmark.oneReferenceArgBaseline#limit=128000---3,Rocket
JCTools__JCTools#org.jctools.channels.spsc.SpscProxyChannelBenchmark.oneReferenceArgBaseline#limit=128000---4,Rocket
JCTools__JCTools#org.jctools.channels.spsc.SpscProxyChannelBenchmark.oneReferenceArgBaseline#limit=128000---5,Rocket
JCTools__JCTools#org.jctools.channels.spsc.SpscProxyChannelBenchmark.oneReferenceArgBaseline#limit=128000---6,Rocket
JCTools__JCTools#org.jctools.channels.spsc.SpscProxyChannelBenchmark.oneReferenceArgBaseline#limit=128000---7,Rocket
JCTools__JCTools#org.jctools.channels.spsc.SpscProxyChannelBenchmark.oneReferenceArgBaseline#limit=128000---8,Rocket
JCTools__JCTools#org.jctools.channels.spsc.SpscProxyChannelBenchmark.oneReferenceArgBaseline#limit=128000---9,Rocket
JCTools__JCTools#org.jctools.channels.spsc.SpscProxyChannelBenchmark.tenMixedArgsBaseline#limit=128000---1,Rocket
JCTools__JCTools#org.jctools.channels.spsc.SpscProxyChannelBenchmark.tenMixedArgsBaseline#limit=128000---2,Rocket
JCTools__JCTools#org.jctools.channels.spsc.SpscProxyChannelBenchmark.tenMixedArgsBaseline#limit=128000---3,Rocket
JCTools__JCTools#org.jctools.channels.spsc.SpscProxyChannelBenchmark.tenMixedArgsBaseline#limit=128000---5,Rocket
JCTools__JCTools#org.jctools.channels.spsc.SpscProxyChannelBenchmark.tenMixedArgsBaseline#limit=128000---6,Rocket
JCTools__JCTools#org.jctools.channels.spsc.SpscProxyChannelBenchmark.tenMixedArgsBaseline#limit=128000---8,Rocket
JCTools__JCTools#org.jctools.channels.spsc.SpscProxyChannelBenchmark.tenMixedArgsBaseline#limit=128000---9,Rocket
JCTools__JCTools#org.jctools.channels.spsc.SpscProxyChannelBenchmark.twoMixedLengthPrimitiveArgsBaseline#limit=128000---1,Rocket
JCTools__JCTools#org.jctools.channels.spsc.SpscProxyChannelBenchmark.twoMixedLengthPrimitiveArgsBaseline#limit=128000---4,Rocket
JCTools__JCTools#org.jctools.channels.spsc.SpscProxyChannelBenchmark.twoMixedLengthPrimitiveArgsBaseline#limit=128000---6,Rocket
JCTools__JCTools#org.jctools.channels.spsc.SpscProxyChannelBenchmark.twoMixedLengthPrimitiveArgsBaseline#limit=128000---8,OSCNN
JCTools__JCTools#org.jctools.channels.spsc.SpscProxyChannelBenchmark.unalignedPrimitiveArgsBaseline#limit=128000---0,Rocket
JCTools__JCTools#org.jctools.channels.spsc.SpscProxyChannelBenchmark.unalignedPrimitiveArgsBaseline#limit=128000---1,Rocket
JCTools__JCTools#org.jctools.channels.spsc.SpscProxyChannelBenchmark.unalignedPrimitiveArgsBaseline#limit=128000---2,Rocket
JCTools__JCTools#org.jctools.channels.spsc.SpscProxyChannelBenchmark.unalignedPrimitiveArgsBaseline#limit=128000---3,OSCNN
JCTools__JCTools#org.jctools.channels.spsc.SpscProxyChannelBenchmark.unalignedPrimitiveArgsBaseline#limit=128000---4,Rocket
JCTools__JCTools#org.jctools.channels.spsc.SpscProxyChannelBenchmark.unalignedPrimitiveArgsBaseline#limit=128000---5,Rocket
JCTools__JCTools#org.jctools.channels.spsc.SpscProxyChannelBenchmark.unalignedPrimitiveArgsBaseline#limit=128000---6,Rocket
JCTools__JCTools#org.jctools.channels.spsc.SpscProxyChannelBenchmark.unalignedPrimitiveArgsBaseline#limit=128000---7,Rocket
JCTools__JCTools#org.jctools.channels.spsc.SpscProxyChannelBenchmark.unalignedPrimitiveArgsBaseline#limit=128000---9,Rocket
JCTools__JCTools#org.jctools.jmh.baseline.QueueOfferPoll.offerAndPollLoops#burstSize=1&qCapacity=132000&qType=SpscArrayQueue---0,Rocket
JCTools__JCTools#org.jctools.jmh.baseline.QueueOfferPoll.offerAndPollLoops#burstSize=1&qCapacity=132000&qType=SpscArrayQueue---1,Rocket
JCTools__JCTools#org.jctools.jmh.baseline.QueueOfferPoll.offerAndPollLoops#burstSize=1&qCapacity=132000&qType=SpscArrayQueue---2,Rocket
JCTools__JCTools#org.jctools.jmh.baseline.QueueOfferPoll.offerAndPollLoops#burstSize=1&qCapacity=132000&qType=SpscArrayQueue---3,Rocket
JCTools__JCTools#org.jctools.jmh.baseline.QueueOfferPoll.offerAndPollLoops#burstSize=1&qCapacity=132000&qType=SpscArrayQueue---4,Rocket
JCTools__JCTools#org.jctools.jmh.baseline.QueueOfferPoll.offerAndPollLoops#burstSize=1&qCapacity=132000&qType=SpscArrayQueue---5,Rocket
JCTools__JCTools#org.jctools.jmh.baseline.QueueOfferPoll.offerAndPollLoops#burstSize=1&qCapacity=132000&qType=SpscArrayQueue---6,Rocket
JCTools__JCTools#org.jctools.jmh.baseline.QueueOfferPoll.offerAndPollLoops#burstSize=1&qCapacity=132000&qType=SpscArrayQueue---7,Rocket
JCTools__JCTools#org.jctools.jmh.baseline.QueueOfferPoll.offerAndPollLoops#burstSize=1&qCapacity=132000&qType=SpscArrayQueue---8,Rocket
JCTools__JCTools#org.jctools.jmh.baseline.QueueOfferPoll.offerAndPollLoops#burstSize=1&qCapacity=132000&qType=SpscArrayQueue---9,Rocket
JCTools__JCTools#org.jctools.jmh.baseline.SingleThreadedPoll.poll#qType=MpscArrayQueue---0,Rocket
JCTools__JCTools#org.jctools.jmh.baseline.SingleThreadedPoll.poll#qType=MpscArrayQueue---1,FCN
JCTools__JCTools#org.jctools.jmh.baseline.SingleThreadedPoll.poll#qType=MpscArrayQueue---2,Rocket
JCTools__JCTools#org.jctools.jmh.baseline.SingleThreadedPoll.poll#qType=MpscArrayQueue---3,Rocket
JCTools__JCTools#org.jctools.jmh.baseline.SingleThreadedPoll.poll#qType=MpscArrayQueue---4,Rocket
JCTools__JCTools#org.jctools.jmh.baseline.SingleThreadedPoll.poll#qType=MpscArrayQueue---5,Rocket
JCTools__JCTools#org.jctools.jmh.baseline.SingleThreadedPoll.poll#qType=MpscArrayQueue---6,Rocket
JCTools__JCTools#org.jctools.jmh.baseline.SingleThreadedPoll.poll#qType=MpscArrayQueue---7,Rocket
JCTools__JCTools#org.jctools.jmh.baseline.SingleThreadedPoll.poll#qType=MpscArrayQueue---8,Rocket
JCTools__JCTools#org.jctools.jmh.baseline.SingleThreadedPoll.poll#qType=MpscArrayQueue---9,Rocket
JCTools__JCTools#org.jctools.jmh.collections.SetOps.add#keyBound=2048&occupancy=512&size=1024&type=java.util.HashSet---0,Rocket
JCTools__JCTools#org.jctools.jmh.collections.SetOps.add#keyBound=2048&occupancy=512&size=1024&type=java.util.HashSet---1,Rocket
JCTools__JCTools#org.jctools.jmh.collections.SetOps.add#keyBound=2048&occupancy=512&size=1024&type=java.util.HashSet---2,Rocket
JCTools__JCTools#org.jctools.jmh.collections.SetOps.add#keyBound=2048&occupancy=512&size=1024&type=java.util.HashSet---3,Rocket
JCTools__JCTools#org.jctools.jmh.collections.SetOps.add#keyBound=2048&occupancy=512&size=1024&type=java.util.HashSet---4,Rocket
JCTools__JCTools#org.jctools.jmh.collections.SetOps.add#keyBound=2048&occupancy=512&size=1024&type=java.util.HashSet---5,Rocket
JCTools__JCTools#org.jctools.jmh.collections.SetOps.add#keyBound=2048&occupancy=512&size=1024&type=java.util.HashSet---6,Rocket
JCTools__JCTools#org.jctools.jmh.collections.SetOps.add#keyBound=2048&occupancy=512&size=1024&type=java.util.HashSet---7,Rocket
JCTools__JCTools#org.jctools.jmh.collections.SetOps.add#keyBound=2048&occupancy=512&size=1024&type=java.util.HashSet---8,Rocket
JCTools__JCTools#org.jctools.jmh.collections.SetOps.add#keyBound=2048&occupancy=512&size=1024&type=java.util.HashSet---9,Rocket
JCTools__JCTools#org.jctools.jmh.collections.SetOps.contains#keyBound=2048&occupancy=512&size=1024&type=java.util.HashSet---0,Rocket
JCTools__JCTools#org.jctools.jmh.collections.SetOps.contains#keyBound=2048&occupancy=512&size=1024&type=java.util.HashSet---1,Rocket
JCTools__JCTools#org.jctools.jmh.collections.SetOps.contains#keyBound=2048&occupancy=512&size=1024&type=java.util.HashSet---2,Rocket
JCTools__JCTools#org.jctools.jmh.collections.SetOps.contains#keyBound=2048&occupancy=512&size=1024&type=java.util.HashSet---3,Rocket
JCTools__JCTools#org.jctools.jmh.collections.SetOps.contains#keyBound=2048&occupancy=512&size=1024&type=java.util.HashSet---5,Rocket
JCTools__JCTools#org.jctools.jmh.collections.SetOps.contains#keyBound=2048&occupancy=512&size=1024&type=java.util.HashSet---6,Rocket
JCTools__JCTools#org.jctools.jmh.collections.SetOps.contains#keyBound=2048&occupancy=512&size=1024&type=java.util.HashSet---7,Rocket
JCTools__JCTools#org.jctools.jmh.collections.SetOps.contains#keyBound=2048&occupancy=512&size=1024&type=java.util.HashSet---8,Rocket
JCTools__JCTools#org.jctools.jmh.collections.SetOps.contains#keyBound=2048&occupancy=512&size=1024&type=java.util.HashSet---9,Rocket
JCTools__JCTools#org.jctools.jmh.latency.MpqBurstCost.burstCost#burstSize=100&consumerCount=1&qCapacity=132000&qType=SpmcArrayQueue&warmup=true---0,OSCNN
JCTools__JCTools#org.jctools.jmh.latency.MpqBurstCost.burstCost#burstSize=100&consumerCount=1&qCapacity=132000&qType=SpmcArrayQueue&warmup=true---1,OSCNN
JCTools__JCTools#org.jctools.jmh.latency.MpqBurstCost.burstCost#burstSize=100&consumerCount=1&qCapacity=132000&qType=SpmcArrayQueue&warmup=true---3,OSCNN
JCTools__JCTools#org.jctools.jmh.latency.MpqBurstCost.burstCost#burstSize=100&consumerCount=1&qCapacity=132000&qType=SpmcArrayQueue&warmup=true---5,OSCNN
JCTools__JCTools#org.jctools.jmh.latency.MpqBurstCost.burstCost#burstSize=100&consumerCount=1&qCapacity=132000&qType=SpmcArrayQueue&warmup=true---7,OSCNN
JCTools__JCTools#org.jctools.jmh.latency.MpqBurstCost.burstCost#burstSize=100&consumerCount=1&qCapacity=132000&qType=SpmcArrayQueue&warmup=true---8,OSCNN
JCTools__JCTools#org.jctools.jmh.latency.MpqBurstCost.burstCost#burstSize=100&consumerCount=1&qCapacity=132000&qType=SpmcArrayQueue&warmup=true---9,OSCNN
JCTools__JCTools#org.jctools.jmh.latency.MpqBurstCost.burstCost#burstSize=100&consumerCount=1&qCapacity=132000&qType=SpscArrayQueue&warmup=true---0,OSCNN
JCTools__JCTools#org.jctools.jmh.latency.MpqBurstCost.burstCost#burstSize=100&consumerCount=1&qCapacity=132000&qType=SpscArrayQueue&warmup=true---2,OSCNN
JCTools__JCTools#org.jctools.jmh.latency.MpqBurstCost.burstCost#burstSize=100&consumerCount=1&qCapacity=132000&qType=SpscArrayQueue&warmup=true---3,OSCNN
JCTools__JCTools#org.jctools.jmh.latency.MpqBurstCost.burstCost#burstSize=100&consumerCount=1&qCapacity=132000&qType=SpscArrayQueue&warmup=true---5,OSCNN
JCTools__JCTools#org.jctools.jmh.latency.MpqBurstCost.burstCost#burstSize=100&consumerCount=1&qCapacity=132000&qType=SpscArrayQueue&warmup=true---6,OSCNN
JCTools__JCTools#org.jctools.jmh.latency.MpqBurstCost.burstCost#burstSize=100&consumerCount=1&qCapacity=132000&qType=SpscArrayQueue&warmup=true---8,OSCNN
JCTools__JCTools#org.jctools.jmh.latency.MpqBurstCost.burstCost#burstSize=100&consumerCount=1&qCapacity=132000&qType=SpscArrayQueue&warmup=true---9,OSCNN
JCTools__JCTools#org.jctools.jmh.latency.QueueBurstCost.burstCost#burstSize=100&consumerCount=1&qCapacity=132000&qType=MpmcArrayQueue&warmup=true---0,OSCNN
JCTools__JCTools#org.jctools.jmh.latency.QueueBurstCost.burstCost#burstSize=100&consumerCount=1&qCapacity=132000&qType=MpmcArrayQueue&warmup=true---1,OSCNN
JCTools__JCTools#org.jctools.jmh.latency.QueueBurstCost.burstCost#burstSize=100&consumerCount=1&qCapacity=132000&qType=MpmcArrayQueue&warmup=true---2,OSCNN
JCTools__JCTools#org.jctools.jmh.latency.QueueBurstCost.burstCost#burstSize=100&consumerCount=1&qCapacity=132000&qType=MpmcArrayQueue&warmup=true---3,OSCNN
JCTools__JCTools#org.jctools.jmh.latency.QueueBurstCost.burstCost#burstSize=100&consumerCount=1&qCapacity=132000&qType=MpmcArrayQueue&warmup=true---4,OSCNN
JCTools__JCTools#org.jctools.jmh.latency.QueueBurstCost.burstCost#burstSize=100&consumerCount=1&qCapacity=132000&qType=MpmcArrayQueue&warmup=true---7,OSCNN
JCTools__JCTools#org.jctools.jmh.latency.QueueBurstCost.burstCost#burstSize=100&consumerCount=1&qCapacity=132000&qType=MpmcArrayQueue&warmup=true---8,OSCNN
JCTools__JCTools#org.jctools.jmh.latency.QueueBurstCost.burstCost#burstSize=100&consumerCount=1&qCapacity=132000&qType=MpmcArrayQueue&warmup=true---9,OSCNN
JCTools__JCTools#org.jctools.jmh.latency.QueueBurstCost.burstCost#burstSize=100&consumerCount=1&qCapacity=132000&qType=SpmcArrayQueue&warmup=true---1,OSCNN
JCTools__JCTools#org.jctools.jmh.latency.QueueBurstCost.burstCost#burstSize=100&consumerCount=1&qCapacity=132000&qType=SpmcArrayQueue&warmup=true---2,OSCNN
JCTools__JCTools#org.jctools.jmh.latency.QueueBurstCost.burstCost#burstSize=100&consumerCount=1&qCapacity=132000&qType=SpmcArrayQueue&warmup=true---3,OSCNN
JCTools__JCTools#org.jctools.jmh.latency.QueueBurstCost.burstCost#burstSize=100&consumerCount=1&qCapacity=132000&qType=SpmcArrayQueue&warmup=true---7,OSCNN
JCTools__JCTools#org.jctools.jmh.latency.QueueBurstCost.burstCost#burstSize=100&consumerCount=1&qCapacity=132000&qType=SpmcArrayQueue&warmup=true---8,OSCNN
JCTools__JCTools#org.jctools.jmh.latency.spsc.MpqRelaxedBurstCost.burstCost#burstSize=1&qType=MpscArrayQueue---0,OSCNN
JCTools__JCTools#org.jctools.jmh.latency.spsc.MpqRelaxedBurstCost.burstCost#burstSize=1&qType=MpscArrayQueue---2,OSCNN
JCTools__JCTools#org.jctools.jmh.latency.spsc.MpqRelaxedBurstCost.burstCost#burstSize=1&qType=MpscArrayQueue---4,OSCNN
JCTools__JCTools#org.jctools.jmh.latency.spsc.MpqRelaxedBurstCost.burstCost#burstSize=1&qType=MpscArrayQueue---5,Rocket
JCTools__JCTools#org.jctools.jmh.latency.spsc.MpqRelaxedBurstCost.burstCost#burstSize=1&qType=MpscArrayQueue---6,Rocket
JCTools__JCTools#org.jctools.jmh.latency.spsc.MpqRelaxedBurstCost.burstCost#burstSize=1&qType=SpmcArrayQueue---0,OSCNN
JCTools__JCTools#org.jctools.jmh.latency.spsc.MpqRelaxedBurstCost.burstCost#burstSize=1&qType=SpmcArrayQueue---1,OSCNN
JCTools__JCTools#org.jctools.jmh.latency.spsc.MpqRelaxedBurstCost.burstCost#burstSize=1&qType=SpmcArrayQueue---2,OSCNN
JCTools__JCTools#org.jctools.jmh.latency.spsc.MpqRelaxedBurstCost.burstCost#burstSize=1&qType=SpmcArrayQueue---4,OSCNN
JCTools__JCTools#org.jctools.jmh.latency.spsc.MpqRelaxedBurstCost.burstCost#burstSize=1&qType=SpmcArrayQueue---9,Rocket
JCTools__JCTools#org.jctools.jmh.latency.spsc.MpqRelaxedBurstCost.burstCost#burstSize=10&qType=MpscArrayQueue---4,OSCNN
JCTools__JCTools#org.jctools.jmh.latency.spsc.MpqRelaxedBurstCost.burstCost#burstSize=10&qType=MpscArrayQueue---9,OSCNN
JCTools__JCTools#org.jctools.jmh.latency.spsc.MpqRelaxedBurstCost.burstCost#burstSize=100&qType=SpscArrayQueue---2,OSCNN
JCTools__JCTools#org.jctools.jmh.latency.spsc.MpqRelaxedBurstCost.burstCost#burstSize=100&qType=SpscArrayQueue---3,OSCNN
JCTools__JCTools#org.jctools.jmh.latency.spsc.MpqRelaxedBurstCost.burstCost#burstSize=100&qType=SpscArrayQueue---7,OSCNN
JCTools__JCTools#org.jctools.jmh.latency.spsc.MpqRelaxedBurstCost.burstCost#burstSize=100&qType=SpscArrayQueue---9,OSCNN
JCTools__JCTools#org.jctools.jmh.latency.spsc.MpqRelaxedBurstCost.burstCost#burstSize=1000&qType=MpscArrayQueue---0,OSCNN
JCTools__JCTools#org.jctools.jmh.latency.spsc.MpqRelaxedBurstCost.burstCost#burstSize=1000&qType=MpscArrayQueue---1,OSCNN
JCTools__JCTools#org.jctools.jmh.latency.spsc.MpqRelaxedBurstCost.burstCost#burstSize=1000&qType=MpscArrayQueue---3,OSCNN
JCTools__JCTools#org.jctools.jmh.latency.spsc.MpqRelaxedBurstCost.burstCost#burstSize=1000&qType=MpscArrayQueue---4,OSCNN
JCTools__JCTools#org.jctools.jmh.latency.spsc.MpqRelaxedBurstCost.burstCost#burstSize=1000&qType=MpscArrayQueue---7,OSCNN
JCTools__JCTools#org.jctools.jmh.latency.spsc.MpqRelaxedBurstCost.burstCost#burstSize=1000&qType=MpscArrayQueue---9,OSCNN
ReactiveX__RxJava#io.reactivex.rxjava3.core.CallableAsyncPerf.pipelineCompletable#---0,Rocket
ReactiveX__RxJava#io.reactivex.rxjava3.core.CallableAsyncPerf.pipelineCompletable#---5,Rocket
ReactiveX__RxJava#io.reactivex.rxjava3.core.CallableAsyncPerf.pipelineCompletable#---6,Rocket
ReactiveX__RxJava#io.reactivex.rxjava3.core.CallableAsyncPerf.pipelineCompletable#---9,Rocket
ReactiveX__RxJava#io.reactivex.rxjava3.core.FlattenCrossMapPerf.flowable#times=1000---0,Rocket
ReactiveX__RxJava#io.reactivex.rxjava3.core.FlattenCrossMapPerf.flowable#times=1000---1,Rocket
ReactiveX__RxJava#io.reactivex.rxjava3.core.FlattenCrossMapPerf.flowable#times=1000---2,FCN
ReactiveX__RxJava#io.reactivex.rxjava3.core.FlattenCrossMapPerf.flowable#times=1000---3,Rocket
ReactiveX__RxJava#io.reactivex.rxjava3.core.FlattenCrossMapPerf.flowable#times=1000---4,Rocket
ReactiveX__RxJava#io.reactivex.rxjava3.core.FlattenCrossMapPerf.flowable#times=1000---5,Rocket
ReactiveX__RxJava#io.reactivex.rxjava3.core.FlattenCrossMapPerf.flowable#times=1000---6,Rocket
ReactiveX__RxJava#io.reactivex.rxjava3.core.FlattenCrossMapPerf.flowable#times=1000---8,Rocket
ReactiveX__RxJava#io.reactivex.rxjava3.core.FlattenCrossMapPerf.flowable#times=1000---9,Rocket
ReactiveX__RxJava#io.reactivex.rxjava3.core.FlattenRangePerf.observable#times=1000---0,Rocket
ReactiveX__RxJava#io.reactivex.rxjava3.core.FlattenRangePerf.observable#times=1000---1,Rocket
ReactiveX__RxJava#io.reactivex.rxjava3.core.FlattenRangePerf.observable#times=1000---2,Rocket
ReactiveX__RxJava#io.reactivex.rxjava3.core.FlattenRangePerf.observable#times=1000---3,Rocket
ReactiveX__RxJava#io.reactivex.rxjava3.core.FlattenRangePerf.observable#times=1000---4,OSCNN
ReactiveX__RxJava#io.reactivex.rxjava3.core.FlattenRangePerf.observable#times=1000---5,Rocket
ReactiveX__RxJava#io.reactivex.rxjava3.core.FlattenRangePerf.observable#times=1000---6,OSCNN
ReactiveX__RxJava#io.reactivex.rxjava3.core.FlattenRangePerf.observable#times=1000---7,Rocket
ReactiveX__RxJava#io.reactivex.rxjava3.core.FlattenRangePerf.observable#times=1000---8,Rocket
ReactiveX__RxJava#io.reactivex.rxjava3.core.FlattenRangePerf.observable#times=1000---9,Rocket
ReactiveX__RxJava#io.reactivex.rxjava3.core.FlowableFlatMapCompletableAsyncPerf.flatMapCompletable#items=1000&maxConcurrency=8&work=1---0,Rocket
ReactiveX__RxJava#io.reactivex.rxjava3.core.FlowableFlatMapCompletableAsyncPerf.flatMapCompletable#items=1000&maxConcurrency=8&work=1---1,Rocket
ReactiveX__RxJava#io.reactivex.rxjava3.core.FlowableFlatMapCompletableAsyncPerf.flatMapCompletable#items=1000&maxConcurrency=8&work=1---2,Rocket
ReactiveX__RxJava#io.reactivex.rxjava3.core.FlowableFlatMapCompletableAsyncPerf.flatMapCompletable#items=1000&maxConcurrency=8&work=1---3,Rocket
ReactiveX__RxJava#io.reactivex.rxjava3.core.FlowableFlatMapCompletableAsyncPerf.flatMapCompletable#items=1000&maxConcurrency=8&work=1---4,Rocket
ReactiveX__RxJava#io.reactivex.rxjava3.core.FlowableFlatMapCompletableAsyncPerf.flatMapCompletable#items=1000&maxConcurrency=8&work=1---5,Rocket
ReactiveX__RxJava#io.reactivex.rxjava3.core.FlowableFlatMapCompletableAsyncPerf.flatMapCompletable#items=1000&maxConcurrency=8&work=1---6,Rocket
ReactiveX__RxJava#io.reactivex.rxjava3.core.FlowableFlatMapCompletableAsyncPerf.flatMapCompletable#items=1000&maxConcurrency=8&work=1---7,Rocket
ReactiveX__RxJava#io.reactivex.rxjava3.core.FlowableFlatMapCompletableAsyncPerf.flatMapCompletable#items=1000&maxConcurrency=8&work=1---8,OSCNN
ReactiveX__RxJava#io.reactivex.rxjava3.core.FlowableFlatMapCompletableAsyncPerf.flatMapCompletable#items=1000&maxConcurrency=8&work=1---9,Rocket
ReactiveX__RxJava#io.reactivex.rxjava3.core.FlowableFlatMapCompletableAsyncPerf.flatMapCompletable#items=10000&maxConcurrency=128&work=10---0,Rocket
ReactiveX__RxJava#io.reactivex.rxjava3.core.FlowableFlatMapCompletableAsyncPerf.flatMapCompletable#items=10000&maxConcurrency=128&work=10---1,Rocket
ReactiveX__RxJava#io.reactivex.rxjava3.core.FlowableFlatMapCompletableAsyncPerf.flatMapCompletable#items=10000&maxConcurrency=128&work=10---2,Rocket
ReactiveX__RxJava#io.reactivex.rxjava3.core.FlowableFlatMapCompletableAsyncPerf.flatMapCompletable#items=10000&maxConcurrency=128&work=10---3,Rocket
ReactiveX__RxJava#io.reactivex.rxjava3.core.FlowableFlatMapCompletableAsyncPerf.flatMapCompletable#items=10000&maxConcurrency=128&work=10---4,Rocket
ReactiveX__RxJava#io.reactivex.rxjava3.core.FlowableFlatMapCompletableAsyncPerf.flatMapCompletable#items=10000&maxConcurrency=128&work=10---5,Rocket
ReactiveX__RxJava#io.reactivex.rxjava3.core.FlowableFlatMapCompletableAsyncPerf.flatMapCompletable#items=10000&maxConcurrency=128&work=10---6,Rocket
ReactiveX__RxJava#io.reactivex.rxjava3.core.FlowableFlatMapCompletableAsyncPerf.flatMapCompletable#items=10000&maxConcurrency=128&work=10---7,Rocket
ReactiveX__RxJava#io.reactivex.rxjava3.core.FlowableFlatMapCompletableAsyncPerf.flatMapCompletable#items=10000&maxConcurrency=128&work=10---8,Rocket
ReactiveX__RxJava#io.reactivex.rxjava3.core.FlowableFlatMapCompletableAsyncPerf.flatMapCompletable#items=10000&maxConcurrency=128&work=10---9,Rocket
ReactiveX__RxJava#io.reactivex.rxjava3.core.FlowableFlatMapCompletableAsyncPerf.flatMapCompletable#items=1000000&maxConcurrency=1&work=10---0,Rocket
ReactiveX__RxJava#io.reactivex.rxjava3.core.FlowableFlatMapCompletableAsyncPerf.flatMapCompletable#items=1000000&maxConcurrency=1&work=10---2,Rocket
ReactiveX__RxJava#io.reactivex.rxjava3.core.FlowableFlatMapCompletableAsyncPerf.flatMapCompletable#items=1000000&maxConcurrency=1&work=10---4,Rocket
ReactiveX__RxJava#io.reactivex.rxjava3.core.FlowableFlatMapCompletableAsyncPerf.flatMapCompletable#items=1000000&maxConcurrency=1&work=10---7,Rocket
ReactiveX__RxJava#io.reactivex.rxjava3.core.FlowableFlatMapCompletableAsyncPerf.flatMapCompletable#items=1000000&maxConcurrency=1&work=10---8,OSCNN
ReactiveX__RxJava#io.reactivex.rxjava3.core.FlowableFlatMapCompletableAsyncPerf.flatMapCompletable#items=1000000&maxConcurrency=1&work=10---9,Rocket
ReactiveX__RxJava#io.reactivex.rxjava3.core.FlowableFlatMapCompletableAsyncPerf.flatMapCompletable#items=1000000&maxConcurrency=32&work=100---0,Rocket
ReactiveX__RxJava#io.reactivex.rxjava3.core.FlowableFlatMapCompletableAsyncPerf.flatMapCompletable#items=1000000&maxConcurrency=32&work=100---1,Rocket
ReactiveX__RxJava#io.reactivex.rxjava3.core.FlowableFlatMapCompletableAsyncPerf.flatMapCompletable#items=1000000&maxConcurrency=32&work=100---2,Rocket
ReactiveX__RxJava#io.reactivex.rxjava3.core.FlowableFlatMapCompletableAsyncPerf.flatMapCompletable#items=1000000&maxConcurrency=32&work=100---3,Rocket
ReactiveX__RxJava#io.reactivex.rxjava3.core.FlowableFlatMapCompletableAsyncPerf.flatMapCompletable#items=1000000&maxConcurrency=32&work=100---4,Rocket
ReactiveX__RxJava#io.reactivex.rxjava3.core.FlowableFlatMapCompletableAsyncPerf.flatMapCompletable#items=1000000&maxConcurrency=32&work=100---5,Rocket
ReactiveX__RxJava#io.reactivex.rxjava3.core.FlowableFlatMapCompletableAsyncPerf.flatMapCompletable#items=1000000&maxConcurrency=32&work=100---6,Rocket
ReactiveX__RxJava#io.reactivex.rxjava3.core.FlowableFlatMapCompletableAsyncPerf.flatMapCompletable#items=1000000&maxConcurrency=32&work=100---7,Rocket
ReactiveX__RxJava#io.reactivex.rxjava3.core.FlowableFlatMapCompletableAsyncPerf.flatMapCompletable#items=1000000&maxConcurrency=32&work=100---8,Rocket
ReactiveX__RxJava#io.reactivex.rxjava3.core.FlowableFlatMapCompletableAsyncPerf.flatMapCompletable#items=1000000&maxConcurrency=32&work=100---9,Rocket
ReactiveX__RxJava#io.reactivex.rxjava3.core.StrictPerf.internal#count=1&cpu=100---0,OSCNN
ReactiveX__RxJava#io.reactivex.rxjava3.core.StrictPerf.internal#count=1&cpu=100---1,OSCNN
ReactiveX__RxJava#io.reactivex.rxjava3.core.StrictPerf.internal#count=1&cpu=100---2,OSCNN
ReactiveX__RxJava#io.reactivex.rxjava3.core.StrictPerf.internal#count=1&cpu=100---3,OSCNN
ReactiveX__RxJava#io.reactivex.rxjava3.core.StrictPerf.internal#count=1&cpu=100---4,OSCNN
ReactiveX__RxJava#io.reactivex.rxjava3.core.StrictPerf.internal#count=1&cpu=100---5,OSCNN
ReactiveX__RxJava#io.reactivex.rxjava3.core.StrictPerf.internal#count=1&cpu=100---6,OSCNN
ReactiveX__RxJava#io.reactivex.rxjava3.core.StrictPerf.internal#count=1&cpu=100---7,OSCNN
ReactiveX__RxJava#io.reactivex.rxjava3.core.StrictPerf.internal#count=1&cpu=100---8,OSCNN
ReactiveX__RxJava#io.reactivex.rxjava3.core.StrictPerf.internal#count=1&cpu=100---9,OSCNN
ReactiveX__RxJava#io.reactivex.rxjava3.core.XMapYPerf.flowFlatMapFlowable0#times=10---0,OSCNN
ReactiveX__RxJava#io.reactivex.rxjava3.core.XMapYPerf.flowFlatMapFlowable0#times=10---1,OSCNN
ReactiveX__RxJava#io.reactivex.rxjava3.core.XMapYPerf.flowFlatMapFlowable0#times=10---2,OSCNN
ReactiveX__RxJava#io.reactivex.rxjava3.core.XMapYPerf.flowFlatMapFlowable0#times=10---4,OSCNN
ReactiveX__RxJava#io.reactivex.rxjava3.core.XMapYPerf.flowFlatMapFlowable0#times=10---5,OSCNN
ReactiveX__RxJava#io.reactivex.rxjava3.core.XMapYPerf.flowFlatMapFlowable0#times=10---6,OSCNN
ReactiveX__RxJava#io.reactivex.rxjava3.core.XMapYPerf.flowFlatMapFlowable0#times=10---7,OSCNN
ReactiveX__RxJava#io.reactivex.rxjava3.core.XMapYPerf.flowFlatMapFlowable0#times=10---9,OSCNN
ReactiveX__RxJava#io.reactivex.rxjava3.core.XMapYPerf.flowFlatMapMaybeAsFlow0#times=100000---0,OSCNN
ReactiveX__RxJava#io.reactivex.rxjava3.core.XMapYPerf.flowFlatMapMaybeAsFlow0#times=100000---1,FCN
ReactiveX__RxJava#io.reactivex.rxjava3.core.XMapYPerf.flowFlatMapMaybeAsFlow0#times=100000---2,FCN
ReactiveX__RxJava#io.reactivex.rxjava3.core.XMapYPerf.flowFlatMapMaybeAsFlow0#times=100000---3,Rocket
ReactiveX__RxJava#io.reactivex.rxjava3.core.XMapYPerf.flowFlatMapMaybeAsFlow0#times=100000---4,FCN
ReactiveX__RxJava#io.reactivex.rxjava3.core.XMapYPerf.flowFlatMapMaybeAsFlow0#times=100000---5,FCN
ReactiveX__RxJava#io.reactivex.rxjava3.core.XMapYPerf.flowFlatMapMaybeAsFlow0#times=100000---6,FCN
ReactiveX__RxJava#io.reactivex.rxjava3.core.XMapYPerf.flowFlatMapMaybeAsFlow0#times=100000---8,FCN
ReactiveX__RxJava#io.reactivex.rxjava3.core.XMapYPerf.flowFlatMapMaybeAsFlow0#times=100000---9,FCN
ReactiveX__RxJava#io.reactivex.rxjava3.core.XMapYPerf.obsFlatMapIterableAsObs1#times=10000---0,OSCNN
ReactiveX__RxJava#io.reactivex.rxjava3.core.XMapYPerf.obsFlatMapIterableAsObs1#times=10000---2,OSCNN
ReactiveX__RxJava#io.reactivex.rxjava3.core.XMapYPerf.obsFlatMapIterableAsObs1#times=10000---3,OSCNN
ReactiveX__RxJava#io.reactivex.rxjava3.core.XMapYPerf.obsFlatMapIterableAsObs1#times=10000---4,OSCNN
ReactiveX__RxJava#io.reactivex.rxjava3.core.XMapYPerf.obsFlatMapIterableAsObs1#times=10000---5,OSCNN
ReactiveX__RxJava#io.reactivex.rxjava3.core.XMapYPerf.obsFlatMapIterableAsObs1#times=10000---6,OSCNN
ReactiveX__RxJava#io.reactivex.rxjava3.core.XMapYPerf.obsFlatMapIterableAsObs1#times=10000---9,OSCNN
ReactiveX__RxJava#io.reactivex.rxjava3.parallel.ParallelPerf.groupBy#compute=100&count=10000&parallelism=3---0,Rocket
ReactiveX__RxJava#io.reactivex.rxjava3.parallel.ParallelPerf.groupBy#compute=100&count=10000&parallelism=3---1,Rocket
ReactiveX__RxJava#io.reactivex.rxjava3.parallel.ParallelPerf.groupBy#compute=100&count=10000&parallelism=3---2,Rocket
ReactiveX__RxJava#io.reactivex.rxjava3.parallel.ParallelPerf.groupBy#compute=100&count=10000&parallelism=3---3,Rocket
ReactiveX__RxJava#io.reactivex.rxjava3.parallel.ParallelPerf.groupBy#compute=100&count=10000&parallelism=3---5,Rocket
ReactiveX__RxJava#io.reactivex.rxjava3.parallel.ParallelPerf.groupBy#compute=100&count=10000&parallelism=3---6,OSCNN
ReactiveX__RxJava#io.reactivex.rxjava3.parallel.ParallelPerf.groupBy#compute=100&count=10000&parallelism=3---7,Rocket
ReactiveX__RxJava#io.reactivex.rxjava3.parallel.ParallelPerf.groupBy#compute=100&count=10000&parallelism=3---9,FCN
ReactiveX__RxJava#io.reactivex.rxjava3.xmapz.FlowableConcatMapMaybeEmptyPerf.flowableDedicated#count=100---0,Rocket
ReactiveX__RxJava#io.reactivex.rxjava3.xmapz.FlowableConcatMapMaybeEmptyPerf.flowableDedicated#count=100---1,Rocket
ReactiveX__RxJava#io.reactivex.rxjava3.xmapz.FlowableConcatMapMaybeEmptyPerf.flowableDedicated#count=100---2,Rocket
ReactiveX__RxJava#io.reactivex.rxjava3.xmapz.FlowableConcatMapMaybeEmptyPerf.flowableDedicated#count=100---3,Rocket
ReactiveX__RxJava#io.reactivex.rxjava3.xmapz.FlowableConcatMapMaybeEmptyPerf.flowableDedicated#count=100---4,Rocket
ReactiveX__RxJava#io.reactivex.rxjava3.xmapz.FlowableConcatMapMaybeEmptyPerf.flowableDedicated#count=100---5,Rocket
ReactiveX__RxJava#io.reactivex.rxjava3.xmapz.FlowableConcatMapMaybeEmptyPerf.flowableDedicated#count=100---6,Rocket
ReactiveX__RxJava#io.reactivex.rxjava3.xmapz.FlowableConcatMapMaybeEmptyPerf.flowableDedicated#count=100---7,Rocket
ReactiveX__RxJava#io.reactivex.rxjava3.xmapz.FlowableConcatMapMaybeEmptyPerf.flowableDedicated#count=100---8,Rocket
ReactiveX__RxJava#io.reactivex.rxjava3.xmapz.FlowableConcatMapMaybeEmptyPerf.flowableDedicated#count=100---9,Rocket
ReactiveX__RxJava#io.reactivex.rxjava3.xmapz.FlowableConcatMapMaybeEmptyPerf.flowableDedicated#count=1000---0,Rocket
ReactiveX__RxJava#io.reactivex.rxjava3.xmapz.FlowableConcatMapMaybeEmptyPerf.flowableDedicated#count=1000---1,Rocket
ReactiveX__RxJava#io.reactivex.rxjava3.xmapz.FlowableConcatMapMaybeEmptyPerf.flowableDedicated#count=1000---2,Rocket
ReactiveX__RxJava#io.reactivex.rxjava3.xmapz.FlowableConcatMapMaybeEmptyPerf.flowableDedicated#count=1000---3,Rocket
ReactiveX__RxJava#io.reactivex.rxjava3.xmapz.FlowableConcatMapMaybeEmptyPerf.flowableDedicated#count=1000---4,Rocket
ReactiveX__RxJava#io.reactivex.rxjava3.xmapz.FlowableConcatMapMaybeEmptyPerf.flowableDedicated#count=1000---5,Rocket
ReactiveX__RxJava#io.reactivex.rxjava3.xmapz.FlowableConcatMapMaybeEmptyPerf.flowableDedicated#count=1000---6,Rocket
ReactiveX__RxJava#io.reactivex.rxjava3.xmapz.FlowableConcatMapMaybeEmptyPerf.flowableDedicated#count=1000---7,Rocket
ReactiveX__RxJava#io.reactivex.rxjava3.xmapz.FlowableConcatMapMaybeEmptyPerf.flowableDedicated#count=1000---8,Rocket
ReactiveX__RxJava#io.reactivex.rxjava3.xmapz.FlowableConcatMapMaybeEmptyPerf.flowableDedicated#count=1000---9,Rocket
ReactiveX__RxJava#io.reactivex.rxjava3.xmapz.FlowableConcatMapMaybeEmptyPerf.flowableDedicated#count=1000000---0,Rocket
ReactiveX__RxJava#io.reactivex.rxjava3.xmapz.FlowableConcatMapMaybeEmptyPerf.flowableDedicated#count=1000000---1,Rocket
ReactiveX__RxJava#io.reactivex.rxjava3.xmapz.FlowableConcatMapMaybeEmptyPerf.flowableDedicated#count=1000000---2,Rocket
ReactiveX__RxJava#io.reactivex.rxjava3.xmapz.FlowableConcatMapMaybeEmptyPerf.flowableDedicated#count=1000000---3,Rocket
ReactiveX__RxJava#io.reactivex.rxjava3.xmapz.FlowableConcatMapMaybeEmptyPerf.flowableDedicated#count=1000000---4,Rocket
ReactiveX__RxJava#io.reactivex.rxjava3.xmapz.FlowableConcatMapMaybeEmptyPerf.flowableDedicated#count=1000000---5,Rocket
ReactiveX__RxJava#io.reactivex.rxjava3.xmapz.FlowableConcatMapMaybeEmptyPerf.flowableDedicated#count=1000000---6,Rocket
ReactiveX__RxJava#io.reactivex.rxjava3.xmapz.FlowableConcatMapMaybeEmptyPerf.flowableDedicated#count=1000000---7,Rocket
ReactiveX__RxJava#io.reactivex.rxjava3.xmapz.FlowableConcatMapMaybeEmptyPerf.flowableDedicated#count=1000000---8,Rocket
ReactiveX__RxJava#io.reactivex.rxjava3.xmapz.FlowableConcatMapMaybeEmptyPerf.flowableDedicated#count=1000000---9,Rocket
ReactiveX__RxJava#io.reactivex.rxjava3.xmapz.FlowableConcatMapMaybePerf.flowablePlain#count=1000---0,Rocket
ReactiveX__RxJava#io.reactivex.rxjava3.xmapz.FlowableConcatMapMaybePerf.flowablePlain#count=1000---1,Rocket
ReactiveX__RxJava#io.reactivex.rxjava3.xmapz.FlowableConcatMapMaybePerf.flowablePlain#count=1000---2,Rocket
ReactiveX__RxJava#io.reactivex.rxjava3.xmapz.FlowableConcatMapMaybePerf.flowablePlain#count=1000---3,Rocket
ReactiveX__RxJava#io.reactivex.rxjava3.xmapz.FlowableConcatMapMaybePerf.flowablePlain#count=1000---4,Rocket
ReactiveX__RxJava#io.reactivex.rxjava3.xmapz.FlowableConcatMapMaybePerf.flowablePlain#count=1000---5,Rocket
ReactiveX__RxJava#io.reactivex.rxjava3.xmapz.FlowableConcatMapMaybePerf.flowablePlain#count=1000---6,Rocket
ReactiveX__RxJava#io.reactivex.rxjava3.xmapz.FlowableConcatMapMaybePerf.flowablePlain#count=1000---7,Rocket
ReactiveX__RxJava#io.reactivex.rxjava3.xmapz.FlowableConcatMapMaybePerf.flowablePlain#count=1000---8,Rocket
ReactiveX__RxJava#io.reactivex.rxjava3.xmapz.FlowableConcatMapMaybePerf.flowablePlain#count=1000---9,Rocket
ReactiveX__RxJava#io.reactivex.rxjava3.xmapz.FlowableFlatMapMaybeEmptyPerf.flowableConvert#count=10000---0,OSCNN
ReactiveX__RxJava#io.reactivex.rxjava3.xmapz.FlowableFlatMapMaybeEmptyPerf.flowableConvert#count=10000---1,OSCNN
ReactiveX__RxJava#io.reactivex.rxjava3.xmapz.FlowableFlatMapMaybeEmptyPerf.flowableConvert#count=10000---2,OSCNN
ReactiveX__RxJava#io.reactivex.rxjava3.xmapz.FlowableFlatMapMaybeEmptyPerf.flowableConvert#count=10000---3,OSCNN
ReactiveX__RxJava#io.reactivex.rxjava3.xmapz.FlowableFlatMapMaybeEmptyPerf.flowableConvert#count=10000---4,OSCNN
ReactiveX__RxJava#io.reactivex.rxjava3.xmapz.FlowableFlatMapMaybeEmptyPerf.flowableConvert#count=10000---5,OSCNN
ReactiveX__RxJava#io.reactivex.rxjava3.xmapz.FlowableFlatMapMaybeEmptyPerf.flowableConvert#count=10000---6,Rocket
ReactiveX__RxJava#io.reactivex.rxjava3.xmapz.FlowableFlatMapMaybeEmptyPerf.flowableConvert#count=10000---7,OSCNN
ReactiveX__RxJava#io.reactivex.rxjava3.xmapz.FlowableFlatMapMaybeEmptyPerf.flowableConvert#count=10000---8,OSCNN
ReactiveX__RxJava#io.reactivex.rxjava3.xmapz.FlowableSwitchMapSinglePerf.flowableConvert#count=10---0,OSCNN
ReactiveX__RxJava#io.reactivex.rxjava3.xmapz.FlowableSwitchMapSinglePerf.flowableConvert#count=10---1,OSCNN
ReactiveX__RxJava#io.reactivex.rxjava3.xmapz.FlowableSwitchMapSinglePerf.flowableConvert#count=10---2,OSCNN
ReactiveX__RxJava#io.reactivex.rxjava3.xmapz.FlowableSwitchMapSinglePerf.flowableConvert#count=10---3,OSCNN
ReactiveX__RxJava#io.reactivex.rxjava3.xmapz.FlowableSwitchMapSinglePerf.flowableConvert#count=10---4,OSCNN
ReactiveX__RxJava#io.reactivex.rxjava3.xmapz.FlowableSwitchMapSinglePerf.flowableConvert#count=10---5,OSCNN
ReactiveX__RxJava#io.reactivex.rxjava3.xmapz.FlowableSwitchMapSinglePerf.flowableConvert#count=10---6,OSCNN
ReactiveX__RxJava#io.reactivex.rxjava3.xmapz.FlowableSwitchMapSinglePerf.flowableConvert#count=10---7,OSCNN
ReactiveX__RxJava#io.reactivex.rxjava3.xmapz.FlowableSwitchMapSinglePerf.flowableConvert#count=10---8,OSCNN
ReactiveX__RxJava#io.reactivex.rxjava3.xmapz.FlowableSwitchMapSinglePerf.flowableConvert#count=10---9,OSCNN
ReactiveX__RxJava#io.reactivex.rxjava3.xmapz.ObservableConcatMapCompletablePerf.observablePlain#count=1---0,OSCNN
ReactiveX__RxJava#io.reactivex.rxjava3.xmapz.ObservableConcatMapCompletablePerf.observablePlain#count=1---1,Rocket
ReactiveX__RxJava#io.reactivex.rxjava3.xmapz.ObservableConcatMapCompletablePerf.observablePlain#count=1---2,OSCNN
ReactiveX__RxJava#io.reactivex.rxjava3.xmapz.ObservableConcatMapCompletablePerf.observablePlain#count=1---3,OSCNN
ReactiveX__RxJava#io.reactivex.rxjava3.xmapz.ObservableConcatMapCompletablePerf.observablePlain#count=1---4,Rocket
ReactiveX__RxJava#io.reactivex.rxjava3.xmapz.ObservableConcatMapCompletablePerf.observablePlain#count=1---5,Rocket
ReactiveX__RxJava#io.reactivex.rxjava3.xmapz.ObservableConcatMapCompletablePerf.observablePlain#count=1---6,OSCNN
ReactiveX__RxJava#io.reactivex.rxjava3.xmapz.ObservableConcatMapCompletablePerf.observablePlain#count=1---7,OSCNN
ReactiveX__RxJava#io.reactivex.rxjava3.xmapz.ObservableConcatMapCompletablePerf.observablePlain#count=1---8,OSCNN
ReactiveX__RxJava#io.reactivex.rxjava3.xmapz.ObservableConcatMapCompletablePerf.observablePlain#count=1---9,Rocket
ReactiveX__RxJava#io.reactivex.rxjava3.xmapz.ObservableFlatMapCompletablePerf.observableConvert#count=100000---0,FCN
ReactiveX__RxJava#io.reactivex.rxjava3.xmapz.ObservableFlatMapCompletablePerf.observableConvert#count=100000---1,FCN
ReactiveX__RxJava#io.reactivex.rxjava3.xmapz.ObservableFlatMapCompletablePerf.observableConvert#count=100000---2,OSCNN
ReactiveX__RxJava#io.reactivex.rxjava3.xmapz.ObservableFlatMapCompletablePerf.observableConvert#count=100000---3,FCN
ReactiveX__RxJava#io.reactivex.rxjava3.xmapz.ObservableFlatMapCompletablePerf.observableConvert#count=100000---4,FCN
ReactiveX__RxJava#io.reactivex.rxjava3.xmapz.ObservableFlatMapCompletablePerf.observableConvert#count=100000---5,FCN
ReactiveX__RxJava#io.reactivex.rxjava3.xmapz.ObservableFlatMapCompletablePerf.observableConvert#count=100000---6,Rocket
ReactiveX__RxJava#io.reactivex.rxjava3.xmapz.ObservableFlatMapCompletablePerf.observableConvert#count=100000---7,Rocket
ReactiveX__RxJava#io.reactivex.rxjava3.xmapz.ObservableFlatMapCompletablePerf.observableConvert#count=100000---8,FCN
ReactiveX__RxJava#io.reactivex.rxjava3.xmapz.ObservableFlatMapCompletablePerf.observableConvert#count=100000---9,FCN
RoaringBitmap__RoaringBitmap#org.roaringbitmap.aggregation.andnot.worstcase.Roaring64BitmapBenchmark.inplace_andNot#---0,OSCNN
RoaringBitmap__RoaringBitmap#org.roaringbitmap.aggregation.andnot.worstcase.Roaring64BitmapBenchmark.inplace_andNot#---1,OSCNN
RoaringBitmap__RoaringBitmap#org.roaringbitmap.aggregation.andnot.worstcase.Roaring64BitmapBenchmark.inplace_andNot#---2,OSCNN
RoaringBitmap__RoaringBitmap#org.roaringbitmap.aggregation.andnot.worstcase.Roaring64BitmapBenchmark.inplace_andNot#---3,OSCNN
RoaringBitmap__RoaringBitmap#org.roaringbitmap.aggregation.andnot.worstcase.Roaring64BitmapBenchmark.inplace_andNot#---4,OSCNN
RoaringBitmap__RoaringBitmap#org.roaringbitmap.aggregation.andnot.worstcase.Roaring64BitmapBenchmark.inplace_andNot#---5,OSCNN
RoaringBitmap__RoaringBitmap#org.roaringbitmap.aggregation.andnot.worstcase.Roaring64BitmapBenchmark.inplace_andNot#---6,OSCNN
RoaringBitmap__RoaringBitmap#org.roaringbitmap.aggregation.andnot.worstcase.Roaring64BitmapBenchmark.inplace_andNot#---7,OSCNN
RoaringBitmap__RoaringBitmap#org.roaringbitmap.bithacking.UnsignedVSFlip.flipTimeAvg#key=65---2,Rocket
RoaringBitmap__RoaringBitmap#org.roaringbitmap.bithacking.UnsignedVSFlip.flipTimeAvg#key=65---3,OSCNN
RoaringBitmap__RoaringBitmap#org.roaringbitmap.bithacking.UnsignedVSFlip.flipTimeAvg#key=65---4,OSCNN
RoaringBitmap__RoaringBitmap#org.roaringbitmap.bithacking.UnsignedVSFlip.flipTimeAvg#key=65---6,Rocket
RoaringBitmap__RoaringBitmap#org.roaringbitmap.bithacking.UnsignedVSFlip.flipTimeAvg#key=65---7,OSCNN
RoaringBitmap__RoaringBitmap#org.roaringbitmap.bithacking.UnsignedVSFlip.flipTimeAvg#key=65---8,Rocket
RoaringBitmap__RoaringBitmap#org.roaringbitmap.bithacking.UnsignedVSFlip.flipTimeAvg#key=65---9,Rocket
RoaringBitmap__RoaringBitmap#org.roaringbitmap.cardinality64.Cardinality64Benchmark.getCardinalityWithoutCache_Small#---0,OSCNN
RoaringBitmap__RoaringBitmap#org.roaringbitmap.cardinality64.Cardinality64Benchmark.getCardinalityWithoutCache_Small#---2,OSCNN
RoaringBitmap__RoaringBitmap#org.roaringbitmap.cardinality64.Cardinality64Benchmark.getCardinalityWithoutCache_Small#---3,OSCNN
RoaringBitmap__RoaringBitmap#org.roaringbitmap.cardinality64.Cardinality64Benchmark.getCardinalityWithoutCache_Small#---7,OSCNN
RoaringBitmap__RoaringBitmap#org.roaringbitmap.cardinality64.Cardinality64Benchmark.getCardinalityWithoutCache_Small#---8,OSCNN
RoaringBitmap__RoaringBitmap#org.roaringbitmap.cardinality64.Cardinality64Benchmark.getCardinalityWithoutCache_Small#---9,OSCNN
RoaringBitmap__RoaringBitmap#org.roaringbitmap.combinedcardinality.CombinedCardinalityBenchmark.orCardinalityBaseline#scenario=SHIFTED---0,Rocket
RoaringBitmap__RoaringBitmap#org.roaringbitmap.combinedcardinality.CombinedCardinalityBenchmark.orCardinalityBaseline#scenario=SHIFTED---1,OSCNN
RoaringBitmap__RoaringBitmap#org.roaringbitmap.combinedcardinality.CombinedCardinalityBenchmark.orCardinalityBaseline#scenario=SHIFTED---2,OSCNN
RoaringBitmap__RoaringBitmap#org.roaringbitmap.combinedcardinality.CombinedCardinalityBenchmark.orCardinalityBaseline#scenario=SHIFTED---3,OSCNN
RoaringBitmap__RoaringBitmap#org.roaringbitmap.combinedcardinality.CombinedCardinalityBenchmark.orCardinalityBaseline#scenario=SHIFTED---4,Rocket
RoaringBitmap__RoaringBitmap#org.roaringbitmap.combinedcardinality.CombinedCardinalityBenchmark.orCardinalityBaseline#scenario=SHIFTED---5,OSCNN
RoaringBitmap__RoaringBitmap#org.roaringbitmap.combinedcardinality.CombinedCardinalityBenchmark.orCardinalityBaseline#scenario=SHIFTED---6,OSCNN
RoaringBitmap__RoaringBitmap#org.roaringbitmap.combinedcardinality.CombinedCardinalityBenchmark.orCardinalityBaseline#scenario=SHIFTED---7,OSCNN
RoaringBitmap__RoaringBitmap#org.roaringbitmap.combinedcardinality.CombinedCardinalityBenchmark.orCardinalityBaseline#scenario=SHIFTED---8,OSCNN
RoaringBitmap__RoaringBitmap#org.roaringbitmap.combinedcardinality.CombinedCardinalityBenchmark.orCardinalityBaseline#scenario=SHIFTED---9,Rocket
RoaringBitmap__RoaringBitmap#org.roaringbitmap.equals.EqualsBenchmark.arrayVsArrayEquals#firstMismatch=0.1&size=2000---0,Rocket
RoaringBitmap__RoaringBitmap#org.roaringbitmap.equals.EqualsBenchmark.arrayVsArrayEquals#firstMismatch=0.1&size=2000---1,Rocket
RoaringBitmap__RoaringBitmap#org.roaringbitmap.equals.EqualsBenchmark.arrayVsArrayEquals#firstMismatch=0.1&size=2000---2,Rocket
RoaringBitmap__RoaringBitmap#org.roaringbitmap.equals.EqualsBenchmark.arrayVsArrayEquals#firstMismatch=0.1&size=2000---3,Rocket
RoaringBitmap__RoaringBitmap#org.roaringbitmap.equals.EqualsBenchmark.arrayVsArrayEquals#firstMismatch=0.1&size=2000---4,Rocket
RoaringBitmap__RoaringBitmap#org.roaringbitmap.equals.EqualsBenchmark.arrayVsArrayEquals#firstMismatch=0.1&size=2000---5,Rocket
RoaringBitmap__RoaringBitmap#org.roaringbitmap.equals.EqualsBenchmark.arrayVsArrayEquals#firstMismatch=0.1&size=2000---6,Rocket
RoaringBitmap__RoaringBitmap#org.roaringbitmap.equals.EqualsBenchmark.arrayVsArrayEquals#firstMismatch=0.1&size=2000---8,Rocket
RoaringBitmap__RoaringBitmap#org.roaringbitmap.equals.EqualsBenchmark.arrayVsArrayEquals#firstMismatch=0.1&size=2000---9,Rocket
RoaringBitmap__RoaringBitmap#org.roaringbitmap.iteration.BatchIteratorBenchmark.batchIterate#bufferSize=256&dirtiness=0.5&keys=16384&runniness=0.1---0,Rocket
RoaringBitmap__RoaringBitmap#org.roaringbitmap.iteration.BatchIteratorBenchmark.batchIterate#bufferSize=256&dirtiness=0.5&keys=16384&runniness=0.1---1,Rocket
RoaringBitmap__RoaringBitmap#org.roaringbitmap.iteration.BatchIteratorBenchmark.batchIterate#bufferSize=256&dirtiness=0.5&keys=16384&runniness=0.1---2,Rocket
RoaringBitmap__RoaringBitmap#org.roaringbitmap.iteration.BatchIteratorBenchmark.batchIterate#bufferSize=256&dirtiness=0.5&keys=16384&runniness=0.1---3,Rocket
RoaringBitmap__RoaringBitmap#org.roaringbitmap.iteration.BatchIteratorBenchmark.batchIterate#bufferSize=256&dirtiness=0.5&keys=16384&runniness=0.1---4,Rocket
RoaringBitmap__RoaringBitmap#org.roaringbitmap.iteration.BatchIteratorBenchmark.batchIterate#bufferSize=256&dirtiness=0.5&keys=16384&runniness=0.1---5,Rocket
RoaringBitmap__RoaringBitmap#org.roaringbitmap.iteration.BatchIteratorBenchmark.batchIterate#bufferSize=256&dirtiness=0.5&keys=16384&runniness=0.1---6,Rocket
RoaringBitmap__RoaringBitmap#org.roaringbitmap.iteration.BatchIteratorBenchmark.batchIterate#bufferSize=256&dirtiness=0.5&keys=16384&runniness=0.1---7,Rocket
RoaringBitmap__RoaringBitmap#org.roaringbitmap.iteration.BatchIteratorBenchmark.batchIterate#bufferSize=256&dirtiness=0.5&keys=16384&runniness=0.1---8,Rocket
RoaringBitmap__RoaringBitmap#org.roaringbitmap.iteration.BatchIteratorBenchmark.batchIterate#bufferSize=256&dirtiness=0.5&keys=16384&runniness=0.1---9,Rocket
RoaringBitmap__RoaringBitmap#org.roaringbitmap.iteration.BatchIteratorBenchmark.batchIterate#bufferSize=256&dirtiness=0.5&keys=256&runniness=0.5---0,OSCNN
RoaringBitmap__RoaringBitmap#org.roaringbitmap.iteration.BatchIteratorBenchmark.batchIterate#bufferSize=256&dirtiness=0.5&keys=256&runniness=0.5---1,OSCNN
RoaringBitmap__RoaringBitmap#org.roaringbitmap.iteration.BatchIteratorBenchmark.batchIterate#bufferSize=256&dirtiness=0.5&keys=256&runniness=0.5---2,OSCNN
RoaringBitmap__RoaringBitmap#org.roaringbitmap.iteration.BatchIteratorBenchmark.batchIterate#bufferSize=256&dirtiness=0.5&keys=256&runniness=0.5---3,OSCNN
RoaringBitmap__RoaringBitmap#org.roaringbitmap.iteration.BatchIteratorBenchmark.batchIterate#bufferSize=256&dirtiness=0.5&keys=256&runniness=0.5---4,OSCNN
RoaringBitmap__RoaringBitmap#org.roaringbitmap.iteration.BatchIteratorBenchmark.batchIterate#bufferSize=256&dirtiness=0.5&keys=256&runniness=0.5---5,OSCNN
RoaringBitmap__RoaringBitmap#org.roaringbitmap.iteration.BatchIteratorBenchmark.batchIterate#bufferSize=256&dirtiness=0.5&keys=256&runniness=0.5---6,OSCNN
RoaringBitmap__RoaringBitmap#org.roaringbitmap.iteration.BatchIteratorBenchmark.batchIterate#bufferSize=256&dirtiness=0.5&keys=256&runniness=0.5---7,OSCNN
RoaringBitmap__RoaringBitmap#org.roaringbitmap.iteration.BatchIteratorBenchmark.batchIterate#bufferSize=256&dirtiness=0.5&keys=256&runniness=0.5---8,OSCNN
RoaringBitmap__RoaringBitmap#org.roaringbitmap.iteration.BatchIteratorBenchmark.batchIterate#bufferSize=256&dirtiness=0.5&keys=256&runniness=0.5---9,OSCNN
RoaringBitmap__RoaringBitmap#org.roaringbitmap.iteration.BatchIteratorBenchmark.batchIterate#bufferSize=512&dirtiness=0.1&keys=4096&runniness=0.1---0,FCN
RoaringBitmap__RoaringBitmap#org.roaringbitmap.iteration.BatchIteratorBenchmark.batchIterate#bufferSize=512&dirtiness=0.1&keys=4096&runniness=0.1---1,FCN
RoaringBitmap__RoaringBitmap#org.roaringbitmap.iteration.BatchIteratorBenchmark.batchIterate#bufferSize=512&dirtiness=0.1&keys=4096&runniness=0.1---2,FCN
RoaringBitmap__RoaringBitmap#org.roaringbitmap.iteration.BatchIteratorBenchmark.batchIterate#bufferSize=512&dirtiness=0.1&keys=4096&runniness=0.1---3,FCN
RoaringBitmap__RoaringBitmap#org.roaringbitmap.iteration.BatchIteratorBenchmark.batchIterate#bufferSize=512&dirtiness=0.1&keys=4096&runniness=0.1---4,FCN
RoaringBitmap__RoaringBitmap#org.roaringbitmap.iteration.BatchIteratorBenchmark.batchIterate#bufferSize=512&dirtiness=0.1&keys=4096&runniness=0.1---5,FCN
RoaringBitmap__RoaringBitmap#org.roaringbitmap.iteration.BatchIteratorBenchmark.batchIterate#bufferSize=512&dirtiness=0.1&keys=4096&runniness=0.1---6,FCN
RoaringBitmap__RoaringBitmap#org.roaringbitmap.iteration.BatchIteratorBenchmark.batchIterate#bufferSize=512&dirtiness=0.1&keys=4096&runniness=0.1---7,FCN
RoaringBitmap__RoaringBitmap#org.roaringbitmap.iteration.BatchIteratorBenchmark.batchIterate#bufferSize=512&dirtiness=0.1&keys=4096&runniness=0.1---8,FCN
RoaringBitmap__RoaringBitmap#org.roaringbitmap.iteration.BatchIteratorBenchmark.batchIterate#bufferSize=512&dirtiness=0.1&keys=4096&runniness=0.1---9,FCN
RoaringBitmap__RoaringBitmap#org.roaringbitmap.iteration.BatchIteratorBenchmark.batchIterate#bufferSize=512&dirtiness=0.1&keys=8192&runniness=0.1---0,Rocket
RoaringBitmap__RoaringBitmap#org.roaringbitmap.iteration.BatchIteratorBenchmark.batchIterate#bufferSize=512&dirtiness=0.1&keys=8192&runniness=0.1---1,Rocket
RoaringBitmap__RoaringBitmap#org.roaringbitmap.iteration.BatchIteratorBenchmark.batchIterate#bufferSize=512&dirtiness=0.1&keys=8192&runniness=0.1---2,Rocket
RoaringBitmap__RoaringBitmap#org.roaringbitmap.iteration.BatchIteratorBenchmark.batchIterate#bufferSize=512&dirtiness=0.1&keys=8192&runniness=0.1---3,OSCNN
RoaringBitmap__RoaringBitmap#org.roaringbitmap.iteration.BatchIteratorBenchmark.batchIterate#bufferSize=512&dirtiness=0.1&keys=8192&runniness=0.1---4,Rocket
RoaringBitmap__RoaringBitmap#org.roaringbitmap.iteration.BatchIteratorBenchmark.batchIterate#bufferSize=512&dirtiness=0.1&keys=8192&runniness=0.1---5,Rocket
RoaringBitmap__RoaringBitmap#org.roaringbitmap.iteration.BatchIteratorBenchmark.batchIterate#bufferSize=512&dirtiness=0.1&keys=8192&runniness=0.1---6,OSCNN
RoaringBitmap__RoaringBitmap#org.roaringbitmap.iteration.BatchIteratorBenchmark.batchIterate#bufferSize=512&dirtiness=0.1&keys=8192&runniness=0.1---7,Rocket
RoaringBitmap__RoaringBitmap#org.roaringbitmap.iteration.BatchIteratorBenchmark.batchIterate#bufferSize=512&dirtiness=0.1&keys=8192&runniness=0.1---8,Rocket
RoaringBitmap__RoaringBitmap#org.roaringbitmap.iteration.BatchIteratorBenchmark.batchIterate#bufferSize=512&dirtiness=0.1&keys=8192&runniness=0.1---9,Rocket
RoaringBitmap__RoaringBitmap#org.roaringbitmap.iteration.BatchIteratorBenchmark.batchIterate#bufferSize=64&dirtiness=0.25&keys=2096&runniness=0.25---0,Rocket
RoaringBitmap__RoaringBitmap#org.roaringbitmap.iteration.BatchIteratorBenchmark.batchIterate#bufferSize=64&dirtiness=0.25&keys=2096&runniness=0.25---1,Rocket
RoaringBitmap__RoaringBitmap#org.roaringbitmap.iteration.BatchIteratorBenchmark.batchIterate#bufferSize=64&dirtiness=0.25&keys=2096&runniness=0.25---2,Rocket
RoaringBitmap__RoaringBitmap#org.roaringbitmap.iteration.BatchIteratorBenchmark.batchIterate#bufferSize=64&dirtiness=0.25&keys=2096&runniness=0.25---3,Rocket
RoaringBitmap__RoaringBitmap#org.roaringbitmap.iteration.BatchIteratorBenchmark.batchIterate#bufferSize=64&dirtiness=0.25&keys=2096&runniness=0.25---4,Rocket
RoaringBitmap__RoaringBitmap#org.roaringbitmap.iteration.BatchIteratorBenchmark.batchIterate#bufferSize=64&dirtiness=0.25&keys=2096&runniness=0.25---5,Rocket
RoaringBitmap__RoaringBitmap#org.roaringbitmap.iteration.BatchIteratorBenchmark.batchIterate#bufferSize=64&dirtiness=0.25&keys=2096&runniness=0.25---6,Rocket
RoaringBitmap__RoaringBitmap#org.roaringbitmap.iteration.BatchIteratorBenchmark.batchIterate#bufferSize=64&dirtiness=0.25&keys=2096&runniness=0.25---7,Rocket
RoaringBitmap__RoaringBitmap#org.roaringbitmap.iteration.BatchIteratorBenchmark.batchIterate#bufferSize=64&dirtiness=0.25&keys=2096&runniness=0.25---8,Rocket
RoaringBitmap__RoaringBitmap#org.roaringbitmap.iteration.BatchIteratorBenchmark.batchIterate#bufferSize=64&dirtiness=0.25&keys=2096&runniness=0.25---9,Rocket
RoaringBitmap__RoaringBitmap#org.roaringbitmap.iteration.BatchIteratorBenchmark.batchIterateAsIntIterator#bufferSize=128&dirtiness=0.1&keys=512&runniness=0.5---0,Rocket
RoaringBitmap__RoaringBitmap#org.roaringbitmap.iteration.BatchIteratorBenchmark.batchIterateAsIntIterator#bufferSize=128&dirtiness=0.1&keys=512&runniness=0.5---1,Rocket
RoaringBitmap__RoaringBitmap#org.roaringbitmap.iteration.BatchIteratorBenchmark.batchIterateAsIntIterator#bufferSize=128&dirtiness=0.1&keys=512&runniness=0.5---2,Rocket
RoaringBitmap__RoaringBitmap#org.roaringbitmap.iteration.BatchIteratorBenchmark.batchIterateAsIntIterator#bufferSize=128&dirtiness=0.1&keys=512&runniness=0.5---3,Rocket
RoaringBitmap__RoaringBitmap#org.roaringbitmap.iteration.BatchIteratorBenchmark.batchIterateAsIntIterator#bufferSize=128&dirtiness=0.1&keys=512&runniness=0.5---4,Rocket
RoaringBitmap__RoaringBitmap#org.roaringbitmap.iteration.BatchIteratorBenchmark.batchIterateAsIntIterator#bufferSize=128&dirtiness=0.1&keys=512&runniness=0.5---5,Rocket
RoaringBitmap__RoaringBitmap#org.roaringbitmap.iteration.BatchIteratorBenchmark.batchIterateAsIntIterator#bufferSize=128&dirtiness=0.1&keys=512&runniness=0.5---6,Rocket
RoaringBitmap__RoaringBitmap#org.roaringbitmap.iteration.BatchIteratorBenchmark.batchIterateAsIntIterator#bufferSize=128&dirtiness=0.1&keys=512&runniness=0.5---7,Rocket
RoaringBitmap__RoaringBitmap#org.roaringbitmap.iteration.BatchIteratorBenchmark.batchIterateAsIntIterator#bufferSize=128&dirtiness=0.1&keys=512&runniness=0.5---8,Rocket
RoaringBitmap__RoaringBitmap#org.roaringbitmap.iteration.BatchIteratorBenchmark.batchIterateAsIntIterator#bufferSize=128&dirtiness=0.1&keys=512&runniness=0.5---9,Rocket
RoaringBitmap__RoaringBitmap#org.roaringbitmap.iteration.BatchIteratorBenchmark.batchIterateAsIntIterator#bufferSize=64&dirtiness=0.5&keys=8&runniness=0.5---0,OSCNN
RoaringBitmap__RoaringBitmap#org.roaringbitmap.iteration.BatchIteratorBenchmark.batchIterateAsIntIterator#bufferSize=64&dirtiness=0.5&keys=8&runniness=0.5---1,OSCNN
RoaringBitmap__RoaringBitmap#org.roaringbitmap.iteration.BatchIteratorBenchmark.batchIterateAsIntIterator#bufferSize=64&dirtiness=0.5&keys=8&runniness=0.5---2,OSCNN
RoaringBitmap__RoaringBitmap#org.roaringbitmap.iteration.BatchIteratorBenchmark.batchIterateAsIntIterator#bufferSize=64&dirtiness=0.5&keys=8&runniness=0.5---3,FCN
RoaringBitmap__RoaringBitmap#org.roaringbitmap.iteration.BatchIteratorBenchmark.batchIterateAsIntIterator#bufferSize=64&dirtiness=0.5&keys=8&runniness=0.5---4,OSCNN
RoaringBitmap__RoaringBitmap#org.roaringbitmap.iteration.BatchIteratorBenchmark.batchIterateAsIntIterator#bufferSize=64&dirtiness=0.5&keys=8&runniness=0.5---5,OSCNN
RoaringBitmap__RoaringBitmap#org.roaringbitmap.iteration.BatchIteratorBenchmark.batchIterateAsIntIterator#bufferSize=64&dirtiness=0.5&keys=8&runniness=0.5---6,OSCNN
RoaringBitmap__RoaringBitmap#org.roaringbitmap.iteration.BatchIteratorBenchmark.batchIterateAsIntIterator#bufferSize=64&dirtiness=0.5&keys=8&runniness=0.5---7,OSCNN
RoaringBitmap__RoaringBitmap#org.roaringbitmap.iteration.BatchIteratorBenchmark.batchIterateAsIntIterator#bufferSize=64&dirtiness=0.5&keys=8&runniness=0.5---8,OSCNN
RoaringBitmap__RoaringBitmap#org.roaringbitmap.iteration.BatchIteratorBenchmark.batchIterateAsIntIterator#bufferSize=64&dirtiness=0.5&keys=8&runniness=0.5---9,OSCNN
RoaringBitmap__RoaringBitmap#org.roaringbitmap.iteration.BatchIteratorBenchmark.iterate#bufferSize=128&dirtiness=0.5&keys=512&runniness=0.1---0,OSCNN
RoaringBitmap__RoaringBitmap#org.roaringbitmap.iteration.BatchIteratorBenchmark.iterate#bufferSize=128&dirtiness=0.5&keys=512&runniness=0.1---1,FCN
RoaringBitmap__RoaringBitmap#org.roaringbitmap.iteration.BatchIteratorBenchmark.iterate#bufferSize=128&dirtiness=0.5&keys=512&runniness=0.1---2,OSCNN
RoaringBitmap__RoaringBitmap#org.roaringbitmap.iteration.BatchIteratorBenchmark.iterate#bufferSize=128&dirtiness=0.5&keys=512&runniness=0.1---3,OSCNN
RoaringBitmap__RoaringBitmap#org.roaringbitmap.iteration.BatchIteratorBenchmark.iterate#bufferSize=128&dirtiness=0.5&keys=512&runniness=0.1---4,OSCNN
RoaringBitmap__RoaringBitmap#org.roaringbitmap.iteration.BatchIteratorBenchmark.iterate#bufferSize=128&dirtiness=0.5&keys=512&runniness=0.1---5,OSCNN
RoaringBitmap__RoaringBitmap#org.roaringbitmap.iteration.BatchIteratorBenchmark.iterate#bufferSize=128&dirtiness=0.5&keys=512&runniness=0.1---6,FCN
RoaringBitmap__RoaringBitmap#org.roaringbitmap.iteration.BatchIteratorBenchmark.iterate#bufferSize=128&dirtiness=0.5&keys=512&runniness=0.1---7,OSCNN
RoaringBitmap__RoaringBitmap#org.roaringbitmap.iteration.BatchIteratorBenchmark.iterate#bufferSize=128&dirtiness=0.5&keys=512&runniness=0.1---8,OSCNN
RoaringBitmap__RoaringBitmap#org.roaringbitmap.iteration.BatchIteratorBenchmark.iterate#bufferSize=128&dirtiness=0.5&keys=512&runniness=0.1---9,OSCNN
RoaringBitmap__RoaringBitmap#org.roaringbitmap.iteration.BatchIteratorBenchmark.iterate#bufferSize=256&dirtiness=0.1&keys=128&runniness=0.25---0,OSCNN
RoaringBitmap__RoaringBitmap#org.roaringbitmap.iteration.BatchIteratorBenchmark.iterate#bufferSize=256&dirtiness=0.1&keys=128&runniness=0.25---1,OSCNN
RoaringBitmap__RoaringBitmap#org.roaringbitmap.iteration.BatchIteratorBenchmark.iterate#bufferSize=256&dirtiness=0.1&keys=128&runniness=0.25---2,FCN
RoaringBitmap__RoaringBitmap#org.roaringbitmap.iteration.BatchIteratorBenchmark.iterate#bufferSize=256&dirtiness=0.1&keys=128&runniness=0.25---3,FCN
RoaringBitmap__RoaringBitmap#org.roaringbitmap.iteration.BatchIteratorBenchmark.iterate#bufferSize=256&dirtiness=0.1&keys=128&runniness=0.25---4,OSCNN
RoaringBitmap__RoaringBitmap#org.roaringbitmap.iteration.BatchIteratorBenchmark.iterate#bufferSize=256&dirtiness=0.1&keys=128&runniness=0.25---5,OSCNN
RoaringBitmap__RoaringBitmap#org.roaringbitmap.iteration.BatchIteratorBenchmark.iterate#bufferSize=256&dirtiness=0.1&keys=128&runniness=0.25---6,FCN
RoaringBitmap__RoaringBitmap#org.roaringbitmap.iteration.BatchIteratorBenchmark.iterate#bufferSize=256&dirtiness=0.1&keys=128&runniness=0.25---7,OSCNN
RoaringBitmap__RoaringBitmap#org.roaringbitmap.iteration.BatchIteratorBenchmark.iterate#bufferSize=256&dirtiness=0.1&keys=128&runniness=0.25---8,OSCNN
RoaringBitmap__RoaringBitmap#org.roaringbitmap.iteration.BatchIteratorBenchmark.iterate#bufferSize=256&dirtiness=0.1&keys=128&runniness=0.25---9,FCN
RoaringBitmap__RoaringBitmap#org.roaringbitmap.iteration.BatchIteratorBenchmark.iterate#bufferSize=256&dirtiness=0.5&keys=512&runniness=0.25---0,Rocket
RoaringBitmap__RoaringBitmap#org.roaringbitmap.iteration.BatchIteratorBenchmark.iterate#bufferSize=256&dirtiness=0.5&keys=512&runniness=0.25---1,Rocket
RoaringBitmap__RoaringBitmap#org.roaringbitmap.iteration.BatchIteratorBenchmark.iterate#bufferSize=256&dirtiness=0.5&keys=512&runniness=0.25---2,Rocket
RoaringBitmap__RoaringBitmap#org.roaringbitmap.iteration.BatchIteratorBenchmark.iterate#bufferSize=256&dirtiness=0.5&keys=512&runniness=0.25---3,Rocket
RoaringBitmap__RoaringBitmap#org.roaringbitmap.iteration.BatchIteratorBenchmark.iterate#bufferSize=256&dirtiness=0.5&keys=512&runniness=0.25---4,Rocket
RoaringBitmap__RoaringBitmap#org.roaringbitmap.iteration.BatchIteratorBenchmark.iterate#bufferSize=256&dirtiness=0.5&keys=512&runniness=0.25---5,Rocket
RoaringBitmap__RoaringBitmap#org.roaringbitmap.iteration.BatchIteratorBenchmark.iterate#bufferSize=256&dirtiness=0.5&keys=512&runniness=0.25---6,Rocket
RoaringBitmap__RoaringBitmap#org.roaringbitmap.iteration.BatchIteratorBenchmark.iterate#bufferSize=256&dirtiness=0.5&keys=512&runniness=0.25---7,Rocket
RoaringBitmap__RoaringBitmap#org.roaringbitmap.iteration.BatchIteratorBenchmark.iterate#bufferSize=256&dirtiness=0.5&keys=512&runniness=0.25---8,Rocket
RoaringBitmap__RoaringBitmap#org.roaringbitmap.iteration.BatchIteratorBenchmark.iterate#bufferSize=256&dirtiness=0.5&keys=512&runniness=0.25---9,Rocket
RoaringBitmap__RoaringBitmap#org.roaringbitmap.iteration.BatchIteratorBenchmark.iterate#bufferSize=512&dirtiness=0.1&keys=2096&runniness=0.1---0,OSCNN
RoaringBitmap__RoaringBitmap#org.roaringbitmap.iteration.BatchIteratorBenchmark.iterate#bufferSize=512&dirtiness=0.1&keys=2096&runniness=0.1---1,OSCNN
RoaringBitmap__RoaringBitmap#org.roaringbitmap.iteration.BatchIteratorBenchmark.iterate#bufferSize=512&dirtiness=0.1&keys=2096&runniness=0.1---2,FCN
RoaringBitmap__RoaringBitmap#org.roaringbitmap.iteration.BatchIteratorBenchmark.iterate#bufferSize=512&dirtiness=0.1&keys=2096&runniness=0.1---3,OSCNN
RoaringBitmap__RoaringBitmap#org.roaringbitmap.iteration.BatchIteratorBenchmark.iterate#bufferSize=512&dirtiness=0.1&keys=2096&runniness=0.1---4,OSCNN
RoaringBitmap__RoaringBitmap#org.roaringbitmap.iteration.BatchIteratorBenchmark.iterate#bufferSize=512&dirtiness=0.1&keys=2096&runniness=0.1---5,FCN
RoaringBitmap__RoaringBitmap#org.roaringbitmap.iteration.BatchIteratorBenchmark.iterate#bufferSize=512&dirtiness=0.1&keys=2096&runniness=0.1---6,OSCNN
RoaringBitmap__RoaringBitmap#org.roaringbitmap.iteration.BatchIteratorBenchmark.iterate#bufferSize=512&dirtiness=0.1&keys=2096&runniness=0.1---7,OSCNN
RoaringBitmap__RoaringBitmap#org.roaringbitmap.iteration.BatchIteratorBenchmark.iterate#bufferSize=512&dirtiness=0.1&keys=2096&runniness=0.1---8,FCN
RoaringBitmap__RoaringBitmap#org.roaringbitmap.iteration.BatchIteratorBenchmark.iterate#bufferSize=512&dirtiness=0.1&keys=2096&runniness=0.1---9,FCN
RoaringBitmap__RoaringBitmap#org.roaringbitmap.iteration.BatchIteratorBenchmark.iterate#bufferSize=512&dirtiness=0.1&keys=4096&runniness=0.5---0,Rocket
RoaringBitmap__RoaringBitmap#org.roaringbitmap.iteration.BatchIteratorBenchmark.iterate#bufferSize=512&dirtiness=0.1&keys=4096&runniness=0.5---1,Rocket
RoaringBitmap__RoaringBitmap#org.roaringbitmap.iteration.BatchIteratorBenchmark.iterate#bufferSize=512&dirtiness=0.1&keys=4096&runniness=0.5---2,Rocket
RoaringBitmap__RoaringBitmap#org.roaringbitmap.iteration.BatchIteratorBenchmark.iterate#bufferSize=512&dirtiness=0.1&keys=4096&runniness=0.5---3,Rocket
RoaringBitmap__RoaringBitmap#org.roaringbitmap.iteration.BatchIteratorBenchmark.iterate#bufferSize=512&dirtiness=0.1&keys=4096&runniness=0.5---4,Rocket
RoaringBitmap__RoaringBitmap#org.roaringbitmap.iteration.BatchIteratorBenchmark.iterate#bufferSize=512&dirtiness=0.1&keys=4096&runniness=0.5---5,Rocket
RoaringBitmap__RoaringBitmap#org.roaringbitmap.iteration.BatchIteratorBenchmark.iterate#bufferSize=512&dirtiness=0.1&keys=4096&runniness=0.5---6,Rocket
RoaringBitmap__RoaringBitmap#org.roaringbitmap.iteration.BatchIteratorBenchmark.iterate#bufferSize=512&dirtiness=0.1&keys=4096&runniness=0.5---7,Rocket
RoaringBitmap__RoaringBitmap#org.roaringbitmap.iteration.BatchIteratorBenchmark.iterate#bufferSize=512&dirtiness=0.1&keys=4096&runniness=0.5---8,Rocket
RoaringBitmap__RoaringBitmap#org.roaringbitmap.iteration.BatchIteratorBenchmark.iterate#bufferSize=512&dirtiness=0.1&keys=4096&runniness=0.5---9,Rocket
RoaringBitmap__RoaringBitmap#org.roaringbitmap.iteration.BitmapIteratorBenchmark.forwardsBuffer#density=0.1---0,Rocket
RoaringBitmap__RoaringBitmap#org.roaringbitmap.iteration.BitmapIteratorBenchmark.forwardsBuffer#density=0.1---1,Rocket
RoaringBitmap__RoaringBitmap#org.roaringbitmap.iteration.BitmapIteratorBenchmark.forwardsBuffer#density=0.1---2,Rocket
RoaringBitmap__RoaringBitmap#org.roaringbitmap.iteration.BitmapIteratorBenchmark.forwardsBuffer#density=0.1---3,Rocket
RoaringBitmap__RoaringBitmap#org.roaringbitmap.iteration.BitmapIteratorBenchmark.forwardsBuffer#density=0.1---4,Rocket
RoaringBitmap__RoaringBitmap#org.roaringbitmap.iteration.BitmapIteratorBenchmark.forwardsBuffer#density=0.1---5,Rocket
RoaringBitmap__RoaringBitmap#org.roaringbitmap.iteration.BitmapIteratorBenchmark.forwardsBuffer#density=0.1---6,Rocket
RoaringBitmap__RoaringBitmap#org.roaringbitmap.iteration.BitmapIteratorBenchmark.forwardsBuffer#density=0.1---7,Rocket
RoaringBitmap__RoaringBitmap#org.roaringbitmap.iteration.BitmapIteratorBenchmark.forwardsBuffer#density=0.1---8,Rocket
RoaringBitmap__RoaringBitmap#org.roaringbitmap.iteration.BitmapIteratorBenchmark.forwardsBuffer#density=0.1---9,Rocket
RoaringBitmap__RoaringBitmap#org.roaringbitmap.serialization.SerializationBenchmark.testSerialize#---0,OSCNN
RoaringBitmap__RoaringBitmap#org.roaringbitmap.serialization.SerializationBenchmark.testSerialize#---1,OSCNN
RoaringBitmap__RoaringBitmap#org.roaringbitmap.serialization.SerializationBenchmark.testSerialize#---2,OSCNN
RoaringBitmap__RoaringBitmap#org.roaringbitmap.serialization.SerializationBenchmark.testSerialize#---3,OSCNN
RoaringBitmap__RoaringBitmap#org.roaringbitmap.serialization.SerializationBenchmark.testSerialize#---4,OSCNN
RoaringBitmap__RoaringBitmap#org.roaringbitmap.serialization.SerializationBenchmark.testSerialize#---5,OSCNN
RoaringBitmap__RoaringBitmap#org.roaringbitmap.serialization.SerializationBenchmark.testSerialize#---6,OSCNN
RoaringBitmap__RoaringBitmap#org.roaringbitmap.serialization.SerializationBenchmark.testSerialize#---7,OSCNN
RoaringBitmap__RoaringBitmap#org.roaringbitmap.serialization.SerializationBenchmark.testSerialize#---8,OSCNN
RoaringBitmap__RoaringBitmap#org.roaringbitmap.serialization.SerializationBenchmark.testSerialize#---9,Rocket
RoaringBitmap__RoaringBitmap#org.roaringbitmap.writer.WriteSequential.incrementalUseOrderedWriter#randomness=0.5&scenario=SPARSE&size=100000---0,OSCNN
RoaringBitmap__RoaringBitmap#org.roaringbitmap.writer.WriteSequential.incrementalUseOrderedWriter#randomness=0.5&scenario=SPARSE&size=100000---1,OSCNN
RoaringBitmap__RoaringBitmap#org.roaringbitmap.writer.WriteSequential.incrementalUseOrderedWriter#randomness=0.5&scenario=SPARSE&size=100000---2,Rocket
RoaringBitmap__RoaringBitmap#org.roaringbitmap.writer.WriteSequential.incrementalUseOrderedWriter#randomness=0.5&scenario=SPARSE&size=100000---3,Rocket
RoaringBitmap__RoaringBitmap#org.roaringbitmap.writer.WriteSequential.incrementalUseOrderedWriter#randomness=0.5&scenario=SPARSE&size=100000---4,Rocket
RoaringBitmap__RoaringBitmap#org.roaringbitmap.writer.WriteSequential.incrementalUseOrderedWriter#randomness=0.5&scenario=SPARSE&size=100000---5,Rocket
RoaringBitmap__RoaringBitmap#org.roaringbitmap.writer.WriteSequential.incrementalUseOrderedWriter#randomness=0.5&scenario=SPARSE&size=100000---6,OSCNN
RoaringBitmap__RoaringBitmap#org.roaringbitmap.writer.WriteSequential.incrementalUseOrderedWriter#randomness=0.5&scenario=SPARSE&size=100000---7,Rocket
RoaringBitmap__RoaringBitmap#org.roaringbitmap.writer.WriteSequential.incrementalUseOrderedWriter#randomness=0.5&scenario=SPARSE&size=100000---8,OSCNN
RoaringBitmap__RoaringBitmap#org.roaringbitmap.writer.WriteSequential.incrementalUseOrderedWriter#randomness=0.5&scenario=SPARSE&size=100000---9,Rocket
apache__arrow#org.apache.arrow.adapter.jdbc.JdbcAdapterBenchmarks.consumeBenchmark#---0,OSCNN
apache__arrow#org.apache.arrow.adapter.jdbc.JdbcAdapterBenchmarks.consumeBenchmark#---1,OSCNN
apache__arrow#org.apache.arrow.adapter.jdbc.JdbcAdapterBenchmarks.consumeBenchmark#---2,OSCNN
apache__arrow#org.apache.arrow.adapter.jdbc.JdbcAdapterBenchmarks.consumeBenchmark#---3,OSCNN
apache__arrow#org.apache.arrow.adapter.jdbc.JdbcAdapterBenchmarks.consumeBenchmark#---4,OSCNN
apache__arrow#org.apache.arrow.adapter.jdbc.JdbcAdapterBenchmarks.consumeBenchmark#---5,OSCNN
apache__arrow#org.apache.arrow.adapter.jdbc.JdbcAdapterBenchmarks.consumeBenchmark#---6,OSCNN
apache__arrow#org.apache.arrow.adapter.jdbc.JdbcAdapterBenchmarks.consumeBenchmark#---7,OSCNN
apache__arrow#org.apache.arrow.adapter.jdbc.JdbcAdapterBenchmarks.consumeBenchmark#---9,OSCNN
apache__arrow#org.apache.arrow.adapter.jdbc.JdbcAdapterBenchmarks.testJdbcToArrow#---0,OSCNN
apache__arrow#org.apache.arrow.adapter.jdbc.JdbcAdapterBenchmarks.testJdbcToArrow#---1,OSCNN
apache__arrow#org.apache.arrow.adapter.jdbc.JdbcAdapterBenchmarks.testJdbcToArrow#---2,OSCNN
apache__arrow#org.apache.arrow.adapter.jdbc.JdbcAdapterBenchmarks.testJdbcToArrow#---3,OSCNN
apache__arrow#org.apache.arrow.adapter.jdbc.JdbcAdapterBenchmarks.testJdbcToArrow#---4,OSCNN
apache__arrow#org.apache.arrow.adapter.jdbc.JdbcAdapterBenchmarks.testJdbcToArrow#---5,OSCNN
apache__arrow#org.apache.arrow.adapter.jdbc.JdbcAdapterBenchmarks.testJdbcToArrow#---6,OSCNN
apache__arrow#org.apache.arrow.adapter.jdbc.JdbcAdapterBenchmarks.testJdbcToArrow#---7,OSCNN
apache__arrow#org.apache.arrow.adapter.jdbc.JdbcAdapterBenchmarks.testJdbcToArrow#---8,OSCNN
apache__arrow#org.apache.arrow.adapter.jdbc.JdbcAdapterBenchmarks.testJdbcToArrow#---9,OSCNN
apache__arrow#org.apache.arrow.algorithm.search.ParallelSearcherBenchmarks.searchBenchmark#numThreads=1---0,FCN
apache__arrow#org.apache.arrow.algorithm.search.ParallelSearcherBenchmarks.searchBenchmark#numThreads=1---1,FCN
apache__arrow#org.apache.arrow.algorithm.search.ParallelSearcherBenchmarks.searchBenchmark#numThreads=1---2,FCN
apache__arrow#org.apache.arrow.algorithm.search.ParallelSearcherBenchmarks.searchBenchmark#numThreads=1---3,FCN
apache__arrow#org.apache.arrow.algorithm.search.ParallelSearcherBenchmarks.searchBenchmark#numThreads=1---4,FCN
apache__arrow#org.apache.arrow.algorithm.search.ParallelSearcherBenchmarks.searchBenchmark#numThreads=1---5,FCN
apache__arrow#org.apache.arrow.algorithm.search.ParallelSearcherBenchmarks.searchBenchmark#numThreads=1---6,FCN
apache__arrow#org.apache.arrow.algorithm.search.ParallelSearcherBenchmarks.searchBenchmark#numThreads=1---7,FCN
apache__arrow#org.apache.arrow.algorithm.search.ParallelSearcherBenchmarks.searchBenchmark#numThreads=1---8,FCN
apache__arrow#org.apache.arrow.algorithm.search.ParallelSearcherBenchmarks.searchBenchmark#numThreads=1---9,FCN
apache__arrow#org.apache.arrow.algorithm.search.ParallelSearcherBenchmarks.searchBenchmark#numThreads=5---0,OSCNN
apache__arrow#org.apache.arrow.algorithm.search.ParallelSearcherBenchmarks.searchBenchmark#numThreads=5---1,OSCNN
apache__arrow#org.apache.arrow.algorithm.search.ParallelSearcherBenchmarks.searchBenchmark#numThreads=5---2,OSCNN
apache__arrow#org.apache.arrow.algorithm.search.ParallelSearcherBenchmarks.searchBenchmark#numThreads=5---3,OSCNN
apache__arrow#org.apache.arrow.algorithm.search.ParallelSearcherBenchmarks.searchBenchmark#numThreads=5---4,OSCNN
apache__arrow#org.apache.arrow.algorithm.search.ParallelSearcherBenchmarks.searchBenchmark#numThreads=5---5,OSCNN
apache__arrow#org.apache.arrow.algorithm.search.ParallelSearcherBenchmarks.searchBenchmark#numThreads=5---6,OSCNN
apache__arrow#org.apache.arrow.algorithm.search.ParallelSearcherBenchmarks.searchBenchmark#numThreads=5---7,OSCNN
apache__arrow#org.apache.arrow.algorithm.search.ParallelSearcherBenchmarks.searchBenchmark#numThreads=5---8,OSCNN
apache__arrow#org.apache.arrow.algorithm.search.ParallelSearcherBenchmarks.searchBenchmark#numThreads=5---9,OSCNN
apache__arrow#org.apache.arrow.memory.util.ArrowBufPointerBenchmarks.compareBenchmark#---0,Rocket
apache__arrow#org.apache.arrow.memory.util.ArrowBufPointerBenchmarks.compareBenchmark#---1,Rocket
apache__arrow#org.apache.arrow.memory.util.ArrowBufPointerBenchmarks.compareBenchmark#---2,Rocket
apache__arrow#org.apache.arrow.memory.util.ArrowBufPointerBenchmarks.compareBenchmark#---3,Rocket
apache__arrow#org.apache.arrow.memory.util.ArrowBufPointerBenchmarks.compareBenchmark#---4,Rocket
apache__arrow#org.apache.arrow.memory.util.ArrowBufPointerBenchmarks.compareBenchmark#---5,Rocket
apache__arrow#org.apache.arrow.memory.util.ArrowBufPointerBenchmarks.compareBenchmark#---6,Rocket
apache__arrow#org.apache.arrow.memory.util.ArrowBufPointerBenchmarks.compareBenchmark#---7,Rocket
apache__arrow#org.apache.arrow.memory.util.ArrowBufPointerBenchmarks.compareBenchmark#---8,Rocket
apache__arrow#org.apache.arrow.memory.util.ArrowBufPointerBenchmarks.compareBenchmark#---9,Rocket
apache__arrow#org.apache.arrow.vector.BaseValueVectorBenchmarks.testComputeCombinedBufferSize#---0,Rocket
apache__arrow#org.apache.arrow.vector.BaseValueVectorBenchmarks.testComputeCombinedBufferSize#---1,Rocket
apache__arrow#org.apache.arrow.vector.BaseValueVectorBenchmarks.testComputeCombinedBufferSize#---2,Rocket
apache__arrow#org.apache.arrow.vector.BaseValueVectorBenchmarks.testComputeCombinedBufferSize#---3,Rocket
apache__arrow#org.apache.arrow.vector.BaseValueVectorBenchmarks.testComputeCombinedBufferSize#---4,Rocket
apache__arrow#org.apache.arrow.vector.BaseValueVectorBenchmarks.testComputeCombinedBufferSize#---5,Rocket
apache__arrow#org.apache.arrow.vector.BaseValueVectorBenchmarks.testComputeCombinedBufferSize#---6,Rocket
apache__arrow#org.apache.arrow.vector.BaseValueVectorBenchmarks.testComputeCombinedBufferSize#---7,Rocket
apache__arrow#org.apache.arrow.vector.BaseValueVectorBenchmarks.testComputeCombinedBufferSize#---8,Rocket
apache__arrow#org.apache.arrow.vector.BaseValueVectorBenchmarks.testComputeCombinedBufferSize#---9,Rocket
apache__arrow#org.apache.arrow.vector.BitVectorHelperBenchmarks.allBitsNullBenchmark#---0,Rocket
apache__arrow#org.apache.arrow.vector.BitVectorHelperBenchmarks.allBitsNullBenchmark#---1,Rocket
apache__arrow#org.apache.arrow.vector.BitVectorHelperBenchmarks.allBitsNullBenchmark#---2,Rocket
apache__arrow#org.apache.arrow.vector.BitVectorHelperBenchmarks.allBitsNullBenchmark#---5,Rocket
apache__arrow#org.apache.arrow.vector.BitVectorHelperBenchmarks.allBitsNullBenchmark#---6,Rocket
apache__arrow#org.apache.arrow.vector.BitVectorHelperBenchmarks.allBitsNullBenchmark#---7,Rocket
apache__arrow#org.apache.arrow.vector.BitVectorHelperBenchmarks.allBitsNullBenchmark#---8,Rocket
apache__arrow#org.apache.arrow.vector.BitVectorHelperBenchmarks.allBitsNullBenchmark#---9,Rocket
apache__arrow#org.apache.arrow.vector.BitVectorHelperBenchmarks.getNullCountBenchmark#---0,Rocket
apache__arrow#org.apache.arrow.vector.BitVectorHelperBenchmarks.getNullCountBenchmark#---1,Rocket
apache__arrow#org.apache.arrow.vector.BitVectorHelperBenchmarks.getNullCountBenchmark#---2,Rocket
apache__arrow#org.apache.arrow.vector.BitVectorHelperBenchmarks.getNullCountBenchmark#---3,Rocket
apache__arrow#org.apache.arrow.vector.BitVectorHelperBenchmarks.getNullCountBenchmark#---4,Rocket
apache__arrow#org.apache.arrow.vector.BitVectorHelperBenchmarks.getNullCountBenchmark#---5,Rocket
apache__arrow#org.apache.arrow.vector.BitVectorHelperBenchmarks.getNullCountBenchmark#---6,Rocket
apache__arrow#org.apache.arrow.vector.BitVectorHelperBenchmarks.getNullCountBenchmark#---7,Rocket
apache__arrow#org.apache.arrow.vector.BitVectorHelperBenchmarks.getNullCountBenchmark#---8,Rocket
apache__arrow#org.apache.arrow.vector.BitVectorHelperBenchmarks.getNullCountBenchmark#---9,Rocket
apache__arrow#org.apache.arrow.vector.BitVectorHelperBenchmarks.loadValidityBufferAllOne#---0,OSCNN
apache__arrow#org.apache.arrow.vector.BitVectorHelperBenchmarks.loadValidityBufferAllOne#---1,OSCNN
apache__arrow#org.apache.arrow.vector.BitVectorHelperBenchmarks.loadValidityBufferAllOne#---2,OSCNN
apache__arrow#org.apache.arrow.vector.BitVectorHelperBenchmarks.loadValidityBufferAllOne#---3,OSCNN
apache__arrow#org.apache.arrow.vector.BitVectorHelperBenchmarks.loadValidityBufferAllOne#---4,OSCNN
apache__arrow#org.apache.arrow.vector.BitVectorHelperBenchmarks.loadValidityBufferAllOne#---5,OSCNN
apache__arrow#org.apache.arrow.vector.BitVectorHelperBenchmarks.loadValidityBufferAllOne#---6,OSCNN
apache__arrow#org.apache.arrow.vector.BitVectorHelperBenchmarks.loadValidityBufferAllOne#---7,OSCNN
apache__arrow#org.apache.arrow.vector.BitVectorHelperBenchmarks.loadValidityBufferAllOne#---8,OSCNN
apache__arrow#org.apache.arrow.vector.BitVectorHelperBenchmarks.loadValidityBufferAllOne#---9,OSCNN
apache__arrow#org.apache.arrow.vector.DecimalVectorBenchmarks.setBigEndianArrowBufBenchmark#---0,Rocket
apache__arrow#org.apache.arrow.vector.DecimalVectorBenchmarks.setBigEndianArrowBufBenchmark#---1,Rocket
apache__arrow#org.apache.arrow.vector.DecimalVectorBenchmarks.setBigEndianArrowBufBenchmark#---2,Rocket
apache__arrow#org.apache.arrow.vector.DecimalVectorBenchmarks.setBigEndianArrowBufBenchmark#---3,Rocket
apache__arrow#org.apache.arrow.vector.DecimalVectorBenchmarks.setBigEndianArrowBufBenchmark#---4,Rocket
apache__arrow#org.apache.arrow.vector.DecimalVectorBenchmarks.setBigEndianArrowBufBenchmark#---5,Rocket
apache__arrow#org.apache.arrow.vector.DecimalVectorBenchmarks.setBigEndianArrowBufBenchmark#---6,Rocket
apache__arrow#org.apache.arrow.vector.DecimalVectorBenchmarks.setBigEndianArrowBufBenchmark#---7,Rocket
apache__arrow#org.apache.arrow.vector.DecimalVectorBenchmarks.setBigEndianArrowBufBenchmark#---8,Rocket
apache__arrow#org.apache.arrow.vector.DecimalVectorBenchmarks.setBigEndianArrowBufBenchmark#---9,Rocket
apache__arrow#org.apache.arrow.vector.Float8Benchmarks.copyFromBenchmark#---0,Rocket
apache__arrow#org.apache.arrow.vector.Float8Benchmarks.copyFromBenchmark#---2,Rocket
apache__arrow#org.apache.arrow.vector.Float8Benchmarks.copyFromBenchmark#---3,OSCNN
apache__arrow#org.apache.arrow.vector.Float8Benchmarks.copyFromBenchmark#---4,Rocket
apache__arrow#org.apache.arrow.vector.Float8Benchmarks.copyFromBenchmark#---5,Rocket
apache__arrow#org.apache.arrow.vector.Float8Benchmarks.copyFromBenchmark#---7,Rocket
apache__arrow#org.apache.arrow.vector.Float8Benchmarks.copyFromBenchmark#---8,OSCNN
apache__arrow#org.apache.arrow.vector.Float8Benchmarks.copyFromBenchmark#---9,Rocket
apache__arrow#org.apache.arrow.vector.Float8Benchmarks.readWriteBenchmark#---1,Rocket
apache__arrow#org.apache.arrow.vector.Float8Benchmarks.readWriteBenchmark#---2,Rocket
apache__arrow#org.apache.arrow.vector.Float8Benchmarks.readWriteBenchmark#---3,Rocket
apache__arrow#org.apache.arrow.vector.Float8Benchmarks.readWriteBenchmark#---4,Rocket
apache__arrow#org.apache.arrow.vector.Float8Benchmarks.readWriteBenchmark#---5,Rocket
apache__arrow#org.apache.arrow.vector.Float8Benchmarks.readWriteBenchmark#---6,OSCNN
apache__arrow#org.apache.arrow.vector.Float8Benchmarks.readWriteBenchmark#---7,Rocket
apache__arrow#org.apache.arrow.vector.Float8Benchmarks.readWriteBenchmark#---8,Rocket
apache__arrow#org.apache.arrow.vector.Float8Benchmarks.readWriteBenchmark#---9,Rocket
apache__arrow#org.apache.arrow.vector.VariableWidthVectorBenchmarks.getValueCapacity#---1,Rocket
apache__arrow#org.apache.arrow.vector.VariableWidthVectorBenchmarks.getValueCapacity#---2,Rocket
apache__arrow#org.apache.arrow.vector.VariableWidthVectorBenchmarks.getValueCapacity#---3,Rocket
apache__arrow#org.apache.arrow.vector.VariableWidthVectorBenchmarks.getValueCapacity#---5,Rocket
apache__arrow#org.apache.arrow.vector.VariableWidthVectorBenchmarks.getValueCapacity#---6,Rocket
apache__arrow#org.apache.arrow.vector.VariableWidthVectorBenchmarks.getValueCapacity#---7,Rocket
apache__arrow#org.apache.arrow.vector.VariableWidthVectorBenchmarks.getValueCapacity#---8,Rocket
apache__arrow#org.apache.arrow.vector.VariableWidthVectorBenchmarks.setSafeFromArray#---0,Rocket
apache__arrow#org.apache.arrow.vector.VariableWidthVectorBenchmarks.setSafeFromArray#---1,Rocket
apache__arrow#org.apache.arrow.vector.VariableWidthVectorBenchmarks.setSafeFromArray#---2,Rocket
apache__arrow#org.apache.arrow.vector.VariableWidthVectorBenchmarks.setSafeFromArray#---3,Rocket
apache__arrow#org.apache.arrow.vector.VariableWidthVectorBenchmarks.setSafeFromArray#---4,Rocket
apache__arrow#org.apache.arrow.vector.VariableWidthVectorBenchmarks.setSafeFromArray#---5,Rocket
apache__arrow#org.apache.arrow.vector.VariableWidthVectorBenchmarks.setSafeFromArray#---6,Rocket
apache__arrow#org.apache.arrow.vector.VariableWidthVectorBenchmarks.setSafeFromArray#---7,Rocket
apache__arrow#org.apache.arrow.vector.VariableWidthVectorBenchmarks.setSafeFromArray#---8,Rocket
apache__arrow#org.apache.arrow.vector.VariableWidthVectorBenchmarks.setSafeFromArray#---9,Rocket
apache__arrow#org.apache.arrow.vector.ipc.WriteChannelBenchmark.alignBenchmark#alignSize=1---0,OSCNN
apache__arrow#org.apache.arrow.vector.ipc.WriteChannelBenchmark.alignBenchmark#alignSize=1---1,OSCNN
apache__arrow#org.apache.arrow.vector.ipc.WriteChannelBenchmark.alignBenchmark#alignSize=1---2,OSCNN
apache__arrow#org.apache.arrow.vector.ipc.WriteChannelBenchmark.alignBenchmark#alignSize=1---3,OSCNN
apache__arrow#org.apache.arrow.vector.ipc.WriteChannelBenchmark.alignBenchmark#alignSize=1---4,OSCNN
apache__arrow#org.apache.arrow.vector.ipc.WriteChannelBenchmark.alignBenchmark#alignSize=1---5,OSCNN
apache__arrow#org.apache.arrow.vector.ipc.WriteChannelBenchmark.alignBenchmark#alignSize=1---6,OSCNN
apache__arrow#org.apache.arrow.vector.ipc.WriteChannelBenchmark.alignBenchmark#alignSize=1---7,OSCNN
apache__arrow#org.apache.arrow.vector.ipc.WriteChannelBenchmark.alignBenchmark#alignSize=1---8,OSCNN
apache__arrow#org.apache.arrow.vector.ipc.WriteChannelBenchmark.alignBenchmark#alignSize=1---9,OSCNN
apache__arrow#org.apache.arrow.vector.ipc.WriteChannelBenchmark.alignBenchmark#alignSize=2---0,OSCNN
apache__arrow#org.apache.arrow.vector.ipc.WriteChannelBenchmark.alignBenchmark#alignSize=2---1,OSCNN
apache__arrow#org.apache.arrow.vector.ipc.WriteChannelBenchmark.alignBenchmark#alignSize=2---2,OSCNN
apache__arrow#org.apache.arrow.vector.ipc.WriteChannelBenchmark.alignBenchmark#alignSize=2---3,OSCNN
apache__arrow#org.apache.arrow.vector.ipc.WriteChannelBenchmark.alignBenchmark#alignSize=2---4,OSCNN
apache__arrow#org.apache.arrow.vector.ipc.WriteChannelBenchmark.alignBenchmark#alignSize=2---5,OSCNN
apache__arrow#org.apache.arrow.vector.ipc.WriteChannelBenchmark.alignBenchmark#alignSize=2---6,OSCNN
apache__arrow#org.apache.arrow.vector.ipc.WriteChannelBenchmark.alignBenchmark#alignSize=2---7,OSCNN
apache__arrow#org.apache.arrow.vector.ipc.WriteChannelBenchmark.alignBenchmark#alignSize=2---8,OSCNN
apache__arrow#org.apache.arrow.vector.ipc.WriteChannelBenchmark.alignBenchmark#alignSize=2---9,OSCNN
apache__arrow#org.apache.arrow.vector.ipc.WriteChannelBenchmark.alignBenchmark#alignSize=3---0,OSCNN
apache__arrow#org.apache.arrow.vector.ipc.WriteChannelBenchmark.alignBenchmark#alignSize=3---1,OSCNN
apache__arrow#org.apache.arrow.vector.ipc.WriteChannelBenchmark.alignBenchmark#alignSize=3---2,OSCNN
apache__arrow#org.apache.arrow.vector.ipc.WriteChannelBenchmark.alignBenchmark#alignSize=3---3,OSCNN
apache__arrow#org.apache.arrow.vector.ipc.WriteChannelBenchmark.alignBenchmark#alignSize=3---4,OSCNN
apache__arrow#org.apache.arrow.vector.ipc.WriteChannelBenchmark.alignBenchmark#alignSize=3---5,OSCNN
apache__arrow#org.apache.arrow.vector.ipc.WriteChannelBenchmark.alignBenchmark#alignSize=3---6,OSCNN
apache__arrow#org.apache.arrow.vector.ipc.WriteChannelBenchmark.alignBenchmark#alignSize=3---7,OSCNN
apache__arrow#org.apache.arrow.vector.ipc.WriteChannelBenchmark.alignBenchmark#alignSize=3---8,OSCNN
apache__arrow#org.apache.arrow.vector.ipc.WriteChannelBenchmark.alignBenchmark#alignSize=3---9,OSCNN
apache__arrow#org.apache.arrow.vector.ipc.message.ArrowRecordBatchBenchmarks.createAndGetLength#---0,OSCNN
apache__arrow#org.apache.arrow.vector.ipc.message.ArrowRecordBatchBenchmarks.createAndGetLength#---1,OSCNN
apache__arrow#org.apache.arrow.vector.ipc.message.ArrowRecordBatchBenchmarks.createAndGetLength#---3,OSCNN
apache__arrow#org.apache.arrow.vector.ipc.message.ArrowRecordBatchBenchmarks.createAndGetLength#---6,OSCNN
apache__arrow#org.apache.arrow.vector.ipc.message.ArrowRecordBatchBenchmarks.createAndGetLength#---7,OSCNN
apache__arrow#org.apache.arrow.vector.ipc.message.ArrowRecordBatchBenchmarks.createAndGetLength#---8,OSCNN
apache__arrow#org.apache.arrow.vector.ipc.message.ArrowRecordBatchBenchmarks.createAndGetLength#---9,OSCNN
apache__arrow#org.apache.arrow.vector.util.TransferPairBenchmarks.splitAndTransferIntVector#---0,OSCNN
apache__arrow#org.apache.arrow.vector.util.TransferPairBenchmarks.splitAndTransferIntVector#---1,OSCNN
apache__arrow#org.apache.arrow.vector.util.TransferPairBenchmarks.splitAndTransferIntVector#---2,OSCNN
apache__arrow#org.apache.arrow.vector.util.TransferPairBenchmarks.splitAndTransferIntVector#---3,OSCNN
apache__arrow#org.apache.arrow.vector.util.TransferPairBenchmarks.splitAndTransferIntVector#---4,OSCNN
apache__arrow#org.apache.arrow.vector.util.TransferPairBenchmarks.splitAndTransferIntVector#---5,OSCNN
apache__arrow#org.apache.arrow.vector.util.TransferPairBenchmarks.splitAndTransferIntVector#---6,OSCNN
apache__arrow#org.apache.arrow.vector.util.TransferPairBenchmarks.splitAndTransferIntVector#---7,OSCNN
apache__arrow#org.apache.arrow.vector.util.TransferPairBenchmarks.splitAndTransferIntVector#---8,OSCNN
apache__arrow#org.apache.arrow.vector.util.TransferPairBenchmarks.splitAndTransferIntVector#---9,OSCNN
apache__arrow#org.apache.arrow.vector.util.TransferPairBenchmarks.splitAndTransferVarcharVector#---0,OSCNN
apache__arrow#org.apache.arrow.vector.util.TransferPairBenchmarks.splitAndTransferVarcharVector#---1,OSCNN
apache__arrow#org.apache.arrow.vector.util.TransferPairBenchmarks.splitAndTransferVarcharVector#---2,OSCNN
apache__arrow#org.apache.arrow.vector.util.TransferPairBenchmarks.splitAndTransferVarcharVector#---3,OSCNN
apache__arrow#org.apache.arrow.vector.util.TransferPairBenchmarks.splitAndTransferVarcharVector#---4,OSCNN
apache__arrow#org.apache.arrow.vector.util.TransferPairBenchmarks.splitAndTransferVarcharVector#---5,OSCNN
apache__arrow#org.apache.arrow.vector.util.TransferPairBenchmarks.splitAndTransferVarcharVector#---6,OSCNN
apache__arrow#org.apache.arrow.vector.util.TransferPairBenchmarks.splitAndTransferVarcharVector#---7,OSCNN
apache__arrow#org.apache.arrow.vector.util.TransferPairBenchmarks.splitAndTransferVarcharVector#---8,OSCNN
apache__arrow#org.apache.arrow.vector.util.TransferPairBenchmarks.splitAndTransferVarcharVector#---9,OSCNN
apache__camel#org.apache.camel.converter.ConverterBenchmarkTest.benchmarkConversionIntToLong#---0,Rocket
apache__camel#org.apache.camel.converter.ConverterBenchmarkTest.benchmarkConversionIntToLong#---1,Rocket
apache__camel#org.apache.camel.converter.ConverterBenchmarkTest.benchmarkConversionIntToLong#---2,Rocket
apache__camel#org.apache.camel.converter.ConverterBenchmarkTest.benchmarkConversionIntToLong#---3,OSCNN
apache__camel#org.apache.camel.converter.ConverterBenchmarkTest.benchmarkConversionIntToLong#---4,Rocket
apache__camel#org.apache.camel.converter.ConverterBenchmarkTest.benchmarkConversionIntToLong#---5,Rocket
apache__camel#org.apache.camel.converter.ConverterBenchmarkTest.benchmarkConversionIntToLong#---6,Rocket
apache__camel#org.apache.camel.converter.ConverterBenchmarkTest.benchmarkConversionIntToLong#---7,Rocket
apache__camel#org.apache.camel.converter.ConverterBenchmarkTest.benchmarkConversionIntToLong#---8,Rocket
apache__camel#org.apache.camel.converter.ConverterBenchmarkTest.benchmarkConversionIntToLong#---9,Rocket
apache__camel#org.apache.camel.converter.ConverterBenchmarkTest.benchmarkConversionStringToChar#---0,OSCNN
apache__camel#org.apache.camel.converter.ConverterBenchmarkTest.benchmarkConversionStringToChar#---1,OSCNN
apache__camel#org.apache.camel.converter.ConverterBenchmarkTest.benchmarkConversionStringToChar#---2,Rocket
apache__camel#org.apache.camel.converter.ConverterBenchmarkTest.benchmarkConversionStringToChar#---3,Rocket
apache__camel#org.apache.camel.converter.ConverterBenchmarkTest.benchmarkConversionStringToChar#---4,OSCNN
apache__camel#org.apache.camel.converter.ConverterBenchmarkTest.benchmarkConversionStringToChar#---5,OSCNN
apache__camel#org.apache.camel.converter.ConverterBenchmarkTest.benchmarkConversionStringToChar#---6,OSCNN
apache__camel#org.apache.camel.converter.ConverterBenchmarkTest.benchmarkConversionStringToChar#---7,OSCNN
apache__camel#org.apache.camel.converter.ConverterBenchmarkTest.benchmarkConversionStringToChar#---8,OSCNN
apache__camel#org.apache.camel.converter.ConverterBenchmarkTest.benchmarkConversionStringToChar#---9,OSCNN
apache__camel#org.apache.camel.itest.jmh.CaseInsensitiveMapTest.camelMapComplexCase#---0,Rocket
apache__camel#org.apache.camel.itest.jmh.CaseInsensitiveMapTest.camelMapComplexCase#---1,Rocket
apache__camel#org.apache.camel.itest.jmh.CaseInsensitiveMapTest.camelMapComplexCase#---2,Rocket
apache__camel#org.apache.camel.itest.jmh.CaseInsensitiveMapTest.camelMapComplexCase#---3,OSCNN
apache__camel#org.apache.camel.itest.jmh.CaseInsensitiveMapTest.camelMapComplexCase#---4,Rocket
apache__camel#org.apache.camel.itest.jmh.CaseInsensitiveMapTest.camelMapComplexCase#---5,Rocket
apache__camel#org.apache.camel.itest.jmh.CaseInsensitiveMapTest.camelMapComplexCase#---6,Rocket
apache__camel#org.apache.camel.itest.jmh.CaseInsensitiveMapTest.camelMapComplexCase#---7,Rocket
apache__camel#org.apache.camel.itest.jmh.CaseInsensitiveMapTest.camelMapComplexCase#---8,Rocket
apache__camel#org.apache.camel.itest.jmh.CaseInsensitiveMapTest.camelMapComplexCase#---9,Rocket
apache__camel#org.apache.camel.itest.jmh.CaseInsensitiveMapTest.hashMapComplexCase#---0,OSCNN
apache__camel#org.apache.camel.itest.jmh.CaseInsensitiveMapTest.hashMapComplexCase#---1,OSCNN
apache__camel#org.apache.camel.itest.jmh.CaseInsensitiveMapTest.hashMapComplexCase#---2,OSCNN
apache__camel#org.apache.camel.itest.jmh.CaseInsensitiveMapTest.hashMapComplexCase#---3,OSCNN
apache__camel#org.apache.camel.itest.jmh.CaseInsensitiveMapTest.hashMapComplexCase#---4,OSCNN
apache__camel#org.apache.camel.itest.jmh.CaseInsensitiveMapTest.hashMapComplexCase#---5,OSCNN
apache__camel#org.apache.camel.itest.jmh.CaseInsensitiveMapTest.hashMapComplexCase#---6,OSCNN
apache__camel#org.apache.camel.itest.jmh.CaseInsensitiveMapTest.hashMapComplexCase#---7,OSCNN
apache__camel#org.apache.camel.itest.jmh.CaseInsensitiveMapTest.hashMapComplexCase#---8,OSCNN
apache__camel#org.apache.camel.itest.jmh.CaseInsensitiveMapTest.hashMapComplexCase#---9,OSCNN
apache__camel#org.apache.camel.itest.jmh.FastTypeConverterTest.typeConvertByteBufToArray#---0,OSCNN
apache__camel#org.apache.camel.itest.jmh.FastTypeConverterTest.typeConvertByteBufToArray#---1,OSCNN
apache__camel#org.apache.camel.itest.jmh.FastTypeConverterTest.typeConvertByteBufToArray#---2,OSCNN
apache__camel#org.apache.camel.itest.jmh.FastTypeConverterTest.typeConvertByteBufToArray#---3,OSCNN
apache__camel#org.apache.camel.itest.jmh.FastTypeConverterTest.typeConvertByteBufToArray#---4,OSCNN
apache__camel#org.apache.camel.itest.jmh.FastTypeConverterTest.typeConvertByteBufToArray#---7,OSCNN
apache__camel#org.apache.camel.itest.jmh.FastTypeConverterTest.typeConvertByteBufToArray#---8,OSCNN
apache__camel#org.apache.camel.itest.jmh.FastTypeConverterTest.typeConvertByteBufToArray#---9,OSCNN
apache__camel#org.apache.camel.itest.jmh.LoadTypeConvertersTest.load#---0,OSCNN
apache__camel#org.apache.camel.itest.jmh.LoadTypeConvertersTest.load#---1,OSCNN
apache__camel#org.apache.camel.itest.jmh.LoadTypeConvertersTest.load#---2,OSCNN
apache__camel#org.apache.camel.itest.jmh.LoadTypeConvertersTest.load#---3,OSCNN
apache__camel#org.apache.camel.itest.jmh.LoadTypeConvertersTest.load#---4,OSCNN
apache__camel#org.apache.camel.itest.jmh.LoadTypeConvertersTest.load#---5,OSCNN
apache__camel#org.apache.camel.itest.jmh.LoadTypeConvertersTest.load#---6,OSCNN
apache__camel#org.apache.camel.itest.jmh.LoadTypeConvertersTest.load#---7,OSCNN
apache__camel#org.apache.camel.itest.jmh.LoadTypeConvertersTest.load#---8,OSCNN
apache__camel#org.apache.camel.itest.jmh.LoadTypeConvertersTest.load#---9,OSCNN
apache__camel#org.apache.camel.itest.jmh.NormalizeUriTest.benchmarkFast#---0,OSCNN
apache__camel#org.apache.camel.itest.jmh.NormalizeUriTest.benchmarkFast#---1,OSCNN
apache__camel#org.apache.camel.itest.jmh.NormalizeUriTest.benchmarkFast#---2,OSCNN
apache__camel#org.apache.camel.itest.jmh.NormalizeUriTest.benchmarkFast#---3,OSCNN
apache__camel#org.apache.camel.itest.jmh.NormalizeUriTest.benchmarkFast#---4,OSCNN
apache__camel#org.apache.camel.itest.jmh.NormalizeUriTest.benchmarkFast#---5,OSCNN
apache__camel#org.apache.camel.itest.jmh.NormalizeUriTest.benchmarkFast#---6,OSCNN
apache__camel#org.apache.camel.itest.jmh.NormalizeUriTest.benchmarkFast#---7,OSCNN
apache__camel#org.apache.camel.itest.jmh.NormalizeUriTest.benchmarkFast#---8,OSCNN
apache__camel#org.apache.camel.itest.jmh.NormalizeUriTest.benchmarkFast#---9,OSCNN
apache__camel#org.apache.camel.itest.jmh.NormalizeUriTest.benchmarkFastSorted#---0,OSCNN
apache__camel#org.apache.camel.itest.jmh.NormalizeUriTest.benchmarkFastSorted#---1,OSCNN
apache__camel#org.apache.camel.itest.jmh.NormalizeUriTest.benchmarkFastSorted#---2,OSCNN
apache__camel#org.apache.camel.itest.jmh.NormalizeUriTest.benchmarkFastSorted#---3,OSCNN
apache__camel#org.apache.camel.itest.jmh.NormalizeUriTest.benchmarkFastSorted#---4,OSCNN
apache__camel#org.apache.camel.itest.jmh.NormalizeUriTest.benchmarkFastSorted#---5,OSCNN
apache__camel#org.apache.camel.itest.jmh.NormalizeUriTest.benchmarkFastSorted#---6,OSCNN
apache__camel#org.apache.camel.itest.jmh.NormalizeUriTest.benchmarkFastSorted#---7,OSCNN
apache__camel#org.apache.camel.itest.jmh.NormalizeUriTest.benchmarkFastSorted#---8,OSCNN
apache__camel#org.apache.camel.itest.jmh.NormalizeUriTest.benchmarkFastSorted#---9,OSCNN
apache__camel#org.apache.camel.itest.jmh.NormalizeUriTest.benchmarkSlow#---0,OSCNN
apache__camel#org.apache.camel.itest.jmh.NormalizeUriTest.benchmarkSlow#---1,OSCNN
apache__camel#org.apache.camel.itest.jmh.NormalizeUriTest.benchmarkSlow#---2,OSCNN
apache__camel#org.apache.camel.itest.jmh.NormalizeUriTest.benchmarkSlow#---3,OSCNN
apache__camel#org.apache.camel.itest.jmh.NormalizeUriTest.benchmarkSlow#---4,OSCNN
apache__camel#org.apache.camel.itest.jmh.NormalizeUriTest.benchmarkSlow#---5,OSCNN
apache__camel#org.apache.camel.itest.jmh.NormalizeUriTest.benchmarkSlow#---6,OSCNN
apache__camel#org.apache.camel.itest.jmh.NormalizeUriTest.benchmarkSlow#---7,OSCNN
apache__camel#org.apache.camel.itest.jmh.NormalizeUriTest.benchmarkSlow#---8,OSCNN
apache__camel#org.apache.camel.itest.jmh.NormalizeUriTest.benchmarkSlow#---9,OSCNN
apache__camel#org.apache.camel.itest.jmh.SimpleExpressionTest.simpleExpression#---0,Rocket
apache__camel#org.apache.camel.itest.jmh.SimpleExpressionTest.simpleExpression#---1,OSCNN
apache__camel#org.apache.camel.itest.jmh.SimpleExpressionTest.simpleExpression#---2,Rocket
apache__camel#org.apache.camel.itest.jmh.SimpleExpressionTest.simpleExpression#---3,Rocket
apache__camel#org.apache.camel.itest.jmh.SimpleExpressionTest.simpleExpression#---5,Rocket
apache__camel#org.apache.camel.itest.jmh.SimpleExpressionTest.simpleExpression#---6,Rocket
apache__camel#org.apache.camel.itest.jmh.SimpleExpressionTest.simpleExpression#---8,Rocket
apache__camel#org.apache.camel.itest.jmh.SimpleMockPlaceholderTest.simpleMockPlaceholderTest#---0,OSCNN
apache__camel#org.apache.camel.itest.jmh.SimpleMockPlaceholderTest.simpleMockPlaceholderTest#---1,OSCNN
apache__camel#org.apache.camel.itest.jmh.SimpleMockPlaceholderTest.simpleMockPlaceholderTest#---2,OSCNN
apache__camel#org.apache.camel.itest.jmh.SimpleMockPlaceholderTest.simpleMockPlaceholderTest#---3,OSCNN
apache__camel#org.apache.camel.itest.jmh.SimpleMockPlaceholderTest.simpleMockPlaceholderTest#---4,OSCNN
apache__camel#org.apache.camel.itest.jmh.SimpleMockPlaceholderTest.simpleMockPlaceholderTest#---5,OSCNN
apache__camel#org.apache.camel.itest.jmh.SimpleMockPlaceholderTest.simpleMockPlaceholderTest#---6,OSCNN
apache__camel#org.apache.camel.itest.jmh.SimpleMockPlaceholderTest.simpleMockPlaceholderTest#---7,OSCNN
apache__camel#org.apache.camel.itest.jmh.SimpleMockPlaceholderTest.simpleMockPlaceholderTest#---8,OSCNN
apache__camel#org.apache.camel.itest.jmh.SimpleMockPlaceholderTest.simpleMockPlaceholderTest#---9,OSCNN
apache__camel#org.apache.camel.itest.jmh.SimpleMockTest.simpleMockTest#---0,OSCNN
apache__camel#org.apache.camel.itest.jmh.SimpleMockTest.simpleMockTest#---1,OSCNN
apache__camel#org.apache.camel.itest.jmh.SimpleMockTest.simpleMockTest#---2,FCN
apache__camel#org.apache.camel.itest.jmh.SimpleMockTest.simpleMockTest#---3,OSCNN
apache__camel#org.apache.camel.itest.jmh.SimpleMockTest.simpleMockTest#---4,OSCNN
apache__camel#org.apache.camel.itest.jmh.SimpleMockTest.simpleMockTest#---5,OSCNN
apache__camel#org.apache.camel.itest.jmh.SimpleMockTest.simpleMockTest#---6,OSCNN
apache__camel#org.apache.camel.itest.jmh.SimpleMockTest.simpleMockTest#---7,FCN
apache__camel#org.apache.camel.itest.jmh.SimpleMockTest.simpleMockTest#---9,FCN
apache__camel#org.apache.camel.itest.jmh.SimpleOperatorTest.simplePredicate#---0,FCN
apache__camel#org.apache.camel.itest.jmh.SimpleOperatorTest.simplePredicate#---1,OSCNN
apache__camel#org.apache.camel.itest.jmh.SimpleOperatorTest.simplePredicate#---3,OSCNN
apache__camel#org.apache.camel.itest.jmh.SimpleOperatorTest.simplePredicate#---4,OSCNN
apache__camel#org.apache.camel.itest.jmh.SimpleOperatorTest.simplePredicate#---5,OSCNN
apache__camel#org.apache.camel.itest.jmh.SimpleOperatorTest.simplePredicate#---6,OSCNN
apache__camel#org.apache.camel.itest.jmh.SimpleOperatorTest.simplePredicate#---7,OSCNN
apache__camel#org.apache.camel.itest.jmh.SimpleOperatorTest.simplePredicate#---8,OSCNN
apache__camel#org.apache.camel.itest.jmh.SimpleOperatorTest.simplePredicate#---9,OSCNN
apache__camel#org.apache.camel.itest.jmh.SlowTypeConverterTest.typeConvertByteBufToArray#---0,OSCNN
apache__camel#org.apache.camel.itest.jmh.SlowTypeConverterTest.typeConvertByteBufToArray#---1,OSCNN
apache__camel#org.apache.camel.itest.jmh.SlowTypeConverterTest.typeConvertByteBufToArray#---2,OSCNN
apache__camel#org.apache.camel.itest.jmh.SlowTypeConverterTest.typeConvertByteBufToArray#---3,OSCNN
apache__camel#org.apache.camel.itest.jmh.SlowTypeConverterTest.typeConvertByteBufToArray#---4,OSCNN
apache__camel#org.apache.camel.itest.jmh.SlowTypeConverterTest.typeConvertByteBufToArray#---5,OSCNN
apache__camel#org.apache.camel.itest.jmh.SlowTypeConverterTest.typeConvertByteBufToArray#---6,OSCNN
apache__camel#org.apache.camel.itest.jmh.SlowTypeConverterTest.typeConvertByteBufToArray#---7,OSCNN
apache__camel#org.apache.camel.itest.jmh.SlowTypeConverterTest.typeConvertByteBufToArray#---8,OSCNN
apache__camel#org.apache.camel.itest.jmh.SlowTypeConverterTest.typeConvertByteBufToArray#---9,OSCNN
apache__camel#org.apache.camel.itest.jmh.TypeConverterTest.typeConvertByteArrayToString#---0,OSCNN
apache__camel#org.apache.camel.itest.jmh.TypeConverterTest.typeConvertByteArrayToString#---1,OSCNN
apache__camel#org.apache.camel.itest.jmh.TypeConverterTest.typeConvertByteArrayToString#---2,OSCNN
apache__camel#org.apache.camel.itest.jmh.TypeConverterTest.typeConvertByteArrayToString#---3,OSCNN
apache__camel#org.apache.camel.itest.jmh.TypeConverterTest.typeConvertByteArrayToString#---4,OSCNN
apache__camel#org.apache.camel.itest.jmh.TypeConverterTest.typeConvertByteArrayToString#---5,OSCNN
apache__camel#org.apache.camel.itest.jmh.TypeConverterTest.typeConvertByteArrayToString#---6,OSCNN
apache__camel#org.apache.camel.itest.jmh.TypeConverterTest.typeConvertByteArrayToString#---7,OSCNN
apache__camel#org.apache.camel.itest.jmh.TypeConverterTest.typeConvertByteArrayToString#---8,OSCNN
apache__camel#org.apache.camel.itest.jmh.TypeConverterTest.typeConvertByteArrayToString#---9,OSCNN
apache__camel#org.apache.camel.itest.jmh.TypeConverterTest.typeConvertInputStreamToString#---0,OSCNN
apache__camel#org.apache.camel.itest.jmh.TypeConverterTest.typeConvertInputStreamToString#---1,OSCNN
apache__camel#org.apache.camel.itest.jmh.TypeConverterTest.typeConvertInputStreamToString#---5,OSCNN
apache__camel#org.apache.camel.itest.jmh.TypeConverterTest.typeConvertInputStreamToString#---6,OSCNN
apache__camel#org.apache.camel.itest.jmh.TypeConverterTest.typeConvertInputStreamToString#---7,OSCNN
apache__camel#org.apache.camel.itest.jmh.TypeConverterTest.typeConvertInputStreamToString#---9,OSCNN
apache__camel#org.apache.camel.itest.jmh.TypeConverterTest.typeConvertStringToByteArray#---0,OSCNN
apache__camel#org.apache.camel.itest.jmh.TypeConverterTest.typeConvertStringToByteArray#---1,OSCNN
apache__camel#org.apache.camel.itest.jmh.TypeConverterTest.typeConvertStringToByteArray#---2,OSCNN
apache__camel#org.apache.camel.itest.jmh.TypeConverterTest.typeConvertStringToByteArray#---3,Rocket
apache__camel#org.apache.camel.itest.jmh.TypeConverterTest.typeConvertStringToByteArray#---5,OSCNN
apache__camel#org.apache.camel.itest.jmh.TypeConverterTest.typeConvertStringToByteArray#---6,OSCNN
apache__camel#org.apache.camel.itest.jmh.TypeConverterTest.typeConvertStringToByteArray#---7,OSCNN
apache__camel#org.apache.camel.itest.jmh.TypeConverterTest.typeConvertStringToByteArray#---8,OSCNN
apache__camel#org.apache.camel.itest.jmh.TypeConverterTest.typeConvertStringToByteArray#---9,OSCNN
apache__camel#org.apache.camel.itest.jmh.TypeConverterTest.typeConvertStringToDocument#---0,OSCNN
apache__camel#org.apache.camel.itest.jmh.TypeConverterTest.typeConvertStringToDocument#---1,OSCNN
apache__camel#org.apache.camel.itest.jmh.TypeConverterTest.typeConvertStringToDocument#---2,OSCNN
apache__camel#org.apache.camel.itest.jmh.TypeConverterTest.typeConvertStringToDocument#---3,OSCNN
apache__camel#org.apache.camel.itest.jmh.TypeConverterTest.typeConvertStringToDocument#---4,OSCNN
apache__camel#org.apache.camel.itest.jmh.TypeConverterTest.typeConvertStringToDocument#---5,OSCNN
apache__camel#org.apache.camel.itest.jmh.TypeConverterTest.typeConvertStringToDocument#---6,OSCNN
apache__camel#org.apache.camel.itest.jmh.TypeConverterTest.typeConvertStringToDocument#---7,OSCNN
apache__camel#org.apache.camel.itest.jmh.TypeConverterTest.typeConvertStringToDocument#---9,OSCNN
apache__camel#org.apache.camel.itest.jmh.TypeConverterTest.typeConvertStringToInputStream#---2,OSCNN
apache__camel#org.apache.camel.itest.jmh.TypeConverterTest.typeConvertStringToInputStream#---3,OSCNN
apache__camel#org.apache.camel.itest.jmh.TypeConverterTest.typeConvertStringToInputStream#---5,OSCNN
apache__camel#org.apache.camel.itest.jmh.TypeConverterTest.typeConvertStringToInputStream#---6,OSCNN
apache__camel#org.apache.camel.itest.jmh.TypeConverterTest.typeConvertStringToInputStream#---7,OSCNN
apache__camel#org.apache.camel.itest.jmh.TypeConverterTest.typeConvertStringToInputStream#---9,OSCNN
apache__camel#org.apache.camel.itest.jmh.TypeConverterTest.typeConvertTheSameTypes#---0,Rocket
apache__camel#org.apache.camel.itest.jmh.TypeConverterTest.typeConvertTheSameTypes#---1,Rocket
apache__camel#org.apache.camel.itest.jmh.TypeConverterTest.typeConvertTheSameTypes#---2,Rocket
apache__camel#org.apache.camel.itest.jmh.TypeConverterTest.typeConvertTheSameTypes#---3,Rocket
apache__camel#org.apache.camel.itest.jmh.TypeConverterTest.typeConvertTheSameTypes#---4,Rocket
apache__camel#org.apache.camel.itest.jmh.TypeConverterTest.typeConvertTheSameTypes#---5,Rocket
apache__camel#org.apache.camel.itest.jmh.TypeConverterTest.typeConvertTheSameTypes#---7,Rocket
apache__camel#org.apache.camel.itest.jmh.TypeConverterTest.typeConvertTheSameTypes#---9,Rocket
apache__hive#org.apache.hive.benchmark.storage.ColumnarStorageBench.write#format=orc---1,FCN
apache__hive#org.apache.hive.benchmark.storage.ColumnarStorageBench.write#format=orc---3,FCN
apache__hive#org.apache.hive.benchmark.storage.ColumnarStorageBench.write#format=orc---4,FCN
apache__hive#org.apache.hive.benchmark.storage.ColumnarStorageBench.write#format=orc---5,OSCNN
apache__hive#org.apache.hive.benchmark.storage.ColumnarStorageBench.write#format=orc---6,FCN
apache__hive#org.apache.hive.benchmark.storage.ColumnarStorageBench.write#format=orc---7,Rocket
apache__hive#org.apache.hive.benchmark.storage.ColumnarStorageBench.write#format=orc---8,FCN
apache__hive#org.apache.hive.benchmark.storage.ColumnarStorageBench.write#format=orc---9,OSCNN
apache__hive#org.apache.hive.benchmark.vectorization.mapjoin.MapJoinOneLongKeyBench.MapJoinOneLongKeyOuterNativeVectorOptimizedBench.bench#---1,FCN
apache__hive#org.apache.hive.benchmark.vectorization.mapjoin.MapJoinOneLongKeyBench.MapJoinOneLongKeyOuterNativeVectorOptimizedBench.bench#---2,OSCNN
apache__hive#org.apache.hive.benchmark.vectorization.mapjoin.MapJoinOneLongKeyBench.MapJoinOneLongKeyOuterNativeVectorOptimizedBench.bench#---3,OSCNN
apache__hive#org.apache.hive.benchmark.vectorization.mapjoin.MapJoinOneLongKeyBench.MapJoinOneLongKeyOuterNativeVectorOptimizedBench.bench#---4,OSCNN
apache__hive#org.apache.hive.benchmark.vectorization.mapjoin.MapJoinOneLongKeyBench.MapJoinOneLongKeyOuterNativeVectorOptimizedBench.bench#---5,OSCNN
apache__hive#org.apache.hive.benchmark.vectorization.mapjoin.MapJoinOneLongKeyBench.MapJoinOneLongKeyOuterNativeVectorOptimizedBench.bench#---6,OSCNN
apache__hive#org.apache.hive.benchmark.vectorization.mapjoin.MapJoinOneLongKeyBench.MapJoinOneLongKeyOuterNativeVectorOptimizedBench.bench#---7,OSCNN
apache__hive#org.apache.hive.benchmark.vectorization.mapjoin.MapJoinOneLongKeyBench.MapJoinOneLongKeyOuterNativeVectorOptimizedBench.bench#---8,FCN
apache__hive#org.apache.hive.benchmark.vectorization.mapjoin.MapJoinOneLongKeyBench.MapJoinOneLongKeyOuterNativeVectorOptimizedBench.bench#---9,FCN
apache__hive#org.apache.hive.benchmark.vectorization.mapjoin.MapJoinOneStringKeyBench.MapJoinOneStringKeyLeftSemiNativeVectorFastBench.bench#---0,Rocket
apache__hive#org.apache.hive.benchmark.vectorization.mapjoin.MapJoinOneStringKeyBench.MapJoinOneStringKeyLeftSemiNativeVectorFastBench.bench#---1,Rocket
apache__hive#org.apache.hive.benchmark.vectorization.mapjoin.MapJoinOneStringKeyBench.MapJoinOneStringKeyLeftSemiNativeVectorFastBench.bench#---2,Rocket
apache__hive#org.apache.hive.benchmark.vectorization.mapjoin.MapJoinOneStringKeyBench.MapJoinOneStringKeyLeftSemiNativeVectorFastBench.bench#---3,Rocket
apache__hive#org.apache.hive.benchmark.vectorization.mapjoin.MapJoinOneStringKeyBench.MapJoinOneStringKeyLeftSemiNativeVectorFastBench.bench#---4,Rocket
apache__hive#org.apache.hive.benchmark.vectorization.mapjoin.MapJoinOneStringKeyBench.MapJoinOneStringKeyLeftSemiNativeVectorFastBench.bench#---5,Rocket
apache__hive#org.apache.hive.benchmark.vectorization.mapjoin.MapJoinOneStringKeyBench.MapJoinOneStringKeyLeftSemiNativeVectorFastBench.bench#---6,Rocket
apache__hive#org.apache.hive.benchmark.vectorization.mapjoin.MapJoinOneStringKeyBench.MapJoinOneStringKeyLeftSemiNativeVectorFastBench.bench#---7,Rocket
apache__hive#org.apache.hive.benchmark.vectorization.mapjoin.MapJoinOneStringKeyBench.MapJoinOneStringKeyLeftSemiNativeVectorFastBench.bench#---8,Rocket
apache__hive#org.apache.hive.benchmark.vectorization.mapjoin.MapJoinOneStringKeyBench.MapJoinOneStringKeyLeftSemiNativeVectorFastBench.bench#---9,Rocket
apache__hive#org.apache.hive.benchmark.vectorization.operators.VectorGroupByOperatorBench.testAggCount#aggregation=avg&dataType=bigint&evalMode=COMPLETE&hasNulls=false&isRepeating=true&processMode=GLOBAL---0,Rocket
apache__hive#org.apache.hive.benchmark.vectorization.operators.VectorGroupByOperatorBench.testAggCount#aggregation=avg&dataType=bigint&evalMode=COMPLETE&hasNulls=false&isRepeating=true&processMode=GLOBAL---1,Rocket
apache__hive#org.apache.hive.benchmark.vectorization.operators.VectorGroupByOperatorBench.testAggCount#aggregation=avg&dataType=bigint&evalMode=COMPLETE&hasNulls=false&isRepeating=true&processMode=GLOBAL---2,Rocket
apache__hive#org.apache.hive.benchmark.vectorization.operators.VectorGroupByOperatorBench.testAggCount#aggregation=avg&dataType=bigint&evalMode=COMPLETE&hasNulls=false&isRepeating=true&processMode=GLOBAL---3,Rocket
apache__hive#org.apache.hive.benchmark.vectorization.operators.VectorGroupByOperatorBench.testAggCount#aggregation=avg&dataType=bigint&evalMode=COMPLETE&hasNulls=false&isRepeating=true&processMode=GLOBAL---4,Rocket
apache__hive#org.apache.hive.benchmark.vectorization.operators.VectorGroupByOperatorBench.testAggCount#aggregation=avg&dataType=bigint&evalMode=COMPLETE&hasNulls=false&isRepeating=true&processMode=GLOBAL---5,Rocket
apache__hive#org.apache.hive.benchmark.vectorization.operators.VectorGroupByOperatorBench.testAggCount#aggregation=avg&dataType=bigint&evalMode=COMPLETE&hasNulls=false&isRepeating=true&processMode=GLOBAL---6,Rocket
apache__hive#org.apache.hive.benchmark.vectorization.operators.VectorGroupByOperatorBench.testAggCount#aggregation=avg&dataType=bigint&evalMode=COMPLETE&hasNulls=false&isRepeating=true&processMode=GLOBAL---7,Rocket
apache__hive#org.apache.hive.benchmark.vectorization.operators.VectorGroupByOperatorBench.testAggCount#aggregation=avg&dataType=bigint&evalMode=COMPLETE&hasNulls=false&isRepeating=true&processMode=GLOBAL---8,Rocket
apache__hive#org.apache.hive.benchmark.vectorization.operators.VectorGroupByOperatorBench.testAggCount#aggregation=avg&dataType=bigint&evalMode=COMPLETE&hasNulls=false&isRepeating=true&processMode=GLOBAL---9,Rocket
apache__hive#org.apache.hive.benchmark.vectorization.operators.VectorGroupByOperatorBench.testAggCount#aggregation=avg&dataType=double&evalMode=PARTIAL1&hasNulls=false&isRepeating=true&processMode=HASH---0,Rocket
apache__hive#org.apache.hive.benchmark.vectorization.operators.VectorGroupByOperatorBench.testAggCount#aggregation=avg&dataType=double&evalMode=PARTIAL1&hasNulls=false&isRepeating=true&processMode=HASH---1,Rocket
apache__hive#org.apache.hive.benchmark.vectorization.operators.VectorGroupByOperatorBench.testAggCount#aggregation=avg&dataType=double&evalMode=PARTIAL1&hasNulls=false&isRepeating=true&processMode=HASH---2,Rocket
apache__hive#org.apache.hive.benchmark.vectorization.operators.VectorGroupByOperatorBench.testAggCount#aggregation=avg&dataType=double&evalMode=PARTIAL1&hasNulls=false&isRepeating=true&processMode=HASH---3,Rocket
apache__hive#org.apache.hive.benchmark.vectorization.operators.VectorGroupByOperatorBench.testAggCount#aggregation=avg&dataType=double&evalMode=PARTIAL1&hasNulls=false&isRepeating=true&processMode=HASH---4,Rocket
apache__hive#org.apache.hive.benchmark.vectorization.operators.VectorGroupByOperatorBench.testAggCount#aggregation=avg&dataType=double&evalMode=PARTIAL1&hasNulls=false&isRepeating=true&processMode=HASH---5,Rocket
apache__hive#org.apache.hive.benchmark.vectorization.operators.VectorGroupByOperatorBench.testAggCount#aggregation=avg&dataType=double&evalMode=PARTIAL1&hasNulls=false&isRepeating=true&processMode=HASH---6,Rocket
apache__hive#org.apache.hive.benchmark.vectorization.operators.VectorGroupByOperatorBench.testAggCount#aggregation=avg&dataType=double&evalMode=PARTIAL1&hasNulls=false&isRepeating=true&processMode=HASH---7,Rocket
apache__hive#org.apache.hive.benchmark.vectorization.operators.VectorGroupByOperatorBench.testAggCount#aggregation=avg&dataType=double&evalMode=PARTIAL1&hasNulls=false&isRepeating=true&processMode=HASH---8,Rocket
apache__hive#org.apache.hive.benchmark.vectorization.operators.VectorGroupByOperatorBench.testAggCount#aggregation=avg&dataType=double&evalMode=PARTIAL1&hasNulls=false&isRepeating=true&processMode=HASH---9,Rocket
apache__hive#org.apache.hive.benchmark.vectorization.operators.VectorGroupByOperatorBench.testAggCount#aggregation=avg&dataType=double&evalMode=PARTIAL1&hasNulls=true&isRepeating=false&processMode=GLOBAL---0,Rocket
apache__hive#org.apache.hive.benchmark.vectorization.operators.VectorGroupByOperatorBench.testAggCount#aggregation=avg&dataType=double&evalMode=PARTIAL1&hasNulls=true&isRepeating=false&processMode=GLOBAL---1,Rocket
apache__hive#org.apache.hive.benchmark.vectorization.operators.VectorGroupByOperatorBench.testAggCount#aggregation=avg&dataType=double&evalMode=PARTIAL1&hasNulls=true&isRepeating=false&processMode=GLOBAL---2,Rocket
apache__hive#org.apache.hive.benchmark.vectorization.operators.VectorGroupByOperatorBench.testAggCount#aggregation=avg&dataType=double&evalMode=PARTIAL1&hasNulls=true&isRepeating=false&processMode=GLOBAL---3,Rocket
apache__hive#org.apache.hive.benchmark.vectorization.operators.VectorGroupByOperatorBench.testAggCount#aggregation=avg&dataType=double&evalMode=PARTIAL1&hasNulls=true&isRepeating=false&processMode=GLOBAL---4,Rocket
apache__hive#org.apache.hive.benchmark.vectorization.operators.VectorGroupByOperatorBench.testAggCount#aggregation=avg&dataType=double&evalMode=PARTIAL1&hasNulls=true&isRepeating=false&processMode=GLOBAL---5,Rocket
apache__hive#org.apache.hive.benchmark.vectorization.operators.VectorGroupByOperatorBench.testAggCount#aggregation=avg&dataType=double&evalMode=PARTIAL1&hasNulls=true&isRepeating=false&processMode=GLOBAL---6,Rocket
apache__hive#org.apache.hive.benchmark.vectorization.operators.VectorGroupByOperatorBench.testAggCount#aggregation=avg&dataType=double&evalMode=PARTIAL1&hasNulls=true&isRepeating=false&processMode=GLOBAL---7,Rocket
apache__hive#org.apache.hive.benchmark.vectorization.operators.VectorGroupByOperatorBench.testAggCount#aggregation=avg&dataType=double&evalMode=PARTIAL1&hasNulls=true&isRepeating=false&processMode=GLOBAL---8,Rocket
apache__hive#org.apache.hive.benchmark.vectorization.operators.VectorGroupByOperatorBench.testAggCount#aggregation=avg&dataType=double&evalMode=PARTIAL1&hasNulls=true&isRepeating=false&processMode=GLOBAL---9,Rocket
apache__hive#org.apache.hive.benchmark.vectorization.operators.VectorGroupByOperatorBench.testAggCount#aggregation=bloom_filter&dataType=bigint&evalMode=COMPLETE&hasNulls=true&isRepeating=true&processMode=HASH---0,Rocket
apache__hive#org.apache.hive.benchmark.vectorization.operators.VectorGroupByOperatorBench.testAggCount#aggregation=bloom_filter&dataType=bigint&evalMode=COMPLETE&hasNulls=true&isRepeating=true&processMode=HASH---1,Rocket
apache__hive#org.apache.hive.benchmark.vectorization.operators.VectorGroupByOperatorBench.testAggCount#aggregation=bloom_filter&dataType=bigint&evalMode=COMPLETE&hasNulls=true&isRepeating=true&processMode=HASH---2,Rocket
apache__hive#org.apache.hive.benchmark.vectorization.operators.VectorGroupByOperatorBench.testAggCount#aggregation=bloom_filter&dataType=bigint&evalMode=COMPLETE&hasNulls=true&isRepeating=true&processMode=HASH---3,Rocket
apache__hive#org.apache.hive.benchmark.vectorization.operators.VectorGroupByOperatorBench.testAggCount#aggregation=bloom_filter&dataType=bigint&evalMode=COMPLETE&hasNulls=true&isRepeating=true&processMode=HASH---4,Rocket
apache__hive#org.apache.hive.benchmark.vectorization.operators.VectorGroupByOperatorBench.testAggCount#aggregation=bloom_filter&dataType=bigint&evalMode=COMPLETE&hasNulls=true&isRepeating=true&processMode=HASH---5,Rocket
apache__hive#org.apache.hive.benchmark.vectorization.operators.VectorGroupByOperatorBench.testAggCount#aggregation=bloom_filter&dataType=bigint&evalMode=COMPLETE&hasNulls=true&isRepeating=true&processMode=HASH---6,Rocket
apache__hive#org.apache.hive.benchmark.vectorization.operators.VectorGroupByOperatorBench.testAggCount#aggregation=bloom_filter&dataType=bigint&evalMode=COMPLETE&hasNulls=true&isRepeating=true&processMode=HASH---7,Rocket
apache__hive#org.apache.hive.benchmark.vectorization.operators.VectorGroupByOperatorBench.testAggCount#aggregation=bloom_filter&dataType=bigint&evalMode=COMPLETE&hasNulls=true&isRepeating=true&processMode=HASH---8,Rocket
apache__hive#org.apache.hive.benchmark.vectorization.operators.VectorGroupByOperatorBench.testAggCount#aggregation=bloom_filter&dataType=bigint&evalMode=COMPLETE&hasNulls=true&isRepeating=true&processMode=HASH---9,Rocket
apache__hive#org.apache.hive.benchmark.vectorization.operators.VectorGroupByOperatorBench.testAggCount#aggregation=max&dataType=double&evalMode=COMPLETE&hasNulls=false&isRepeating=true&processMode=HASH---0,Rocket
apache__hive#org.apache.hive.benchmark.vectorization.operators.VectorGroupByOperatorBench.testAggCount#aggregation=max&dataType=double&evalMode=COMPLETE&hasNulls=false&isRepeating=true&processMode=HASH---1,Rocket
apache__hive#org.apache.hive.benchmark.vectorization.operators.VectorGroupByOperatorBench.testAggCount#aggregation=max&dataType=double&evalMode=COMPLETE&hasNulls=false&isRepeating=true&processMode=HASH---2,Rocket
apache__hive#org.apache.hive.benchmark.vectorization.operators.VectorGroupByOperatorBench.testAggCount#aggregation=max&dataType=double&evalMode=COMPLETE&hasNulls=false&isRepeating=true&processMode=HASH---3,Rocket
apache__hive#org.apache.hive.benchmark.vectorization.operators.VectorGroupByOperatorBench.testAggCount#aggregation=max&dataType=double&evalMode=COMPLETE&hasNulls=false&isRepeating=true&processMode=HASH---4,Rocket
apache__hive#org.apache.hive.benchmark.vectorization.operators.VectorGroupByOperatorBench.testAggCount#aggregation=max&dataType=double&evalMode=COMPLETE&hasNulls=false&isRepeating=true&processMode=HASH---5,Rocket
apache__hive#org.apache.hive.benchmark.vectorization.operators.VectorGroupByOperatorBench.testAggCount#aggregation=max&dataType=double&evalMode=COMPLETE&hasNulls=false&isRepeating=true&processMode=HASH---6,Rocket
apache__hive#org.apache.hive.benchmark.vectorization.operators.VectorGroupByOperatorBench.testAggCount#aggregation=max&dataType=double&evalMode=COMPLETE&hasNulls=false&isRepeating=true&processMode=HASH---7,Rocket
apache__hive#org.apache.hive.benchmark.vectorization.operators.VectorGroupByOperatorBench.testAggCount#aggregation=max&dataType=double&evalMode=COMPLETE&hasNulls=false&isRepeating=true&processMode=HASH---8,Rocket
apache__hive#org.apache.hive.benchmark.vectorization.operators.VectorGroupByOperatorBench.testAggCount#aggregation=max&dataType=double&evalMode=COMPLETE&hasNulls=false&isRepeating=true&processMode=HASH---9,Rocket
apache__hive#org.apache.hive.benchmark.vectorization.operators.VectorGroupByOperatorBench.testAggCount#aggregation=max&dataType=double&evalMode=PARTIAL1&hasNulls=true&isRepeating=false&processMode=HASH---0,Rocket
apache__hive#org.apache.hive.benchmark.vectorization.operators.VectorGroupByOperatorBench.testAggCount#aggregation=max&dataType=double&evalMode=PARTIAL1&hasNulls=true&isRepeating=false&processMode=HASH---1,Rocket
apache__hive#org.apache.hive.benchmark.vectorization.operators.VectorGroupByOperatorBench.testAggCount#aggregation=max&dataType=double&evalMode=PARTIAL1&hasNulls=true&isRepeating=false&processMode=HASH---2,Rocket
apache__hive#org.apache.hive.benchmark.vectorization.operators.VectorGroupByOperatorBench.testAggCount#aggregation=max&dataType=double&evalMode=PARTIAL1&hasNulls=true&isRepeating=false&processMode=HASH---3,Rocket
apache__hive#org.apache.hive.benchmark.vectorization.operators.VectorGroupByOperatorBench.testAggCount#aggregation=max&dataType=double&evalMode=PARTIAL1&hasNulls=true&isRepeating=false&processMode=HASH---4,Rocket
apache__hive#org.apache.hive.benchmark.vectorization.operators.VectorGroupByOperatorBench.testAggCount#aggregation=max&dataType=double&evalMode=PARTIAL1&hasNulls=true&isRepeating=false&processMode=HASH---5,Rocket
apache__hive#org.apache.hive.benchmark.vectorization.operators.VectorGroupByOperatorBench.testAggCount#aggregation=max&dataType=double&evalMode=PARTIAL1&hasNulls=true&isRepeating=false&processMode=HASH---6,OSCNN
apache__hive#org.apache.hive.benchmark.vectorization.operators.VectorGroupByOperatorBench.testAggCount#aggregation=max&dataType=double&evalMode=PARTIAL1&hasNulls=true&isRepeating=false&processMode=HASH---7,Rocket
apache__hive#org.apache.hive.benchmark.vectorization.operators.VectorGroupByOperatorBench.testAggCount#aggregation=max&dataType=double&evalMode=PARTIAL1&hasNulls=true&isRepeating=false&processMode=HASH---8,Rocket
apache__hive#org.apache.hive.benchmark.vectorization.operators.VectorGroupByOperatorBench.testAggCount#aggregation=max&dataType=double&evalMode=PARTIAL1&hasNulls=true&isRepeating=false&processMode=HASH---9,Rocket
apache__hive#org.apache.hive.benchmark.vectorization.operators.VectorGroupByOperatorBench.testAggCount#aggregation=max&dataType=string&evalMode=COMPLETE&hasNulls=false&isRepeating=false&processMode=HASH---0,OSCNN
apache__hive#org.apache.hive.benchmark.vectorization.operators.VectorGroupByOperatorBench.testAggCount#aggregation=max&dataType=string&evalMode=COMPLETE&hasNulls=false&isRepeating=false&processMode=HASH---2,OSCNN
apache__hive#org.apache.hive.benchmark.vectorization.operators.VectorGroupByOperatorBench.testAggCount#aggregation=max&dataType=string&evalMode=COMPLETE&hasNulls=false&isRepeating=false&processMode=HASH---3,Rocket
apache__hive#org.apache.hive.benchmark.vectorization.operators.VectorGroupByOperatorBench.testAggCount#aggregation=max&dataType=string&evalMode=COMPLETE&hasNulls=false&isRepeating=false&processMode=HASH---4,OSCNN
apache__hive#org.apache.hive.benchmark.vectorization.operators.VectorGroupByOperatorBench.testAggCount#aggregation=max&dataType=string&evalMode=COMPLETE&hasNulls=false&isRepeating=false&processMode=HASH---5,Rocket
apache__hive#org.apache.hive.benchmark.vectorization.operators.VectorGroupByOperatorBench.testAggCount#aggregation=max&dataType=string&evalMode=COMPLETE&hasNulls=false&isRepeating=false&processMode=HASH---6,Rocket
apache__hive#org.apache.hive.benchmark.vectorization.operators.VectorGroupByOperatorBench.testAggCount#aggregation=max&dataType=string&evalMode=COMPLETE&hasNulls=false&isRepeating=false&processMode=HASH---7,Rocket
apache__hive#org.apache.hive.benchmark.vectorization.operators.VectorGroupByOperatorBench.testAggCount#aggregation=max&dataType=string&evalMode=COMPLETE&hasNulls=false&isRepeating=false&processMode=HASH---8,Rocket
apache__hive#org.apache.hive.benchmark.vectorization.operators.VectorGroupByOperatorBench.testAggCount#aggregation=max&dataType=string&evalMode=COMPLETE&hasNulls=false&isRepeating=false&processMode=HASH---9,OSCNN
apache__hive#org.apache.hive.benchmark.vectorization.operators.VectorGroupByOperatorBench.testAggCount#aggregation=max&dataType=string&evalMode=FINAL&hasNulls=false&isRepeating=true&processMode=GLOBAL---0,Rocket
apache__hive#org.apache.hive.benchmark.vectorization.operators.VectorGroupByOperatorBench.testAggCount#aggregation=max&dataType=string&evalMode=FINAL&hasNulls=false&isRepeating=true&processMode=GLOBAL---1,Rocket
apache__hive#org.apache.hive.benchmark.vectorization.operators.VectorGroupByOperatorBench.testAggCount#aggregation=max&dataType=string&evalMode=FINAL&hasNulls=false&isRepeating=true&processMode=GLOBAL---2,Rocket
apache__hive#org.apache.hive.benchmark.vectorization.operators.VectorGroupByOperatorBench.testAggCount#aggregation=max&dataType=string&evalMode=FINAL&hasNulls=false&isRepeating=true&processMode=GLOBAL---3,Rocket
apache__hive#org.apache.hive.benchmark.vectorization.operators.VectorGroupByOperatorBench.testAggCount#aggregation=max&dataType=string&evalMode=FINAL&hasNulls=false&isRepeating=true&processMode=GLOBAL---4,Rocket
apache__hive#org.apache.hive.benchmark.vectorization.operators.VectorGroupByOperatorBench.testAggCount#aggregation=max&dataType=string&evalMode=FINAL&hasNulls=false&isRepeating=true&processMode=GLOBAL---5,Rocket
apache__hive#org.apache.hive.benchmark.vectorization.operators.VectorGroupByOperatorBench.testAggCount#aggregation=max&dataType=string&evalMode=FINAL&hasNulls=false&isRepeating=true&processMode=GLOBAL---6,Rocket
apache__hive#org.apache.hive.benchmark.vectorization.operators.VectorGroupByOperatorBench.testAggCount#aggregation=max&dataType=string&evalMode=FINAL&hasNulls=false&isRepeating=true&processMode=GLOBAL---7,Rocket
apache__hive#org.apache.hive.benchmark.vectorization.operators.VectorGroupByOperatorBench.testAggCount#aggregation=max&dataType=string&evalMode=FINAL&hasNulls=false&isRepeating=true&processMode=GLOBAL---8,Rocket
apache__hive#org.apache.hive.benchmark.vectorization.operators.VectorGroupByOperatorBench.testAggCount#aggregation=max&dataType=string&evalMode=FINAL&hasNulls=false&isRepeating=true&processMode=GLOBAL---9,Rocket
apache__hive#org.apache.hive.benchmark.vectorization.operators.VectorGroupByOperatorBench.testAggCount#aggregation=min&dataType=timestamp&evalMode=PARTIAL1&hasNulls=false&isRepeating=true&processMode=HASH---0,Rocket
apache__hive#org.apache.hive.benchmark.vectorization.operators.VectorGroupByOperatorBench.testAggCount#aggregation=min&dataType=timestamp&evalMode=PARTIAL1&hasNulls=false&isRepeating=true&processMode=HASH---1,Rocket
apache__hive#org.apache.hive.benchmark.vectorization.operators.VectorGroupByOperatorBench.testAggCount#aggregation=min&dataType=timestamp&evalMode=PARTIAL1&hasNulls=false&isRepeating=true&processMode=HASH---2,Rocket
apache__hive#org.apache.hive.benchmark.vectorization.operators.VectorGroupByOperatorBench.testAggCount#aggregation=min&dataType=timestamp&evalMode=PARTIAL1&hasNulls=false&isRepeating=true&processMode=HASH---3,Rocket
apache__hive#org.apache.hive.benchmark.vectorization.operators.VectorGroupByOperatorBench.testAggCount#aggregation=min&dataType=timestamp&evalMode=PARTIAL1&hasNulls=false&isRepeating=true&processMode=HASH---4,Rocket
apache__hive#org.apache.hive.benchmark.vectorization.operators.VectorGroupByOperatorBench.testAggCount#aggregation=min&dataType=timestamp&evalMode=PARTIAL1&hasNulls=false&isRepeating=true&processMode=HASH---5,Rocket
apache__hive#org.apache.hive.benchmark.vectorization.operators.VectorGroupByOperatorBench.testAggCount#aggregation=min&dataType=timestamp&evalMode=PARTIAL1&hasNulls=false&isRepeating=true&processMode=HASH---6,Rocket
apache__hive#org.apache.hive.benchmark.vectorization.operators.VectorGroupByOperatorBench.testAggCount#aggregation=min&dataType=timestamp&evalMode=PARTIAL1&hasNulls=false&isRepeating=true&processMode=HASH---7,Rocket
apache__hive#org.apache.hive.benchmark.vectorization.operators.VectorGroupByOperatorBench.testAggCount#aggregation=min&dataType=timestamp&evalMode=PARTIAL1&hasNulls=false&isRepeating=true&processMode=HASH---8,Rocket
apache__hive#org.apache.hive.benchmark.vectorization.operators.VectorGroupByOperatorBench.testAggCount#aggregation=min&dataType=timestamp&evalMode=PARTIAL1&hasNulls=false&isRepeating=true&processMode=HASH---9,Rocket
apache__hive#org.apache.hive.benchmark.vectorization.operators.VectorGroupByOperatorBench.testAggCount#aggregation=stddev_pop&dataType=bigint&evalMode=PARTIAL1&hasNulls=true&isRepeating=true&processMode=GLOBAL---0,Rocket
apache__hive#org.apache.hive.benchmark.vectorization.operators.VectorGroupByOperatorBench.testAggCount#aggregation=stddev_pop&dataType=bigint&evalMode=PARTIAL1&hasNulls=true&isRepeating=true&processMode=GLOBAL---1,Rocket
apache__hive#org.apache.hive.benchmark.vectorization.operators.VectorGroupByOperatorBench.testAggCount#aggregation=stddev_pop&dataType=bigint&evalMode=PARTIAL1&hasNulls=true&isRepeating=true&processMode=GLOBAL---2,Rocket
apache__hive#org.apache.hive.benchmark.vectorization.operators.VectorGroupByOperatorBench.testAggCount#aggregation=stddev_pop&dataType=bigint&evalMode=PARTIAL1&hasNulls=true&isRepeating=true&processMode=GLOBAL---3,Rocket
apache__hive#org.apache.hive.benchmark.vectorization.operators.VectorGroupByOperatorBench.testAggCount#aggregation=stddev_pop&dataType=bigint&evalMode=PARTIAL1&hasNulls=true&isRepeating=true&processMode=GLOBAL---4,Rocket
apache__hive#org.apache.hive.benchmark.vectorization.operators.VectorGroupByOperatorBench.testAggCount#aggregation=stddev_pop&dataType=bigint&evalMode=PARTIAL1&hasNulls=true&isRepeating=true&processMode=GLOBAL---5,Rocket
apache__hive#org.apache.hive.benchmark.vectorization.operators.VectorGroupByOperatorBench.testAggCount#aggregation=stddev_pop&dataType=bigint&evalMode=PARTIAL1&hasNulls=true&isRepeating=true&processMode=GLOBAL---6,Rocket
apache__hive#org.apache.hive.benchmark.vectorization.operators.VectorGroupByOperatorBench.testAggCount#aggregation=stddev_pop&dataType=bigint&evalMode=PARTIAL1&hasNulls=true&isRepeating=true&processMode=GLOBAL---7,Rocket
apache__hive#org.apache.hive.benchmark.vectorization.operators.VectorGroupByOperatorBench.testAggCount#aggregation=stddev_pop&dataType=bigint&evalMode=PARTIAL1&hasNulls=true&isRepeating=true&processMode=GLOBAL---8,Rocket
apache__hive#org.apache.hive.benchmark.vectorization.operators.VectorGroupByOperatorBench.testAggCount#aggregation=stddev_pop&dataType=bigint&evalMode=PARTIAL1&hasNulls=true&isRepeating=true&processMode=GLOBAL---9,Rocket
apache__hive#org.apache.hive.benchmark.vectorization.operators.VectorGroupByOperatorBench.testAggCount#aggregation=stddev_pop&dataType=double&evalMode=COMPLETE&hasNulls=false&isRepeating=false&processMode=HASH---0,Rocket
apache__hive#org.apache.hive.benchmark.vectorization.operators.VectorGroupByOperatorBench.testAggCount#aggregation=stddev_pop&dataType=double&evalMode=COMPLETE&hasNulls=false&isRepeating=false&processMode=HASH---1,Rocket
apache__hive#org.apache.hive.benchmark.vectorization.operators.VectorGroupByOperatorBench.testAggCount#aggregation=stddev_pop&dataType=double&evalMode=COMPLETE&hasNulls=false&isRepeating=false&processMode=HASH---2,Rocket
apache__hive#org.apache.hive.benchmark.vectorization.operators.VectorGroupByOperatorBench.testAggCount#aggregation=stddev_pop&dataType=double&evalMode=COMPLETE&hasNulls=false&isRepeating=false&processMode=HASH---3,Rocket
apache__hive#org.apache.hive.benchmark.vectorization.operators.VectorGroupByOperatorBench.testAggCount#aggregation=stddev_pop&dataType=double&evalMode=COMPLETE&hasNulls=false&isRepeating=false&processMode=HASH---4,Rocket
apache__hive#org.apache.hive.benchmark.vectorization.operators.VectorGroupByOperatorBench.testAggCount#aggregation=stddev_pop&dataType=double&evalMode=COMPLETE&hasNulls=false&isRepeating=false&processMode=HASH---5,Rocket
apache__hive#org.apache.hive.benchmark.vectorization.operators.VectorGroupByOperatorBench.testAggCount#aggregation=stddev_pop&dataType=double&evalMode=COMPLETE&hasNulls=false&isRepeating=false&processMode=HASH---6,Rocket
apache__hive#org.apache.hive.benchmark.vectorization.operators.VectorGroupByOperatorBench.testAggCount#aggregation=stddev_pop&dataType=double&evalMode=COMPLETE&hasNulls=false&isRepeating=false&processMode=HASH---7,Rocket
apache__hive#org.apache.hive.benchmark.vectorization.operators.VectorGroupByOperatorBench.testAggCount#aggregation=stddev_pop&dataType=double&evalMode=COMPLETE&hasNulls=false&isRepeating=false&processMode=HASH---8,Rocket
apache__hive#org.apache.hive.benchmark.vectorization.operators.VectorGroupByOperatorBench.testAggCount#aggregation=stddev_pop&dataType=double&evalMode=COMPLETE&hasNulls=false&isRepeating=false&processMode=HASH---9,Rocket
apache__hive#org.apache.hive.benchmark.vectorization.operators.VectorGroupByOperatorBench.testAggCount#aggregation=stddev_pop&dataType=double&evalMode=PARTIAL1&hasNulls=true&isRepeating=true&processMode=GLOBAL---0,Rocket
apache__hive#org.apache.hive.benchmark.vectorization.operators.VectorGroupByOperatorBench.testAggCount#aggregation=stddev_pop&dataType=double&evalMode=PARTIAL1&hasNulls=true&isRepeating=true&processMode=GLOBAL---1,Rocket
apache__hive#org.apache.hive.benchmark.vectorization.operators.VectorGroupByOperatorBench.testAggCount#aggregation=stddev_pop&dataType=double&evalMode=PARTIAL1&hasNulls=true&isRepeating=true&processMode=GLOBAL---2,Rocket
apache__hive#org.apache.hive.benchmark.vectorization.operators.VectorGroupByOperatorBench.testAggCount#aggregation=stddev_pop&dataType=double&evalMode=PARTIAL1&hasNulls=true&isRepeating=true&processMode=GLOBAL---3,Rocket
apache__hive#org.apache.hive.benchmark.vectorization.operators.VectorGroupByOperatorBench.testAggCount#aggregation=stddev_pop&dataType=double&evalMode=PARTIAL1&hasNulls=true&isRepeating=true&processMode=GLOBAL---4,Rocket
apache__hive#org.apache.hive.benchmark.vectorization.operators.VectorGroupByOperatorBench.testAggCount#aggregation=stddev_pop&dataType=double&evalMode=PARTIAL1&hasNulls=true&isRepeating=true&processMode=GLOBAL---5,Rocket
apache__hive#org.apache.hive.benchmark.vectorization.operators.VectorGroupByOperatorBench.testAggCount#aggregation=stddev_pop&dataType=double&evalMode=PARTIAL1&hasNulls=true&isRepeating=true&processMode=GLOBAL---6,Rocket
apache__hive#org.apache.hive.benchmark.vectorization.operators.VectorGroupByOperatorBench.testAggCount#aggregation=stddev_pop&dataType=double&evalMode=PARTIAL1&hasNulls=true&isRepeating=true&processMode=GLOBAL---7,Rocket
apache__hive#org.apache.hive.benchmark.vectorization.operators.VectorGroupByOperatorBench.testAggCount#aggregation=stddev_pop&dataType=double&evalMode=PARTIAL1&hasNulls=true&isRepeating=true&processMode=GLOBAL---8,Rocket
apache__hive#org.apache.hive.benchmark.vectorization.operators.VectorGroupByOperatorBench.testAggCount#aggregation=stddev_pop&dataType=double&evalMode=PARTIAL1&hasNulls=true&isRepeating=true&processMode=GLOBAL---9,Rocket
apache__hive#org.apache.hive.benchmark.vectorization.operators.VectorGroupByOperatorBench.testAggCount#aggregation=stddev_samp&dataType=double&evalMode=COMPLETE&hasNulls=true&isRepeating=true&processMode=HASH---0,Rocket
apache__hive#org.apache.hive.benchmark.vectorization.operators.VectorGroupByOperatorBench.testAggCount#aggregation=stddev_samp&dataType=double&evalMode=COMPLETE&hasNulls=true&isRepeating=true&processMode=HASH---1,Rocket
apache__hive#org.apache.hive.benchmark.vectorization.operators.VectorGroupByOperatorBench.testAggCount#aggregation=stddev_samp&dataType=double&evalMode=COMPLETE&hasNulls=true&isRepeating=true&processMode=HASH---2,Rocket
apache__hive#org.apache.hive.benchmark.vectorization.operators.VectorGroupByOperatorBench.testAggCount#aggregation=stddev_samp&dataType=double&evalMode=COMPLETE&hasNulls=true&isRepeating=true&processMode=HASH---3,Rocket
apache__hive#org.apache.hive.benchmark.vectorization.operators.VectorGroupByOperatorBench.testAggCount#aggregation=stddev_samp&dataType=double&evalMode=COMPLETE&hasNulls=true&isRepeating=true&processMode=HASH---4,Rocket
apache__hive#org.apache.hive.benchmark.vectorization.operators.VectorGroupByOperatorBench.testAggCount#aggregation=stddev_samp&dataType=double&evalMode=COMPLETE&hasNulls=true&isRepeating=true&processMode=HASH---5,Rocket
apache__hive#org.apache.hive.benchmark.vectorization.operators.VectorGroupByOperatorBench.testAggCount#aggregation=stddev_samp&dataType=double&evalMode=COMPLETE&hasNulls=true&isRepeating=true&processMode=HASH---6,Rocket
apache__hive#org.apache.hive.benchmark.vectorization.operators.VectorGroupByOperatorBench.testAggCount#aggregation=stddev_samp&dataType=double&evalMode=COMPLETE&hasNulls=true&isRepeating=true&processMode=HASH---7,Rocket
apache__hive#org.apache.hive.benchmark.vectorization.operators.VectorGroupByOperatorBench.testAggCount#aggregation=stddev_samp&dataType=double&evalMode=COMPLETE&hasNulls=true&isRepeating=true&processMode=HASH---8,Rocket
apache__hive#org.apache.hive.benchmark.vectorization.operators.VectorGroupByOperatorBench.testAggCount#aggregation=stddev_samp&dataType=double&evalMode=COMPLETE&hasNulls=true&isRepeating=true&processMode=HASH---9,Rocket
apache__hive#org.apache.hive.benchmark.vectorization.operators.VectorGroupByOperatorBench.testAggCount#aggregation=stddev_samp&dataType=double&evalMode=PARTIAL1&hasNulls=false&isRepeating=false&processMode=HASH---0,Rocket
apache__hive#org.apache.hive.benchmark.vectorization.operators.VectorGroupByOperatorBench.testAggCount#aggregation=stddev_samp&dataType=double&evalMode=PARTIAL1&hasNulls=false&isRepeating=false&processMode=HASH---1,Rocket
apache__hive#org.apache.hive.benchmark.vectorization.operators.VectorGroupByOperatorBench.testAggCount#aggregation=stddev_samp&dataType=double&evalMode=PARTIAL1&hasNulls=false&isRepeating=false&processMode=HASH---2,Rocket
apache__hive#org.apache.hive.benchmark.vectorization.operators.VectorGroupByOperatorBench.testAggCount#aggregation=stddev_samp&dataType=double&evalMode=PARTIAL1&hasNulls=false&isRepeating=false&processMode=HASH---3,Rocket
apache__hive#org.apache.hive.benchmark.vectorization.operators.VectorGroupByOperatorBench.testAggCount#aggregation=stddev_samp&dataType=double&evalMode=PARTIAL1&hasNulls=false&isRepeating=false&processMode=HASH---4,Rocket
apache__hive#org.apache.hive.benchmark.vectorization.operators.VectorGroupByOperatorBench.testAggCount#aggregation=stddev_samp&dataType=double&evalMode=PARTIAL1&hasNulls=false&isRepeating=false&processMode=HASH---5,Rocket
apache__hive#org.apache.hive.benchmark.vectorization.operators.VectorGroupByOperatorBench.testAggCount#aggregation=stddev_samp&dataType=double&evalMode=PARTIAL1&hasNulls=false&isRepeating=false&processMode=HASH---6,Rocket
apache__hive#org.apache.hive.benchmark.vectorization.operators.VectorGroupByOperatorBench.testAggCount#aggregation=stddev_samp&dataType=double&evalMode=PARTIAL1&hasNulls=false&isRepeating=false&processMode=HASH---7,Rocket
apache__hive#org.apache.hive.benchmark.vectorization.operators.VectorGroupByOperatorBench.testAggCount#aggregation=stddev_samp&dataType=double&evalMode=PARTIAL1&hasNulls=false&isRepeating=false&processMode=HASH---8,Rocket
apache__hive#org.apache.hive.benchmark.vectorization.operators.VectorGroupByOperatorBench.testAggCount#aggregation=stddev_samp&dataType=double&evalMode=PARTIAL1&hasNulls=false&isRepeating=false&processMode=HASH---9,Rocket
apache__hive#org.apache.hive.benchmark.vectorization.operators.VectorGroupByOperatorBench.testAggCount#aggregation=sum&dataType=bigint&evalMode=PARTIAL2&hasNulls=true&isRepeating=true&processMode=HASH---0,Rocket
apache__hive#org.apache.hive.benchmark.vectorization.operators.VectorGroupByOperatorBench.testAggCount#aggregation=sum&dataType=bigint&evalMode=PARTIAL2&hasNulls=true&isRepeating=true&processMode=HASH---1,Rocket
apache__hive#org.apache.hive.benchmark.vectorization.operators.VectorGroupByOperatorBench.testAggCount#aggregation=sum&dataType=bigint&evalMode=PARTIAL2&hasNulls=true&isRepeating=true&processMode=HASH---2,Rocket
apache__hive#org.apache.hive.benchmark.vectorization.operators.VectorGroupByOperatorBench.testAggCount#aggregation=sum&dataType=bigint&evalMode=PARTIAL2&hasNulls=true&isRepeating=true&processMode=HASH---3,Rocket
apache__hive#org.apache.hive.benchmark.vectorization.operators.VectorGroupByOperatorBench.testAggCount#aggregation=sum&dataType=bigint&evalMode=PARTIAL2&hasNulls=true&isRepeating=true&processMode=HASH---4,Rocket
apache__hive#org.apache.hive.benchmark.vectorization.operators.VectorGroupByOperatorBench.testAggCount#aggregation=sum&dataType=bigint&evalMode=PARTIAL2&hasNulls=true&isRepeating=true&processMode=HASH---5,Rocket
apache__hive#org.apache.hive.benchmark.vectorization.operators.VectorGroupByOperatorBench.testAggCount#aggregation=sum&dataType=bigint&evalMode=PARTIAL2&hasNulls=true&isRepeating=true&processMode=HASH---6,Rocket
apache__hive#org.apache.hive.benchmark.vectorization.operators.VectorGroupByOperatorBench.testAggCount#aggregation=sum&dataType=bigint&evalMode=PARTIAL2&hasNulls=true&isRepeating=true&processMode=HASH---7,Rocket
apache__hive#org.apache.hive.benchmark.vectorization.operators.VectorGroupByOperatorBench.testAggCount#aggregation=sum&dataType=bigint&evalMode=PARTIAL2&hasNulls=true&isRepeating=true&processMode=HASH---8,Rocket
apache__hive#org.apache.hive.benchmark.vectorization.operators.VectorGroupByOperatorBench.testAggCount#aggregation=sum&dataType=bigint&evalMode=PARTIAL2&hasNulls=true&isRepeating=true&processMode=HASH---9,Rocket
apache__hive#org.apache.hive.benchmark.vectorization.operators.VectorGroupByOperatorBench.testAggCount#aggregation=var_pop&dataType=double&evalMode=COMPLETE&hasNulls=false&isRepeating=false&processMode=GLOBAL---0,Rocket
apache__hive#org.apache.hive.benchmark.vectorization.operators.VectorGroupByOperatorBench.testAggCount#aggregation=var_pop&dataType=double&evalMode=COMPLETE&hasNulls=false&isRepeating=false&processMode=GLOBAL---1,Rocket
apache__hive#org.apache.hive.benchmark.vectorization.operators.VectorGroupByOperatorBench.testAggCount#aggregation=var_pop&dataType=double&evalMode=COMPLETE&hasNulls=false&isRepeating=false&processMode=GLOBAL---2,Rocket
apache__hive#org.apache.hive.benchmark.vectorization.operators.VectorGroupByOperatorBench.testAggCount#aggregation=var_pop&dataType=double&evalMode=COMPLETE&hasNulls=false&isRepeating=false&processMode=GLOBAL---3,Rocket
apache__hive#org.apache.hive.benchmark.vectorization.operators.VectorGroupByOperatorBench.testAggCount#aggregation=var_pop&dataType=double&evalMode=COMPLETE&hasNulls=false&isRepeating=false&processMode=GLOBAL---4,Rocket
apache__hive#org.apache.hive.benchmark.vectorization.operators.VectorGroupByOperatorBench.testAggCount#aggregation=var_pop&dataType=double&evalMode=COMPLETE&hasNulls=false&isRepeating=false&processMode=GLOBAL---5,Rocket
apache__hive#org.apache.hive.benchmark.vectorization.operators.VectorGroupByOperatorBench.testAggCount#aggregation=var_pop&dataType=double&evalMode=COMPLETE&hasNulls=false&isRepeating=false&processMode=GLOBAL---6,Rocket
apache__hive#org.apache.hive.benchmark.vectorization.operators.VectorGroupByOperatorBench.testAggCount#aggregation=var_pop&dataType=double&evalMode=COMPLETE&hasNulls=false&isRepeating=false&processMode=GLOBAL---7,Rocket
apache__hive#org.apache.hive.benchmark.vectorization.operators.VectorGroupByOperatorBench.testAggCount#aggregation=var_pop&dataType=double&evalMode=COMPLETE&hasNulls=false&isRepeating=false&processMode=GLOBAL---8,Rocket
apache__hive#org.apache.hive.benchmark.vectorization.operators.VectorGroupByOperatorBench.testAggCount#aggregation=var_pop&dataType=double&evalMode=COMPLETE&hasNulls=false&isRepeating=false&processMode=GLOBAL---9,Rocket
apache__hive#org.apache.hive.benchmark.vectorization.operators.VectorGroupByOperatorBench.testAggCount#aggregation=variance&dataType=double&evalMode=COMPLETE&hasNulls=true&isRepeating=true&processMode=GLOBAL---0,Rocket
apache__hive#org.apache.hive.benchmark.vectorization.operators.VectorGroupByOperatorBench.testAggCount#aggregation=variance&dataType=double&evalMode=COMPLETE&hasNulls=true&isRepeating=true&processMode=GLOBAL---1,Rocket
apache__hive#org.apache.hive.benchmark.vectorization.operators.VectorGroupByOperatorBench.testAggCount#aggregation=variance&dataType=double&evalMode=COMPLETE&hasNulls=true&isRepeating=true&processMode=GLOBAL---2,Rocket
apache__hive#org.apache.hive.benchmark.vectorization.operators.VectorGroupByOperatorBench.testAggCount#aggregation=variance&dataType=double&evalMode=COMPLETE&hasNulls=true&isRepeating=true&processMode=GLOBAL---3,Rocket
apache__hive#org.apache.hive.benchmark.vectorization.operators.VectorGroupByOperatorBench.testAggCount#aggregation=variance&dataType=double&evalMode=COMPLETE&hasNulls=true&isRepeating=true&processMode=GLOBAL---4,Rocket
apache__hive#org.apache.hive.benchmark.vectorization.operators.VectorGroupByOperatorBench.testAggCount#aggregation=variance&dataType=double&evalMode=COMPLETE&hasNulls=true&isRepeating=true&processMode=GLOBAL---5,Rocket
apache__hive#org.apache.hive.benchmark.vectorization.operators.VectorGroupByOperatorBench.testAggCount#aggregation=variance&dataType=double&evalMode=COMPLETE&hasNulls=true&isRepeating=true&processMode=GLOBAL---6,Rocket
apache__hive#org.apache.hive.benchmark.vectorization.operators.VectorGroupByOperatorBench.testAggCount#aggregation=variance&dataType=double&evalMode=COMPLETE&hasNulls=true&isRepeating=true&processMode=GLOBAL---7,Rocket
apache__hive#org.apache.hive.benchmark.vectorization.operators.VectorGroupByOperatorBench.testAggCount#aggregation=variance&dataType=double&evalMode=COMPLETE&hasNulls=true&isRepeating=true&processMode=GLOBAL---8,Rocket
apache__hive#org.apache.hive.benchmark.vectorization.operators.VectorGroupByOperatorBench.testAggCount#aggregation=variance&dataType=double&evalMode=COMPLETE&hasNulls=true&isRepeating=true&processMode=GLOBAL---9,Rocket
apache__kafka#org.apache.kafka.jmh.record.CompressedRecordBatchValidationBenchmark.measureValidateMessagesAndAssignOffsetsCompressed#bufferSupplierStr=NO_CACHING&bytes=RANDOM&compressionType=ZSTD&maxBatchSize=10&messageSize=1000&messageVersion=2---0,OSCNN
apache__kafka#org.apache.kafka.jmh.record.CompressedRecordBatchValidationBenchmark.measureValidateMessagesAndAssignOffsetsCompressed#bufferSupplierStr=NO_CACHING&bytes=RANDOM&compressionType=ZSTD&maxBatchSize=10&messageSize=1000&messageVersion=2---1,OSCNN
apache__kafka#org.apache.kafka.jmh.record.CompressedRecordBatchValidationBenchmark.measureValidateMessagesAndAssignOffsetsCompressed#bufferSupplierStr=NO_CACHING&bytes=RANDOM&compressionType=ZSTD&maxBatchSize=10&messageSize=1000&messageVersion=2---2,Rocket
apache__kafka#org.apache.kafka.jmh.record.CompressedRecordBatchValidationBenchmark.measureValidateMessagesAndAssignOffsetsCompressed#bufferSupplierStr=NO_CACHING&bytes=RANDOM&compressionType=ZSTD&maxBatchSize=10&messageSize=1000&messageVersion=2---3,Rocket
apache__kafka#org.apache.kafka.jmh.record.CompressedRecordBatchValidationBenchmark.measureValidateMessagesAndAssignOffsetsCompressed#bufferSupplierStr=NO_CACHING&bytes=RANDOM&compressionType=ZSTD&maxBatchSize=10&messageSize=1000&messageVersion=2---5,Rocket
apache__kafka#org.apache.kafka.jmh.record.CompressedRecordBatchValidationBenchmark.measureValidateMessagesAndAssignOffsetsCompressed#bufferSupplierStr=NO_CACHING&bytes=RANDOM&compressionType=ZSTD&maxBatchSize=10&messageSize=1000&messageVersion=2---6,Rocket
apache__kafka#org.apache.kafka.jmh.record.CompressedRecordBatchValidationBenchmark.measureValidateMessagesAndAssignOffsetsCompressed#bufferSupplierStr=NO_CACHING&bytes=RANDOM&compressionType=ZSTD&maxBatchSize=10&messageSize=1000&messageVersion=2---7,OSCNN
apache__kafka#org.apache.kafka.jmh.record.CompressedRecordBatchValidationBenchmark.measureValidateMessagesAndAssignOffsetsCompressed#bufferSupplierStr=NO_CACHING&bytes=RANDOM&compressionType=ZSTD&maxBatchSize=10&messageSize=1000&messageVersion=2---8,Rocket
apache__kafka#org.apache.kafka.jmh.record.RecordBatchIterationBenchmark.measureIteratorForBatchWithSingleMessage#bufferSupplierStr=CREATE&bytes=RANDOM&compressionType=GZIP&maxBatchSize=2&messageSize=10000&messageVersion=2---0,Rocket
apache__kafka#org.apache.kafka.jmh.record.RecordBatchIterationBenchmark.measureIteratorForBatchWithSingleMessage#bufferSupplierStr=CREATE&bytes=RANDOM&compressionType=GZIP&maxBatchSize=2&messageSize=10000&messageVersion=2---1,Rocket
apache__kafka#org.apache.kafka.jmh.record.RecordBatchIterationBenchmark.measureIteratorForBatchWithSingleMessage#bufferSupplierStr=CREATE&bytes=RANDOM&compressionType=GZIP&maxBatchSize=2&messageSize=10000&messageVersion=2---2,OSCNN
apache__kafka#org.apache.kafka.jmh.record.RecordBatchIterationBenchmark.measureIteratorForBatchWithSingleMessage#bufferSupplierStr=CREATE&bytes=RANDOM&compressionType=GZIP&maxBatchSize=2&messageSize=10000&messageVersion=2---3,Rocket
apache__kafka#org.apache.kafka.jmh.record.RecordBatchIterationBenchmark.measureIteratorForBatchWithSingleMessage#bufferSupplierStr=CREATE&bytes=RANDOM&compressionType=GZIP&maxBatchSize=2&messageSize=10000&messageVersion=2---4,Rocket
apache__kafka#org.apache.kafka.jmh.record.RecordBatchIterationBenchmark.measureIteratorForBatchWithSingleMessage#bufferSupplierStr=CREATE&bytes=RANDOM&compressionType=GZIP&maxBatchSize=2&messageSize=10000&messageVersion=2---5,Rocket
apache__kafka#org.apache.kafka.jmh.record.RecordBatchIterationBenchmark.measureIteratorForBatchWithSingleMessage#bufferSupplierStr=CREATE&bytes=RANDOM&compressionType=GZIP&maxBatchSize=2&messageSize=10000&messageVersion=2---6,Rocket
apache__kafka#org.apache.kafka.jmh.record.RecordBatchIterationBenchmark.measureIteratorForBatchWithSingleMessage#bufferSupplierStr=CREATE&bytes=RANDOM&compressionType=GZIP&maxBatchSize=2&messageSize=10000&messageVersion=2---8,Rocket
apache__kafka#org.apache.kafka.jmh.record.RecordBatchIterationBenchmark.measureIteratorForBatchWithSingleMessage#bufferSupplierStr=CREATE&bytes=RANDOM&compressionType=GZIP&maxBatchSize=2&messageSize=10000&messageVersion=2---9,Rocket
apache__kafka#org.apache.kafka.jmh.record.RecordBatchIterationBenchmark.measureIteratorForBatchWithSingleMessage#bufferSupplierStr=CREATE&bytes=RANDOM&compressionType=LZ4&maxBatchSize=500&messageSize=100&messageVersion=1---0,OSCNN
apache__kafka#org.apache.kafka.jmh.record.RecordBatchIterationBenchmark.measureIteratorForBatchWithSingleMessage#bufferSupplierStr=CREATE&bytes=RANDOM&compressionType=LZ4&maxBatchSize=500&messageSize=100&messageVersion=1---1,OSCNN
apache__kafka#org.apache.kafka.jmh.record.RecordBatchIterationBenchmark.measureIteratorForBatchWithSingleMessage#bufferSupplierStr=CREATE&bytes=RANDOM&compressionType=LZ4&maxBatchSize=500&messageSize=100&messageVersion=1---2,OSCNN
apache__kafka#org.apache.kafka.jmh.record.RecordBatchIterationBenchmark.measureIteratorForBatchWithSingleMessage#bufferSupplierStr=CREATE&bytes=RANDOM&compressionType=LZ4&maxBatchSize=500&messageSize=100&messageVersion=1---3,OSCNN
apache__kafka#org.apache.kafka.jmh.record.RecordBatchIterationBenchmark.measureIteratorForBatchWithSingleMessage#bufferSupplierStr=CREATE&bytes=RANDOM&compressionType=LZ4&maxBatchSize=500&messageSize=100&messageVersion=1---4,OSCNN
apache__kafka#org.apache.kafka.jmh.record.RecordBatchIterationBenchmark.measureIteratorForBatchWithSingleMessage#bufferSupplierStr=CREATE&bytes=RANDOM&compressionType=LZ4&maxBatchSize=500&messageSize=100&messageVersion=1---5,OSCNN
apache__kafka#org.apache.kafka.jmh.record.RecordBatchIterationBenchmark.measureIteratorForBatchWithSingleMessage#bufferSupplierStr=CREATE&bytes=RANDOM&compressionType=LZ4&maxBatchSize=500&messageSize=100&messageVersion=1---6,OSCNN
apache__kafka#org.apache.kafka.jmh.record.RecordBatchIterationBenchmark.measureIteratorForBatchWithSingleMessage#bufferSupplierStr=CREATE&bytes=RANDOM&compressionType=LZ4&maxBatchSize=500&messageSize=100&messageVersion=1---7,OSCNN
apache__kafka#org.apache.kafka.jmh.record.RecordBatchIterationBenchmark.measureIteratorForBatchWithSingleMessage#bufferSupplierStr=CREATE&bytes=RANDOM&compressionType=LZ4&maxBatchSize=500&messageSize=100&messageVersion=1---8,OSCNN
apache__kafka#org.apache.kafka.jmh.record.RecordBatchIterationBenchmark.measureIteratorForBatchWithSingleMessage#bufferSupplierStr=CREATE&bytes=RANDOM&compressionType=LZ4&maxBatchSize=500&messageSize=100&messageVersion=1---9,OSCNN
apache__kafka#org.apache.kafka.jmh.record.RecordBatchIterationBenchmark.measureIteratorForBatchWithSingleMessage#bufferSupplierStr=CREATE&bytes=RANDOM&compressionType=SNAPPY&maxBatchSize=500&messageSize=100&messageVersion=2---0,OSCNN
apache__kafka#org.apache.kafka.jmh.record.RecordBatchIterationBenchmark.measureIteratorForBatchWithSingleMessage#bufferSupplierStr=CREATE&bytes=RANDOM&compressionType=SNAPPY&maxBatchSize=500&messageSize=100&messageVersion=2---1,Rocket
apache__kafka#org.apache.kafka.jmh.record.RecordBatchIterationBenchmark.measureIteratorForBatchWithSingleMessage#bufferSupplierStr=CREATE&bytes=RANDOM&compressionType=SNAPPY&maxBatchSize=500&messageSize=100&messageVersion=2---2,OSCNN
apache__kafka#org.apache.kafka.jmh.record.RecordBatchIterationBenchmark.measureIteratorForBatchWithSingleMessage#bufferSupplierStr=CREATE&bytes=RANDOM&compressionType=SNAPPY&maxBatchSize=500&messageSize=100&messageVersion=2---3,OSCNN
apache__kafka#org.apache.kafka.jmh.record.RecordBatchIterationBenchmark.measureIteratorForBatchWithSingleMessage#bufferSupplierStr=CREATE&bytes=RANDOM&compressionType=SNAPPY&maxBatchSize=500&messageSize=100&messageVersion=2---4,OSCNN
apache__kafka#org.apache.kafka.jmh.record.RecordBatchIterationBenchmark.measureIteratorForBatchWithSingleMessage#bufferSupplierStr=CREATE&bytes=RANDOM&compressionType=SNAPPY&maxBatchSize=500&messageSize=100&messageVersion=2---5,OSCNN
apache__kafka#org.apache.kafka.jmh.record.RecordBatchIterationBenchmark.measureIteratorForBatchWithSingleMessage#bufferSupplierStr=CREATE&bytes=RANDOM&compressionType=SNAPPY&maxBatchSize=500&messageSize=100&messageVersion=2---6,OSCNN
apache__kafka#org.apache.kafka.jmh.record.RecordBatchIterationBenchmark.measureIteratorForBatchWithSingleMessage#bufferSupplierStr=CREATE&bytes=RANDOM&compressionType=SNAPPY&maxBatchSize=500&messageSize=100&messageVersion=2---7,OSCNN
apache__kafka#org.apache.kafka.jmh.record.RecordBatchIterationBenchmark.measureIteratorForBatchWithSingleMessage#bufferSupplierStr=CREATE&bytes=RANDOM&compressionType=SNAPPY&maxBatchSize=500&messageSize=100&messageVersion=2---8,OSCNN
apache__kafka#org.apache.kafka.jmh.record.RecordBatchIterationBenchmark.measureIteratorForBatchWithSingleMessage#bufferSupplierStr=CREATE&bytes=RANDOM&compressionType=SNAPPY&maxBatchSize=500&messageSize=100&messageVersion=2---9,OSCNN
apache__kafka#org.apache.kafka.jmh.record.RecordBatchIterationBenchmark.measureIteratorForBatchWithSingleMessage#bufferSupplierStr=CREATE&bytes=RANDOM&compressionType=ZSTD&maxBatchSize=200&messageSize=1000&messageVersion=2---0,Rocket
apache__kafka#org.apache.kafka.jmh.record.RecordBatchIterationBenchmark.measureIteratorForBatchWithSingleMessage#bufferSupplierStr=CREATE&bytes=RANDOM&compressionType=ZSTD&maxBatchSize=200&messageSize=1000&messageVersion=2---2,OSCNN
apache__kafka#org.apache.kafka.jmh.record.RecordBatchIterationBenchmark.measureIteratorForBatchWithSingleMessage#bufferSupplierStr=CREATE&bytes=RANDOM&compressionType=ZSTD&maxBatchSize=200&messageSize=1000&messageVersion=2---5,OSCNN
apache__kafka#org.apache.kafka.jmh.record.RecordBatchIterationBenchmark.measureIteratorForBatchWithSingleMessage#bufferSupplierStr=CREATE&bytes=RANDOM&compressionType=ZSTD&maxBatchSize=200&messageSize=1000&messageVersion=2---7,Rocket
apache__kafka#org.apache.kafka.jmh.record.RecordBatchIterationBenchmark.measureIteratorForBatchWithSingleMessage#bufferSupplierStr=NO_CACHING&bytes=ONES&compressionType=LZ4&maxBatchSize=2&messageSize=1000&messageVersion=2---2,OSCNN
apache__kafka#org.apache.kafka.jmh.record.RecordBatchIterationBenchmark.measureIteratorForBatchWithSingleMessage#bufferSupplierStr=NO_CACHING&bytes=ONES&compressionType=LZ4&maxBatchSize=2&messageSize=1000&messageVersion=2---4,OSCNN
apache__kafka#org.apache.kafka.jmh.record.RecordBatchIterationBenchmark.measureIteratorForBatchWithSingleMessage#bufferSupplierStr=NO_CACHING&bytes=ONES&compressionType=LZ4&maxBatchSize=2&messageSize=1000&messageVersion=2---6,OSCNN
apache__kafka#org.apache.kafka.jmh.record.RecordBatchIterationBenchmark.measureIteratorForBatchWithSingleMessage#bufferSupplierStr=NO_CACHING&bytes=ONES&compressionType=LZ4&maxBatchSize=2&messageSize=1000&messageVersion=2---7,OSCNN
apache__kafka#org.apache.kafka.jmh.record.RecordBatchIterationBenchmark.measureIteratorForBatchWithSingleMessage#bufferSupplierStr=NO_CACHING&bytes=RANDOM&compressionType=NONE&maxBatchSize=2&messageSize=1000&messageVersion=1---0,OSCNN
apache__kafka#org.apache.kafka.jmh.record.RecordBatchIterationBenchmark.measureIteratorForBatchWithSingleMessage#bufferSupplierStr=NO_CACHING&bytes=RANDOM&compressionType=NONE&maxBatchSize=2&messageSize=1000&messageVersion=1---1,OSCNN
apache__kafka#org.apache.kafka.jmh.record.RecordBatchIterationBenchmark.measureIteratorForBatchWithSingleMessage#bufferSupplierStr=NO_CACHING&bytes=RANDOM&compressionType=NONE&maxBatchSize=2&messageSize=1000&messageVersion=1---2,OSCNN
apache__kafka#org.apache.kafka.jmh.record.RecordBatchIterationBenchmark.measureIteratorForBatchWithSingleMessage#bufferSupplierStr=NO_CACHING&bytes=RANDOM&compressionType=NONE&maxBatchSize=2&messageSize=1000&messageVersion=1---3,OSCNN
apache__kafka#org.apache.kafka.jmh.record.RecordBatchIterationBenchmark.measureIteratorForBatchWithSingleMessage#bufferSupplierStr=NO_CACHING&bytes=RANDOM&compressionType=NONE&maxBatchSize=2&messageSize=1000&messageVersion=1---4,OSCNN
apache__kafka#org.apache.kafka.jmh.record.RecordBatchIterationBenchmark.measureIteratorForBatchWithSingleMessage#bufferSupplierStr=NO_CACHING&bytes=RANDOM&compressionType=NONE&maxBatchSize=2&messageSize=1000&messageVersion=1---5,OSCNN
apache__kafka#org.apache.kafka.jmh.record.RecordBatchIterationBenchmark.measureIteratorForBatchWithSingleMessage#bufferSupplierStr=NO_CACHING&bytes=RANDOM&compressionType=NONE&maxBatchSize=2&messageSize=1000&messageVersion=1---6,OSCNN
apache__kafka#org.apache.kafka.jmh.record.RecordBatchIterationBenchmark.measureIteratorForBatchWithSingleMessage#bufferSupplierStr=NO_CACHING&bytes=RANDOM&compressionType=NONE&maxBatchSize=2&messageSize=1000&messageVersion=1---7,OSCNN
apache__kafka#org.apache.kafka.jmh.record.RecordBatchIterationBenchmark.measureIteratorForBatchWithSingleMessage#bufferSupplierStr=NO_CACHING&bytes=RANDOM&compressionType=NONE&maxBatchSize=2&messageSize=1000&messageVersion=1---8,OSCNN
apache__kafka#org.apache.kafka.jmh.record.RecordBatchIterationBenchmark.measureIteratorForBatchWithSingleMessage#bufferSupplierStr=NO_CACHING&bytes=RANDOM&compressionType=NONE&maxBatchSize=2&messageSize=1000&messageVersion=1---9,OSCNN
apache__kafka#org.apache.kafka.jmh.record.RecordBatchIterationBenchmark.measureSkipIteratorForVariableBatchSize#bufferSupplierStr=CREATE&bytes=RANDOM&compressionType=NONE&maxBatchSize=200&messageSize=10000&messageVersion=1---0,OSCNN
apache__kafka#org.apache.kafka.jmh.record.RecordBatchIterationBenchmark.measureSkipIteratorForVariableBatchSize#bufferSupplierStr=CREATE&bytes=RANDOM&compressionType=NONE&maxBatchSize=200&messageSize=10000&messageVersion=1---3,OSCNN
apache__kafka#org.apache.kafka.jmh.record.RecordBatchIterationBenchmark.measureSkipIteratorForVariableBatchSize#bufferSupplierStr=CREATE&bytes=RANDOM&compressionType=NONE&maxBatchSize=200&messageSize=10000&messageVersion=1---5,OSCNN
apache__kafka#org.apache.kafka.jmh.record.RecordBatchIterationBenchmark.measureSkipIteratorForVariableBatchSize#bufferSupplierStr=CREATE&bytes=RANDOM&compressionType=NONE&maxBatchSize=200&messageSize=10000&messageVersion=1---6,OSCNN
apache__kafka#org.apache.kafka.jmh.record.RecordBatchIterationBenchmark.measureSkipIteratorForVariableBatchSize#bufferSupplierStr=CREATE&bytes=RANDOM&compressionType=NONE&maxBatchSize=200&messageSize=10000&messageVersion=1---7,OSCNN
apache__kafka#org.apache.kafka.jmh.record.RecordBatchIterationBenchmark.measureSkipIteratorForVariableBatchSize#bufferSupplierStr=CREATE&bytes=RANDOM&compressionType=NONE&maxBatchSize=200&messageSize=10000&messageVersion=1---8,OSCNN
apache__kafka#org.apache.kafka.jmh.record.RecordBatchIterationBenchmark.measureSkipIteratorForVariableBatchSize#bufferSupplierStr=CREATE&bytes=RANDOM&compressionType=NONE&maxBatchSize=200&messageSize=10000&messageVersion=1---9,OSCNN
apache__kafka#org.apache.kafka.jmh.record.RecordBatchIterationBenchmark.measureSkipIteratorForVariableBatchSize#bufferSupplierStr=CREATE&bytes=RANDOM&compressionType=NONE&maxBatchSize=50&messageSize=100000&messageVersion=1---0,OSCNN
apache__kafka#org.apache.kafka.jmh.record.RecordBatchIterationBenchmark.measureSkipIteratorForVariableBatchSize#bufferSupplierStr=CREATE&bytes=RANDOM&compressionType=NONE&maxBatchSize=50&messageSize=100000&messageVersion=1---1,OSCNN
apache__kafka#org.apache.kafka.jmh.record.RecordBatchIterationBenchmark.measureSkipIteratorForVariableBatchSize#bufferSupplierStr=CREATE&bytes=RANDOM&compressionType=NONE&maxBatchSize=50&messageSize=100000&messageVersion=1---2,OSCNN
apache__kafka#org.apache.kafka.jmh.record.RecordBatchIterationBenchmark.measureSkipIteratorForVariableBatchSize#bufferSupplierStr=CREATE&bytes=RANDOM&compressionType=NONE&maxBatchSize=50&messageSize=100000&messageVersion=1---4,OSCNN
apache__kafka#org.apache.kafka.jmh.record.RecordBatchIterationBenchmark.measureSkipIteratorForVariableBatchSize#bufferSupplierStr=CREATE&bytes=RANDOM&compressionType=NONE&maxBatchSize=50&messageSize=100000&messageVersion=1---5,OSCNN
apache__kafka#org.apache.kafka.jmh.record.RecordBatchIterationBenchmark.measureSkipIteratorForVariableBatchSize#bufferSupplierStr=CREATE&bytes=RANDOM&compressionType=NONE&maxBatchSize=50&messageSize=100000&messageVersion=1---6,OSCNN
apache__kafka#org.apache.kafka.jmh.record.RecordBatchIterationBenchmark.measureSkipIteratorForVariableBatchSize#bufferSupplierStr=CREATE&bytes=RANDOM&compressionType=NONE&maxBatchSize=50&messageSize=100000&messageVersion=1---7,OSCNN
apache__kafka#org.apache.kafka.jmh.record.RecordBatchIterationBenchmark.measureSkipIteratorForVariableBatchSize#bufferSupplierStr=CREATE&bytes=RANDOM&compressionType=NONE&maxBatchSize=50&messageSize=100000&messageVersion=1---8,OSCNN
apache__kafka#org.apache.kafka.jmh.record.RecordBatchIterationBenchmark.measureSkipIteratorForVariableBatchSize#bufferSupplierStr=CREATE&bytes=RANDOM&compressionType=NONE&maxBatchSize=50&messageSize=100000&messageVersion=1---9,OSCNN
apache__kafka#org.apache.kafka.jmh.record.RecordBatchIterationBenchmark.measureSkipIteratorForVariableBatchSize#bufferSupplierStr=NO_CACHING&bytes=ONES&compressionType=GZIP&maxBatchSize=500&messageSize=100&messageVersion=1---0,OSCNN
apache__kafka#org.apache.kafka.jmh.record.RecordBatchIterationBenchmark.measureSkipIteratorForVariableBatchSize#bufferSupplierStr=NO_CACHING&bytes=ONES&compressionType=GZIP&maxBatchSize=500&messageSize=100&messageVersion=1---1,OSCNN
apache__kafka#org.apache.kafka.jmh.record.RecordBatchIterationBenchmark.measureSkipIteratorForVariableBatchSize#bufferSupplierStr=NO_CACHING&bytes=ONES&compressionType=GZIP&maxBatchSize=500&messageSize=100&messageVersion=1---2,OSCNN
apache__kafka#org.apache.kafka.jmh.record.RecordBatchIterationBenchmark.measureSkipIteratorForVariableBatchSize#bufferSupplierStr=NO_CACHING&bytes=ONES&compressionType=GZIP&maxBatchSize=500&messageSize=100&messageVersion=1---3,OSCNN
apache__kafka#org.apache.kafka.jmh.record.RecordBatchIterationBenchmark.measureSkipIteratorForVariableBatchSize#bufferSupplierStr=NO_CACHING&bytes=ONES&compressionType=GZIP&maxBatchSize=500&messageSize=100&messageVersion=1---4,OSCNN
apache__kafka#org.apache.kafka.jmh.record.RecordBatchIterationBenchmark.measureSkipIteratorForVariableBatchSize#bufferSupplierStr=NO_CACHING&bytes=ONES&compressionType=GZIP&maxBatchSize=500&messageSize=100&messageVersion=1---5,OSCNN
apache__kafka#org.apache.kafka.jmh.record.RecordBatchIterationBenchmark.measureSkipIteratorForVariableBatchSize#bufferSupplierStr=NO_CACHING&bytes=ONES&compressionType=GZIP&maxBatchSize=500&messageSize=100&messageVersion=1---6,OSCNN
apache__kafka#org.apache.kafka.jmh.record.RecordBatchIterationBenchmark.measureSkipIteratorForVariableBatchSize#bufferSupplierStr=NO_CACHING&bytes=ONES&compressionType=GZIP&maxBatchSize=500&messageSize=100&messageVersion=1---7,OSCNN
apache__kafka#org.apache.kafka.jmh.record.RecordBatchIterationBenchmark.measureSkipIteratorForVariableBatchSize#bufferSupplierStr=NO_CACHING&bytes=ONES&compressionType=GZIP&maxBatchSize=500&messageSize=100&messageVersion=1---8,OSCNN
apache__kafka#org.apache.kafka.jmh.record.RecordBatchIterationBenchmark.measureSkipIteratorForVariableBatchSize#bufferSupplierStr=NO_CACHING&bytes=ONES&compressionType=GZIP&maxBatchSize=500&messageSize=100&messageVersion=1---9,OSCNN
apache__kafka#org.apache.kafka.jmh.record.RecordBatchIterationBenchmark.measureSkipIteratorForVariableBatchSize#bufferSupplierStr=NO_CACHING&bytes=RANDOM&compressionType=GZIP&maxBatchSize=50&messageSize=1000&messageVersion=2---0,Rocket
apache__kafka#org.apache.kafka.jmh.record.RecordBatchIterationBenchmark.measureSkipIteratorForVariableBatchSize#bufferSupplierStr=NO_CACHING&bytes=RANDOM&compressionType=GZIP&maxBatchSize=50&messageSize=1000&messageVersion=2---1,Rocket
apache__kafka#org.apache.kafka.jmh.record.RecordBatchIterationBenchmark.measureSkipIteratorForVariableBatchSize#bufferSupplierStr=NO_CACHING&bytes=RANDOM&compressionType=GZIP&maxBatchSize=50&messageSize=1000&messageVersion=2---2,Rocket
apache__kafka#org.apache.kafka.jmh.record.RecordBatchIterationBenchmark.measureSkipIteratorForVariableBatchSize#bufferSupplierStr=NO_CACHING&bytes=RANDOM&compressionType=GZIP&maxBatchSize=50&messageSize=1000&messageVersion=2---3,OSCNN
apache__kafka#org.apache.kafka.jmh.record.RecordBatchIterationBenchmark.measureSkipIteratorForVariableBatchSize#bufferSupplierStr=NO_CACHING&bytes=RANDOM&compressionType=GZIP&maxBatchSize=50&messageSize=1000&messageVersion=2---4,Rocket
apache__kafka#org.apache.kafka.jmh.record.RecordBatchIterationBenchmark.measureSkipIteratorForVariableBatchSize#bufferSupplierStr=NO_CACHING&bytes=RANDOM&compressionType=GZIP&maxBatchSize=50&messageSize=1000&messageVersion=2---5,Rocket
apache__kafka#org.apache.kafka.jmh.record.RecordBatchIterationBenchmark.measureSkipIteratorForVariableBatchSize#bufferSupplierStr=NO_CACHING&bytes=RANDOM&compressionType=GZIP&maxBatchSize=50&messageSize=1000&messageVersion=2---6,Rocket
apache__kafka#org.apache.kafka.jmh.record.RecordBatchIterationBenchmark.measureSkipIteratorForVariableBatchSize#bufferSupplierStr=NO_CACHING&bytes=RANDOM&compressionType=GZIP&maxBatchSize=50&messageSize=1000&messageVersion=2---7,Rocket
apache__kafka#org.apache.kafka.jmh.record.RecordBatchIterationBenchmark.measureSkipIteratorForVariableBatchSize#bufferSupplierStr=NO_CACHING&bytes=RANDOM&compressionType=GZIP&maxBatchSize=50&messageSize=1000&messageVersion=2---8,Rocket
apache__kafka#org.apache.kafka.jmh.record.RecordBatchIterationBenchmark.measureSkipIteratorForVariableBatchSize#bufferSupplierStr=NO_CACHING&bytes=RANDOM&compressionType=GZIP&maxBatchSize=50&messageSize=1000&messageVersion=2---9,Rocket
apache__kafka#org.apache.kafka.jmh.record.RecordBatchIterationBenchmark.measureSkipIteratorForVariableBatchSize#bufferSupplierStr=NO_CACHING&bytes=RANDOM&compressionType=GZIP&maxBatchSize=50&messageSize=100000&messageVersion=1---0,OSCNN
apache__kafka#org.apache.kafka.jmh.record.RecordBatchIterationBenchmark.measureSkipIteratorForVariableBatchSize#bufferSupplierStr=NO_CACHING&bytes=RANDOM&compressionType=GZIP&maxBatchSize=50&messageSize=100000&messageVersion=1---1,OSCNN
apache__kafka#org.apache.kafka.jmh.record.RecordBatchIterationBenchmark.measureSkipIteratorForVariableBatchSize#bufferSupplierStr=NO_CACHING&bytes=RANDOM&compressionType=GZIP&maxBatchSize=50&messageSize=100000&messageVersion=1---2,OSCNN
apache__kafka#org.apache.kafka.jmh.record.RecordBatchIterationBenchmark.measureSkipIteratorForVariableBatchSize#bufferSupplierStr=NO_CACHING&bytes=RANDOM&compressionType=GZIP&maxBatchSize=50&messageSize=100000&messageVersion=1---3,OSCNN
apache__kafka#org.apache.kafka.jmh.record.RecordBatchIterationBenchmark.measureSkipIteratorForVariableBatchSize#bufferSupplierStr=NO_CACHING&bytes=RANDOM&compressionType=GZIP&maxBatchSize=50&messageSize=100000&messageVersion=1---4,OSCNN
apache__kafka#org.apache.kafka.jmh.record.RecordBatchIterationBenchmark.measureSkipIteratorForVariableBatchSize#bufferSupplierStr=NO_CACHING&bytes=RANDOM&compressionType=GZIP&maxBatchSize=50&messageSize=100000&messageVersion=1---6,OSCNN
apache__kafka#org.apache.kafka.jmh.record.RecordBatchIterationBenchmark.measureSkipIteratorForVariableBatchSize#bufferSupplierStr=NO_CACHING&bytes=RANDOM&compressionType=GZIP&maxBatchSize=50&messageSize=100000&messageVersion=1---7,OSCNN
apache__kafka#org.apache.kafka.jmh.record.RecordBatchIterationBenchmark.measureSkipIteratorForVariableBatchSize#bufferSupplierStr=NO_CACHING&bytes=RANDOM&compressionType=GZIP&maxBatchSize=50&messageSize=100000&messageVersion=1---8,OSCNN
apache__kafka#org.apache.kafka.jmh.record.RecordBatchIterationBenchmark.measureSkipIteratorForVariableBatchSize#bufferSupplierStr=NO_CACHING&bytes=RANDOM&compressionType=GZIP&maxBatchSize=50&messageSize=100000&messageVersion=1---9,OSCNN
apache__kafka#org.apache.kafka.jmh.record.RecordBatchIterationBenchmark.measureSkipIteratorForVariableBatchSize#bufferSupplierStr=NO_CACHING&bytes=RANDOM&compressionType=SNAPPY&maxBatchSize=10&messageSize=100000&messageVersion=2---0,OSCNN
apache__kafka#org.apache.kafka.jmh.record.RecordBatchIterationBenchmark.measureSkipIteratorForVariableBatchSize#bufferSupplierStr=NO_CACHING&bytes=RANDOM&compressionType=SNAPPY&maxBatchSize=10&messageSize=100000&messageVersion=2---1,OSCNN
apache__kafka#org.apache.kafka.jmh.record.RecordBatchIterationBenchmark.measureSkipIteratorForVariableBatchSize#bufferSupplierStr=NO_CACHING&bytes=RANDOM&compressionType=SNAPPY&maxBatchSize=10&messageSize=100000&messageVersion=2---2,Rocket
apache__kafka#org.apache.kafka.jmh.record.RecordBatchIterationBenchmark.measureSkipIteratorForVariableBatchSize#bufferSupplierStr=NO_CACHING&bytes=RANDOM&compressionType=SNAPPY&maxBatchSize=10&messageSize=100000&messageVersion=2---3,OSCNN
apache__kafka#org.apache.kafka.jmh.record.RecordBatchIterationBenchmark.measureSkipIteratorForVariableBatchSize#bufferSupplierStr=NO_CACHING&bytes=RANDOM&compressionType=SNAPPY&maxBatchSize=10&messageSize=100000&messageVersion=2---4,OSCNN
apache__kafka#org.apache.kafka.jmh.record.RecordBatchIterationBenchmark.measureSkipIteratorForVariableBatchSize#bufferSupplierStr=NO_CACHING&bytes=RANDOM&compressionType=SNAPPY&maxBatchSize=10&messageSize=100000&messageVersion=2---5,OSCNN
apache__kafka#org.apache.kafka.jmh.record.RecordBatchIterationBenchmark.measureSkipIteratorForVariableBatchSize#bufferSupplierStr=NO_CACHING&bytes=RANDOM&compressionType=SNAPPY&maxBatchSize=10&messageSize=100000&messageVersion=2---7,OSCNN
apache__kafka#org.apache.kafka.jmh.record.RecordBatchIterationBenchmark.measureSkipIteratorForVariableBatchSize#bufferSupplierStr=NO_CACHING&bytes=RANDOM&compressionType=SNAPPY&maxBatchSize=10&messageSize=100000&messageVersion=2---8,OSCNN
apache__kafka#org.apache.kafka.jmh.record.RecordBatchIterationBenchmark.measureSkipIteratorForVariableBatchSize#bufferSupplierStr=NO_CACHING&bytes=RANDOM&compressionType=SNAPPY&maxBatchSize=10&messageSize=100000&messageVersion=2---9,OSCNN
apache__kafka#org.apache.kafka.jmh.record.RecordBatchIterationBenchmark.measureStreamingIteratorForVariableBatchSize#bufferSupplierStr=CREATE&bytes=ONES&compressionType=ZSTD&maxBatchSize=200&messageSize=10000&messageVersion=2---6,OSCNN
apache__kafka#org.apache.kafka.jmh.record.RecordBatchIterationBenchmark.measureStreamingIteratorForVariableBatchSize#bufferSupplierStr=CREATE&bytes=ONES&compressionType=ZSTD&maxBatchSize=200&messageSize=10000&messageVersion=2---7,OSCNN
apache__kafka#org.apache.kafka.jmh.record.RecordBatchIterationBenchmark.measureStreamingIteratorForVariableBatchSize#bufferSupplierStr=CREATE&bytes=ONES&compressionType=ZSTD&maxBatchSize=200&messageSize=10000&messageVersion=2---9,OSCNN
apache__kafka#org.apache.kafka.jmh.record.RecordBatchIterationBenchmark.measureStreamingIteratorForVariableBatchSize#bufferSupplierStr=CREATE&bytes=RANDOM&compressionType=GZIP&maxBatchSize=10&messageSize=100000&messageVersion=1---0,OSCNN
apache__kafka#org.apache.kafka.jmh.record.RecordBatchIterationBenchmark.measureStreamingIteratorForVariableBatchSize#bufferSupplierStr=CREATE&bytes=RANDOM&compressionType=GZIP&maxBatchSize=10&messageSize=100000&messageVersion=1---1,OSCNN
apache__kafka#org.apache.kafka.jmh.record.RecordBatchIterationBenchmark.measureStreamingIteratorForVariableBatchSize#bufferSupplierStr=CREATE&bytes=RANDOM&compressionType=GZIP&maxBatchSize=10&messageSize=100000&messageVersion=1---2,OSCNN
apache__kafka#org.apache.kafka.jmh.record.RecordBatchIterationBenchmark.measureStreamingIteratorForVariableBatchSize#bufferSupplierStr=CREATE&bytes=RANDOM&compressionType=GZIP&maxBatchSize=10&messageSize=100000&messageVersion=1---3,OSCNN
apache__kafka#org.apache.kafka.jmh.record.RecordBatchIterationBenchmark.measureStreamingIteratorForVariableBatchSize#bufferSupplierStr=CREATE&bytes=RANDOM&compressionType=GZIP&maxBatchSize=10&messageSize=100000&messageVersion=1---4,OSCNN
apache__kafka#org.apache.kafka.jmh.record.RecordBatchIterationBenchmark.measureStreamingIteratorForVariableBatchSize#bufferSupplierStr=CREATE&bytes=RANDOM&compressionType=GZIP&maxBatchSize=10&messageSize=100000&messageVersion=1---6,OSCNN
apache__kafka#org.apache.kafka.jmh.record.RecordBatchIterationBenchmark.measureStreamingIteratorForVariableBatchSize#bufferSupplierStr=CREATE&bytes=RANDOM&compressionType=GZIP&maxBatchSize=10&messageSize=100000&messageVersion=1---8,OSCNN
apache__kafka#org.apache.kafka.jmh.record.RecordBatchIterationBenchmark.measureStreamingIteratorForVariableBatchSize#bufferSupplierStr=CREATE&bytes=RANDOM&compressionType=GZIP&maxBatchSize=10&messageSize=100000&messageVersion=1---9,OSCNN
apache__kafka#org.apache.kafka.jmh.record.RecordBatchIterationBenchmark.measureStreamingIteratorForVariableBatchSize#bufferSupplierStr=CREATE&bytes=RANDOM&compressionType=LZ4&maxBatchSize=1&messageSize=100&messageVersion=1---0,OSCNN
apache__kafka#org.apache.kafka.jmh.record.RecordBatchIterationBenchmark.measureStreamingIteratorForVariableBatchSize#bufferSupplierStr=CREATE&bytes=RANDOM&compressionType=LZ4&maxBatchSize=1&messageSize=100&messageVersion=1---3,OSCNN
apache__kafka#org.apache.kafka.jmh.record.RecordBatchIterationBenchmark.measureStreamingIteratorForVariableBatchSize#bufferSupplierStr=CREATE&bytes=RANDOM&compressionType=LZ4&maxBatchSize=1&messageSize=100&messageVersion=1---4,OSCNN
apache__kafka#org.apache.kafka.jmh.record.RecordBatchIterationBenchmark.measureStreamingIteratorForVariableBatchSize#bufferSupplierStr=CREATE&bytes=RANDOM&compressionType=LZ4&maxBatchSize=1&messageSize=100&messageVersion=1---6,OSCNN
apache__kafka#org.apache.kafka.jmh.record.RecordBatchIterationBenchmark.measureStreamingIteratorForVariableBatchSize#bufferSupplierStr=CREATE&bytes=RANDOM&compressionType=LZ4&maxBatchSize=1&messageSize=100&messageVersion=1---7,OSCNN
apache__kafka#org.apache.kafka.jmh.record.RecordBatchIterationBenchmark.measureStreamingIteratorForVariableBatchSize#bufferSupplierStr=CREATE&bytes=RANDOM&compressionType=NONE&maxBatchSize=50&messageSize=1000&messageVersion=1---0,OSCNN
apache__kafka#org.apache.kafka.jmh.record.RecordBatchIterationBenchmark.measureStreamingIteratorForVariableBatchSize#bufferSupplierStr=CREATE&bytes=RANDOM&compressionType=NONE&maxBatchSize=50&messageSize=1000&messageVersion=1---1,OSCNN
apache__kafka#org.apache.kafka.jmh.record.RecordBatchIterationBenchmark.measureStreamingIteratorForVariableBatchSize#bufferSupplierStr=CREATE&bytes=RANDOM&compressionType=NONE&maxBatchSize=50&messageSize=1000&messageVersion=1---3,OSCNN
apache__kafka#org.apache.kafka.jmh.record.RecordBatchIterationBenchmark.measureStreamingIteratorForVariableBatchSize#bufferSupplierStr=CREATE&bytes=RANDOM&compressionType=NONE&maxBatchSize=50&messageSize=1000&messageVersion=1---5,OSCNN
apache__kafka#org.apache.kafka.jmh.record.RecordBatchIterationBenchmark.measureStreamingIteratorForVariableBatchSize#bufferSupplierStr=CREATE&bytes=RANDOM&compressionType=NONE&maxBatchSize=50&messageSize=1000&messageVersion=1---7,OSCNN
apache__kafka#org.apache.kafka.jmh.record.RecordBatchIterationBenchmark.measureStreamingIteratorForVariableBatchSize#bufferSupplierStr=CREATE&bytes=RANDOM&compressionType=NONE&maxBatchSize=50&messageSize=1000&messageVersion=1---8,OSCNN
apache__kafka#org.apache.kafka.jmh.record.RecordBatchIterationBenchmark.measureStreamingIteratorForVariableBatchSize#bufferSupplierStr=CREATE&bytes=RANDOM&compressionType=NONE&maxBatchSize=50&messageSize=1000&messageVersion=1---9,OSCNN
apache__kafka#org.apache.kafka.jmh.record.RecordBatchIterationBenchmark.measureStreamingIteratorForVariableBatchSize#bufferSupplierStr=CREATE&bytes=RANDOM&compressionType=SNAPPY&maxBatchSize=2&messageSize=100&messageVersion=1---0,OSCNN
apache__kafka#org.apache.kafka.jmh.record.RecordBatchIterationBenchmark.measureStreamingIteratorForVariableBatchSize#bufferSupplierStr=CREATE&bytes=RANDOM&compressionType=SNAPPY&maxBatchSize=2&messageSize=100&messageVersion=1---1,OSCNN
apache__kafka#org.apache.kafka.jmh.record.RecordBatchIterationBenchmark.measureStreamingIteratorForVariableBatchSize#bufferSupplierStr=CREATE&bytes=RANDOM&compressionType=SNAPPY&maxBatchSize=2&messageSize=100&messageVersion=1---2,OSCNN
apache__kafka#org.apache.kafka.jmh.record.RecordBatchIterationBenchmark.measureStreamingIteratorForVariableBatchSize#bufferSupplierStr=CREATE&bytes=RANDOM&compressionType=SNAPPY&maxBatchSize=2&messageSize=100&messageVersion=1---3,OSCNN
apache__kafka#org.apache.kafka.jmh.record.RecordBatchIterationBenchmark.measureStreamingIteratorForVariableBatchSize#bufferSupplierStr=CREATE&bytes=RANDOM&compressionType=SNAPPY&maxBatchSize=2&messageSize=100&messageVersion=1---5,OSCNN
apache__kafka#org.apache.kafka.jmh.record.RecordBatchIterationBenchmark.measureStreamingIteratorForVariableBatchSize#bufferSupplierStr=CREATE&bytes=RANDOM&compressionType=SNAPPY&maxBatchSize=2&messageSize=100&messageVersion=1---8,OSCNN
apache__kafka#org.apache.kafka.jmh.record.RecordBatchIterationBenchmark.measureStreamingIteratorForVariableBatchSize#bufferSupplierStr=CREATE&bytes=RANDOM&compressionType=SNAPPY&maxBatchSize=2&messageSize=100&messageVersion=1---9,OSCNN
apache__kafka#org.apache.kafka.jmh.record.RecordBatchIterationBenchmark.measureStreamingIteratorForVariableBatchSize#bufferSupplierStr=NO_CACHING&bytes=ONES&compressionType=LZ4&maxBatchSize=500&messageSize=1000&messageVersion=2---0,OSCNN
apache__kafka#org.apache.kafka.jmh.record.RecordBatchIterationBenchmark.measureStreamingIteratorForVariableBatchSize#bufferSupplierStr=NO_CACHING&bytes=ONES&compressionType=LZ4&maxBatchSize=500&messageSize=1000&messageVersion=2---1,OSCNN
apache__kafka#org.apache.kafka.jmh.record.RecordBatchIterationBenchmark.measureStreamingIteratorForVariableBatchSize#bufferSupplierStr=NO_CACHING&bytes=ONES&compressionType=LZ4&maxBatchSize=500&messageSize=1000&messageVersion=2---2,OSCNN
apache__kafka#org.apache.kafka.jmh.record.RecordBatchIterationBenchmark.measureStreamingIteratorForVariableBatchSize#bufferSupplierStr=NO_CACHING&bytes=ONES&compressionType=LZ4&maxBatchSize=500&messageSize=1000&messageVersion=2---3,OSCNN
apache__kafka#org.apache.kafka.jmh.record.RecordBatchIterationBenchmark.measureStreamingIteratorForVariableBatchSize#bufferSupplierStr=NO_CACHING&bytes=ONES&compressionType=LZ4&maxBatchSize=500&messageSize=1000&messageVersion=2---4,OSCNN
apache__kafka#org.apache.kafka.jmh.record.RecordBatchIterationBenchmark.measureStreamingIteratorForVariableBatchSize#bufferSupplierStr=NO_CACHING&bytes=ONES&compressionType=LZ4&maxBatchSize=500&messageSize=1000&messageVersion=2---5,OSCNN
apache__kafka#org.apache.kafka.jmh.record.RecordBatchIterationBenchmark.measureStreamingIteratorForVariableBatchSize#bufferSupplierStr=NO_CACHING&bytes=ONES&compressionType=LZ4&maxBatchSize=500&messageSize=1000&messageVersion=2---6,OSCNN
apache__kafka#org.apache.kafka.jmh.record.RecordBatchIterationBenchmark.measureStreamingIteratorForVariableBatchSize#bufferSupplierStr=NO_CACHING&bytes=ONES&compressionType=LZ4&maxBatchSize=500&messageSize=1000&messageVersion=2---8,OSCNN
apache__kafka#org.apache.kafka.jmh.record.RecordBatchIterationBenchmark.measureStreamingIteratorForVariableBatchSize#bufferSupplierStr=NO_CACHING&bytes=ONES&compressionType=SNAPPY&maxBatchSize=10&messageSize=1000&messageVersion=2---0,OSCNN
apache__kafka#org.apache.kafka.jmh.record.RecordBatchIterationBenchmark.measureStreamingIteratorForVariableBatchSize#bufferSupplierStr=NO_CACHING&bytes=ONES&compressionType=SNAPPY&maxBatchSize=10&messageSize=1000&messageVersion=2---1,OSCNN
apache__kafka#org.apache.kafka.jmh.record.RecordBatchIterationBenchmark.measureStreamingIteratorForVariableBatchSize#bufferSupplierStr=NO_CACHING&bytes=ONES&compressionType=SNAPPY&maxBatchSize=10&messageSize=1000&messageVersion=2---3,OSCNN
apache__kafka#org.apache.kafka.jmh.record.RecordBatchIterationBenchmark.measureStreamingIteratorForVariableBatchSize#bufferSupplierStr=NO_CACHING&bytes=ONES&compressionType=SNAPPY&maxBatchSize=10&messageSize=1000&messageVersion=2---4,OSCNN
apache__kafka#org.apache.kafka.jmh.record.RecordBatchIterationBenchmark.measureStreamingIteratorForVariableBatchSize#bufferSupplierStr=NO_CACHING&bytes=ONES&compressionType=SNAPPY&maxBatchSize=10&messageSize=1000&messageVersion=2---6,OSCNN
apache__kafka#org.apache.kafka.jmh.record.RecordBatchIterationBenchmark.measureStreamingIteratorForVariableBatchSize#bufferSupplierStr=NO_CACHING&bytes=ONES&compressionType=SNAPPY&maxBatchSize=10&messageSize=1000&messageVersion=2---7,OSCNN
apache__logging-log4j2#org.apache.logging.log4j.layout.template.json.JsonTemplateLayoutBenchmark.fullCustomJsonLayout#---0,OSCNN
apache__logging-log4j2#org.apache.logging.log4j.layout.template.json.JsonTemplateLayoutBenchmark.fullCustomJsonLayout#---2,OSCNN
apache__logging-log4j2#org.apache.logging.log4j.layout.template.json.JsonTemplateLayoutBenchmark.fullCustomJsonLayout#---3,OSCNN
apache__logging-log4j2#org.apache.logging.log4j.layout.template.json.JsonTemplateLayoutBenchmark.fullCustomJsonLayout#---4,OSCNN
apache__logging-log4j2#org.apache.logging.log4j.layout.template.json.JsonTemplateLayoutBenchmark.fullCustomJsonLayout#---5,OSCNN
apache__logging-log4j2#org.apache.logging.log4j.layout.template.json.JsonTemplateLayoutBenchmark.fullCustomJsonLayout#---6,Rocket
apache__logging-log4j2#org.apache.logging.log4j.layout.template.json.JsonTemplateLayoutBenchmark.fullCustomJsonLayout#---7,Rocket
apache__logging-log4j2#org.apache.logging.log4j.layout.template.json.JsonTemplateLayoutBenchmark.fullCustomJsonLayout#---8,Rocket
apache__logging-log4j2#org.apache.logging.log4j.layout.template.json.JsonTemplateLayoutBenchmark.fullCustomJsonLayout#---9,Rocket
apache__logging-log4j2#org.apache.logging.log4j.layout.template.json.JsonTemplateLayoutBenchmark.liteCustomJsonLayout#---0,OSCNN
apache__logging-log4j2#org.apache.logging.log4j.layout.template.json.JsonTemplateLayoutBenchmark.liteCustomJsonLayout#---1,OSCNN
apache__logging-log4j2#org.apache.logging.log4j.layout.template.json.JsonTemplateLayoutBenchmark.liteCustomJsonLayout#---2,OSCNN
apache__logging-log4j2#org.apache.logging.log4j.layout.template.json.JsonTemplateLayoutBenchmark.liteCustomJsonLayout#---3,OSCNN
apache__logging-log4j2#org.apache.logging.log4j.layout.template.json.JsonTemplateLayoutBenchmark.liteCustomJsonLayout#---4,OSCNN
apache__logging-log4j2#org.apache.logging.log4j.layout.template.json.JsonTemplateLayoutBenchmark.liteCustomJsonLayout#---5,OSCNN
apache__logging-log4j2#org.apache.logging.log4j.layout.template.json.JsonTemplateLayoutBenchmark.liteCustomJsonLayout#---7,OSCNN
apache__logging-log4j2#org.apache.logging.log4j.layout.template.json.JsonTemplateLayoutBenchmark.liteCustomJsonLayout#---8,OSCNN
apache__logging-log4j2#org.apache.logging.log4j.layout.template.json.JsonTemplateLayoutBenchmark.liteCustomJsonLayout#---9,OSCNN
apache__logging-log4j2#org.apache.logging.log4j.layout.template.json.JsonTemplateLayoutBenchmark.liteJsonTemplateLayout4JsonLayout#---0,OSCNN
apache__logging-log4j2#org.apache.logging.log4j.layout.template.json.JsonTemplateLayoutBenchmark.liteJsonTemplateLayout4JsonLayout#---1,OSCNN
apache__logging-log4j2#org.apache.logging.log4j.layout.template.json.JsonTemplateLayoutBenchmark.liteJsonTemplateLayout4JsonLayout#---2,OSCNN
apache__logging-log4j2#org.apache.logging.log4j.layout.template.json.JsonTemplateLayoutBenchmark.liteJsonTemplateLayout4JsonLayout#---3,OSCNN
apache__logging-log4j2#org.apache.logging.log4j.layout.template.json.JsonTemplateLayoutBenchmark.liteJsonTemplateLayout4JsonLayout#---4,OSCNN
apache__logging-log4j2#org.apache.logging.log4j.layout.template.json.JsonTemplateLayoutBenchmark.liteJsonTemplateLayout4JsonLayout#---5,OSCNN
apache__logging-log4j2#org.apache.logging.log4j.layout.template.json.JsonTemplateLayoutBenchmark.liteJsonTemplateLayout4JsonLayout#---6,OSCNN
apache__logging-log4j2#org.apache.logging.log4j.layout.template.json.JsonTemplateLayoutBenchmark.liteJsonTemplateLayout4JsonLayout#---7,Rocket
apache__logging-log4j2#org.apache.logging.log4j.layout.template.json.JsonTemplateLayoutBenchmark.liteJsonTemplateLayout4JsonLayout#---8,OSCNN
apache__logging-log4j2#org.apache.logging.log4j.layout.template.json.JsonTemplateLayoutBenchmark.liteJsonTemplateLayout4JsonLayout#---9,OSCNN
apache__logging-log4j2#org.apache.logging.log4j.perf.jmh.AsyncAppenderLog4j1Benchmark.throughput11Params#---0,OSCNN
apache__logging-log4j2#org.apache.logging.log4j.perf.jmh.AsyncAppenderLog4j1Benchmark.throughput11Params#---1,OSCNN
apache__logging-log4j2#org.apache.logging.log4j.perf.jmh.AsyncAppenderLog4j1Benchmark.throughput11Params#---6,OSCNN
apache__logging-log4j2#org.apache.logging.log4j.perf.jmh.AsyncAppenderLog4j1Benchmark.throughput11Params#---8,OSCNN
apache__logging-log4j2#org.apache.logging.log4j.perf.jmh.AsyncAppenderLog4j1Benchmark.throughput11Params#---9,OSCNN
apache__logging-log4j2#org.apache.logging.log4j.perf.jmh.AsyncAppenderLog4j2Benchmark.throughput5Params#configFileName=perf5AsyncApndMpscQNoLoc-noOpAppender.xml---0,OSCNN
apache__logging-log4j2#org.apache.logging.log4j.perf.jmh.AsyncAppenderLog4j2Benchmark.throughput5Params#configFileName=perf5AsyncApndMpscQNoLoc-noOpAppender.xml---1,OSCNN
apache__logging-log4j2#org.apache.logging.log4j.perf.jmh.AsyncAppenderLog4j2Benchmark.throughput5Params#configFileName=perf5AsyncApndMpscQNoLoc-noOpAppender.xml---2,OSCNN
apache__logging-log4j2#org.apache.logging.log4j.perf.jmh.AsyncAppenderLog4j2Benchmark.throughput5Params#configFileName=perf5AsyncApndMpscQNoLoc-noOpAppender.xml---3,OSCNN
apache__logging-log4j2#org.apache.logging.log4j.perf.jmh.AsyncAppenderLog4j2Benchmark.throughput5Params#configFileName=perf5AsyncApndMpscQNoLoc-noOpAppender.xml---4,OSCNN
apache__logging-log4j2#org.apache.logging.log4j.perf.jmh.AsyncAppenderLog4j2Benchmark.throughput5Params#configFileName=perf5AsyncApndMpscQNoLoc-noOpAppender.xml---5,OSCNN
apache__logging-log4j2#org.apache.logging.log4j.perf.jmh.AsyncAppenderLog4j2Benchmark.throughput5Params#configFileName=perf5AsyncApndMpscQNoLoc-noOpAppender.xml---6,OSCNN
apache__logging-log4j2#org.apache.logging.log4j.perf.jmh.AsyncAppenderLog4j2Benchmark.throughput5Params#configFileName=perf5AsyncApndMpscQNoLoc-noOpAppender.xml---7,OSCNN
apache__logging-log4j2#org.apache.logging.log4j.perf.jmh.AsyncAppenderLog4j2Benchmark.throughput5Params#configFileName=perf5AsyncApndMpscQNoLoc-noOpAppender.xml---8,OSCNN
apache__logging-log4j2#org.apache.logging.log4j.perf.jmh.AsyncAppenderLog4j2Benchmark.throughput5Params#configFileName=perf5AsyncApndMpscQNoLoc-noOpAppender.xml---9,OSCNN
apache__logging-log4j2#org.apache.logging.log4j.perf.jmh.AsyncAppenderLog4j2LocationBenchmark.throughputSimple#configFileName=perf5AsyncApndMpscQWithLoc-noOpAppender.xml---1,OSCNN
apache__logging-log4j2#org.apache.logging.log4j.perf.jmh.AsyncAppenderLog4j2LocationBenchmark.throughputSimple#configFileName=perf5AsyncApndMpscQWithLoc-noOpAppender.xml---2,OSCNN
apache__logging-log4j2#org.apache.logging.log4j.perf.jmh.AsyncAppenderLog4j2LocationBenchmark.throughputSimple#configFileName=perf5AsyncApndMpscQWithLoc-noOpAppender.xml---3,OSCNN
apache__logging-log4j2#org.apache.logging.log4j.perf.jmh.AsyncAppenderLog4j2LocationBenchmark.throughputSimple#configFileName=perf5AsyncApndMpscQWithLoc-noOpAppender.xml---4,OSCNN
apache__logging-log4j2#org.apache.logging.log4j.perf.jmh.AsyncAppenderLog4j2LocationBenchmark.throughputSimple#configFileName=perf5AsyncApndMpscQWithLoc-noOpAppender.xml---6,OSCNN
apache__logging-log4j2#org.apache.logging.log4j.perf.jmh.AsyncAppenderLog4j2LocationBenchmark.throughputSimple#configFileName=perf5AsyncApndMpscQWithLoc-noOpAppender.xml---8,OSCNN
apache__logging-log4j2#org.apache.logging.log4j.perf.jmh.AsyncAppenderLog4j2LocationBenchmark.throughputSimple#configFileName=perf5AsyncApndMpscQWithLoc-noOpAppender.xml---9,OSCNN
apache__logging-log4j2#org.apache.logging.log4j.perf.jmh.AsyncAppenderLogbackBenchmark.throughput7Params#---0,OSCNN
apache__logging-log4j2#org.apache.logging.log4j.perf.jmh.AsyncAppenderLogbackBenchmark.throughput7Params#---1,OSCNN
apache__logging-log4j2#org.apache.logging.log4j.perf.jmh.AsyncAppenderLogbackBenchmark.throughput7Params#---2,OSCNN
apache__logging-log4j2#org.apache.logging.log4j.perf.jmh.AsyncAppenderLogbackBenchmark.throughput7Params#---3,OSCNN
apache__logging-log4j2#org.apache.logging.log4j.perf.jmh.AsyncAppenderLogbackBenchmark.throughput7Params#---4,OSCNN
apache__logging-log4j2#org.apache.logging.log4j.perf.jmh.AsyncAppenderLogbackBenchmark.throughput7Params#---5,OSCNN
apache__logging-log4j2#org.apache.logging.log4j.perf.jmh.AsyncAppenderLogbackBenchmark.throughput7Params#---8,OSCNN
apache__logging-log4j2#org.apache.logging.log4j.perf.jmh.AsyncAppenderLogbackBenchmark.throughput7Params#---9,OSCNN
apache__logging-log4j2#org.apache.logging.log4j.perf.jmh.AsyncLoggersBenchmark.throughput2Params#---0,OSCNN
apache__logging-log4j2#org.apache.logging.log4j.perf.jmh.AsyncLoggersBenchmark.throughput2Params#---2,OSCNN
apache__logging-log4j2#org.apache.logging.log4j.perf.jmh.AsyncLoggersBenchmark.throughput2Params#---4,OSCNN
apache__logging-log4j2#org.apache.logging.log4j.perf.jmh.AsyncLoggersBenchmark.throughput2Params#---5,OSCNN
apache__logging-log4j2#org.apache.logging.log4j.perf.jmh.AsyncLoggersBenchmark.throughput2Params#---6,OSCNN
apache__logging-log4j2#org.apache.logging.log4j.perf.jmh.AsyncLoggersBenchmark.throughput2Params#---9,OSCNN
apache__logging-log4j2#org.apache.logging.log4j.perf.jmh.AsyncLoggersBenchmark.throughput9Params#---0,OSCNN
apache__logging-log4j2#org.apache.logging.log4j.perf.jmh.AsyncLoggersBenchmark.throughput9Params#---2,OSCNN
apache__logging-log4j2#org.apache.logging.log4j.perf.jmh.AsyncLoggersBenchmark.throughput9Params#---3,OSCNN
apache__logging-log4j2#org.apache.logging.log4j.perf.jmh.AsyncLoggersBenchmark.throughput9Params#---5,OSCNN
apache__logging-log4j2#org.apache.logging.log4j.perf.jmh.AsyncLoggersBenchmark.throughput9Params#---6,OSCNN
apache__logging-log4j2#org.apache.logging.log4j.perf.jmh.AsyncLoggersBenchmark.throughput9Params#---7,OSCNN
apache__logging-log4j2#org.apache.logging.log4j.perf.jmh.AsyncLoggersBenchmark.throughput9Params#---8,OSCNN
apache__logging-log4j2#org.apache.logging.log4j.perf.jmh.ClocksBenchmark.oldCachedClock#---1,Rocket
apache__logging-log4j2#org.apache.logging.log4j.perf.jmh.ClocksBenchmark.oldCachedClock#---2,Rocket
apache__logging-log4j2#org.apache.logging.log4j.perf.jmh.ClocksBenchmark.oldCachedClock#---6,Rocket
apache__logging-log4j2#org.apache.logging.log4j.perf.jmh.ClocksBenchmark.oldCachedClock#---7,Rocket
apache__logging-log4j2#org.apache.logging.log4j.perf.jmh.ClocksBenchmark.oldCachedClock#---8,Rocket
apache__logging-log4j2#org.apache.logging.log4j.perf.jmh.DebugDisabledBenchmark.log4jClassicDebugStringConcatenation#---0,OSCNN
apache__logging-log4j2#org.apache.logging.log4j.perf.jmh.DebugDisabledBenchmark.log4jClassicDebugStringConcatenation#---2,OSCNN
apache__logging-log4j2#org.apache.logging.log4j.perf.jmh.DebugDisabledBenchmark.log4jClassicDebugStringConcatenation#---3,OSCNN
apache__logging-log4j2#org.apache.logging.log4j.perf.jmh.DebugDisabledBenchmark.log4jClassicDebugStringConcatenation#---4,OSCNN
apache__logging-log4j2#org.apache.logging.log4j.perf.jmh.DebugDisabledBenchmark.log4jClassicDebugStringConcatenation#---5,OSCNN
apache__logging-log4j2#org.apache.logging.log4j.perf.jmh.DebugDisabledBenchmark.log4jClassicDebugStringConcatenation#---6,OSCNN
apache__logging-log4j2#org.apache.logging.log4j.perf.jmh.DebugDisabledBenchmark.log4jClassicDebugStringConcatenation#---7,OSCNN
apache__logging-log4j2#org.apache.logging.log4j.perf.jmh.DebugDisabledBenchmark.log4jClassicDebugStringConcatenation#---8,OSCNN
apache__logging-log4j2#org.apache.logging.log4j.perf.jmh.FileAppenderThrowableBenchmark.simpleThrowable#loggingConfiguration=LOG4J2_THROWABLE_ASYNC---0,OSCNN
apache__logging-log4j2#org.apache.logging.log4j.perf.jmh.FileAppenderThrowableBenchmark.simpleThrowable#loggingConfiguration=LOG4J2_THROWABLE_ASYNC---1,OSCNN
apache__logging-log4j2#org.apache.logging.log4j.perf.jmh.FileAppenderThrowableBenchmark.simpleThrowable#loggingConfiguration=LOG4J2_THROWABLE_ASYNC---2,OSCNN
apache__logging-log4j2#org.apache.logging.log4j.perf.jmh.FileAppenderThrowableBenchmark.simpleThrowable#loggingConfiguration=LOG4J2_THROWABLE_ASYNC---3,Rocket
apache__logging-log4j2#org.apache.logging.log4j.perf.jmh.FileAppenderThrowableBenchmark.simpleThrowable#loggingConfiguration=LOG4J2_THROWABLE_ASYNC---4,OSCNN
apache__logging-log4j2#org.apache.logging.log4j.perf.jmh.FileAppenderThrowableBenchmark.simpleThrowable#loggingConfiguration=LOG4J2_THROWABLE_ASYNC---5,OSCNN
apache__logging-log4j2#org.apache.logging.log4j.perf.jmh.FileAppenderThrowableBenchmark.simpleThrowable#loggingConfiguration=LOG4J2_THROWABLE_ASYNC---6,FCN
apache__logging-log4j2#org.apache.logging.log4j.perf.jmh.FileAppenderThrowableBenchmark.simpleThrowable#loggingConfiguration=LOG4J2_THROWABLE_ASYNC---7,OSCNN
apache__logging-log4j2#org.apache.logging.log4j.perf.jmh.FileAppenderThrowableBenchmark.simpleThrowable#loggingConfiguration=LOG4J2_THROWABLE_ASYNC---8,OSCNN
apache__logging-log4j2#org.apache.logging.log4j.perf.jmh.FileAppenderThrowableBenchmark.simpleThrowable#loggingConfiguration=LOG4J2_THROWABLE_ASYNC---9,OSCNN
apache__logging-log4j2#org.apache.logging.log4j.perf.jmh.FormatterLoggerBenchmark.throughputParameterizedDouble#---0,OSCNN
apache__logging-log4j2#org.apache.logging.log4j.perf.jmh.FormatterLoggerBenchmark.throughputParameterizedDouble#---1,OSCNN
apache__logging-log4j2#org.apache.logging.log4j.perf.jmh.FormatterLoggerBenchmark.throughputParameterizedDouble#---2,OSCNN
apache__logging-log4j2#org.apache.logging.log4j.perf.jmh.FormatterLoggerBenchmark.throughputParameterizedDouble#---3,OSCNN
apache__logging-log4j2#org.apache.logging.log4j.perf.jmh.FormatterLoggerBenchmark.throughputParameterizedDouble#---4,OSCNN
apache__logging-log4j2#org.apache.logging.log4j.perf.jmh.FormatterLoggerBenchmark.throughputParameterizedDouble#---5,OSCNN
apache__logging-log4j2#org.apache.logging.log4j.perf.jmh.FormatterLoggerBenchmark.throughputParameterizedDouble#---6,OSCNN
apache__logging-log4j2#org.apache.logging.log4j.perf.jmh.FormatterLoggerBenchmark.throughputParameterizedDouble#---7,OSCNN
apache__logging-log4j2#org.apache.logging.log4j.perf.jmh.FormatterLoggerBenchmark.throughputParameterizedDouble#---8,OSCNN
apache__logging-log4j2#org.apache.logging.log4j.perf.jmh.FormatterLoggerBenchmark.throughputParameterizedDouble#---9,OSCNN
apache__logging-log4j2#org.apache.logging.log4j.perf.jmh.Log4j2AppenderComparisonBenchmark.appenderRewrite#---0,Rocket
apache__logging-log4j2#org.apache.logging.log4j.perf.jmh.Log4j2AppenderComparisonBenchmark.appenderRewrite#---1,OSCNN
apache__logging-log4j2#org.apache.logging.log4j.perf.jmh.Log4j2AppenderComparisonBenchmark.appenderRewrite#---2,OSCNN
apache__logging-log4j2#org.apache.logging.log4j.perf.jmh.Log4j2AppenderComparisonBenchmark.appenderRewrite#---3,OSCNN
apache__logging-log4j2#org.apache.logging.log4j.perf.jmh.Log4j2AppenderComparisonBenchmark.appenderRewrite#---4,OSCNN
apache__logging-log4j2#org.apache.logging.log4j.perf.jmh.Log4j2AppenderComparisonBenchmark.appenderRewrite#---5,OSCNN
apache__logging-log4j2#org.apache.logging.log4j.perf.jmh.Log4j2AppenderComparisonBenchmark.appenderRewrite#---6,OSCNN
apache__logging-log4j2#org.apache.logging.log4j.perf.jmh.Log4j2AppenderComparisonBenchmark.appenderRewrite#---7,Rocket
apache__logging-log4j2#org.apache.logging.log4j.perf.jmh.Log4j2AppenderComparisonBenchmark.appenderRewrite#---8,Rocket
apache__logging-log4j2#org.apache.logging.log4j.perf.jmh.Log4j2AppenderComparisonBenchmark.appenderRewrite#---9,Rocket
apache__logging-log4j2#org.apache.logging.log4j.perf.jmh.MDCFilterBenchmark.baseline#size=4---0,Rocket
apache__logging-log4j2#org.apache.logging.log4j.perf.jmh.MDCFilterBenchmark.baseline#size=4---1,OSCNN
apache__logging-log4j2#org.apache.logging.log4j.perf.jmh.MDCFilterBenchmark.baseline#size=4---2,Rocket
apache__logging-log4j2#org.apache.logging.log4j.perf.jmh.MDCFilterBenchmark.baseline#size=4---3,Rocket
apache__logging-log4j2#org.apache.logging.log4j.perf.jmh.MDCFilterBenchmark.baseline#size=4---4,Rocket
apache__logging-log4j2#org.apache.logging.log4j.perf.jmh.MDCFilterBenchmark.baseline#size=4---5,OSCNN
apache__logging-log4j2#org.apache.logging.log4j.perf.jmh.MDCFilterBenchmark.baseline#size=4---6,Rocket
apache__logging-log4j2#org.apache.logging.log4j.perf.jmh.MDCFilterBenchmark.baseline#size=4---7,Rocket
apache__logging-log4j2#org.apache.logging.log4j.perf.jmh.MDCFilterBenchmark.baseline#size=4---9,Rocket
apache__logging-log4j2#org.apache.logging.log4j.perf.jmh.MarkerFilterBenchmark.logbackTooFine#---0,OSCNN
apache__logging-log4j2#org.apache.logging.log4j.perf.jmh.MarkerFilterBenchmark.logbackTooFine#---1,Rocket
apache__logging-log4j2#org.apache.logging.log4j.perf.jmh.MarkerFilterBenchmark.logbackTooFine#---2,Rocket
apache__logging-log4j2#org.apache.logging.log4j.perf.jmh.MarkerFilterBenchmark.logbackTooFine#---3,OSCNN
apache__logging-log4j2#org.apache.logging.log4j.perf.jmh.MarkerFilterBenchmark.logbackTooFine#---4,Rocket
apache__logging-log4j2#org.apache.logging.log4j.perf.jmh.MarkerFilterBenchmark.logbackTooFine#---5,Rocket
apache__logging-log4j2#org.apache.logging.log4j.perf.jmh.MarkerFilterBenchmark.logbackTooFine#---6,Rocket
apache__logging-log4j2#org.apache.logging.log4j.perf.jmh.MarkerFilterBenchmark.logbackTooFine#---7,OSCNN
apache__logging-log4j2#org.apache.logging.log4j.perf.jmh.MarkerFilterBenchmark.logbackTooFine#---8,Rocket
apache__logging-log4j2#org.apache.logging.log4j.perf.jmh.MarkerFilterBenchmark.logbackTooFine#---9,Rocket
apache__logging-log4j2#org.apache.logging.log4j.perf.jmh.OutputBenchmark.redirect#---0,Rocket
apache__logging-log4j2#org.apache.logging.log4j.perf.jmh.OutputBenchmark.redirect#---1,OSCNN
apache__logging-log4j2#org.apache.logging.log4j.perf.jmh.OutputBenchmark.redirect#---2,OSCNN
apache__logging-log4j2#org.apache.logging.log4j.perf.jmh.OutputBenchmark.redirect#---3,Rocket
apache__logging-log4j2#org.apache.logging.log4j.perf.jmh.OutputBenchmark.redirect#---4,Rocket
apache__logging-log4j2#org.apache.logging.log4j.perf.jmh.OutputBenchmark.redirect#---5,Rocket
apache__logging-log4j2#org.apache.logging.log4j.perf.jmh.OutputBenchmark.redirect#---7,OSCNN
apache__logging-log4j2#org.apache.logging.log4j.perf.jmh.OutputBenchmark.redirect#---8,Rocket
apache__logging-log4j2#org.apache.logging.log4j.perf.jmh.PatternLayoutBenchmark.serializableMCD#---0,OSCNN
apache__logging-log4j2#org.apache.logging.log4j.perf.jmh.PatternLayoutBenchmark.serializableMCD#---1,OSCNN
apache__logging-log4j2#org.apache.logging.log4j.perf.jmh.PatternLayoutBenchmark.serializableMCD#---2,OSCNN
apache__logging-log4j2#org.apache.logging.log4j.perf.jmh.PatternLayoutBenchmark.serializableMCD#---3,OSCNN
apache__logging-log4j2#org.apache.logging.log4j.perf.jmh.PatternLayoutBenchmark.serializableMCD#---4,OSCNN
apache__logging-log4j2#org.apache.logging.log4j.perf.jmh.PatternLayoutBenchmark.serializableMCD#---5,OSCNN
apache__logging-log4j2#org.apache.logging.log4j.perf.jmh.PatternLayoutBenchmark.serializableMCD#---6,OSCNN
apache__logging-log4j2#org.apache.logging.log4j.perf.jmh.PatternLayoutBenchmark.serializableMCD#---7,OSCNN
apache__logging-log4j2#org.apache.logging.log4j.perf.jmh.PatternLayoutBenchmark.serializableMCD#---8,OSCNN
apache__logging-log4j2#org.apache.logging.log4j.perf.jmh.PatternLayoutBenchmark.serializableMCD#---9,OSCNN
apache__logging-log4j2#org.apache.logging.log4j.perf.jmh.ThreadContextBenchmark.legacyInjectWithoutProperties#count=500&threadContextMapAlias=NoGcOpenHash---0,OSCNN
apache__logging-log4j2#org.apache.logging.log4j.perf.jmh.ThreadContextBenchmark.legacyInjectWithoutProperties#count=500&threadContextMapAlias=NoGcOpenHash---1,OSCNN
apache__logging-log4j2#org.apache.logging.log4j.perf.jmh.ThreadContextBenchmark.legacyInjectWithoutProperties#count=500&threadContextMapAlias=NoGcOpenHash---2,OSCNN
apache__logging-log4j2#org.apache.logging.log4j.perf.jmh.ThreadContextBenchmark.legacyInjectWithoutProperties#count=500&threadContextMapAlias=NoGcOpenHash---3,Rocket
apache__logging-log4j2#org.apache.logging.log4j.perf.jmh.ThreadContextBenchmark.legacyInjectWithoutProperties#count=500&threadContextMapAlias=NoGcOpenHash---4,Rocket
apache__logging-log4j2#org.apache.logging.log4j.perf.jmh.ThreadContextBenchmark.legacyInjectWithoutProperties#count=500&threadContextMapAlias=NoGcOpenHash---5,Rocket
apache__logging-log4j2#org.apache.logging.log4j.perf.jmh.ThreadContextBenchmark.legacyInjectWithoutProperties#count=500&threadContextMapAlias=NoGcOpenHash---6,OSCNN
apache__logging-log4j2#org.apache.logging.log4j.perf.jmh.ThreadContextBenchmark.legacyInjectWithoutProperties#count=500&threadContextMapAlias=NoGcOpenHash---7,OSCNN
apache__logging-log4j2#org.apache.logging.log4j.perf.jmh.ThreadContextBenchmark.legacyInjectWithoutProperties#count=500&threadContextMapAlias=NoGcOpenHash---8,OSCNN
apache__logging-log4j2#org.apache.logging.log4j.perf.jmh.ThreadContextBenchmark.legacyInjectWithoutProperties#count=500&threadContextMapAlias=NoGcOpenHash---9,OSCNN
apache__logging-log4j2#org.apache.logging.log4j.perf.jmh.ThreadsafeDateFormatBenchmark.fastDateFormat#---1,OSCNN
apache__logging-log4j2#org.apache.logging.log4j.perf.jmh.ThreadsafeDateFormatBenchmark.fastDateFormat#---2,OSCNN
apache__logging-log4j2#org.apache.logging.log4j.perf.jmh.ThreadsafeDateFormatBenchmark.fastDateFormat#---4,OSCNN
apache__logging-log4j2#org.apache.logging.log4j.perf.jmh.ThreadsafeDateFormatBenchmark.fastDateFormat#---5,OSCNN
apache__logging-log4j2#org.apache.logging.log4j.perf.jmh.ThreadsafeDateFormatBenchmark.fastDateFormat#---6,OSCNN
apache__logging-log4j2#org.apache.logging.log4j.perf.jmh.ThreadsafeDateFormatBenchmark.fastDateFormat#---7,OSCNN
apache__logging-log4j2#org.apache.logging.log4j.perf.jmh.ThreadsafeDateFormatBenchmark.fastDateFormat#---8,OSCNN
apache__logging-log4j2#org.apache.logging.log4j.perf.jmh.ThreadsafeDateFormatBenchmark.fastDateFormat#---9,OSCNN
apache__tinkerpop#org.apache.tinkerpop.gremlin.driver.GraphBinaryReaderWriterBenchmark.readBytecode2#---0,OSCNN
apache__tinkerpop#org.apache.tinkerpop.gremlin.driver.GraphBinaryReaderWriterBenchmark.readBytecode2#---1,OSCNN
apache__tinkerpop#org.apache.tinkerpop.gremlin.driver.GraphBinaryReaderWriterBenchmark.readBytecode2#---2,OSCNN
apache__tinkerpop#org.apache.tinkerpop.gremlin.driver.GraphBinaryReaderWriterBenchmark.readBytecode2#---3,OSCNN
apache__tinkerpop#org.apache.tinkerpop.gremlin.driver.GraphBinaryReaderWriterBenchmark.readBytecode2#---4,OSCNN
apache__tinkerpop#org.apache.tinkerpop.gremlin.driver.GraphBinaryReaderWriterBenchmark.readBytecode2#---5,OSCNN
apache__tinkerpop#org.apache.tinkerpop.gremlin.driver.GraphBinaryReaderWriterBenchmark.readBytecode2#---6,OSCNN
apache__tinkerpop#org.apache.tinkerpop.gremlin.driver.GraphBinaryReaderWriterBenchmark.readBytecode2#---7,OSCNN
apache__tinkerpop#org.apache.tinkerpop.gremlin.driver.GraphBinaryReaderWriterBenchmark.readBytecode2#---8,OSCNN
apache__tinkerpop#org.apache.tinkerpop.gremlin.driver.GraphBinaryReaderWriterBenchmark.readBytecode2#---9,OSCNN
apache__tinkerpop#org.apache.tinkerpop.gremlin.driver.GraphBinaryReaderWriterBenchmark.readP1#---0,OSCNN
apache__tinkerpop#org.apache.tinkerpop.gremlin.driver.GraphBinaryReaderWriterBenchmark.readP1#---1,OSCNN
apache__tinkerpop#org.apache.tinkerpop.gremlin.driver.GraphBinaryReaderWriterBenchmark.readP1#---2,OSCNN
apache__tinkerpop#org.apache.tinkerpop.gremlin.driver.GraphBinaryReaderWriterBenchmark.readP1#---3,OSCNN
apache__tinkerpop#org.apache.tinkerpop.gremlin.driver.GraphBinaryReaderWriterBenchmark.readP1#---4,OSCNN
apache__tinkerpop#org.apache.tinkerpop.gremlin.driver.GraphBinaryReaderWriterBenchmark.readP1#---5,OSCNN
apache__tinkerpop#org.apache.tinkerpop.gremlin.driver.GraphBinaryReaderWriterBenchmark.readP1#---6,OSCNN
apache__tinkerpop#org.apache.tinkerpop.gremlin.driver.GraphBinaryReaderWriterBenchmark.readP1#---7,OSCNN
apache__tinkerpop#org.apache.tinkerpop.gremlin.driver.GraphBinaryReaderWriterBenchmark.readP1#---8,OSCNN
apache__tinkerpop#org.apache.tinkerpop.gremlin.driver.GraphBinaryReaderWriterBenchmark.readP1#---9,OSCNN
apache__tinkerpop#org.apache.tinkerpop.gremlin.driver.GraphBinaryReaderWriterBenchmark.writeBytecode1#---0,OSCNN
apache__tinkerpop#org.apache.tinkerpop.gremlin.driver.GraphBinaryReaderWriterBenchmark.writeBytecode1#---1,OSCNN
apache__tinkerpop#org.apache.tinkerpop.gremlin.driver.GraphBinaryReaderWriterBenchmark.writeBytecode1#---2,OSCNN
apache__tinkerpop#org.apache.tinkerpop.gremlin.driver.GraphBinaryReaderWriterBenchmark.writeBytecode1#---3,OSCNN
apache__tinkerpop#org.apache.tinkerpop.gremlin.driver.GraphBinaryReaderWriterBenchmark.writeBytecode1#---4,OSCNN
apache__tinkerpop#org.apache.tinkerpop.gremlin.driver.GraphBinaryReaderWriterBenchmark.writeBytecode1#---5,OSCNN
apache__tinkerpop#org.apache.tinkerpop.gremlin.driver.GraphBinaryReaderWriterBenchmark.writeBytecode1#---7,OSCNN
apache__tinkerpop#org.apache.tinkerpop.gremlin.driver.GraphBinaryReaderWriterBenchmark.writeBytecode1#---8,OSCNN
apache__tinkerpop#org.apache.tinkerpop.gremlin.driver.GraphBinaryReaderWriterBenchmark.writeBytecode1#---9,OSCNN
apache__tinkerpop#org.apache.tinkerpop.gremlin.driver.GraphSONMapperBenchmark.readBytecode2#---0,OSCNN
apache__tinkerpop#org.apache.tinkerpop.gremlin.driver.GraphSONMapperBenchmark.readBytecode2#---1,OSCNN
apache__tinkerpop#org.apache.tinkerpop.gremlin.driver.GraphSONMapperBenchmark.readBytecode2#---2,OSCNN
apache__tinkerpop#org.apache.tinkerpop.gremlin.driver.GraphSONMapperBenchmark.readBytecode2#---3,OSCNN
apache__tinkerpop#org.apache.tinkerpop.gremlin.driver.GraphSONMapperBenchmark.readBytecode2#---4,OSCNN
apache__tinkerpop#org.apache.tinkerpop.gremlin.driver.GraphSONMapperBenchmark.readBytecode2#---5,OSCNN
apache__tinkerpop#org.apache.tinkerpop.gremlin.driver.GraphSONMapperBenchmark.readBytecode2#---6,OSCNN
apache__tinkerpop#org.apache.tinkerpop.gremlin.driver.GraphSONMapperBenchmark.readBytecode2#---7,OSCNN
apache__tinkerpop#org.apache.tinkerpop.gremlin.driver.GraphSONMapperBenchmark.readBytecode2#---8,OSCNN
apache__tinkerpop#org.apache.tinkerpop.gremlin.driver.GraphSONMapperBenchmark.readBytecode2#---9,OSCNN
apache__tinkerpop#org.apache.tinkerpop.gremlin.driver.SerializationBenchmark.testReadMessage1GraphSON#---0,OSCNN
apache__tinkerpop#org.apache.tinkerpop.gremlin.driver.SerializationBenchmark.testReadMessage1GraphSON#---1,OSCNN
apache__tinkerpop#org.apache.tinkerpop.gremlin.driver.SerializationBenchmark.testReadMessage1GraphSON#---2,OSCNN
apache__tinkerpop#org.apache.tinkerpop.gremlin.driver.SerializationBenchmark.testReadMessage1GraphSON#---3,OSCNN
apache__tinkerpop#org.apache.tinkerpop.gremlin.driver.SerializationBenchmark.testReadMessage1GraphSON#---4,OSCNN
apache__tinkerpop#org.apache.tinkerpop.gremlin.driver.SerializationBenchmark.testReadMessage1GraphSON#---5,OSCNN
apache__tinkerpop#org.apache.tinkerpop.gremlin.driver.SerializationBenchmark.testReadMessage1GraphSON#---6,OSCNN
apache__tinkerpop#org.apache.tinkerpop.gremlin.driver.SerializationBenchmark.testReadMessage1GraphSON#---7,OSCNN
apache__tinkerpop#org.apache.tinkerpop.gremlin.driver.SerializationBenchmark.testReadMessage1GraphSON#---8,OSCNN
apache__tinkerpop#org.apache.tinkerpop.gremlin.driver.SerializationBenchmark.testReadMessage1GraphSON#---9,OSCNN
apache__tinkerpop#org.apache.tinkerpop.gremlin.driver.SerializationBenchmark.testWriteResponseBinary#---0,OSCNN
apache__tinkerpop#org.apache.tinkerpop.gremlin.driver.SerializationBenchmark.testWriteResponseBinary#---1,OSCNN
apache__tinkerpop#org.apache.tinkerpop.gremlin.driver.SerializationBenchmark.testWriteResponseBinary#---2,OSCNN
apache__tinkerpop#org.apache.tinkerpop.gremlin.driver.SerializationBenchmark.testWriteResponseBinary#---3,OSCNN
apache__tinkerpop#org.apache.tinkerpop.gremlin.driver.SerializationBenchmark.testWriteResponseBinary#---4,OSCNN
apache__tinkerpop#org.apache.tinkerpop.gremlin.driver.SerializationBenchmark.testWriteResponseBinary#---5,OSCNN
apache__tinkerpop#org.apache.tinkerpop.gremlin.driver.SerializationBenchmark.testWriteResponseBinary#---6,OSCNN
apache__tinkerpop#org.apache.tinkerpop.gremlin.driver.SerializationBenchmark.testWriteResponseBinary#---7,OSCNN
apache__tinkerpop#org.apache.tinkerpop.gremlin.driver.SerializationBenchmark.testWriteResponseBinary#---8,OSCNN
apache__tinkerpop#org.apache.tinkerpop.gremlin.driver.SerializationBenchmark.testWriteResponseBinary#---9,OSCNN
apache__tinkerpop#org.apache.tinkerpop.gremlin.process.GraphMutateBenchmark.testAddVertexWithProps#---0,OSCNN
apache__tinkerpop#org.apache.tinkerpop.gremlin.process.GraphMutateBenchmark.testAddVertexWithProps#---1,OSCNN
apache__tinkerpop#org.apache.tinkerpop.gremlin.process.GraphMutateBenchmark.testAddVertexWithProps#---2,OSCNN
apache__tinkerpop#org.apache.tinkerpop.gremlin.process.GraphMutateBenchmark.testAddVertexWithProps#---4,OSCNN
apache__tinkerpop#org.apache.tinkerpop.gremlin.process.GraphMutateBenchmark.testAddVertexWithProps#---5,OSCNN
apache__tinkerpop#org.apache.tinkerpop.gremlin.process.GraphMutateBenchmark.testAddVertexWithProps#---7,OSCNN
apache__tinkerpop#org.apache.tinkerpop.gremlin.process.GraphMutateBenchmark.testAddVertexWithProps#---8,OSCNN
apache__tinkerpop#org.apache.tinkerpop.gremlin.process.GraphMutateBenchmark.testAddVertexWithProps#---9,OSCNN
apache__tinkerpop#org.apache.tinkerpop.gremlin.process.GraphTraversalBenchmark.g_E_hasLabelXwrittenByX_whereXinV_inEXsungByX_count_isX0XX_subgraphXsgX#---0,OSCNN
apache__tinkerpop#org.apache.tinkerpop.gremlin.process.GraphTraversalBenchmark.g_E_hasLabelXwrittenByX_whereXinV_inEXsungByX_count_isX0XX_subgraphXsgX#---1,OSCNN
apache__tinkerpop#org.apache.tinkerpop.gremlin.process.GraphTraversalBenchmark.g_E_hasLabelXwrittenByX_whereXinV_inEXsungByX_count_isX0XX_subgraphXsgX#---2,OSCNN
apache__tinkerpop#org.apache.tinkerpop.gremlin.process.GraphTraversalBenchmark.g_E_hasLabelXwrittenByX_whereXinV_inEXsungByX_count_isX0XX_subgraphXsgX#---3,OSCNN
apache__tinkerpop#org.apache.tinkerpop.gremlin.process.GraphTraversalBenchmark.g_E_hasLabelXwrittenByX_whereXinV_inEXsungByX_count_isX0XX_subgraphXsgX#---4,OSCNN
apache__tinkerpop#org.apache.tinkerpop.gremlin.process.GraphTraversalBenchmark.g_E_hasLabelXwrittenByX_whereXinV_inEXsungByX_count_isX0XX_subgraphXsgX#---5,OSCNN
apache__tinkerpop#org.apache.tinkerpop.gremlin.process.GraphTraversalBenchmark.g_E_hasLabelXwrittenByX_whereXinV_inEXsungByX_count_isX0XX_subgraphXsgX#---6,OSCNN
apache__tinkerpop#org.apache.tinkerpop.gremlin.process.GraphTraversalBenchmark.g_E_hasLabelXwrittenByX_whereXinV_inEXsungByX_count_isX0XX_subgraphXsgX#---7,OSCNN
apache__tinkerpop#org.apache.tinkerpop.gremlin.process.GraphTraversalBenchmark.g_E_hasLabelXwrittenByX_whereXinV_inEXsungByX_count_isX0XX_subgraphXsgX#---8,OSCNN
apache__tinkerpop#org.apache.tinkerpop.gremlin.process.GraphTraversalBenchmark.g_V_localXout_out_valuesXnameX_foldX#---0,FCN
apache__tinkerpop#org.apache.tinkerpop.gremlin.process.GraphTraversalBenchmark.g_V_localXout_out_valuesXnameX_foldX#---1,FCN
apache__tinkerpop#org.apache.tinkerpop.gremlin.process.GraphTraversalBenchmark.g_V_localXout_out_valuesXnameX_foldX#---3,FCN
apache__tinkerpop#org.apache.tinkerpop.gremlin.process.GraphTraversalBenchmark.g_V_localXout_out_valuesXnameX_foldX#---4,FCN
apache__tinkerpop#org.apache.tinkerpop.gremlin.process.GraphTraversalBenchmark.g_V_localXout_out_valuesXnameX_foldX#---5,OSCNN
apache__tinkerpop#org.apache.tinkerpop.gremlin.process.GraphTraversalBenchmark.g_V_localXout_out_valuesXnameX_foldX#---6,OSCNN
apache__tinkerpop#org.apache.tinkerpop.gremlin.process.GraphTraversalBenchmark.g_V_localXout_out_valuesXnameX_foldX#---7,FCN
apache__tinkerpop#org.apache.tinkerpop.gremlin.process.GraphTraversalBenchmark.g_V_localXout_out_valuesXnameX_foldX#---8,OSCNN
apache__tinkerpop#org.apache.tinkerpop.gremlin.process.GraphTraversalBenchmark.g_V_outE_inV_outE_inV_outE_inV#---0,Rocket
apache__tinkerpop#org.apache.tinkerpop.gremlin.process.GraphTraversalBenchmark.g_V_outE_inV_outE_inV_outE_inV#---1,FCN
apache__tinkerpop#org.apache.tinkerpop.gremlin.process.GraphTraversalBenchmark.g_V_outE_inV_outE_inV_outE_inV#---2,FCN
apache__tinkerpop#org.apache.tinkerpop.gremlin.process.GraphTraversalBenchmark.g_V_outE_inV_outE_inV_outE_inV#---3,OSCNN
apache__tinkerpop#org.apache.tinkerpop.gremlin.process.GraphTraversalBenchmark.g_V_outE_inV_outE_inV_outE_inV#---4,Rocket
apache__tinkerpop#org.apache.tinkerpop.gremlin.process.GraphTraversalBenchmark.g_V_outE_inV_outE_inV_outE_inV#---5,FCN
apache__tinkerpop#org.apache.tinkerpop.gremlin.process.GraphTraversalBenchmark.g_V_outE_inV_outE_inV_outE_inV#---6,OSCNN
apache__tinkerpop#org.apache.tinkerpop.gremlin.process.GraphTraversalBenchmark.g_V_outE_inV_outE_inV_outE_inV#---7,Rocket
apache__tinkerpop#org.apache.tinkerpop.gremlin.process.GraphTraversalBenchmark.g_V_outE_inV_outE_inV_outE_inV#---8,FCN
apache__tinkerpop#org.apache.tinkerpop.gremlin.process.GraphTraversalBenchmark.g_V_outE_inV_outE_inV_outE_inV#---9,Rocket
apache__tinkerpop#org.apache.tinkerpop.gremlin.process.GraphTraversalBenchmark.g_V_out_localXout_out_valuesXnameX_foldX#---0,FCN
apache__tinkerpop#org.apache.tinkerpop.gremlin.process.GraphTraversalBenchmark.g_V_out_localXout_out_valuesXnameX_foldX#---1,OSCNN
apache__tinkerpop#org.apache.tinkerpop.gremlin.process.GraphTraversalBenchmark.g_V_out_localXout_out_valuesXnameX_foldX#---2,OSCNN
apache__tinkerpop#org.apache.tinkerpop.gremlin.process.GraphTraversalBenchmark.g_V_out_localXout_out_valuesXnameX_foldX#---3,OSCNN
apache__tinkerpop#org.apache.tinkerpop.gremlin.process.GraphTraversalBenchmark.g_V_out_localXout_out_valuesXnameX_foldX#---4,FCN
apache__tinkerpop#org.apache.tinkerpop.gremlin.process.GraphTraversalBenchmark.g_V_out_localXout_out_valuesXnameX_foldX#---5,FCN
apache__tinkerpop#org.apache.tinkerpop.gremlin.process.GraphTraversalBenchmark.g_V_out_localXout_out_valuesXnameX_foldX#---6,FCN
apache__tinkerpop#org.apache.tinkerpop.gremlin.process.GraphTraversalBenchmark.g_V_out_localXout_out_valuesXnameX_foldX#---7,OSCNN
apache__tinkerpop#org.apache.tinkerpop.gremlin.process.GraphTraversalBenchmark.g_V_out_localXout_out_valuesXnameX_foldX#---8,OSCNN
apache__tinkerpop#org.apache.tinkerpop.gremlin.process.GraphTraversalBenchmark.g_V_out_localXout_out_valuesXnameX_foldX#---9,OSCNN
apache__tinkerpop#org.apache.tinkerpop.gremlin.process.GraphTraversalBenchmark.g_V_repeatXoutX_timesX2X#---0,OSCNN
apache__tinkerpop#org.apache.tinkerpop.gremlin.process.GraphTraversalBenchmark.g_V_repeatXoutX_timesX2X#---1,OSCNN
apache__tinkerpop#org.apache.tinkerpop.gremlin.process.GraphTraversalBenchmark.g_V_repeatXoutX_timesX2X#---2,OSCNN
apache__tinkerpop#org.apache.tinkerpop.gremlin.process.GraphTraversalBenchmark.g_V_repeatXoutX_timesX2X#---3,OSCNN
apache__tinkerpop#org.apache.tinkerpop.gremlin.process.GraphTraversalBenchmark.g_V_repeatXoutX_timesX2X#---4,OSCNN
apache__tinkerpop#org.apache.tinkerpop.gremlin.process.GraphTraversalBenchmark.g_V_repeatXoutX_timesX2X#---5,OSCNN
apache__tinkerpop#org.apache.tinkerpop.gremlin.process.GraphTraversalBenchmark.g_V_repeatXoutX_timesX2X#---6,OSCNN
apache__tinkerpop#org.apache.tinkerpop.gremlin.process.GraphTraversalBenchmark.g_V_repeatXoutX_timesX2X#---7,OSCNN
apache__tinkerpop#org.apache.tinkerpop.gremlin.process.GraphTraversalBenchmark.g_V_repeatXoutX_timesX2X#---8,OSCNN
apache__tinkerpop#org.apache.tinkerpop.gremlin.process.GraphTraversalBenchmark.g_V_repeatXoutX_timesX2X#---9,OSCNN
apache__tinkerpop#org.apache.tinkerpop.gremlin.process.TraversalConstructionBenchmark.constructLong#---1,OSCNN
apache__tinkerpop#org.apache.tinkerpop.gremlin.process.TraversalConstructionBenchmark.constructLong#---2,OSCNN
apache__tinkerpop#org.apache.tinkerpop.gremlin.process.TraversalConstructionBenchmark.constructLong#---3,OSCNN
apache__tinkerpop#org.apache.tinkerpop.gremlin.process.TraversalConstructionBenchmark.constructLong#---4,OSCNN
apache__tinkerpop#org.apache.tinkerpop.gremlin.process.TraversalConstructionBenchmark.constructLong#---5,OSCNN
apache__tinkerpop#org.apache.tinkerpop.gremlin.process.TraversalConstructionBenchmark.constructLong#---7,OSCNN
apache__tinkerpop#org.apache.tinkerpop.gremlin.process.TraversalConstructionBenchmark.constructLong#---8,OSCNN
apache__tinkerpop#org.apache.tinkerpop.gremlin.process.TraversalConstructionBenchmark.constructLong#---9,OSCNN
apache__tinkerpop#org.apache.tinkerpop.gremlin.process.TraversalConstructionBenchmark.constructMediumWithBindings#---0,OSCNN
apache__tinkerpop#org.apache.tinkerpop.gremlin.process.TraversalConstructionBenchmark.constructMediumWithBindings#---1,OSCNN
apache__tinkerpop#org.apache.tinkerpop.gremlin.process.TraversalConstructionBenchmark.constructMediumWithBindings#---2,Rocket
apache__tinkerpop#org.apache.tinkerpop.gremlin.process.TraversalConstructionBenchmark.constructMediumWithBindings#---3,OSCNN
apache__tinkerpop#org.apache.tinkerpop.gremlin.process.TraversalConstructionBenchmark.constructMediumWithBindings#---6,OSCNN
apache__tinkerpop#org.apache.tinkerpop.gremlin.process.TraversalConstructionBenchmark.constructMediumWithBindings#---7,Rocket
apache__tinkerpop#org.apache.tinkerpop.gremlin.process.TraversalConstructionBenchmark.constructMediumWithBindings#---8,OSCNN
apache__tinkerpop#org.apache.tinkerpop.gremlin.process.TraversalConstructionBenchmark.constructMediumWithBindings#---9,OSCNN
apache__tinkerpop#org.apache.tinkerpop.gremlin.process.TraversalConstructionBenchmark.constructShort#---0,OSCNN
apache__tinkerpop#org.apache.tinkerpop.gremlin.process.TraversalConstructionBenchmark.constructShort#---2,OSCNN
apache__tinkerpop#org.apache.tinkerpop.gremlin.process.TraversalConstructionBenchmark.constructShort#---3,OSCNN
apache__tinkerpop#org.apache.tinkerpop.gremlin.process.TraversalConstructionBenchmark.constructShort#---4,OSCNN
apache__tinkerpop#org.apache.tinkerpop.gremlin.process.TraversalConstructionBenchmark.constructShort#---5,OSCNN
apache__tinkerpop#org.apache.tinkerpop.gremlin.process.TraversalConstructionBenchmark.constructShort#---7,OSCNN
apache__tinkerpop#org.apache.tinkerpop.gremlin.process.TraversalConstructionBenchmark.constructShort#---8,OSCNN
apache__tinkerpop#org.apache.tinkerpop.gremlin.process.TraversalConstructionBenchmark.constructShort#---9,OSCNN
apache__tinkerpop#org.apache.tinkerpop.gremlin.process.TraversalConstructionBenchmark.testAddVAddEWithPropsChained#---0,OSCNN
apache__tinkerpop#org.apache.tinkerpop.gremlin.process.TraversalConstructionBenchmark.testAddVAddEWithPropsChained#---1,OSCNN
apache__tinkerpop#org.apache.tinkerpop.gremlin.process.TraversalConstructionBenchmark.testAddVAddEWithPropsChained#---2,OSCNN
apache__tinkerpop#org.apache.tinkerpop.gremlin.process.TraversalConstructionBenchmark.testAddVAddEWithPropsChained#---3,OSCNN
apache__tinkerpop#org.apache.tinkerpop.gremlin.process.TraversalConstructionBenchmark.testAddVAddEWithPropsChained#---4,OSCNN
apache__tinkerpop#org.apache.tinkerpop.gremlin.process.TraversalConstructionBenchmark.testAddVAddEWithPropsChained#---5,OSCNN
apache__tinkerpop#org.apache.tinkerpop.gremlin.process.TraversalConstructionBenchmark.testAddVAddEWithPropsChained#---6,OSCNN
apache__tinkerpop#org.apache.tinkerpop.gremlin.process.TraversalConstructionBenchmark.testAddVAddEWithPropsChained#---8,OSCNN
apache__tinkerpop#org.apache.tinkerpop.gremlin.process.TraversalConstructionBenchmark.testAddVAddEWithPropsChained#---9,OSCNN
apache__tinkerpop#org.apache.tinkerpop.gremlin.process.TraversalConstructionBenchmark.testAddVWithPropsChained#---0,OSCNN
apache__tinkerpop#org.apache.tinkerpop.gremlin.process.TraversalConstructionBenchmark.testAddVWithPropsChained#---1,OSCNN
apache__tinkerpop#org.apache.tinkerpop.gremlin.process.TraversalConstructionBenchmark.testAddVWithPropsChained#---2,OSCNN
apache__tinkerpop#org.apache.tinkerpop.gremlin.process.TraversalConstructionBenchmark.testAddVWithPropsChained#---3,OSCNN
apache__tinkerpop#org.apache.tinkerpop.gremlin.process.TraversalConstructionBenchmark.testAddVWithPropsChained#---4,OSCNN
apache__tinkerpop#org.apache.tinkerpop.gremlin.process.TraversalConstructionBenchmark.testAddVWithPropsChained#---5,OSCNN
apache__tinkerpop#org.apache.tinkerpop.gremlin.process.TraversalConstructionBenchmark.testAddVWithPropsChained#---6,OSCNN
apache__tinkerpop#org.apache.tinkerpop.gremlin.process.TraversalConstructionBenchmark.testAddVWithPropsChained#---7,OSCNN
apache__tinkerpop#org.apache.tinkerpop.jsr223.GremlinGroovyScriptEngineBenchmark.testEvalLongCached#---0,OSCNN
apache__tinkerpop#org.apache.tinkerpop.jsr223.GremlinGroovyScriptEngineBenchmark.testEvalLongCached#---1,OSCNN
apache__tinkerpop#org.apache.tinkerpop.jsr223.GremlinGroovyScriptEngineBenchmark.testEvalLongCached#---2,OSCNN
apache__tinkerpop#org.apache.tinkerpop.jsr223.GremlinGroovyScriptEngineBenchmark.testEvalLongCached#---3,OSCNN
apache__tinkerpop#org.apache.tinkerpop.jsr223.GremlinGroovyScriptEngineBenchmark.testEvalLongCached#---4,OSCNN
apache__tinkerpop#org.apache.tinkerpop.jsr223.GremlinGroovyScriptEngineBenchmark.testEvalLongCached#---5,OSCNN
apache__tinkerpop#org.apache.tinkerpop.jsr223.GremlinGroovyScriptEngineBenchmark.testEvalLongCached#---6,OSCNN
apache__tinkerpop#org.apache.tinkerpop.jsr223.GremlinGroovyScriptEngineBenchmark.testEvalLongCached#---7,OSCNN
apache__tinkerpop#org.apache.tinkerpop.jsr223.GremlinGroovyScriptEngineBenchmark.testEvalLongCached#---8,OSCNN
apache__tinkerpop#org.apache.tinkerpop.jsr223.GremlinGroovyScriptEngineBenchmark.testEvalLongCached#---9,OSCNN
apache__tinkerpop#org.apache.tinkerpop.jsr223.GremlinGroovyScriptEngineBenchmark.testEvalShortNoCache#---0,OSCNN
apache__tinkerpop#org.apache.tinkerpop.jsr223.GremlinGroovyScriptEngineBenchmark.testEvalShortNoCache#---2,OSCNN
apache__tinkerpop#org.apache.tinkerpop.jsr223.GremlinGroovyScriptEngineBenchmark.testEvalShortNoCache#---3,OSCNN
apache__tinkerpop#org.apache.tinkerpop.jsr223.GremlinGroovyScriptEngineBenchmark.testEvalShortNoCache#---4,OSCNN
apache__tinkerpop#org.apache.tinkerpop.jsr223.GremlinGroovyScriptEngineBenchmark.testEvalShortNoCache#---5,OSCNN
apache__tinkerpop#org.apache.tinkerpop.jsr223.GremlinGroovyScriptEngineBenchmark.testEvalShortNoCache#---6,OSCNN
apache__tinkerpop#org.apache.tinkerpop.jsr223.GremlinGroovyScriptEngineBenchmark.testEvalShortNoCache#---7,OSCNN
apache__tinkerpop#org.apache.tinkerpop.jsr223.GremlinGroovyScriptEngineBenchmark.testEvalShortNoCache#---8,OSCNN
apache__tinkerpop#org.apache.tinkerpop.jsr223.GremlinGroovyScriptEngineBenchmark.testEvalShortNoCache#---9,OSCNN
apache__tinkerpop#org.apache.tinkerpop.jsr223.JavaTranslatorBenchmark.testTranslationWithStrategy#---0,OSCNN
apache__tinkerpop#org.apache.tinkerpop.jsr223.JavaTranslatorBenchmark.testTranslationWithStrategy#---1,OSCNN
apache__tinkerpop#org.apache.tinkerpop.jsr223.JavaTranslatorBenchmark.testTranslationWithStrategy#---2,OSCNN
apache__tinkerpop#org.apache.tinkerpop.jsr223.JavaTranslatorBenchmark.testTranslationWithStrategy#---3,OSCNN
apache__tinkerpop#org.apache.tinkerpop.jsr223.JavaTranslatorBenchmark.testTranslationWithStrategy#---4,OSCNN
apache__tinkerpop#org.apache.tinkerpop.jsr223.JavaTranslatorBenchmark.testTranslationWithStrategy#---5,OSCNN
apache__tinkerpop#org.apache.tinkerpop.jsr223.JavaTranslatorBenchmark.testTranslationWithStrategy#---6,OSCNN
apache__tinkerpop#org.apache.tinkerpop.jsr223.JavaTranslatorBenchmark.testTranslationWithStrategy#---7,OSCNN
apache__tinkerpop#org.apache.tinkerpop.jsr223.JavaTranslatorBenchmark.testTranslationWithStrategy#---8,OSCNN
apache__tinkerpop#org.apache.tinkerpop.jsr223.JavaTranslatorBenchmark.testTranslationWithStrategy#---9,OSCNN
cantaloupe-project__cantaloupe#edu.illinois.library.cantaloupe.perf.processor.FfmpegProcessorPerformance.readInfoWithAVI#---0,Rocket
cantaloupe-project__cantaloupe#edu.illinois.library.cantaloupe.perf.processor.FfmpegProcessorPerformance.readInfoWithAVI#---1,Rocket
cantaloupe-project__cantaloupe#edu.illinois.library.cantaloupe.perf.processor.FfmpegProcessorPerformance.readInfoWithAVI#---2,Rocket
cantaloupe-project__cantaloupe#edu.illinois.library.cantaloupe.perf.processor.FfmpegProcessorPerformance.readInfoWithAVI#---3,Rocket
cantaloupe-project__cantaloupe#edu.illinois.library.cantaloupe.perf.processor.FfmpegProcessorPerformance.readInfoWithAVI#---4,Rocket
cantaloupe-project__cantaloupe#edu.illinois.library.cantaloupe.perf.processor.FfmpegProcessorPerformance.readInfoWithAVI#---5,Rocket
cantaloupe-project__cantaloupe#edu.illinois.library.cantaloupe.perf.processor.FfmpegProcessorPerformance.readInfoWithAVI#---6,Rocket
cantaloupe-project__cantaloupe#edu.illinois.library.cantaloupe.perf.processor.FfmpegProcessorPerformance.readInfoWithAVI#---7,Rocket
cantaloupe-project__cantaloupe#edu.illinois.library.cantaloupe.perf.processor.FfmpegProcessorPerformance.readInfoWithAVI#---8,Rocket
cantaloupe-project__cantaloupe#edu.illinois.library.cantaloupe.perf.processor.FfmpegProcessorPerformance.readInfoWithAVI#---9,Rocket
cantaloupe-project__cantaloupe#edu.illinois.library.cantaloupe.perf.processor.FfmpegProcessorPerformance.readInfoWithFLV#---0,Rocket
cantaloupe-project__cantaloupe#edu.illinois.library.cantaloupe.perf.processor.FfmpegProcessorPerformance.readInfoWithFLV#---1,Rocket
cantaloupe-project__cantaloupe#edu.illinois.library.cantaloupe.perf.processor.FfmpegProcessorPerformance.readInfoWithFLV#---2,Rocket
cantaloupe-project__cantaloupe#edu.illinois.library.cantaloupe.perf.processor.FfmpegProcessorPerformance.readInfoWithFLV#---3,Rocket
cantaloupe-project__cantaloupe#edu.illinois.library.cantaloupe.perf.processor.FfmpegProcessorPerformance.readInfoWithFLV#---4,Rocket
cantaloupe-project__cantaloupe#edu.illinois.library.cantaloupe.perf.processor.FfmpegProcessorPerformance.readInfoWithFLV#---5,Rocket
cantaloupe-project__cantaloupe#edu.illinois.library.cantaloupe.perf.processor.FfmpegProcessorPerformance.readInfoWithFLV#---6,Rocket
cantaloupe-project__cantaloupe#edu.illinois.library.cantaloupe.perf.processor.FfmpegProcessorPerformance.readInfoWithFLV#---7,Rocket
cantaloupe-project__cantaloupe#edu.illinois.library.cantaloupe.perf.processor.FfmpegProcessorPerformance.readInfoWithFLV#---8,Rocket
cantaloupe-project__cantaloupe#edu.illinois.library.cantaloupe.perf.processor.FfmpegProcessorPerformance.readInfoWithFLV#---9,Rocket
cantaloupe-project__cantaloupe#edu.illinois.library.cantaloupe.perf.processor.ImageMagickProcessorPerformance.readInfoWithTIF#---0,OSCNN
cantaloupe-project__cantaloupe#edu.illinois.library.cantaloupe.perf.processor.ImageMagickProcessorPerformance.readInfoWithTIF#---1,OSCNN
cantaloupe-project__cantaloupe#edu.illinois.library.cantaloupe.perf.processor.ImageMagickProcessorPerformance.readInfoWithTIF#---2,OSCNN
cantaloupe-project__cantaloupe#edu.illinois.library.cantaloupe.perf.processor.ImageMagickProcessorPerformance.readInfoWithTIF#---3,OSCNN
cantaloupe-project__cantaloupe#edu.illinois.library.cantaloupe.perf.processor.ImageMagickProcessorPerformance.readInfoWithTIF#---4,OSCNN
cantaloupe-project__cantaloupe#edu.illinois.library.cantaloupe.perf.processor.ImageMagickProcessorPerformance.readInfoWithTIF#---5,OSCNN
cantaloupe-project__cantaloupe#edu.illinois.library.cantaloupe.perf.processor.ImageMagickProcessorPerformance.readInfoWithTIF#---6,OSCNN
cantaloupe-project__cantaloupe#edu.illinois.library.cantaloupe.perf.processor.ImageMagickProcessorPerformance.readInfoWithTIF#---7,OSCNN
cantaloupe-project__cantaloupe#edu.illinois.library.cantaloupe.perf.processor.ImageMagickProcessorPerformance.readInfoWithTIF#---8,OSCNN
cantaloupe-project__cantaloupe#edu.illinois.library.cantaloupe.perf.processor.ImageMagickProcessorPerformance.readInfoWithTIF#---9,OSCNN
cantaloupe-project__cantaloupe#edu.illinois.library.cantaloupe.perf.processor.JaiProcessorPerformance.readInfoWithPNG#---0,OSCNN
cantaloupe-project__cantaloupe#edu.illinois.library.cantaloupe.perf.processor.JaiProcessorPerformance.readInfoWithPNG#---1,OSCNN
cantaloupe-project__cantaloupe#edu.illinois.library.cantaloupe.perf.processor.JaiProcessorPerformance.readInfoWithPNG#---2,OSCNN
cantaloupe-project__cantaloupe#edu.illinois.library.cantaloupe.perf.processor.JaiProcessorPerformance.readInfoWithPNG#---3,OSCNN
cantaloupe-project__cantaloupe#edu.illinois.library.cantaloupe.perf.processor.JaiProcessorPerformance.readInfoWithPNG#---4,OSCNN
cantaloupe-project__cantaloupe#edu.illinois.library.cantaloupe.perf.processor.JaiProcessorPerformance.readInfoWithPNG#---5,OSCNN
cantaloupe-project__cantaloupe#edu.illinois.library.cantaloupe.perf.processor.JaiProcessorPerformance.readInfoWithPNG#---6,OSCNN
cantaloupe-project__cantaloupe#edu.illinois.library.cantaloupe.perf.processor.JaiProcessorPerformance.readInfoWithPNG#---7,OSCNN
cantaloupe-project__cantaloupe#edu.illinois.library.cantaloupe.perf.processor.JaiProcessorPerformance.readInfoWithPNG#---8,OSCNN
cantaloupe-project__cantaloupe#edu.illinois.library.cantaloupe.perf.processor.JaiProcessorPerformance.readInfoWithPNG#---9,OSCNN
cantaloupe-project__cantaloupe#edu.illinois.library.cantaloupe.perf.processor.JaiProcessorPerformance.readInfoWithTIF#---0,OSCNN
cantaloupe-project__cantaloupe#edu.illinois.library.cantaloupe.perf.processor.JaiProcessorPerformance.readInfoWithTIF#---1,OSCNN
cantaloupe-project__cantaloupe#edu.illinois.library.cantaloupe.perf.processor.JaiProcessorPerformance.readInfoWithTIF#---2,OSCNN
cantaloupe-project__cantaloupe#edu.illinois.library.cantaloupe.perf.processor.JaiProcessorPerformance.readInfoWithTIF#---3,OSCNN
cantaloupe-project__cantaloupe#edu.illinois.library.cantaloupe.perf.processor.JaiProcessorPerformance.readInfoWithTIF#---4,OSCNN
cantaloupe-project__cantaloupe#edu.illinois.library.cantaloupe.perf.processor.JaiProcessorPerformance.readInfoWithTIF#---5,OSCNN
cantaloupe-project__cantaloupe#edu.illinois.library.cantaloupe.perf.processor.JaiProcessorPerformance.readInfoWithTIF#---6,OSCNN
cantaloupe-project__cantaloupe#edu.illinois.library.cantaloupe.perf.processor.JaiProcessorPerformance.readInfoWithTIF#---7,OSCNN
cantaloupe-project__cantaloupe#edu.illinois.library.cantaloupe.perf.processor.JaiProcessorPerformance.readInfoWithTIF#---8,OSCNN
cantaloupe-project__cantaloupe#edu.illinois.library.cantaloupe.perf.processor.JaiProcessorPerformance.readInfoWithTIF#---9,OSCNN
cantaloupe-project__cantaloupe#edu.illinois.library.cantaloupe.perf.processor.Java2dProcessorPerformance.processWithBMP#---0,OSCNN
cantaloupe-project__cantaloupe#edu.illinois.library.cantaloupe.perf.processor.Java2dProcessorPerformance.processWithBMP#---1,OSCNN
cantaloupe-project__cantaloupe#edu.illinois.library.cantaloupe.perf.processor.Java2dProcessorPerformance.processWithBMP#---2,OSCNN
cantaloupe-project__cantaloupe#edu.illinois.library.cantaloupe.perf.processor.Java2dProcessorPerformance.processWithBMP#---3,OSCNN
cantaloupe-project__cantaloupe#edu.illinois.library.cantaloupe.perf.processor.Java2dProcessorPerformance.processWithBMP#---4,OSCNN
cantaloupe-project__cantaloupe#edu.illinois.library.cantaloupe.perf.processor.Java2dProcessorPerformance.processWithBMP#---5,OSCNN
cantaloupe-project__cantaloupe#edu.illinois.library.cantaloupe.perf.processor.Java2dProcessorPerformance.processWithBMP#---6,OSCNN
cantaloupe-project__cantaloupe#edu.illinois.library.cantaloupe.perf.processor.Java2dProcessorPerformance.processWithBMP#---7,OSCNN
cantaloupe-project__cantaloupe#edu.illinois.library.cantaloupe.perf.processor.Java2dProcessorPerformance.processWithBMP#---8,OSCNN
cantaloupe-project__cantaloupe#edu.illinois.library.cantaloupe.perf.processor.Java2dProcessorPerformance.processWithBMP#---9,OSCNN
cantaloupe-project__cantaloupe#edu.illinois.library.cantaloupe.perf.processor.Java2dProcessorPerformance.processWithPNG#---0,OSCNN
cantaloupe-project__cantaloupe#edu.illinois.library.cantaloupe.perf.processor.Java2dProcessorPerformance.processWithPNG#---1,OSCNN
cantaloupe-project__cantaloupe#edu.illinois.library.cantaloupe.perf.processor.Java2dProcessorPerformance.processWithPNG#---2,OSCNN
cantaloupe-project__cantaloupe#edu.illinois.library.cantaloupe.perf.processor.Java2dProcessorPerformance.processWithPNG#---3,OSCNN
cantaloupe-project__cantaloupe#edu.illinois.library.cantaloupe.perf.processor.Java2dProcessorPerformance.processWithPNG#---4,OSCNN
cantaloupe-project__cantaloupe#edu.illinois.library.cantaloupe.perf.processor.Java2dProcessorPerformance.processWithPNG#---5,OSCNN
cantaloupe-project__cantaloupe#edu.illinois.library.cantaloupe.perf.processor.Java2dProcessorPerformance.processWithPNG#---6,OSCNN
cantaloupe-project__cantaloupe#edu.illinois.library.cantaloupe.perf.processor.Java2dProcessorPerformance.processWithPNG#---7,OSCNN
cantaloupe-project__cantaloupe#edu.illinois.library.cantaloupe.perf.processor.Java2dProcessorPerformance.processWithPNG#---8,OSCNN
cantaloupe-project__cantaloupe#edu.illinois.library.cantaloupe.perf.processor.Java2dProcessorPerformance.processWithPNG#---9,OSCNN
cantaloupe-project__cantaloupe#edu.illinois.library.cantaloupe.perf.processor.PdfBoxProcessorPerformance.process#---0,OSCNN
cantaloupe-project__cantaloupe#edu.illinois.library.cantaloupe.perf.processor.PdfBoxProcessorPerformance.process#---1,OSCNN
cantaloupe-project__cantaloupe#edu.illinois.library.cantaloupe.perf.processor.PdfBoxProcessorPerformance.process#---2,OSCNN
cantaloupe-project__cantaloupe#edu.illinois.library.cantaloupe.perf.processor.PdfBoxProcessorPerformance.process#---3,OSCNN
cantaloupe-project__cantaloupe#edu.illinois.library.cantaloupe.perf.processor.PdfBoxProcessorPerformance.process#---4,OSCNN
cantaloupe-project__cantaloupe#edu.illinois.library.cantaloupe.perf.processor.PdfBoxProcessorPerformance.process#---5,OSCNN
cantaloupe-project__cantaloupe#edu.illinois.library.cantaloupe.perf.processor.PdfBoxProcessorPerformance.process#---6,OSCNN
cantaloupe-project__cantaloupe#edu.illinois.library.cantaloupe.perf.processor.PdfBoxProcessorPerformance.process#---7,OSCNN
cantaloupe-project__cantaloupe#edu.illinois.library.cantaloupe.perf.processor.PdfBoxProcessorPerformance.process#---8,OSCNN
cantaloupe-project__cantaloupe#edu.illinois.library.cantaloupe.perf.processor.PdfBoxProcessorPerformance.process#---9,OSCNN
cantaloupe-project__cantaloupe#edu.illinois.library.cantaloupe.perf.processor.codec.BMPImageReaderPerformance.testReadRenderedWithArguments#---0,FCN
cantaloupe-project__cantaloupe#edu.illinois.library.cantaloupe.perf.processor.codec.BMPImageReaderPerformance.testReadRenderedWithArguments#---1,Rocket
cantaloupe-project__cantaloupe#edu.illinois.library.cantaloupe.perf.processor.codec.BMPImageReaderPerformance.testReadRenderedWithArguments#---2,Rocket
cantaloupe-project__cantaloupe#edu.illinois.library.cantaloupe.perf.processor.codec.BMPImageReaderPerformance.testReadRenderedWithArguments#---3,Rocket
cantaloupe-project__cantaloupe#edu.illinois.library.cantaloupe.perf.processor.codec.BMPImageReaderPerformance.testReadRenderedWithArguments#---4,Rocket
cantaloupe-project__cantaloupe#edu.illinois.library.cantaloupe.perf.processor.codec.BMPImageReaderPerformance.testReadRenderedWithArguments#---5,Rocket
cantaloupe-project__cantaloupe#edu.illinois.library.cantaloupe.perf.processor.codec.BMPImageReaderPerformance.testReadRenderedWithArguments#---6,FCN
cantaloupe-project__cantaloupe#edu.illinois.library.cantaloupe.perf.processor.codec.BMPImageReaderPerformance.testReadRenderedWithArguments#---7,FCN
cantaloupe-project__cantaloupe#edu.illinois.library.cantaloupe.perf.processor.codec.BMPImageReaderPerformance.testReadRenderedWithArguments#---8,FCN
cantaloupe-project__cantaloupe#edu.illinois.library.cantaloupe.perf.processor.codec.BMPImageReaderPerformance.testReadRenderedWithArguments#---9,FCN
cantaloupe-project__cantaloupe#edu.illinois.library.cantaloupe.perf.processor.codec.GIFImageReaderPerformance.testGetNumImages#---0,Rocket
cantaloupe-project__cantaloupe#edu.illinois.library.cantaloupe.perf.processor.codec.GIFImageReaderPerformance.testGetNumImages#---1,Rocket
cantaloupe-project__cantaloupe#edu.illinois.library.cantaloupe.perf.processor.codec.GIFImageReaderPerformance.testGetNumImages#---2,Rocket
cantaloupe-project__cantaloupe#edu.illinois.library.cantaloupe.perf.processor.codec.GIFImageReaderPerformance.testGetNumImages#---3,Rocket
cantaloupe-project__cantaloupe#edu.illinois.library.cantaloupe.perf.processor.codec.GIFImageReaderPerformance.testGetNumImages#---4,FCN
cantaloupe-project__cantaloupe#edu.illinois.library.cantaloupe.perf.processor.codec.GIFImageReaderPerformance.testGetNumImages#---5,Rocket
cantaloupe-project__cantaloupe#edu.illinois.library.cantaloupe.perf.processor.codec.GIFImageReaderPerformance.testGetNumImages#---6,Rocket
cantaloupe-project__cantaloupe#edu.illinois.library.cantaloupe.perf.processor.codec.GIFImageReaderPerformance.testGetNumImages#---7,Rocket
cantaloupe-project__cantaloupe#edu.illinois.library.cantaloupe.perf.processor.codec.GIFImageReaderPerformance.testGetNumImages#---8,Rocket
cantaloupe-project__cantaloupe#edu.illinois.library.cantaloupe.perf.processor.codec.GIFImageReaderPerformance.testRead#---0,OSCNN
cantaloupe-project__cantaloupe#edu.illinois.library.cantaloupe.perf.processor.codec.GIFImageReaderPerformance.testRead#---1,OSCNN
cantaloupe-project__cantaloupe#edu.illinois.library.cantaloupe.perf.processor.codec.GIFImageReaderPerformance.testRead#---2,OSCNN
cantaloupe-project__cantaloupe#edu.illinois.library.cantaloupe.perf.processor.codec.GIFImageReaderPerformance.testRead#---3,OSCNN
cantaloupe-project__cantaloupe#edu.illinois.library.cantaloupe.perf.processor.codec.GIFImageReaderPerformance.testRead#---4,OSCNN
cantaloupe-project__cantaloupe#edu.illinois.library.cantaloupe.perf.processor.codec.GIFImageReaderPerformance.testRead#---5,OSCNN
cantaloupe-project__cantaloupe#edu.illinois.library.cantaloupe.perf.processor.codec.GIFImageReaderPerformance.testRead#---6,OSCNN
cantaloupe-project__cantaloupe#edu.illinois.library.cantaloupe.perf.processor.codec.GIFImageReaderPerformance.testRead#---7,OSCNN
cantaloupe-project__cantaloupe#edu.illinois.library.cantaloupe.perf.processor.codec.GIFImageReaderPerformance.testRead#---9,OSCNN
cantaloupe-project__cantaloupe#edu.illinois.library.cantaloupe.perf.processor.codec.GIFImageWriterPerformance.testWriteWithPlanarImage#---0,OSCNN
cantaloupe-project__cantaloupe#edu.illinois.library.cantaloupe.perf.processor.codec.GIFImageWriterPerformance.testWriteWithPlanarImage#---1,OSCNN
cantaloupe-project__cantaloupe#edu.illinois.library.cantaloupe.perf.processor.codec.GIFImageWriterPerformance.testWriteWithPlanarImage#---2,OSCNN
cantaloupe-project__cantaloupe#edu.illinois.library.cantaloupe.perf.processor.codec.GIFImageWriterPerformance.testWriteWithPlanarImage#---3,OSCNN
cantaloupe-project__cantaloupe#edu.illinois.library.cantaloupe.perf.processor.codec.GIFImageWriterPerformance.testWriteWithPlanarImage#---4,OSCNN
cantaloupe-project__cantaloupe#edu.illinois.library.cantaloupe.perf.processor.codec.GIFImageWriterPerformance.testWriteWithPlanarImage#---5,OSCNN
cantaloupe-project__cantaloupe#edu.illinois.library.cantaloupe.perf.processor.codec.GIFImageWriterPerformance.testWriteWithPlanarImage#---6,OSCNN
cantaloupe-project__cantaloupe#edu.illinois.library.cantaloupe.perf.processor.codec.GIFImageWriterPerformance.testWriteWithPlanarImage#---7,OSCNN
cantaloupe-project__cantaloupe#edu.illinois.library.cantaloupe.perf.processor.codec.GIFImageWriterPerformance.testWriteWithPlanarImage#---8,OSCNN
cantaloupe-project__cantaloupe#edu.illinois.library.cantaloupe.perf.processor.codec.GIFImageWriterPerformance.testWriteWithPlanarImage#---9,OSCNN
cantaloupe-project__cantaloupe#edu.illinois.library.cantaloupe.perf.processor.codec.GIFImageWriterPerformance.testWriteWithSequence#---0,OSCNN
cantaloupe-project__cantaloupe#edu.illinois.library.cantaloupe.perf.processor.codec.GIFImageWriterPerformance.testWriteWithSequence#---1,Rocket
cantaloupe-project__cantaloupe#edu.illinois.library.cantaloupe.perf.processor.codec.GIFImageWriterPerformance.testWriteWithSequence#---2,OSCNN
cantaloupe-project__cantaloupe#edu.illinois.library.cantaloupe.perf.processor.codec.GIFImageWriterPerformance.testWriteWithSequence#---3,OSCNN
cantaloupe-project__cantaloupe#edu.illinois.library.cantaloupe.perf.processor.codec.GIFImageWriterPerformance.testWriteWithSequence#---4,FCN
cantaloupe-project__cantaloupe#edu.illinois.library.cantaloupe.perf.processor.codec.GIFImageWriterPerformance.testWriteWithSequence#---5,OSCNN
cantaloupe-project__cantaloupe#edu.illinois.library.cantaloupe.perf.processor.codec.GIFImageWriterPerformance.testWriteWithSequence#---6,OSCNN
cantaloupe-project__cantaloupe#edu.illinois.library.cantaloupe.perf.processor.codec.GIFImageWriterPerformance.testWriteWithSequence#---7,OSCNN
cantaloupe-project__cantaloupe#edu.illinois.library.cantaloupe.perf.processor.codec.GIFImageWriterPerformance.testWriteWithSequence#---8,Rocket
cantaloupe-project__cantaloupe#edu.illinois.library.cantaloupe.perf.processor.codec.GIFImageWriterPerformance.testWriteWithSequence#---9,OSCNN
cantaloupe-project__cantaloupe#edu.illinois.library.cantaloupe.perf.processor.codec.JPEGImageReaderPerformance.testGetNumImages#---0,Rocket
cantaloupe-project__cantaloupe#edu.illinois.library.cantaloupe.perf.processor.codec.JPEGImageReaderPerformance.testGetNumImages#---1,Rocket
cantaloupe-project__cantaloupe#edu.illinois.library.cantaloupe.perf.processor.codec.JPEGImageReaderPerformance.testGetNumImages#---2,Rocket
cantaloupe-project__cantaloupe#edu.illinois.library.cantaloupe.perf.processor.codec.JPEGImageReaderPerformance.testGetNumImages#---3,Rocket
cantaloupe-project__cantaloupe#edu.illinois.library.cantaloupe.perf.processor.codec.JPEGImageReaderPerformance.testGetNumImages#---4,Rocket
cantaloupe-project__cantaloupe#edu.illinois.library.cantaloupe.perf.processor.codec.JPEGImageReaderPerformance.testGetNumImages#---5,Rocket
cantaloupe-project__cantaloupe#edu.illinois.library.cantaloupe.perf.processor.codec.JPEGImageReaderPerformance.testGetNumImages#---6,Rocket
cantaloupe-project__cantaloupe#edu.illinois.library.cantaloupe.perf.processor.codec.JPEGImageReaderPerformance.testGetNumImages#---7,Rocket
cantaloupe-project__cantaloupe#edu.illinois.library.cantaloupe.perf.processor.codec.JPEGImageReaderPerformance.testGetNumImages#---8,Rocket
cantaloupe-project__cantaloupe#edu.illinois.library.cantaloupe.perf.processor.codec.JPEGImageReaderPerformance.testGetNumImages#---9,Rocket
cantaloupe-project__cantaloupe#edu.illinois.library.cantaloupe.perf.processor.codec.PNGImageWriterPerformance.testWriteWithBufferedImageAndNativeMetadata#---0,OSCNN
cantaloupe-project__cantaloupe#edu.illinois.library.cantaloupe.perf.processor.codec.PNGImageWriterPerformance.testWriteWithBufferedImageAndNativeMetadata#---1,OSCNN
cantaloupe-project__cantaloupe#edu.illinois.library.cantaloupe.perf.processor.codec.PNGImageWriterPerformance.testWriteWithBufferedImageAndNativeMetadata#---2,OSCNN
cantaloupe-project__cantaloupe#edu.illinois.library.cantaloupe.perf.processor.codec.PNGImageWriterPerformance.testWriteWithBufferedImageAndNativeMetadata#---3,OSCNN
cantaloupe-project__cantaloupe#edu.illinois.library.cantaloupe.perf.processor.codec.PNGImageWriterPerformance.testWriteWithBufferedImageAndNativeMetadata#---4,OSCNN
cantaloupe-project__cantaloupe#edu.illinois.library.cantaloupe.perf.processor.codec.PNGImageWriterPerformance.testWriteWithBufferedImageAndNativeMetadata#---5,OSCNN
cantaloupe-project__cantaloupe#edu.illinois.library.cantaloupe.perf.processor.codec.PNGImageWriterPerformance.testWriteWithBufferedImageAndNativeMetadata#---6,OSCNN
cantaloupe-project__cantaloupe#edu.illinois.library.cantaloupe.perf.processor.codec.PNGImageWriterPerformance.testWriteWithBufferedImageAndNativeMetadata#---7,OSCNN
cantaloupe-project__cantaloupe#edu.illinois.library.cantaloupe.perf.processor.codec.PNGImageWriterPerformance.testWriteWithBufferedImageAndNativeMetadata#---8,OSCNN
cantaloupe-project__cantaloupe#edu.illinois.library.cantaloupe.perf.processor.codec.PNGImageWriterPerformance.testWriteWithBufferedImageAndNativeMetadata#---9,OSCNN
cantaloupe-project__cantaloupe#edu.illinois.library.cantaloupe.perf.processor.codec.TIFFImageWriterPerformance.testWriteWithBufferedImageAndXMPMetadata#---0,OSCNN
cantaloupe-project__cantaloupe#edu.illinois.library.cantaloupe.perf.processor.codec.TIFFImageWriterPerformance.testWriteWithBufferedImageAndXMPMetadata#---1,OSCNN
cantaloupe-project__cantaloupe#edu.illinois.library.cantaloupe.perf.processor.codec.TIFFImageWriterPerformance.testWriteWithBufferedImageAndXMPMetadata#---2,OSCNN
cantaloupe-project__cantaloupe#edu.illinois.library.cantaloupe.perf.processor.codec.TIFFImageWriterPerformance.testWriteWithBufferedImageAndXMPMetadata#---3,OSCNN
cantaloupe-project__cantaloupe#edu.illinois.library.cantaloupe.perf.processor.codec.TIFFImageWriterPerformance.testWriteWithBufferedImageAndXMPMetadata#---4,OSCNN
cantaloupe-project__cantaloupe#edu.illinois.library.cantaloupe.perf.processor.codec.TIFFImageWriterPerformance.testWriteWithBufferedImageAndXMPMetadata#---5,OSCNN
cantaloupe-project__cantaloupe#edu.illinois.library.cantaloupe.perf.processor.codec.TIFFImageWriterPerformance.testWriteWithBufferedImageAndXMPMetadata#---6,OSCNN
cantaloupe-project__cantaloupe#edu.illinois.library.cantaloupe.perf.processor.codec.TIFFImageWriterPerformance.testWriteWithBufferedImageAndXMPMetadata#---7,OSCNN
cantaloupe-project__cantaloupe#edu.illinois.library.cantaloupe.perf.processor.codec.TIFFImageWriterPerformance.testWriteWithBufferedImageAndXMPMetadata#---8,OSCNN
cantaloupe-project__cantaloupe#edu.illinois.library.cantaloupe.perf.processor.codec.TIFFImageWriterPerformance.testWriteWithBufferedImageAndXMPMetadata#---9,OSCNN
cantaloupe-project__cantaloupe#edu.illinois.library.cantaloupe.perf.processor.codec.TIFFImageWriterPerformance.testWriteWithPlanarImage#---0,OSCNN
cantaloupe-project__cantaloupe#edu.illinois.library.cantaloupe.perf.processor.codec.TIFFImageWriterPerformance.testWriteWithPlanarImage#---1,OSCNN
cantaloupe-project__cantaloupe#edu.illinois.library.cantaloupe.perf.processor.codec.TIFFImageWriterPerformance.testWriteWithPlanarImage#---2,OSCNN
cantaloupe-project__cantaloupe#edu.illinois.library.cantaloupe.perf.processor.codec.TIFFImageWriterPerformance.testWriteWithPlanarImage#---3,OSCNN
cantaloupe-project__cantaloupe#edu.illinois.library.cantaloupe.perf.processor.codec.TIFFImageWriterPerformance.testWriteWithPlanarImage#---4,OSCNN
cantaloupe-project__cantaloupe#edu.illinois.library.cantaloupe.perf.processor.codec.TIFFImageWriterPerformance.testWriteWithPlanarImage#---5,OSCNN
cantaloupe-project__cantaloupe#edu.illinois.library.cantaloupe.perf.processor.codec.TIFFImageWriterPerformance.testWriteWithPlanarImage#---6,OSCNN
cantaloupe-project__cantaloupe#edu.illinois.library.cantaloupe.perf.processor.codec.TIFFImageWriterPerformance.testWriteWithPlanarImage#---7,OSCNN
cantaloupe-project__cantaloupe#edu.illinois.library.cantaloupe.perf.processor.codec.TIFFImageWriterPerformance.testWriteWithPlanarImage#---8,OSCNN
cantaloupe-project__cantaloupe#edu.illinois.library.cantaloupe.perf.processor.codec.TIFFImageWriterPerformance.testWriteWithPlanarImage#---9,OSCNN
cantaloupe-project__cantaloupe#edu.illinois.library.cantaloupe.perf.processor.codec.TIFFImageWriterPerformance.testWriteWithPlanarImageAndEXIFMetadata#---0,OSCNN
cantaloupe-project__cantaloupe#edu.illinois.library.cantaloupe.perf.processor.codec.TIFFImageWriterPerformance.testWriteWithPlanarImageAndEXIFMetadata#---1,OSCNN
cantaloupe-project__cantaloupe#edu.illinois.library.cantaloupe.perf.processor.codec.TIFFImageWriterPerformance.testWriteWithPlanarImageAndEXIFMetadata#---2,OSCNN
cantaloupe-project__cantaloupe#edu.illinois.library.cantaloupe.perf.processor.codec.TIFFImageWriterPerformance.testWriteWithPlanarImageAndEXIFMetadata#---3,OSCNN
cantaloupe-project__cantaloupe#edu.illinois.library.cantaloupe.perf.processor.codec.TIFFImageWriterPerformance.testWriteWithPlanarImageAndEXIFMetadata#---4,OSCNN
cantaloupe-project__cantaloupe#edu.illinois.library.cantaloupe.perf.processor.codec.TIFFImageWriterPerformance.testWriteWithPlanarImageAndEXIFMetadata#---5,OSCNN
cantaloupe-project__cantaloupe#edu.illinois.library.cantaloupe.perf.processor.codec.TIFFImageWriterPerformance.testWriteWithPlanarImageAndEXIFMetadata#---6,OSCNN
cantaloupe-project__cantaloupe#edu.illinois.library.cantaloupe.perf.processor.codec.TIFFImageWriterPerformance.testWriteWithPlanarImageAndEXIFMetadata#---7,OSCNN
cantaloupe-project__cantaloupe#edu.illinois.library.cantaloupe.perf.processor.codec.TIFFImageWriterPerformance.testWriteWithPlanarImageAndEXIFMetadata#---8,OSCNN
cantaloupe-project__cantaloupe#edu.illinois.library.cantaloupe.perf.processor.codec.TIFFImageWriterPerformance.testWriteWithPlanarImageAndEXIFMetadata#---9,OSCNN
cantaloupe-project__cantaloupe#edu.illinois.library.cantaloupe.perf.processor.codec.TIFFImageWriterPerformance.testWriteWithPlanarImageAndXMPMetadata#---0,OSCNN
cantaloupe-project__cantaloupe#edu.illinois.library.cantaloupe.perf.processor.codec.TIFFImageWriterPerformance.testWriteWithPlanarImageAndXMPMetadata#---1,OSCNN
cantaloupe-project__cantaloupe#edu.illinois.library.cantaloupe.perf.processor.codec.TIFFImageWriterPerformance.testWriteWithPlanarImageAndXMPMetadata#---2,OSCNN
cantaloupe-project__cantaloupe#edu.illinois.library.cantaloupe.perf.processor.codec.TIFFImageWriterPerformance.testWriteWithPlanarImageAndXMPMetadata#---3,OSCNN
cantaloupe-project__cantaloupe#edu.illinois.library.cantaloupe.perf.processor.codec.TIFFImageWriterPerformance.testWriteWithPlanarImageAndXMPMetadata#---4,OSCNN
cantaloupe-project__cantaloupe#edu.illinois.library.cantaloupe.perf.processor.codec.TIFFImageWriterPerformance.testWriteWithPlanarImageAndXMPMetadata#---5,OSCNN
cantaloupe-project__cantaloupe#edu.illinois.library.cantaloupe.perf.processor.codec.TIFFImageWriterPerformance.testWriteWithPlanarImageAndXMPMetadata#---6,OSCNN
cantaloupe-project__cantaloupe#edu.illinois.library.cantaloupe.perf.processor.codec.TIFFImageWriterPerformance.testWriteWithPlanarImageAndXMPMetadata#---7,OSCNN
cantaloupe-project__cantaloupe#edu.illinois.library.cantaloupe.perf.processor.codec.TIFFImageWriterPerformance.testWriteWithPlanarImageAndXMPMetadata#---8,OSCNN
cantaloupe-project__cantaloupe#edu.illinois.library.cantaloupe.perf.processor.codec.TIFFImageWriterPerformance.testWriteWithPlanarImageAndXMPMetadata#---9,OSCNN
crate__crate#io.crate.analyze.PreExecutionBenchmark.measureAnalyzeSimpleSelect#---0,Rocket
crate__crate#io.crate.analyze.PreExecutionBenchmark.measureAnalyzeSimpleSelect#---1,OSCNN
crate__crate#io.crate.analyze.PreExecutionBenchmark.measureAnalyzeSimpleSelect#---2,OSCNN
crate__crate#io.crate.analyze.PreExecutionBenchmark.measureAnalyzeSimpleSelect#---4,OSCNN
crate__crate#io.crate.analyze.PreExecutionBenchmark.measureAnalyzeSimpleSelect#---5,OSCNN
crate__crate#io.crate.analyze.PreExecutionBenchmark.measureAnalyzeSimpleSelect#---6,OSCNN
crate__crate#io.crate.analyze.PreExecutionBenchmark.measureAnalyzeSimpleSelect#---7,OSCNN
crate__crate#io.crate.analyze.PreExecutionBenchmark.measureAnalyzeSimpleSelect#---8,OSCNN
crate__crate#io.crate.analyze.PreExecutionBenchmark.measureAnalyzeSimpleSelect#---9,OSCNN
crate__crate#io.crate.analyze.PreExecutionBenchmark.measureParseAnalyzeAndPlanInsertFromValues#---0,OSCNN
crate__crate#io.crate.analyze.PreExecutionBenchmark.measureParseAnalyzeAndPlanInsertFromValues#---1,OSCNN
crate__crate#io.crate.analyze.PreExecutionBenchmark.measureParseAnalyzeAndPlanInsertFromValues#---3,OSCNN
crate__crate#io.crate.analyze.PreExecutionBenchmark.measureParseAnalyzeAndPlanInsertFromValues#---4,OSCNN
crate__crate#io.crate.analyze.PreExecutionBenchmark.measureParseAnalyzeAndPlanInsertFromValues#---5,OSCNN
crate__crate#io.crate.analyze.PreExecutionBenchmark.measureParseAnalyzeAndPlanInsertFromValues#---6,OSCNN
crate__crate#io.crate.analyze.PreExecutionBenchmark.measureParseAnalyzeAndPlanInsertFromValues#---7,OSCNN
crate__crate#io.crate.analyze.PreExecutionBenchmark.measureParseAnalyzeAndPlanInsertFromValues#---8,OSCNN
crate__crate#io.crate.analyze.PreExecutionBenchmark.measureParseAnalyzeAndPlanInsertFromValues#---9,OSCNN
crate__crate#io.crate.analyze.PreExecutionBenchmark.measureParseAndAnalyzeSimpleSelect#---0,OSCNN
crate__crate#io.crate.analyze.PreExecutionBenchmark.measureParseAndAnalyzeSimpleSelect#---2,OSCNN
crate__crate#io.crate.analyze.PreExecutionBenchmark.measureParseAndAnalyzeSimpleSelect#---3,OSCNN
crate__crate#io.crate.analyze.PreExecutionBenchmark.measureParseAndAnalyzeSimpleSelect#---4,OSCNN
crate__crate#io.crate.analyze.PreExecutionBenchmark.measureParseAndAnalyzeSimpleSelect#---5,OSCNN
crate__crate#io.crate.analyze.PreExecutionBenchmark.measureParseAndAnalyzeSimpleSelect#---6,OSCNN
crate__crate#io.crate.analyze.PreExecutionBenchmark.measureParseAndAnalyzeSimpleSelect#---7,OSCNN
crate__crate#io.crate.analyze.PreExecutionBenchmark.measureParseAndAnalyzeSimpleSelect#---9,OSCNN
crate__crate#io.crate.analyze.PreExecutionBenchmark.measureParseSimpleSelect#---0,OSCNN
crate__crate#io.crate.analyze.PreExecutionBenchmark.measureParseSimpleSelect#---1,OSCNN
crate__crate#io.crate.analyze.PreExecutionBenchmark.measureParseSimpleSelect#---2,OSCNN
crate__crate#io.crate.analyze.PreExecutionBenchmark.measureParseSimpleSelect#---3,OSCNN
crate__crate#io.crate.analyze.PreExecutionBenchmark.measureParseSimpleSelect#---4,OSCNN
crate__crate#io.crate.analyze.PreExecutionBenchmark.measureParseSimpleSelect#---5,OSCNN
crate__crate#io.crate.analyze.PreExecutionBenchmark.measureParseSimpleSelect#---6,OSCNN
crate__crate#io.crate.analyze.PreExecutionBenchmark.measureParseSimpleSelect#---7,OSCNN
crate__crate#io.crate.analyze.PreExecutionBenchmark.measureParseSimpleSelect#---8,OSCNN
crate__crate#io.crate.analyze.PreExecutionBenchmark.measureParseSimpleSelect#---9,OSCNN
crate__crate#io.crate.data.join.RowsBatchIteratorBenchmark.measureConsumeHashInnerJoin#---0,Rocket
crate__crate#io.crate.data.join.RowsBatchIteratorBenchmark.measureConsumeHashInnerJoin#---1,OSCNN
crate__crate#io.crate.data.join.RowsBatchIteratorBenchmark.measureConsumeHashInnerJoin#---2,Rocket
crate__crate#io.crate.data.join.RowsBatchIteratorBenchmark.measureConsumeHashInnerJoin#---3,OSCNN
crate__crate#io.crate.data.join.RowsBatchIteratorBenchmark.measureConsumeHashInnerJoin#---4,OSCNN
crate__crate#io.crate.data.join.RowsBatchIteratorBenchmark.measureConsumeHashInnerJoin#---6,OSCNN
crate__crate#io.crate.data.join.RowsBatchIteratorBenchmark.measureConsumeHashInnerJoin#---7,OSCNN
crate__crate#io.crate.data.join.RowsBatchIteratorBenchmark.measureConsumeHashInnerJoin#---8,Rocket
crate__crate#io.crate.data.join.RowsBatchIteratorBenchmark.measureConsumeHashInnerJoin#---9,Rocket
crate__crate#io.crate.data.join.RowsBatchIteratorBenchmark.measureConsumeNestedLoopJoin#---0,Rocket
crate__crate#io.crate.data.join.RowsBatchIteratorBenchmark.measureConsumeNestedLoopJoin#---1,Rocket
crate__crate#io.crate.data.join.RowsBatchIteratorBenchmark.measureConsumeNestedLoopJoin#---2,Rocket
crate__crate#io.crate.data.join.RowsBatchIteratorBenchmark.measureConsumeNestedLoopJoin#---3,Rocket
crate__crate#io.crate.data.join.RowsBatchIteratorBenchmark.measureConsumeNestedLoopJoin#---4,Rocket
crate__crate#io.crate.data.join.RowsBatchIteratorBenchmark.measureConsumeNestedLoopJoin#---5,Rocket
crate__crate#io.crate.data.join.RowsBatchIteratorBenchmark.measureConsumeNestedLoopJoin#---6,Rocket
crate__crate#io.crate.data.join.RowsBatchIteratorBenchmark.measureConsumeNestedLoopJoin#---7,Rocket
crate__crate#io.crate.data.join.RowsBatchIteratorBenchmark.measureConsumeNestedLoopJoin#---8,Rocket
crate__crate#io.crate.data.join.RowsBatchIteratorBenchmark.measureConsumeNestedLoopJoin#---9,Rocket
crate__crate#io.crate.data.join.RowsBatchIteratorBenchmark.measureConsumeSkippingBatchIterator#---1,OSCNN
crate__crate#io.crate.data.join.RowsBatchIteratorBenchmark.measureConsumeSkippingBatchIterator#---4,FCN
crate__crate#io.crate.data.join.RowsBatchIteratorBenchmark.measureConsumeSkippingBatchIterator#---5,FCN
crate__crate#io.crate.data.join.RowsBatchIteratorBenchmark.measureConsumeSkippingBatchIterator#---6,OSCNN
crate__crate#io.crate.execution.engine.aggregation.AggregateCollectorBenchmark.measureAggregateCollector#---2,OSCNN
crate__crate#io.crate.execution.engine.aggregation.AggregateCollectorBenchmark.measureAggregateCollector#---4,OSCNN
crate__crate#io.crate.execution.engine.aggregation.AggregateCollectorBenchmark.measureAggregateCollector#---5,OSCNN
crate__crate#io.crate.execution.engine.aggregation.AggregateCollectorBenchmark.measureAggregateCollector#---6,OSCNN
crate__crate#io.crate.execution.engine.aggregation.AggregateCollectorBenchmark.measureAggregateCollector#---7,Rocket
crate__crate#io.crate.execution.engine.aggregation.GroupingLongCollectorBenchmark.measureGroupBySumLong#---0,OSCNN
crate__crate#io.crate.execution.engine.aggregation.GroupingLongCollectorBenchmark.measureGroupBySumLong#---1,OSCNN
crate__crate#io.crate.execution.engine.aggregation.GroupingLongCollectorBenchmark.measureGroupBySumLong#---2,OSCNN
crate__crate#io.crate.execution.engine.aggregation.GroupingLongCollectorBenchmark.measureGroupBySumLong#---3,OSCNN
crate__crate#io.crate.execution.engine.aggregation.GroupingLongCollectorBenchmark.measureGroupBySumLong#---4,OSCNN
crate__crate#io.crate.execution.engine.aggregation.GroupingLongCollectorBenchmark.measureGroupBySumLong#---5,FCN
crate__crate#io.crate.execution.engine.aggregation.GroupingLongCollectorBenchmark.measureGroupBySumLong#---6,OSCNN
crate__crate#io.crate.execution.engine.aggregation.GroupingLongCollectorBenchmark.measureGroupBySumLong#---7,OSCNN
crate__crate#io.crate.execution.engine.aggregation.GroupingLongCollectorBenchmark.measureGroupBySumLong#---9,OSCNN
crate__crate#io.crate.execution.engine.aggregation.GroupingLongCollectorBenchmark.measureGroupingOnNumericDocValues#---0,OSCNN
crate__crate#io.crate.execution.engine.aggregation.GroupingLongCollectorBenchmark.measureGroupingOnNumericDocValues#---1,Rocket
crate__crate#io.crate.execution.engine.aggregation.GroupingLongCollectorBenchmark.measureGroupingOnNumericDocValues#---2,Rocket
crate__crate#io.crate.execution.engine.aggregation.GroupingLongCollectorBenchmark.measureGroupingOnNumericDocValues#---3,FCN
crate__crate#io.crate.execution.engine.aggregation.GroupingLongCollectorBenchmark.measureGroupingOnNumericDocValues#---4,FCN
crate__crate#io.crate.execution.engine.aggregation.GroupingLongCollectorBenchmark.measureGroupingOnNumericDocValues#---5,OSCNN
crate__crate#io.crate.execution.engine.aggregation.GroupingLongCollectorBenchmark.measureGroupingOnNumericDocValues#---6,Rocket
crate__crate#io.crate.execution.engine.aggregation.GroupingLongCollectorBenchmark.measureGroupingOnNumericDocValues#---7,FCN
crate__crate#io.crate.execution.engine.aggregation.GroupingLongCollectorBenchmark.measureGroupingOnNumericDocValues#---8,FCN
crate__crate#io.crate.execution.engine.aggregation.GroupingLongCollectorBenchmark.measureGroupingOnNumericDocValues#---9,FCN
crate__crate#io.crate.execution.engine.collect.collectors.LuceneBatchIteratorBenchmark.measureConsumeLuceneBatchIterator#---0,Rocket
crate__crate#io.crate.execution.engine.collect.collectors.LuceneBatchIteratorBenchmark.measureConsumeLuceneBatchIterator#---1,Rocket
crate__crate#io.crate.execution.engine.collect.collectors.LuceneBatchIteratorBenchmark.measureConsumeLuceneBatchIterator#---2,Rocket
crate__crate#io.crate.execution.engine.collect.collectors.LuceneBatchIteratorBenchmark.measureConsumeLuceneBatchIterator#---3,Rocket
crate__crate#io.crate.execution.engine.collect.collectors.LuceneBatchIteratorBenchmark.measureConsumeLuceneBatchIterator#---4,Rocket
crate__crate#io.crate.execution.engine.collect.collectors.LuceneBatchIteratorBenchmark.measureConsumeLuceneBatchIterator#---5,Rocket
crate__crate#io.crate.execution.engine.collect.collectors.LuceneBatchIteratorBenchmark.measureConsumeLuceneBatchIterator#---6,Rocket
crate__crate#io.crate.execution.engine.collect.collectors.LuceneBatchIteratorBenchmark.measureConsumeLuceneBatchIterator#---7,Rocket
crate__crate#io.crate.execution.engine.collect.collectors.LuceneBatchIteratorBenchmark.measureConsumeLuceneBatchIterator#---8,Rocket
crate__crate#io.crate.execution.engine.collect.collectors.LuceneBatchIteratorBenchmark.measureConsumeLuceneBatchIterator#---9,Rocket
crate__crate#io.crate.execution.engine.distribution.merge.SortedPagingIteratorBenchmark.measureListSort#---0,OSCNN
crate__crate#io.crate.execution.engine.distribution.merge.SortedPagingIteratorBenchmark.measureListSort#---1,OSCNN
crate__crate#io.crate.execution.engine.distribution.merge.SortedPagingIteratorBenchmark.measureListSort#---2,OSCNN
crate__crate#io.crate.execution.engine.distribution.merge.SortedPagingIteratorBenchmark.measureListSort#---3,Rocket
crate__crate#io.crate.execution.engine.distribution.merge.SortedPagingIteratorBenchmark.measureListSort#---4,OSCNN
crate__crate#io.crate.execution.engine.distribution.merge.SortedPagingIteratorBenchmark.measureListSort#---5,OSCNN
crate__crate#io.crate.execution.engine.distribution.merge.SortedPagingIteratorBenchmark.measureListSort#---7,FCN
crate__crate#io.crate.execution.engine.distribution.merge.SortedPagingIteratorBenchmark.measureListSort#---8,Rocket
crate__crate#io.crate.execution.engine.distribution.merge.SortedPagingIteratorBenchmark.measureListSort#---9,Rocket
crate__crate#io.crate.execution.engine.distribution.merge.SortedPagingIteratorBenchmark.measurePagingIteratorWithRepeat#---1,Rocket
crate__crate#io.crate.execution.engine.distribution.merge.SortedPagingIteratorBenchmark.measurePagingIteratorWithRepeat#---2,OSCNN
crate__crate#io.crate.execution.engine.distribution.merge.SortedPagingIteratorBenchmark.measurePagingIteratorWithRepeat#---3,OSCNN
crate__crate#io.crate.execution.engine.distribution.merge.SortedPagingIteratorBenchmark.measurePagingIteratorWithRepeat#---5,OSCNN
crate__crate#io.crate.execution.engine.distribution.merge.SortedPagingIteratorBenchmark.measurePagingIteratorWithRepeat#---6,Rocket
crate__crate#io.crate.execution.engine.distribution.merge.SortedPagingIteratorBenchmark.measurePagingIteratorWithRepeat#---7,OSCNN
crate__crate#io.crate.execution.engine.distribution.merge.SortedPagingIteratorBenchmark.measurePagingIteratorWithRepeat#---8,OSCNN
crate__crate#io.crate.execution.engine.distribution.merge.SortedPagingIteratorBenchmark.measurePagingIteratorWithRepeat#---9,OSCNN
crate__crate#io.crate.execution.engine.distribution.merge.SortedPagingIteratorBenchmark.measurePagingIteratorWithoutRepeat#---0,Rocket
crate__crate#io.crate.execution.engine.distribution.merge.SortedPagingIteratorBenchmark.measurePagingIteratorWithoutRepeat#---1,FCN
crate__crate#io.crate.execution.engine.distribution.merge.SortedPagingIteratorBenchmark.measurePagingIteratorWithoutRepeat#---2,OSCNN
crate__crate#io.crate.execution.engine.distribution.merge.SortedPagingIteratorBenchmark.measurePagingIteratorWithoutRepeat#---3,OSCNN
crate__crate#io.crate.execution.engine.distribution.merge.SortedPagingIteratorBenchmark.measurePagingIteratorWithoutRepeat#---4,Rocket
crate__crate#io.crate.execution.engine.distribution.merge.SortedPagingIteratorBenchmark.measurePagingIteratorWithoutRepeat#---5,Rocket
crate__crate#io.crate.execution.engine.distribution.merge.SortedPagingIteratorBenchmark.measurePagingIteratorWithoutRepeat#---6,OSCNN
crate__crate#io.crate.execution.engine.distribution.merge.SortedPagingIteratorBenchmark.measurePagingIteratorWithoutRepeat#---7,OSCNN
crate__crate#io.crate.execution.engine.distribution.merge.SortedPagingIteratorBenchmark.measurePagingIteratorWithoutRepeat#---8,Rocket
crate__crate#io.crate.execution.engine.distribution.merge.SortedPagingIteratorBenchmark.measurePagingIteratorWithoutRepeat#---9,OSCNN
crate__crate#io.crate.execution.engine.reader.CsvReaderBenchmark.measureFileReadingIteratorForCSV#---0,OSCNN
crate__crate#io.crate.execution.engine.reader.CsvReaderBenchmark.measureFileReadingIteratorForCSV#---1,OSCNN
crate__crate#io.crate.execution.engine.reader.CsvReaderBenchmark.measureFileReadingIteratorForCSV#---2,OSCNN
crate__crate#io.crate.execution.engine.reader.CsvReaderBenchmark.measureFileReadingIteratorForCSV#---3,OSCNN
crate__crate#io.crate.execution.engine.reader.CsvReaderBenchmark.measureFileReadingIteratorForCSV#---4,OSCNN
crate__crate#io.crate.execution.engine.reader.CsvReaderBenchmark.measureFileReadingIteratorForCSV#---5,OSCNN
crate__crate#io.crate.execution.engine.reader.CsvReaderBenchmark.measureFileReadingIteratorForCSV#---6,OSCNN
crate__crate#io.crate.execution.engine.reader.CsvReaderBenchmark.measureFileReadingIteratorForCSV#---7,OSCNN
crate__crate#io.crate.execution.engine.reader.CsvReaderBenchmark.measureFileReadingIteratorForCSV#---8,OSCNN
crate__crate#io.crate.execution.engine.reader.CsvReaderBenchmark.measureFileReadingIteratorForCSV#---9,OSCNN
crate__crate#io.crate.execution.engine.reader.JsonReaderBenchmark.measureFileReadingIteratorForJson#---0,OSCNN
crate__crate#io.crate.execution.engine.reader.JsonReaderBenchmark.measureFileReadingIteratorForJson#---1,OSCNN
crate__crate#io.crate.execution.engine.reader.JsonReaderBenchmark.measureFileReadingIteratorForJson#---2,OSCNN
crate__crate#io.crate.execution.engine.reader.JsonReaderBenchmark.measureFileReadingIteratorForJson#---3,OSCNN
crate__crate#io.crate.execution.engine.reader.JsonReaderBenchmark.measureFileReadingIteratorForJson#---4,OSCNN
crate__crate#io.crate.execution.engine.reader.JsonReaderBenchmark.measureFileReadingIteratorForJson#---5,OSCNN
crate__crate#io.crate.execution.engine.reader.JsonReaderBenchmark.measureFileReadingIteratorForJson#---6,OSCNN
crate__crate#io.crate.execution.engine.reader.JsonReaderBenchmark.measureFileReadingIteratorForJson#---7,OSCNN
crate__crate#io.crate.execution.engine.reader.JsonReaderBenchmark.measureFileReadingIteratorForJson#---8,OSCNN
crate__crate#io.crate.execution.engine.reader.JsonReaderBenchmark.measureFileReadingIteratorForJson#---9,OSCNN
crate__crate#io.crate.operation.aggregation.HyperLogLogDistinctAggregationBenchmark.benchmarkHLLAggregationOffHeap#---0,OSCNN
crate__crate#io.crate.operation.aggregation.HyperLogLogDistinctAggregationBenchmark.benchmarkHLLAggregationOffHeap#---1,Rocket
crate__crate#io.crate.operation.aggregation.HyperLogLogDistinctAggregationBenchmark.benchmarkHLLAggregationOffHeap#---2,Rocket
crate__crate#io.crate.operation.aggregation.HyperLogLogDistinctAggregationBenchmark.benchmarkHLLAggregationOffHeap#---4,Rocket
crate__crate#io.crate.operation.aggregation.HyperLogLogDistinctAggregationBenchmark.benchmarkHLLAggregationOffHeap#---5,OSCNN
crate__crate#io.crate.operation.aggregation.HyperLogLogDistinctAggregationBenchmark.benchmarkHLLAggregationOffHeap#---6,Rocket
crate__crate#io.crate.operation.aggregation.HyperLogLogDistinctAggregationBenchmark.benchmarkHLLAggregationOffHeap#---7,Rocket
crate__crate#io.crate.operation.aggregation.HyperLogLogDistinctAggregationBenchmark.benchmarkHLLAggregationOffHeap#---8,Rocket
crate__crate#io.crate.operation.aggregation.HyperLogLogDistinctAggregationBenchmark.benchmarkHLLAggregationOffHeap#---9,Rocket
crate__crate#io.crate.operation.aggregation.HyperLogLogDistinctAggregationBenchmark.benchmarkHLLAggregationOnHeap#---0,OSCNN
crate__crate#io.crate.operation.aggregation.HyperLogLogDistinctAggregationBenchmark.benchmarkHLLAggregationOnHeap#---1,OSCNN
crate__crate#io.crate.operation.aggregation.HyperLogLogDistinctAggregationBenchmark.benchmarkHLLAggregationOnHeap#---2,OSCNN
crate__crate#io.crate.operation.aggregation.HyperLogLogDistinctAggregationBenchmark.benchmarkHLLAggregationOnHeap#---3,OSCNN
crate__crate#io.crate.operation.aggregation.HyperLogLogDistinctAggregationBenchmark.benchmarkHLLAggregationOnHeap#---4,Rocket
crate__crate#io.crate.operation.aggregation.HyperLogLogDistinctAggregationBenchmark.benchmarkHLLAggregationOnHeap#---5,Rocket
crate__crate#io.crate.operation.aggregation.HyperLogLogDistinctAggregationBenchmark.benchmarkHLLAggregationOnHeap#---6,OSCNN
crate__crate#io.crate.operation.aggregation.HyperLogLogDistinctAggregationBenchmark.benchmarkHLLAggregationOnHeap#---7,Rocket
crate__crate#io.crate.operation.aggregation.HyperLogLogDistinctAggregationBenchmark.benchmarkHLLAggregationOnHeap#---8,OSCNN
crate__crate#io.crate.operation.aggregation.HyperLogLogDistinctAggregationBenchmark.benchmarkHLLAggregationOnHeap#---9,OSCNN
crate__crate#io.crate.operation.aggregation.HyperLogLogDistinctAggregationBenchmark.benchmarkHLLPlusPlusMurmur128#---0,Rocket
crate__crate#io.crate.operation.aggregation.HyperLogLogDistinctAggregationBenchmark.benchmarkHLLPlusPlusMurmur128#---1,Rocket
crate__crate#io.crate.operation.aggregation.HyperLogLogDistinctAggregationBenchmark.benchmarkHLLPlusPlusMurmur128#---2,Rocket
crate__crate#io.crate.operation.aggregation.HyperLogLogDistinctAggregationBenchmark.benchmarkHLLPlusPlusMurmur128#---3,OSCNN
crate__crate#io.crate.operation.aggregation.HyperLogLogDistinctAggregationBenchmark.benchmarkHLLPlusPlusMurmur128#---5,OSCNN
crate__crate#io.crate.operation.aggregation.HyperLogLogDistinctAggregationBenchmark.benchmarkHLLPlusPlusMurmur128#---6,OSCNN
crate__crate#io.crate.operation.aggregation.HyperLogLogDistinctAggregationBenchmark.benchmarkHLLPlusPlusMurmur128#---8,Rocket
crate__crate#io.crate.operation.aggregation.HyperLogLogDistinctAggregationBenchmark.benchmarkHLLPlusPlusMurmur128#---9,OSCNN
crate__crate#io.crate.operation.aggregation.HyperLogLogDistinctAggregationBenchmark.benchmarkHLLPlusPlusMurmur64#---2,OSCNN
crate__crate#io.crate.operation.aggregation.HyperLogLogDistinctAggregationBenchmark.benchmarkHLLPlusPlusMurmur64#---3,OSCNN
crate__crate#io.crate.operation.aggregation.HyperLogLogDistinctAggregationBenchmark.benchmarkHLLPlusPlusMurmur64#---4,OSCNN
crate__crate#io.crate.operation.aggregation.HyperLogLogDistinctAggregationBenchmark.benchmarkHLLPlusPlusMurmur64#---5,Rocket
eclipse-vertx__vert.x#io.vertx.benchmarks.ContextBenchmark.runOnContextNoChecks#---0,Rocket
eclipse-vertx__vert.x#io.vertx.benchmarks.ContextBenchmark.runOnContextNoChecks#---1,Rocket
eclipse-vertx__vert.x#io.vertx.benchmarks.ContextBenchmark.runOnContextNoChecks#---2,Rocket
eclipse-vertx__vert.x#io.vertx.benchmarks.ContextBenchmark.runOnContextNoChecks#---4,Rocket
eclipse-vertx__vert.x#io.vertx.benchmarks.ContextBenchmark.runOnContextNoChecks#---7,Rocket
eclipse-vertx__vert.x#io.vertx.benchmarks.ContextBenchmark.runOnContextNoChecks#---8,Rocket
eclipse-vertx__vert.x#io.vertx.benchmarks.ContextBenchmark.runOnContextNoChecks#---9,Rocket
eclipse-vertx__vert.x#io.vertx.benchmarks.HeadersContainsBenchmark.nettySmallExactMatch#---0,Rocket
eclipse-vertx__vert.x#io.vertx.benchmarks.HeadersContainsBenchmark.nettySmallExactMatch#---1,Rocket
eclipse-vertx__vert.x#io.vertx.benchmarks.HeadersContainsBenchmark.nettySmallExactMatch#---2,Rocket
eclipse-vertx__vert.x#io.vertx.benchmarks.HeadersContainsBenchmark.nettySmallExactMatch#---3,Rocket
eclipse-vertx__vert.x#io.vertx.benchmarks.HeadersContainsBenchmark.nettySmallExactMatch#---5,Rocket
eclipse-vertx__vert.x#io.vertx.benchmarks.HeadersContainsBenchmark.nettySmallExactMatch#---6,Rocket
eclipse-vertx__vert.x#io.vertx.benchmarks.HeadersContainsBenchmark.nettySmallExactMatch#---7,Rocket
eclipse-vertx__vert.x#io.vertx.benchmarks.HeadersContainsBenchmark.nettySmallExactMatch#---9,Rocket
eclipse-vertx__vert.x#io.vertx.benchmarks.HeadersContainsBenchmark.nettySmallExactMiss#---0,Rocket
eclipse-vertx__vert.x#io.vertx.benchmarks.HeadersContainsBenchmark.nettySmallExactMiss#---1,Rocket
eclipse-vertx__vert.x#io.vertx.benchmarks.HeadersContainsBenchmark.nettySmallExactMiss#---2,Rocket
eclipse-vertx__vert.x#io.vertx.benchmarks.HeadersContainsBenchmark.nettySmallExactMiss#---3,Rocket
eclipse-vertx__vert.x#io.vertx.benchmarks.HeadersContainsBenchmark.nettySmallExactMiss#---4,Rocket
eclipse-vertx__vert.x#io.vertx.benchmarks.HeadersContainsBenchmark.nettySmallExactMiss#---5,Rocket
eclipse-vertx__vert.x#io.vertx.benchmarks.HeadersContainsBenchmark.nettySmallExactMiss#---6,Rocket
eclipse-vertx__vert.x#io.vertx.benchmarks.HeadersContainsBenchmark.nettySmallExactMiss#---7,Rocket
eclipse-vertx__vert.x#io.vertx.benchmarks.HeadersContainsBenchmark.nettySmallExactMiss#---9,Rocket
eclipse-vertx__vert.x#io.vertx.benchmarks.HeadersContainsBenchmark.nettySmallMiss#---0,Rocket
eclipse-vertx__vert.x#io.vertx.benchmarks.HeadersContainsBenchmark.nettySmallMiss#---2,Rocket
eclipse-vertx__vert.x#io.vertx.benchmarks.HeadersContainsBenchmark.nettySmallMiss#---3,Rocket
eclipse-vertx__vert.x#io.vertx.benchmarks.HeadersContainsBenchmark.nettySmallMiss#---4,Rocket
eclipse-vertx__vert.x#io.vertx.benchmarks.HeadersContainsBenchmark.nettySmallMiss#---5,Rocket
eclipse-vertx__vert.x#io.vertx.benchmarks.HeadersContainsBenchmark.nettySmallMiss#---6,Rocket
eclipse-vertx__vert.x#io.vertx.benchmarks.HeadersContainsBenchmark.nettySmallMiss#---8,Rocket
eclipse-vertx__vert.x#io.vertx.benchmarks.HeadersContainsBenchmark.nettySmallMiss#---9,Rocket
eclipse-vertx__vert.x#io.vertx.benchmarks.HeadersContainsBenchmark.vertxSmallMatch#---0,Rocket
eclipse-vertx__vert.x#io.vertx.benchmarks.HeadersContainsBenchmark.vertxSmallMatch#---1,Rocket
eclipse-vertx__vert.x#io.vertx.benchmarks.HeadersContainsBenchmark.vertxSmallMatch#---2,Rocket
eclipse-vertx__vert.x#io.vertx.benchmarks.HeadersContainsBenchmark.vertxSmallMatch#---3,Rocket
eclipse-vertx__vert.x#io.vertx.benchmarks.HeadersContainsBenchmark.vertxSmallMatch#---4,Rocket
eclipse-vertx__vert.x#io.vertx.benchmarks.HeadersContainsBenchmark.vertxSmallMatch#---5,Rocket
eclipse-vertx__vert.x#io.vertx.benchmarks.HeadersContainsBenchmark.vertxSmallMatch#---6,Rocket
eclipse-vertx__vert.x#io.vertx.benchmarks.HeadersContainsBenchmark.vertxSmallMatch#---7,Rocket
eclipse-vertx__vert.x#io.vertx.benchmarks.HeadersContainsBenchmark.vertxSmallMatch#---8,Rocket
eclipse-vertx__vert.x#io.vertx.benchmarks.HeadersContainsBenchmark.vertxSmallMatch#---9,Rocket
eclipse-vertx__vert.x#io.vertx.benchmarks.HeadersEncodeBenchmark.baseline#---0,Rocket
eclipse-vertx__vert.x#io.vertx.benchmarks.HeadersEncodeBenchmark.baseline#---1,Rocket
eclipse-vertx__vert.x#io.vertx.benchmarks.HeadersEncodeBenchmark.baseline#---3,Rocket
eclipse-vertx__vert.x#io.vertx.benchmarks.HeadersEncodeBenchmark.baseline#---5,Rocket
eclipse-vertx__vert.x#io.vertx.benchmarks.HeadersEncodeBenchmark.baseline#---7,Rocket
eclipse-vertx__vert.x#io.vertx.benchmarks.HeadersEncodeBenchmark.baseline#---9,Rocket
eclipse-vertx__vert.x#io.vertx.benchmarks.HeadersEncodeBenchmark.vertxSmall#---0,Rocket
eclipse-vertx__vert.x#io.vertx.benchmarks.HeadersEncodeBenchmark.vertxSmall#---1,OSCNN
eclipse-vertx__vert.x#io.vertx.benchmarks.HeadersEncodeBenchmark.vertxSmall#---2,OSCNN
eclipse-vertx__vert.x#io.vertx.benchmarks.HeadersEncodeBenchmark.vertxSmall#---3,Rocket
eclipse-vertx__vert.x#io.vertx.benchmarks.HeadersEncodeBenchmark.vertxSmall#---4,OSCNN
eclipse-vertx__vert.x#io.vertx.benchmarks.HeadersEncodeBenchmark.vertxSmall#---5,OSCNN
eclipse-vertx__vert.x#io.vertx.benchmarks.HeadersEncodeBenchmark.vertxSmall#---6,Rocket
eclipse-vertx__vert.x#io.vertx.benchmarks.HeadersEncodeBenchmark.vertxSmall#---7,OSCNN
eclipse-vertx__vert.x#io.vertx.benchmarks.HeadersEncodeBenchmark.vertxSmall#---8,OSCNN
eclipse-vertx__vert.x#io.vertx.benchmarks.HeadersEncodeBenchmark.vertxSmall#---9,OSCNN
eclipse-vertx__vert.x#io.vertx.benchmarks.HeadersSetBenchmark.vertxSmall#---0,OSCNN
eclipse-vertx__vert.x#io.vertx.benchmarks.HeadersSetBenchmark.vertxSmall#---1,OSCNN
eclipse-vertx__vert.x#io.vertx.benchmarks.HeadersSetBenchmark.vertxSmall#---3,OSCNN
eclipse-vertx__vert.x#io.vertx.benchmarks.HeadersSetBenchmark.vertxSmall#---4,OSCNN
eclipse-vertx__vert.x#io.vertx.benchmarks.HeadersSetBenchmark.vertxSmall#---5,OSCNN
eclipse-vertx__vert.x#io.vertx.benchmarks.HeadersSetBenchmark.vertxSmall#---6,OSCNN
eclipse-vertx__vert.x#io.vertx.benchmarks.HeadersSetBenchmark.vertxSmall#---7,OSCNN
eclipse-vertx__vert.x#io.vertx.benchmarks.HeadersSetBenchmark.vertxSmall#---8,OSCNN
eclipse-vertx__vert.x#io.vertx.benchmarks.HeadersSetBenchmark.vertxSmall#---9,OSCNN
eclipse-vertx__vert.x#io.vertx.benchmarks.HttpServerHandlerBenchmark.netty#---0,OSCNN
eclipse-vertx__vert.x#io.vertx.benchmarks.HttpServerHandlerBenchmark.netty#---1,OSCNN
eclipse-vertx__vert.x#io.vertx.benchmarks.HttpServerHandlerBenchmark.netty#---3,OSCNN
eclipse-vertx__vert.x#io.vertx.benchmarks.HttpServerHandlerBenchmark.netty#---4,OSCNN
eclipse-vertx__vert.x#io.vertx.benchmarks.HttpServerHandlerBenchmark.netty#---5,OSCNN
eclipse-vertx__vert.x#io.vertx.benchmarks.HttpServerHandlerBenchmark.netty#---6,OSCNN
eclipse-vertx__vert.x#io.vertx.benchmarks.HttpServerHandlerBenchmark.netty#---7,OSCNN
eclipse-vertx__vert.x#io.vertx.benchmarks.HttpServerHandlerBenchmark.netty#---8,OSCNN
eclipse-vertx__vert.x#io.vertx.benchmarks.HttpServerHandlerBenchmark.netty#---9,OSCNN
eclipse-vertx__vert.x#io.vertx.benchmarks.HttpServerHandlerBenchmark.vertxOpt#---0,OSCNN
eclipse-vertx__vert.x#io.vertx.benchmarks.HttpServerHandlerBenchmark.vertxOpt#---1,OSCNN
eclipse-vertx__vert.x#io.vertx.benchmarks.HttpServerHandlerBenchmark.vertxOpt#---2,OSCNN
eclipse-vertx__vert.x#io.vertx.benchmarks.HttpServerHandlerBenchmark.vertxOpt#---3,OSCNN
eclipse-vertx__vert.x#io.vertx.benchmarks.HttpServerHandlerBenchmark.vertxOpt#---4,OSCNN
eclipse-vertx__vert.x#io.vertx.benchmarks.HttpServerHandlerBenchmark.vertxOpt#---5,OSCNN
eclipse-vertx__vert.x#io.vertx.benchmarks.HttpServerHandlerBenchmark.vertxOpt#---6,OSCNN
eclipse-vertx__vert.x#io.vertx.benchmarks.HttpServerHandlerBenchmark.vertxOpt#---7,OSCNN
eclipse-vertx__vert.x#io.vertx.benchmarks.HttpServerHandlerBenchmark.vertxOpt#---8,OSCNN
eclipse-vertx__vert.x#io.vertx.benchmarks.HttpServerHandlerBenchmark.vertxOpt#---9,OSCNN
eclipse-vertx__vert.x#io.vertx.benchmarks.JsonDecodeBenchmark.smallBufferJackson#---0,OSCNN
eclipse-vertx__vert.x#io.vertx.benchmarks.JsonDecodeBenchmark.smallBufferJackson#---1,OSCNN
eclipse-vertx__vert.x#io.vertx.benchmarks.JsonDecodeBenchmark.smallBufferJackson#---2,OSCNN
eclipse-vertx__vert.x#io.vertx.benchmarks.JsonDecodeBenchmark.smallBufferJackson#---3,OSCNN
eclipse-vertx__vert.x#io.vertx.benchmarks.JsonDecodeBenchmark.smallBufferJackson#---4,OSCNN
eclipse-vertx__vert.x#io.vertx.benchmarks.JsonDecodeBenchmark.smallBufferJackson#---5,OSCNN
eclipse-vertx__vert.x#io.vertx.benchmarks.JsonDecodeBenchmark.smallBufferJackson#---6,OSCNN
eclipse-vertx__vert.x#io.vertx.benchmarks.JsonDecodeBenchmark.smallBufferJackson#---7,OSCNN
eclipse-vertx__vert.x#io.vertx.benchmarks.JsonDecodeBenchmark.smallBufferJackson#---8,OSCNN
eclipse-vertx__vert.x#io.vertx.benchmarks.JsonDecodeBenchmark.smallBufferJackson#---9,OSCNN
eclipse-vertx__vert.x#io.vertx.benchmarks.JsonEncodeBenchmark.deepBufferJackson#---0,OSCNN
eclipse-vertx__vert.x#io.vertx.benchmarks.JsonEncodeBenchmark.deepBufferJackson#---1,OSCNN
eclipse-vertx__vert.x#io.vertx.benchmarks.JsonEncodeBenchmark.deepBufferJackson#---2,OSCNN
eclipse-vertx__vert.x#io.vertx.benchmarks.JsonEncodeBenchmark.deepBufferJackson#---3,OSCNN
eclipse-vertx__vert.x#io.vertx.benchmarks.JsonEncodeBenchmark.deepBufferJackson#---4,OSCNN
eclipse-vertx__vert.x#io.vertx.benchmarks.JsonEncodeBenchmark.deepBufferJackson#---5,OSCNN
eclipse-vertx__vert.x#io.vertx.benchmarks.JsonEncodeBenchmark.deepBufferJackson#---6,OSCNN
eclipse-vertx__vert.x#io.vertx.benchmarks.JsonEncodeBenchmark.deepBufferJackson#---7,OSCNN
eclipse-vertx__vert.x#io.vertx.benchmarks.JsonEncodeBenchmark.deepBufferJackson#---8,OSCNN
eclipse-vertx__vert.x#io.vertx.benchmarks.JsonEncodeBenchmark.deepBufferJackson#---9,OSCNN
eclipse-vertx__vert.x#io.vertx.benchmarks.JsonEncodeBenchmark.smallBufferDatabind#---0,OSCNN
eclipse-vertx__vert.x#io.vertx.benchmarks.JsonEncodeBenchmark.smallBufferDatabind#---2,OSCNN
eclipse-vertx__vert.x#io.vertx.benchmarks.JsonEncodeBenchmark.smallBufferDatabind#---3,OSCNN
eclipse-vertx__vert.x#io.vertx.benchmarks.JsonEncodeBenchmark.smallBufferDatabind#---4,OSCNN
eclipse-vertx__vert.x#io.vertx.benchmarks.JsonEncodeBenchmark.smallBufferDatabind#---5,OSCNN
eclipse-vertx__vert.x#io.vertx.benchmarks.JsonEncodeBenchmark.smallBufferDatabind#---6,OSCNN
eclipse-vertx__vert.x#io.vertx.benchmarks.JsonEncodeBenchmark.smallBufferDatabind#---7,OSCNN
eclipse-vertx__vert.x#io.vertx.benchmarks.JsonEncodeBenchmark.smallBufferDatabind#---8,OSCNN
eclipse-vertx__vert.x#io.vertx.benchmarks.JsonEncodeBenchmark.smallBufferDatabind#---9,OSCNN
eclipse-vertx__vert.x#io.vertx.benchmarks.JsonEncodeBenchmark.smallStringDatabind#---0,OSCNN
eclipse-vertx__vert.x#io.vertx.benchmarks.JsonEncodeBenchmark.smallStringDatabind#---1,OSCNN
eclipse-vertx__vert.x#io.vertx.benchmarks.JsonEncodeBenchmark.smallStringDatabind#---2,Rocket
eclipse-vertx__vert.x#io.vertx.benchmarks.JsonEncodeBenchmark.smallStringDatabind#---3,OSCNN
eclipse-vertx__vert.x#io.vertx.benchmarks.JsonEncodeBenchmark.smallStringDatabind#---4,Rocket
eclipse-vertx__vert.x#io.vertx.benchmarks.JsonEncodeBenchmark.smallStringDatabind#---5,Rocket
eclipse-vertx__vert.x#io.vertx.benchmarks.JsonEncodeBenchmark.smallStringDatabind#---6,Rocket
eclipse-vertx__vert.x#io.vertx.benchmarks.JsonEncodeBenchmark.smallStringDatabind#---7,Rocket
eclipse-vertx__vert.x#io.vertx.benchmarks.JsonEncodeBenchmark.smallStringDatabind#---8,Rocket
eclipse-vertx__vert.x#io.vertx.benchmarks.JsonEncodeBenchmark.smallStringDatabind#---9,OSCNN
eclipse-vertx__vert.x#io.vertx.benchmarks.JsonEncodeBenchmark.wideBufferDatabind#---0,OSCNN
eclipse-vertx__vert.x#io.vertx.benchmarks.JsonEncodeBenchmark.wideBufferDatabind#---1,OSCNN
eclipse-vertx__vert.x#io.vertx.benchmarks.JsonEncodeBenchmark.wideBufferDatabind#---2,OSCNN
eclipse-vertx__vert.x#io.vertx.benchmarks.JsonEncodeBenchmark.wideBufferDatabind#---3,Rocket
eclipse-vertx__vert.x#io.vertx.benchmarks.JsonEncodeBenchmark.wideBufferDatabind#---4,OSCNN
eclipse-vertx__vert.x#io.vertx.benchmarks.JsonEncodeBenchmark.wideBufferDatabind#---5,OSCNN
eclipse-vertx__vert.x#io.vertx.benchmarks.JsonEncodeBenchmark.wideBufferDatabind#---6,OSCNN
eclipse-vertx__vert.x#io.vertx.benchmarks.JsonEncodeBenchmark.wideBufferDatabind#---7,OSCNN
eclipse-vertx__vert.x#io.vertx.benchmarks.JsonEncodeBenchmark.wideBufferDatabind#---8,Rocket
eclipse-vertx__vert.x#io.vertx.benchmarks.JsonEncodeBenchmark.wideBufferJackson#---0,OSCNN
eclipse-vertx__vert.x#io.vertx.benchmarks.JsonEncodeBenchmark.wideBufferJackson#---1,OSCNN
eclipse-vertx__vert.x#io.vertx.benchmarks.JsonEncodeBenchmark.wideBufferJackson#---2,OSCNN
eclipse-vertx__vert.x#io.vertx.benchmarks.JsonEncodeBenchmark.wideBufferJackson#---3,OSCNN
eclipse-vertx__vert.x#io.vertx.benchmarks.JsonEncodeBenchmark.wideBufferJackson#---4,OSCNN
eclipse-vertx__vert.x#io.vertx.benchmarks.JsonEncodeBenchmark.wideBufferJackson#---5,OSCNN
eclipse-vertx__vert.x#io.vertx.benchmarks.JsonEncodeBenchmark.wideBufferJackson#---6,OSCNN
eclipse-vertx__vert.x#io.vertx.benchmarks.JsonEncodeBenchmark.wideBufferJackson#---7,OSCNN
eclipse-vertx__vert.x#io.vertx.benchmarks.JsonEncodeBenchmark.wideBufferJackson#---8,OSCNN
eclipse-vertx__vert.x#io.vertx.benchmarks.JsonEncodeBenchmark.wideBufferJackson#---9,OSCNN
eclipse__eclipse-collections#org.eclipse.collections.impl.jmh.AggregateByTest.aggregateByProduct_parallel_eager_ec#---0,OSCNN
eclipse__eclipse-collections#org.eclipse.collections.impl.jmh.AggregateByTest.aggregateByProduct_parallel_eager_ec#---1,Rocket
eclipse__eclipse-collections#org.eclipse.collections.impl.jmh.AggregateByTest.aggregateByProduct_parallel_eager_ec#---2,Rocket
eclipse__eclipse-collections#org.eclipse.collections.impl.jmh.AggregateByTest.aggregateByProduct_parallel_eager_ec#---3,FCN
eclipse__eclipse-collections#org.eclipse.collections.impl.jmh.AggregateByTest.aggregateByProduct_parallel_eager_ec#---4,FCN
eclipse__eclipse-collections#org.eclipse.collections.impl.jmh.AggregateByTest.aggregateByProduct_parallel_eager_ec#---5,FCN
eclipse__eclipse-collections#org.eclipse.collections.impl.jmh.AggregateByTest.aggregateByProduct_parallel_eager_ec#---6,FCN
eclipse__eclipse-collections#org.eclipse.collections.impl.jmh.AggregateByTest.aggregateByProduct_parallel_eager_ec#---7,OSCNN
eclipse__eclipse-collections#org.eclipse.collections.impl.jmh.AggregateByTest.aggregateByProduct_parallel_eager_ec#---8,OSCNN
eclipse__eclipse-collections#org.eclipse.collections.impl.jmh.AggregateByTest.aggregateByProduct_parallel_eager_ec#---9,OSCNN
eclipse__eclipse-collections#org.eclipse.collections.impl.jmh.CollectIfTest.parallel_lazy_jdk#---0,OSCNN
eclipse__eclipse-collections#org.eclipse.collections.impl.jmh.CollectIfTest.parallel_lazy_jdk#---1,OSCNN
eclipse__eclipse-collections#org.eclipse.collections.impl.jmh.CollectIfTest.parallel_lazy_jdk#---2,OSCNN
eclipse__eclipse-collections#org.eclipse.collections.impl.jmh.CollectIfTest.parallel_lazy_jdk#---3,OSCNN
eclipse__eclipse-collections#org.eclipse.collections.impl.jmh.CollectIfTest.parallel_lazy_jdk#---5,OSCNN
eclipse__eclipse-collections#org.eclipse.collections.impl.jmh.CollectIfTest.parallel_lazy_jdk#---6,OSCNN
eclipse__eclipse-collections#org.eclipse.collections.impl.jmh.CollectIfTest.parallel_lazy_jdk#---7,OSCNN
eclipse__eclipse-collections#org.eclipse.collections.impl.jmh.CollectIfTest.parallel_lazy_jdk#---8,OSCNN
eclipse__eclipse-collections#org.eclipse.collections.impl.jmh.CollectIfTest.parallel_lazy_jdk#---9,OSCNN
eclipse__eclipse-collections#org.eclipse.collections.impl.jmh.MinByDoubleTest.minByMarketValue_parallel_lazy_collect_methodref_jdk#---0,OSCNN
eclipse__eclipse-collections#org.eclipse.collections.impl.jmh.MinByDoubleTest.minByMarketValue_parallel_lazy_collect_methodref_jdk#---1,OSCNN
eclipse__eclipse-collections#org.eclipse.collections.impl.jmh.MinByDoubleTest.minByMarketValue_parallel_lazy_collect_methodref_jdk#---2,OSCNN
eclipse__eclipse-collections#org.eclipse.collections.impl.jmh.MinByDoubleTest.minByMarketValue_parallel_lazy_collect_methodref_jdk#---3,OSCNN
eclipse__eclipse-collections#org.eclipse.collections.impl.jmh.MinByDoubleTest.minByMarketValue_parallel_lazy_collect_methodref_jdk#---4,OSCNN
eclipse__eclipse-collections#org.eclipse.collections.impl.jmh.MinByDoubleTest.minByMarketValue_parallel_lazy_collect_methodref_jdk#---5,OSCNN
eclipse__eclipse-collections#org.eclipse.collections.impl.jmh.MinByDoubleTest.minByMarketValue_parallel_lazy_collect_methodref_jdk#---6,OSCNN
eclipse__eclipse-collections#org.eclipse.collections.impl.jmh.MinByDoubleTest.minByMarketValue_parallel_lazy_collect_methodref_jdk#---7,OSCNN
eclipse__eclipse-collections#org.eclipse.collections.impl.jmh.MinByDoubleTest.minByMarketValue_parallel_lazy_collect_methodref_jdk#---8,OSCNN
eclipse__eclipse-collections#org.eclipse.collections.impl.jmh.MinByDoubleTest.minByMarketValue_parallel_lazy_collect_methodref_jdk#---9,OSCNN
eclipse__eclipse-collections#org.eclipse.collections.impl.jmh.MinTest.serial_lazy_streams_ec#---3,OSCNN
eclipse__eclipse-collections#org.eclipse.collections.impl.jmh.MinTest.serial_lazy_streams_ec#---9,OSCNN
eclipse__eclipse-collections#org.eclipse.collections.impl.jmh.map.ChainMapPutTest.ec#isPresized=false&loadFactor=0.80f&size=3000000---0,OSCNN
eclipse__eclipse-collections#org.eclipse.collections.impl.jmh.map.ChainMapPutTest.ec#isPresized=false&loadFactor=0.80f&size=3000000---1,OSCNN
eclipse__eclipse-collections#org.eclipse.collections.impl.jmh.map.ChainMapPutTest.ec#isPresized=false&loadFactor=0.80f&size=3000000---3,OSCNN
eclipse__eclipse-collections#org.eclipse.collections.impl.jmh.map.ChainMapPutTest.ec#isPresized=false&loadFactor=0.80f&size=3000000---4,OSCNN
eclipse__eclipse-collections#org.eclipse.collections.impl.jmh.map.ChainMapPutTest.ec#isPresized=false&loadFactor=0.80f&size=3000000---5,OSCNN
eclipse__eclipse-collections#org.eclipse.collections.impl.jmh.map.ChainMapPutTest.ec#isPresized=false&loadFactor=0.80f&size=3000000---7,OSCNN
eclipse__eclipse-collections#org.eclipse.collections.impl.jmh.map.ChainMapPutTest.ec#isPresized=false&loadFactor=0.80f&size=3000000---8,OSCNN
eclipse__eclipse-collections#org.eclipse.collections.impl.jmh.map.ChainMapPutTest.ec#isPresized=true&loadFactor=0.75f&size=750000---0,FCN
eclipse__eclipse-collections#org.eclipse.collections.impl.jmh.map.ChainMapPutTest.ec#isPresized=true&loadFactor=0.75f&size=750000---1,Rocket
eclipse__eclipse-collections#org.eclipse.collections.impl.jmh.map.ChainMapPutTest.ec#isPresized=true&loadFactor=0.75f&size=750000---2,Rocket
eclipse__eclipse-collections#org.eclipse.collections.impl.jmh.map.ChainMapPutTest.ec#isPresized=true&loadFactor=0.75f&size=750000---3,Rocket
eclipse__eclipse-collections#org.eclipse.collections.impl.jmh.map.ChainMapPutTest.ec#isPresized=true&loadFactor=0.75f&size=750000---4,Rocket
eclipse__eclipse-collections#org.eclipse.collections.impl.jmh.map.ChainMapPutTest.ec#isPresized=true&loadFactor=0.75f&size=750000---6,Rocket
eclipse__eclipse-collections#org.eclipse.collections.impl.jmh.map.ChainMapPutTest.ec#isPresized=true&loadFactor=0.75f&size=750000---7,FCN
eclipse__eclipse-collections#org.eclipse.collections.impl.jmh.map.ChainMapPutTest.ec#isPresized=true&loadFactor=0.75f&size=750000---8,OSCNN
eclipse__eclipse-collections#org.eclipse.collections.impl.jmh.map.ChainMapPutTest.ec#isPresized=true&loadFactor=0.75f&size=750000---9,Rocket
eclipse__eclipse-collections#org.eclipse.collections.impl.jmh.map.ChainMapPutTest.ec#isPresized=true&loadFactor=0.80f&size=9750000---0,OSCNN
eclipse__eclipse-collections#org.eclipse.collections.impl.jmh.map.ChainMapPutTest.ec#isPresized=true&loadFactor=0.80f&size=9750000---1,OSCNN
eclipse__eclipse-collections#org.eclipse.collections.impl.jmh.map.ChainMapPutTest.ec#isPresized=true&loadFactor=0.80f&size=9750000---2,OSCNN
eclipse__eclipse-collections#org.eclipse.collections.impl.jmh.map.ChainMapPutTest.ec#isPresized=true&loadFactor=0.80f&size=9750000---3,OSCNN
eclipse__eclipse-collections#org.eclipse.collections.impl.jmh.map.ChainMapPutTest.ec#isPresized=true&loadFactor=0.80f&size=9750000---5,OSCNN
eclipse__eclipse-collections#org.eclipse.collections.impl.jmh.map.ChainMapPutTest.ec#isPresized=true&loadFactor=0.80f&size=9750000---6,OSCNN
eclipse__eclipse-collections#org.eclipse.collections.impl.jmh.map.ChainMapPutTest.ec#isPresized=true&loadFactor=0.80f&size=9750000---7,OSCNN
eclipse__eclipse-collections#org.eclipse.collections.impl.jmh.map.ChainMapPutTest.ec#isPresized=true&loadFactor=0.80f&size=9750000---8,OSCNN
eclipse__eclipse-collections#org.eclipse.collections.impl.jmh.map.ChainMapPutTest.ec#isPresized=true&loadFactor=0.80f&size=9750000---9,OSCNN
eclipse__eclipse-collections#org.eclipse.collections.impl.jmh.map.ChainMapPutTest.hppc#isPresized=false&loadFactor=0.75f&size=5000000---0,Rocket
eclipse__eclipse-collections#org.eclipse.collections.impl.jmh.map.ChainMapPutTest.hppc#isPresized=false&loadFactor=0.75f&size=5000000---1,Rocket
eclipse__eclipse-collections#org.eclipse.collections.impl.jmh.map.ChainMapPutTest.hppc#isPresized=false&loadFactor=0.75f&size=5000000---2,Rocket
eclipse__eclipse-collections#org.eclipse.collections.impl.jmh.map.ChainMapPutTest.hppc#isPresized=false&loadFactor=0.75f&size=5000000---5,Rocket
eclipse__eclipse-collections#org.eclipse.collections.impl.jmh.map.ChainMapPutTest.hppc#isPresized=false&loadFactor=0.75f&size=5000000---6,Rocket
eclipse__eclipse-collections#org.eclipse.collections.impl.jmh.map.ChainMapPutTest.hppc#isPresized=false&loadFactor=0.75f&size=5000000---7,Rocket
eclipse__eclipse-collections#org.eclipse.collections.impl.jmh.map.ChainMapPutTest.hppc#isPresized=false&loadFactor=0.75f&size=5000000---8,Rocket
eclipse__eclipse-collections#org.eclipse.collections.impl.jmh.map.ChainMapPutTest.hppc#isPresized=false&loadFactor=0.75f&size=5000000---9,Rocket
eclipse__eclipse-collections#org.eclipse.collections.impl.jmh.map.ChainMapPutTest.jdk#isPresized=false&loadFactor=0.70f&size=7250000---0,OSCNN
eclipse__eclipse-collections#org.eclipse.collections.impl.jmh.map.ChainMapPutTest.jdk#isPresized=false&loadFactor=0.70f&size=7250000---1,OSCNN
eclipse__eclipse-collections#org.eclipse.collections.impl.jmh.map.ChainMapPutTest.jdk#isPresized=false&loadFactor=0.70f&size=7250000---2,OSCNN
eclipse__eclipse-collections#org.eclipse.collections.impl.jmh.map.ChainMapPutTest.jdk#isPresized=false&loadFactor=0.70f&size=7250000---3,OSCNN
eclipse__eclipse-collections#org.eclipse.collections.impl.jmh.map.ChainMapPutTest.jdk#isPresized=false&loadFactor=0.70f&size=7250000---4,OSCNN
eclipse__eclipse-collections#org.eclipse.collections.impl.jmh.map.ChainMapPutTest.jdk#isPresized=false&loadFactor=0.70f&size=7250000---5,OSCNN
eclipse__eclipse-collections#org.eclipse.collections.impl.jmh.map.ChainMapPutTest.jdk#isPresized=false&loadFactor=0.70f&size=7250000---6,OSCNN
eclipse__eclipse-collections#org.eclipse.collections.impl.jmh.map.ChainMapPutTest.jdk#isPresized=false&loadFactor=0.70f&size=7250000---7,OSCNN
eclipse__eclipse-collections#org.eclipse.collections.impl.jmh.map.ChainMapPutTest.jdk#isPresized=false&loadFactor=0.70f&size=7250000---8,OSCNN
eclipse__eclipse-collections#org.eclipse.collections.impl.jmh.map.ChainMapPutTest.jdk#isPresized=false&loadFactor=0.70f&size=7250000---9,OSCNN
eclipse__eclipse-collections#org.eclipse.collections.impl.jmh.map.EcImmutableMapGetTest.get#size=9250000---1,Rocket
eclipse__eclipse-collections#org.eclipse.collections.impl.jmh.map.EcImmutableMapGetTest.get#size=9250000---2,Rocket
eclipse__eclipse-collections#org.eclipse.collections.impl.jmh.map.EcImmutableMapGetTest.get#size=9250000---3,Rocket
eclipse__eclipse-collections#org.eclipse.collections.impl.jmh.map.EcImmutableMapGetTest.get#size=9250000---5,Rocket
eclipse__eclipse-collections#org.eclipse.collections.impl.jmh.map.EcImmutableMapGetTest.get#size=9250000---7,OSCNN
eclipse__eclipse-collections#org.eclipse.collections.impl.jmh.map.EcImmutableMapGetTest.get#size=9250000---8,Rocket
eclipse__eclipse-collections#org.eclipse.collections.impl.jmh.map.JdkMutableMapGetTest.get#size=7750000---0,Rocket
eclipse__eclipse-collections#org.eclipse.collections.impl.jmh.map.JdkMutableMapGetTest.get#size=7750000---1,Rocket
eclipse__eclipse-collections#org.eclipse.collections.impl.jmh.map.JdkMutableMapGetTest.get#size=7750000---2,Rocket
eclipse__eclipse-collections#org.eclipse.collections.impl.jmh.map.JdkMutableMapGetTest.get#size=7750000---3,Rocket
eclipse__eclipse-collections#org.eclipse.collections.impl.jmh.map.JdkMutableMapGetTest.get#size=7750000---4,FCN
eclipse__eclipse-collections#org.eclipse.collections.impl.jmh.map.JdkMutableMapGetTest.get#size=7750000---5,Rocket
eclipse__eclipse-collections#org.eclipse.collections.impl.jmh.map.JdkMutableMapGetTest.get#size=7750000---6,Rocket
eclipse__eclipse-collections#org.eclipse.collections.impl.jmh.map.JdkMutableMapGetTest.get#size=7750000---7,Rocket
eclipse__eclipse-collections#org.eclipse.collections.impl.jmh.map.JdkMutableMapGetTest.get#size=7750000---8,Rocket
eclipse__eclipse-collections#org.eclipse.collections.impl.jmh.map.JdkMutableMapGetTest.get#size=7750000---9,OSCNN
eclipse__eclipse-collections#org.eclipse.collections.impl.jmh.map.KolobokeMutableMapGetTest.get#size=5500000---2,Rocket
eclipse__eclipse-collections#org.eclipse.collections.impl.jmh.map.KolobokeMutableMapGetTest.get#size=5500000---3,Rocket
eclipse__eclipse-collections#org.eclipse.collections.impl.jmh.map.KolobokeMutableMapGetTest.get#size=5500000---4,Rocket
eclipse__eclipse-collections#org.eclipse.collections.impl.jmh.map.KolobokeMutableMapGetTest.get#size=5500000---6,Rocket
eclipse__eclipse-collections#org.eclipse.collections.impl.jmh.map.KolobokeMutableMapGetTest.get#size=5500000---9,Rocket
eclipse__eclipse-collections#org.eclipse.collections.impl.jmh.map.ScalaAnyRefMapPutTest.scalaAnyRef#isPresized=false&loadFactor=0.75&size=4500000---0,FCN
eclipse__eclipse-collections#org.eclipse.collections.impl.jmh.map.ScalaAnyRefMapPutTest.scalaAnyRef#isPresized=false&loadFactor=0.75&size=4500000---1,FCN
eclipse__eclipse-collections#org.eclipse.collections.impl.jmh.map.ScalaAnyRefMapPutTest.scalaAnyRef#isPresized=false&loadFactor=0.75&size=4500000---2,Rocket
eclipse__eclipse-collections#org.eclipse.collections.impl.jmh.map.ScalaAnyRefMapPutTest.scalaAnyRef#isPresized=false&loadFactor=0.75&size=4500000---3,OSCNN
eclipse__eclipse-collections#org.eclipse.collections.impl.jmh.map.ScalaAnyRefMapPutTest.scalaAnyRef#isPresized=false&loadFactor=0.75&size=4500000---4,OSCNN
eclipse__eclipse-collections#org.eclipse.collections.impl.jmh.map.ScalaAnyRefMapPutTest.scalaAnyRef#isPresized=false&loadFactor=0.75&size=4500000---5,OSCNN
eclipse__eclipse-collections#org.eclipse.collections.impl.jmh.map.ScalaAnyRefMapPutTest.scalaAnyRef#isPresized=false&loadFactor=0.75&size=4500000---6,OSCNN
eclipse__eclipse-collections#org.eclipse.collections.impl.jmh.map.ScalaAnyRefMapPutTest.scalaAnyRef#isPresized=false&loadFactor=0.75&size=4500000---7,OSCNN
eclipse__eclipse-collections#org.eclipse.collections.impl.jmh.map.ScalaAnyRefMapPutTest.scalaAnyRef#isPresized=false&loadFactor=0.75&size=4500000---8,OSCNN
eclipse__eclipse-collections#org.eclipse.collections.impl.jmh.map.ScalaAnyRefMapPutTest.scalaAnyRef#isPresized=false&loadFactor=0.75&size=4500000---9,FCN
eclipse__eclipse-collections#org.eclipse.collections.impl.jmh.map.ScalaAnyRefMapPutTest.scalaAnyRef#isPresized=false&loadFactor=0.75&size=5500000---0,Rocket
eclipse__eclipse-collections#org.eclipse.collections.impl.jmh.map.ScalaAnyRefMapPutTest.scalaAnyRef#isPresized=false&loadFactor=0.75&size=5500000---1,OSCNN
eclipse__eclipse-collections#org.eclipse.collections.impl.jmh.map.ScalaAnyRefMapPutTest.scalaAnyRef#isPresized=false&loadFactor=0.75&size=5500000---2,Rocket
eclipse__eclipse-collections#org.eclipse.collections.impl.jmh.map.ScalaAnyRefMapPutTest.scalaAnyRef#isPresized=false&loadFactor=0.75&size=5500000---3,Rocket
eclipse__eclipse-collections#org.eclipse.collections.impl.jmh.map.ScalaAnyRefMapPutTest.scalaAnyRef#isPresized=false&loadFactor=0.75&size=5500000---4,Rocket
eclipse__eclipse-collections#org.eclipse.collections.impl.jmh.map.ScalaAnyRefMapPutTest.scalaAnyRef#isPresized=false&loadFactor=0.75&size=5500000---5,Rocket
eclipse__eclipse-collections#org.eclipse.collections.impl.jmh.map.ScalaAnyRefMapPutTest.scalaAnyRef#isPresized=false&loadFactor=0.75&size=5500000---6,Rocket
eclipse__eclipse-collections#org.eclipse.collections.impl.jmh.map.ScalaAnyRefMapPutTest.scalaAnyRef#isPresized=false&loadFactor=0.75&size=5500000---7,Rocket
eclipse__eclipse-collections#org.eclipse.collections.impl.jmh.map.ScalaAnyRefMapPutTest.scalaAnyRef#isPresized=false&loadFactor=0.75&size=5500000---8,Rocket
eclipse__eclipse-collections#org.eclipse.collections.impl.jmh.map.ScalaAnyRefMapPutTest.scalaAnyRef#isPresized=false&loadFactor=0.75&size=5500000---9,OSCNN
eclipse__eclipse-collections#org.eclipse.collections.impl.jmh.map.TroveMapPutTest.trove#isPresized=false&loadFactor=0.45&size=1000000---0,OSCNN
eclipse__eclipse-collections#org.eclipse.collections.impl.jmh.map.TroveMapPutTest.trove#isPresized=false&loadFactor=0.45&size=1000000---1,Rocket
eclipse__eclipse-collections#org.eclipse.collections.impl.jmh.map.TroveMapPutTest.trove#isPresized=false&loadFactor=0.45&size=1000000---2,OSCNN
eclipse__eclipse-collections#org.eclipse.collections.impl.jmh.map.TroveMapPutTest.trove#isPresized=false&loadFactor=0.45&size=1000000---3,OSCNN
eclipse__eclipse-collections#org.eclipse.collections.impl.jmh.map.TroveMapPutTest.trove#isPresized=false&loadFactor=0.45&size=1000000---4,Rocket
eclipse__eclipse-collections#org.eclipse.collections.impl.jmh.map.TroveMapPutTest.trove#isPresized=false&loadFactor=0.45&size=1000000---5,OSCNN
eclipse__eclipse-collections#org.eclipse.collections.impl.jmh.map.TroveMapPutTest.trove#isPresized=false&loadFactor=0.45&size=1000000---6,OSCNN
eclipse__eclipse-collections#org.eclipse.collections.impl.jmh.map.TroveMapPutTest.trove#isPresized=false&loadFactor=0.45&size=1000000---7,OSCNN
eclipse__eclipse-collections#org.eclipse.collections.impl.jmh.map.TroveMapPutTest.trove#isPresized=false&loadFactor=0.45&size=1000000---8,OSCNN
eclipse__eclipse-collections#org.eclipse.collections.impl.jmh.map.TroveMapPutTest.trove#isPresized=false&loadFactor=0.45&size=1000000---9,Rocket
eclipse__eclipse-collections#org.eclipse.collections.impl.jmh.map.TroveMapPutTest.trove#isPresized=false&loadFactor=0.55&size=8750000---0,Rocket
eclipse__eclipse-collections#org.eclipse.collections.impl.jmh.map.TroveMapPutTest.trove#isPresized=false&loadFactor=0.55&size=8750000---1,Rocket
eclipse__eclipse-collections#org.eclipse.collections.impl.jmh.map.TroveMapPutTest.trove#isPresized=false&loadFactor=0.55&size=8750000---2,Rocket
eclipse__eclipse-collections#org.eclipse.collections.impl.jmh.map.TroveMapPutTest.trove#isPresized=false&loadFactor=0.55&size=8750000---3,Rocket
eclipse__eclipse-collections#org.eclipse.collections.impl.jmh.map.TroveMapPutTest.trove#isPresized=false&loadFactor=0.55&size=8750000---4,Rocket
eclipse__eclipse-collections#org.eclipse.collections.impl.jmh.map.TroveMapPutTest.trove#isPresized=false&loadFactor=0.55&size=8750000---5,Rocket
eclipse__eclipse-collections#org.eclipse.collections.impl.jmh.map.TroveMapPutTest.trove#isPresized=false&loadFactor=0.55&size=8750000---6,Rocket
eclipse__eclipse-collections#org.eclipse.collections.impl.jmh.map.TroveMapPutTest.trove#isPresized=false&loadFactor=0.55&size=8750000---7,Rocket
eclipse__eclipse-collections#org.eclipse.collections.impl.jmh.map.TroveMapPutTest.trove#isPresized=false&loadFactor=0.55&size=8750000---8,Rocket
eclipse__eclipse-collections#org.eclipse.collections.impl.jmh.map.TroveMapPutTest.trove#isPresized=false&loadFactor=0.55&size=8750000---9,Rocket
eclipse__eclipse-collections#org.eclipse.collections.impl.jmh.map.TroveMapPutTest.trove#isPresized=true&loadFactor=0.50&size=750000---0,OSCNN
eclipse__eclipse-collections#org.eclipse.collections.impl.jmh.map.TroveMapPutTest.trove#isPresized=true&loadFactor=0.50&size=750000---1,OSCNN
eclipse__eclipse-collections#org.eclipse.collections.impl.jmh.map.TroveMapPutTest.trove#isPresized=true&loadFactor=0.50&size=750000---2,Rocket
eclipse__eclipse-collections#org.eclipse.collections.impl.jmh.map.TroveMapPutTest.trove#isPresized=true&loadFactor=0.50&size=750000---3,OSCNN
eclipse__eclipse-collections#org.eclipse.collections.impl.jmh.map.TroveMapPutTest.trove#isPresized=true&loadFactor=0.50&size=750000---4,Rocket
eclipse__eclipse-collections#org.eclipse.collections.impl.jmh.map.TroveMapPutTest.trove#isPresized=true&loadFactor=0.50&size=750000---5,FCN
eclipse__eclipse-collections#org.eclipse.collections.impl.jmh.map.TroveMapPutTest.trove#isPresized=true&loadFactor=0.50&size=750000---6,Rocket
eclipse__eclipse-collections#org.eclipse.collections.impl.jmh.map.TroveMapPutTest.trove#isPresized=true&loadFactor=0.50&size=750000---7,Rocket
eclipse__eclipse-collections#org.eclipse.collections.impl.jmh.map.TroveMapPutTest.trove#isPresized=true&loadFactor=0.55&size=2500000---0,OSCNN
eclipse__eclipse-collections#org.eclipse.collections.impl.jmh.map.TroveMapPutTest.trove#isPresized=true&loadFactor=0.55&size=2500000---1,OSCNN
eclipse__eclipse-collections#org.eclipse.collections.impl.jmh.map.TroveMapPutTest.trove#isPresized=true&loadFactor=0.55&size=2500000---2,FCN
eclipse__eclipse-collections#org.eclipse.collections.impl.jmh.map.TroveMapPutTest.trove#isPresized=true&loadFactor=0.55&size=2500000---3,OSCNN
eclipse__eclipse-collections#org.eclipse.collections.impl.jmh.map.TroveMapPutTest.trove#isPresized=true&loadFactor=0.55&size=2500000---4,Rocket
eclipse__eclipse-collections#org.eclipse.collections.impl.jmh.map.TroveMapPutTest.trove#isPresized=true&loadFactor=0.55&size=2500000---5,Rocket
eclipse__eclipse-collections#org.eclipse.collections.impl.jmh.map.TroveMapPutTest.trove#isPresized=true&loadFactor=0.55&size=2500000---6,OSCNN
eclipse__eclipse-collections#org.eclipse.collections.impl.jmh.map.TroveMapPutTest.trove#isPresized=true&loadFactor=0.55&size=2500000---7,OSCNN
eclipse__eclipse-collections#org.eclipse.collections.impl.jmh.map.TroveMapPutTest.trove#isPresized=true&loadFactor=0.55&size=2500000---8,OSCNN
eclipse__eclipse-collections#org.eclipse.collections.impl.jmh.map.TroveMapPutTest.trove#isPresized=true&loadFactor=0.55&size=2500000---9,OSCNN
eclipse__eclipse-collections#org.eclipse.collections.impl.jmh.map.TroveMapPutTest.trove#isPresized=true&loadFactor=0.55&size=4000000---0,Rocket
eclipse__eclipse-collections#org.eclipse.collections.impl.jmh.map.TroveMapPutTest.trove#isPresized=true&loadFactor=0.55&size=4000000---1,FCN
eclipse__eclipse-collections#org.eclipse.collections.impl.jmh.map.TroveMapPutTest.trove#isPresized=true&loadFactor=0.55&size=4000000---2,FCN
eclipse__eclipse-collections#org.eclipse.collections.impl.jmh.map.TroveMapPutTest.trove#isPresized=true&loadFactor=0.55&size=4000000---3,FCN
eclipse__eclipse-collections#org.eclipse.collections.impl.jmh.map.TroveMapPutTest.trove#isPresized=true&loadFactor=0.55&size=4000000---5,FCN
eclipse__eclipse-collections#org.eclipse.collections.impl.jmh.map.TroveMapPutTest.trove#isPresized=true&loadFactor=0.55&size=4000000---6,FCN
eclipse__eclipse-collections#org.eclipse.collections.impl.jmh.map.TroveMapPutTest.trove#isPresized=true&loadFactor=0.55&size=4000000---7,OSCNN
eclipse__eclipse-collections#org.eclipse.collections.impl.jmh.map.TroveMapPutTest.trove#isPresized=true&loadFactor=0.55&size=4000000---8,Rocket
eclipse__eclipse-collections#org.eclipse.collections.impl.jmh.map.TroveMapPutTest.trove#isPresized=true&loadFactor=0.55&size=4000000---9,FCN
eclipse__eclipse-collections#org.eclipse.collections.impl.jmh.map.TroveMapPutTest.trove#isPresized=true&loadFactor=0.55&size=4250000---0,Rocket
eclipse__eclipse-collections#org.eclipse.collections.impl.jmh.map.TroveMapPutTest.trove#isPresized=true&loadFactor=0.55&size=4250000---1,FCN
eclipse__eclipse-collections#org.eclipse.collections.impl.jmh.map.TroveMapPutTest.trove#isPresized=true&loadFactor=0.55&size=4250000---2,FCN
eclipse__eclipse-collections#org.eclipse.collections.impl.jmh.map.TroveMapPutTest.trove#isPresized=true&loadFactor=0.55&size=4250000---3,OSCNN
eclipse__eclipse-collections#org.eclipse.collections.impl.jmh.map.TroveMapPutTest.trove#isPresized=true&loadFactor=0.55&size=4250000---4,OSCNN
eclipse__eclipse-collections#org.eclipse.collections.impl.jmh.map.TroveMapPutTest.trove#isPresized=true&loadFactor=0.55&size=4250000---5,FCN
eclipse__eclipse-collections#org.eclipse.collections.impl.jmh.map.TroveMapPutTest.trove#isPresized=true&loadFactor=0.55&size=4250000---6,FCN
eclipse__eclipse-collections#org.eclipse.collections.impl.jmh.map.TroveMapPutTest.trove#isPresized=true&loadFactor=0.55&size=4250000---7,Rocket
eclipse__eclipse-collections#org.eclipse.collections.impl.jmh.map.TroveMapPutTest.trove#isPresized=true&loadFactor=0.55&size=4250000---8,OSCNN
eclipse__eclipse-collections#org.eclipse.collections.impl.jmh.map.TroveMapPutTest.trove#isPresized=true&loadFactor=0.55&size=4250000---9,OSCNN
eclipse__jetty.project#org.eclipse.jetty.http.jmh.HttpMethodBenchmark.testMapGet#---0,OSCNN
eclipse__jetty.project#org.eclipse.jetty.http.jmh.HttpMethodBenchmark.testMapGet#---1,OSCNN
eclipse__jetty.project#org.eclipse.jetty.http.jmh.HttpMethodBenchmark.testMapGet#---2,OSCNN
eclipse__jetty.project#org.eclipse.jetty.http.jmh.HttpMethodBenchmark.testMapGet#---3,OSCNN
eclipse__jetty.project#org.eclipse.jetty.http.jmh.HttpMethodBenchmark.testMapGet#---4,OSCNN
eclipse__jetty.project#org.eclipse.jetty.http.jmh.HttpMethodBenchmark.testMapGet#---5,OSCNN
eclipse__jetty.project#org.eclipse.jetty.http.jmh.HttpMethodBenchmark.testMapGet#---6,OSCNN
eclipse__jetty.project#org.eclipse.jetty.http.jmh.HttpMethodBenchmark.testMapGet#---7,OSCNN
eclipse__jetty.project#org.eclipse.jetty.http.jmh.HttpMethodBenchmark.testMapGet#---8,OSCNN
eclipse__jetty.project#org.eclipse.jetty.http.jmh.HttpMethodBenchmark.testMapGet#---9,OSCNN
eclipse__jetty.project#org.eclipse.jetty.server.jmh.ListVsMapBenchmark.testArrayList#length=11&lookups=10&mostly=misses&size=12---0,OSCNN
eclipse__jetty.project#org.eclipse.jetty.server.jmh.ListVsMapBenchmark.testArrayList#length=11&lookups=10&mostly=misses&size=12---3,OSCNN
eclipse__jetty.project#org.eclipse.jetty.server.jmh.ListVsMapBenchmark.testArrayList#length=11&lookups=10&mostly=misses&size=12---4,OSCNN
eclipse__jetty.project#org.eclipse.jetty.server.jmh.ListVsMapBenchmark.testArrayList#length=11&lookups=10&mostly=misses&size=12---5,Rocket
eclipse__jetty.project#org.eclipse.jetty.server.jmh.ListVsMapBenchmark.testArrayList#length=11&lookups=10&mostly=misses&size=12---6,OSCNN
eclipse__jetty.project#org.eclipse.jetty.server.jmh.ListVsMapBenchmark.testArrayList#length=11&lookups=10&mostly=misses&size=12---7,OSCNN
eclipse__jetty.project#org.eclipse.jetty.server.jmh.ListVsMapBenchmark.testArrayList#length=11&lookups=10&mostly=misses&size=12---8,OSCNN
eclipse__jetty.project#org.eclipse.jetty.server.jmh.ListVsMapBenchmark.testArrayList#length=11&lookups=10&mostly=misses&size=12---9,OSCNN
eclipse__jetty.project#org.eclipse.jetty.server.jmh.ListVsMapBenchmark.testHashMapAndLinkedList#length=11&lookups=30&mostly=hits&size=12---0,Rocket
eclipse__jetty.project#org.eclipse.jetty.server.jmh.ListVsMapBenchmark.testHashMapAndLinkedList#length=11&lookups=30&mostly=hits&size=12---1,Rocket
eclipse__jetty.project#org.eclipse.jetty.server.jmh.ListVsMapBenchmark.testHashMapAndLinkedList#length=11&lookups=30&mostly=hits&size=12---3,OSCNN
eclipse__jetty.project#org.eclipse.jetty.server.jmh.ListVsMapBenchmark.testHashMapAndLinkedList#length=11&lookups=30&mostly=hits&size=12---4,OSCNN
eclipse__jetty.project#org.eclipse.jetty.server.jmh.ListVsMapBenchmark.testHashMapAndLinkedList#length=11&lookups=30&mostly=hits&size=12---5,OSCNN
eclipse__jetty.project#org.eclipse.jetty.server.jmh.ListVsMapBenchmark.testHashMapAndLinkedList#length=11&lookups=30&mostly=hits&size=12---6,OSCNN
eclipse__jetty.project#org.eclipse.jetty.server.jmh.ListVsMapBenchmark.testHashMapAndLinkedList#length=11&lookups=30&mostly=hits&size=12---7,Rocket
eclipse__jetty.project#org.eclipse.jetty.server.jmh.ListVsMapBenchmark.testHashMapAndLinkedList#length=11&lookups=30&mostly=hits&size=12---8,OSCNN
eclipse__jetty.project#org.eclipse.jetty.server.jmh.ListVsMapBenchmark.testHashMapAndLinkedList#length=11&lookups=30&mostly=hits&size=12---9,OSCNN
eclipse__jetty.project#org.eclipse.jetty.util.PoolStrategyBenchmark.testAcquireReleasePoolWithStrategy#CACHE=true&POOL_TYPE=Pool.Linear&SIZE=4---0,Rocket
eclipse__jetty.project#org.eclipse.jetty.util.PoolStrategyBenchmark.testAcquireReleasePoolWithStrategy#CACHE=true&POOL_TYPE=Pool.Linear&SIZE=4---1,Rocket
eclipse__jetty.project#org.eclipse.jetty.util.PoolStrategyBenchmark.testAcquireReleasePoolWithStrategy#CACHE=true&POOL_TYPE=Pool.Linear&SIZE=4---2,Rocket
eclipse__jetty.project#org.eclipse.jetty.util.PoolStrategyBenchmark.testAcquireReleasePoolWithStrategy#CACHE=true&POOL_TYPE=Pool.Linear&SIZE=4---3,OSCNN
eclipse__jetty.project#org.eclipse.jetty.util.PoolStrategyBenchmark.testAcquireReleasePoolWithStrategy#CACHE=true&POOL_TYPE=Pool.Linear&SIZE=4---4,Rocket
eclipse__jetty.project#org.eclipse.jetty.util.PoolStrategyBenchmark.testAcquireReleasePoolWithStrategy#CACHE=true&POOL_TYPE=Pool.Linear&SIZE=4---5,Rocket
eclipse__jetty.project#org.eclipse.jetty.util.PoolStrategyBenchmark.testAcquireReleasePoolWithStrategy#CACHE=true&POOL_TYPE=Pool.Linear&SIZE=4---6,Rocket
eclipse__jetty.project#org.eclipse.jetty.util.PoolStrategyBenchmark.testAcquireReleasePoolWithStrategy#CACHE=true&POOL_TYPE=Pool.Linear&SIZE=4---7,Rocket
eclipse__jetty.project#org.eclipse.jetty.util.PoolStrategyBenchmark.testAcquireReleasePoolWithStrategy#CACHE=true&POOL_TYPE=Pool.Linear&SIZE=4---8,Rocket
eclipse__jetty.project#org.eclipse.jetty.util.PoolStrategyBenchmark.testAcquireReleasePoolWithStrategy#CACHE=true&POOL_TYPE=Pool.Linear&SIZE=4---9,OSCNN
eclipse__jetty.project#org.eclipse.jetty.util.PoolStrategyBenchmark.testAcquireReleasePoolWithStrategy#CACHE=true&POOL_TYPE=Pool.RoundRobin&SIZE=16---0,OSCNN
eclipse__jetty.project#org.eclipse.jetty.util.PoolStrategyBenchmark.testAcquireReleasePoolWithStrategy#CACHE=true&POOL_TYPE=Pool.RoundRobin&SIZE=16---1,OSCNN
eclipse__jetty.project#org.eclipse.jetty.util.PoolStrategyBenchmark.testAcquireReleasePoolWithStrategy#CACHE=true&POOL_TYPE=Pool.RoundRobin&SIZE=16---2,OSCNN
eclipse__jetty.project#org.eclipse.jetty.util.PoolStrategyBenchmark.testAcquireReleasePoolWithStrategy#CACHE=true&POOL_TYPE=Pool.RoundRobin&SIZE=16---3,FCN
eclipse__jetty.project#org.eclipse.jetty.util.PoolStrategyBenchmark.testAcquireReleasePoolWithStrategy#CACHE=true&POOL_TYPE=Pool.RoundRobin&SIZE=16---4,OSCNN
eclipse__jetty.project#org.eclipse.jetty.util.PoolStrategyBenchmark.testAcquireReleasePoolWithStrategy#CACHE=true&POOL_TYPE=Pool.RoundRobin&SIZE=16---5,OSCNN
eclipse__jetty.project#org.eclipse.jetty.util.PoolStrategyBenchmark.testAcquireReleasePoolWithStrategy#CACHE=true&POOL_TYPE=Pool.RoundRobin&SIZE=16---6,OSCNN
eclipse__jetty.project#org.eclipse.jetty.util.PoolStrategyBenchmark.testAcquireReleasePoolWithStrategy#CACHE=true&POOL_TYPE=Pool.RoundRobin&SIZE=16---7,FCN
eclipse__jetty.project#org.eclipse.jetty.util.PoolStrategyBenchmark.testAcquireReleasePoolWithStrategy#CACHE=true&POOL_TYPE=Pool.RoundRobin&SIZE=16---8,OSCNN
eclipse__jetty.project#org.eclipse.jetty.util.PoolStrategyBenchmark.testAcquireReleasePoolWithStrategy#CACHE=true&POOL_TYPE=Pool.RoundRobin&SIZE=16---9,FCN
eclipse__jetty.project#org.eclipse.jetty.util.StringReplaceBenchmark.testJavaStringReplaceGrowth#matches=3&size=3---0,OSCNN
eclipse__jetty.project#org.eclipse.jetty.util.StringReplaceBenchmark.testJavaStringReplaceGrowth#matches=3&size=3---1,OSCNN
eclipse__jetty.project#org.eclipse.jetty.util.StringReplaceBenchmark.testJavaStringReplaceGrowth#matches=3&size=3---3,OSCNN
eclipse__jetty.project#org.eclipse.jetty.util.StringReplaceBenchmark.testJavaStringReplaceGrowth#matches=3&size=3---4,OSCNN
eclipse__jetty.project#org.eclipse.jetty.util.StringReplaceBenchmark.testJavaStringReplaceGrowth#matches=3&size=3---5,OSCNN
eclipse__jetty.project#org.eclipse.jetty.util.StringReplaceBenchmark.testJavaStringReplaceGrowth#matches=3&size=3---6,OSCNN
eclipse__jetty.project#org.eclipse.jetty.util.StringReplaceBenchmark.testJavaStringReplaceGrowth#matches=3&size=3---7,OSCNN
eclipse__jetty.project#org.eclipse.jetty.util.StringReplaceBenchmark.testJavaStringReplaceGrowth#matches=3&size=3---8,OSCNN
eclipse__jetty.project#org.eclipse.jetty.util.StringReplaceBenchmark.testJavaStringReplaceGrowth#matches=3&size=3---9,OSCNN
eclipse__jetty.project#org.eclipse.jetty.util.StringReplaceBenchmark.testJavaStringReplaceReduce#matches=0&size=3---0,Rocket
eclipse__jetty.project#org.eclipse.jetty.util.StringReplaceBenchmark.testJavaStringReplaceReduce#matches=0&size=3---2,Rocket
eclipse__jetty.project#org.eclipse.jetty.util.StringReplaceBenchmark.testJavaStringReplaceReduce#matches=0&size=3---3,Rocket
eclipse__jetty.project#org.eclipse.jetty.util.StringReplaceBenchmark.testJavaStringReplaceReduce#matches=0&size=3---4,Rocket
eclipse__jetty.project#org.eclipse.jetty.util.StringReplaceBenchmark.testJavaStringReplaceReduce#matches=0&size=3---5,Rocket
eclipse__jetty.project#org.eclipse.jetty.util.StringReplaceBenchmark.testJavaStringReplaceReduce#matches=0&size=3---7,Rocket
eclipse__jetty.project#org.eclipse.jetty.util.StringReplaceBenchmark.testJavaStringReplaceReduce#matches=0&size=3---8,Rocket
eclipse__jetty.project#org.eclipse.jetty.util.StringReplaceBenchmark.testJavaStringReplaceReduce#matches=0&size=3---9,Rocket
eclipse__jetty.project#org.eclipse.jetty.util.StringReplaceBenchmark.testJavaStringReplaceReduce#matches=1&size=3---0,Rocket
eclipse__jetty.project#org.eclipse.jetty.util.StringReplaceBenchmark.testJavaStringReplaceReduce#matches=1&size=3---1,OSCNN
eclipse__jetty.project#org.eclipse.jetty.util.StringReplaceBenchmark.testJavaStringReplaceReduce#matches=1&size=3---2,OSCNN
eclipse__jetty.project#org.eclipse.jetty.util.StringReplaceBenchmark.testJavaStringReplaceReduce#matches=1&size=3---3,OSCNN
eclipse__jetty.project#org.eclipse.jetty.util.StringReplaceBenchmark.testJavaStringReplaceReduce#matches=1&size=3---4,Rocket
eclipse__jetty.project#org.eclipse.jetty.util.StringReplaceBenchmark.testJavaStringReplaceReduce#matches=1&size=3---5,OSCNN
eclipse__jetty.project#org.eclipse.jetty.util.StringReplaceBenchmark.testJavaStringReplaceReduce#matches=1&size=3---7,Rocket
eclipse__jetty.project#org.eclipse.jetty.util.StringReplaceBenchmark.testJavaStringReplaceReduce#matches=1&size=3---9,OSCNN
eclipse__jetty.project#org.eclipse.jetty.util.StringReplaceBenchmark.testJavaStringReplaceReduce#matches=3&size=100---0,OSCNN
eclipse__jetty.project#org.eclipse.jetty.util.StringReplaceBenchmark.testJavaStringReplaceReduce#matches=3&size=100---1,OSCNN
eclipse__jetty.project#org.eclipse.jetty.util.StringReplaceBenchmark.testJavaStringReplaceReduce#matches=3&size=100---2,OSCNN
eclipse__jetty.project#org.eclipse.jetty.util.StringReplaceBenchmark.testJavaStringReplaceReduce#matches=3&size=100---3,OSCNN
eclipse__jetty.project#org.eclipse.jetty.util.StringReplaceBenchmark.testJavaStringReplaceReduce#matches=3&size=100---4,OSCNN
eclipse__jetty.project#org.eclipse.jetty.util.StringReplaceBenchmark.testJavaStringReplaceReduce#matches=3&size=100---5,OSCNN
eclipse__jetty.project#org.eclipse.jetty.util.StringReplaceBenchmark.testJavaStringReplaceReduce#matches=3&size=100---6,OSCNN
eclipse__jetty.project#org.eclipse.jetty.util.StringReplaceBenchmark.testJavaStringReplaceReduce#matches=3&size=100---7,OSCNN
eclipse__jetty.project#org.eclipse.jetty.util.StringReplaceBenchmark.testJavaStringReplaceReduce#matches=3&size=100---8,OSCNN
eclipse__jetty.project#org.eclipse.jetty.util.StringReplaceBenchmark.testJavaStringReplaceReduce#matches=3&size=100---9,OSCNN
eclipse__jetty.project#org.eclipse.jetty.util.StringReplaceBenchmark.testJettyStringUtilReplaceGrowth#matches=0&size=100---0,Rocket
eclipse__jetty.project#org.eclipse.jetty.util.StringReplaceBenchmark.testJettyStringUtilReplaceGrowth#matches=0&size=100---1,Rocket
eclipse__jetty.project#org.eclipse.jetty.util.StringReplaceBenchmark.testJettyStringUtilReplaceGrowth#matches=0&size=100---2,Rocket
eclipse__jetty.project#org.eclipse.jetty.util.StringReplaceBenchmark.testJettyStringUtilReplaceGrowth#matches=0&size=100---3,Rocket
eclipse__jetty.project#org.eclipse.jetty.util.StringReplaceBenchmark.testJettyStringUtilReplaceGrowth#matches=0&size=100---4,Rocket
eclipse__jetty.project#org.eclipse.jetty.util.StringReplaceBenchmark.testJettyStringUtilReplaceGrowth#matches=0&size=100---5,Rocket
eclipse__jetty.project#org.eclipse.jetty.util.StringReplaceBenchmark.testJettyStringUtilReplaceGrowth#matches=0&size=100---6,Rocket
eclipse__jetty.project#org.eclipse.jetty.util.StringReplaceBenchmark.testJettyStringUtilReplaceGrowth#matches=0&size=100---7,Rocket
eclipse__jetty.project#org.eclipse.jetty.util.StringReplaceBenchmark.testJettyStringUtilReplaceGrowth#matches=0&size=100---8,Rocket
eclipse__jetty.project#org.eclipse.jetty.util.StringReplaceBenchmark.testJettyStringUtilReplaceGrowth#matches=0&size=100---9,Rocket
eclipse__jetty.project#org.eclipse.jetty.util.StringReplaceBenchmark.testJettyStringUtilReplaceGrowth#matches=0&size=1000---0,Rocket
eclipse__jetty.project#org.eclipse.jetty.util.StringReplaceBenchmark.testJettyStringUtilReplaceGrowth#matches=0&size=1000---1,OSCNN
eclipse__jetty.project#org.eclipse.jetty.util.StringReplaceBenchmark.testJettyStringUtilReplaceGrowth#matches=0&size=1000---2,Rocket
eclipse__jetty.project#org.eclipse.jetty.util.StringReplaceBenchmark.testJettyStringUtilReplaceGrowth#matches=0&size=1000---3,Rocket
eclipse__jetty.project#org.eclipse.jetty.util.StringReplaceBenchmark.testJettyStringUtilReplaceGrowth#matches=0&size=1000---4,OSCNN
eclipse__jetty.project#org.eclipse.jetty.util.StringReplaceBenchmark.testJettyStringUtilReplaceGrowth#matches=0&size=1000---5,OSCNN
eclipse__jetty.project#org.eclipse.jetty.util.StringReplaceBenchmark.testJettyStringUtilReplaceGrowth#matches=0&size=1000---6,OSCNN
eclipse__jetty.project#org.eclipse.jetty.util.StringReplaceBenchmark.testJettyStringUtilReplaceGrowth#matches=0&size=1000---7,OSCNN
eclipse__jetty.project#org.eclipse.jetty.util.StringReplaceBenchmark.testJettyStringUtilReplaceGrowth#matches=0&size=1000---8,Rocket
eclipse__jetty.project#org.eclipse.jetty.util.StringReplaceBenchmark.testJettyStringUtilReplaceGrowth#matches=0&size=1000---9,Rocket
eclipse__jetty.project#org.eclipse.jetty.util.StringReplaceBenchmark.testJettyStringUtilReplaceGrowth#matches=1&size=3---0,OSCNN
eclipse__jetty.project#org.eclipse.jetty.util.StringReplaceBenchmark.testJettyStringUtilReplaceGrowth#matches=1&size=3---1,OSCNN
eclipse__jetty.project#org.eclipse.jetty.util.StringReplaceBenchmark.testJettyStringUtilReplaceGrowth#matches=1&size=3---2,OSCNN
eclipse__jetty.project#org.eclipse.jetty.util.StringReplaceBenchmark.testJettyStringUtilReplaceGrowth#matches=1&size=3---3,OSCNN
eclipse__jetty.project#org.eclipse.jetty.util.StringReplaceBenchmark.testJettyStringUtilReplaceGrowth#matches=1&size=3---4,OSCNN
eclipse__jetty.project#org.eclipse.jetty.util.StringReplaceBenchmark.testJettyStringUtilReplaceGrowth#matches=1&size=3---5,OSCNN
eclipse__jetty.project#org.eclipse.jetty.util.StringReplaceBenchmark.testJettyStringUtilReplaceGrowth#matches=1&size=3---6,OSCNN
eclipse__jetty.project#org.eclipse.jetty.util.StringReplaceBenchmark.testJettyStringUtilReplaceGrowth#matches=1&size=3---7,OSCNN
eclipse__jetty.project#org.eclipse.jetty.util.StringReplaceBenchmark.testJettyStringUtilReplaceGrowth#matches=1&size=3---8,OSCNN
eclipse__jetty.project#org.eclipse.jetty.util.StringReplaceBenchmark.testJettyStringUtilReplaceGrowth#matches=1&size=3---9,OSCNN
eclipse__jetty.project#org.eclipse.jetty.util.StringReplaceBenchmark.testJettyStringUtilReplaceReduce#matches=1&size=100---0,OSCNN
eclipse__jetty.project#org.eclipse.jetty.util.StringReplaceBenchmark.testJettyStringUtilReplaceReduce#matches=1&size=100---1,OSCNN
eclipse__jetty.project#org.eclipse.jetty.util.StringReplaceBenchmark.testJettyStringUtilReplaceReduce#matches=1&size=100---2,OSCNN
eclipse__jetty.project#org.eclipse.jetty.util.StringReplaceBenchmark.testJettyStringUtilReplaceReduce#matches=1&size=100---3,OSCNN
eclipse__jetty.project#org.eclipse.jetty.util.StringReplaceBenchmark.testJettyStringUtilReplaceReduce#matches=1&size=100---4,OSCNN
eclipse__jetty.project#org.eclipse.jetty.util.StringReplaceBenchmark.testJettyStringUtilReplaceReduce#matches=1&size=100---7,OSCNN
eclipse__jetty.project#org.eclipse.jetty.util.StringReplaceBenchmark.testJettyStringUtilReplaceReduce#matches=1&size=100---8,OSCNN
eclipse__jetty.project#org.eclipse.jetty.util.StringReplaceBenchmark.testJettyStringUtilReplaceReduce#matches=3&size=3---0,OSCNN
eclipse__jetty.project#org.eclipse.jetty.util.StringReplaceBenchmark.testJettyStringUtilReplaceReduce#matches=3&size=3---1,OSCNN
eclipse__jetty.project#org.eclipse.jetty.util.StringReplaceBenchmark.testJettyStringUtilReplaceReduce#matches=3&size=3---2,OSCNN
eclipse__jetty.project#org.eclipse.jetty.util.StringReplaceBenchmark.testJettyStringUtilReplaceReduce#matches=3&size=3---3,OSCNN
eclipse__jetty.project#org.eclipse.jetty.util.StringReplaceBenchmark.testJettyStringUtilReplaceReduce#matches=3&size=3---4,OSCNN
eclipse__jetty.project#org.eclipse.jetty.util.StringReplaceBenchmark.testJettyStringUtilReplaceReduce#matches=3&size=3---5,OSCNN
eclipse__jetty.project#org.eclipse.jetty.util.StringReplaceBenchmark.testJettyStringUtilReplaceReduce#matches=3&size=3---6,OSCNN
eclipse__jetty.project#org.eclipse.jetty.util.StringReplaceBenchmark.testJettyStringUtilReplaceReduce#matches=3&size=3---7,OSCNN
eclipse__jetty.project#org.eclipse.jetty.util.StringReplaceBenchmark.testJettyStringUtilReplaceReduce#matches=3&size=3---8,OSCNN
eclipse__jetty.project#org.eclipse.jetty.util.StringReplaceBenchmark.testJettyStringUtilReplaceReduce#matches=3&size=3---9,OSCNN
eclipse__jetty.project#org.eclipse.jetty.util.StringReplaceBenchmark.testJettyStringUtilReplaceSame#matches=1&size=3---0,OSCNN
eclipse__jetty.project#org.eclipse.jetty.util.StringReplaceBenchmark.testJettyStringUtilReplaceSame#matches=1&size=3---1,OSCNN
eclipse__jetty.project#org.eclipse.jetty.util.StringReplaceBenchmark.testJettyStringUtilReplaceSame#matches=1&size=3---2,OSCNN
eclipse__jetty.project#org.eclipse.jetty.util.StringReplaceBenchmark.testJettyStringUtilReplaceSame#matches=1&size=3---3,OSCNN
eclipse__jetty.project#org.eclipse.jetty.util.StringReplaceBenchmark.testJettyStringUtilReplaceSame#matches=1&size=3---4,OSCNN
eclipse__jetty.project#org.eclipse.jetty.util.StringReplaceBenchmark.testJettyStringUtilReplaceSame#matches=1&size=3---5,OSCNN
eclipse__jetty.project#org.eclipse.jetty.util.StringReplaceBenchmark.testJettyStringUtilReplaceSame#matches=1&size=3---6,OSCNN
eclipse__jetty.project#org.eclipse.jetty.util.StringReplaceBenchmark.testJettyStringUtilReplaceSame#matches=1&size=3---7,OSCNN
eclipse__jetty.project#org.eclipse.jetty.util.StringReplaceBenchmark.testJettyStringUtilReplaceSame#matches=1&size=3---8,OSCNN
eclipse__jetty.project#org.eclipse.jetty.util.StringReplaceBenchmark.testJettyStringUtilReplaceSame#matches=1&size=3---9,OSCNN
eclipse__jetty.project#org.eclipse.jetty.util.StringReplaceBenchmark.testJettyStringUtilReplaceSame#matches=3&size=100---0,OSCNN
eclipse__jetty.project#org.eclipse.jetty.util.StringReplaceBenchmark.testJettyStringUtilReplaceSame#matches=3&size=100---2,OSCNN
eclipse__jetty.project#org.eclipse.jetty.util.StringReplaceBenchmark.testJettyStringUtilReplaceSame#matches=3&size=100---3,OSCNN
eclipse__jetty.project#org.eclipse.jetty.util.StringReplaceBenchmark.testJettyStringUtilReplaceSame#matches=3&size=100---4,OSCNN
eclipse__jetty.project#org.eclipse.jetty.util.StringReplaceBenchmark.testJettyStringUtilReplaceSame#matches=3&size=100---6,OSCNN
eclipse__jetty.project#org.eclipse.jetty.util.StringReplaceBenchmark.testJettyStringUtilReplaceSame#matches=3&size=100---7,OSCNN
eclipse__jetty.project#org.eclipse.jetty.util.StringReplaceBenchmark.testJettyStringUtilReplaceSame#matches=3&size=100---9,OSCNN
eclipse__jetty.project#org.eclipse.jetty.util.jmh.DateCacheBenchmark.testDateCacheTimestamp#---0,OSCNN
eclipse__jetty.project#org.eclipse.jetty.util.jmh.DateCacheBenchmark.testDateCacheTimestamp#---1,OSCNN
eclipse__jetty.project#org.eclipse.jetty.util.jmh.DateCacheBenchmark.testDateCacheTimestamp#---2,OSCNN
eclipse__jetty.project#org.eclipse.jetty.util.jmh.DateCacheBenchmark.testDateCacheTimestamp#---4,OSCNN
eclipse__jetty.project#org.eclipse.jetty.util.jmh.DateCacheBenchmark.testDateCacheTimestamp#---5,OSCNN
eclipse__jetty.project#org.eclipse.jetty.util.jmh.DateCacheBenchmark.testDateCacheTimestamp#---6,OSCNN
eclipse__jetty.project#org.eclipse.jetty.util.jmh.DateCacheBenchmark.testDateCacheTimestamp#---7,OSCNN
eclipse__jetty.project#org.eclipse.jetty.util.jmh.DateCacheBenchmark.testDateCacheTimestamp#---8,OSCNN
eclipse__jetty.project#org.eclipse.jetty.util.jmh.DateCacheBenchmark.testDateCacheTimestamp#---9,OSCNN
eclipse__jetty.project#org.eclipse.jetty.util.jmh.DateCacheNoTickBenchmark.testDateCacheFormatNow#---0,OSCNN
eclipse__jetty.project#org.eclipse.jetty.util.jmh.DateCacheNoTickBenchmark.testDateCacheFormatNow#---1,OSCNN
eclipse__jetty.project#org.eclipse.jetty.util.jmh.DateCacheNoTickBenchmark.testDateCacheFormatNow#---2,OSCNN
eclipse__jetty.project#org.eclipse.jetty.util.jmh.DateCacheNoTickBenchmark.testDateCacheFormatNow#---3,OSCNN
eclipse__jetty.project#org.eclipse.jetty.util.jmh.DateCacheNoTickBenchmark.testDateCacheFormatNow#---5,OSCNN
eclipse__jetty.project#org.eclipse.jetty.util.jmh.DateCacheNoTickBenchmark.testDateCacheFormatNow#---6,OSCNN
eclipse__jetty.project#org.eclipse.jetty.util.jmh.DateCacheNoTickBenchmark.testDateCacheFormatNow#---7,OSCNN
eclipse__jetty.project#org.eclipse.jetty.util.jmh.DateCacheNoTickBenchmark.testDateCacheFormatNow#---8,OSCNN
eclipse__jetty.project#org.eclipse.jetty.util.jmh.DateCacheNoTickBenchmark.testDateCacheFormatNow#---9,OSCNN
eclipse__jetty.project#org.eclipse.jetty.util.thread.jmh.ThreadPoolBenchmark.testFew#size=200&type=QTP---1,OSCNN
eclipse__jetty.project#org.eclipse.jetty.util.thread.jmh.ThreadPoolBenchmark.testFew#size=200&type=QTP---6,OSCNN
eclipse__jetty.project#org.eclipse.jetty.util.thread.jmh.ThreadPoolBenchmark.testFew#size=200&type=QTP---8,OSCNN
eclipse__jetty.project#org.eclipse.jetty.util.thread.jmh.ThreadPoolBenchmark.testFew#size=200&type=QTP---9,OSCNN
eclipse__rdf4j#org.eclipse.rdf4j.benchmark.ForwardChainingRDFSInferencerBenchmark.initialize#---0,OSCNN
eclipse__rdf4j#org.eclipse.rdf4j.benchmark.ForwardChainingRDFSInferencerBenchmark.initialize#---1,OSCNN
eclipse__rdf4j#org.eclipse.rdf4j.benchmark.ForwardChainingRDFSInferencerBenchmark.initialize#---2,OSCNN
eclipse__rdf4j#org.eclipse.rdf4j.benchmark.ForwardChainingRDFSInferencerBenchmark.initialize#---3,OSCNN
eclipse__rdf4j#org.eclipse.rdf4j.benchmark.ForwardChainingRDFSInferencerBenchmark.initialize#---4,OSCNN
eclipse__rdf4j#org.eclipse.rdf4j.benchmark.ForwardChainingRDFSInferencerBenchmark.initialize#---5,OSCNN
eclipse__rdf4j#org.eclipse.rdf4j.benchmark.ForwardChainingRDFSInferencerBenchmark.initialize#---6,OSCNN
eclipse__rdf4j#org.eclipse.rdf4j.benchmark.ForwardChainingRDFSInferencerBenchmark.initialize#---7,OSCNN
eclipse__rdf4j#org.eclipse.rdf4j.benchmark.ForwardChainingRDFSInferencerBenchmark.initialize#---8,OSCNN
eclipse__rdf4j#org.eclipse.rdf4j.benchmark.ForwardChainingRDFSInferencerBenchmark.initialize#---9,OSCNN
eclipse__rdf4j#org.eclipse.rdf4j.benchmark.QueryOrderBenchmark.selectAll#countk=10&limit=10000&syncThreshold=0---0,FCN
eclipse__rdf4j#org.eclipse.rdf4j.benchmark.QueryOrderBenchmark.selectAll#countk=10&limit=10000&syncThreshold=0---1,Rocket
eclipse__rdf4j#org.eclipse.rdf4j.benchmark.QueryOrderBenchmark.selectAll#countk=10&limit=10000&syncThreshold=0---2,Rocket
eclipse__rdf4j#org.eclipse.rdf4j.benchmark.QueryOrderBenchmark.selectAll#countk=10&limit=10000&syncThreshold=0---3,OSCNN
eclipse__rdf4j#org.eclipse.rdf4j.benchmark.QueryOrderBenchmark.selectAll#countk=10&limit=10000&syncThreshold=0---4,OSCNN
eclipse__rdf4j#org.eclipse.rdf4j.benchmark.QueryOrderBenchmark.selectAll#countk=10&limit=10000&syncThreshold=0---5,Rocket
eclipse__rdf4j#org.eclipse.rdf4j.benchmark.QueryOrderBenchmark.selectAll#countk=10&limit=10000&syncThreshold=0---6,FCN
eclipse__rdf4j#org.eclipse.rdf4j.benchmark.QueryOrderBenchmark.selectAll#countk=10&limit=10000&syncThreshold=0---7,OSCNN
eclipse__rdf4j#org.eclipse.rdf4j.benchmark.QueryOrderBenchmark.selectAll#countk=10&limit=10000&syncThreshold=0---8,Rocket
eclipse__rdf4j#org.eclipse.rdf4j.benchmark.QueryOrderBenchmark.selectAll#countk=10&limit=10000&syncThreshold=0---9,OSCNN
eclipse__rdf4j#org.eclipse.rdf4j.benchmark.QueryOrderBenchmark.selectAll#countk=10&limit=50000&syncThreshold=10000---0,FCN
eclipse__rdf4j#org.eclipse.rdf4j.benchmark.QueryOrderBenchmark.selectAll#countk=10&limit=50000&syncThreshold=10000---1,OSCNN
eclipse__rdf4j#org.eclipse.rdf4j.benchmark.QueryOrderBenchmark.selectAll#countk=10&limit=50000&syncThreshold=10000---2,OSCNN
eclipse__rdf4j#org.eclipse.rdf4j.benchmark.QueryOrderBenchmark.selectAll#countk=10&limit=50000&syncThreshold=10000---3,FCN
eclipse__rdf4j#org.eclipse.rdf4j.benchmark.QueryOrderBenchmark.selectAll#countk=10&limit=50000&syncThreshold=10000---4,OSCNN
eclipse__rdf4j#org.eclipse.rdf4j.benchmark.QueryOrderBenchmark.selectAll#countk=10&limit=50000&syncThreshold=10000---5,OSCNN
eclipse__rdf4j#org.eclipse.rdf4j.benchmark.QueryOrderBenchmark.selectAll#countk=10&limit=50000&syncThreshold=10000---6,Rocket
eclipse__rdf4j#org.eclipse.rdf4j.benchmark.QueryOrderBenchmark.selectAll#countk=10&limit=50000&syncThreshold=10000---7,Rocket
eclipse__rdf4j#org.eclipse.rdf4j.benchmark.QueryOrderBenchmark.selectAll#countk=10&limit=50000&syncThreshold=10000---8,OSCNN
eclipse__rdf4j#org.eclipse.rdf4j.benchmark.QueryOrderBenchmark.selectAll#countk=10&limit=50000&syncThreshold=10000---9,OSCNN
eclipse__rdf4j#org.eclipse.rdf4j.benchmark.QueryOrderBenchmark.selectAll#countk=250&limit=-1&syncThreshold=0---0,Rocket
eclipse__rdf4j#org.eclipse.rdf4j.benchmark.QueryOrderBenchmark.selectAll#countk=250&limit=-1&syncThreshold=0---1,OSCNN
eclipse__rdf4j#org.eclipse.rdf4j.benchmark.QueryOrderBenchmark.selectAll#countk=250&limit=-1&syncThreshold=0---2,OSCNN
eclipse__rdf4j#org.eclipse.rdf4j.benchmark.QueryOrderBenchmark.selectAll#countk=250&limit=-1&syncThreshold=0---3,OSCNN
eclipse__rdf4j#org.eclipse.rdf4j.benchmark.QueryOrderBenchmark.selectAll#countk=250&limit=-1&syncThreshold=0---4,FCN
eclipse__rdf4j#org.eclipse.rdf4j.benchmark.QueryOrderBenchmark.selectAll#countk=250&limit=-1&syncThreshold=0---5,FCN
eclipse__rdf4j#org.eclipse.rdf4j.benchmark.QueryOrderBenchmark.selectAll#countk=250&limit=-1&syncThreshold=0---6,Rocket
eclipse__rdf4j#org.eclipse.rdf4j.benchmark.QueryOrderBenchmark.selectAll#countk=250&limit=-1&syncThreshold=0---7,OSCNN
eclipse__rdf4j#org.eclipse.rdf4j.benchmark.QueryOrderBenchmark.selectAll#countk=250&limit=-1&syncThreshold=0---8,OSCNN
eclipse__rdf4j#org.eclipse.rdf4j.benchmark.QueryOrderBenchmark.selectAll#countk=250&limit=-1&syncThreshold=0---9,FCN
eclipse__rdf4j#org.eclipse.rdf4j.benchmark.QueryOrderBenchmark.selectAll#countk=250&limit=10&syncThreshold=10000---0,Rocket
eclipse__rdf4j#org.eclipse.rdf4j.benchmark.QueryOrderBenchmark.selectAll#countk=250&limit=10&syncThreshold=10000---1,Rocket
eclipse__rdf4j#org.eclipse.rdf4j.benchmark.QueryOrderBenchmark.selectAll#countk=250&limit=10&syncThreshold=10000---2,Rocket
eclipse__rdf4j#org.eclipse.rdf4j.benchmark.QueryOrderBenchmark.selectAll#countk=250&limit=10&syncThreshold=10000---3,Rocket
eclipse__rdf4j#org.eclipse.rdf4j.benchmark.QueryOrderBenchmark.selectAll#countk=250&limit=10&syncThreshold=10000---4,Rocket
eclipse__rdf4j#org.eclipse.rdf4j.benchmark.QueryOrderBenchmark.selectAll#countk=250&limit=10&syncThreshold=10000---5,Rocket
eclipse__rdf4j#org.eclipse.rdf4j.benchmark.QueryOrderBenchmark.selectAll#countk=250&limit=10&syncThreshold=10000---6,Rocket
eclipse__rdf4j#org.eclipse.rdf4j.benchmark.QueryOrderBenchmark.selectAll#countk=250&limit=10&syncThreshold=10000---7,Rocket
eclipse__rdf4j#org.eclipse.rdf4j.benchmark.QueryOrderBenchmark.selectAll#countk=250&limit=10&syncThreshold=10000---8,Rocket
eclipse__rdf4j#org.eclipse.rdf4j.benchmark.QueryOrderBenchmark.selectAll#countk=250&limit=10&syncThreshold=10000---9,Rocket
eclipse__rdf4j#org.eclipse.rdf4j.benchmark.QueryOrderBenchmark.selectAll#countk=250&limit=10000&syncThreshold=0---0,FCN
eclipse__rdf4j#org.eclipse.rdf4j.benchmark.QueryOrderBenchmark.selectAll#countk=250&limit=10000&syncThreshold=0---1,FCN
eclipse__rdf4j#org.eclipse.rdf4j.benchmark.QueryOrderBenchmark.selectAll#countk=250&limit=10000&syncThreshold=0---2,Rocket
eclipse__rdf4j#org.eclipse.rdf4j.benchmark.QueryOrderBenchmark.selectAll#countk=250&limit=10000&syncThreshold=0---3,FCN
eclipse__rdf4j#org.eclipse.rdf4j.benchmark.QueryOrderBenchmark.selectAll#countk=250&limit=10000&syncThreshold=0---4,FCN
eclipse__rdf4j#org.eclipse.rdf4j.benchmark.QueryOrderBenchmark.selectAll#countk=250&limit=10000&syncThreshold=0---5,Rocket
eclipse__rdf4j#org.eclipse.rdf4j.benchmark.QueryOrderBenchmark.selectAll#countk=250&limit=10000&syncThreshold=0---6,Rocket
eclipse__rdf4j#org.eclipse.rdf4j.benchmark.QueryOrderBenchmark.selectAll#countk=250&limit=10000&syncThreshold=0---7,Rocket
eclipse__rdf4j#org.eclipse.rdf4j.benchmark.QueryOrderBenchmark.selectAll#countk=250&limit=10000&syncThreshold=0---8,FCN
eclipse__rdf4j#org.eclipse.rdf4j.benchmark.QueryOrderBenchmark.selectAll#countk=250&limit=10000&syncThreshold=0---9,Rocket
eclipse__rdf4j#org.eclipse.rdf4j.benchmark.QueryOrderBenchmark.selectAll#countk=250&limit=50000&syncThreshold=10000---0,Rocket
eclipse__rdf4j#org.eclipse.rdf4j.benchmark.QueryOrderBenchmark.selectAll#countk=250&limit=50000&syncThreshold=10000---1,FCN
eclipse__rdf4j#org.eclipse.rdf4j.benchmark.QueryOrderBenchmark.selectAll#countk=250&limit=50000&syncThreshold=10000---2,OSCNN
eclipse__rdf4j#org.eclipse.rdf4j.benchmark.QueryOrderBenchmark.selectAll#countk=250&limit=50000&syncThreshold=10000---3,OSCNN
eclipse__rdf4j#org.eclipse.rdf4j.benchmark.QueryOrderBenchmark.selectAll#countk=250&limit=50000&syncThreshold=10000---4,Rocket
eclipse__rdf4j#org.eclipse.rdf4j.benchmark.QueryOrderBenchmark.selectAll#countk=250&limit=50000&syncThreshold=10000---5,OSCNN
eclipse__rdf4j#org.eclipse.rdf4j.benchmark.QueryOrderBenchmark.selectAll#countk=250&limit=50000&syncThreshold=10000---6,OSCNN
eclipse__rdf4j#org.eclipse.rdf4j.benchmark.QueryOrderBenchmark.selectAll#countk=250&limit=50000&syncThreshold=10000---7,Rocket
eclipse__rdf4j#org.eclipse.rdf4j.benchmark.QueryOrderBenchmark.selectAll#countk=250&limit=50000&syncThreshold=10000---8,OSCNN
eclipse__rdf4j#org.eclipse.rdf4j.benchmark.QueryOrderBenchmark.selectAll#countk=250&limit=50000&syncThreshold=10000---9,FCN
eclipse__rdf4j#org.eclipse.rdf4j.benchmark.QueryOrderBenchmark.selectAll#countk=50&limit=10000&syncThreshold=0---0,FCN
eclipse__rdf4j#org.eclipse.rdf4j.benchmark.QueryOrderBenchmark.selectAll#countk=50&limit=10000&syncThreshold=0---1,FCN
eclipse__rdf4j#org.eclipse.rdf4j.benchmark.QueryOrderBenchmark.selectAll#countk=50&limit=10000&syncThreshold=0---2,FCN
eclipse__rdf4j#org.eclipse.rdf4j.benchmark.QueryOrderBenchmark.selectAll#countk=50&limit=10000&syncThreshold=0---3,Rocket
eclipse__rdf4j#org.eclipse.rdf4j.benchmark.QueryOrderBenchmark.selectAll#countk=50&limit=10000&syncThreshold=0---4,OSCNN
eclipse__rdf4j#org.eclipse.rdf4j.benchmark.QueryOrderBenchmark.selectAll#countk=50&limit=10000&syncThreshold=0---5,Rocket
eclipse__rdf4j#org.eclipse.rdf4j.benchmark.QueryOrderBenchmark.selectAll#countk=50&limit=10000&syncThreshold=0---6,OSCNN
eclipse__rdf4j#org.eclipse.rdf4j.benchmark.QueryOrderBenchmark.selectAll#countk=50&limit=10000&syncThreshold=0---7,Rocket
eclipse__rdf4j#org.eclipse.rdf4j.benchmark.QueryOrderBenchmark.selectAll#countk=50&limit=10000&syncThreshold=0---8,Rocket
eclipse__rdf4j#org.eclipse.rdf4j.benchmark.QueryOrderBenchmark.selectAll#countk=50&limit=10000&syncThreshold=0---9,Rocket
eclipse__rdf4j#org.eclipse.rdf4j.benchmark.QueryOrderBenchmark.selectDistinct#countk=10&limit=10000&syncThreshold=0---0,Rocket
eclipse__rdf4j#org.eclipse.rdf4j.benchmark.QueryOrderBenchmark.selectDistinct#countk=10&limit=10000&syncThreshold=0---1,Rocket
eclipse__rdf4j#org.eclipse.rdf4j.benchmark.QueryOrderBenchmark.selectDistinct#countk=10&limit=10000&syncThreshold=0---2,OSCNN
eclipse__rdf4j#org.eclipse.rdf4j.benchmark.QueryOrderBenchmark.selectDistinct#countk=10&limit=10000&syncThreshold=0---3,OSCNN
eclipse__rdf4j#org.eclipse.rdf4j.benchmark.QueryOrderBenchmark.selectDistinct#countk=10&limit=10000&syncThreshold=0---4,OSCNN
eclipse__rdf4j#org.eclipse.rdf4j.benchmark.QueryOrderBenchmark.selectDistinct#countk=10&limit=10000&syncThreshold=0---5,FCN
eclipse__rdf4j#org.eclipse.rdf4j.benchmark.QueryOrderBenchmark.selectDistinct#countk=10&limit=10000&syncThreshold=0---6,OSCNN
eclipse__rdf4j#org.eclipse.rdf4j.benchmark.QueryOrderBenchmark.selectDistinct#countk=10&limit=10000&syncThreshold=0---7,OSCNN
eclipse__rdf4j#org.eclipse.rdf4j.benchmark.QueryOrderBenchmark.selectDistinct#countk=10&limit=10000&syncThreshold=0---8,Rocket
eclipse__rdf4j#org.eclipse.rdf4j.benchmark.QueryOrderBenchmark.selectDistinct#countk=10&limit=10000&syncThreshold=0---9,Rocket
eclipse__rdf4j#org.eclipse.rdf4j.benchmark.QueryOrderBenchmark.selectDistinct#countk=100&limit=-1&syncThreshold=10000---0,Rocket
eclipse__rdf4j#org.eclipse.rdf4j.benchmark.QueryOrderBenchmark.selectDistinct#countk=100&limit=-1&syncThreshold=10000---1,Rocket
eclipse__rdf4j#org.eclipse.rdf4j.benchmark.QueryOrderBenchmark.selectDistinct#countk=100&limit=-1&syncThreshold=10000---2,Rocket
eclipse__rdf4j#org.eclipse.rdf4j.benchmark.QueryOrderBenchmark.selectDistinct#countk=100&limit=-1&syncThreshold=10000---3,FCN
eclipse__rdf4j#org.eclipse.rdf4j.benchmark.QueryOrderBenchmark.selectDistinct#countk=100&limit=-1&syncThreshold=10000---4,Rocket
eclipse__rdf4j#org.eclipse.rdf4j.benchmark.QueryOrderBenchmark.selectDistinct#countk=100&limit=-1&syncThreshold=10000---5,Rocket
eclipse__rdf4j#org.eclipse.rdf4j.benchmark.QueryOrderBenchmark.selectDistinct#countk=100&limit=-1&syncThreshold=10000---6,OSCNN
eclipse__rdf4j#org.eclipse.rdf4j.benchmark.QueryOrderBenchmark.selectDistinct#countk=100&limit=-1&syncThreshold=10000---7,Rocket
eclipse__rdf4j#org.eclipse.rdf4j.benchmark.QueryOrderBenchmark.selectDistinct#countk=100&limit=-1&syncThreshold=10000---8,Rocket
eclipse__rdf4j#org.eclipse.rdf4j.benchmark.QueryOrderBenchmark.selectDistinct#countk=100&limit=-1&syncThreshold=10000---9,Rocket
eclipse__rdf4j#org.eclipse.rdf4j.benchmark.QueryOrderBenchmark.selectDistinct#countk=100&limit=50000&syncThreshold=10000---0,Rocket
eclipse__rdf4j#org.eclipse.rdf4j.benchmark.QueryOrderBenchmark.selectDistinct#countk=100&limit=50000&syncThreshold=10000---1,Rocket
eclipse__rdf4j#org.eclipse.rdf4j.benchmark.QueryOrderBenchmark.selectDistinct#countk=100&limit=50000&syncThreshold=10000---2,Rocket
eclipse__rdf4j#org.eclipse.rdf4j.benchmark.QueryOrderBenchmark.selectDistinct#countk=100&limit=50000&syncThreshold=10000---3,Rocket
eclipse__rdf4j#org.eclipse.rdf4j.benchmark.QueryOrderBenchmark.selectDistinct#countk=100&limit=50000&syncThreshold=10000---4,Rocket
eclipse__rdf4j#org.eclipse.rdf4j.benchmark.QueryOrderBenchmark.selectDistinct#countk=100&limit=50000&syncThreshold=10000---5,Rocket
eclipse__rdf4j#org.eclipse.rdf4j.benchmark.QueryOrderBenchmark.selectDistinct#countk=100&limit=50000&syncThreshold=10000---6,FCN
eclipse__rdf4j#org.eclipse.rdf4j.benchmark.QueryOrderBenchmark.selectDistinct#countk=100&limit=50000&syncThreshold=10000---7,Rocket
eclipse__rdf4j#org.eclipse.rdf4j.benchmark.QueryOrderBenchmark.selectDistinct#countk=100&limit=50000&syncThreshold=10000---8,Rocket
eclipse__rdf4j#org.eclipse.rdf4j.benchmark.QueryOrderBenchmark.selectDistinct#countk=100&limit=50000&syncThreshold=10000---9,Rocket
eclipse__rdf4j#org.eclipse.rdf4j.benchmark.QueryOrderBenchmark.selectDistinct#countk=50&limit=10&syncThreshold=0---0,OSCNN
eclipse__rdf4j#org.eclipse.rdf4j.benchmark.QueryOrderBenchmark.selectDistinct#countk=50&limit=10&syncThreshold=0---1,FCN
eclipse__rdf4j#org.eclipse.rdf4j.benchmark.QueryOrderBenchmark.selectDistinct#countk=50&limit=10&syncThreshold=0---2,Rocket
eclipse__rdf4j#org.eclipse.rdf4j.benchmark.QueryOrderBenchmark.selectDistinct#countk=50&limit=10&syncThreshold=0---3,OSCNN
eclipse__rdf4j#org.eclipse.rdf4j.benchmark.QueryOrderBenchmark.selectDistinct#countk=50&limit=10&syncThreshold=0---4,OSCNN
eclipse__rdf4j#org.eclipse.rdf4j.benchmark.QueryOrderBenchmark.selectDistinct#countk=50&limit=10&syncThreshold=0---5,OSCNN
eclipse__rdf4j#org.eclipse.rdf4j.benchmark.QueryOrderBenchmark.selectDistinct#countk=50&limit=10&syncThreshold=0---6,Rocket
eclipse__rdf4j#org.eclipse.rdf4j.benchmark.QueryOrderBenchmark.selectDistinct#countk=50&limit=10&syncThreshold=0---7,OSCNN
eclipse__rdf4j#org.eclipse.rdf4j.benchmark.QueryOrderBenchmark.selectDistinct#countk=50&limit=10&syncThreshold=0---8,Rocket
eclipse__rdf4j#org.eclipse.rdf4j.benchmark.QueryOrderBenchmark.selectDistinct#countk=50&limit=10&syncThreshold=0---9,Rocket
eclipse__rdf4j#org.eclipse.rdf4j.benchmark.QueryOrderBenchmark.selectDistinct#countk=50&limit=1000&syncThreshold=10000---0,OSCNN
eclipse__rdf4j#org.eclipse.rdf4j.benchmark.QueryOrderBenchmark.selectDistinct#countk=50&limit=1000&syncThreshold=10000---1,OSCNN
eclipse__rdf4j#org.eclipse.rdf4j.benchmark.QueryOrderBenchmark.selectDistinct#countk=50&limit=1000&syncThreshold=10000---2,OSCNN
eclipse__rdf4j#org.eclipse.rdf4j.benchmark.QueryOrderBenchmark.selectDistinct#countk=50&limit=1000&syncThreshold=10000---3,OSCNN
eclipse__rdf4j#org.eclipse.rdf4j.benchmark.QueryOrderBenchmark.selectDistinct#countk=50&limit=1000&syncThreshold=10000---4,OSCNN
eclipse__rdf4j#org.eclipse.rdf4j.benchmark.QueryOrderBenchmark.selectDistinct#countk=50&limit=1000&syncThreshold=10000---5,FCN
eclipse__rdf4j#org.eclipse.rdf4j.benchmark.QueryOrderBenchmark.selectDistinct#countk=50&limit=1000&syncThreshold=10000---6,OSCNN
eclipse__rdf4j#org.eclipse.rdf4j.benchmark.QueryOrderBenchmark.selectDistinct#countk=50&limit=1000&syncThreshold=10000---7,OSCNN
eclipse__rdf4j#org.eclipse.rdf4j.benchmark.QueryOrderBenchmark.selectDistinct#countk=50&limit=1000&syncThreshold=10000---8,OSCNN
eclipse__rdf4j#org.eclipse.rdf4j.benchmark.QueryOrderBenchmark.selectDistinct#countk=50&limit=1000&syncThreshold=10000---9,OSCNN
eclipse__rdf4j#org.eclipse.rdf4j.benchmark.QueryOrderBenchmark.selectDistinct#countk=50&limit=50000&syncThreshold=0---0,Rocket
eclipse__rdf4j#org.eclipse.rdf4j.benchmark.QueryOrderBenchmark.selectDistinct#countk=50&limit=50000&syncThreshold=0---1,Rocket
eclipse__rdf4j#org.eclipse.rdf4j.benchmark.QueryOrderBenchmark.selectDistinct#countk=50&limit=50000&syncThreshold=0---2,Rocket
eclipse__rdf4j#org.eclipse.rdf4j.benchmark.QueryOrderBenchmark.selectDistinct#countk=50&limit=50000&syncThreshold=0---3,Rocket
eclipse__rdf4j#org.eclipse.rdf4j.benchmark.QueryOrderBenchmark.selectDistinct#countk=50&limit=50000&syncThreshold=0---4,FCN
eclipse__rdf4j#org.eclipse.rdf4j.benchmark.QueryOrderBenchmark.selectDistinct#countk=50&limit=50000&syncThreshold=0---5,Rocket
eclipse__rdf4j#org.eclipse.rdf4j.benchmark.QueryOrderBenchmark.selectDistinct#countk=50&limit=50000&syncThreshold=0---6,Rocket
eclipse__rdf4j#org.eclipse.rdf4j.benchmark.QueryOrderBenchmark.selectDistinct#countk=50&limit=50000&syncThreshold=0---7,Rocket
eclipse__rdf4j#org.eclipse.rdf4j.benchmark.QueryOrderBenchmark.selectDistinct#countk=50&limit=50000&syncThreshold=0---8,FCN
eclipse__rdf4j#org.eclipse.rdf4j.benchmark.QueryOrderBenchmark.selectDistinct#countk=50&limit=50000&syncThreshold=0---9,Rocket
eclipse__rdf4j#org.eclipse.rdf4j.benchmark.ReasoningBenchmark.forwardChainingSchemaCachingRDFSInferencerSchema#param=longChain::5803---0,OSCNN
eclipse__rdf4j#org.eclipse.rdf4j.benchmark.ReasoningBenchmark.forwardChainingSchemaCachingRDFSInferencerSchema#param=longChain::5803---1,OSCNN
eclipse__rdf4j#org.eclipse.rdf4j.benchmark.ReasoningBenchmark.forwardChainingSchemaCachingRDFSInferencerSchema#param=longChain::5803---2,OSCNN
eclipse__rdf4j#org.eclipse.rdf4j.benchmark.ReasoningBenchmark.forwardChainingSchemaCachingRDFSInferencerSchema#param=longChain::5803---3,OSCNN
eclipse__rdf4j#org.eclipse.rdf4j.benchmark.ReasoningBenchmark.forwardChainingSchemaCachingRDFSInferencerSchema#param=longChain::5803---4,OSCNN
eclipse__rdf4j#org.eclipse.rdf4j.benchmark.ReasoningBenchmark.forwardChainingSchemaCachingRDFSInferencerSchema#param=longChain::5803---5,OSCNN
eclipse__rdf4j#org.eclipse.rdf4j.benchmark.ReasoningBenchmark.forwardChainingSchemaCachingRDFSInferencerSchema#param=longChain::5803---6,OSCNN
eclipse__rdf4j#org.eclipse.rdf4j.benchmark.ReasoningBenchmark.forwardChainingSchemaCachingRDFSInferencerSchema#param=longChain::5803---7,OSCNN
eclipse__rdf4j#org.eclipse.rdf4j.benchmark.ReasoningBenchmark.forwardChainingSchemaCachingRDFSInferencerSchema#param=longChain::5803---8,OSCNN
eclipse__rdf4j#org.eclipse.rdf4j.benchmark.ReasoningBenchmark.forwardChainingSchemaCachingRDFSInferencerSchema#param=longChain::5803---9,OSCNN
eclipse__rdf4j#org.eclipse.rdf4j.benchmark.ReasoningBenchmark.forwardChainingSchemaCachingRDFSInferencerSchema#param=medium::544---0,OSCNN
eclipse__rdf4j#org.eclipse.rdf4j.benchmark.ReasoningBenchmark.forwardChainingSchemaCachingRDFSInferencerSchema#param=medium::544---1,OSCNN
eclipse__rdf4j#org.eclipse.rdf4j.benchmark.ReasoningBenchmark.forwardChainingSchemaCachingRDFSInferencerSchema#param=medium::544---2,OSCNN
eclipse__rdf4j#org.eclipse.rdf4j.benchmark.ReasoningBenchmark.forwardChainingSchemaCachingRDFSInferencerSchema#param=medium::544---3,OSCNN
eclipse__rdf4j#org.eclipse.rdf4j.benchmark.ReasoningBenchmark.forwardChainingSchemaCachingRDFSInferencerSchema#param=medium::544---4,OSCNN
eclipse__rdf4j#org.eclipse.rdf4j.benchmark.ReasoningBenchmark.forwardChainingSchemaCachingRDFSInferencerSchema#param=medium::544---5,OSCNN
eclipse__rdf4j#org.eclipse.rdf4j.benchmark.ReasoningBenchmark.forwardChainingSchemaCachingRDFSInferencerSchema#param=medium::544---6,OSCNN
eclipse__rdf4j#org.eclipse.rdf4j.benchmark.ReasoningBenchmark.forwardChainingSchemaCachingRDFSInferencerSchema#param=medium::544---7,OSCNN
eclipse__rdf4j#org.eclipse.rdf4j.benchmark.ReasoningBenchmark.forwardChainingSchemaCachingRDFSInferencerSchema#param=medium::544---8,OSCNN
eclipse__rdf4j#org.eclipse.rdf4j.benchmark.ReasoningBenchmark.forwardChainingSchemaCachingRDFSInferencerSchema#param=medium::544---9,OSCNN
eclipse__rdf4j#org.eclipse.rdf4j.benchmark.ReasoningBenchmark.forwardChainingSchemaCachingRDFSInferencerSchema#param=moreRdfs::12180---0,OSCNN
eclipse__rdf4j#org.eclipse.rdf4j.benchmark.ReasoningBenchmark.forwardChainingSchemaCachingRDFSInferencerSchema#param=moreRdfs::12180---1,OSCNN
eclipse__rdf4j#org.eclipse.rdf4j.benchmark.ReasoningBenchmark.forwardChainingSchemaCachingRDFSInferencerSchema#param=moreRdfs::12180---2,OSCNN
eclipse__rdf4j#org.eclipse.rdf4j.benchmark.ReasoningBenchmark.forwardChainingSchemaCachingRDFSInferencerSchema#param=moreRdfs::12180---3,Rocket
eclipse__rdf4j#org.eclipse.rdf4j.benchmark.ReasoningBenchmark.forwardChainingSchemaCachingRDFSInferencerSchema#param=moreRdfs::12180---4,OSCNN
eclipse__rdf4j#org.eclipse.rdf4j.benchmark.ReasoningBenchmark.forwardChainingSchemaCachingRDFSInferencerSchema#param=moreRdfs::12180---5,OSCNN
eclipse__rdf4j#org.eclipse.rdf4j.benchmark.ReasoningBenchmark.forwardChainingSchemaCachingRDFSInferencerSchema#param=moreRdfs::12180---6,FCN
eclipse__rdf4j#org.eclipse.rdf4j.benchmark.ReasoningBenchmark.forwardChainingSchemaCachingRDFSInferencerSchema#param=moreRdfs::12180---7,OSCNN
eclipse__rdf4j#org.eclipse.rdf4j.benchmark.ReasoningBenchmark.forwardChainingSchemaCachingRDFSInferencerSchema#param=moreRdfs::12180---8,OSCNN
eclipse__rdf4j#org.eclipse.rdf4j.benchmark.ReasoningBenchmark.forwardChainingSchemaCachingRDFSInferencerSchema#param=moreRdfs::12180---9,OSCNN
eclipse__rdf4j#org.eclipse.rdf4j.benchmark.ReasoningBenchmark.noReasoning#param=medium::544---0,OSCNN
eclipse__rdf4j#org.eclipse.rdf4j.benchmark.ReasoningBenchmark.noReasoning#param=medium::544---1,OSCNN
eclipse__rdf4j#org.eclipse.rdf4j.benchmark.ReasoningBenchmark.noReasoning#param=medium::544---2,OSCNN
eclipse__rdf4j#org.eclipse.rdf4j.benchmark.ReasoningBenchmark.noReasoning#param=medium::544---3,OSCNN
eclipse__rdf4j#org.eclipse.rdf4j.benchmark.ReasoningBenchmark.noReasoning#param=medium::544---4,OSCNN
eclipse__rdf4j#org.eclipse.rdf4j.benchmark.ReasoningBenchmark.noReasoning#param=medium::544---5,OSCNN
eclipse__rdf4j#org.eclipse.rdf4j.benchmark.ReasoningBenchmark.noReasoning#param=medium::544---6,OSCNN
eclipse__rdf4j#org.eclipse.rdf4j.benchmark.ReasoningBenchmark.noReasoning#param=medium::544---7,OSCNN
eclipse__rdf4j#org.eclipse.rdf4j.benchmark.ReasoningBenchmark.noReasoning#param=medium::544---8,OSCNN
eclipse__rdf4j#org.eclipse.rdf4j.benchmark.ReasoningBenchmark.noReasoning#param=medium::544---9,OSCNN
eclipse__rdf4j#org.eclipse.rdf4j.benchmark.ReasoningBenchmark.noReasoningMultipleTransactions#param=longChain::5803---0,OSCNN
eclipse__rdf4j#org.eclipse.rdf4j.benchmark.ReasoningBenchmark.noReasoningMultipleTransactions#param=longChain::5803---1,OSCNN
eclipse__rdf4j#org.eclipse.rdf4j.benchmark.ReasoningBenchmark.noReasoningMultipleTransactions#param=longChain::5803---2,OSCNN
eclipse__rdf4j#org.eclipse.rdf4j.benchmark.ReasoningBenchmark.noReasoningMultipleTransactions#param=longChain::5803---3,OSCNN
eclipse__rdf4j#org.eclipse.rdf4j.benchmark.ReasoningBenchmark.noReasoningMultipleTransactions#param=longChain::5803---4,OSCNN
eclipse__rdf4j#org.eclipse.rdf4j.benchmark.ReasoningBenchmark.noReasoningMultipleTransactions#param=longChain::5803---5,OSCNN
eclipse__rdf4j#org.eclipse.rdf4j.benchmark.ReasoningBenchmark.noReasoningMultipleTransactions#param=longChain::5803---6,OSCNN
eclipse__rdf4j#org.eclipse.rdf4j.benchmark.ReasoningBenchmark.noReasoningMultipleTransactions#param=longChain::5803---7,OSCNN
eclipse__rdf4j#org.eclipse.rdf4j.benchmark.ReasoningBenchmark.noReasoningMultipleTransactions#param=longChain::5803---8,OSCNN
eclipse__rdf4j#org.eclipse.rdf4j.benchmark.ReasoningBenchmark.noReasoningMultipleTransactions#param=longChain::5803---9,OSCNN
eclipse__rdf4j#org.eclipse.rdf4j.benchmark.ReasoningBenchmark.noReasoningMultipleTransactions#param=simple::152---1,OSCNN
eclipse__rdf4j#org.eclipse.rdf4j.benchmark.ReasoningBenchmark.noReasoningMultipleTransactions#param=simple::152---2,OSCNN
eclipse__rdf4j#org.eclipse.rdf4j.benchmark.ReasoningBenchmark.noReasoningMultipleTransactions#param=simple::152---9,OSCNN
h2oai__h2o-3#hex.AUCBuilderBench.perRow#nBins=40&nObs=1000---0,Rocket
h2oai__h2o-3#hex.AUCBuilderBench.perRow#nBins=40&nObs=1000---1,Rocket
h2oai__h2o-3#hex.AUCBuilderBench.perRow#nBins=40&nObs=1000---2,Rocket
h2oai__h2o-3#hex.AUCBuilderBench.perRow#nBins=40&nObs=1000---3,Rocket
h2oai__h2o-3#hex.AUCBuilderBench.perRow#nBins=40&nObs=1000---4,Rocket
h2oai__h2o-3#hex.AUCBuilderBench.perRow#nBins=40&nObs=1000---5,Rocket
h2oai__h2o-3#hex.AUCBuilderBench.perRow#nBins=40&nObs=1000---6,Rocket
h2oai__h2o-3#hex.AUCBuilderBench.perRow#nBins=40&nObs=1000---7,Rocket
h2oai__h2o-3#hex.AUCBuilderBench.perRow#nBins=40&nObs=1000---8,Rocket
h2oai__h2o-3#hex.AUCBuilderBench.perRow#nBins=40&nObs=1000---9,Rocket
h2oai__h2o-3#hex.tree.gbm.GbmMojoScoringBench.measureGbmScore0#rows=100000---0,Rocket
h2oai__h2o-3#hex.tree.gbm.GbmMojoScoringBench.measureGbmScore0#rows=100000---1,Rocket
h2oai__h2o-3#hex.tree.gbm.GbmMojoScoringBench.measureGbmScore0#rows=100000---2,Rocket
h2oai__h2o-3#hex.tree.gbm.GbmMojoScoringBench.measureGbmScore0#rows=100000---3,Rocket
h2oai__h2o-3#hex.tree.gbm.GbmMojoScoringBench.measureGbmScore0#rows=100000---4,Rocket
h2oai__h2o-3#hex.tree.gbm.GbmMojoScoringBench.measureGbmScore0#rows=100000---5,Rocket
h2oai__h2o-3#hex.tree.gbm.GbmMojoScoringBench.measureGbmScore0#rows=100000---6,Rocket
h2oai__h2o-3#hex.tree.gbm.GbmMojoScoringBench.measureGbmScore0#rows=100000---7,Rocket
h2oai__h2o-3#hex.tree.gbm.GbmMojoScoringBench.measureGbmScore0#rows=100000---8,FCN
h2oai__h2o-3#hex.tree.gbm.GbmMojoScoringBench.measureGbmScore0#rows=100000---9,Rocket
h2oai__h2o-3#water.ChunkBench.colsRowsRead#cols=1000&rows=100000---0,Rocket
h2oai__h2o-3#water.ChunkBench.colsRowsRead#cols=1000&rows=100000---1,Rocket
h2oai__h2o-3#water.ChunkBench.colsRowsRead#cols=1000&rows=100000---2,Rocket
h2oai__h2o-3#water.ChunkBench.colsRowsRead#cols=1000&rows=100000---3,Rocket
h2oai__h2o-3#water.ChunkBench.colsRowsRead#cols=1000&rows=100000---4,Rocket
h2oai__h2o-3#water.ChunkBench.colsRowsRead#cols=1000&rows=100000---5,Rocket
h2oai__h2o-3#water.ChunkBench.colsRowsRead#cols=1000&rows=100000---6,Rocket
h2oai__h2o-3#water.ChunkBench.colsRowsRead#cols=1000&rows=100000---7,Rocket
h2oai__h2o-3#water.ChunkBench.colsRowsRead#cols=1000&rows=100000---8,Rocket
h2oai__h2o-3#water.ChunkBench.colsRowsRead#cols=1000&rows=100000---9,Rocket
h2oai__h2o-3#water.ChunkBench.colsRowsRead#cols=10000&rows=1000---0,Rocket
h2oai__h2o-3#water.ChunkBench.colsRowsRead#cols=10000&rows=1000---1,Rocket
h2oai__h2o-3#water.ChunkBench.colsRowsRead#cols=10000&rows=1000---2,Rocket
h2oai__h2o-3#water.ChunkBench.colsRowsRead#cols=10000&rows=1000---3,Rocket
h2oai__h2o-3#water.ChunkBench.colsRowsRead#cols=10000&rows=1000---4,Rocket
h2oai__h2o-3#water.ChunkBench.colsRowsRead#cols=10000&rows=1000---5,Rocket
h2oai__h2o-3#water.ChunkBench.colsRowsRead#cols=10000&rows=1000---6,Rocket
h2oai__h2o-3#water.ChunkBench.colsRowsRead#cols=10000&rows=1000---7,Rocket
h2oai__h2o-3#water.ChunkBench.colsRowsRead#cols=10000&rows=1000---8,OSCNN
h2oai__h2o-3#water.ChunkBench.colsRowsRead#cols=10000&rows=1000---9,Rocket
h2oai__h2o-3#water.ChunkBench.colsRowsRead#cols=10000&rows=100000---0,FCN
h2oai__h2o-3#water.ChunkBench.colsRowsRead#cols=10000&rows=100000---1,OSCNN
h2oai__h2o-3#water.ChunkBench.colsRowsRead#cols=10000&rows=100000---2,FCN
h2oai__h2o-3#water.ChunkBench.colsRowsRead#cols=10000&rows=100000---3,FCN
h2oai__h2o-3#water.ChunkBench.colsRowsRead#cols=10000&rows=100000---4,Rocket
h2oai__h2o-3#water.ChunkBench.colsRowsRead#cols=10000&rows=100000---5,FCN
h2oai__h2o-3#water.ChunkBench.colsRowsRead#cols=10000&rows=100000---6,FCN
h2oai__h2o-3#water.ChunkBench.colsRowsRead#cols=10000&rows=100000---7,OSCNN
h2oai__h2o-3#water.ChunkBench.colsRowsRead#cols=10000&rows=100000---8,Rocket
h2oai__h2o-3#water.ChunkBench.colsRowsRead#cols=10000&rows=100000---9,Rocket
h2oai__h2o-3#water.ChunkBench.colsRowsReadWithFinalChunk#cols=1000&rows=100000---0,Rocket
h2oai__h2o-3#water.ChunkBench.colsRowsReadWithFinalChunk#cols=1000&rows=100000---1,Rocket
h2oai__h2o-3#water.ChunkBench.colsRowsReadWithFinalChunk#cols=1000&rows=100000---2,Rocket
h2oai__h2o-3#water.ChunkBench.colsRowsReadWithFinalChunk#cols=1000&rows=100000---3,Rocket
h2oai__h2o-3#water.ChunkBench.colsRowsReadWithFinalChunk#cols=1000&rows=100000---4,Rocket
h2oai__h2o-3#water.ChunkBench.colsRowsReadWithFinalChunk#cols=1000&rows=100000---5,Rocket
h2oai__h2o-3#water.ChunkBench.colsRowsReadWithFinalChunk#cols=1000&rows=100000---6,Rocket
h2oai__h2o-3#water.ChunkBench.colsRowsReadWithFinalChunk#cols=1000&rows=100000---7,Rocket
h2oai__h2o-3#water.ChunkBench.colsRowsReadWithFinalChunk#cols=1000&rows=100000---8,FCN
h2oai__h2o-3#water.ChunkBench.colsRowsReadWithFinalChunk#cols=1000&rows=100000---9,Rocket
h2oai__h2o-3#water.ChunkBench.rawArrayRead#cols=1000&rows=1000---0,Rocket
h2oai__h2o-3#water.ChunkBench.rawArrayRead#cols=1000&rows=1000---1,Rocket
h2oai__h2o-3#water.ChunkBench.rawArrayRead#cols=1000&rows=1000---2,Rocket
h2oai__h2o-3#water.ChunkBench.rawArrayRead#cols=1000&rows=1000---3,Rocket
h2oai__h2o-3#water.ChunkBench.rawArrayRead#cols=1000&rows=1000---4,Rocket
h2oai__h2o-3#water.ChunkBench.rawArrayRead#cols=1000&rows=1000---5,Rocket
h2oai__h2o-3#water.ChunkBench.rawArrayRead#cols=1000&rows=1000---6,Rocket
h2oai__h2o-3#water.ChunkBench.rawArrayRead#cols=1000&rows=1000---7,Rocket
h2oai__h2o-3#water.ChunkBench.rawArrayRead#cols=1000&rows=1000---8,Rocket
h2oai__h2o-3#water.ChunkBench.rawArrayRead#cols=1000&rows=1000---9,Rocket
h2oai__h2o-3#water.ChunkBench.rawArrayRead#cols=10000&rows=1000---0,Rocket
h2oai__h2o-3#water.ChunkBench.rawArrayRead#cols=10000&rows=1000---1,Rocket
h2oai__h2o-3#water.ChunkBench.rawArrayRead#cols=10000&rows=1000---2,Rocket
h2oai__h2o-3#water.ChunkBench.rawArrayRead#cols=10000&rows=1000---3,Rocket
h2oai__h2o-3#water.ChunkBench.rawArrayRead#cols=10000&rows=1000---4,Rocket
h2oai__h2o-3#water.ChunkBench.rawArrayRead#cols=10000&rows=1000---5,Rocket
h2oai__h2o-3#water.ChunkBench.rawArrayRead#cols=10000&rows=1000---6,Rocket
h2oai__h2o-3#water.ChunkBench.rawArrayRead#cols=10000&rows=1000---7,Rocket
h2oai__h2o-3#water.ChunkBench.rawArrayRead#cols=10000&rows=1000---8,Rocket
h2oai__h2o-3#water.ChunkBench.rawArrayRead#cols=10000&rows=1000---9,Rocket
h2oai__h2o-3#water.jdbc.SQLManagerBench.writeItem_double#rows=100&useRef=true---0,OSCNN
h2oai__h2o-3#water.jdbc.SQLManagerBench.writeItem_double#rows=100&useRef=true---1,OSCNN
h2oai__h2o-3#water.jdbc.SQLManagerBench.writeItem_double#rows=100&useRef=true---2,OSCNN
h2oai__h2o-3#water.jdbc.SQLManagerBench.writeItem_double#rows=100&useRef=true---3,OSCNN
h2oai__h2o-3#water.jdbc.SQLManagerBench.writeItem_double#rows=100&useRef=true---4,OSCNN
h2oai__h2o-3#water.jdbc.SQLManagerBench.writeItem_double#rows=100&useRef=true---5,OSCNN
h2oai__h2o-3#water.jdbc.SQLManagerBench.writeItem_double#rows=100&useRef=true---6,OSCNN
h2oai__h2o-3#water.jdbc.SQLManagerBench.writeItem_double#rows=100&useRef=true---7,OSCNN
h2oai__h2o-3#water.jdbc.SQLManagerBench.writeItem_double#rows=100&useRef=true---8,OSCNN
h2oai__h2o-3#water.jdbc.SQLManagerBench.writeItem_double#rows=100&useRef=true---9,OSCNN
h2oai__h2o-3#water.util.IcedHashMapBench.writeMap#arrayType=Array&array_values_length=100&keyType=String&n_entries=10&valueType=Boolean---0,OSCNN
h2oai__h2o-3#water.util.IcedHashMapBench.writeMap#arrayType=Array&array_values_length=100&keyType=String&n_entries=10&valueType=Boolean---1,OSCNN
h2oai__h2o-3#water.util.IcedHashMapBench.writeMap#arrayType=Array&array_values_length=100&keyType=String&n_entries=10&valueType=Boolean---3,OSCNN
h2oai__h2o-3#water.util.IcedHashMapBench.writeMap#arrayType=Array&array_values_length=100&keyType=String&n_entries=10&valueType=Boolean---4,OSCNN
h2oai__h2o-3#water.util.IcedHashMapBench.writeMap#arrayType=Array&array_values_length=100&keyType=String&n_entries=10&valueType=Boolean---5,OSCNN
h2oai__h2o-3#water.util.IcedHashMapBench.writeMap#arrayType=Array&array_values_length=100&keyType=String&n_entries=10&valueType=Boolean---6,OSCNN
h2oai__h2o-3#water.util.IcedHashMapBench.writeMap#arrayType=Array&array_values_length=100&keyType=String&n_entries=10&valueType=Boolean---7,OSCNN
h2oai__h2o-3#water.util.IcedHashMapBench.writeMap#arrayType=Array&array_values_length=100&keyType=String&n_entries=10&valueType=Boolean---8,OSCNN
h2oai__h2o-3#water.util.IcedHashMapBench.writeMap#arrayType=Array&array_values_length=100&keyType=String&n_entries=10&valueType=Boolean---9,OSCNN
h2oai__h2o-3#water.util.IcedHashMapBench.writeMap#arrayType=Array&array_values_length=100&keyType=String&n_entries=1000&valueType=String---0,OSCNN
h2oai__h2o-3#water.util.IcedHashMapBench.writeMap#arrayType=Array&array_values_length=100&keyType=String&n_entries=1000&valueType=String---2,OSCNN
h2oai__h2o-3#water.util.IcedHashMapBench.writeMap#arrayType=Array&array_values_length=100&keyType=String&n_entries=1000&valueType=String---4,OSCNN
h2oai__h2o-3#water.util.IcedHashMapBench.writeMap#arrayType=Array&array_values_length=100&keyType=String&n_entries=1000&valueType=String---6,OSCNN
h2oai__h2o-3#water.util.IcedHashMapBench.writeMap#arrayType=Array&array_values_length=100&keyType=String&n_entries=1000&valueType=String---7,OSCNN
h2oai__h2o-3#water.util.IcedHashMapBench.writeMap#arrayType=Array&array_values_length=100&keyType=String&n_entries=1000&valueType=String---8,OSCNN
h2oai__h2o-3#water.util.IcedHashMapBench.writeMap#arrayType=Array&array_values_length=100&keyType=String&n_entries=1000&valueType=String---9,OSCNN
h2oai__h2o-3#water.util.IcedHashMapBench.writeMap#arrayType=Array&array_values_length=10000&keyType=String&n_entries=10&valueType=String---0,OSCNN
h2oai__h2o-3#water.util.IcedHashMapBench.writeMap#arrayType=Array&array_values_length=10000&keyType=String&n_entries=10&valueType=String---2,OSCNN
h2oai__h2o-3#water.util.IcedHashMapBench.writeMap#arrayType=Array&array_values_length=10000&keyType=String&n_entries=10&valueType=String---3,OSCNN
h2oai__h2o-3#water.util.IcedHashMapBench.writeMap#arrayType=Array&array_values_length=10000&keyType=String&n_entries=10&valueType=String---4,OSCNN
h2oai__h2o-3#water.util.IcedHashMapBench.writeMap#arrayType=Array&array_values_length=10000&keyType=String&n_entries=10&valueType=String---5,OSCNN
h2oai__h2o-3#water.util.IcedHashMapBench.writeMap#arrayType=Array&array_values_length=10000&keyType=String&n_entries=10&valueType=String---6,OSCNN
h2oai__h2o-3#water.util.IcedHashMapBench.writeMap#arrayType=Array&array_values_length=10000&keyType=String&n_entries=10&valueType=String---7,OSCNN
h2oai__h2o-3#water.util.IcedHashMapBench.writeMap#arrayType=Array&array_values_length=10000&keyType=String&n_entries=10&valueType=String---8,OSCNN
h2oai__h2o-3#water.util.IcedHashMapBench.writeMap#arrayType=Array&array_values_length=10000&keyType=String&n_entries=10&valueType=String---9,OSCNN
h2oai__h2o-3#water.util.IcedHashMapBench.writeMap#arrayType=Array&array_values_length=10000&keyType=String&n_entries=1000&valueType=Boolean---0,OSCNN
h2oai__h2o-3#water.util.IcedHashMapBench.writeMap#arrayType=Array&array_values_length=10000&keyType=String&n_entries=1000&valueType=Boolean---1,OSCNN
h2oai__h2o-3#water.util.IcedHashMapBench.writeMap#arrayType=Array&array_values_length=10000&keyType=String&n_entries=1000&valueType=Boolean---2,OSCNN
h2oai__h2o-3#water.util.IcedHashMapBench.writeMap#arrayType=Array&array_values_length=10000&keyType=String&n_entries=1000&valueType=Boolean---3,FCN
h2oai__h2o-3#water.util.IcedHashMapBench.writeMap#arrayType=Array&array_values_length=10000&keyType=String&n_entries=1000&valueType=Boolean---5,OSCNN
h2oai__h2o-3#water.util.IcedHashMapBench.writeMap#arrayType=Array&array_values_length=10000&keyType=String&n_entries=1000&valueType=Boolean---7,OSCNN
h2oai__h2o-3#water.util.IcedHashMapBench.writeMap#arrayType=Array&array_values_length=10000&keyType=String&n_entries=1000&valueType=Boolean---8,OSCNN
h2oai__h2o-3#water.util.IcedHashMapBench.writeMap#arrayType=Array&array_values_length=10000&keyType=String&n_entries=1000&valueType=Boolean---9,OSCNN
h2oai__h2o-3#water.util.IcedHashMapBench.writeMap#arrayType=Array&array_values_length=10000&keyType=String&n_entries=1000&valueType=String---0,OSCNN
h2oai__h2o-3#water.util.IcedHashMapBench.writeMap#arrayType=Array&array_values_length=10000&keyType=String&n_entries=1000&valueType=String---1,OSCNN
h2oai__h2o-3#water.util.IcedHashMapBench.writeMap#arrayType=Array&array_values_length=10000&keyType=String&n_entries=1000&valueType=String---2,FCN
h2oai__h2o-3#water.util.IcedHashMapBench.writeMap#arrayType=Array&array_values_length=10000&keyType=String&n_entries=1000&valueType=String---3,OSCNN
h2oai__h2o-3#water.util.IcedHashMapBench.writeMap#arrayType=Array&array_values_length=10000&keyType=String&n_entries=1000&valueType=String---4,OSCNN
h2oai__h2o-3#water.util.IcedHashMapBench.writeMap#arrayType=Array&array_values_length=10000&keyType=String&n_entries=1000&valueType=String---5,OSCNN
h2oai__h2o-3#water.util.IcedHashMapBench.writeMap#arrayType=Array&array_values_length=10000&keyType=String&n_entries=1000&valueType=String---6,FCN
h2oai__h2o-3#water.util.IcedHashMapBench.writeMap#arrayType=Array&array_values_length=10000&keyType=String&n_entries=1000&valueType=String---7,OSCNN
h2oai__h2o-3#water.util.IcedHashMapBench.writeMap#arrayType=Array&array_values_length=10000&keyType=String&n_entries=1000&valueType=String---8,OSCNN
h2oai__h2o-3#water.util.IcedHashMapBench.writeMap#arrayType=Array&array_values_length=10000&keyType=String&n_entries=1000&valueType=String---9,OSCNN
h2oai__h2o-3#water.util.IcedHashMapBench.writeMap#arrayType=Array&array_values_length=10000&keyType=String&n_entries=100000&valueType=Boolean---0,FCN
h2oai__h2o-3#water.util.IcedHashMapBench.writeMap#arrayType=Array&array_values_length=10000&keyType=String&n_entries=100000&valueType=Boolean---1,OSCNN
h2oai__h2o-3#water.util.IcedHashMapBench.writeMap#arrayType=Array&array_values_length=10000&keyType=String&n_entries=100000&valueType=Boolean---2,OSCNN
h2oai__h2o-3#water.util.IcedHashMapBench.writeMap#arrayType=Array&array_values_length=10000&keyType=String&n_entries=100000&valueType=Boolean---3,OSCNN
h2oai__h2o-3#water.util.IcedHashMapBench.writeMap#arrayType=Array&array_values_length=10000&keyType=String&n_entries=100000&valueType=Boolean---4,Rocket
h2oai__h2o-3#water.util.IcedHashMapBench.writeMap#arrayType=Array&array_values_length=10000&keyType=String&n_entries=100000&valueType=Boolean---5,OSCNN
h2oai__h2o-3#water.util.IcedHashMapBench.writeMap#arrayType=Array&array_values_length=10000&keyType=String&n_entries=100000&valueType=Boolean---6,Rocket
h2oai__h2o-3#water.util.IcedHashMapBench.writeMap#arrayType=Array&array_values_length=10000&keyType=String&n_entries=100000&valueType=Boolean---7,OSCNN
h2oai__h2o-3#water.util.IcedHashMapBench.writeMap#arrayType=Array&array_values_length=10000&keyType=String&n_entries=100000&valueType=Boolean---8,Rocket
h2oai__h2o-3#water.util.IcedHashMapBench.writeMap#arrayType=Array&array_values_length=10000&keyType=String&n_entries=100000&valueType=Boolean---9,OSCNN
h2oai__h2o-3#water.util.IcedHashMapBench.writeMap#arrayType=None&array_values_length=1&keyType=String&n_entries=10&valueType=Integer---0,OSCNN
h2oai__h2o-3#water.util.IcedHashMapBench.writeMap#arrayType=None&array_values_length=1&keyType=String&n_entries=10&valueType=Integer---1,OSCNN
h2oai__h2o-3#water.util.IcedHashMapBench.writeMap#arrayType=None&array_values_length=1&keyType=String&n_entries=10&valueType=Integer---2,OSCNN
h2oai__h2o-3#water.util.IcedHashMapBench.writeMap#arrayType=None&array_values_length=1&keyType=String&n_entries=10&valueType=Integer---3,OSCNN
h2oai__h2o-3#water.util.IcedHashMapBench.writeMap#arrayType=None&array_values_length=1&keyType=String&n_entries=10&valueType=Integer---4,OSCNN
h2oai__h2o-3#water.util.IcedHashMapBench.writeMap#arrayType=None&array_values_length=1&keyType=String&n_entries=10&valueType=Integer---5,OSCNN
h2oai__h2o-3#water.util.IcedHashMapBench.writeMap#arrayType=None&array_values_length=1&keyType=String&n_entries=10&valueType=Integer---6,OSCNN
h2oai__h2o-3#water.util.IcedHashMapBench.writeMap#arrayType=None&array_values_length=1&keyType=String&n_entries=10&valueType=Integer---7,OSCNN
h2oai__h2o-3#water.util.IcedHashMapBench.writeMap#arrayType=None&array_values_length=1&keyType=String&n_entries=10&valueType=Integer---8,OSCNN
h2oai__h2o-3#water.util.IcedHashMapBench.writeMap#arrayType=None&array_values_length=1&keyType=String&n_entries=10&valueType=Integer---9,OSCNN
h2oai__h2o-3#water.util.IcedHashMapBench.writeMap#arrayType=None&array_values_length=1&keyType=String&n_entries=100000&valueType=String---0,OSCNN
h2oai__h2o-3#water.util.IcedHashMapBench.writeMap#arrayType=None&array_values_length=1&keyType=String&n_entries=100000&valueType=String---1,OSCNN
h2oai__h2o-3#water.util.IcedHashMapBench.writeMap#arrayType=None&array_values_length=1&keyType=String&n_entries=100000&valueType=String---2,OSCNN
h2oai__h2o-3#water.util.IcedHashMapBench.writeMap#arrayType=None&array_values_length=1&keyType=String&n_entries=100000&valueType=String---3,OSCNN
h2oai__h2o-3#water.util.IcedHashMapBench.writeMap#arrayType=None&array_values_length=1&keyType=String&n_entries=100000&valueType=String---5,OSCNN
h2oai__h2o-3#water.util.IcedHashMapBench.writeMap#arrayType=None&array_values_length=1&keyType=String&n_entries=100000&valueType=String---6,OSCNN
h2oai__h2o-3#water.util.IcedHashMapBench.writeMap#arrayType=None&array_values_length=1&keyType=String&n_entries=100000&valueType=String---7,OSCNN
h2oai__h2o-3#water.util.IcedHashMapBench.writeMap#arrayType=None&array_values_length=1&keyType=String&n_entries=100000&valueType=String---8,OSCNN
h2oai__h2o-3#water.util.IcedHashMapBench.writeMap#arrayType=None&array_values_length=1&keyType=String&n_entries=100000&valueType=String---9,OSCNN
h2oai__h2o-3#water.util.IcedHashMapBench.writeMap#arrayType=PrimitiveArray&array_values_length=10000&keyType=String&n_entries=10&valueType=Boolean---0,OSCNN
h2oai__h2o-3#water.util.IcedHashMapBench.writeMap#arrayType=PrimitiveArray&array_values_length=10000&keyType=String&n_entries=10&valueType=Boolean---1,OSCNN
h2oai__h2o-3#water.util.IcedHashMapBench.writeMap#arrayType=PrimitiveArray&array_values_length=10000&keyType=String&n_entries=10&valueType=Boolean---2,OSCNN
h2oai__h2o-3#water.util.IcedHashMapBench.writeMap#arrayType=PrimitiveArray&array_values_length=10000&keyType=String&n_entries=10&valueType=Boolean---3,OSCNN
h2oai__h2o-3#water.util.IcedHashMapBench.writeMap#arrayType=PrimitiveArray&array_values_length=10000&keyType=String&n_entries=10&valueType=Boolean---4,OSCNN
h2oai__h2o-3#water.util.IcedHashMapBench.writeMap#arrayType=PrimitiveArray&array_values_length=10000&keyType=String&n_entries=10&valueType=Boolean---5,OSCNN
h2oai__h2o-3#water.util.IcedHashMapBench.writeMap#arrayType=PrimitiveArray&array_values_length=10000&keyType=String&n_entries=10&valueType=Boolean---7,OSCNN
h2oai__h2o-3#water.util.IcedHashMapBench.writeMap#arrayType=PrimitiveArray&array_values_length=10000&keyType=String&n_entries=10&valueType=Boolean---8,OSCNN
h2oai__h2o-3#water.util.IcedHashMapBench.writeMap#arrayType=PrimitiveArray&array_values_length=10000&keyType=String&n_entries=10&valueType=Boolean---9,OSCNN
h2oai__h2o-3#water.util.IcedHashMapBench.writeMap#arrayType=PrimitiveArray&array_values_length=10000&keyType=String&n_entries=1000&valueType=Boolean---1,FCN
h2oai__h2o-3#water.util.IcedHashMapBench.writeMap#arrayType=PrimitiveArray&array_values_length=10000&keyType=String&n_entries=1000&valueType=Boolean---2,OSCNN
h2oai__h2o-3#water.util.IcedHashMapBench.writeMap#arrayType=PrimitiveArray&array_values_length=10000&keyType=String&n_entries=1000&valueType=Boolean---3,OSCNN
h2oai__h2o-3#water.util.IcedHashMapBench.writeMap#arrayType=PrimitiveArray&array_values_length=10000&keyType=String&n_entries=1000&valueType=Boolean---4,OSCNN
h2oai__h2o-3#water.util.IcedHashMapBench.writeMap#arrayType=PrimitiveArray&array_values_length=10000&keyType=String&n_entries=1000&valueType=Boolean---5,FCN
h2oai__h2o-3#water.util.IcedHashMapBench.writeMap#arrayType=PrimitiveArray&array_values_length=10000&keyType=String&n_entries=1000&valueType=Boolean---6,OSCNN
h2oai__h2o-3#water.util.IcedHashMapBench.writeMap#arrayType=PrimitiveArray&array_values_length=10000&keyType=String&n_entries=1000&valueType=Boolean---7,OSCNN
h2oai__h2o-3#water.util.IcedHashMapBench.writeMap#arrayType=PrimitiveArray&array_values_length=10000&keyType=String&n_entries=1000&valueType=Boolean---8,OSCNN
h2oai__h2o-3#water.util.IcedHashMapBench.writeMap#arrayType=PrimitiveArray&array_values_length=10000&keyType=String&n_entries=1000&valueType=Boolean---9,OSCNN
h2oai__h2o-3#water.util.IcedHashMapBench.writeMap#arrayType=PrimitiveArray&array_values_length=10000&keyType=String&n_entries=100000&valueType=Boolean---0,OSCNN
h2oai__h2o-3#water.util.IcedHashMapBench.writeMap#arrayType=PrimitiveArray&array_values_length=10000&keyType=String&n_entries=100000&valueType=Boolean---1,OSCNN
h2oai__h2o-3#water.util.IcedHashMapBench.writeMap#arrayType=PrimitiveArray&array_values_length=10000&keyType=String&n_entries=100000&valueType=Boolean---3,OSCNN
h2oai__h2o-3#water.util.IcedHashMapBench.writeMap#arrayType=PrimitiveArray&array_values_length=10000&keyType=String&n_entries=100000&valueType=Boolean---4,OSCNN
h2oai__h2o-3#water.util.IcedHashMapBench.writeMap#arrayType=PrimitiveArray&array_values_length=10000&keyType=String&n_entries=100000&valueType=Boolean---5,FCN
h2oai__h2o-3#water.util.IcedHashMapBench.writeMap#arrayType=PrimitiveArray&array_values_length=10000&keyType=String&n_entries=100000&valueType=Boolean---6,OSCNN
h2oai__h2o-3#water.util.IcedHashMapBench.writeMap#arrayType=PrimitiveArray&array_values_length=10000&keyType=String&n_entries=100000&valueType=Boolean---8,OSCNN
hazelcast__hazelcast#com.hazelcast.internal.serialization.impl.portable.portablereader.DefaultPortableReaderBenchmark.read#---0,OSCNN
hazelcast__hazelcast#com.hazelcast.internal.serialization.impl.portable.portablereader.DefaultPortableReaderBenchmark.read#---1,OSCNN
hazelcast__hazelcast#com.hazelcast.internal.serialization.impl.portable.portablereader.DefaultPortableReaderBenchmark.read#---2,OSCNN
hazelcast__hazelcast#com.hazelcast.internal.serialization.impl.portable.portablereader.DefaultPortableReaderBenchmark.read#---3,OSCNN
hazelcast__hazelcast#com.hazelcast.internal.serialization.impl.portable.portablereader.DefaultPortableReaderBenchmark.read#---4,OSCNN
hazelcast__hazelcast#com.hazelcast.internal.serialization.impl.portable.portablereader.DefaultPortableReaderBenchmark.read#---5,OSCNN
hazelcast__hazelcast#com.hazelcast.internal.serialization.impl.portable.portablereader.DefaultPortableReaderBenchmark.read#---6,OSCNN
hazelcast__hazelcast#com.hazelcast.internal.serialization.impl.portable.portablereader.DefaultPortableReaderBenchmark.read#---7,OSCNN
hazelcast__hazelcast#com.hazelcast.internal.serialization.impl.portable.portablereader.DefaultPortableReaderBenchmark.read#---8,OSCNN
hazelcast__hazelcast#com.hazelcast.internal.serialization.impl.portable.portablereader.DefaultPortableReaderBenchmark.read#---9,OSCNN
hazelcast__hazelcast#com.hazelcast.internal.util.collection.OAHashSetBenchmark.clear#size=100---0,Rocket
hazelcast__hazelcast#com.hazelcast.internal.util.collection.OAHashSetBenchmark.clear#size=100---1,Rocket
hazelcast__hazelcast#com.hazelcast.internal.util.collection.OAHashSetBenchmark.clear#size=100---2,Rocket
hazelcast__hazelcast#com.hazelcast.internal.util.collection.OAHashSetBenchmark.clear#size=100---3,Rocket
hazelcast__hazelcast#com.hazelcast.internal.util.collection.OAHashSetBenchmark.clear#size=100---4,Rocket
hazelcast__hazelcast#com.hazelcast.internal.util.collection.OAHashSetBenchmark.clear#size=100---5,Rocket
hazelcast__hazelcast#com.hazelcast.internal.util.collection.OAHashSetBenchmark.clear#size=100---6,Rocket
hazelcast__hazelcast#com.hazelcast.internal.util.collection.OAHashSetBenchmark.clear#size=100---7,Rocket
hazelcast__hazelcast#com.hazelcast.internal.util.collection.OAHashSetBenchmark.clear#size=100---8,Rocket
hazelcast__hazelcast#com.hazelcast.internal.util.collection.OAHashSetBenchmark.contains_hz_OAHashSet#size=10---0,OSCNN
hazelcast__hazelcast#com.hazelcast.internal.util.collection.OAHashSetBenchmark.contains_hz_OAHashSet#size=10---1,OSCNN
hazelcast__hazelcast#com.hazelcast.internal.util.collection.OAHashSetBenchmark.contains_hz_OAHashSet#size=10---3,OSCNN
hazelcast__hazelcast#com.hazelcast.internal.util.collection.OAHashSetBenchmark.contains_hz_OAHashSet#size=10---4,OSCNN
hazelcast__hazelcast#com.hazelcast.internal.util.collection.OAHashSetBenchmark.contains_hz_OAHashSet#size=10---5,OSCNN
hazelcast__hazelcast#com.hazelcast.internal.util.collection.OAHashSetBenchmark.contains_hz_OAHashSet#size=10---6,OSCNN
hazelcast__hazelcast#com.hazelcast.internal.util.collection.OAHashSetBenchmark.contains_hz_OAHashSet#size=10---7,OSCNN
hazelcast__hazelcast#com.hazelcast.internal.util.collection.OAHashSetBenchmark.contains_hz_OAHashSet#size=10---8,OSCNN
hazelcast__hazelcast#com.hazelcast.internal.util.collection.OAHashSetBenchmark.contains_hz_OAHashSet#size=10---9,OSCNN
hazelcast__hazelcast#com.hazelcast.internal.util.collection.OAHashSetBenchmark.contains_hz_OAHashSet#size=1000---0,OSCNN
hazelcast__hazelcast#com.hazelcast.internal.util.collection.OAHashSetBenchmark.contains_hz_OAHashSet#size=1000---1,OSCNN
hazelcast__hazelcast#com.hazelcast.internal.util.collection.OAHashSetBenchmark.contains_hz_OAHashSet#size=1000---2,OSCNN
hazelcast__hazelcast#com.hazelcast.internal.util.collection.OAHashSetBenchmark.contains_hz_OAHashSet#size=1000---3,OSCNN
hazelcast__hazelcast#com.hazelcast.internal.util.collection.OAHashSetBenchmark.contains_hz_OAHashSet#size=1000---4,OSCNN
hazelcast__hazelcast#com.hazelcast.internal.util.collection.OAHashSetBenchmark.contains_hz_OAHashSet#size=1000---5,OSCNN
hazelcast__hazelcast#com.hazelcast.internal.util.collection.OAHashSetBenchmark.contains_hz_OAHashSet#size=1000---6,OSCNN
hazelcast__hazelcast#com.hazelcast.internal.util.collection.OAHashSetBenchmark.contains_hz_OAHashSet#size=1000---7,OSCNN
hazelcast__hazelcast#com.hazelcast.internal.util.collection.OAHashSetBenchmark.contains_hz_OAHashSet#size=1000---8,OSCNN
hazelcast__hazelcast#com.hazelcast.internal.util.collection.OAHashSetBenchmark.contains_hz_OAHashSet#size=1000---9,OSCNN
hazelcast__hazelcast#com.hazelcast.internal.util.collection.OAHashSetBenchmark.contains_hz_OAHashSet#size=100000---0,OSCNN
hazelcast__hazelcast#com.hazelcast.internal.util.collection.OAHashSetBenchmark.contains_hz_OAHashSet#size=100000---1,OSCNN
hazelcast__hazelcast#com.hazelcast.internal.util.collection.OAHashSetBenchmark.contains_hz_OAHashSet#size=100000---2,OSCNN
hazelcast__hazelcast#com.hazelcast.internal.util.collection.OAHashSetBenchmark.contains_hz_OAHashSet#size=100000---3,OSCNN
hazelcast__hazelcast#com.hazelcast.internal.util.collection.OAHashSetBenchmark.contains_hz_OAHashSet#size=100000---5,OSCNN
hazelcast__hazelcast#com.hazelcast.internal.util.collection.OAHashSetBenchmark.contains_hz_OAHashSet#size=100000---6,OSCNN
hazelcast__hazelcast#com.hazelcast.internal.util.collection.OAHashSetBenchmark.contains_hz_OAHashSet#size=100000---7,OSCNN
hazelcast__hazelcast#com.hazelcast.internal.util.collection.OAHashSetBenchmark.contains_hz_OAHashSet#size=100000---8,OSCNN
hazelcast__hazelcast#com.hazelcast.internal.util.collection.OAHashSetBenchmark.contains_hz_OAHashSet#size=100000---9,OSCNN
hazelcast__hazelcast#com.hazelcast.internal.util.collection.OAHashSetBenchmark.contains_hz_OAHashSet_withHash#size=10000---0,OSCNN
hazelcast__hazelcast#com.hazelcast.internal.util.collection.OAHashSetBenchmark.contains_hz_OAHashSet_withHash#size=10000---1,OSCNN
hazelcast__hazelcast#com.hazelcast.internal.util.collection.OAHashSetBenchmark.contains_hz_OAHashSet_withHash#size=10000---2,OSCNN
hazelcast__hazelcast#com.hazelcast.internal.util.collection.OAHashSetBenchmark.contains_hz_OAHashSet_withHash#size=10000---3,OSCNN
hazelcast__hazelcast#com.hazelcast.internal.util.collection.OAHashSetBenchmark.contains_hz_OAHashSet_withHash#size=10000---4,OSCNN
hazelcast__hazelcast#com.hazelcast.internal.util.collection.OAHashSetBenchmark.contains_hz_OAHashSet_withHash#size=10000---5,OSCNN
hazelcast__hazelcast#com.hazelcast.internal.util.collection.OAHashSetBenchmark.contains_hz_OAHashSet_withHash#size=10000---6,OSCNN
hazelcast__hazelcast#com.hazelcast.internal.util.collection.OAHashSetBenchmark.contains_hz_OAHashSet_withHash#size=10000---7,OSCNN
hazelcast__hazelcast#com.hazelcast.internal.util.collection.OAHashSetBenchmark.contains_hz_OAHashSet_withHash#size=10000---8,OSCNN
hazelcast__hazelcast#com.hazelcast.internal.util.collection.OAHashSetBenchmark.contains_hz_OAHashSet_withHash#size=10000---9,OSCNN
hazelcast__hazelcast#com.hazelcast.internal.util.collection.OAHashSetBenchmark.contains_java_HashSet#size=100---0,OSCNN
hazelcast__hazelcast#com.hazelcast.internal.util.collection.OAHashSetBenchmark.contains_java_HashSet#size=100---1,OSCNN
hazelcast__hazelcast#com.hazelcast.internal.util.collection.OAHashSetBenchmark.contains_java_HashSet#size=100---2,OSCNN
hazelcast__hazelcast#com.hazelcast.internal.util.collection.OAHashSetBenchmark.contains_java_HashSet#size=100---3,OSCNN
hazelcast__hazelcast#com.hazelcast.internal.util.collection.OAHashSetBenchmark.contains_java_HashSet#size=100---5,OSCNN
hazelcast__hazelcast#com.hazelcast.internal.util.collection.OAHashSetBenchmark.contains_java_HashSet#size=100---6,OSCNN
hazelcast__hazelcast#com.hazelcast.internal.util.collection.OAHashSetBenchmark.contains_java_HashSet#size=100---7,OSCNN
hazelcast__hazelcast#com.hazelcast.internal.util.collection.OAHashSetBenchmark.contains_java_HashSet#size=100---8,OSCNN
hazelcast__hazelcast#com.hazelcast.internal.util.collection.OAHashSetBenchmark.contains_java_HashSet#size=100---9,OSCNN
hazelcast__hazelcast#com.hazelcast.internal.util.collection.OAHashSetBenchmark.contains_java_HashSet#size=10000---0,OSCNN
hazelcast__hazelcast#com.hazelcast.internal.util.collection.OAHashSetBenchmark.contains_java_HashSet#size=10000---1,OSCNN
hazelcast__hazelcast#com.hazelcast.internal.util.collection.OAHashSetBenchmark.contains_java_HashSet#size=10000---2,OSCNN
hazelcast__hazelcast#com.hazelcast.internal.util.collection.OAHashSetBenchmark.contains_java_HashSet#size=10000---3,OSCNN
hazelcast__hazelcast#com.hazelcast.internal.util.collection.OAHashSetBenchmark.contains_java_HashSet#size=10000---4,OSCNN
hazelcast__hazelcast#com.hazelcast.internal.util.collection.OAHashSetBenchmark.contains_java_HashSet#size=10000---6,OSCNN
hazelcast__hazelcast#com.hazelcast.internal.util.collection.OAHashSetBenchmark.contains_java_HashSet#size=10000---7,OSCNN
hazelcast__hazelcast#com.hazelcast.internal.util.collection.OAHashSetBenchmark.contains_java_HashSet#size=10000---8,OSCNN
hazelcast__hazelcast#com.hazelcast.internal.util.collection.OAHashSetBenchmark.contains_java_HashSet#size=10000---9,OSCNN
hazelcast__hazelcast#com.hazelcast.internal.util.collection.OAHashSetBenchmark.remove_java_HashSet#size=100000---0,OSCNN
hazelcast__hazelcast#com.hazelcast.internal.util.collection.OAHashSetBenchmark.remove_java_HashSet#size=100000---1,OSCNN
hazelcast__hazelcast#com.hazelcast.internal.util.collection.OAHashSetBenchmark.remove_java_HashSet#size=100000---2,OSCNN
hazelcast__hazelcast#com.hazelcast.internal.util.collection.OAHashSetBenchmark.remove_java_HashSet#size=100000---3,OSCNN
hazelcast__hazelcast#com.hazelcast.internal.util.collection.OAHashSetBenchmark.remove_java_HashSet#size=100000---4,OSCNN
hazelcast__hazelcast#com.hazelcast.internal.util.collection.OAHashSetBenchmark.remove_java_HashSet#size=100000---5,OSCNN
hazelcast__hazelcast#com.hazelcast.internal.util.collection.OAHashSetBenchmark.remove_java_HashSet#size=100000---6,OSCNN
hazelcast__hazelcast#com.hazelcast.internal.util.collection.OAHashSetBenchmark.remove_java_HashSet#size=100000---7,OSCNN
hazelcast__hazelcast#com.hazelcast.internal.util.collection.OAHashSetBenchmark.remove_java_HashSet#size=100000---8,OSCNN
hazelcast__hazelcast#com.hazelcast.internal.util.collection.OAHashSetBenchmark.remove_java_HashSet#size=100000---9,OSCNN
hazelcast__hazelcast#com.hazelcast.projection.QueryBenchmark.testSuppression#---0,OSCNN
hazelcast__hazelcast#com.hazelcast.projection.QueryBenchmark.testSuppression#---1,OSCNN
hazelcast__hazelcast#com.hazelcast.projection.QueryBenchmark.testSuppression#---2,OSCNN
hazelcast__hazelcast#com.hazelcast.projection.QueryBenchmark.testSuppression#---3,OSCNN
hazelcast__hazelcast#com.hazelcast.projection.QueryBenchmark.testSuppression#---4,OSCNN
hazelcast__hazelcast#com.hazelcast.projection.QueryBenchmark.testSuppression#---5,OSCNN
hazelcast__hazelcast#com.hazelcast.projection.QueryBenchmark.testSuppression#---6,OSCNN
hazelcast__hazelcast#com.hazelcast.projection.QueryBenchmark.testSuppression#---7,OSCNN
hazelcast__hazelcast#com.hazelcast.projection.QueryBenchmark.testSuppression#---8,OSCNN
hazelcast__hazelcast#com.hazelcast.projection.QueryBenchmark.testSuppression#---9,OSCNN
hazelcast__hazelcast#com.hazelcast.query.impl.bitmap.BitmapIndexQueriesBenchmark.hashQueriesAnd#---0,Rocket
hazelcast__hazelcast#com.hazelcast.query.impl.bitmap.BitmapIndexQueriesBenchmark.hashQueriesAnd#---1,OSCNN
hazelcast__hazelcast#com.hazelcast.query.impl.bitmap.BitmapIndexQueriesBenchmark.hashQueriesAnd#---2,OSCNN
hazelcast__hazelcast#com.hazelcast.query.impl.bitmap.BitmapIndexQueriesBenchmark.hashQueriesAnd#---3,Rocket
hazelcast__hazelcast#com.hazelcast.query.impl.bitmap.BitmapIndexQueriesBenchmark.hashQueriesAnd#---4,OSCNN
hazelcast__hazelcast#com.hazelcast.query.impl.bitmap.BitmapIndexQueriesBenchmark.hashQueriesAnd#---5,OSCNN
hazelcast__hazelcast#com.hazelcast.query.impl.bitmap.BitmapIndexQueriesBenchmark.hashQueriesAnd#---6,OSCNN
hazelcast__hazelcast#com.hazelcast.query.impl.bitmap.BitmapIndexQueriesBenchmark.hashQueriesAnd#---7,OSCNN
hazelcast__hazelcast#com.hazelcast.query.impl.bitmap.BitmapIndexQueriesBenchmark.hashQueriesAnd#---8,Rocket
hazelcast__hazelcast#com.hazelcast.query.impl.bitmap.BitmapIndexQueriesBenchmark.hashQueriesAnd#---9,OSCNN
hazelcast__hazelcast#com.hazelcast.query.impl.bitmap.SparseBitSetAddBenchmark.sequentialAdd_Roaring#---0,OSCNN
hazelcast__hazelcast#com.hazelcast.query.impl.bitmap.SparseBitSetAddBenchmark.sequentialAdd_Roaring#---1,Rocket
hazelcast__hazelcast#com.hazelcast.query.impl.bitmap.SparseBitSetAddBenchmark.sequentialAdd_Roaring#---2,Rocket
hazelcast__hazelcast#com.hazelcast.query.impl.bitmap.SparseBitSetAddBenchmark.sequentialAdd_Roaring#---3,Rocket
hazelcast__hazelcast#com.hazelcast.query.impl.bitmap.SparseBitSetAddBenchmark.sequentialAdd_Roaring#---4,OSCNN
hazelcast__hazelcast#com.hazelcast.query.impl.bitmap.SparseBitSetAddBenchmark.sequentialAdd_Roaring#---5,OSCNN
hazelcast__hazelcast#com.hazelcast.query.impl.bitmap.SparseBitSetAddBenchmark.sequentialAdd_Roaring#---6,OSCNN
hazelcast__hazelcast#com.hazelcast.query.impl.bitmap.SparseBitSetAddBenchmark.sequentialAdd_Roaring#---7,OSCNN
hazelcast__hazelcast#com.hazelcast.query.impl.bitmap.SparseBitSetAddBenchmark.sequentialAdd_Roaring#---8,OSCNN
hazelcast__hazelcast#com.hazelcast.query.impl.bitmap.SparseBitSetAddBenchmark.sequentialAdd_Roaring#---9,Rocket
hazelcast__hazelcast#com.hazelcast.query.impl.bitmap.SparseBitSetIterateBenchmark.iterateRoaring#---0,Rocket
hazelcast__hazelcast#com.hazelcast.query.impl.bitmap.SparseBitSetIterateBenchmark.iterateRoaring#---1,Rocket
hazelcast__hazelcast#com.hazelcast.query.impl.bitmap.SparseBitSetIterateBenchmark.iterateRoaring#---2,Rocket
hazelcast__hazelcast#com.hazelcast.query.impl.bitmap.SparseBitSetIterateBenchmark.iterateRoaring#---3,Rocket
hazelcast__hazelcast#com.hazelcast.query.impl.bitmap.SparseBitSetIterateBenchmark.iterateRoaring#---4,Rocket
hazelcast__hazelcast#com.hazelcast.query.impl.bitmap.SparseBitSetIterateBenchmark.iterateRoaring#---5,Rocket
hazelcast__hazelcast#com.hazelcast.query.impl.bitmap.SparseBitSetIterateBenchmark.iterateRoaring#---6,Rocket
hazelcast__hazelcast#com.hazelcast.query.impl.bitmap.SparseBitSetIterateBenchmark.iterateRoaring#---7,Rocket
hazelcast__hazelcast#com.hazelcast.query.impl.bitmap.SparseBitSetIterateBenchmark.iterateRoaring#---8,Rocket
hazelcast__hazelcast#com.hazelcast.query.impl.bitmap.SparseBitSetIterateBenchmark.iterateRoaring#---9,Rocket
hazelcast__hazelcast#com.hazelcast.wan.impl.merkletree.ArrayMerkleTreeBenchmark.clear_271#depth=10---0,OSCNN
hazelcast__hazelcast#com.hazelcast.wan.impl.merkletree.ArrayMerkleTreeBenchmark.clear_271#depth=10---3,Rocket
hazelcast__hazelcast#com.hazelcast.wan.impl.merkletree.ArrayMerkleTreeBenchmark.clear_271#depth=10---6,OSCNN
hazelcast__hazelcast#com.hazelcast.wan.impl.merkletree.ArrayMerkleTreeBenchmark.clear_271#depth=10---7,OSCNN
hazelcast__hazelcast#com.hazelcast.wan.impl.merkletree.ArrayMerkleTreeBenchmark.updateAdd_heap_1G#depth=16---0,Rocket
hazelcast__hazelcast#com.hazelcast.wan.impl.merkletree.ArrayMerkleTreeBenchmark.updateAdd_heap_1G#depth=16---1,Rocket
hazelcast__hazelcast#com.hazelcast.wan.impl.merkletree.ArrayMerkleTreeBenchmark.updateAdd_heap_1G#depth=16---2,Rocket
hazelcast__hazelcast#com.hazelcast.wan.impl.merkletree.ArrayMerkleTreeBenchmark.updateAdd_heap_1G#depth=16---3,Rocket
hazelcast__hazelcast#com.hazelcast.wan.impl.merkletree.ArrayMerkleTreeBenchmark.updateAdd_heap_1G#depth=16---4,Rocket
hazelcast__hazelcast#com.hazelcast.wan.impl.merkletree.ArrayMerkleTreeBenchmark.updateAdd_heap_1G#depth=16---5,Rocket
hazelcast__hazelcast#com.hazelcast.wan.impl.merkletree.ArrayMerkleTreeBenchmark.updateAdd_heap_1G#depth=16---6,OSCNN
hazelcast__hazelcast#com.hazelcast.wan.impl.merkletree.ArrayMerkleTreeBenchmark.updateAdd_heap_1G#depth=16---7,OSCNN
hazelcast__hazelcast#com.hazelcast.wan.impl.merkletree.ArrayMerkleTreeBenchmark.updateAdd_heap_1G#depth=16---8,Rocket
hazelcast__hazelcast#com.hazelcast.wan.impl.merkletree.ArrayMerkleTreeBenchmark.updateAdd_heap_1G#depth=16---9,Rocket
hazelcast__hazelcast#com.hazelcast.wan.impl.merkletree.ArrayMerkleTreeBenchmark.updateAdd_heap_4G#depth=16---0,OSCNN
hazelcast__hazelcast#com.hazelcast.wan.impl.merkletree.ArrayMerkleTreeBenchmark.updateAdd_heap_4G#depth=16---1,Rocket
hazelcast__hazelcast#com.hazelcast.wan.impl.merkletree.ArrayMerkleTreeBenchmark.updateAdd_heap_4G#depth=16---2,OSCNN
hazelcast__hazelcast#com.hazelcast.wan.impl.merkletree.ArrayMerkleTreeBenchmark.updateAdd_heap_4G#depth=16---3,Rocket
hazelcast__hazelcast#com.hazelcast.wan.impl.merkletree.ArrayMerkleTreeBenchmark.updateAdd_heap_4G#depth=16---4,Rocket
hazelcast__hazelcast#com.hazelcast.wan.impl.merkletree.ArrayMerkleTreeBenchmark.updateAdd_heap_4G#depth=16---5,OSCNN
hazelcast__hazelcast#com.hazelcast.wan.impl.merkletree.ArrayMerkleTreeBenchmark.updateAdd_heap_4G#depth=16---6,OSCNN
hazelcast__hazelcast#com.hazelcast.wan.impl.merkletree.ArrayMerkleTreeBenchmark.updateAdd_heap_4G#depth=16---7,OSCNN
hazelcast__hazelcast#com.hazelcast.wan.impl.merkletree.ArrayMerkleTreeBenchmark.updateAdd_heap_4G#depth=16---8,Rocket
hazelcast__hazelcast#com.hazelcast.wan.impl.merkletree.ArrayMerkleTreeBenchmark.updateAdd_heap_4G#depth=16---9,OSCNN
hazelcast__hazelcast#com.hazelcast.wan.impl.merkletree.ArrayMerkleTreeBenchmark.updateReplace#depth=16---0,Rocket
hazelcast__hazelcast#com.hazelcast.wan.impl.merkletree.ArrayMerkleTreeBenchmark.updateReplace#depth=16---1,OSCNN
hazelcast__hazelcast#com.hazelcast.wan.impl.merkletree.ArrayMerkleTreeBenchmark.updateReplace#depth=16---2,OSCNN
hazelcast__hazelcast#com.hazelcast.wan.impl.merkletree.ArrayMerkleTreeBenchmark.updateReplace#depth=16---3,OSCNN
hazelcast__hazelcast#com.hazelcast.wan.impl.merkletree.ArrayMerkleTreeBenchmark.updateReplace#depth=16---4,OSCNN
hazelcast__hazelcast#com.hazelcast.wan.impl.merkletree.ArrayMerkleTreeBenchmark.updateReplace#depth=16---5,OSCNN
hazelcast__hazelcast#com.hazelcast.wan.impl.merkletree.ArrayMerkleTreeBenchmark.updateReplace#depth=16---6,OSCNN
hazelcast__hazelcast#com.hazelcast.wan.impl.merkletree.ArrayMerkleTreeBenchmark.updateReplace#depth=16---7,OSCNN
hazelcast__hazelcast#com.hazelcast.wan.impl.merkletree.ArrayMerkleTreeBenchmark.updateReplace#depth=16---9,OSCNN
imglib__imglib2#net.imglib2.converter.RealTypeConvertersBenchmark.converter#srcType=DoubleType&targetType=DoubleType---0,Rocket
imglib__imglib2#net.imglib2.converter.RealTypeConvertersBenchmark.converter#srcType=DoubleType&targetType=DoubleType---1,Rocket
imglib__imglib2#net.imglib2.converter.RealTypeConvertersBenchmark.converter#srcType=DoubleType&targetType=DoubleType---4,Rocket
imglib__imglib2#net.imglib2.converter.RealTypeConvertersBenchmark.converter#srcType=DoubleType&targetType=DoubleType---5,Rocket
imglib__imglib2#net.imglib2.converter.RealTypeConvertersBenchmark.converter#srcType=DoubleType&targetType=DoubleType---6,Rocket
imglib__imglib2#net.imglib2.converter.RealTypeConvertersBenchmark.converter#srcType=DoubleType&targetType=DoubleType---8,Rocket
imglib__imglib2#net.imglib2.converter.RealTypeConvertersBenchmark.converter#srcType=DoubleType&targetType=DoubleType---9,Rocket
imglib__imglib2#net.imglib2.loops.ClassCopyProviderBenchmark.sumMinMax_using_ClassCopyProvider#---0,Rocket
imglib__imglib2#net.imglib2.loops.ClassCopyProviderBenchmark.sumMinMax_using_ClassCopyProvider#---1,Rocket
imglib__imglib2#net.imglib2.loops.ClassCopyProviderBenchmark.sumMinMax_using_ClassCopyProvider#---2,Rocket
imglib__imglib2#net.imglib2.loops.ClassCopyProviderBenchmark.sumMinMax_using_ClassCopyProvider#---3,Rocket
imglib__imglib2#net.imglib2.loops.ClassCopyProviderBenchmark.sumMinMax_using_ClassCopyProvider#---4,Rocket
imglib__imglib2#net.imglib2.loops.ClassCopyProviderBenchmark.sumMinMax_using_ClassCopyProvider#---5,Rocket
imglib__imglib2#net.imglib2.loops.ClassCopyProviderBenchmark.sumMinMax_using_ClassCopyProvider#---6,Rocket
imglib__imglib2#net.imglib2.loops.ClassCopyProviderBenchmark.sumMinMax_using_ClassCopyProvider#---7,Rocket
imglib__imglib2#net.imglib2.loops.ClassCopyProviderBenchmark.sumMinMax_using_ClassCopyProvider#---8,Rocket
imglib__imglib2#net.imglib2.loops.ClassCopyProviderBenchmark.sumMinMax_using_ClassCopyProvider#---9,Rocket
imglib__imglib2#net.imglib2.loops.LoopBuilderVsCursorsBenchmark.flatCopy#inputImage=ArrayImg&outputImage=ArrayImg---3,OSCNN
imglib__imglib2#net.imglib2.loops.LoopBuilderVsCursorsBenchmark.flatCopy#inputImage=ArrayImg&outputImage=ArrayImg---5,OSCNN
imglib__imglib2#net.imglib2.loops.LoopBuilderVsCursorsBenchmark.flatCopy#inputImage=ArrayImg&outputImage=ArrayImg---9,OSCNN
imglib__imglib2#net.imglib2.loops.LoopPerformanceBenchmark.copy_flatIterable#---0,Rocket
imglib__imglib2#net.imglib2.loops.LoopPerformanceBenchmark.copy_flatIterable#---1,Rocket
imglib__imglib2#net.imglib2.loops.LoopPerformanceBenchmark.copy_flatIterable#---2,Rocket
imglib__imglib2#net.imglib2.loops.LoopPerformanceBenchmark.copy_flatIterable#---3,Rocket
imglib__imglib2#net.imglib2.loops.LoopPerformanceBenchmark.copy_flatIterable#---4,Rocket
imglib__imglib2#net.imglib2.loops.LoopPerformanceBenchmark.copy_flatIterable#---5,Rocket
imglib__imglib2#net.imglib2.loops.LoopPerformanceBenchmark.copy_flatIterable#---6,Rocket
imglib__imglib2#net.imglib2.loops.LoopPerformanceBenchmark.copy_flatIterable#---7,Rocket
imglib__imglib2#net.imglib2.loops.LoopPerformanceBenchmark.copy_flatIterable#---8,Rocket
imglib__imglib2#net.imglib2.loops.LoopPerformanceBenchmark.copy_flatIterable#---9,Rocket
imglib__imglib2#net.imglib2.loops.LoopPerformanceBenchmark.copy_loopBuilder#---0,OSCNN
imglib__imglib2#net.imglib2.loops.LoopPerformanceBenchmark.copy_loopBuilder#---1,OSCNN
imglib__imglib2#net.imglib2.loops.LoopPerformanceBenchmark.copy_loopBuilder#---2,OSCNN
imglib__imglib2#net.imglib2.loops.LoopPerformanceBenchmark.copy_loopBuilder#---3,OSCNN
imglib__imglib2#net.imglib2.loops.LoopPerformanceBenchmark.copy_loopBuilder#---4,OSCNN
imglib__imglib2#net.imglib2.loops.LoopPerformanceBenchmark.copy_loopBuilder#---5,OSCNN
imglib__imglib2#net.imglib2.loops.LoopPerformanceBenchmark.copy_loopBuilder#---6,OSCNN
imglib__imglib2#net.imglib2.loops.LoopPerformanceBenchmark.copy_loopBuilder#---7,OSCNN
imglib__imglib2#net.imglib2.loops.LoopPerformanceBenchmark.copy_loopBuilder#---8,OSCNN
imglib__imglib2#net.imglib2.loops.LoopPerformanceBenchmark.copy_loopBuilder#---9,OSCNN
imglib__imglib2#net.imglib2.loops.LoopPerformanceBenchmark.copy_pairedView#---0,OSCNN
imglib__imglib2#net.imglib2.loops.LoopPerformanceBenchmark.copy_pairedView#---1,OSCNN
imglib__imglib2#net.imglib2.loops.LoopPerformanceBenchmark.copy_pairedView#---2,OSCNN
imglib__imglib2#net.imglib2.loops.LoopPerformanceBenchmark.copy_pairedView#---3,OSCNN
imglib__imglib2#net.imglib2.loops.LoopPerformanceBenchmark.copy_pairedView#---4,OSCNN
imglib__imglib2#net.imglib2.loops.LoopPerformanceBenchmark.copy_pairedView#---5,OSCNN
imglib__imglib2#net.imglib2.loops.LoopPerformanceBenchmark.copy_pairedView#---6,OSCNN
imglib__imglib2#net.imglib2.loops.LoopPerformanceBenchmark.copy_pairedView#---7,OSCNN
imglib__imglib2#net.imglib2.loops.LoopPerformanceBenchmark.copy_pairedView#---8,OSCNN
imglib__imglib2#net.imglib2.loops.LoopPerformanceBenchmark.copy_pairedView#---9,OSCNN
imglib__imglib2#net.imglib2.loops.LoopPerformanceBenchmark.gradient_LoopBuilder_MultiThreaded#---0,OSCNN
imglib__imglib2#net.imglib2.loops.LoopPerformanceBenchmark.gradient_LoopBuilder_MultiThreaded#---1,OSCNN
imglib__imglib2#net.imglib2.loops.LoopPerformanceBenchmark.gradient_LoopBuilder_MultiThreaded#---2,OSCNN
imglib__imglib2#net.imglib2.loops.LoopPerformanceBenchmark.gradient_LoopBuilder_MultiThreaded#---3,OSCNN
imglib__imglib2#net.imglib2.loops.LoopPerformanceBenchmark.gradient_LoopBuilder_MultiThreaded#---4,OSCNN
imglib__imglib2#net.imglib2.loops.LoopPerformanceBenchmark.gradient_LoopBuilder_MultiThreaded#---5,OSCNN
imglib__imglib2#net.imglib2.loops.LoopPerformanceBenchmark.gradient_LoopBuilder_MultiThreaded#---6,OSCNN
imglib__imglib2#net.imglib2.loops.LoopPerformanceBenchmark.gradient_LoopBuilder_MultiThreaded#---7,OSCNN
imglib__imglib2#net.imglib2.loops.LoopPerformanceBenchmark.gradient_LoopBuilder_MultiThreaded#---8,OSCNN
imglib__imglib2#net.imglib2.loops.LoopPerformanceBenchmark.gradient_LoopBuilder_MultiThreaded#---9,OSCNN
imglib__imglib2#net.imglib2.loops.LoopPerformanceBenchmark.gradient_better#---0,Rocket
imglib__imglib2#net.imglib2.loops.LoopPerformanceBenchmark.gradient_better#---1,Rocket
imglib__imglib2#net.imglib2.loops.LoopPerformanceBenchmark.gradient_better#---2,Rocket
imglib__imglib2#net.imglib2.loops.LoopPerformanceBenchmark.gradient_better#---3,Rocket
imglib__imglib2#net.imglib2.loops.LoopPerformanceBenchmark.gradient_better#---4,Rocket
imglib__imglib2#net.imglib2.loops.LoopPerformanceBenchmark.gradient_better#---5,Rocket
imglib__imglib2#net.imglib2.loops.LoopPerformanceBenchmark.gradient_better#---6,Rocket
imglib__imglib2#net.imglib2.loops.LoopPerformanceBenchmark.gradient_better#---7,Rocket
imglib__imglib2#net.imglib2.loops.LoopPerformanceBenchmark.gradient_better#---8,Rocket
imglib__imglib2#net.imglib2.loops.LoopPerformanceBenchmark.gradient_better#---9,Rocket
imglib__imglib2#net.imglib2.loops.LoopPerformanceBenchmark.gradient_niceAndSlow#---0,FCN
imglib__imglib2#net.imglib2.loops.LoopPerformanceBenchmark.gradient_niceAndSlow#---1,FCN
imglib__imglib2#net.imglib2.loops.LoopPerformanceBenchmark.gradient_niceAndSlow#---2,FCN
imglib__imglib2#net.imglib2.loops.LoopPerformanceBenchmark.gradient_niceAndSlow#---3,FCN
imglib__imglib2#net.imglib2.loops.LoopPerformanceBenchmark.gradient_niceAndSlow#---4,FCN
imglib__imglib2#net.imglib2.loops.LoopPerformanceBenchmark.gradient_niceAndSlow#---5,FCN
imglib__imglib2#net.imglib2.loops.LoopPerformanceBenchmark.gradient_niceAndSlow#---6,FCN
imglib__imglib2#net.imglib2.loops.LoopPerformanceBenchmark.gradient_niceAndSlow#---7,FCN
imglib__imglib2#net.imglib2.loops.LoopPerformanceBenchmark.gradient_niceAndSlow#---8,FCN
imglib__imglib2#net.imglib2.loops.LoopPerformanceBenchmark.gradient_niceAndSlow#---9,FCN
imglib__imglib2#net.imglib2.loops.SyncedPositionablesBenchmark.benchmark2#---0,OSCNN
imglib__imglib2#net.imglib2.loops.SyncedPositionablesBenchmark.benchmark2#---1,OSCNN
imglib__imglib2#net.imglib2.loops.SyncedPositionablesBenchmark.benchmark2#---2,OSCNN
imglib__imglib2#net.imglib2.loops.SyncedPositionablesBenchmark.benchmark2#---3,OSCNN
imglib__imglib2#net.imglib2.loops.SyncedPositionablesBenchmark.benchmark2#---4,OSCNN
imglib__imglib2#net.imglib2.loops.SyncedPositionablesBenchmark.benchmark2#---5,OSCNN
imglib__imglib2#net.imglib2.loops.SyncedPositionablesBenchmark.benchmark2#---6,OSCNN
imglib__imglib2#net.imglib2.loops.SyncedPositionablesBenchmark.benchmark2#---7,OSCNN
imglib__imglib2#net.imglib2.loops.SyncedPositionablesBenchmark.benchmark2#---8,OSCNN
imglib__imglib2#net.imglib2.loops.SyncedPositionablesBenchmark.benchmark3#---0,OSCNN
imglib__imglib2#net.imglib2.loops.SyncedPositionablesBenchmark.benchmark3#---1,OSCNN
imglib__imglib2#net.imglib2.loops.SyncedPositionablesBenchmark.benchmark3#---2,OSCNN
imglib__imglib2#net.imglib2.loops.SyncedPositionablesBenchmark.benchmark3#---3,OSCNN
imglib__imglib2#net.imglib2.loops.SyncedPositionablesBenchmark.benchmark3#---4,OSCNN
imglib__imglib2#net.imglib2.loops.SyncedPositionablesBenchmark.benchmark3#---5,OSCNN
imglib__imglib2#net.imglib2.loops.SyncedPositionablesBenchmark.benchmark3#---6,OSCNN
imglib__imglib2#net.imglib2.loops.SyncedPositionablesBenchmark.benchmark3#---7,OSCNN
imglib__imglib2#net.imglib2.loops.SyncedPositionablesBenchmark.benchmark3#---8,OSCNN
imglib__imglib2#net.imglib2.loops.SyncedPositionablesBenchmark.benchmark3#---9,OSCNN
imglib__imglib2#net.imglib2.loops.SyncedPositionablesBenchmark.benchmark4#---0,FCN
imglib__imglib2#net.imglib2.loops.SyncedPositionablesBenchmark.benchmark4#---1,FCN
imglib__imglib2#net.imglib2.loops.SyncedPositionablesBenchmark.benchmark4#---2,FCN
imglib__imglib2#net.imglib2.loops.SyncedPositionablesBenchmark.benchmark4#---3,FCN
imglib__imglib2#net.imglib2.loops.SyncedPositionablesBenchmark.benchmark4#---4,FCN
imglib__imglib2#net.imglib2.loops.SyncedPositionablesBenchmark.benchmark4#---5,FCN
imglib__imglib2#net.imglib2.loops.SyncedPositionablesBenchmark.benchmark4#---6,FCN
imglib__imglib2#net.imglib2.loops.SyncedPositionablesBenchmark.benchmark4#---7,FCN
imglib__imglib2#net.imglib2.loops.SyncedPositionablesBenchmark.benchmark4#---8,FCN
imglib__imglib2#net.imglib2.loops.SyncedPositionablesBenchmark.benchmark4#---9,FCN
imglib__imglib2#net.imglib2.loops.SyncedPositionablesBenchmark.benchmark5#---0,FCN
imglib__imglib2#net.imglib2.loops.SyncedPositionablesBenchmark.benchmark5#---1,FCN
imglib__imglib2#net.imglib2.loops.SyncedPositionablesBenchmark.benchmark5#---2,FCN
imglib__imglib2#net.imglib2.loops.SyncedPositionablesBenchmark.benchmark5#---3,FCN
imglib__imglib2#net.imglib2.loops.SyncedPositionablesBenchmark.benchmark5#---4,FCN
imglib__imglib2#net.imglib2.loops.SyncedPositionablesBenchmark.benchmark5#---5,FCN
imglib__imglib2#net.imglib2.loops.SyncedPositionablesBenchmark.benchmark5#---6,FCN
imglib__imglib2#net.imglib2.loops.SyncedPositionablesBenchmark.benchmark5#---7,FCN
imglib__imglib2#net.imglib2.loops.SyncedPositionablesBenchmark.benchmark5#---8,FCN
imglib__imglib2#net.imglib2.loops.SyncedPositionablesBenchmark.benchmark5#---9,FCN
imglib__imglib2#net.imglib2.loops.SyncedPositionablesBenchmark.benchmark6#---0,FCN
imglib__imglib2#net.imglib2.loops.SyncedPositionablesBenchmark.benchmark6#---1,FCN
imglib__imglib2#net.imglib2.loops.SyncedPositionablesBenchmark.benchmark6#---2,FCN
imglib__imglib2#net.imglib2.loops.SyncedPositionablesBenchmark.benchmark6#---3,FCN
imglib__imglib2#net.imglib2.loops.SyncedPositionablesBenchmark.benchmark6#---4,FCN
imglib__imglib2#net.imglib2.loops.SyncedPositionablesBenchmark.benchmark6#---5,FCN
imglib__imglib2#net.imglib2.loops.SyncedPositionablesBenchmark.benchmark6#---6,FCN
imglib__imglib2#net.imglib2.loops.SyncedPositionablesBenchmark.benchmark6#---7,FCN
imglib__imglib2#net.imglib2.loops.SyncedPositionablesBenchmark.benchmark6#---8,FCN
imglib__imglib2#net.imglib2.loops.SyncedPositionablesBenchmark.benchmark6#---9,FCN
imglib__imglib2#net.imglib2.parallel.ParallelizationBenchmark.defaultBehavior#---0,OSCNN
imglib__imglib2#net.imglib2.parallel.ParallelizationBenchmark.defaultBehavior#---1,OSCNN
imglib__imglib2#net.imglib2.parallel.ParallelizationBenchmark.defaultBehavior#---2,OSCNN
imglib__imglib2#net.imglib2.parallel.ParallelizationBenchmark.defaultBehavior#---3,OSCNN
imglib__imglib2#net.imglib2.parallel.ParallelizationBenchmark.defaultBehavior#---4,OSCNN
imglib__imglib2#net.imglib2.parallel.ParallelizationBenchmark.defaultBehavior#---5,OSCNN
imglib__imglib2#net.imglib2.parallel.ParallelizationBenchmark.defaultBehavior#---6,OSCNN
imglib__imglib2#net.imglib2.parallel.ParallelizationBenchmark.defaultBehavior#---7,OSCNN
imglib__imglib2#net.imglib2.parallel.ParallelizationBenchmark.defaultBehavior#---8,OSCNN
imglib__imglib2#net.imglib2.parallel.ParallelizationBenchmark.defaultBehavior#---9,OSCNN
imglib__imglib2#net.imglib2.parallel.ParallelizationBenchmark.fixedThreadPool#---0,FCN
imglib__imglib2#net.imglib2.parallel.ParallelizationBenchmark.fixedThreadPool#---1,Rocket
imglib__imglib2#net.imglib2.parallel.ParallelizationBenchmark.fixedThreadPool#---2,OSCNN
imglib__imglib2#net.imglib2.parallel.ParallelizationBenchmark.fixedThreadPool#---3,Rocket
imglib__imglib2#net.imglib2.parallel.ParallelizationBenchmark.fixedThreadPool#---4,Rocket
imglib__imglib2#net.imglib2.parallel.ParallelizationBenchmark.fixedThreadPool#---5,FCN
imglib__imglib2#net.imglib2.parallel.ParallelizationBenchmark.fixedThreadPool#---6,OSCNN
imglib__imglib2#net.imglib2.parallel.ParallelizationBenchmark.fixedThreadPool#---7,FCN
imglib__imglib2#net.imglib2.parallel.ParallelizationBenchmark.fixedThreadPool#---8,FCN
imglib__imglib2#net.imglib2.parallel.ParallelizationBenchmark.fixedThreadPool#---9,OSCNN
imglib__imglib2#net.imglib2.parallel.ParallelizationBenchmark.multiThreaded#---0,OSCNN
imglib__imglib2#net.imglib2.parallel.ParallelizationBenchmark.multiThreaded#---1,OSCNN
imglib__imglib2#net.imglib2.parallel.ParallelizationBenchmark.multiThreaded#---2,OSCNN
imglib__imglib2#net.imglib2.parallel.ParallelizationBenchmark.multiThreaded#---3,OSCNN
imglib__imglib2#net.imglib2.parallel.ParallelizationBenchmark.multiThreaded#---4,OSCNN
imglib__imglib2#net.imglib2.parallel.ParallelizationBenchmark.multiThreaded#---5,OSCNN
imglib__imglib2#net.imglib2.parallel.ParallelizationBenchmark.multiThreaded#---6,OSCNN
imglib__imglib2#net.imglib2.parallel.ParallelizationBenchmark.multiThreaded#---7,OSCNN
imglib__imglib2#net.imglib2.parallel.ParallelizationBenchmark.multiThreaded#---8,OSCNN
imglib__imglib2#net.imglib2.parallel.ParallelizationBenchmark.multiThreaded#---9,OSCNN
imglib__imglib2#net.imglib2.parallel.ParallelizationBenchmark.singleThreaded#---0,OSCNN
imglib__imglib2#net.imglib2.parallel.ParallelizationBenchmark.singleThreaded#---1,FCN
imglib__imglib2#net.imglib2.parallel.ParallelizationBenchmark.singleThreaded#---2,OSCNN
imglib__imglib2#net.imglib2.parallel.ParallelizationBenchmark.singleThreaded#---3,Rocket
imglib__imglib2#net.imglib2.parallel.ParallelizationBenchmark.singleThreaded#---4,OSCNN
imglib__imglib2#net.imglib2.parallel.ParallelizationBenchmark.singleThreaded#---5,FCN
imglib__imglib2#net.imglib2.parallel.ParallelizationBenchmark.singleThreaded#---6,FCN
imglib__imglib2#net.imglib2.parallel.ParallelizationBenchmark.singleThreaded#---7,OSCNN
imglib__imglib2#net.imglib2.parallel.ParallelizationBenchmark.singleThreaded#---8,FCN
imglib__imglib2#net.imglib2.parallel.ParallelizationBenchmark.singleThreaded#---9,OSCNN
imglib__imglib2#net.imglib2.parallel.ParallelizationBenchmark.twoThreadsForkJoinPool#---0,OSCNN
imglib__imglib2#net.imglib2.parallel.ParallelizationBenchmark.twoThreadsForkJoinPool#---1,OSCNN
imglib__imglib2#net.imglib2.parallel.ParallelizationBenchmark.twoThreadsForkJoinPool#---2,OSCNN
imglib__imglib2#net.imglib2.parallel.ParallelizationBenchmark.twoThreadsForkJoinPool#---3,OSCNN
imglib__imglib2#net.imglib2.parallel.ParallelizationBenchmark.twoThreadsForkJoinPool#---4,OSCNN
imglib__imglib2#net.imglib2.parallel.ParallelizationBenchmark.twoThreadsForkJoinPool#---5,OSCNN
imglib__imglib2#net.imglib2.parallel.ParallelizationBenchmark.twoThreadsForkJoinPool#---6,FCN
imglib__imglib2#net.imglib2.parallel.ParallelizationBenchmark.twoThreadsForkJoinPool#---7,FCN
imglib__imglib2#net.imglib2.parallel.ParallelizationBenchmark.twoThreadsForkJoinPool#---8,OSCNN
imglib__imglib2#net.imglib2.parallel.ParallelizationBenchmark.twoThreadsForkJoinPool#---9,OSCNN
imglib__imglib2#net.imglib2.util.FlatCollectionsBenchmark.benchmarkSumList#---0,FCN
imglib__imglib2#net.imglib2.util.FlatCollectionsBenchmark.benchmarkSumList#---1,OSCNN
imglib__imglib2#net.imglib2.util.FlatCollectionsBenchmark.benchmarkSumList#---2,OSCNN
imglib__imglib2#net.imglib2.util.FlatCollectionsBenchmark.benchmarkSumList#---4,OSCNN
imglib__imglib2#net.imglib2.util.FlatCollectionsBenchmark.benchmarkSumList#---5,OSCNN
imglib__imglib2#net.imglib2.util.FlatCollectionsBenchmark.benchmarkSumList#---6,OSCNN
imglib__imglib2#net.imglib2.util.FlatCollectionsBenchmark.benchmarkSumList#---7,Rocket
imglib__imglib2#net.imglib2.util.FlatCollectionsBenchmark.benchmarkSumList#---8,OSCNN
imglib__imglib2#net.imglib2.util.FlatCollectionsBenchmark.benchmarkSumList#---9,FCN
jdbi__jdbi#org.jdbi.v3.benchmark.BeanBindingBenchmark.batchJdbiMap#---0,OSCNN
jdbi__jdbi#org.jdbi.v3.benchmark.BeanBindingBenchmark.batchJdbiMap#---1,FCN
jdbi__jdbi#org.jdbi.v3.benchmark.BeanBindingBenchmark.batchJdbiMap#---2,FCN
jdbi__jdbi#org.jdbi.v3.benchmark.BeanBindingBenchmark.batchJdbiMap#---3,FCN
jdbi__jdbi#org.jdbi.v3.benchmark.BeanBindingBenchmark.batchJdbiMap#---4,OSCNN
jdbi__jdbi#org.jdbi.v3.benchmark.BeanBindingBenchmark.batchJdbiMap#---5,FCN
jdbi__jdbi#org.jdbi.v3.benchmark.BeanBindingBenchmark.batchJdbiMap#---6,OSCNN
jdbi__jdbi#org.jdbi.v3.benchmark.BeanBindingBenchmark.batchJdbiMap#---7,FCN
jdbi__jdbi#org.jdbi.v3.benchmark.BeanBindingBenchmark.batchJdbiMap#---8,FCN
jdbi__jdbi#org.jdbi.v3.benchmark.BeanBindingBenchmark.batchJdbiMap#---9,FCN
jdbi__jdbi#org.jdbi.v3.benchmark.CaseInsensitiveStringEqualsBenchmark.equalsIgnoreCaseCopy#---0,Rocket
jdbi__jdbi#org.jdbi.v3.benchmark.CaseInsensitiveStringEqualsBenchmark.equalsIgnoreCaseCopy#---1,Rocket
jdbi__jdbi#org.jdbi.v3.benchmark.CaseInsensitiveStringEqualsBenchmark.equalsIgnoreCaseCopy#---3,Rocket
jdbi__jdbi#org.jdbi.v3.benchmark.CaseInsensitiveStringEqualsBenchmark.equalsIgnoreCaseCopy#---6,Rocket
jdbi__jdbi#org.jdbi.v3.benchmark.CaseInsensitiveStringEqualsBenchmark.equalsIgnoreCaseCopy#---7,Rocket
jdbi__jdbi#org.jdbi.v3.benchmark.CaseInsensitiveStringEqualsBenchmark.equalsIgnoreCaseCopy#---8,Rocket
jdbi__jdbi#org.jdbi.v3.benchmark.CaseInsensitiveStringEqualsBenchmark.equalsIgnoreCaseOther#---5,Rocket
jdbi__jdbi#org.jdbi.v3.benchmark.CaseInsensitiveStringEqualsBenchmark.equalsIgnoreCaseOther#---6,Rocket
jdbi__jdbi#org.jdbi.v3.benchmark.CaseInsensitiveStringEqualsBenchmark.equalsIgnoreCaseOther#---7,Rocket
jdbi__jdbi#org.jdbi.v3.benchmark.CaseInsensitiveStringEqualsBenchmark.equalsIgnoreCaseOther#---8,Rocket
jdbi__jdbi#org.jdbi.v3.benchmark.CaseInsensitiveStringEqualsBenchmark.stringEquals#---2,OSCNN
jdbi__jdbi#org.jdbi.v3.benchmark.CaseInsensitiveStringEqualsBenchmark.stringEquals#---3,OSCNN
jdbi__jdbi#org.jdbi.v3.benchmark.CaseInsensitiveStringEqualsBenchmark.stringEquals#---4,OSCNN
jdbi__jdbi#org.jdbi.v3.benchmark.CaseInsensitiveStringEqualsBenchmark.stringEquals#---5,Rocket
jdbi__jdbi#org.jdbi.v3.benchmark.CaseInsensitiveStringEqualsBenchmark.stringEquals#---7,Rocket
jdbi__jdbi#org.jdbi.v3.benchmark.CaseInsensitiveStringEqualsBenchmark.stringEquals#---8,OSCNN
jdbi__jdbi#org.jdbi.v3.benchmark.CaseInsensitiveStringEqualsBenchmark.stringEquals#---9,OSCNN
jdbi__jdbi#org.jdbi.v3.benchmark.QualifiersBenchmark.eq3To3#---0,OSCNN
jdbi__jdbi#org.jdbi.v3.benchmark.QualifiersBenchmark.eq3To3#---1,OSCNN
jdbi__jdbi#org.jdbi.v3.benchmark.QualifiersBenchmark.eq3To3#---2,OSCNN
jdbi__jdbi#org.jdbi.v3.benchmark.QualifiersBenchmark.eq3To3#---3,OSCNN
jdbi__jdbi#org.jdbi.v3.benchmark.QualifiersBenchmark.eq3To3#---4,OSCNN
jdbi__jdbi#org.jdbi.v3.benchmark.QualifiersBenchmark.eq3To3#---5,OSCNN
jdbi__jdbi#org.jdbi.v3.benchmark.QualifiersBenchmark.eq3To3#---6,OSCNN
jdbi__jdbi#org.jdbi.v3.benchmark.QualifiersBenchmark.eq3To3#---7,OSCNN
jdbi__jdbi#org.jdbi.v3.benchmark.QualifiersBenchmark.eq3To3#---8,OSCNN
jdbi__jdbi#org.jdbi.v3.benchmark.QualifiersBenchmark.eq3To3#---9,OSCNN
jdbi__jdbi#org.jdbi.v3.benchmark.QualifiersBenchmark.mapUnqualifiedBean#---1,FCN
jdbi__jdbi#org.jdbi.v3.benchmark.QualifiersBenchmark.mapUnqualifiedBean#---2,OSCNN
jdbi__jdbi#org.jdbi.v3.benchmark.QualifiersBenchmark.mapUnqualifiedBean#---3,Rocket
jdbi__jdbi#org.jdbi.v3.benchmark.QualifiersBenchmark.mapUnqualifiedBean#---4,OSCNN
jdbi__jdbi#org.jdbi.v3.benchmark.QualifiersBenchmark.mapUnqualifiedBean#---5,OSCNN
jdbi__jdbi#org.jdbi.v3.benchmark.QualifiersBenchmark.mapUnqualifiedBean#---6,OSCNN
jdbi__jdbi#org.jdbi.v3.benchmark.QualifiersBenchmark.mapUnqualifiedBean#---7,OSCNN
jdbi__jdbi#org.jdbi.v3.benchmark.QualifiersBenchmark.mapUnqualifiedBean#---8,FCN
jdbi__jdbi#org.jdbi.v3.benchmark.QualifiersBenchmark.mapUnqualifiedBean#---9,FCN
jdbi__jdbi#org.jdbi.v3.benchmark.QualifiersBenchmark.neq4To4#---0,OSCNN
jdbi__jdbi#org.jdbi.v3.benchmark.QualifiersBenchmark.neq4To4#---1,OSCNN
jdbi__jdbi#org.jdbi.v3.benchmark.QualifiersBenchmark.neq4To4#---2,OSCNN
jdbi__jdbi#org.jdbi.v3.benchmark.QualifiersBenchmark.neq4To4#---3,OSCNN
jdbi__jdbi#org.jdbi.v3.benchmark.QualifiersBenchmark.neq4To4#---4,OSCNN
jdbi__jdbi#org.jdbi.v3.benchmark.QualifiersBenchmark.neq4To4#---5,OSCNN
jdbi__jdbi#org.jdbi.v3.benchmark.QualifiersBenchmark.neq4To4#---6,OSCNN
jdbi__jdbi#org.jdbi.v3.benchmark.QualifiersBenchmark.neq4To4#---7,OSCNN
jdbi__jdbi#org.jdbi.v3.benchmark.QualifiersBenchmark.neq4To4#---8,OSCNN
jdbi__jdbi#org.jdbi.v3.benchmark.QualifiersBenchmark.neq4To4#---9,OSCNN
jdbi__jdbi#org.jdbi.v3.benchmark.sqlobject.H2SqlObjectV2Benchmark.attach#---1,OSCNN
jdbi__jdbi#org.jdbi.v3.benchmark.sqlobject.H2SqlObjectV2Benchmark.attach#---3,OSCNN
jdbi__jdbi#org.jdbi.v3.benchmark.sqlobject.H2SqlObjectV2Benchmark.attach#---4,OSCNN
jdbi__jdbi#org.jdbi.v3.benchmark.sqlobject.H2SqlObjectV2Benchmark.attach#---5,OSCNN
jdbi__jdbi#org.jdbi.v3.benchmark.sqlobject.H2SqlObjectV2Benchmark.attach#---6,OSCNN
jdbi__jdbi#org.jdbi.v3.benchmark.sqlobject.H2SqlObjectV2Benchmark.attach#---7,OSCNN
jdbi__jdbi#org.jdbi.v3.benchmark.sqlobject.H2SqlObjectV2Benchmark.attach#---8,OSCNN
jdbi__jdbi#org.jdbi.v3.benchmark.sqlobject.H2SqlObjectV2Benchmark.fluentInsertGeneratedKeyBindBean#---0,OSCNN
jdbi__jdbi#org.jdbi.v3.benchmark.sqlobject.H2SqlObjectV2Benchmark.fluentInsertGeneratedKeyBindBean#---1,OSCNN
jdbi__jdbi#org.jdbi.v3.benchmark.sqlobject.H2SqlObjectV2Benchmark.fluentInsertGeneratedKeyBindBean#---2,OSCNN
jdbi__jdbi#org.jdbi.v3.benchmark.sqlobject.H2SqlObjectV2Benchmark.fluentInsertGeneratedKeyBindBean#---3,OSCNN
jdbi__jdbi#org.jdbi.v3.benchmark.sqlobject.H2SqlObjectV2Benchmark.fluentInsertGeneratedKeyBindBean#---4,OSCNN
jdbi__jdbi#org.jdbi.v3.benchmark.sqlobject.H2SqlObjectV2Benchmark.fluentInsertGeneratedKeyBindBean#---5,OSCNN
jdbi__jdbi#org.jdbi.v3.benchmark.sqlobject.H2SqlObjectV2Benchmark.fluentInsertGeneratedKeyBindBean#---6,OSCNN
jdbi__jdbi#org.jdbi.v3.benchmark.sqlobject.H2SqlObjectV2Benchmark.fluentInsertGeneratedKeyBindBean#---7,OSCNN
jdbi__jdbi#org.jdbi.v3.benchmark.sqlobject.H2SqlObjectV2Benchmark.fluentInsertGeneratedKeyBindBean#---8,OSCNN
jdbi__jdbi#org.jdbi.v3.benchmark.sqlobject.H2SqlObjectV2Benchmark.fluentInsertGeneratedKeyBindBean#---9,OSCNN
jdbi__jdbi#org.jdbi.v3.benchmark.sqlobject.H2SqlObjectV2Benchmark.sqlobjectInsertGeneratedKeyValues#---0,OSCNN
jdbi__jdbi#org.jdbi.v3.benchmark.sqlobject.H2SqlObjectV2Benchmark.sqlobjectInsertGeneratedKeyValues#---1,OSCNN
jdbi__jdbi#org.jdbi.v3.benchmark.sqlobject.H2SqlObjectV2Benchmark.sqlobjectInsertGeneratedKeyValues#---2,OSCNN
jdbi__jdbi#org.jdbi.v3.benchmark.sqlobject.H2SqlObjectV2Benchmark.sqlobjectInsertGeneratedKeyValues#---3,OSCNN
jdbi__jdbi#org.jdbi.v3.benchmark.sqlobject.H2SqlObjectV2Benchmark.sqlobjectInsertGeneratedKeyValues#---4,OSCNN
jdbi__jdbi#org.jdbi.v3.benchmark.sqlobject.H2SqlObjectV2Benchmark.sqlobjectInsertGeneratedKeyValues#---5,OSCNN
jdbi__jdbi#org.jdbi.v3.benchmark.sqlobject.H2SqlObjectV2Benchmark.sqlobjectInsertGeneratedKeyValues#---6,OSCNN
jdbi__jdbi#org.jdbi.v3.benchmark.sqlobject.H2SqlObjectV2Benchmark.sqlobjectInsertGeneratedKeyValues#---7,OSCNN
jdbi__jdbi#org.jdbi.v3.benchmark.sqlobject.H2SqlObjectV2Benchmark.sqlobjectInsertGeneratedKeyValues#---8,OSCNN
jdbi__jdbi#org.jdbi.v3.benchmark.sqlobject.H2SqlObjectV2Benchmark.sqlobjectInsertGeneratedKeyValues#---9,OSCNN
jdbi__jdbi#org.jdbi.v3.benchmark.sqlobject.H2SqlObjectV3Benchmark.attach#---0,OSCNN
jdbi__jdbi#org.jdbi.v3.benchmark.sqlobject.H2SqlObjectV3Benchmark.attach#---1,OSCNN
jdbi__jdbi#org.jdbi.v3.benchmark.sqlobject.H2SqlObjectV3Benchmark.attach#---2,OSCNN
jdbi__jdbi#org.jdbi.v3.benchmark.sqlobject.H2SqlObjectV3Benchmark.attach#---3,OSCNN
jdbi__jdbi#org.jdbi.v3.benchmark.sqlobject.H2SqlObjectV3Benchmark.attach#---7,OSCNN
jdbi__jdbi#org.jdbi.v3.benchmark.sqlobject.H2SqlObjectV3Benchmark.attach#---8,OSCNN
jdbi__jdbi#org.jdbi.v3.benchmark.sqlobject.H2SqlObjectV3Benchmark.fluentInsertGeneratedKeyBindBean#---0,OSCNN
jdbi__jdbi#org.jdbi.v3.benchmark.sqlobject.H2SqlObjectV3Benchmark.fluentInsertGeneratedKeyBindBean#---6,OSCNN
jdbi__jdbi#org.jdbi.v3.benchmark.sqlobject.H2SqlObjectV3Benchmark.fluentInsertGeneratedKeyBindBean#---7,OSCNN
jdbi__jdbi#org.jdbi.v3.benchmark.sqlobject.H2SqlObjectV3Benchmark.fluentInsertGeneratedKeyBindBean#---8,OSCNN
jdbi__jdbi#org.jdbi.v3.benchmark.sqlobject.H2SqlObjectV3Benchmark.fluentInsertGeneratedKeyBindBean#---9,OSCNN
jdbi__jdbi#org.jdbi.v3.benchmark.sqlobject.H2SqlObjectV3Benchmark.fluentSelectOne#---1,OSCNN
jdbi__jdbi#org.jdbi.v3.benchmark.sqlobject.H2SqlObjectV3Benchmark.fluentSelectOne#---2,OSCNN
jdbi__jdbi#org.jdbi.v3.benchmark.sqlobject.H2SqlObjectV3Benchmark.fluentSelectOne#---3,OSCNN
jdbi__jdbi#org.jdbi.v3.benchmark.sqlobject.H2SqlObjectV3Benchmark.fluentSelectOne#---4,OSCNN
jdbi__jdbi#org.jdbi.v3.benchmark.sqlobject.H2SqlObjectV3Benchmark.fluentSelectOne#---5,OSCNN
jdbi__jdbi#org.jdbi.v3.benchmark.sqlobject.H2SqlObjectV3Benchmark.fluentSelectOne#---6,OSCNN
jdbi__jdbi#org.jdbi.v3.benchmark.sqlobject.H2SqlObjectV3Benchmark.fluentSelectOne#---7,OSCNN
jdbi__jdbi#org.jdbi.v3.benchmark.sqlobject.H2SqlObjectV3Benchmark.fluentSelectOne#---9,OSCNN
jdbi__jdbi#org.jdbi.v3.benchmark.sqlobject.H2SqlObjectV3Benchmark.sqlobjectSelectOne#---0,OSCNN
jdbi__jdbi#org.jdbi.v3.benchmark.sqlobject.H2SqlObjectV3Benchmark.sqlobjectSelectOne#---1,OSCNN
jdbi__jdbi#org.jdbi.v3.benchmark.sqlobject.H2SqlObjectV3Benchmark.sqlobjectSelectOne#---2,OSCNN
jdbi__jdbi#org.jdbi.v3.benchmark.sqlobject.H2SqlObjectV3Benchmark.sqlobjectSelectOne#---3,OSCNN
jdbi__jdbi#org.jdbi.v3.benchmark.sqlobject.H2SqlObjectV3Benchmark.sqlobjectSelectOne#---4,OSCNN
jdbi__jdbi#org.jdbi.v3.benchmark.sqlobject.H2SqlObjectV3Benchmark.sqlobjectSelectOne#---5,OSCNN
jdbi__jdbi#org.jdbi.v3.benchmark.sqlobject.H2SqlObjectV3Benchmark.sqlobjectSelectOne#---6,OSCNN
jdbi__jdbi#org.jdbi.v3.benchmark.sqlobject.H2SqlObjectV3Benchmark.sqlobjectSelectOne#---7,OSCNN
jdbi__jdbi#org.jdbi.v3.benchmark.sqlobject.H2SqlObjectV3Benchmark.sqlobjectSelectOne#---9,OSCNN
jdbi__jdbi#org.jdbi.v3.core.EnumBenchmark.mapEnumCaseInsensitive#---0,OSCNN
jdbi__jdbi#org.jdbi.v3.core.EnumBenchmark.mapEnumCaseInsensitive#---1,OSCNN
jdbi__jdbi#org.jdbi.v3.core.EnumBenchmark.mapEnumCaseInsensitive#---2,OSCNN
jdbi__jdbi#org.jdbi.v3.core.EnumBenchmark.mapEnumCaseInsensitive#---3,OSCNN
jdbi__jdbi#org.jdbi.v3.core.EnumBenchmark.mapEnumCaseInsensitive#---4,OSCNN
jdbi__jdbi#org.jdbi.v3.core.EnumBenchmark.mapEnumCaseInsensitive#---5,OSCNN
jdbi__jdbi#org.jdbi.v3.core.EnumBenchmark.mapEnumCaseInsensitive#---6,Rocket
jdbi__jdbi#org.jdbi.v3.core.EnumBenchmark.mapEnumCaseInsensitive#---7,OSCNN
jdbi__jdbi#org.jdbi.v3.core.EnumBenchmark.mapEnumCaseInsensitive#---8,OSCNN
jdbi__jdbi#org.jdbi.v3.core.EnumBenchmark.mapEnumCaseInsensitive#---9,OSCNN
jgrapht__jgrapht#org.jgrapht.perf.clique.MaximalCliqueEnumerationPerformanceTest.PivotBronKerboschRandomGraphBenchmark.run#---0,OSCNN
jgrapht__jgrapht#org.jgrapht.perf.clique.MaximalCliqueEnumerationPerformanceTest.PivotBronKerboschRandomGraphBenchmark.run#---1,OSCNN
jgrapht__jgrapht#org.jgrapht.perf.clique.MaximalCliqueEnumerationPerformanceTest.PivotBronKerboschRandomGraphBenchmark.run#---2,OSCNN
jgrapht__jgrapht#org.jgrapht.perf.clique.MaximalCliqueEnumerationPerformanceTest.PivotBronKerboschRandomGraphBenchmark.run#---3,OSCNN
jgrapht__jgrapht#org.jgrapht.perf.clique.MaximalCliqueEnumerationPerformanceTest.PivotBronKerboschRandomGraphBenchmark.run#---4,OSCNN
jgrapht__jgrapht#org.jgrapht.perf.clique.MaximalCliqueEnumerationPerformanceTest.PivotBronKerboschRandomGraphBenchmark.run#---5,OSCNN
jgrapht__jgrapht#org.jgrapht.perf.clique.MaximalCliqueEnumerationPerformanceTest.PivotBronKerboschRandomGraphBenchmark.run#---6,OSCNN
jgrapht__jgrapht#org.jgrapht.perf.clique.MaximalCliqueEnumerationPerformanceTest.PivotBronKerboschRandomGraphBenchmark.run#---7,OSCNN
jgrapht__jgrapht#org.jgrapht.perf.clique.MaximalCliqueEnumerationPerformanceTest.PivotBronKerboschRandomGraphBenchmark.run#---8,OSCNN
jgrapht__jgrapht#org.jgrapht.perf.clique.MaximalCliqueEnumerationPerformanceTest.PivotBronKerboschRandomGraphBenchmark.run#---9,OSCNN
jgrapht__jgrapht#org.jgrapht.perf.connectivity.TreeDynamicConnectivityPerformanceTest.testTreeDynamicConnectivity#treeSize=1000---0,Rocket
jgrapht__jgrapht#org.jgrapht.perf.connectivity.TreeDynamicConnectivityPerformanceTest.testTreeDynamicConnectivity#treeSize=1000---1,OSCNN
jgrapht__jgrapht#org.jgrapht.perf.connectivity.TreeDynamicConnectivityPerformanceTest.testTreeDynamicConnectivity#treeSize=1000---2,OSCNN
jgrapht__jgrapht#org.jgrapht.perf.connectivity.TreeDynamicConnectivityPerformanceTest.testTreeDynamicConnectivity#treeSize=1000---3,OSCNN
jgrapht__jgrapht#org.jgrapht.perf.connectivity.TreeDynamicConnectivityPerformanceTest.testTreeDynamicConnectivity#treeSize=1000---4,OSCNN
jgrapht__jgrapht#org.jgrapht.perf.connectivity.TreeDynamicConnectivityPerformanceTest.testTreeDynamicConnectivity#treeSize=1000---5,OSCNN
jgrapht__jgrapht#org.jgrapht.perf.connectivity.TreeDynamicConnectivityPerformanceTest.testTreeDynamicConnectivity#treeSize=1000---6,Rocket
jgrapht__jgrapht#org.jgrapht.perf.connectivity.TreeDynamicConnectivityPerformanceTest.testTreeDynamicConnectivity#treeSize=1000---7,OSCNN
jgrapht__jgrapht#org.jgrapht.perf.connectivity.TreeDynamicConnectivityPerformanceTest.testTreeDynamicConnectivity#treeSize=1000---8,OSCNN
jgrapht__jgrapht#org.jgrapht.perf.connectivity.TreeDynamicConnectivityPerformanceTest.testTreeDynamicConnectivity#treeSize=1000---9,OSCNN
jgrapht__jgrapht#org.jgrapht.perf.flow.MaximumFlowAlgorithmPerformanceTest.EdmondsKarpMaximumFlowRandomGraphBenchmark.run#---0,Rocket
jgrapht__jgrapht#org.jgrapht.perf.flow.MaximumFlowAlgorithmPerformanceTest.EdmondsKarpMaximumFlowRandomGraphBenchmark.run#---1,Rocket
jgrapht__jgrapht#org.jgrapht.perf.flow.MaximumFlowAlgorithmPerformanceTest.EdmondsKarpMaximumFlowRandomGraphBenchmark.run#---2,Rocket
jgrapht__jgrapht#org.jgrapht.perf.flow.MaximumFlowAlgorithmPerformanceTest.EdmondsKarpMaximumFlowRandomGraphBenchmark.run#---4,Rocket
jgrapht__jgrapht#org.jgrapht.perf.flow.MaximumFlowAlgorithmPerformanceTest.EdmondsKarpMaximumFlowRandomGraphBenchmark.run#---5,Rocket
jgrapht__jgrapht#org.jgrapht.perf.flow.MaximumFlowAlgorithmPerformanceTest.EdmondsKarpMaximumFlowRandomGraphBenchmark.run#---6,OSCNN
jgrapht__jgrapht#org.jgrapht.perf.flow.MaximumFlowAlgorithmPerformanceTest.EdmondsKarpMaximumFlowRandomGraphBenchmark.run#---7,Rocket
jgrapht__jgrapht#org.jgrapht.perf.flow.MaximumFlowAlgorithmPerformanceTest.PushRelabelMaximumFlowRandomGraphBenchmark.run#---0,Rocket
jgrapht__jgrapht#org.jgrapht.perf.flow.MaximumFlowAlgorithmPerformanceTest.PushRelabelMaximumFlowRandomGraphBenchmark.run#---1,Rocket
jgrapht__jgrapht#org.jgrapht.perf.flow.MaximumFlowAlgorithmPerformanceTest.PushRelabelMaximumFlowRandomGraphBenchmark.run#---2,Rocket
jgrapht__jgrapht#org.jgrapht.perf.flow.MaximumFlowAlgorithmPerformanceTest.PushRelabelMaximumFlowRandomGraphBenchmark.run#---3,Rocket
jgrapht__jgrapht#org.jgrapht.perf.flow.MaximumFlowAlgorithmPerformanceTest.PushRelabelMaximumFlowRandomGraphBenchmark.run#---4,Rocket
jgrapht__jgrapht#org.jgrapht.perf.flow.MaximumFlowAlgorithmPerformanceTest.PushRelabelMaximumFlowRandomGraphBenchmark.run#---5,OSCNN
jgrapht__jgrapht#org.jgrapht.perf.flow.MaximumFlowAlgorithmPerformanceTest.PushRelabelMaximumFlowRandomGraphBenchmark.run#---6,Rocket
jgrapht__jgrapht#org.jgrapht.perf.flow.MaximumFlowAlgorithmPerformanceTest.PushRelabelMaximumFlowRandomGraphBenchmark.run#---8,Rocket
jgrapht__jgrapht#org.jgrapht.perf.flow.MaximumFlowAlgorithmPerformanceTest.PushRelabelMaximumFlowRandomGraphBenchmark.run#---9,Rocket
jgrapht__jgrapht#org.jgrapht.perf.graph.DirectedAcyclicGraphPerformanceTest.ArrayListDAGRandomGraphBenchmark.run#---0,OSCNN
jgrapht__jgrapht#org.jgrapht.perf.graph.DirectedAcyclicGraphPerformanceTest.ArrayListDAGRandomGraphBenchmark.run#---1,Rocket
jgrapht__jgrapht#org.jgrapht.perf.graph.DirectedAcyclicGraphPerformanceTest.ArrayListDAGRandomGraphBenchmark.run#---2,Rocket
jgrapht__jgrapht#org.jgrapht.perf.graph.DirectedAcyclicGraphPerformanceTest.ArrayListDAGRandomGraphBenchmark.run#---3,Rocket
jgrapht__jgrapht#org.jgrapht.perf.graph.DirectedAcyclicGraphPerformanceTest.ArrayListDAGRandomGraphBenchmark.run#---4,FCN
jgrapht__jgrapht#org.jgrapht.perf.graph.DirectedAcyclicGraphPerformanceTest.ArrayListDAGRandomGraphBenchmark.run#---5,Rocket
jgrapht__jgrapht#org.jgrapht.perf.graph.DirectedAcyclicGraphPerformanceTest.ArrayListDAGRandomGraphBenchmark.run#---6,Rocket
jgrapht__jgrapht#org.jgrapht.perf.graph.DirectedAcyclicGraphPerformanceTest.ArrayListDAGRandomGraphBenchmark.run#---7,Rocket
jgrapht__jgrapht#org.jgrapht.perf.graph.DirectedAcyclicGraphPerformanceTest.ArrayListDAGRandomGraphBenchmark.run#---8,Rocket
jgrapht__jgrapht#org.jgrapht.perf.graph.DirectedAcyclicGraphPerformanceTest.ArrayListDAGRandomGraphBenchmark.run#---9,Rocket
jgrapht__jgrapht#org.jgrapht.perf.graph.GraphPerformanceTest.FastLookupDirectedGraphBenchmark.generateGraphBenchmark#---0,OSCNN
jgrapht__jgrapht#org.jgrapht.perf.graph.GraphPerformanceTest.FastLookupDirectedGraphBenchmark.generateGraphBenchmark#---1,FCN
jgrapht__jgrapht#org.jgrapht.perf.graph.GraphPerformanceTest.FastLookupDirectedGraphBenchmark.generateGraphBenchmark#---2,FCN
jgrapht__jgrapht#org.jgrapht.perf.graph.GraphPerformanceTest.FastLookupDirectedGraphBenchmark.generateGraphBenchmark#---3,FCN
jgrapht__jgrapht#org.jgrapht.perf.graph.GraphPerformanceTest.FastLookupDirectedGraphBenchmark.generateGraphBenchmark#---4,OSCNN
jgrapht__jgrapht#org.jgrapht.perf.graph.GraphPerformanceTest.FastLookupDirectedGraphBenchmark.generateGraphBenchmark#---5,Rocket
jgrapht__jgrapht#org.jgrapht.perf.graph.GraphPerformanceTest.FastLookupDirectedGraphBenchmark.generateGraphBenchmark#---6,OSCNN
jgrapht__jgrapht#org.jgrapht.perf.graph.GraphPerformanceTest.FastLookupDirectedGraphBenchmark.generateGraphBenchmark#---7,OSCNN
jgrapht__jgrapht#org.jgrapht.perf.graph.GraphPerformanceTest.FastLookupDirectedGraphBenchmark.generateGraphBenchmark#---8,OSCNN
jgrapht__jgrapht#org.jgrapht.perf.graph.GraphPerformanceTest.FastLookupDirectedGraphBenchmark.generateGraphBenchmark#---9,FCN
jgrapht__jgrapht#org.jgrapht.perf.lca.LowestCommonAncestorAlgorithmPerformanceTest.BinaryLiftingLCARandomTreeBenchmark.run#---0,Rocket
jgrapht__jgrapht#org.jgrapht.perf.lca.LowestCommonAncestorAlgorithmPerformanceTest.BinaryLiftingLCARandomTreeBenchmark.run#---1,Rocket
jgrapht__jgrapht#org.jgrapht.perf.lca.LowestCommonAncestorAlgorithmPerformanceTest.BinaryLiftingLCARandomTreeBenchmark.run#---2,Rocket
jgrapht__jgrapht#org.jgrapht.perf.lca.LowestCommonAncestorAlgorithmPerformanceTest.BinaryLiftingLCARandomTreeBenchmark.run#---3,Rocket
jgrapht__jgrapht#org.jgrapht.perf.lca.LowestCommonAncestorAlgorithmPerformanceTest.BinaryLiftingLCARandomTreeBenchmark.run#---4,Rocket
jgrapht__jgrapht#org.jgrapht.perf.lca.LowestCommonAncestorAlgorithmPerformanceTest.BinaryLiftingLCARandomTreeBenchmark.run#---5,Rocket
jgrapht__jgrapht#org.jgrapht.perf.lca.LowestCommonAncestorAlgorithmPerformanceTest.BinaryLiftingLCARandomTreeBenchmark.run#---6,Rocket
jgrapht__jgrapht#org.jgrapht.perf.lca.LowestCommonAncestorAlgorithmPerformanceTest.BinaryLiftingLCARandomTreeBenchmark.run#---7,Rocket
jgrapht__jgrapht#org.jgrapht.perf.lca.LowestCommonAncestorAlgorithmPerformanceTest.BinaryLiftingLCARandomTreeBenchmark.run#---8,Rocket
jgrapht__jgrapht#org.jgrapht.perf.lca.LowestCommonAncestorAlgorithmPerformanceTest.BinaryLiftingLCARandomTreeBenchmark.run#---9,Rocket
jgrapht__jgrapht#org.jgrapht.perf.lca.LowestCommonAncestorAlgorithmPerformanceTest.EulerTourRMQLCARandomTreeBenchmark.run#---0,Rocket
jgrapht__jgrapht#org.jgrapht.perf.lca.LowestCommonAncestorAlgorithmPerformanceTest.EulerTourRMQLCARandomTreeBenchmark.run#---1,Rocket
jgrapht__jgrapht#org.jgrapht.perf.lca.LowestCommonAncestorAlgorithmPerformanceTest.EulerTourRMQLCARandomTreeBenchmark.run#---2,Rocket
jgrapht__jgrapht#org.jgrapht.perf.lca.LowestCommonAncestorAlgorithmPerformanceTest.EulerTourRMQLCARandomTreeBenchmark.run#---3,Rocket
jgrapht__jgrapht#org.jgrapht.perf.lca.LowestCommonAncestorAlgorithmPerformanceTest.EulerTourRMQLCARandomTreeBenchmark.run#---4,OSCNN
jgrapht__jgrapht#org.jgrapht.perf.lca.LowestCommonAncestorAlgorithmPerformanceTest.EulerTourRMQLCARandomTreeBenchmark.run#---5,Rocket
jgrapht__jgrapht#org.jgrapht.perf.lca.LowestCommonAncestorAlgorithmPerformanceTest.EulerTourRMQLCARandomTreeBenchmark.run#---6,Rocket
jgrapht__jgrapht#org.jgrapht.perf.lca.LowestCommonAncestorAlgorithmPerformanceTest.EulerTourRMQLCARandomTreeBenchmark.run#---7,OSCNN
jgrapht__jgrapht#org.jgrapht.perf.lca.LowestCommonAncestorAlgorithmPerformanceTest.EulerTourRMQLCARandomTreeBenchmark.run#---8,Rocket
jgrapht__jgrapht#org.jgrapht.perf.lca.LowestCommonAncestorAlgorithmPerformanceTest.EulerTourRMQLCARandomTreeBenchmark.run#---9,Rocket
jgrapht__jgrapht#org.jgrapht.perf.shortestpath.DeltaSteppingShortestPathPerformance.testBellmanFordBarabasiAlbert#m=500&m0=1000&numOfVertices=10000---4,Rocket
jgrapht__jgrapht#org.jgrapht.perf.shortestpath.DeltaSteppingShortestPathPerformance.testBellmanFordComplete#numOfVertices=3000---0,FCN
jgrapht__jgrapht#org.jgrapht.perf.shortestpath.DeltaSteppingShortestPathPerformance.testBellmanFordComplete#numOfVertices=3000---2,Rocket
jgrapht__jgrapht#org.jgrapht.perf.shortestpath.DeltaSteppingShortestPathPerformance.testBellmanFordComplete#numOfVertices=3000---4,Rocket
jgrapht__jgrapht#org.jgrapht.perf.shortestpath.DeltaSteppingShortestPathPerformance.testBellmanFordComplete#numOfVertices=3000---5,Rocket
jgrapht__jgrapht#org.jgrapht.perf.shortestpath.DeltaSteppingShortestPathPerformance.testBellmanFordComplete#numOfVertices=3000---7,FCN
jgrapht__jgrapht#org.jgrapht.perf.shortestpath.DeltaSteppingShortestPathPerformance.testBellmanFordComplete#numOfVertices=3000---8,Rocket
jgrapht__jgrapht#org.jgrapht.perf.shortestpath.DeltaSteppingShortestPathPerformance.testBellmanFordGnm#edgeDegree=50&numOfVertices=10000---0,Rocket
jgrapht__jgrapht#org.jgrapht.perf.shortestpath.DeltaSteppingShortestPathPerformance.testBellmanFordGnm#edgeDegree=50&numOfVertices=10000---1,Rocket
jgrapht__jgrapht#org.jgrapht.perf.shortestpath.DeltaSteppingShortestPathPerformance.testBellmanFordGnm#edgeDegree=50&numOfVertices=10000---2,Rocket
jgrapht__jgrapht#org.jgrapht.perf.shortestpath.DeltaSteppingShortestPathPerformance.testBellmanFordGnm#edgeDegree=50&numOfVertices=10000---3,Rocket
jgrapht__jgrapht#org.jgrapht.perf.shortestpath.DeltaSteppingShortestPathPerformance.testBellmanFordGnm#edgeDegree=50&numOfVertices=10000---4,Rocket
jgrapht__jgrapht#org.jgrapht.perf.shortestpath.DeltaSteppingShortestPathPerformance.testBellmanFordGnm#edgeDegree=50&numOfVertices=10000---5,Rocket
jgrapht__jgrapht#org.jgrapht.perf.shortestpath.DeltaSteppingShortestPathPerformance.testBellmanFordGnm#edgeDegree=50&numOfVertices=10000---6,Rocket
jgrapht__jgrapht#org.jgrapht.perf.shortestpath.DeltaSteppingShortestPathPerformance.testBellmanFordGnm#edgeDegree=50&numOfVertices=10000---7,Rocket
jgrapht__jgrapht#org.jgrapht.perf.shortestpath.DeltaSteppingShortestPathPerformance.testBellmanFordGnm#edgeDegree=50&numOfVertices=10000---8,Rocket
jgrapht__jgrapht#org.jgrapht.perf.shortestpath.DeltaSteppingShortestPathPerformance.testBellmanFordGnm#edgeDegree=50&numOfVertices=10000---9,Rocket
jgrapht__jgrapht#org.jgrapht.perf.shortestpath.DeltaSteppingShortestPathPerformance.testBellmanFordGnp#numOfVertices=10000&p=0.05---0,Rocket
jgrapht__jgrapht#org.jgrapht.perf.shortestpath.DeltaSteppingShortestPathPerformance.testBellmanFordGnp#numOfVertices=10000&p=0.05---1,Rocket
jgrapht__jgrapht#org.jgrapht.perf.shortestpath.DeltaSteppingShortestPathPerformance.testBellmanFordGnp#numOfVertices=10000&p=0.05---2,Rocket
jgrapht__jgrapht#org.jgrapht.perf.shortestpath.DeltaSteppingShortestPathPerformance.testBellmanFordGnp#numOfVertices=10000&p=0.05---7,Rocket
jgrapht__jgrapht#org.jgrapht.perf.shortestpath.DeltaSteppingShortestPathPerformance.testBellmanFordGnp#numOfVertices=10000&p=0.05---8,Rocket
jgrapht__jgrapht#org.jgrapht.perf.shortestpath.DeltaSteppingShortestPathPerformance.testBellmanFordGnp#numOfVertices=10000&p=0.05---9,Rocket
jgrapht__jgrapht#org.jgrapht.perf.shortestpath.DeltaSteppingShortestPathPerformance.testBellmanFordWattsStogatz#k=100&numOfVertices=10000&p=0.5---0,Rocket
jgrapht__jgrapht#org.jgrapht.perf.shortestpath.DeltaSteppingShortestPathPerformance.testBellmanFordWattsStogatz#k=100&numOfVertices=10000&p=0.5---1,Rocket
jgrapht__jgrapht#org.jgrapht.perf.shortestpath.DeltaSteppingShortestPathPerformance.testBellmanFordWattsStogatz#k=100&numOfVertices=10000&p=0.5---2,Rocket
jgrapht__jgrapht#org.jgrapht.perf.shortestpath.DeltaSteppingShortestPathPerformance.testBellmanFordWattsStogatz#k=100&numOfVertices=10000&p=0.5---3,Rocket
jgrapht__jgrapht#org.jgrapht.perf.shortestpath.DeltaSteppingShortestPathPerformance.testBellmanFordWattsStogatz#k=100&numOfVertices=10000&p=0.5---4,Rocket
jgrapht__jgrapht#org.jgrapht.perf.shortestpath.DeltaSteppingShortestPathPerformance.testBellmanFordWattsStogatz#k=100&numOfVertices=10000&p=0.5---5,Rocket
jgrapht__jgrapht#org.jgrapht.perf.shortestpath.DeltaSteppingShortestPathPerformance.testBellmanFordWattsStogatz#k=100&numOfVertices=10000&p=0.5---6,Rocket
jgrapht__jgrapht#org.jgrapht.perf.shortestpath.DeltaSteppingShortestPathPerformance.testBellmanFordWattsStogatz#k=100&numOfVertices=10000&p=0.5---8,Rocket
jgrapht__jgrapht#org.jgrapht.perf.shortestpath.DeltaSteppingShortestPathPerformance.testBellmanFordWattsStogatz#k=100&numOfVertices=10000&p=0.5---9,Rocket
jgrapht__jgrapht#org.jgrapht.perf.shortestpath.DeltaSteppingShortestPathPerformance.testBellmanFordWattsStogatz#k=1000&numOfVertices=10000&p=0.05---1,OSCNN
jgrapht__jgrapht#org.jgrapht.perf.shortestpath.DeltaSteppingShortestPathPerformance.testBellmanFordWattsStogatz#k=1000&numOfVertices=10000&p=0.05---4,OSCNN
jgrapht__jgrapht#org.jgrapht.perf.shortestpath.DeltaSteppingShortestPathPerformance.testBellmanFordWattsStogatz#k=1000&numOfVertices=10000&p=0.05---5,OSCNN
jgrapht__jgrapht#org.jgrapht.perf.shortestpath.DeltaSteppingShortestPathPerformance.testBellmanFordWattsStogatz#k=1000&numOfVertices=10000&p=0.05---6,OSCNN
jgrapht__jgrapht#org.jgrapht.perf.shortestpath.DeltaSteppingShortestPathPerformance.testDeltaSteppingComplete#numOfVertices=2000---0,OSCNN
jgrapht__jgrapht#org.jgrapht.perf.shortestpath.DeltaSteppingShortestPathPerformance.testDeltaSteppingComplete#numOfVertices=2000---1,OSCNN
jgrapht__jgrapht#org.jgrapht.perf.shortestpath.DeltaSteppingShortestPathPerformance.testDeltaSteppingComplete#numOfVertices=2000---2,OSCNN
jgrapht__jgrapht#org.jgrapht.perf.shortestpath.DeltaSteppingShortestPathPerformance.testDeltaSteppingComplete#numOfVertices=2000---3,OSCNN
jgrapht__jgrapht#org.jgrapht.perf.shortestpath.DeltaSteppingShortestPathPerformance.testDeltaSteppingComplete#numOfVertices=2000---4,OSCNN
jgrapht__jgrapht#org.jgrapht.perf.shortestpath.DeltaSteppingShortestPathPerformance.testDeltaSteppingComplete#numOfVertices=2000---5,OSCNN
jgrapht__jgrapht#org.jgrapht.perf.shortestpath.DeltaSteppingShortestPathPerformance.testDeltaSteppingComplete#numOfVertices=2000---6,OSCNN
jgrapht__jgrapht#org.jgrapht.perf.shortestpath.DeltaSteppingShortestPathPerformance.testDeltaSteppingComplete#numOfVertices=2000---7,OSCNN
jgrapht__jgrapht#org.jgrapht.perf.shortestpath.DeltaSteppingShortestPathPerformance.testDeltaSteppingComplete#numOfVertices=2000---8,OSCNN
jgrapht__jgrapht#org.jgrapht.perf.shortestpath.DeltaSteppingShortestPathPerformance.testDeltaSteppingComplete#numOfVertices=2000---9,OSCNN
jgrapht__jgrapht#org.jgrapht.perf.shortestpath.DeltaSteppingShortestPathPerformance.testDijkstraComplete#numOfVertices=1000---1,OSCNN
jgrapht__jgrapht#org.jgrapht.perf.shortestpath.DeltaSteppingShortestPathPerformance.testDijkstraComplete#numOfVertices=1000---4,OSCNN
jgrapht__jgrapht#org.jgrapht.perf.shortestpath.DeltaSteppingShortestPathPerformance.testDijkstraComplete#numOfVertices=1000---9,FCN
jgrapht__jgrapht#org.jgrapht.perf.shortestpath.DeltaSteppingShortestPathPerformance.testDijkstraGnm#edgeDegree=50&numOfVertices=10000---0,Rocket
jgrapht__jgrapht#org.jgrapht.perf.shortestpath.DeltaSteppingShortestPathPerformance.testDijkstraGnm#edgeDegree=50&numOfVertices=10000---1,OSCNN
jgrapht__jgrapht#org.jgrapht.perf.shortestpath.DeltaSteppingShortestPathPerformance.testDijkstraGnm#edgeDegree=50&numOfVertices=10000---2,OSCNN
jgrapht__jgrapht#org.jgrapht.perf.shortestpath.DeltaSteppingShortestPathPerformance.testDijkstraGnm#edgeDegree=50&numOfVertices=10000---3,Rocket
jgrapht__jgrapht#org.jgrapht.perf.shortestpath.DeltaSteppingShortestPathPerformance.testDijkstraGnm#edgeDegree=50&numOfVertices=10000---4,Rocket
jgrapht__jgrapht#org.jgrapht.perf.shortestpath.DeltaSteppingShortestPathPerformance.testDijkstraGnm#edgeDegree=50&numOfVertices=10000---6,FCN
jgrapht__jgrapht#org.jgrapht.perf.shortestpath.DeltaSteppingShortestPathPerformance.testDijkstraGnm#edgeDegree=50&numOfVertices=10000---7,Rocket
jgrapht__jgrapht#org.jgrapht.perf.shortestpath.DeltaSteppingShortestPathPerformance.testDijkstraGnm#edgeDegree=50&numOfVertices=10000---8,OSCNN
jgrapht__jgrapht#org.jgrapht.perf.shortestpath.DeltaSteppingShortestPathPerformance.testDijkstraGnm#edgeDegree=500&numOfVertices=10000---0,Rocket
jgrapht__jgrapht#org.jgrapht.perf.shortestpath.DeltaSteppingShortestPathPerformance.testDijkstraGnm#edgeDegree=500&numOfVertices=10000---1,Rocket
jgrapht__jgrapht#org.jgrapht.perf.shortestpath.DeltaSteppingShortestPathPerformance.testDijkstraGnm#edgeDegree=500&numOfVertices=10000---2,Rocket
jgrapht__jgrapht#org.jgrapht.perf.shortestpath.DeltaSteppingShortestPathPerformance.testDijkstraGnm#edgeDegree=500&numOfVertices=10000---3,FCN
jgrapht__jgrapht#org.jgrapht.perf.shortestpath.DeltaSteppingShortestPathPerformance.testDijkstraGnm#edgeDegree=500&numOfVertices=10000---4,Rocket
jgrapht__jgrapht#org.jgrapht.perf.shortestpath.DeltaSteppingShortestPathPerformance.testDijkstraGnm#edgeDegree=500&numOfVertices=10000---5,Rocket
jgrapht__jgrapht#org.jgrapht.perf.shortestpath.DeltaSteppingShortestPathPerformance.testDijkstraGnm#edgeDegree=500&numOfVertices=10000---6,OSCNN
jgrapht__jgrapht#org.jgrapht.perf.shortestpath.DeltaSteppingShortestPathPerformance.testDijkstraGnm#edgeDegree=500&numOfVertices=10000---7,Rocket
jgrapht__jgrapht#org.jgrapht.perf.shortestpath.DeltaSteppingShortestPathPerformance.testDijkstraGnm#edgeDegree=500&numOfVertices=10000---8,Rocket
jgrapht__jgrapht#org.jgrapht.perf.shortestpath.DeltaSteppingShortestPathPerformance.testDijkstraGnm#edgeDegree=500&numOfVertices=10000---9,Rocket
jgrapht__jgrapht#org.jgrapht.perf.shortestpath.KShortestPathsPerformance.testEppsteinKShortestPaths#k=50&n=100&numberOfQueries=20&p=0.3---0,OSCNN
jgrapht__jgrapht#org.jgrapht.perf.shortestpath.KShortestPathsPerformance.testEppsteinKShortestPaths#k=50&n=100&numberOfQueries=20&p=0.3---1,Rocket
jgrapht__jgrapht#org.jgrapht.perf.shortestpath.KShortestPathsPerformance.testEppsteinKShortestPaths#k=50&n=100&numberOfQueries=20&p=0.3---2,OSCNN
jgrapht__jgrapht#org.jgrapht.perf.shortestpath.KShortestPathsPerformance.testEppsteinKShortestPaths#k=50&n=100&numberOfQueries=20&p=0.3---3,OSCNN
jgrapht__jgrapht#org.jgrapht.perf.shortestpath.KShortestPathsPerformance.testEppsteinKShortestPaths#k=50&n=100&numberOfQueries=20&p=0.3---4,FCN
jgrapht__jgrapht#org.jgrapht.perf.shortestpath.KShortestPathsPerformance.testEppsteinKShortestPaths#k=50&n=100&numberOfQueries=20&p=0.3---5,OSCNN
jgrapht__jgrapht#org.jgrapht.perf.shortestpath.KShortestPathsPerformance.testEppsteinKShortestPaths#k=50&n=100&numberOfQueries=20&p=0.3---6,OSCNN
jgrapht__jgrapht#org.jgrapht.perf.shortestpath.KShortestPathsPerformance.testEppsteinKShortestPaths#k=50&n=100&numberOfQueries=20&p=0.3---7,OSCNN
jgrapht__jgrapht#org.jgrapht.perf.shortestpath.KShortestPathsPerformance.testEppsteinKShortestPaths#k=50&n=100&numberOfQueries=20&p=0.3---8,OSCNN
jgrapht__jgrapht#org.jgrapht.perf.shortestpath.KShortestPathsPerformance.testEppsteinKShortestPaths#k=50&n=100&numberOfQueries=20&p=0.3---9,OSCNN
jgrapht__jgrapht#org.jgrapht.perf.shortestpath.KShortestPathsPerformance.testSuurballeKDisjointShortestPaths#k=50&n=100&numberOfQueries=20&p=0.3---0,Rocket
jgrapht__jgrapht#org.jgrapht.perf.shortestpath.KShortestPathsPerformance.testSuurballeKDisjointShortestPaths#k=50&n=100&numberOfQueries=20&p=0.3---1,OSCNN
jgrapht__jgrapht#org.jgrapht.perf.shortestpath.KShortestPathsPerformance.testSuurballeKDisjointShortestPaths#k=50&n=100&numberOfQueries=20&p=0.3---2,OSCNN
jgrapht__jgrapht#org.jgrapht.perf.shortestpath.KShortestPathsPerformance.testSuurballeKDisjointShortestPaths#k=50&n=100&numberOfQueries=20&p=0.3---3,OSCNN
jgrapht__jgrapht#org.jgrapht.perf.shortestpath.KShortestPathsPerformance.testSuurballeKDisjointShortestPaths#k=50&n=100&numberOfQueries=20&p=0.3---4,OSCNN
jgrapht__jgrapht#org.jgrapht.perf.shortestpath.KShortestPathsPerformance.testSuurballeKDisjointShortestPaths#k=50&n=100&numberOfQueries=20&p=0.3---5,Rocket
jgrapht__jgrapht#org.jgrapht.perf.shortestpath.KShortestPathsPerformance.testSuurballeKDisjointShortestPaths#k=50&n=100&numberOfQueries=20&p=0.3---6,OSCNN
jgrapht__jgrapht#org.jgrapht.perf.shortestpath.KShortestPathsPerformance.testSuurballeKDisjointShortestPaths#k=50&n=100&numberOfQueries=20&p=0.3---7,OSCNN
jgrapht__jgrapht#org.jgrapht.perf.shortestpath.KShortestPathsPerformance.testSuurballeKDisjointShortestPaths#k=50&n=100&numberOfQueries=20&p=0.3---8,OSCNN
jgrapht__jgrapht#org.jgrapht.perf.shortestpath.KShortestPathsPerformance.testSuurballeKDisjointShortestPaths#k=50&n=100&numberOfQueries=20&p=0.3---9,OSCNN
netty__netty#io.netty.buffer.AbstractByteBufGetCharSequenceBenchmark.getCharSequence#bufferType=COMPOSITE&charsetName=US-ASCII&size=8---0,OSCNN
netty__netty#io.netty.buffer.AbstractByteBufGetCharSequenceBenchmark.getCharSequence#bufferType=COMPOSITE&charsetName=US-ASCII&size=8---1,OSCNN
netty__netty#io.netty.buffer.AbstractByteBufGetCharSequenceBenchmark.getCharSequence#bufferType=COMPOSITE&charsetName=US-ASCII&size=8---2,OSCNN
netty__netty#io.netty.buffer.AbstractByteBufGetCharSequenceBenchmark.getCharSequence#bufferType=COMPOSITE&charsetName=US-ASCII&size=8---3,OSCNN
netty__netty#io.netty.buffer.AbstractByteBufGetCharSequenceBenchmark.getCharSequence#bufferType=COMPOSITE&charsetName=US-ASCII&size=8---4,OSCNN
netty__netty#io.netty.buffer.AbstractByteBufGetCharSequenceBenchmark.getCharSequence#bufferType=COMPOSITE&charsetName=US-ASCII&size=8---5,OSCNN
netty__netty#io.netty.buffer.AbstractByteBufGetCharSequenceBenchmark.getCharSequence#bufferType=COMPOSITE&charsetName=US-ASCII&size=8---6,OSCNN
netty__netty#io.netty.buffer.AbstractByteBufGetCharSequenceBenchmark.getCharSequence#bufferType=COMPOSITE&charsetName=US-ASCII&size=8---7,OSCNN
netty__netty#io.netty.buffer.AbstractByteBufGetCharSequenceBenchmark.getCharSequence#bufferType=COMPOSITE&charsetName=US-ASCII&size=8---8,OSCNN
netty__netty#io.netty.buffer.AbstractByteBufGetCharSequenceBenchmark.getCharSequence#bufferType=COMPOSITE&charsetName=US-ASCII&size=8---9,OSCNN
netty__netty#io.netty.buffer.CompositeByteBufRandomAccessBenchmark.setGetLong#bufferType=SMALL_CHUNKS&size=1024000---0,OSCNN
netty__netty#io.netty.buffer.CompositeByteBufRandomAccessBenchmark.setGetLong#bufferType=SMALL_CHUNKS&size=1024000---1,OSCNN
netty__netty#io.netty.buffer.CompositeByteBufRandomAccessBenchmark.setGetLong#bufferType=SMALL_CHUNKS&size=1024000---2,OSCNN
netty__netty#io.netty.buffer.CompositeByteBufRandomAccessBenchmark.setGetLong#bufferType=SMALL_CHUNKS&size=1024000---3,OSCNN
netty__netty#io.netty.buffer.CompositeByteBufRandomAccessBenchmark.setGetLong#bufferType=SMALL_CHUNKS&size=1024000---4,OSCNN
netty__netty#io.netty.buffer.CompositeByteBufRandomAccessBenchmark.setGetLong#bufferType=SMALL_CHUNKS&size=1024000---6,OSCNN
netty__netty#io.netty.buffer.CompositeByteBufRandomAccessBenchmark.setGetLong#bufferType=SMALL_CHUNKS&size=1024000---7,OSCNN
netty__netty#io.netty.buffer.CompositeByteBufRandomAccessBenchmark.setGetLong#bufferType=SMALL_CHUNKS&size=1024000---8,OSCNN
netty__netty#io.netty.buffer.CompositeByteBufRandomAccessBenchmark.setGetLong#bufferType=SMALL_CHUNKS&size=1024000---9,OSCNN
netty__netty#io.netty.handler.codec.http2.Http2FrameWriterDataBenchmark.newWriter#padding=100&payloadSize=1024&pooled=true---0,OSCNN
netty__netty#io.netty.handler.codec.http2.Http2FrameWriterDataBenchmark.newWriter#padding=100&payloadSize=1024&pooled=true---1,OSCNN
netty__netty#io.netty.handler.codec.http2.Http2FrameWriterDataBenchmark.newWriter#padding=100&payloadSize=1024&pooled=true---2,OSCNN
netty__netty#io.netty.handler.codec.http2.Http2FrameWriterDataBenchmark.newWriter#padding=100&payloadSize=1024&pooled=true---3,OSCNN
netty__netty#io.netty.handler.codec.http2.Http2FrameWriterDataBenchmark.newWriter#padding=100&payloadSize=1024&pooled=true---4,OSCNN
netty__netty#io.netty.handler.codec.http2.Http2FrameWriterDataBenchmark.newWriter#padding=100&payloadSize=1024&pooled=true---5,OSCNN
netty__netty#io.netty.handler.codec.http2.Http2FrameWriterDataBenchmark.newWriter#padding=100&payloadSize=1024&pooled=true---6,OSCNN
netty__netty#io.netty.handler.codec.http2.Http2FrameWriterDataBenchmark.newWriter#padding=100&payloadSize=1024&pooled=true---7,OSCNN
netty__netty#io.netty.handler.codec.http2.Http2FrameWriterDataBenchmark.newWriter#padding=100&payloadSize=1024&pooled=true---8,OSCNN
netty__netty#io.netty.handler.codec.http2.Http2FrameWriterDataBenchmark.newWriter#padding=100&payloadSize=1024&pooled=true---9,OSCNN
netty__netty#io.netty.handler.codec.http2.Http2FrameWriterDataBenchmark.newWriter#padding=100&payloadSize=1048576&pooled=true---0,OSCNN
netty__netty#io.netty.handler.codec.http2.Http2FrameWriterDataBenchmark.newWriter#padding=100&payloadSize=1048576&pooled=true---1,OSCNN
netty__netty#io.netty.handler.codec.http2.Http2FrameWriterDataBenchmark.newWriter#padding=100&payloadSize=1048576&pooled=true---2,OSCNN
netty__netty#io.netty.handler.codec.http2.Http2FrameWriterDataBenchmark.newWriter#padding=100&payloadSize=1048576&pooled=true---3,OSCNN
netty__netty#io.netty.handler.codec.http2.Http2FrameWriterDataBenchmark.newWriter#padding=100&payloadSize=1048576&pooled=true---4,OSCNN
netty__netty#io.netty.handler.codec.http2.Http2FrameWriterDataBenchmark.newWriter#padding=100&payloadSize=1048576&pooled=true---5,OSCNN
netty__netty#io.netty.handler.codec.http2.Http2FrameWriterDataBenchmark.newWriter#padding=100&payloadSize=1048576&pooled=true---6,OSCNN
netty__netty#io.netty.handler.codec.http2.Http2FrameWriterDataBenchmark.newWriter#padding=100&payloadSize=1048576&pooled=true---7,OSCNN
netty__netty#io.netty.handler.codec.http2.Http2FrameWriterDataBenchmark.newWriter#padding=100&payloadSize=1048576&pooled=true---8,OSCNN
netty__netty#io.netty.handler.codec.http2.Http2FrameWriterDataBenchmark.newWriter#padding=100&payloadSize=1048576&pooled=true---9,OSCNN
netty__netty#io.netty.handler.codec.mqtt.MqttConnectReturnCodeBench.getViaSwitch#---0,Rocket
netty__netty#io.netty.handler.codec.mqtt.MqttConnectReturnCodeBench.getViaSwitch#---1,Rocket
netty__netty#io.netty.handler.codec.mqtt.MqttConnectReturnCodeBench.getViaSwitch#---2,Rocket
netty__netty#io.netty.handler.codec.mqtt.MqttConnectReturnCodeBench.getViaSwitch#---3,Rocket
netty__netty#io.netty.handler.codec.mqtt.MqttConnectReturnCodeBench.getViaSwitch#---4,Rocket
netty__netty#io.netty.handler.codec.mqtt.MqttConnectReturnCodeBench.getViaSwitch#---5,Rocket
netty__netty#io.netty.handler.codec.mqtt.MqttConnectReturnCodeBench.getViaSwitch#---6,Rocket
netty__netty#io.netty.handler.codec.mqtt.MqttConnectReturnCodeBench.getViaSwitch#---7,Rocket
netty__netty#io.netty.handler.codec.mqtt.MqttConnectReturnCodeBench.getViaSwitch#---8,Rocket
netty__netty#io.netty.handler.codec.mqtt.MqttConnectReturnCodeBench.getViaSwitch#---9,Rocket
netty__netty#io.netty.microbench.buffer.ByteBufAllocatorBenchmark.defaultPooledDirectAllocAndFree#size=01024---0,OSCNN
netty__netty#io.netty.microbench.buffer.ByteBufAllocatorBenchmark.defaultPooledDirectAllocAndFree#size=01024---1,OSCNN
netty__netty#io.netty.microbench.buffer.ByteBufAllocatorBenchmark.defaultPooledDirectAllocAndFree#size=01024---6,OSCNN
netty__netty#io.netty.microbench.buffer.ByteBufAllocatorBenchmark.defaultPooledHeapAllocAndFree#size=65536---0,OSCNN
netty__netty#io.netty.microbench.buffer.ByteBufAllocatorBenchmark.defaultPooledHeapAllocAndFree#size=65536---1,OSCNN
netty__netty#io.netty.microbench.buffer.ByteBufAllocatorBenchmark.defaultPooledHeapAllocAndFree#size=65536---2,OSCNN
netty__netty#io.netty.microbench.buffer.ByteBufAllocatorBenchmark.defaultPooledHeapAllocAndFree#size=65536---3,OSCNN
netty__netty#io.netty.microbench.buffer.ByteBufAllocatorBenchmark.defaultPooledHeapAllocAndFree#size=65536---4,OSCNN
netty__netty#io.netty.microbench.buffer.ByteBufAllocatorBenchmark.defaultPooledHeapAllocAndFree#size=65536---5,OSCNN
netty__netty#io.netty.microbench.buffer.ByteBufAllocatorBenchmark.defaultPooledHeapAllocAndFree#size=65536---6,OSCNN
netty__netty#io.netty.microbench.buffer.ByteBufAllocatorBenchmark.defaultPooledHeapAllocAndFree#size=65536---7,OSCNN
netty__netty#io.netty.microbench.buffer.ByteBufAllocatorBenchmark.defaultPooledHeapAllocAndFree#size=65536---8,OSCNN
netty__netty#io.netty.microbench.buffer.ByteBufAllocatorBenchmark.defaultPooledHeapAllocAndFree#size=65536---9,OSCNN
netty__netty#io.netty.microbench.buffer.ByteBufCopyBenchmark.setBytes#alignedCopyByteBuf=false&alignedCopyByteBuffer=false&directByteBuff=true&directByteBuffer=false&nativeOrderByteBuffer=false&pooledByteBuf=false&readonlyByteBuffer=false&size=128---0,Rocket
netty__netty#io.netty.microbench.buffer.ByteBufCopyBenchmark.setBytes#alignedCopyByteBuf=false&alignedCopyByteBuffer=false&directByteBuff=true&directByteBuffer=false&nativeOrderByteBuffer=false&pooledByteBuf=false&readonlyByteBuffer=false&size=128---1,Rocket
netty__netty#io.netty.microbench.buffer.ByteBufCopyBenchmark.setBytes#alignedCopyByteBuf=false&alignedCopyByteBuffer=false&directByteBuff=true&directByteBuffer=false&nativeOrderByteBuffer=false&pooledByteBuf=false&readonlyByteBuffer=false&size=128---2,Rocket
netty__netty#io.netty.microbench.buffer.ByteBufCopyBenchmark.setBytes#alignedCopyByteBuf=false&alignedCopyByteBuffer=false&directByteBuff=true&directByteBuffer=false&nativeOrderByteBuffer=false&pooledByteBuf=false&readonlyByteBuffer=false&size=128---3,Rocket
netty__netty#io.netty.microbench.buffer.ByteBufCopyBenchmark.setBytes#alignedCopyByteBuf=false&alignedCopyByteBuffer=false&directByteBuff=true&directByteBuffer=false&nativeOrderByteBuffer=false&pooledByteBuf=false&readonlyByteBuffer=false&size=128---4,Rocket
netty__netty#io.netty.microbench.buffer.ByteBufCopyBenchmark.setBytes#alignedCopyByteBuf=false&alignedCopyByteBuffer=false&directByteBuff=true&directByteBuffer=false&nativeOrderByteBuffer=false&pooledByteBuf=false&readonlyByteBuffer=false&size=128---5,Rocket
netty__netty#io.netty.microbench.buffer.ByteBufCopyBenchmark.setBytes#alignedCopyByteBuf=false&alignedCopyByteBuffer=false&directByteBuff=true&directByteBuffer=false&nativeOrderByteBuffer=false&pooledByteBuf=false&readonlyByteBuffer=false&size=128---6,Rocket
netty__netty#io.netty.microbench.buffer.ByteBufCopyBenchmark.setBytes#alignedCopyByteBuf=false&alignedCopyByteBuffer=false&directByteBuff=true&directByteBuffer=false&nativeOrderByteBuffer=false&pooledByteBuf=false&readonlyByteBuffer=false&size=128---7,Rocket
netty__netty#io.netty.microbench.buffer.ByteBufCopyBenchmark.setBytes#alignedCopyByteBuf=false&alignedCopyByteBuffer=false&directByteBuff=true&directByteBuffer=false&nativeOrderByteBuffer=false&pooledByteBuf=false&readonlyByteBuffer=false&size=128---8,Rocket
netty__netty#io.netty.microbench.buffer.ByteBufCopyBenchmark.setBytes#alignedCopyByteBuf=false&alignedCopyByteBuffer=false&directByteBuff=true&directByteBuffer=false&nativeOrderByteBuffer=false&pooledByteBuf=false&readonlyByteBuffer=false&size=128---9,Rocket
netty__netty#io.netty.microbench.buffer.ByteBufCopyBenchmark.setBytes#alignedCopyByteBuf=false&alignedCopyByteBuffer=true&directByteBuff=false&directByteBuffer=true&nativeOrderByteBuffer=false&pooledByteBuf=true&readonlyByteBuffer=true&size=36---0,Rocket
netty__netty#io.netty.microbench.buffer.ByteBufCopyBenchmark.setBytes#alignedCopyByteBuf=false&alignedCopyByteBuffer=true&directByteBuff=false&directByteBuffer=true&nativeOrderByteBuffer=false&pooledByteBuf=true&readonlyByteBuffer=true&size=36---1,Rocket
netty__netty#io.netty.microbench.buffer.ByteBufCopyBenchmark.setBytes#alignedCopyByteBuf=false&alignedCopyByteBuffer=true&directByteBuff=false&directByteBuffer=true&nativeOrderByteBuffer=false&pooledByteBuf=true&readonlyByteBuffer=true&size=36---2,Rocket
netty__netty#io.netty.microbench.buffer.ByteBufCopyBenchmark.setBytes#alignedCopyByteBuf=false&alignedCopyByteBuffer=true&directByteBuff=false&directByteBuffer=true&nativeOrderByteBuffer=false&pooledByteBuf=true&readonlyByteBuffer=true&size=36---3,Rocket
netty__netty#io.netty.microbench.buffer.ByteBufCopyBenchmark.setBytes#alignedCopyByteBuf=false&alignedCopyByteBuffer=true&directByteBuff=false&directByteBuffer=true&nativeOrderByteBuffer=false&pooledByteBuf=true&readonlyByteBuffer=true&size=36---4,Rocket
netty__netty#io.netty.microbench.buffer.ByteBufCopyBenchmark.setBytes#alignedCopyByteBuf=false&alignedCopyByteBuffer=true&directByteBuff=false&directByteBuffer=true&nativeOrderByteBuffer=false&pooledByteBuf=true&readonlyByteBuffer=true&size=36---5,Rocket
netty__netty#io.netty.microbench.buffer.ByteBufCopyBenchmark.setBytes#alignedCopyByteBuf=false&alignedCopyByteBuffer=true&directByteBuff=false&directByteBuffer=true&nativeOrderByteBuffer=false&pooledByteBuf=true&readonlyByteBuffer=true&size=36---6,Rocket
netty__netty#io.netty.microbench.buffer.ByteBufCopyBenchmark.setBytes#alignedCopyByteBuf=false&alignedCopyByteBuffer=true&directByteBuff=false&directByteBuffer=true&nativeOrderByteBuffer=false&pooledByteBuf=true&readonlyByteBuffer=true&size=36---7,Rocket
netty__netty#io.netty.microbench.buffer.ByteBufCopyBenchmark.setBytes#alignedCopyByteBuf=false&alignedCopyByteBuffer=true&directByteBuff=false&directByteBuffer=true&nativeOrderByteBuffer=false&pooledByteBuf=true&readonlyByteBuffer=true&size=36---8,Rocket
netty__netty#io.netty.microbench.buffer.ByteBufCopyBenchmark.setBytes#alignedCopyByteBuf=false&alignedCopyByteBuffer=true&directByteBuff=false&directByteBuffer=true&nativeOrderByteBuffer=false&pooledByteBuf=true&readonlyByteBuffer=true&size=36---9,Rocket
netty__netty#io.netty.microbench.buffer.ByteBufCopyBenchmark.setBytes#alignedCopyByteBuf=true&alignedCopyByteBuffer=false&directByteBuff=false&directByteBuffer=false&nativeOrderByteBuffer=false&pooledByteBuf=false&readonlyByteBuffer=false&size=36---0,Rocket
netty__netty#io.netty.microbench.buffer.ByteBufCopyBenchmark.setBytes#alignedCopyByteBuf=true&alignedCopyByteBuffer=false&directByteBuff=false&directByteBuffer=false&nativeOrderByteBuffer=false&pooledByteBuf=false&readonlyByteBuffer=false&size=36---1,Rocket
netty__netty#io.netty.microbench.buffer.ByteBufCopyBenchmark.setBytes#alignedCopyByteBuf=true&alignedCopyByteBuffer=false&directByteBuff=false&directByteBuffer=false&nativeOrderByteBuffer=false&pooledByteBuf=false&readonlyByteBuffer=false&size=36---2,Rocket
netty__netty#io.netty.microbench.buffer.ByteBufCopyBenchmark.setBytes#alignedCopyByteBuf=true&alignedCopyByteBuffer=false&directByteBuff=false&directByteBuffer=false&nativeOrderByteBuffer=false&pooledByteBuf=false&readonlyByteBuffer=false&size=36---3,Rocket
netty__netty#io.netty.microbench.buffer.ByteBufCopyBenchmark.setBytes#alignedCopyByteBuf=true&alignedCopyByteBuffer=false&directByteBuff=false&directByteBuffer=false&nativeOrderByteBuffer=false&pooledByteBuf=false&readonlyByteBuffer=false&size=36---4,Rocket
netty__netty#io.netty.microbench.buffer.ByteBufCopyBenchmark.setBytes#alignedCopyByteBuf=true&alignedCopyByteBuffer=false&directByteBuff=false&directByteBuffer=false&nativeOrderByteBuffer=false&pooledByteBuf=false&readonlyByteBuffer=false&size=36---5,Rocket
netty__netty#io.netty.microbench.buffer.ByteBufCopyBenchmark.setBytes#alignedCopyByteBuf=true&alignedCopyByteBuffer=false&directByteBuff=false&directByteBuffer=false&nativeOrderByteBuffer=false&pooledByteBuf=false&readonlyByteBuffer=false&size=36---6,Rocket
netty__netty#io.netty.microbench.buffer.ByteBufCopyBenchmark.setBytes#alignedCopyByteBuf=true&alignedCopyByteBuffer=false&directByteBuff=false&directByteBuffer=false&nativeOrderByteBuffer=false&pooledByteBuf=false&readonlyByteBuffer=false&size=36---7,Rocket
netty__netty#io.netty.microbench.buffer.ByteBufCopyBenchmark.setBytes#alignedCopyByteBuf=true&alignedCopyByteBuffer=false&directByteBuff=false&directByteBuffer=false&nativeOrderByteBuffer=false&pooledByteBuf=false&readonlyByteBuffer=false&size=36---8,Rocket
netty__netty#io.netty.microbench.buffer.ByteBufCopyBenchmark.setBytes#alignedCopyByteBuf=true&alignedCopyByteBuffer=false&directByteBuff=false&directByteBuffer=false&nativeOrderByteBuffer=false&pooledByteBuf=false&readonlyByteBuffer=false&size=36---9,Rocket
netty__netty#io.netty.microbench.buffer.ByteBufCopyBenchmark.setBytes#alignedCopyByteBuf=true&alignedCopyByteBuffer=true&directByteBuff=true&directByteBuffer=false&nativeOrderByteBuffer=true&pooledByteBuf=true&readonlyByteBuffer=false&size=7---0,Rocket
netty__netty#io.netty.microbench.buffer.ByteBufCopyBenchmark.setBytes#alignedCopyByteBuf=true&alignedCopyByteBuffer=true&directByteBuff=true&directByteBuffer=false&nativeOrderByteBuffer=true&pooledByteBuf=true&readonlyByteBuffer=false&size=7---1,Rocket
netty__netty#io.netty.microbench.buffer.ByteBufCopyBenchmark.setBytes#alignedCopyByteBuf=true&alignedCopyByteBuffer=true&directByteBuff=true&directByteBuffer=false&nativeOrderByteBuffer=true&pooledByteBuf=true&readonlyByteBuffer=false&size=7---2,Rocket
netty__netty#io.netty.microbench.buffer.ByteBufCopyBenchmark.setBytes#alignedCopyByteBuf=true&alignedCopyByteBuffer=true&directByteBuff=true&directByteBuffer=false&nativeOrderByteBuffer=true&pooledByteBuf=true&readonlyByteBuffer=false&size=7---3,Rocket
netty__netty#io.netty.microbench.buffer.ByteBufCopyBenchmark.setBytes#alignedCopyByteBuf=true&alignedCopyByteBuffer=true&directByteBuff=true&directByteBuffer=false&nativeOrderByteBuffer=true&pooledByteBuf=true&readonlyByteBuffer=false&size=7---4,Rocket
netty__netty#io.netty.microbench.buffer.ByteBufCopyBenchmark.setBytes#alignedCopyByteBuf=true&alignedCopyByteBuffer=true&directByteBuff=true&directByteBuffer=false&nativeOrderByteBuffer=true&pooledByteBuf=true&readonlyByteBuffer=false&size=7---5,Rocket
netty__netty#io.netty.microbench.buffer.ByteBufCopyBenchmark.setBytes#alignedCopyByteBuf=true&alignedCopyByteBuffer=true&directByteBuff=true&directByteBuffer=false&nativeOrderByteBuffer=true&pooledByteBuf=true&readonlyByteBuffer=false&size=7---6,Rocket
netty__netty#io.netty.microbench.buffer.ByteBufCopyBenchmark.setBytes#alignedCopyByteBuf=true&alignedCopyByteBuffer=true&directByteBuff=true&directByteBuffer=false&nativeOrderByteBuffer=true&pooledByteBuf=true&readonlyByteBuffer=false&size=7---7,Rocket
netty__netty#io.netty.microbench.buffer.ByteBufCopyBenchmark.setBytes#alignedCopyByteBuf=true&alignedCopyByteBuffer=true&directByteBuff=true&directByteBuffer=false&nativeOrderByteBuffer=true&pooledByteBuf=true&readonlyByteBuffer=false&size=7---8,Rocket
netty__netty#io.netty.microbench.buffer.ByteBufCopyBenchmark.setBytes#alignedCopyByteBuf=true&alignedCopyByteBuffer=true&directByteBuff=true&directByteBuffer=false&nativeOrderByteBuffer=true&pooledByteBuf=true&readonlyByteBuffer=false&size=7---9,Rocket
netty__netty#io.netty.microbench.buffer.ByteBufCopyBenchmark.setBytes#alignedCopyByteBuf=true&alignedCopyByteBuffer=true&directByteBuff=true&directByteBuffer=true&nativeOrderByteBuffer=false&pooledByteBuf=true&readonlyByteBuffer=true&size=7---0,Rocket
netty__netty#io.netty.microbench.buffer.ByteBufCopyBenchmark.setBytes#alignedCopyByteBuf=true&alignedCopyByteBuffer=true&directByteBuff=true&directByteBuffer=true&nativeOrderByteBuffer=false&pooledByteBuf=true&readonlyByteBuffer=true&size=7---1,Rocket
netty__netty#io.netty.microbench.buffer.ByteBufCopyBenchmark.setBytes#alignedCopyByteBuf=true&alignedCopyByteBuffer=true&directByteBuff=true&directByteBuffer=true&nativeOrderByteBuffer=false&pooledByteBuf=true&readonlyByteBuffer=true&size=7---2,Rocket
netty__netty#io.netty.microbench.buffer.ByteBufCopyBenchmark.setBytes#alignedCopyByteBuf=true&alignedCopyByteBuffer=true&directByteBuff=true&directByteBuffer=true&nativeOrderByteBuffer=false&pooledByteBuf=true&readonlyByteBuffer=true&size=7---3,Rocket
netty__netty#io.netty.microbench.buffer.ByteBufCopyBenchmark.setBytes#alignedCopyByteBuf=true&alignedCopyByteBuffer=true&directByteBuff=true&directByteBuffer=true&nativeOrderByteBuffer=false&pooledByteBuf=true&readonlyByteBuffer=true&size=7---4,Rocket
netty__netty#io.netty.microbench.buffer.ByteBufCopyBenchmark.setBytes#alignedCopyByteBuf=true&alignedCopyByteBuffer=true&directByteBuff=true&directByteBuffer=true&nativeOrderByteBuffer=false&pooledByteBuf=true&readonlyByteBuffer=true&size=7---5,Rocket
netty__netty#io.netty.microbench.buffer.ByteBufCopyBenchmark.setBytes#alignedCopyByteBuf=true&alignedCopyByteBuffer=true&directByteBuff=true&directByteBuffer=true&nativeOrderByteBuffer=false&pooledByteBuf=true&readonlyByteBuffer=true&size=7---6,Rocket
netty__netty#io.netty.microbench.buffer.ByteBufCopyBenchmark.setBytes#alignedCopyByteBuf=true&alignedCopyByteBuffer=true&directByteBuff=true&directByteBuffer=true&nativeOrderByteBuffer=false&pooledByteBuf=true&readonlyByteBuffer=true&size=7---7,Rocket
netty__netty#io.netty.microbench.buffer.ByteBufCopyBenchmark.setBytes#alignedCopyByteBuf=true&alignedCopyByteBuffer=true&directByteBuff=true&directByteBuffer=true&nativeOrderByteBuffer=false&pooledByteBuf=true&readonlyByteBuffer=true&size=7---8,Rocket
netty__netty#io.netty.microbench.buffer.ByteBufCopyBenchmark.setBytes#alignedCopyByteBuf=true&alignedCopyByteBuffer=true&directByteBuff=true&directByteBuffer=true&nativeOrderByteBuffer=false&pooledByteBuf=true&readonlyByteBuffer=true&size=7---9,Rocket
netty__netty#io.netty.microbench.buffer.ByteBufUtilBenchmark.decodeStringAscii#direct=true&length=8---0,OSCNN
netty__netty#io.netty.microbench.buffer.ByteBufUtilBenchmark.decodeStringAscii#direct=true&length=8---1,OSCNN
netty__netty#io.netty.microbench.buffer.ByteBufUtilBenchmark.decodeStringAscii#direct=true&length=8---2,OSCNN
netty__netty#io.netty.microbench.buffer.ByteBufUtilBenchmark.decodeStringAscii#direct=true&length=8---3,OSCNN
netty__netty#io.netty.microbench.buffer.ByteBufUtilBenchmark.decodeStringAscii#direct=true&length=8---4,OSCNN
netty__netty#io.netty.microbench.buffer.ByteBufUtilBenchmark.decodeStringAscii#direct=true&length=8---5,OSCNN
netty__netty#io.netty.microbench.buffer.ByteBufUtilBenchmark.decodeStringAscii#direct=true&length=8---6,OSCNN
netty__netty#io.netty.microbench.buffer.ByteBufUtilBenchmark.decodeStringAscii#direct=true&length=8---7,OSCNN
netty__netty#io.netty.microbench.buffer.ByteBufUtilBenchmark.decodeStringAscii#direct=true&length=8---8,OSCNN
netty__netty#io.netty.microbench.buffer.ByteBufUtilBenchmark.decodeStringAscii#direct=true&length=8---9,OSCNN
netty__netty#io.netty.microbench.headers.HeadersBenchmark.httpAddAllFast#exampleHeader=TWENTYTWO---0,OSCNN
netty__netty#io.netty.microbench.headers.HeadersBenchmark.httpAddAllFast#exampleHeader=TWENTYTWO---1,OSCNN
netty__netty#io.netty.microbench.headers.HeadersBenchmark.httpAddAllFast#exampleHeader=TWENTYTWO---2,OSCNN
netty__netty#io.netty.microbench.headers.HeadersBenchmark.httpAddAllFast#exampleHeader=TWENTYTWO---5,OSCNN
netty__netty#io.netty.microbench.headers.HeadersBenchmark.httpAddAllFast#exampleHeader=TWENTYTWO---6,Rocket
netty__netty#io.netty.microbench.headers.HeadersBenchmark.httpAddAllFast#exampleHeader=TWENTYTWO---7,Rocket
netty__netty#io.netty.microbench.headers.HeadersBenchmark.httpAddAllFast#exampleHeader=TWENTYTWO---8,Rocket
netty__netty#io.netty.microbench.headers.HeadersBenchmark.httpAddAllFast#exampleHeader=TWENTYTWO---9,Rocket
netty__netty#io.netty.microbench.headers.HeadersBenchmark.httpIterate#exampleHeader=TWENTYTWO---0,Rocket
netty__netty#io.netty.microbench.headers.HeadersBenchmark.httpIterate#exampleHeader=TWENTYTWO---1,Rocket
netty__netty#io.netty.microbench.headers.HeadersBenchmark.httpIterate#exampleHeader=TWENTYTWO---2,Rocket
netty__netty#io.netty.microbench.headers.HeadersBenchmark.httpIterate#exampleHeader=TWENTYTWO---3,Rocket
netty__netty#io.netty.microbench.headers.HeadersBenchmark.httpIterate#exampleHeader=TWENTYTWO---4,Rocket
netty__netty#io.netty.microbench.headers.HeadersBenchmark.httpIterate#exampleHeader=TWENTYTWO---5,Rocket
netty__netty#io.netty.microbench.headers.HeadersBenchmark.httpIterate#exampleHeader=TWENTYTWO---6,Rocket
netty__netty#io.netty.microbench.headers.HeadersBenchmark.httpIterate#exampleHeader=TWENTYTWO---7,Rocket
netty__netty#io.netty.microbench.headers.HeadersBenchmark.httpIterate#exampleHeader=TWENTYTWO---8,Rocket
netty__netty#io.netty.microbench.headers.HeadersBenchmark.httpIterate#exampleHeader=TWENTYTWO---9,Rocket
netty__netty#io.netty.microbench.internal.EscapeCsvBenchmark.escapeCsvOld#value=netty---0,OSCNN
netty__netty#io.netty.microbench.internal.EscapeCsvBenchmark.escapeCsvOld#value=netty---1,OSCNN
netty__netty#io.netty.microbench.internal.EscapeCsvBenchmark.escapeCsvOld#value=netty---2,OSCNN
netty__netty#io.netty.microbench.internal.EscapeCsvBenchmark.escapeCsvOld#value=netty---3,Rocket
netty__netty#io.netty.microbench.internal.EscapeCsvBenchmark.escapeCsvOld#value=netty---4,FCN
netty__netty#io.netty.microbench.internal.EscapeCsvBenchmark.escapeCsvOld#value=netty---5,OSCNN
netty__netty#io.netty.microbench.internal.EscapeCsvBenchmark.escapeCsvOld#value=netty---6,OSCNN
netty__netty#io.netty.microbench.internal.EscapeCsvBenchmark.escapeCsvOld#value=netty---7,OSCNN
netty__netty#io.netty.microbench.internal.EscapeCsvBenchmark.escapeCsvOld#value=netty---8,Rocket
netty__netty#io.netty.microbenchmark.common.AppendableCharSequenceBenchmark.appendCheckBeforeCopy#charsInitSize=64&simulatedDataSize=10000---1,OSCNN
netty__netty#io.netty.microbenchmark.common.AppendableCharSequenceBenchmark.appendCheckBeforeCopy#charsInitSize=64&simulatedDataSize=10000---2,OSCNN
netty__netty#io.netty.microbenchmark.common.AppendableCharSequenceBenchmark.appendCheckBeforeCopy#charsInitSize=64&simulatedDataSize=10000---3,OSCNN
netty__netty#io.netty.microbenchmark.common.AppendableCharSequenceBenchmark.appendCheckBeforeCopy#charsInitSize=64&simulatedDataSize=10000---4,OSCNN
netty__netty#io.netty.microbenchmark.common.AppendableCharSequenceBenchmark.appendCheckBeforeCopy#charsInitSize=64&simulatedDataSize=10000---5,OSCNN
netty__netty#io.netty.microbenchmark.common.AsciiStringBenchmark.hashCodeBenchBytesOld#size=100---0,Rocket
netty__netty#io.netty.microbenchmark.common.AsciiStringBenchmark.hashCodeBenchBytesOld#size=100---1,Rocket
netty__netty#io.netty.microbenchmark.common.AsciiStringBenchmark.hashCodeBenchBytesOld#size=100---2,Rocket
netty__netty#io.netty.microbenchmark.common.AsciiStringBenchmark.hashCodeBenchBytesOld#size=100---3,Rocket
netty__netty#io.netty.microbenchmark.common.AsciiStringBenchmark.hashCodeBenchBytesOld#size=100---4,Rocket
netty__netty#io.netty.microbenchmark.common.AsciiStringBenchmark.hashCodeBenchBytesOld#size=100---5,Rocket
netty__netty#io.netty.microbenchmark.common.AsciiStringBenchmark.hashCodeBenchBytesOld#size=100---6,Rocket
netty__netty#io.netty.microbenchmark.common.AsciiStringBenchmark.hashCodeBenchBytesOld#size=100---7,Rocket
netty__netty#io.netty.microbenchmark.common.AsciiStringBenchmark.hashCodeBenchBytesOld#size=100---8,Rocket
netty__netty#io.netty.microbenchmark.common.AsciiStringBenchmark.hashCodeBenchBytesOld#size=100---9,Rocket
netty__netty#io.netty.microbenchmark.common.IsValidIpV6Benchmark.isValidIpV6AddressOld#ip=0:0:0:0:0:0:10.0.0.1---0,OSCNN
netty__netty#io.netty.microbenchmark.common.IsValidIpV6Benchmark.isValidIpV6AddressOld#ip=0:0:0:0:0:0:10.0.0.1---1,OSCNN
netty__netty#io.netty.microbenchmark.common.IsValidIpV6Benchmark.isValidIpV6AddressOld#ip=0:0:0:0:0:0:10.0.0.1---2,OSCNN
netty__netty#io.netty.microbenchmark.common.IsValidIpV6Benchmark.isValidIpV6AddressOld#ip=0:0:0:0:0:0:10.0.0.1---3,OSCNN
netty__netty#io.netty.microbenchmark.common.IsValidIpV6Benchmark.isValidIpV6AddressOld#ip=0:0:0:0:0:0:10.0.0.1---4,OSCNN
netty__netty#io.netty.microbenchmark.common.IsValidIpV6Benchmark.isValidIpV6AddressOld#ip=0:0:0:0:0:0:10.0.0.1---5,OSCNN
netty__netty#io.netty.microbenchmark.common.IsValidIpV6Benchmark.isValidIpV6AddressOld#ip=0:0:0:0:0:0:10.0.0.1---6,OSCNN
netty__netty#io.netty.microbenchmark.common.IsValidIpV6Benchmark.isValidIpV6AddressOld#ip=0:0:0:0:0:0:10.0.0.1---7,OSCNN
netty__netty#io.netty.microbenchmark.common.IsValidIpV6Benchmark.isValidIpV6AddressOld#ip=0:0:0:0:0:0:10.0.0.1---8,OSCNN
netty__netty#io.netty.microbenchmark.common.IsValidIpV6Benchmark.isValidIpV6AddressOld#ip=0:0:0:0:0:0:10.0.0.1---9,OSCNN
netty__netty#io.netty.util.DefaultAttributeMapBenchmark.hasAttributeIdentityHashMap#keyCount=8---0,Rocket
netty__netty#io.netty.util.DefaultAttributeMapBenchmark.hasAttributeIdentityHashMap#keyCount=8---1,Rocket
netty__netty#io.netty.util.DefaultAttributeMapBenchmark.hasAttributeIdentityHashMap#keyCount=8---2,Rocket
netty__netty#io.netty.util.DefaultAttributeMapBenchmark.hasAttributeIdentityHashMap#keyCount=8---3,Rocket
netty__netty#io.netty.util.DefaultAttributeMapBenchmark.hasAttributeIdentityHashMap#keyCount=8---4,Rocket
netty__netty#io.netty.util.DefaultAttributeMapBenchmark.hasAttributeIdentityHashMap#keyCount=8---5,Rocket
netty__netty#io.netty.util.DefaultAttributeMapBenchmark.hasAttributeIdentityHashMap#keyCount=8---6,Rocket
netty__netty#io.netty.util.DefaultAttributeMapBenchmark.hasAttributeIdentityHashMap#keyCount=8---7,Rocket
netty__netty#io.netty.util.DefaultAttributeMapBenchmark.hasAttributeIdentityHashMap#keyCount=8---8,Rocket
netty__netty#io.netty.util.DefaultAttributeMapBenchmark.hasAttributeIdentityHashMap#keyCount=8---9,Rocket
openzipkin__zipkin#zipkin2.EndpointBenchmarks.parseIpv4_addr#---3,OSCNN
openzipkin__zipkin#zipkin2.EndpointBenchmarks.parseIpv4_addr#---5,OSCNN
openzipkin__zipkin#zipkin2.SpanBenchmarks.buildClientSpan#---0,OSCNN
openzipkin__zipkin#zipkin2.SpanBenchmarks.buildClientSpan#---5,OSCNN
openzipkin__zipkin#zipkin2.SpanBenchmarks.buildClientSpan#---6,OSCNN
openzipkin__zipkin#zipkin2.SpanBenchmarks.buildClientSpan#---8,OSCNN
openzipkin__zipkin#zipkin2.SpanBenchmarks.padLeft_17Chars#---4,OSCNN
openzipkin__zipkin#zipkin2.SpanBenchmarks.padLeft_17Chars#---5,OSCNN
openzipkin__zipkin#zipkin2.SpanBenchmarks.padLeft_17Chars#---9,OSCNN
openzipkin__zipkin#zipkin2.codec.CodecBenchmarks.readChineseSpan_PROTO3#---0,OSCNN
openzipkin__zipkin#zipkin2.codec.CodecBenchmarks.readChineseSpan_PROTO3#---2,OSCNN
openzipkin__zipkin#zipkin2.codec.CodecBenchmarks.readChineseSpan_PROTO3#---3,OSCNN
openzipkin__zipkin#zipkin2.codec.CodecBenchmarks.readChineseSpan_PROTO3#---4,OSCNN
openzipkin__zipkin#zipkin2.codec.CodecBenchmarks.readChineseSpan_PROTO3#---5,OSCNN
openzipkin__zipkin#zipkin2.codec.CodecBenchmarks.readChineseSpan_PROTO3#---6,OSCNN
openzipkin__zipkin#zipkin2.codec.CodecBenchmarks.readChineseSpan_PROTO3#---7,OSCNN
openzipkin__zipkin#zipkin2.codec.CodecBenchmarks.readChineseSpan_PROTO3#---8,OSCNN
openzipkin__zipkin#zipkin2.codec.CodecBenchmarks.readChineseSpan_PROTO3#---9,OSCNN
openzipkin__zipkin#zipkin2.codec.CodecBenchmarks.readClientSpan_THRIFT#---0,OSCNN
openzipkin__zipkin#zipkin2.codec.CodecBenchmarks.readClientSpan_THRIFT#---1,OSCNN
openzipkin__zipkin#zipkin2.codec.CodecBenchmarks.readClientSpan_THRIFT#---2,OSCNN
openzipkin__zipkin#zipkin2.codec.CodecBenchmarks.readClientSpan_THRIFT#---3,OSCNN
openzipkin__zipkin#zipkin2.codec.CodecBenchmarks.readClientSpan_THRIFT#---5,OSCNN
openzipkin__zipkin#zipkin2.codec.CodecBenchmarks.readClientSpan_THRIFT#---6,OSCNN
openzipkin__zipkin#zipkin2.codec.CodecBenchmarks.readClientSpan_THRIFT#---7,OSCNN
openzipkin__zipkin#zipkin2.codec.CodecBenchmarks.readClientSpan_THRIFT#---8,OSCNN
openzipkin__zipkin#zipkin2.codec.CodecBenchmarks.readClientSpan_THRIFT#---9,OSCNN
openzipkin__zipkin#zipkin2.codec.CodecBenchmarks.readTenClientSpans_JSON_V2#---0,OSCNN
openzipkin__zipkin#zipkin2.codec.CodecBenchmarks.readTenClientSpans_JSON_V2#---1,OSCNN
openzipkin__zipkin#zipkin2.codec.CodecBenchmarks.readTenClientSpans_JSON_V2#---2,OSCNN
openzipkin__zipkin#zipkin2.codec.CodecBenchmarks.readTenClientSpans_JSON_V2#---3,OSCNN
openzipkin__zipkin#zipkin2.codec.CodecBenchmarks.readTenClientSpans_JSON_V2#---4,OSCNN
openzipkin__zipkin#zipkin2.codec.CodecBenchmarks.readTenClientSpans_JSON_V2#---5,OSCNN
openzipkin__zipkin#zipkin2.codec.CodecBenchmarks.readTenClientSpans_JSON_V2#---6,OSCNN
openzipkin__zipkin#zipkin2.codec.CodecBenchmarks.readTenClientSpans_JSON_V2#---7,OSCNN
openzipkin__zipkin#zipkin2.codec.CodecBenchmarks.readTenClientSpans_JSON_V2#---8,OSCNN
openzipkin__zipkin#zipkin2.codec.CodecBenchmarks.readTenClientSpans_JSON_V2#---9,OSCNN
openzipkin__zipkin#zipkin2.codec.CodecBenchmarks.writeChineseSpan_JSON_V2#---0,OSCNN
openzipkin__zipkin#zipkin2.codec.CodecBenchmarks.writeChineseSpan_JSON_V2#---1,OSCNN
openzipkin__zipkin#zipkin2.codec.CodecBenchmarks.writeChineseSpan_JSON_V2#---2,Rocket
openzipkin__zipkin#zipkin2.codec.CodecBenchmarks.writeChineseSpan_JSON_V2#---3,OSCNN
openzipkin__zipkin#zipkin2.codec.CodecBenchmarks.writeChineseSpan_JSON_V2#---4,OSCNN
openzipkin__zipkin#zipkin2.codec.CodecBenchmarks.writeChineseSpan_JSON_V2#---5,Rocket
openzipkin__zipkin#zipkin2.codec.CodecBenchmarks.writeChineseSpan_JSON_V2#---6,OSCNN
openzipkin__zipkin#zipkin2.codec.CodecBenchmarks.writeChineseSpan_JSON_V2#---7,OSCNN
openzipkin__zipkin#zipkin2.codec.CodecBenchmarks.writeChineseSpan_JSON_V2#---8,Rocket
openzipkin__zipkin#zipkin2.codec.CodecBenchmarks.writeChineseSpan_JSON_V2#---9,Rocket
openzipkin__zipkin#zipkin2.codec.CodecBenchmarks.writeChineseSpan_THRIFT#---0,Rocket
openzipkin__zipkin#zipkin2.codec.CodecBenchmarks.writeChineseSpan_THRIFT#---1,OSCNN
openzipkin__zipkin#zipkin2.codec.CodecBenchmarks.writeChineseSpan_THRIFT#---2,OSCNN
openzipkin__zipkin#zipkin2.codec.CodecBenchmarks.writeChineseSpan_THRIFT#---3,OSCNN
openzipkin__zipkin#zipkin2.codec.CodecBenchmarks.writeChineseSpan_THRIFT#---4,OSCNN
openzipkin__zipkin#zipkin2.codec.CodecBenchmarks.writeChineseSpan_THRIFT#---5,OSCNN
openzipkin__zipkin#zipkin2.codec.CodecBenchmarks.writeChineseSpan_THRIFT#---6,OSCNN
openzipkin__zipkin#zipkin2.codec.CodecBenchmarks.writeChineseSpan_THRIFT#---7,OSCNN
openzipkin__zipkin#zipkin2.codec.CodecBenchmarks.writeChineseSpan_THRIFT#---8,OSCNN
openzipkin__zipkin#zipkin2.codec.CodecBenchmarks.writeChineseSpan_THRIFT#---9,OSCNN
openzipkin__zipkin#zipkin2.codec.CodecBenchmarks.writeClientSpan_PROTO3#---0,OSCNN
openzipkin__zipkin#zipkin2.codec.CodecBenchmarks.writeClientSpan_PROTO3#---1,OSCNN
openzipkin__zipkin#zipkin2.codec.CodecBenchmarks.writeClientSpan_PROTO3#---2,OSCNN
openzipkin__zipkin#zipkin2.codec.CodecBenchmarks.writeClientSpan_PROTO3#---3,OSCNN
openzipkin__zipkin#zipkin2.codec.CodecBenchmarks.writeClientSpan_PROTO3#---4,OSCNN
openzipkin__zipkin#zipkin2.codec.CodecBenchmarks.writeClientSpan_PROTO3#---5,OSCNN
openzipkin__zipkin#zipkin2.codec.CodecBenchmarks.writeClientSpan_PROTO3#---6,OSCNN
openzipkin__zipkin#zipkin2.codec.CodecBenchmarks.writeClientSpan_PROTO3#---7,OSCNN
openzipkin__zipkin#zipkin2.codec.CodecBenchmarks.writeClientSpan_PROTO3#---8,OSCNN
openzipkin__zipkin#zipkin2.codec.CodecBenchmarks.writeClientSpan_PROTO3#---9,OSCNN
openzipkin__zipkin#zipkin2.codec.JsonCodecBenchmarks.bytebuffer_moshiDecoder#---0,OSCNN
openzipkin__zipkin#zipkin2.codec.JsonCodecBenchmarks.bytebuffer_moshiDecoder#---1,OSCNN
openzipkin__zipkin#zipkin2.codec.JsonCodecBenchmarks.bytebuffer_moshiDecoder#---3,OSCNN
openzipkin__zipkin#zipkin2.codec.JsonCodecBenchmarks.bytebuffer_moshiDecoder#---4,OSCNN
openzipkin__zipkin#zipkin2.codec.JsonCodecBenchmarks.bytebuffer_moshiDecoder#---5,OSCNN
openzipkin__zipkin#zipkin2.codec.JsonCodecBenchmarks.bytebuffer_moshiDecoder#---6,OSCNN
openzipkin__zipkin#zipkin2.codec.JsonCodecBenchmarks.bytebuffer_moshiDecoder#---7,OSCNN
openzipkin__zipkin#zipkin2.codec.JsonCodecBenchmarks.bytebuffer_moshiDecoder#---8,OSCNN
openzipkin__zipkin#zipkin2.codec.JsonCodecBenchmarks.bytebuffer_moshiDecoder#---9,OSCNN
openzipkin__zipkin#zipkin2.codec.JsonCodecBenchmarks.bytebuffer_zipkinDecoder#---1,Rocket
openzipkin__zipkin#zipkin2.codec.JsonCodecBenchmarks.bytebuffer_zipkinDecoder#---2,Rocket
openzipkin__zipkin#zipkin2.codec.JsonCodecBenchmarks.bytebuffer_zipkinDecoder#---3,Rocket
openzipkin__zipkin#zipkin2.codec.JsonCodecBenchmarks.bytebuffer_zipkinDecoder#---4,Rocket
openzipkin__zipkin#zipkin2.codec.JsonCodecBenchmarks.bytebuffer_zipkinDecoder#---5,Rocket
openzipkin__zipkin#zipkin2.codec.JsonCodecBenchmarks.bytebuffer_zipkinDecoder#---6,Rocket
openzipkin__zipkin#zipkin2.codec.JsonCodecBenchmarks.bytebuffer_zipkinDecoder#---7,Rocket
openzipkin__zipkin#zipkin2.codec.JsonCodecBenchmarks.bytebuffer_zipkinDecoder#---8,Rocket
openzipkin__zipkin#zipkin2.codec.JsonCodecBenchmarks.bytebuffer_zipkinDecoder#---9,Rocket
openzipkin__zipkin#zipkin2.codec.JsonCodecBenchmarks.bytes_jacksonDecoder#---0,OSCNN
openzipkin__zipkin#zipkin2.codec.JsonCodecBenchmarks.bytes_jacksonDecoder#---2,OSCNN
openzipkin__zipkin#zipkin2.codec.JsonCodecBenchmarks.bytes_jacksonDecoder#---3,OSCNN
openzipkin__zipkin#zipkin2.codec.JsonCodecBenchmarks.bytes_jacksonDecoder#---4,OSCNN
openzipkin__zipkin#zipkin2.codec.JsonCodecBenchmarks.bytes_jacksonDecoder#---5,OSCNN
openzipkin__zipkin#zipkin2.codec.JsonCodecBenchmarks.bytes_jacksonDecoder#---6,OSCNN
openzipkin__zipkin#zipkin2.codec.JsonCodecBenchmarks.bytes_jacksonDecoder#---7,OSCNN
openzipkin__zipkin#zipkin2.codec.JsonCodecBenchmarks.bytes_jacksonDecoder#---8,OSCNN
openzipkin__zipkin#zipkin2.codec.JsonCodecBenchmarks.bytes_jacksonDecoder#---9,OSCNN
openzipkin__zipkin#zipkin2.codec.ProtoCodecBenchmarks.bytebuffer_zipkinDecoder#---0,OSCNN
openzipkin__zipkin#zipkin2.codec.ProtoCodecBenchmarks.bytebuffer_zipkinDecoder#---1,OSCNN
openzipkin__zipkin#zipkin2.codec.ProtoCodecBenchmarks.bytebuffer_zipkinDecoder#---2,OSCNN
openzipkin__zipkin#zipkin2.codec.ProtoCodecBenchmarks.bytebuffer_zipkinDecoder#---3,FCN
openzipkin__zipkin#zipkin2.codec.ProtoCodecBenchmarks.bytebuffer_zipkinDecoder#---4,OSCNN
openzipkin__zipkin#zipkin2.codec.ProtoCodecBenchmarks.bytebuffer_zipkinDecoder#---5,OSCNN
openzipkin__zipkin#zipkin2.codec.ProtoCodecBenchmarks.bytebuffer_zipkinDecoder#---6,FCN
openzipkin__zipkin#zipkin2.codec.ProtoCodecBenchmarks.bytebuffer_zipkinDecoder#---7,OSCNN
openzipkin__zipkin#zipkin2.codec.ProtoCodecBenchmarks.bytebuffer_zipkinDecoder#---8,OSCNN
openzipkin__zipkin#zipkin2.codec.ProtoCodecBenchmarks.bytebuffer_zipkinDecoder#---9,FCN
openzipkin__zipkin#zipkin2.codec.ProtoCodecBenchmarks.bytes_wireDecoder#---0,OSCNN
openzipkin__zipkin#zipkin2.codec.ProtoCodecBenchmarks.bytes_wireDecoder#---1,OSCNN
openzipkin__zipkin#zipkin2.codec.ProtoCodecBenchmarks.bytes_wireDecoder#---2,OSCNN
openzipkin__zipkin#zipkin2.codec.ProtoCodecBenchmarks.bytes_wireDecoder#---3,OSCNN
openzipkin__zipkin#zipkin2.codec.ProtoCodecBenchmarks.bytes_wireDecoder#---4,OSCNN
openzipkin__zipkin#zipkin2.codec.ProtoCodecBenchmarks.bytes_wireDecoder#---5,OSCNN
openzipkin__zipkin#zipkin2.codec.ProtoCodecBenchmarks.bytes_wireDecoder#---6,OSCNN
openzipkin__zipkin#zipkin2.codec.ProtoCodecBenchmarks.bytes_wireDecoder#---7,OSCNN
openzipkin__zipkin#zipkin2.codec.ProtoCodecBenchmarks.bytes_wireDecoder#---8,OSCNN
openzipkin__zipkin#zipkin2.codec.ProtoCodecBenchmarks.bytes_wireDecoder#---9,OSCNN
openzipkin__zipkin#zipkin2.elasticsearch.internal.BulkRequestBenchmarks.writeRequest_singleSpan#---0,OSCNN
openzipkin__zipkin#zipkin2.elasticsearch.internal.BulkRequestBenchmarks.writeRequest_singleSpan#---1,OSCNN
openzipkin__zipkin#zipkin2.elasticsearch.internal.BulkRequestBenchmarks.writeRequest_singleSpan#---2,OSCNN
openzipkin__zipkin#zipkin2.elasticsearch.internal.BulkRequestBenchmarks.writeRequest_singleSpan#---3,OSCNN
openzipkin__zipkin#zipkin2.elasticsearch.internal.BulkRequestBenchmarks.writeRequest_singleSpan#---4,OSCNN
openzipkin__zipkin#zipkin2.elasticsearch.internal.BulkRequestBenchmarks.writeRequest_singleSpan#---5,OSCNN
openzipkin__zipkin#zipkin2.elasticsearch.internal.BulkRequestBenchmarks.writeRequest_singleSpan#---6,OSCNN
openzipkin__zipkin#zipkin2.elasticsearch.internal.BulkRequestBenchmarks.writeRequest_singleSpan#---7,OSCNN
openzipkin__zipkin#zipkin2.elasticsearch.internal.BulkRequestBenchmarks.writeRequest_singleSpan#---8,OSCNN
openzipkin__zipkin#zipkin2.elasticsearch.internal.BulkRequestBenchmarks.writeRequest_singleSpan#---9,OSCNN
openzipkin__zipkin#zipkin2.internal.DelayLimiterBenchmarks.shouldInvoke_randomData#---0,OSCNN
openzipkin__zipkin#zipkin2.internal.DelayLimiterBenchmarks.shouldInvoke_randomData#---2,OSCNN
openzipkin__zipkin#zipkin2.internal.DelayLimiterBenchmarks.shouldInvoke_randomData#---4,OSCNN
openzipkin__zipkin#zipkin2.internal.DelayLimiterBenchmarks.shouldInvoke_randomData#---5,OSCNN
openzipkin__zipkin#zipkin2.internal.DelayLimiterBenchmarks.shouldInvoke_randomData#---6,OSCNN
openzipkin__zipkin#zipkin2.internal.DelayLimiterBenchmarks.shouldInvoke_randomData#---8,OSCNN
openzipkin__zipkin#zipkin2.internal.ReadBufferBenchmarks.readLong_8arity#---0,OSCNN
openzipkin__zipkin#zipkin2.internal.ReadBufferBenchmarks.readLong_8arity#---1,Rocket
openzipkin__zipkin#zipkin2.internal.ReadBufferBenchmarks.readLong_8arity#---2,OSCNN
openzipkin__zipkin#zipkin2.internal.ReadBufferBenchmarks.readLong_8arity#---3,Rocket
openzipkin__zipkin#zipkin2.internal.ReadBufferBenchmarks.readLong_8arity#---4,Rocket
openzipkin__zipkin#zipkin2.internal.ReadBufferBenchmarks.readLong_8arity#---5,Rocket
openzipkin__zipkin#zipkin2.internal.ReadBufferBenchmarks.readLong_8arity#---6,OSCNN
openzipkin__zipkin#zipkin2.internal.ReadBufferBenchmarks.readLong_8arity#---7,OSCNN
openzipkin__zipkin#zipkin2.internal.ReadBufferBenchmarks.readLong_8arity#---8,Rocket
openzipkin__zipkin#zipkin2.internal.ReadBufferBenchmarks.readLong_localArray#---0,Rocket
openzipkin__zipkin#zipkin2.internal.ReadBufferBenchmarks.readLong_localArray#---1,Rocket
openzipkin__zipkin#zipkin2.internal.ReadBufferBenchmarks.readLong_localArray#---2,Rocket
openzipkin__zipkin#zipkin2.internal.ReadBufferBenchmarks.readLong_localArray#---3,OSCNN
openzipkin__zipkin#zipkin2.internal.ReadBufferBenchmarks.readLong_localArray#---4,Rocket
openzipkin__zipkin#zipkin2.internal.ReadBufferBenchmarks.readLong_localArray#---6,Rocket
openzipkin__zipkin#zipkin2.internal.ReadBufferBenchmarks.readLong_localArray#---7,Rocket
openzipkin__zipkin#zipkin2.internal.ReadBufferBenchmarks.readLong_localArray#---8,Rocket
openzipkin__zipkin#zipkin2.internal.WriteBufferBenchmarks.utf8SizeInBytes_chinese#---0,Rocket
openzipkin__zipkin#zipkin2.internal.WriteBufferBenchmarks.utf8SizeInBytes_chinese#---1,Rocket
openzipkin__zipkin#zipkin2.internal.WriteBufferBenchmarks.utf8SizeInBytes_chinese#---2,Rocket
openzipkin__zipkin#zipkin2.internal.WriteBufferBenchmarks.utf8SizeInBytes_chinese#---3,Rocket
openzipkin__zipkin#zipkin2.internal.WriteBufferBenchmarks.utf8SizeInBytes_chinese#---4,Rocket
openzipkin__zipkin#zipkin2.internal.WriteBufferBenchmarks.utf8SizeInBytes_chinese#---5,Rocket
openzipkin__zipkin#zipkin2.internal.WriteBufferBenchmarks.utf8SizeInBytes_chinese#---6,Rocket
openzipkin__zipkin#zipkin2.internal.WriteBufferBenchmarks.utf8SizeInBytes_chinese#---7,Rocket
openzipkin__zipkin#zipkin2.internal.WriteBufferBenchmarks.utf8SizeInBytes_chinese#---8,Rocket
openzipkin__zipkin#zipkin2.internal.WriteBufferBenchmarks.utf8SizeInBytes_chinese#---9,Rocket
openzipkin__zipkin#zipkin2.internal.WriteBufferBenchmarks.varIntSizeInBytes_32#---0,Rocket
openzipkin__zipkin#zipkin2.internal.WriteBufferBenchmarks.varIntSizeInBytes_32#---3,Rocket
openzipkin__zipkin#zipkin2.internal.WriteBufferBenchmarks.varIntSizeInBytes_32#---4,Rocket
openzipkin__zipkin#zipkin2.internal.WriteBufferBenchmarks.varIntSizeInBytes_32#---5,Rocket
openzipkin__zipkin#zipkin2.internal.WriteBufferBenchmarks.varIntSizeInBytes_32#---6,Rocket
openzipkin__zipkin#zipkin2.internal.WriteBufferBenchmarks.varIntSizeInBytes_32#---7,Rocket
openzipkin__zipkin#zipkin2.internal.WriteBufferBenchmarks.varIntSizeInBytes_32#---8,Rocket
openzipkin__zipkin#zipkin2.internal.WriteBufferBenchmarks.varIntSizeInBytes_32#---9,Rocket
prestodb__presto#com.facebook.presto.BenchmarkBoxedBoolean.primitive#---0,Rocket
prestodb__presto#com.facebook.presto.BenchmarkBoxedBoolean.primitive#---1,Rocket
prestodb__presto#com.facebook.presto.BenchmarkBoxedBoolean.primitive#---2,Rocket
prestodb__presto#com.facebook.presto.BenchmarkBoxedBoolean.primitive#---3,FCN
prestodb__presto#com.facebook.presto.BenchmarkBoxedBoolean.primitive#---4,Rocket
prestodb__presto#com.facebook.presto.BenchmarkBoxedBoolean.primitive#---5,Rocket
prestodb__presto#com.facebook.presto.BenchmarkBoxedBoolean.primitive#---6,Rocket
prestodb__presto#com.facebook.presto.BenchmarkBoxedBoolean.primitive#---7,Rocket
prestodb__presto#com.facebook.presto.BenchmarkBoxedBoolean.primitive#---8,OSCNN
prestodb__presto#com.facebook.presto.BenchmarkBoxedBoolean.primitive#---9,Rocket
prestodb__presto#com.facebook.presto.geospatial.serde.BenchmarkJtsGeometrySerde.serializeComplexMultipoint#---1,OSCNN
prestodb__presto#com.facebook.presto.geospatial.serde.BenchmarkJtsGeometrySerde.serializeComplexMultipoint#---2,OSCNN
prestodb__presto#com.facebook.presto.geospatial.serde.BenchmarkJtsGeometrySerde.serializeComplexMultipoint#---4,OSCNN
prestodb__presto#com.facebook.presto.geospatial.serde.BenchmarkJtsGeometrySerde.serializeComplexMultipoint#---9,OSCNN
prestodb__presto#com.facebook.presto.geospatial.serde.BenchmarkJtsGeometrySerde.serializeSimpleMultiLineString#---0,OSCNN
prestodb__presto#com.facebook.presto.geospatial.serde.BenchmarkJtsGeometrySerde.serializeSimpleMultiLineString#---1,OSCNN
prestodb__presto#com.facebook.presto.geospatial.serde.BenchmarkJtsGeometrySerde.serializeSimpleMultiLineString#---2,OSCNN
prestodb__presto#com.facebook.presto.geospatial.serde.BenchmarkJtsGeometrySerde.serializeSimpleMultiLineString#---3,OSCNN
prestodb__presto#com.facebook.presto.geospatial.serde.BenchmarkJtsGeometrySerde.serializeSimpleMultiLineString#---4,OSCNN
prestodb__presto#com.facebook.presto.geospatial.serde.BenchmarkJtsGeometrySerde.serializeSimpleMultiLineString#---5,OSCNN
prestodb__presto#com.facebook.presto.geospatial.serde.BenchmarkJtsGeometrySerde.serializeSimpleMultiLineString#---7,OSCNN
prestodb__presto#com.facebook.presto.geospatial.serde.BenchmarkJtsGeometrySerde.serializeSimpleMultiLineString#---8,OSCNN
prestodb__presto#com.facebook.presto.geospatial.serde.BenchmarkJtsGeometrySerde.serializeSimpleMultiLineString#---9,OSCNN
prestodb__presto#com.facebook.presto.operator.BenchmarkBlockFlattener.benchmarkWithFlatten#blockSize=1000&nestedLevel=4&numberOfIterations=10&reuseArrays=true---0,OSCNN
prestodb__presto#com.facebook.presto.operator.BenchmarkBlockFlattener.benchmarkWithFlatten#blockSize=1000&nestedLevel=4&numberOfIterations=10&reuseArrays=true---1,OSCNN
prestodb__presto#com.facebook.presto.operator.BenchmarkBlockFlattener.benchmarkWithFlatten#blockSize=1000&nestedLevel=4&numberOfIterations=10&reuseArrays=true---2,Rocket
prestodb__presto#com.facebook.presto.operator.BenchmarkBlockFlattener.benchmarkWithFlatten#blockSize=1000&nestedLevel=4&numberOfIterations=10&reuseArrays=true---3,OSCNN
prestodb__presto#com.facebook.presto.operator.BenchmarkBlockFlattener.benchmarkWithFlatten#blockSize=1000&nestedLevel=4&numberOfIterations=10&reuseArrays=true---4,Rocket
prestodb__presto#com.facebook.presto.operator.BenchmarkBlockFlattener.benchmarkWithFlatten#blockSize=1000&nestedLevel=4&numberOfIterations=10&reuseArrays=true---5,Rocket
prestodb__presto#com.facebook.presto.operator.BenchmarkBlockFlattener.benchmarkWithFlatten#blockSize=1000&nestedLevel=4&numberOfIterations=10&reuseArrays=true---6,Rocket
prestodb__presto#com.facebook.presto.operator.BenchmarkBlockFlattener.benchmarkWithFlatten#blockSize=1000&nestedLevel=4&numberOfIterations=10&reuseArrays=true---7,OSCNN
prestodb__presto#com.facebook.presto.operator.BenchmarkBlockFlattener.benchmarkWithFlatten#blockSize=1000&nestedLevel=4&numberOfIterations=10&reuseArrays=true---8,Rocket
prestodb__presto#com.facebook.presto.operator.BenchmarkBlockFlattener.benchmarkWithFlatten#blockSize=1000&nestedLevel=4&numberOfIterations=10&reuseArrays=true---9,Rocket
prestodb__presto#com.facebook.presto.operator.BenchmarkBlockFlattener.benchmarkWithFlatten#blockSize=10000&nestedLevel=1&numberOfIterations=10&reuseArrays=true---0,OSCNN
prestodb__presto#com.facebook.presto.operator.BenchmarkBlockFlattener.benchmarkWithFlatten#blockSize=10000&nestedLevel=1&numberOfIterations=10&reuseArrays=true---1,Rocket
prestodb__presto#com.facebook.presto.operator.BenchmarkBlockFlattener.benchmarkWithFlatten#blockSize=10000&nestedLevel=1&numberOfIterations=10&reuseArrays=true---2,OSCNN
prestodb__presto#com.facebook.presto.operator.BenchmarkBlockFlattener.benchmarkWithFlatten#blockSize=10000&nestedLevel=1&numberOfIterations=10&reuseArrays=true---3,OSCNN
prestodb__presto#com.facebook.presto.operator.BenchmarkBlockFlattener.benchmarkWithFlatten#blockSize=10000&nestedLevel=1&numberOfIterations=10&reuseArrays=true---4,OSCNN
prestodb__presto#com.facebook.presto.operator.BenchmarkBlockFlattener.benchmarkWithFlatten#blockSize=10000&nestedLevel=1&numberOfIterations=10&reuseArrays=true---5,Rocket
prestodb__presto#com.facebook.presto.operator.BenchmarkBlockFlattener.benchmarkWithFlatten#blockSize=10000&nestedLevel=1&numberOfIterations=10&reuseArrays=true---6,OSCNN
prestodb__presto#com.facebook.presto.operator.BenchmarkBlockFlattener.benchmarkWithFlatten#blockSize=10000&nestedLevel=1&numberOfIterations=10&reuseArrays=true---7,OSCNN
prestodb__presto#com.facebook.presto.operator.BenchmarkBlockFlattener.benchmarkWithFlatten#blockSize=10000&nestedLevel=1&numberOfIterations=10&reuseArrays=true---8,OSCNN
prestodb__presto#com.facebook.presto.operator.BenchmarkBlockFlattener.benchmarkWithFlatten#blockSize=10000&nestedLevel=1&numberOfIterations=10&reuseArrays=true---9,OSCNN
prestodb__presto#com.facebook.presto.operator.BenchmarkBlockFlattener.benchmarkWithFlatten#blockSize=10000&nestedLevel=4&numberOfIterations=1&reuseArrays=true---1,Rocket
prestodb__presto#com.facebook.presto.operator.BenchmarkBlockFlattener.benchmarkWithFlatten#blockSize=10000&nestedLevel=4&numberOfIterations=1&reuseArrays=true---2,Rocket
prestodb__presto#com.facebook.presto.operator.BenchmarkBlockFlattener.benchmarkWithFlatten#blockSize=10000&nestedLevel=4&numberOfIterations=1&reuseArrays=true---4,OSCNN
prestodb__presto#com.facebook.presto.operator.BenchmarkBlockFlattener.benchmarkWithFlatten#blockSize=10000&nestedLevel=4&numberOfIterations=1&reuseArrays=true---5,Rocket
prestodb__presto#com.facebook.presto.operator.BenchmarkBlockFlattener.benchmarkWithFlatten#blockSize=10000&nestedLevel=4&numberOfIterations=1&reuseArrays=true---7,Rocket
prestodb__presto#com.facebook.presto.operator.BenchmarkBlockFlattener.benchmarkWithFlatten#blockSize=10000&nestedLevel=4&numberOfIterations=1&reuseArrays=true---8,Rocket
prestodb__presto#com.facebook.presto.operator.BenchmarkBlockFlattener.benchmarkWithFlatten#blockSize=100000&nestedLevel=2&numberOfIterations=1&reuseArrays=true---0,Rocket
prestodb__presto#com.facebook.presto.operator.BenchmarkBlockFlattener.benchmarkWithFlatten#blockSize=100000&nestedLevel=2&numberOfIterations=1&reuseArrays=true---1,Rocket
prestodb__presto#com.facebook.presto.operator.BenchmarkBlockFlattener.benchmarkWithFlatten#blockSize=100000&nestedLevel=2&numberOfIterations=1&reuseArrays=true---2,Rocket
prestodb__presto#com.facebook.presto.operator.BenchmarkBlockFlattener.benchmarkWithFlatten#blockSize=100000&nestedLevel=2&numberOfIterations=1&reuseArrays=true---3,Rocket
prestodb__presto#com.facebook.presto.operator.BenchmarkBlockFlattener.benchmarkWithFlatten#blockSize=100000&nestedLevel=2&numberOfIterations=1&reuseArrays=true---4,Rocket
prestodb__presto#com.facebook.presto.operator.BenchmarkBlockFlattener.benchmarkWithFlatten#blockSize=100000&nestedLevel=2&numberOfIterations=1&reuseArrays=true---5,Rocket
prestodb__presto#com.facebook.presto.operator.BenchmarkBlockFlattener.benchmarkWithFlatten#blockSize=100000&nestedLevel=2&numberOfIterations=1&reuseArrays=true---6,Rocket
prestodb__presto#com.facebook.presto.operator.BenchmarkBlockFlattener.benchmarkWithFlatten#blockSize=100000&nestedLevel=2&numberOfIterations=1&reuseArrays=true---7,Rocket
prestodb__presto#com.facebook.presto.operator.BenchmarkBlockFlattener.benchmarkWithFlatten#blockSize=100000&nestedLevel=2&numberOfIterations=1&reuseArrays=true---8,Rocket
prestodb__presto#com.facebook.presto.operator.BenchmarkBlockFlattener.benchmarkWithFlatten#blockSize=100000&nestedLevel=2&numberOfIterations=1&reuseArrays=true---9,Rocket
prestodb__presto#com.facebook.presto.operator.BenchmarkBlockFlattener.benchmarkWithoutFlatten#blockSize=100000&nestedLevel=4&numberOfIterations=1000---0,Rocket
prestodb__presto#com.facebook.presto.operator.BenchmarkBlockFlattener.benchmarkWithoutFlatten#blockSize=100000&nestedLevel=4&numberOfIterations=1000---1,Rocket
prestodb__presto#com.facebook.presto.operator.BenchmarkBlockFlattener.benchmarkWithoutFlatten#blockSize=100000&nestedLevel=4&numberOfIterations=1000---2,Rocket
prestodb__presto#com.facebook.presto.operator.BenchmarkBlockFlattener.benchmarkWithoutFlatten#blockSize=100000&nestedLevel=4&numberOfIterations=1000---3,Rocket
prestodb__presto#com.facebook.presto.operator.BenchmarkBlockFlattener.benchmarkWithoutFlatten#blockSize=100000&nestedLevel=4&numberOfIterations=1000---4,Rocket
prestodb__presto#com.facebook.presto.operator.BenchmarkBlockFlattener.benchmarkWithoutFlatten#blockSize=100000&nestedLevel=4&numberOfIterations=1000---5,Rocket
prestodb__presto#com.facebook.presto.operator.BenchmarkBlockFlattener.benchmarkWithoutFlatten#blockSize=100000&nestedLevel=4&numberOfIterations=1000---6,Rocket
prestodb__presto#com.facebook.presto.operator.BenchmarkBlockFlattener.benchmarkWithoutFlatten#blockSize=100000&nestedLevel=4&numberOfIterations=1000---7,Rocket
prestodb__presto#com.facebook.presto.operator.BenchmarkBlockFlattener.benchmarkWithoutFlatten#blockSize=100000&nestedLevel=4&numberOfIterations=1000---8,Rocket
prestodb__presto#com.facebook.presto.operator.BenchmarkBlockFlattener.benchmarkWithoutFlatten#blockSize=100000&nestedLevel=4&numberOfIterations=1000---9,Rocket
prestodb__presto#com.facebook.presto.operator.BenchmarkBlockFlattener.benchmarkWithoutFlatten#blockSize=1000000&nestedLevel=2&numberOfIterations=1000---0,Rocket
prestodb__presto#com.facebook.presto.operator.BenchmarkBlockFlattener.benchmarkWithoutFlatten#blockSize=1000000&nestedLevel=2&numberOfIterations=1000---4,FCN
prestodb__presto#com.facebook.presto.operator.BenchmarkBlockFlattener.benchmarkWithoutFlatten#blockSize=1000000&nestedLevel=2&numberOfIterations=1000---6,Rocket
prestodb__presto#com.facebook.presto.operator.BenchmarkBlockFlattener.benchmarkWithoutFlatten#blockSize=1000000&nestedLevel=2&numberOfIterations=1000---8,Rocket
prestodb__presto#com.facebook.presto.operator.BenchmarkBlockFlattener.benchmarkWithoutFlatten#blockSize=1000000&nestedLevel=2&numberOfIterations=1000---9,Rocket
prestodb__presto#com.facebook.presto.operator.BenchmarkBlockFlattener.benchmarkWithoutFlatten#blockSize=1000000&nestedLevel=5&numberOfIterations=1000---0,Rocket
prestodb__presto#com.facebook.presto.operator.BenchmarkBlockFlattener.benchmarkWithoutFlatten#blockSize=1000000&nestedLevel=5&numberOfIterations=1000---1,Rocket
prestodb__presto#com.facebook.presto.operator.BenchmarkBlockFlattener.benchmarkWithoutFlatten#blockSize=1000000&nestedLevel=5&numberOfIterations=1000---2,Rocket
prestodb__presto#com.facebook.presto.operator.BenchmarkBlockFlattener.benchmarkWithoutFlatten#blockSize=1000000&nestedLevel=5&numberOfIterations=1000---3,Rocket
prestodb__presto#com.facebook.presto.operator.BenchmarkBlockFlattener.benchmarkWithoutFlatten#blockSize=1000000&nestedLevel=5&numberOfIterations=1000---4,Rocket
prestodb__presto#com.facebook.presto.operator.BenchmarkBlockFlattener.benchmarkWithoutFlatten#blockSize=1000000&nestedLevel=5&numberOfIterations=1000---5,Rocket
prestodb__presto#com.facebook.presto.operator.BenchmarkBlockFlattener.benchmarkWithoutFlatten#blockSize=1000000&nestedLevel=5&numberOfIterations=1000---6,Rocket
prestodb__presto#com.facebook.presto.operator.BenchmarkBlockFlattener.benchmarkWithoutFlatten#blockSize=1000000&nestedLevel=5&numberOfIterations=1000---7,Rocket
prestodb__presto#com.facebook.presto.operator.BenchmarkGroupByHash.addPagePreCompute#channelCount=10&dataType=BIGINT&groupByType=notDistinct&groupCount=3000000&hashEnabled=false---0,OSCNN
prestodb__presto#com.facebook.presto.operator.BenchmarkGroupByHash.addPagePreCompute#channelCount=10&dataType=BIGINT&groupByType=notDistinct&groupCount=3000000&hashEnabled=false---1,OSCNN
prestodb__presto#com.facebook.presto.operator.BenchmarkGroupByHash.addPagePreCompute#channelCount=10&dataType=BIGINT&groupByType=notDistinct&groupCount=3000000&hashEnabled=false---2,OSCNN
prestodb__presto#com.facebook.presto.operator.BenchmarkGroupByHash.addPagePreCompute#channelCount=10&dataType=BIGINT&groupByType=notDistinct&groupCount=3000000&hashEnabled=false---3,OSCNN
prestodb__presto#com.facebook.presto.operator.BenchmarkGroupByHash.addPagePreCompute#channelCount=10&dataType=BIGINT&groupByType=notDistinct&groupCount=3000000&hashEnabled=false---4,OSCNN
prestodb__presto#com.facebook.presto.operator.BenchmarkGroupByHash.addPagePreCompute#channelCount=10&dataType=BIGINT&groupByType=notDistinct&groupCount=3000000&hashEnabled=false---5,OSCNN
prestodb__presto#com.facebook.presto.operator.BenchmarkGroupByHash.addPagePreCompute#channelCount=10&dataType=BIGINT&groupByType=notDistinct&groupCount=3000000&hashEnabled=false---6,OSCNN
prestodb__presto#com.facebook.presto.operator.BenchmarkGroupByHash.addPagePreCompute#channelCount=10&dataType=BIGINT&groupByType=notDistinct&groupCount=3000000&hashEnabled=false---7,OSCNN
prestodb__presto#com.facebook.presto.operator.BenchmarkGroupByHash.addPagePreCompute#channelCount=10&dataType=BIGINT&groupByType=notDistinct&groupCount=3000000&hashEnabled=false---8,OSCNN
prestodb__presto#com.facebook.presto.operator.BenchmarkGroupByHash.addPagePreCompute#channelCount=10&dataType=BIGINT&groupByType=notDistinct&groupCount=3000000&hashEnabled=false---9,OSCNN
prestodb__presto#com.facebook.presto.operator.BenchmarkGroupByHash.addPagePreCompute#channelCount=5&dataType=BIGINT&groupByType=notDistinct&groupCount=3000000&hashEnabled=false---0,OSCNN
prestodb__presto#com.facebook.presto.operator.BenchmarkGroupByHash.addPagePreCompute#channelCount=5&dataType=BIGINT&groupByType=notDistinct&groupCount=3000000&hashEnabled=false---1,OSCNN
prestodb__presto#com.facebook.presto.operator.BenchmarkGroupByHash.addPagePreCompute#channelCount=5&dataType=BIGINT&groupByType=notDistinct&groupCount=3000000&hashEnabled=false---2,Rocket
prestodb__presto#com.facebook.presto.operator.BenchmarkGroupByHash.addPagePreCompute#channelCount=5&dataType=BIGINT&groupByType=notDistinct&groupCount=3000000&hashEnabled=false---3,Rocket
prestodb__presto#com.facebook.presto.operator.BenchmarkGroupByHash.addPagePreCompute#channelCount=5&dataType=BIGINT&groupByType=notDistinct&groupCount=3000000&hashEnabled=false---4,Rocket
prestodb__presto#com.facebook.presto.operator.BenchmarkGroupByHash.addPagePreCompute#channelCount=5&dataType=BIGINT&groupByType=notDistinct&groupCount=3000000&hashEnabled=false---5,OSCNN
prestodb__presto#com.facebook.presto.operator.BenchmarkGroupByHash.addPagePreCompute#channelCount=5&dataType=BIGINT&groupByType=notDistinct&groupCount=3000000&hashEnabled=false---6,OSCNN
prestodb__presto#com.facebook.presto.operator.BenchmarkGroupByHash.addPagePreCompute#channelCount=5&dataType=BIGINT&groupByType=notDistinct&groupCount=3000000&hashEnabled=false---7,OSCNN
prestodb__presto#com.facebook.presto.operator.BenchmarkGroupByHash.addPagePreCompute#channelCount=5&dataType=BIGINT&groupByType=notDistinct&groupCount=3000000&hashEnabled=false---8,OSCNN
prestodb__presto#com.facebook.presto.operator.BenchmarkGroupByHash.addPagePreCompute#channelCount=5&dataType=BIGINT&groupByType=notDistinct&groupCount=3000000&hashEnabled=false---9,Rocket
prestodb__presto#com.facebook.presto.operator.BenchmarkUnnestOperator.unnest#nestedType=array(bigint)|array(bigint)&positionsPerPage=1000&primitiveNullsRatio=0.2&replicateType=bigint&rowNullsRatio=0.0&withOrdinality=false---0,OSCNN
prestodb__presto#com.facebook.presto.operator.BenchmarkUnnestOperator.unnest#nestedType=array(bigint)|array(bigint)&positionsPerPage=1000&primitiveNullsRatio=0.2&replicateType=bigint&rowNullsRatio=0.0&withOrdinality=false---1,OSCNN
prestodb__presto#com.facebook.presto.operator.BenchmarkUnnestOperator.unnest#nestedType=array(bigint)|array(bigint)&positionsPerPage=1000&primitiveNullsRatio=0.2&replicateType=bigint&rowNullsRatio=0.0&withOrdinality=false---2,OSCNN
prestodb__presto#com.facebook.presto.operator.BenchmarkUnnestOperator.unnest#nestedType=array(bigint)|array(bigint)&positionsPerPage=1000&primitiveNullsRatio=0.2&replicateType=bigint&rowNullsRatio=0.0&withOrdinality=false---3,OSCNN
prestodb__presto#com.facebook.presto.operator.BenchmarkUnnestOperator.unnest#nestedType=array(bigint)|array(bigint)&positionsPerPage=1000&primitiveNullsRatio=0.2&replicateType=bigint&rowNullsRatio=0.0&withOrdinality=false---4,OSCNN
prestodb__presto#com.facebook.presto.operator.BenchmarkUnnestOperator.unnest#nestedType=array(bigint)|array(bigint)&positionsPerPage=1000&primitiveNullsRatio=0.2&replicateType=bigint&rowNullsRatio=0.0&withOrdinality=false---5,OSCNN
prestodb__presto#com.facebook.presto.operator.BenchmarkUnnestOperator.unnest#nestedType=array(bigint)|array(bigint)&positionsPerPage=1000&primitiveNullsRatio=0.2&replicateType=bigint&rowNullsRatio=0.0&withOrdinality=false---6,OSCNN
prestodb__presto#com.facebook.presto.operator.BenchmarkUnnestOperator.unnest#nestedType=array(bigint)|array(bigint)&positionsPerPage=1000&primitiveNullsRatio=0.2&replicateType=bigint&rowNullsRatio=0.0&withOrdinality=false---7,OSCNN
prestodb__presto#com.facebook.presto.operator.BenchmarkUnnestOperator.unnest#nestedType=array(bigint)|array(bigint)&positionsPerPage=1000&primitiveNullsRatio=0.2&replicateType=bigint&rowNullsRatio=0.0&withOrdinality=false---8,OSCNN
prestodb__presto#com.facebook.presto.operator.BenchmarkUnnestOperator.unnest#nestedType=array(bigint)|array(bigint)&positionsPerPage=1000&primitiveNullsRatio=0.2&replicateType=bigint&rowNullsRatio=0.0&withOrdinality=false---9,OSCNN
prestodb__presto#com.facebook.presto.operator.BenchmarkWindowOperator.benchmark#numberOfPregroupedColumns=2&partitionsPerGroup=100&rowsPerPartition=10---0,FCN
prestodb__presto#com.facebook.presto.operator.BenchmarkWindowOperator.benchmark#numberOfPregroupedColumns=2&partitionsPerGroup=100&rowsPerPartition=10---1,Rocket
prestodb__presto#com.facebook.presto.operator.BenchmarkWindowOperator.benchmark#numberOfPregroupedColumns=2&partitionsPerGroup=100&rowsPerPartition=10---2,Rocket
prestodb__presto#com.facebook.presto.operator.BenchmarkWindowOperator.benchmark#numberOfPregroupedColumns=2&partitionsPerGroup=100&rowsPerPartition=10---3,Rocket
prestodb__presto#com.facebook.presto.operator.BenchmarkWindowOperator.benchmark#numberOfPregroupedColumns=2&partitionsPerGroup=100&rowsPerPartition=10---4,Rocket
prestodb__presto#com.facebook.presto.operator.BenchmarkWindowOperator.benchmark#numberOfPregroupedColumns=2&partitionsPerGroup=100&rowsPerPartition=10---5,Rocket
prestodb__presto#com.facebook.presto.operator.BenchmarkWindowOperator.benchmark#numberOfPregroupedColumns=2&partitionsPerGroup=100&rowsPerPartition=10---6,Rocket
prestodb__presto#com.facebook.presto.operator.BenchmarkWindowOperator.benchmark#numberOfPregroupedColumns=2&partitionsPerGroup=100&rowsPerPartition=10---7,Rocket
prestodb__presto#com.facebook.presto.operator.BenchmarkWindowOperator.benchmark#numberOfPregroupedColumns=2&partitionsPerGroup=100&rowsPerPartition=10---8,Rocket
prestodb__presto#com.facebook.presto.operator.BenchmarkWindowOperator.benchmark#numberOfPregroupedColumns=2&partitionsPerGroup=100&rowsPerPartition=10---9,OSCNN
prestodb__presto#com.facebook.presto.operator.repartition.BenchmarkPartitionedOutputOperator.optimizedAddPage#channelCount=1&enableCompression=true&hasNull=false&type=LONG_DECIMAL---0,FCN
prestodb__presto#com.facebook.presto.operator.repartition.BenchmarkPartitionedOutputOperator.optimizedAddPage#channelCount=1&enableCompression=true&hasNull=false&type=LONG_DECIMAL---1,OSCNN
prestodb__presto#com.facebook.presto.operator.repartition.BenchmarkPartitionedOutputOperator.optimizedAddPage#channelCount=1&enableCompression=true&hasNull=false&type=LONG_DECIMAL---2,FCN
prestodb__presto#com.facebook.presto.operator.repartition.BenchmarkPartitionedOutputOperator.optimizedAddPage#channelCount=1&enableCompression=true&hasNull=false&type=LONG_DECIMAL---3,FCN
prestodb__presto#com.facebook.presto.operator.repartition.BenchmarkPartitionedOutputOperator.optimizedAddPage#channelCount=1&enableCompression=true&hasNull=false&type=LONG_DECIMAL---4,OSCNN
prestodb__presto#com.facebook.presto.operator.repartition.BenchmarkPartitionedOutputOperator.optimizedAddPage#channelCount=1&enableCompression=true&hasNull=false&type=LONG_DECIMAL---5,FCN
prestodb__presto#com.facebook.presto.operator.repartition.BenchmarkPartitionedOutputOperator.optimizedAddPage#channelCount=1&enableCompression=true&hasNull=false&type=LONG_DECIMAL---6,OSCNN
prestodb__presto#com.facebook.presto.operator.repartition.BenchmarkPartitionedOutputOperator.optimizedAddPage#channelCount=1&enableCompression=true&hasNull=false&type=LONG_DECIMAL---7,OSCNN
prestodb__presto#com.facebook.presto.operator.repartition.BenchmarkPartitionedOutputOperator.optimizedAddPage#channelCount=1&enableCompression=true&hasNull=false&type=LONG_DECIMAL---8,FCN
prestodb__presto#com.facebook.presto.operator.repartition.BenchmarkPartitionedOutputOperator.optimizedAddPage#channelCount=1&enableCompression=true&hasNull=false&type=LONG_DECIMAL---9,OSCNN
prestodb__presto#com.facebook.presto.operator.repartition.BenchmarkPartitionedOutputOperator.optimizedAddPage#channelCount=1&enableCompression=true&hasNull=true&type=LONG_DECIMAL---0,OSCNN
prestodb__presto#com.facebook.presto.operator.repartition.BenchmarkPartitionedOutputOperator.optimizedAddPage#channelCount=1&enableCompression=true&hasNull=true&type=LONG_DECIMAL---1,OSCNN
prestodb__presto#com.facebook.presto.operator.repartition.BenchmarkPartitionedOutputOperator.optimizedAddPage#channelCount=1&enableCompression=true&hasNull=true&type=LONG_DECIMAL---2,OSCNN
prestodb__presto#com.facebook.presto.operator.repartition.BenchmarkPartitionedOutputOperator.optimizedAddPage#channelCount=1&enableCompression=true&hasNull=true&type=LONG_DECIMAL---3,OSCNN
prestodb__presto#com.facebook.presto.operator.repartition.BenchmarkPartitionedOutputOperator.optimizedAddPage#channelCount=1&enableCompression=true&hasNull=true&type=LONG_DECIMAL---4,Rocket
prestodb__presto#com.facebook.presto.operator.repartition.BenchmarkPartitionedOutputOperator.optimizedAddPage#channelCount=1&enableCompression=true&hasNull=true&type=LONG_DECIMAL---5,OSCNN
prestodb__presto#com.facebook.presto.operator.repartition.BenchmarkPartitionedOutputOperator.optimizedAddPage#channelCount=1&enableCompression=true&hasNull=true&type=LONG_DECIMAL---6,FCN
prestodb__presto#com.facebook.presto.operator.repartition.BenchmarkPartitionedOutputOperator.optimizedAddPage#channelCount=1&enableCompression=true&hasNull=true&type=LONG_DECIMAL---7,Rocket
prestodb__presto#com.facebook.presto.operator.repartition.BenchmarkPartitionedOutputOperator.optimizedAddPage#channelCount=1&enableCompression=true&hasNull=true&type=LONG_DECIMAL---8,OSCNN
prestodb__presto#com.facebook.presto.operator.repartition.BenchmarkPartitionedOutputOperator.optimizedAddPage#channelCount=1&enableCompression=true&hasNull=true&type=LONG_DECIMAL---9,FCN
prestodb__presto#com.facebook.presto.operator.scalar.StringFunctionsBenchmark.benchmarkSubstringStart#ascii=true&length=10---0,OSCNN
prestodb__presto#com.facebook.presto.operator.scalar.StringFunctionsBenchmark.benchmarkSubstringStart#ascii=true&length=10---1,OSCNN
prestodb__presto#com.facebook.presto.operator.scalar.StringFunctionsBenchmark.benchmarkSubstringStart#ascii=true&length=10---2,OSCNN
prestodb__presto#com.facebook.presto.operator.scalar.StringFunctionsBenchmark.benchmarkSubstringStart#ascii=true&length=10---3,OSCNN
prestodb__presto#com.facebook.presto.operator.scalar.StringFunctionsBenchmark.benchmarkSubstringStart#ascii=true&length=10---4,OSCNN
prestodb__presto#com.facebook.presto.operator.scalar.StringFunctionsBenchmark.benchmarkSubstringStart#ascii=true&length=10---5,OSCNN
prestodb__presto#com.facebook.presto.operator.scalar.StringFunctionsBenchmark.benchmarkSubstringStart#ascii=true&length=10---6,OSCNN
prestodb__presto#com.facebook.presto.operator.scalar.StringFunctionsBenchmark.benchmarkSubstringStart#ascii=true&length=10---7,OSCNN
prestodb__presto#com.facebook.presto.operator.scalar.StringFunctionsBenchmark.benchmarkSubstringStart#ascii=true&length=10---8,OSCNN
prestodb__presto#com.facebook.presto.operator.scalar.StringFunctionsBenchmark.benchmarkSubstringStart#ascii=true&length=10---9,OSCNN
prestodb__presto#com.facebook.presto.operator.scalar.StringFunctionsBenchmark.benchmarkSubstringStartLengthFromEnd#ascii=false&length=10---0,OSCNN
prestodb__presto#com.facebook.presto.operator.scalar.StringFunctionsBenchmark.benchmarkSubstringStartLengthFromEnd#ascii=false&length=10---1,OSCNN
prestodb__presto#com.facebook.presto.operator.scalar.StringFunctionsBenchmark.benchmarkSubstringStartLengthFromEnd#ascii=false&length=10---2,OSCNN
prestodb__presto#com.facebook.presto.operator.scalar.StringFunctionsBenchmark.benchmarkSubstringStartLengthFromEnd#ascii=false&length=10---3,OSCNN
prestodb__presto#com.facebook.presto.operator.scalar.StringFunctionsBenchmark.benchmarkSubstringStartLengthFromEnd#ascii=false&length=10---4,OSCNN
prestodb__presto#com.facebook.presto.operator.scalar.StringFunctionsBenchmark.benchmarkSubstringStartLengthFromEnd#ascii=false&length=10---5,OSCNN
prestodb__presto#com.facebook.presto.operator.scalar.StringFunctionsBenchmark.benchmarkSubstringStartLengthFromEnd#ascii=false&length=10---6,OSCNN
prestodb__presto#com.facebook.presto.operator.scalar.StringFunctionsBenchmark.benchmarkSubstringStartLengthFromEnd#ascii=false&length=10---7,OSCNN
prestodb__presto#com.facebook.presto.operator.scalar.StringFunctionsBenchmark.benchmarkSubstringStartLengthFromEnd#ascii=false&length=10---8,OSCNN
prestodb__presto#com.facebook.presto.operator.scalar.StringFunctionsBenchmark.benchmarkSubstringStartLengthFromEnd#ascii=false&length=10---9,OSCNN
prestodb__presto#com.facebook.presto.sql.gen.InCodeGeneratorBenchmark.benchmark#inListCount=25&type=double---0,Rocket
prestodb__presto#com.facebook.presto.sql.gen.InCodeGeneratorBenchmark.benchmark#inListCount=25&type=double---1,Rocket
prestodb__presto#com.facebook.presto.sql.gen.InCodeGeneratorBenchmark.benchmark#inListCount=25&type=double---2,Rocket
prestodb__presto#com.facebook.presto.sql.gen.InCodeGeneratorBenchmark.benchmark#inListCount=25&type=double---3,Rocket
prestodb__presto#com.facebook.presto.sql.gen.InCodeGeneratorBenchmark.benchmark#inListCount=25&type=double---4,Rocket
prestodb__presto#com.facebook.presto.sql.gen.InCodeGeneratorBenchmark.benchmark#inListCount=25&type=double---5,Rocket
prestodb__presto#com.facebook.presto.sql.gen.InCodeGeneratorBenchmark.benchmark#inListCount=25&type=double---6,Rocket
prestodb__presto#com.facebook.presto.sql.gen.InCodeGeneratorBenchmark.benchmark#inListCount=25&type=double---7,Rocket
prestodb__presto#com.facebook.presto.sql.gen.InCodeGeneratorBenchmark.benchmark#inListCount=25&type=double---8,Rocket
prestodb__presto#com.facebook.presto.sql.gen.InCodeGeneratorBenchmark.benchmark#inListCount=25&type=double---9,Rocket
prestodb__presto#com.facebook.presto.util.PagesSortBenchmark.runPagesMergeSortBenchmark#numMergeSources=16&numSortChannels=1&pagesCount=400&totalChannels=1---0,Rocket
prestodb__presto#com.facebook.presto.util.PagesSortBenchmark.runPagesMergeSortBenchmark#numMergeSources=16&numSortChannels=1&pagesCount=400&totalChannels=1---1,Rocket
prestodb__presto#com.facebook.presto.util.PagesSortBenchmark.runPagesMergeSortBenchmark#numMergeSources=16&numSortChannels=1&pagesCount=400&totalChannels=1---2,Rocket
prestodb__presto#com.facebook.presto.util.PagesSortBenchmark.runPagesMergeSortBenchmark#numMergeSources=16&numSortChannels=1&pagesCount=400&totalChannels=1---3,Rocket
prestodb__presto#com.facebook.presto.util.PagesSortBenchmark.runPagesMergeSortBenchmark#numMergeSources=16&numSortChannels=1&pagesCount=400&totalChannels=1---4,OSCNN
prestodb__presto#com.facebook.presto.util.PagesSortBenchmark.runPagesMergeSortBenchmark#numMergeSources=16&numSortChannels=1&pagesCount=400&totalChannels=1---5,Rocket
prestodb__presto#com.facebook.presto.util.PagesSortBenchmark.runPagesMergeSortBenchmark#numMergeSources=16&numSortChannels=1&pagesCount=400&totalChannels=1---6,Rocket
prestodb__presto#com.facebook.presto.util.PagesSortBenchmark.runPagesMergeSortBenchmark#numMergeSources=16&numSortChannels=1&pagesCount=400&totalChannels=1---7,Rocket
prestodb__presto#com.facebook.presto.util.PagesSortBenchmark.runPagesMergeSortBenchmark#numMergeSources=16&numSortChannels=1&pagesCount=400&totalChannels=1---8,FCN
prestodb__presto#com.facebook.presto.util.PagesSortBenchmark.runPagesMergeSortBenchmark#numMergeSources=16&numSortChannels=1&pagesCount=400&totalChannels=1---9,Rocket
prometheus__client_java#io.prometheus.benchmark.CounterBenchmark.prometheusCounterChildIncBenchmark#---0,Rocket
prometheus__client_java#io.prometheus.benchmark.CounterBenchmark.prometheusCounterChildIncBenchmark#---1,Rocket
prometheus__client_java#io.prometheus.benchmark.CounterBenchmark.prometheusCounterChildIncBenchmark#---2,Rocket
prometheus__client_java#io.prometheus.benchmark.CounterBenchmark.prometheusCounterChildIncBenchmark#---3,Rocket
prometheus__client_java#io.prometheus.benchmark.CounterBenchmark.prometheusCounterChildIncBenchmark#---4,Rocket
prometheus__client_java#io.prometheus.benchmark.CounterBenchmark.prometheusCounterChildIncBenchmark#---5,Rocket
prometheus__client_java#io.prometheus.benchmark.CounterBenchmark.prometheusCounterChildIncBenchmark#---6,Rocket
prometheus__client_java#io.prometheus.benchmark.CounterBenchmark.prometheusCounterChildIncBenchmark#---7,Rocket
prometheus__client_java#io.prometheus.benchmark.CounterBenchmark.prometheusCounterChildIncBenchmark#---8,Rocket
prometheus__client_java#io.prometheus.benchmark.CounterBenchmark.prometheusCounterChildIncBenchmark#---9,Rocket
prometheus__client_java#io.prometheus.benchmark.CounterBenchmark.prometheusCounterIncBenchmark#---0,OSCNN
prometheus__client_java#io.prometheus.benchmark.CounterBenchmark.prometheusCounterIncBenchmark#---1,OSCNN
prometheus__client_java#io.prometheus.benchmark.CounterBenchmark.prometheusCounterIncBenchmark#---3,OSCNN
prometheus__client_java#io.prometheus.benchmark.CounterBenchmark.prometheusCounterIncBenchmark#---4,OSCNN
prometheus__client_java#io.prometheus.benchmark.CounterBenchmark.prometheusCounterIncBenchmark#---6,OSCNN
prometheus__client_java#io.prometheus.benchmark.CounterBenchmark.prometheusCounterIncBenchmark#---7,OSCNN
prometheus__client_java#io.prometheus.benchmark.CounterBenchmark.prometheusCounterIncBenchmark#---8,OSCNN
prometheus__client_java#io.prometheus.benchmark.CounterBenchmark.prometheusCounterIncBenchmark#---9,OSCNN
prometheus__client_java#io.prometheus.benchmark.CounterBenchmark.prometheusSimpleCounterChildIncBenchmark#---0,Rocket
prometheus__client_java#io.prometheus.benchmark.CounterBenchmark.prometheusSimpleCounterChildIncBenchmark#---1,Rocket
prometheus__client_java#io.prometheus.benchmark.CounterBenchmark.prometheusSimpleCounterChildIncBenchmark#---2,Rocket
prometheus__client_java#io.prometheus.benchmark.CounterBenchmark.prometheusSimpleCounterChildIncBenchmark#---3,Rocket
prometheus__client_java#io.prometheus.benchmark.CounterBenchmark.prometheusSimpleCounterChildIncBenchmark#---4,Rocket
prometheus__client_java#io.prometheus.benchmark.CounterBenchmark.prometheusSimpleCounterChildIncBenchmark#---5,Rocket
prometheus__client_java#io.prometheus.benchmark.CounterBenchmark.prometheusSimpleCounterChildIncBenchmark#---6,Rocket
prometheus__client_java#io.prometheus.benchmark.CounterBenchmark.prometheusSimpleCounterChildIncBenchmark#---7,Rocket
prometheus__client_java#io.prometheus.benchmark.CounterBenchmark.prometheusSimpleCounterChildIncBenchmark#---8,Rocket
prometheus__client_java#io.prometheus.benchmark.CounterBenchmark.prometheusSimpleCounterChildIncBenchmark#---9,Rocket
prometheus__client_java#io.prometheus.benchmark.CounterBenchmark.prometheusSimpleCounterIncBenchmark#---0,OSCNN
prometheus__client_java#io.prometheus.benchmark.CounterBenchmark.prometheusSimpleCounterIncBenchmark#---2,OSCNN
prometheus__client_java#io.prometheus.benchmark.CounterBenchmark.prometheusSimpleCounterIncBenchmark#---3,OSCNN
prometheus__client_java#io.prometheus.benchmark.CounterBenchmark.prometheusSimpleCounterIncBenchmark#---4,OSCNN
prometheus__client_java#io.prometheus.benchmark.CounterBenchmark.prometheusSimpleCounterIncBenchmark#---5,OSCNN
prometheus__client_java#io.prometheus.benchmark.CounterBenchmark.prometheusSimpleCounterIncBenchmark#---6,Rocket
prometheus__client_java#io.prometheus.benchmark.CounterBenchmark.prometheusSimpleCounterIncBenchmark#---7,OSCNN
prometheus__client_java#io.prometheus.benchmark.CounterBenchmark.prometheusSimpleCounterIncBenchmark#---8,OSCNN
prometheus__client_java#io.prometheus.benchmark.CounterBenchmark.prometheusSimpleCounterIncBenchmark#---9,OSCNN
prometheus__client_java#io.prometheus.benchmark.GaugeBenchmark.codahaleCounterDecBenchmark#---0,Rocket
prometheus__client_java#io.prometheus.benchmark.GaugeBenchmark.codahaleCounterDecBenchmark#---1,Rocket
prometheus__client_java#io.prometheus.benchmark.GaugeBenchmark.codahaleCounterDecBenchmark#---2,Rocket
prometheus__client_java#io.prometheus.benchmark.GaugeBenchmark.codahaleCounterDecBenchmark#---3,Rocket
prometheus__client_java#io.prometheus.benchmark.GaugeBenchmark.codahaleCounterDecBenchmark#---4,Rocket
prometheus__client_java#io.prometheus.benchmark.GaugeBenchmark.codahaleCounterDecBenchmark#---5,Rocket
prometheus__client_java#io.prometheus.benchmark.GaugeBenchmark.codahaleCounterDecBenchmark#---6,Rocket
prometheus__client_java#io.prometheus.benchmark.GaugeBenchmark.codahaleCounterDecBenchmark#---7,Rocket
prometheus__client_java#io.prometheus.benchmark.GaugeBenchmark.codahaleCounterDecBenchmark#---8,Rocket
prometheus__client_java#io.prometheus.benchmark.GaugeBenchmark.codahaleCounterDecBenchmark#---9,Rocket
prometheus__client_java#io.prometheus.benchmark.GaugeBenchmark.prometheusGaugeChildIncBenchmark#---0,Rocket
prometheus__client_java#io.prometheus.benchmark.GaugeBenchmark.prometheusGaugeChildIncBenchmark#---1,Rocket
prometheus__client_java#io.prometheus.benchmark.GaugeBenchmark.prometheusGaugeChildIncBenchmark#---2,Rocket
prometheus__client_java#io.prometheus.benchmark.GaugeBenchmark.prometheusGaugeChildIncBenchmark#---3,Rocket
prometheus__client_java#io.prometheus.benchmark.GaugeBenchmark.prometheusGaugeChildIncBenchmark#---4,Rocket
prometheus__client_java#io.prometheus.benchmark.GaugeBenchmark.prometheusGaugeChildIncBenchmark#---5,Rocket
prometheus__client_java#io.prometheus.benchmark.GaugeBenchmark.prometheusGaugeChildIncBenchmark#---6,Rocket
prometheus__client_java#io.prometheus.benchmark.GaugeBenchmark.prometheusGaugeChildIncBenchmark#---7,Rocket
prometheus__client_java#io.prometheus.benchmark.GaugeBenchmark.prometheusGaugeChildIncBenchmark#---8,Rocket
prometheus__client_java#io.prometheus.benchmark.GaugeBenchmark.prometheusGaugeChildIncBenchmark#---9,Rocket
prometheus__client_java#io.prometheus.benchmark.GaugeBenchmark.prometheusGaugeChildSetBenchmark#---0,Rocket
prometheus__client_java#io.prometheus.benchmark.GaugeBenchmark.prometheusGaugeChildSetBenchmark#---1,Rocket
prometheus__client_java#io.prometheus.benchmark.GaugeBenchmark.prometheusGaugeChildSetBenchmark#---2,Rocket
prometheus__client_java#io.prometheus.benchmark.GaugeBenchmark.prometheusGaugeChildSetBenchmark#---3,Rocket
prometheus__client_java#io.prometheus.benchmark.GaugeBenchmark.prometheusGaugeChildSetBenchmark#---4,Rocket
prometheus__client_java#io.prometheus.benchmark.GaugeBenchmark.prometheusGaugeChildSetBenchmark#---5,Rocket
prometheus__client_java#io.prometheus.benchmark.GaugeBenchmark.prometheusGaugeChildSetBenchmark#---6,Rocket
prometheus__client_java#io.prometheus.benchmark.GaugeBenchmark.prometheusGaugeChildSetBenchmark#---7,Rocket
prometheus__client_java#io.prometheus.benchmark.GaugeBenchmark.prometheusGaugeChildSetBenchmark#---8,Rocket
prometheus__client_java#io.prometheus.benchmark.GaugeBenchmark.prometheusGaugeChildSetBenchmark#---9,Rocket
prometheus__client_java#io.prometheus.benchmark.GaugeBenchmark.prometheusSimpleGaugeChildDecBenchmark#---0,Rocket
prometheus__client_java#io.prometheus.benchmark.GaugeBenchmark.prometheusSimpleGaugeChildDecBenchmark#---1,Rocket
prometheus__client_java#io.prometheus.benchmark.GaugeBenchmark.prometheusSimpleGaugeChildDecBenchmark#---2,Rocket
prometheus__client_java#io.prometheus.benchmark.GaugeBenchmark.prometheusSimpleGaugeChildDecBenchmark#---3,Rocket
prometheus__client_java#io.prometheus.benchmark.GaugeBenchmark.prometheusSimpleGaugeChildDecBenchmark#---4,Rocket
prometheus__client_java#io.prometheus.benchmark.GaugeBenchmark.prometheusSimpleGaugeChildDecBenchmark#---5,Rocket
prometheus__client_java#io.prometheus.benchmark.GaugeBenchmark.prometheusSimpleGaugeChildDecBenchmark#---6,Rocket
prometheus__client_java#io.prometheus.benchmark.GaugeBenchmark.prometheusSimpleGaugeChildDecBenchmark#---7,Rocket
prometheus__client_java#io.prometheus.benchmark.GaugeBenchmark.prometheusSimpleGaugeChildDecBenchmark#---8,Rocket
prometheus__client_java#io.prometheus.benchmark.GaugeBenchmark.prometheusSimpleGaugeChildDecBenchmark#---9,Rocket
prometheus__client_java#io.prometheus.benchmark.GaugeBenchmark.prometheusSimpleGaugeChildSetBenchmark#---3,Rocket
prometheus__client_java#io.prometheus.benchmark.GaugeBenchmark.prometheusSimpleGaugeChildSetBenchmark#---5,Rocket
prometheus__client_java#io.prometheus.benchmark.GaugeBenchmark.prometheusSimpleGaugeChildSetBenchmark#---7,Rocket
prometheus__client_java#io.prometheus.benchmark.GaugeBenchmark.prometheusSimpleGaugeChildSetBenchmark#---8,Rocket
prometheus__client_java#io.prometheus.benchmark.GaugeBenchmark.prometheusSimpleGaugeChildSetBenchmark#---9,Rocket
prometheus__client_java#io.prometheus.benchmark.GaugeBenchmark.prometheusSimpleGaugeIncBenchmark#---0,OSCNN
prometheus__client_java#io.prometheus.benchmark.GaugeBenchmark.prometheusSimpleGaugeIncBenchmark#---1,OSCNN
prometheus__client_java#io.prometheus.benchmark.GaugeBenchmark.prometheusSimpleGaugeIncBenchmark#---2,OSCNN
prometheus__client_java#io.prometheus.benchmark.GaugeBenchmark.prometheusSimpleGaugeIncBenchmark#---3,OSCNN
prometheus__client_java#io.prometheus.benchmark.GaugeBenchmark.prometheusSimpleGaugeIncBenchmark#---4,FCN
prometheus__client_java#io.prometheus.benchmark.GaugeBenchmark.prometheusSimpleGaugeIncBenchmark#---5,OSCNN
prometheus__client_java#io.prometheus.benchmark.GaugeBenchmark.prometheusSimpleGaugeIncBenchmark#---6,OSCNN
prometheus__client_java#io.prometheus.benchmark.GaugeBenchmark.prometheusSimpleGaugeIncBenchmark#---8,OSCNN
prometheus__client_java#io.prometheus.benchmark.GaugeBenchmark.prometheusSimpleGaugeIncBenchmark#---9,OSCNN
prometheus__client_java#io.prometheus.benchmark.GaugeBenchmark.prometheusSimpleGaugeNoLabelsDecBenchmark#---0,Rocket
prometheus__client_java#io.prometheus.benchmark.GaugeBenchmark.prometheusSimpleGaugeNoLabelsDecBenchmark#---1,Rocket
prometheus__client_java#io.prometheus.benchmark.GaugeBenchmark.prometheusSimpleGaugeNoLabelsDecBenchmark#---2,Rocket
prometheus__client_java#io.prometheus.benchmark.GaugeBenchmark.prometheusSimpleGaugeNoLabelsDecBenchmark#---3,Rocket
prometheus__client_java#io.prometheus.benchmark.GaugeBenchmark.prometheusSimpleGaugeNoLabelsDecBenchmark#---4,Rocket
prometheus__client_java#io.prometheus.benchmark.GaugeBenchmark.prometheusSimpleGaugeNoLabelsDecBenchmark#---5,Rocket
prometheus__client_java#io.prometheus.benchmark.GaugeBenchmark.prometheusSimpleGaugeNoLabelsDecBenchmark#---6,Rocket
prometheus__client_java#io.prometheus.benchmark.GaugeBenchmark.prometheusSimpleGaugeNoLabelsDecBenchmark#---7,Rocket
prometheus__client_java#io.prometheus.benchmark.GaugeBenchmark.prometheusSimpleGaugeNoLabelsDecBenchmark#---8,Rocket
prometheus__client_java#io.prometheus.benchmark.GaugeBenchmark.prometheusSimpleGaugeNoLabelsDecBenchmark#---9,Rocket
prometheus__client_java#io.prometheus.benchmark.GaugeBenchmark.prometheusSimpleGaugeNoLabelsSetBenchmark#---1,Rocket
prometheus__client_java#io.prometheus.benchmark.GaugeBenchmark.prometheusSimpleGaugeNoLabelsSetBenchmark#---2,Rocket
prometheus__client_java#io.prometheus.benchmark.GaugeBenchmark.prometheusSimpleGaugeNoLabelsSetBenchmark#---3,Rocket
prometheus__client_java#io.prometheus.benchmark.GaugeBenchmark.prometheusSimpleGaugeNoLabelsSetBenchmark#---4,Rocket
prometheus__client_java#io.prometheus.benchmark.GaugeBenchmark.prometheusSimpleGaugeNoLabelsSetBenchmark#---6,Rocket
prometheus__client_java#io.prometheus.benchmark.GaugeBenchmark.prometheusSimpleGaugeNoLabelsSetBenchmark#---7,Rocket
prometheus__client_java#io.prometheus.benchmark.GaugeBenchmark.prometheusSimpleGaugeNoLabelsSetBenchmark#---8,Rocket
prometheus__client_java#io.prometheus.benchmark.GaugeBenchmark.prometheusSimpleGaugeNoLabelsSetBenchmark#---9,Rocket
prometheus__client_java#io.prometheus.benchmark.SummaryBenchmark.codahaleHistogramBenchmark#---0,Rocket
prometheus__client_java#io.prometheus.benchmark.SummaryBenchmark.codahaleHistogramBenchmark#---1,OSCNN
prometheus__client_java#io.prometheus.benchmark.SummaryBenchmark.codahaleHistogramBenchmark#---2,OSCNN
prometheus__client_java#io.prometheus.benchmark.SummaryBenchmark.codahaleHistogramBenchmark#---3,Rocket
prometheus__client_java#io.prometheus.benchmark.SummaryBenchmark.codahaleHistogramBenchmark#---4,Rocket
prometheus__client_java#io.prometheus.benchmark.SummaryBenchmark.codahaleHistogramBenchmark#---5,OSCNN
prometheus__client_java#io.prometheus.benchmark.SummaryBenchmark.codahaleHistogramBenchmark#---6,OSCNN
prometheus__client_java#io.prometheus.benchmark.SummaryBenchmark.codahaleHistogramBenchmark#---7,OSCNN
prometheus__client_java#io.prometheus.benchmark.SummaryBenchmark.codahaleHistogramBenchmark#---8,OSCNN
prometheus__client_java#io.prometheus.benchmark.SummaryBenchmark.codahaleHistogramBenchmark#---9,Rocket
prometheus__client_java#io.prometheus.benchmark.SummaryBenchmark.prometheusSimpleHistogramChildBenchmark#---0,Rocket
prometheus__client_java#io.prometheus.benchmark.SummaryBenchmark.prometheusSimpleHistogramChildBenchmark#---2,Rocket
prometheus__client_java#io.prometheus.benchmark.SummaryBenchmark.prometheusSimpleHistogramChildBenchmark#---3,Rocket
prometheus__client_java#io.prometheus.benchmark.SummaryBenchmark.prometheusSimpleHistogramChildBenchmark#---4,Rocket
prometheus__client_java#io.prometheus.benchmark.SummaryBenchmark.prometheusSimpleHistogramChildBenchmark#---5,Rocket
prometheus__client_java#io.prometheus.benchmark.SummaryBenchmark.prometheusSimpleHistogramChildBenchmark#---6,Rocket
prometheus__client_java#io.prometheus.benchmark.SummaryBenchmark.prometheusSimpleHistogramChildBenchmark#---7,Rocket
prometheus__client_java#io.prometheus.benchmark.SummaryBenchmark.prometheusSimpleHistogramChildBenchmark#---9,Rocket
prometheus__client_java#io.prometheus.benchmark.SummaryBenchmark.prometheusSimpleHistogramNoLabelsBenchmark#---0,Rocket
prometheus__client_java#io.prometheus.benchmark.SummaryBenchmark.prometheusSimpleHistogramNoLabelsBenchmark#---1,Rocket
prometheus__client_java#io.prometheus.benchmark.SummaryBenchmark.prometheusSimpleHistogramNoLabelsBenchmark#---2,Rocket
prometheus__client_java#io.prometheus.benchmark.SummaryBenchmark.prometheusSimpleHistogramNoLabelsBenchmark#---3,Rocket
prometheus__client_java#io.prometheus.benchmark.SummaryBenchmark.prometheusSimpleHistogramNoLabelsBenchmark#---4,Rocket
prometheus__client_java#io.prometheus.benchmark.SummaryBenchmark.prometheusSimpleHistogramNoLabelsBenchmark#---7,Rocket
prometheus__client_java#io.prometheus.benchmark.SummaryBenchmark.prometheusSimpleHistogramNoLabelsBenchmark#---8,Rocket
prometheus__client_java#io.prometheus.benchmark.SummaryBenchmark.prometheusSimpleHistogramNoLabelsBenchmark#---9,Rocket
prometheus__client_java#io.prometheus.benchmark.SummaryBenchmark.prometheusSimpleSummaryBenchmark#---0,OSCNN
prometheus__client_java#io.prometheus.benchmark.SummaryBenchmark.prometheusSimpleSummaryBenchmark#---2,OSCNN
prometheus__client_java#io.prometheus.benchmark.SummaryBenchmark.prometheusSimpleSummaryBenchmark#---3,OSCNN
prometheus__client_java#io.prometheus.benchmark.SummaryBenchmark.prometheusSimpleSummaryBenchmark#---4,OSCNN
prometheus__client_java#io.prometheus.benchmark.SummaryBenchmark.prometheusSimpleSummaryBenchmark#---5,OSCNN
prometheus__client_java#io.prometheus.benchmark.SummaryBenchmark.prometheusSimpleSummaryBenchmark#---6,OSCNN
prometheus__client_java#io.prometheus.benchmark.SummaryBenchmark.prometheusSimpleSummaryBenchmark#---7,OSCNN
prometheus__client_java#io.prometheus.benchmark.SummaryBenchmark.prometheusSimpleSummaryBenchmark#---8,OSCNN
prometheus__client_java#io.prometheus.benchmark.SummaryBenchmark.prometheusSimpleSummaryBenchmark#---9,OSCNN
prometheus__client_java#io.prometheus.benchmark.SummaryBenchmark.prometheusSimpleSummaryChildBenchmark#---0,Rocket
prometheus__client_java#io.prometheus.benchmark.SummaryBenchmark.prometheusSimpleSummaryChildBenchmark#---1,Rocket
prometheus__client_java#io.prometheus.benchmark.SummaryBenchmark.prometheusSimpleSummaryChildBenchmark#---2,Rocket
prometheus__client_java#io.prometheus.benchmark.SummaryBenchmark.prometheusSimpleSummaryChildBenchmark#---3,Rocket
prometheus__client_java#io.prometheus.benchmark.SummaryBenchmark.prometheusSimpleSummaryChildBenchmark#---4,Rocket
prometheus__client_java#io.prometheus.benchmark.SummaryBenchmark.prometheusSimpleSummaryChildBenchmark#---5,Rocket
prometheus__client_java#io.prometheus.benchmark.SummaryBenchmark.prometheusSimpleSummaryChildBenchmark#---6,Rocket
prometheus__client_java#io.prometheus.benchmark.SummaryBenchmark.prometheusSimpleSummaryChildBenchmark#---7,Rocket
prometheus__client_java#io.prometheus.benchmark.SummaryBenchmark.prometheusSimpleSummaryChildBenchmark#---8,Rocket
prometheus__client_java#io.prometheus.benchmark.SummaryBenchmark.prometheusSimpleSummaryChildBenchmark#---9,Rocket
prometheus__client_java#io.prometheus.benchmark.SummaryBenchmark.prometheusSimpleSummaryNoLabelsBenchmark#---0,Rocket
prometheus__client_java#io.prometheus.benchmark.SummaryBenchmark.prometheusSimpleSummaryNoLabelsBenchmark#---1,Rocket
prometheus__client_java#io.prometheus.benchmark.SummaryBenchmark.prometheusSimpleSummaryNoLabelsBenchmark#---2,Rocket
prometheus__client_java#io.prometheus.benchmark.SummaryBenchmark.prometheusSimpleSummaryNoLabelsBenchmark#---3,Rocket
prometheus__client_java#io.prometheus.benchmark.SummaryBenchmark.prometheusSimpleSummaryNoLabelsBenchmark#---4,Rocket
prometheus__client_java#io.prometheus.benchmark.SummaryBenchmark.prometheusSimpleSummaryNoLabelsBenchmark#---5,Rocket
prometheus__client_java#io.prometheus.benchmark.SummaryBenchmark.prometheusSimpleSummaryNoLabelsBenchmark#---6,Rocket
prometheus__client_java#io.prometheus.benchmark.SummaryBenchmark.prometheusSimpleSummaryNoLabelsBenchmark#---7,Rocket
prometheus__client_java#io.prometheus.benchmark.SummaryBenchmark.prometheusSimpleSummaryNoLabelsBenchmark#---9,Rocket
prometheus__client_java#io.prometheus.benchmark.SummaryBenchmark.prometheusSummaryBenchmark#---0,OSCNN
prometheus__client_java#io.prometheus.benchmark.SummaryBenchmark.prometheusSummaryBenchmark#---2,OSCNN
prometheus__client_java#io.prometheus.benchmark.SummaryBenchmark.prometheusSummaryBenchmark#---4,OSCNN
prometheus__client_java#io.prometheus.benchmark.SummaryBenchmark.prometheusSummaryBenchmark#---6,OSCNN
prometheus__client_java#io.prometheus.benchmark.SummaryBenchmark.prometheusSummaryBenchmark#---8,OSCNN
prometheus__client_java#io.prometheus.benchmark.SummaryBenchmark.prometheusSummaryBenchmark#---9,OSCNN
prometheus__client_java#io.prometheus.benchmark.SummaryBenchmark.prometheusSummaryChildBenchmark#---0,OSCNN
prometheus__client_java#io.prometheus.benchmark.SummaryBenchmark.prometheusSummaryChildBenchmark#---1,OSCNN
prometheus__client_java#io.prometheus.benchmark.SummaryBenchmark.prometheusSummaryChildBenchmark#---2,OSCNN
prometheus__client_java#io.prometheus.benchmark.SummaryBenchmark.prometheusSummaryChildBenchmark#---3,OSCNN
prometheus__client_java#io.prometheus.benchmark.SummaryBenchmark.prometheusSummaryChildBenchmark#---5,OSCNN
prometheus__client_java#io.prometheus.benchmark.SummaryBenchmark.prometheusSummaryChildBenchmark#---6,OSCNN
prometheus__client_java#io.prometheus.benchmark.SummaryBenchmark.prometheusSummaryChildBenchmark#---7,OSCNN
prometheus__client_java#io.prometheus.benchmark.SummaryBenchmark.prometheusSummaryChildBenchmark#---8,OSCNN
prometheus__client_java#io.prometheus.benchmark.SummaryBenchmark.prometheusSummaryChildBenchmark#---9,OSCNN
protostuff__protostuff#io.protostuff.benchmarks.RuntimeSchemaBenchmark.baseline#---0,FCN
protostuff__protostuff#io.protostuff.benchmarks.RuntimeSchemaBenchmark.baseline#---1,FCN
protostuff__protostuff#io.protostuff.benchmarks.RuntimeSchemaBenchmark.baseline#---2,Rocket
protostuff__protostuff#io.protostuff.benchmarks.RuntimeSchemaBenchmark.baseline#---3,Rocket
protostuff__protostuff#io.protostuff.benchmarks.RuntimeSchemaBenchmark.baseline#---4,FCN
protostuff__protostuff#io.protostuff.benchmarks.RuntimeSchemaBenchmark.baseline#---5,Rocket
protostuff__protostuff#io.protostuff.benchmarks.RuntimeSchemaBenchmark.baseline#---6,FCN
protostuff__protostuff#io.protostuff.benchmarks.RuntimeSchemaBenchmark.baseline#---7,Rocket
protostuff__protostuff#io.protostuff.benchmarks.RuntimeSchemaBenchmark.baseline#---8,FCN
protostuff__protostuff#io.protostuff.benchmarks.RuntimeSchemaBenchmark.baseline#---9,Rocket
protostuff__protostuff#io.protostuff.benchmarks.RuntimeSchemaBenchmark.generated_deserialize_1_int_field#---0,OSCNN
protostuff__protostuff#io.protostuff.benchmarks.RuntimeSchemaBenchmark.generated_deserialize_1_int_field#---1,OSCNN
protostuff__protostuff#io.protostuff.benchmarks.RuntimeSchemaBenchmark.generated_deserialize_1_int_field#---2,OSCNN
protostuff__protostuff#io.protostuff.benchmarks.RuntimeSchemaBenchmark.generated_deserialize_1_int_field#---3,OSCNN
protostuff__protostuff#io.protostuff.benchmarks.RuntimeSchemaBenchmark.generated_deserialize_1_int_field#---4,OSCNN
protostuff__protostuff#io.protostuff.benchmarks.RuntimeSchemaBenchmark.generated_deserialize_1_int_field#---5,OSCNN
protostuff__protostuff#io.protostuff.benchmarks.RuntimeSchemaBenchmark.generated_deserialize_1_int_field#---6,OSCNN
protostuff__protostuff#io.protostuff.benchmarks.RuntimeSchemaBenchmark.generated_deserialize_1_int_field#---7,OSCNN
protostuff__protostuff#io.protostuff.benchmarks.RuntimeSchemaBenchmark.generated_deserialize_1_int_field#---8,Rocket
protostuff__protostuff#io.protostuff.benchmarks.RuntimeSchemaBenchmark.generated_deserialize_1_int_field#---9,OSCNN
protostuff__protostuff#io.protostuff.benchmarks.RuntimeSchemaBenchmark.generated_serialize_10_int_field#---0,Rocket
protostuff__protostuff#io.protostuff.benchmarks.RuntimeSchemaBenchmark.generated_serialize_10_int_field#---1,Rocket
protostuff__protostuff#io.protostuff.benchmarks.RuntimeSchemaBenchmark.generated_serialize_10_int_field#---2,Rocket
protostuff__protostuff#io.protostuff.benchmarks.RuntimeSchemaBenchmark.generated_serialize_10_int_field#---3,Rocket
protostuff__protostuff#io.protostuff.benchmarks.RuntimeSchemaBenchmark.generated_serialize_10_int_field#---4,Rocket
protostuff__protostuff#io.protostuff.benchmarks.RuntimeSchemaBenchmark.generated_serialize_10_int_field#---5,Rocket
protostuff__protostuff#io.protostuff.benchmarks.RuntimeSchemaBenchmark.generated_serialize_10_int_field#---6,Rocket
protostuff__protostuff#io.protostuff.benchmarks.RuntimeSchemaBenchmark.generated_serialize_10_int_field#---7,Rocket
protostuff__protostuff#io.protostuff.benchmarks.RuntimeSchemaBenchmark.generated_serialize_10_int_field#---8,Rocket
protostuff__protostuff#io.protostuff.benchmarks.RuntimeSchemaBenchmark.generated_serialize_10_int_field#---9,Rocket
protostuff__protostuff#io.protostuff.benchmarks.RuntimeSchemaBenchmark.runtime_deserialize_1_int_field#---0,OSCNN
protostuff__protostuff#io.protostuff.benchmarks.RuntimeSchemaBenchmark.runtime_deserialize_1_int_field#---1,Rocket
protostuff__protostuff#io.protostuff.benchmarks.RuntimeSchemaBenchmark.runtime_deserialize_1_int_field#---2,Rocket
protostuff__protostuff#io.protostuff.benchmarks.RuntimeSchemaBenchmark.runtime_deserialize_1_int_field#---3,Rocket
protostuff__protostuff#io.protostuff.benchmarks.RuntimeSchemaBenchmark.runtime_deserialize_1_int_field#---4,OSCNN
protostuff__protostuff#io.protostuff.benchmarks.RuntimeSchemaBenchmark.runtime_deserialize_1_int_field#---5,Rocket
protostuff__protostuff#io.protostuff.benchmarks.RuntimeSchemaBenchmark.runtime_deserialize_1_int_field#---6,Rocket
protostuff__protostuff#io.protostuff.benchmarks.RuntimeSchemaBenchmark.runtime_deserialize_1_int_field#---7,OSCNN
protostuff__protostuff#io.protostuff.benchmarks.RuntimeSchemaBenchmark.runtime_deserialize_1_int_field#---8,Rocket
protostuff__protostuff#io.protostuff.benchmarks.RuntimeSchemaBenchmark.runtime_deserialize_1_int_field#---9,OSCNN
protostuff__protostuff#io.protostuff.benchmarks.RuntimeSchemaBenchmark.runtime_serialize_10_int_fields#---0,OSCNN
protostuff__protostuff#io.protostuff.benchmarks.RuntimeSchemaBenchmark.runtime_serialize_10_int_fields#---1,OSCNN
protostuff__protostuff#io.protostuff.benchmarks.RuntimeSchemaBenchmark.runtime_serialize_10_int_fields#---2,OSCNN
protostuff__protostuff#io.protostuff.benchmarks.RuntimeSchemaBenchmark.runtime_serialize_10_int_fields#---3,OSCNN
protostuff__protostuff#io.protostuff.benchmarks.RuntimeSchemaBenchmark.runtime_serialize_10_int_fields#---4,OSCNN
protostuff__protostuff#io.protostuff.benchmarks.RuntimeSchemaBenchmark.runtime_serialize_10_int_fields#---5,FCN
protostuff__protostuff#io.protostuff.benchmarks.RuntimeSchemaBenchmark.runtime_serialize_10_int_fields#---6,FCN
protostuff__protostuff#io.protostuff.benchmarks.RuntimeSchemaBenchmark.runtime_serialize_10_int_fields#---7,Rocket
protostuff__protostuff#io.protostuff.benchmarks.RuntimeSchemaBenchmark.runtime_serialize_10_int_fields#---8,OSCNN
protostuff__protostuff#io.protostuff.benchmarks.RuntimeSchemaBenchmark.runtime_serialize_10_int_fields#---9,OSCNN
protostuff__protostuff#io.protostuff.benchmarks.RuntimeSchemaBenchmark.runtime_serialize_1_int_field#---0,Rocket
protostuff__protostuff#io.protostuff.benchmarks.RuntimeSchemaBenchmark.runtime_serialize_1_int_field#---1,Rocket
protostuff__protostuff#io.protostuff.benchmarks.RuntimeSchemaBenchmark.runtime_serialize_1_int_field#---2,Rocket
protostuff__protostuff#io.protostuff.benchmarks.RuntimeSchemaBenchmark.runtime_serialize_1_int_field#---3,Rocket
protostuff__protostuff#io.protostuff.benchmarks.RuntimeSchemaBenchmark.runtime_serialize_1_int_field#---4,Rocket
protostuff__protostuff#io.protostuff.benchmarks.RuntimeSchemaBenchmark.runtime_serialize_1_int_field#---5,Rocket
protostuff__protostuff#io.protostuff.benchmarks.RuntimeSchemaBenchmark.runtime_serialize_1_int_field#---6,Rocket
protostuff__protostuff#io.protostuff.benchmarks.RuntimeSchemaBenchmark.runtime_serialize_1_int_field#---7,Rocket
protostuff__protostuff#io.protostuff.benchmarks.RuntimeSchemaBenchmark.runtime_serialize_1_int_field#---8,Rocket
protostuff__protostuff#io.protostuff.benchmarks.RuntimeSchemaBenchmark.runtime_serialize_1_int_field#---9,Rocket
protostuff__protostuff#io.protostuff.benchmarks.RuntimeSchemaBenchmark.runtime_sparse_deserialize_10_int_field#---0,OSCNN
protostuff__protostuff#io.protostuff.benchmarks.RuntimeSchemaBenchmark.runtime_sparse_deserialize_10_int_field#---1,OSCNN
protostuff__protostuff#io.protostuff.benchmarks.RuntimeSchemaBenchmark.runtime_sparse_deserialize_10_int_field#---2,OSCNN
protostuff__protostuff#io.protostuff.benchmarks.RuntimeSchemaBenchmark.runtime_sparse_deserialize_10_int_field#---3,OSCNN
protostuff__protostuff#io.protostuff.benchmarks.RuntimeSchemaBenchmark.runtime_sparse_deserialize_10_int_field#---4,OSCNN
protostuff__protostuff#io.protostuff.benchmarks.RuntimeSchemaBenchmark.runtime_sparse_deserialize_10_int_field#---5,OSCNN
protostuff__protostuff#io.protostuff.benchmarks.RuntimeSchemaBenchmark.runtime_sparse_deserialize_10_int_field#---6,OSCNN
protostuff__protostuff#io.protostuff.benchmarks.RuntimeSchemaBenchmark.runtime_sparse_deserialize_10_int_field#---7,OSCNN
protostuff__protostuff#io.protostuff.benchmarks.RuntimeSchemaBenchmark.runtime_sparse_deserialize_10_int_field#---8,OSCNN
protostuff__protostuff#io.protostuff.benchmarks.RuntimeSchemaBenchmark.runtime_sparse_deserialize_10_int_field#---9,OSCNN
protostuff__protostuff#io.protostuff.benchmarks.RuntimeSchemaBenchmark.runtime_sparse_serialize_10_int_fields#---0,Rocket
protostuff__protostuff#io.protostuff.benchmarks.RuntimeSchemaBenchmark.runtime_sparse_serialize_10_int_fields#---1,Rocket
protostuff__protostuff#io.protostuff.benchmarks.RuntimeSchemaBenchmark.runtime_sparse_serialize_10_int_fields#---2,OSCNN
protostuff__protostuff#io.protostuff.benchmarks.RuntimeSchemaBenchmark.runtime_sparse_serialize_10_int_fields#---3,Rocket
protostuff__protostuff#io.protostuff.benchmarks.RuntimeSchemaBenchmark.runtime_sparse_serialize_10_int_fields#---4,OSCNN
protostuff__protostuff#io.protostuff.benchmarks.RuntimeSchemaBenchmark.runtime_sparse_serialize_10_int_fields#---5,Rocket
protostuff__protostuff#io.protostuff.benchmarks.RuntimeSchemaBenchmark.runtime_sparse_serialize_10_int_fields#---6,OSCNN
protostuff__protostuff#io.protostuff.benchmarks.RuntimeSchemaBenchmark.runtime_sparse_serialize_10_int_fields#---7,OSCNN
protostuff__protostuff#io.protostuff.benchmarks.RuntimeSchemaBenchmark.runtime_sparse_serialize_10_int_fields#---8,Rocket
protostuff__protostuff#io.protostuff.benchmarks.RuntimeSchemaBenchmark.runtime_sparse_serialize_10_int_fields#---9,OSCNN
protostuff__protostuff#io.protostuff.benchmarks.RuntimeSchemaBenchmark.runtime_sparse_serialize_1_int_field#---0,Rocket
protostuff__protostuff#io.protostuff.benchmarks.RuntimeSchemaBenchmark.runtime_sparse_serialize_1_int_field#---1,Rocket
protostuff__protostuff#io.protostuff.benchmarks.RuntimeSchemaBenchmark.runtime_sparse_serialize_1_int_field#---2,Rocket
protostuff__protostuff#io.protostuff.benchmarks.RuntimeSchemaBenchmark.runtime_sparse_serialize_1_int_field#---3,Rocket
protostuff__protostuff#io.protostuff.benchmarks.RuntimeSchemaBenchmark.runtime_sparse_serialize_1_int_field#---4,OSCNN
protostuff__protostuff#io.protostuff.benchmarks.RuntimeSchemaBenchmark.runtime_sparse_serialize_1_int_field#---5,Rocket
protostuff__protostuff#io.protostuff.benchmarks.RuntimeSchemaBenchmark.runtime_sparse_serialize_1_int_field#---6,Rocket
protostuff__protostuff#io.protostuff.benchmarks.RuntimeSchemaBenchmark.runtime_sparse_serialize_1_int_field#---7,Rocket
protostuff__protostuff#io.protostuff.benchmarks.RuntimeSchemaBenchmark.runtime_sparse_serialize_1_int_field#---8,Rocket
protostuff__protostuff#io.protostuff.benchmarks.RuntimeSchemaBenchmark.runtime_sparse_serialize_1_int_field#---9,OSCNN
protostuff__protostuff#io.protostuff.benchmarks.StringSerializerBenchmark.bufferedRecycledSerializer#stringLength=1---0,OSCNN
protostuff__protostuff#io.protostuff.benchmarks.StringSerializerBenchmark.bufferedRecycledSerializer#stringLength=1---1,OSCNN
protostuff__protostuff#io.protostuff.benchmarks.StringSerializerBenchmark.bufferedRecycledSerializer#stringLength=1---2,OSCNN
protostuff__protostuff#io.protostuff.benchmarks.StringSerializerBenchmark.bufferedRecycledSerializer#stringLength=1---3,OSCNN
protostuff__protostuff#io.protostuff.benchmarks.StringSerializerBenchmark.bufferedRecycledSerializer#stringLength=1---5,FCN
protostuff__protostuff#io.protostuff.benchmarks.StringSerializerBenchmark.bufferedRecycledSerializer#stringLength=1---6,FCN
protostuff__protostuff#io.protostuff.benchmarks.StringSerializerBenchmark.bufferedRecycledSerializer#stringLength=1---7,OSCNN
protostuff__protostuff#io.protostuff.benchmarks.StringSerializerBenchmark.bufferedRecycledSerializer#stringLength=1---8,OSCNN
protostuff__protostuff#io.protostuff.benchmarks.StringSerializerBenchmark.bufferedRecycledSerializer#stringLength=1---9,FCN
protostuff__protostuff#io.protostuff.benchmarks.StringSerializerBenchmark.bufferedRecycledSerializer#stringLength=10---0,OSCNN
protostuff__protostuff#io.protostuff.benchmarks.StringSerializerBenchmark.bufferedRecycledSerializer#stringLength=10---1,Rocket
protostuff__protostuff#io.protostuff.benchmarks.StringSerializerBenchmark.bufferedRecycledSerializer#stringLength=10---2,OSCNN
protostuff__protostuff#io.protostuff.benchmarks.StringSerializerBenchmark.bufferedRecycledSerializer#stringLength=10---3,OSCNN
protostuff__protostuff#io.protostuff.benchmarks.StringSerializerBenchmark.bufferedRecycledSerializer#stringLength=10---4,OSCNN
protostuff__protostuff#io.protostuff.benchmarks.StringSerializerBenchmark.bufferedRecycledSerializer#stringLength=10---5,OSCNN
protostuff__protostuff#io.protostuff.benchmarks.StringSerializerBenchmark.bufferedRecycledSerializer#stringLength=10---6,Rocket
protostuff__protostuff#io.protostuff.benchmarks.StringSerializerBenchmark.bufferedRecycledSerializer#stringLength=10---7,Rocket
protostuff__protostuff#io.protostuff.benchmarks.StringSerializerBenchmark.bufferedRecycledSerializer#stringLength=10---8,OSCNN
protostuff__protostuff#io.protostuff.benchmarks.StringSerializerBenchmark.bufferedRecycledSerializer#stringLength=10---9,OSCNN
protostuff__protostuff#io.protostuff.benchmarks.StringSerializerBenchmark.bufferedRecycledSerializer#stringLength=1000---0,OSCNN
protostuff__protostuff#io.protostuff.benchmarks.StringSerializerBenchmark.bufferedRecycledSerializer#stringLength=1000---1,OSCNN
protostuff__protostuff#io.protostuff.benchmarks.StringSerializerBenchmark.bufferedRecycledSerializer#stringLength=1000---2,OSCNN
protostuff__protostuff#io.protostuff.benchmarks.StringSerializerBenchmark.bufferedRecycledSerializer#stringLength=1000---3,OSCNN
protostuff__protostuff#io.protostuff.benchmarks.StringSerializerBenchmark.bufferedRecycledSerializer#stringLength=1000---5,OSCNN
protostuff__protostuff#io.protostuff.benchmarks.StringSerializerBenchmark.bufferedRecycledSerializer#stringLength=1000---6,OSCNN
protostuff__protostuff#io.protostuff.benchmarks.StringSerializerBenchmark.bufferedRecycledSerializer#stringLength=1000---7,OSCNN
protostuff__protostuff#io.protostuff.benchmarks.StringSerializerBenchmark.bufferedRecycledSerializer#stringLength=1000---8,OSCNN
protostuff__protostuff#io.protostuff.benchmarks.StringSerializerBenchmark.bufferedRecycledSerializer#stringLength=1000---9,Rocket
protostuff__protostuff#io.protostuff.benchmarks.StringSerializerBenchmark.bufferedRecycledSerializer#stringLength=10000---1,OSCNN
protostuff__protostuff#io.protostuff.benchmarks.StringSerializerBenchmark.bufferedRecycledSerializer#stringLength=10000---2,OSCNN
protostuff__protostuff#io.protostuff.benchmarks.StringSerializerBenchmark.bufferedRecycledSerializer#stringLength=10000---3,OSCNN
protostuff__protostuff#io.protostuff.benchmarks.StringSerializerBenchmark.bufferedRecycledSerializer#stringLength=10000---5,OSCNN
protostuff__protostuff#io.protostuff.benchmarks.StringSerializerBenchmark.bufferedRecycledSerializer#stringLength=10000---6,OSCNN
protostuff__protostuff#io.protostuff.benchmarks.StringSerializerBenchmark.bufferedRecycledSerializer#stringLength=10000---7,OSCNN
protostuff__protostuff#io.protostuff.benchmarks.StringSerializerBenchmark.bufferedRecycledSerializer#stringLength=10000---8,OSCNN
protostuff__protostuff#io.protostuff.benchmarks.StringSerializerBenchmark.bufferedRecycledSerializer#stringLength=10000---9,OSCNN
protostuff__protostuff#io.protostuff.benchmarks.StringSerializerBenchmark.bufferedSerializer#stringLength=1---0,Rocket
protostuff__protostuff#io.protostuff.benchmarks.StringSerializerBenchmark.bufferedSerializer#stringLength=1---1,OSCNN
protostuff__protostuff#io.protostuff.benchmarks.StringSerializerBenchmark.bufferedSerializer#stringLength=1---2,OSCNN
protostuff__protostuff#io.protostuff.benchmarks.StringSerializerBenchmark.bufferedSerializer#stringLength=1---3,OSCNN
protostuff__protostuff#io.protostuff.benchmarks.StringSerializerBenchmark.bufferedSerializer#stringLength=1---4,OSCNN
protostuff__protostuff#io.protostuff.benchmarks.StringSerializerBenchmark.bufferedSerializer#stringLength=1---5,Rocket
protostuff__protostuff#io.protostuff.benchmarks.StringSerializerBenchmark.bufferedSerializer#stringLength=1---6,OSCNN
protostuff__protostuff#io.protostuff.benchmarks.StringSerializerBenchmark.bufferedSerializer#stringLength=1---7,OSCNN
protostuff__protostuff#io.protostuff.benchmarks.StringSerializerBenchmark.bufferedSerializer#stringLength=1---8,OSCNN
protostuff__protostuff#io.protostuff.benchmarks.StringSerializerBenchmark.bufferedSerializer#stringLength=1---9,OSCNN
protostuff__protostuff#io.protostuff.benchmarks.StringSerializerBenchmark.bufferedSerializer#stringLength=100---0,OSCNN
protostuff__protostuff#io.protostuff.benchmarks.StringSerializerBenchmark.bufferedSerializer#stringLength=100---2,OSCNN
protostuff__protostuff#io.protostuff.benchmarks.StringSerializerBenchmark.bufferedSerializer#stringLength=100---3,OSCNN
protostuff__protostuff#io.protostuff.benchmarks.StringSerializerBenchmark.bufferedSerializer#stringLength=100---5,OSCNN
protostuff__protostuff#io.protostuff.benchmarks.StringSerializerBenchmark.bufferedSerializer#stringLength=100---7,OSCNN
protostuff__protostuff#io.protostuff.benchmarks.StringSerializerBenchmark.bufferedSerializer#stringLength=100---8,OSCNN
protostuff__protostuff#io.protostuff.benchmarks.StringSerializerBenchmark.bufferedSerializer#stringLength=100---9,OSCNN
protostuff__protostuff#io.protostuff.benchmarks.StringSerializerBenchmark.bufferedSerializer#stringLength=1000---0,OSCNN
protostuff__protostuff#io.protostuff.benchmarks.StringSerializerBenchmark.bufferedSerializer#stringLength=1000---1,OSCNN
protostuff__protostuff#io.protostuff.benchmarks.StringSerializerBenchmark.bufferedSerializer#stringLength=1000---2,OSCNN
protostuff__protostuff#io.protostuff.benchmarks.StringSerializerBenchmark.bufferedSerializer#stringLength=1000---3,OSCNN
protostuff__protostuff#io.protostuff.benchmarks.StringSerializerBenchmark.bufferedSerializer#stringLength=1000---4,OSCNN
protostuff__protostuff#io.protostuff.benchmarks.StringSerializerBenchmark.bufferedSerializer#stringLength=1000---5,OSCNN
protostuff__protostuff#io.protostuff.benchmarks.StringSerializerBenchmark.bufferedSerializer#stringLength=1000---6,OSCNN
protostuff__protostuff#io.protostuff.benchmarks.StringSerializerBenchmark.bufferedSerializer#stringLength=1000---7,OSCNN
protostuff__protostuff#io.protostuff.benchmarks.StringSerializerBenchmark.bufferedSerializer#stringLength=1000---8,Rocket
protostuff__protostuff#io.protostuff.benchmarks.StringSerializerBenchmark.bufferedSerializer#stringLength=1000---9,OSCNN
protostuff__protostuff#io.protostuff.benchmarks.StringSerializerBenchmark.bufferedSerializer#stringLength=10000---0,OSCNN
protostuff__protostuff#io.protostuff.benchmarks.StringSerializerBenchmark.bufferedSerializer#stringLength=10000---1,OSCNN
protostuff__protostuff#io.protostuff.benchmarks.StringSerializerBenchmark.bufferedSerializer#stringLength=10000---2,OSCNN
protostuff__protostuff#io.protostuff.benchmarks.StringSerializerBenchmark.bufferedSerializer#stringLength=10000---3,OSCNN
protostuff__protostuff#io.protostuff.benchmarks.StringSerializerBenchmark.bufferedSerializer#stringLength=10000---4,OSCNN
protostuff__protostuff#io.protostuff.benchmarks.StringSerializerBenchmark.bufferedSerializer#stringLength=10000---6,OSCNN
protostuff__protostuff#io.protostuff.benchmarks.StringSerializerBenchmark.bufferedSerializer#stringLength=10000---9,OSCNN
protostuff__protostuff#io.protostuff.benchmarks.StringSerializerBenchmark.bufferedSerializer#stringLength=100000---0,OSCNN
protostuff__protostuff#io.protostuff.benchmarks.StringSerializerBenchmark.bufferedSerializer#stringLength=100000---3,OSCNN
protostuff__protostuff#io.protostuff.benchmarks.StringSerializerBenchmark.bufferedSerializer#stringLength=100000---5,OSCNN
protostuff__protostuff#io.protostuff.benchmarks.StringSerializerBenchmark.bufferedSerializer#stringLength=100000---6,OSCNN
protostuff__protostuff#io.protostuff.benchmarks.StringSerializerBenchmark.bufferedSerializer#stringLength=100000---7,OSCNN
protostuff__protostuff#io.protostuff.benchmarks.StringSerializerBenchmark.bufferedSerializer#stringLength=100000---8,OSCNN
protostuff__protostuff#io.protostuff.benchmarks.StringSerializerBenchmark.bufferedSerializer#stringLength=100000---9,OSCNN
protostuff__protostuff#io.protostuff.benchmarks.StringSerializerBenchmark.builtInSerializer#stringLength=1000---0,OSCNN
protostuff__protostuff#io.protostuff.benchmarks.StringSerializerBenchmark.builtInSerializer#stringLength=1000---1,OSCNN
protostuff__protostuff#io.protostuff.benchmarks.StringSerializerBenchmark.builtInSerializer#stringLength=1000---3,OSCNN
protostuff__protostuff#io.protostuff.benchmarks.StringSerializerBenchmark.builtInSerializer#stringLength=1000---4,OSCNN
protostuff__protostuff#io.protostuff.benchmarks.StringSerializerBenchmark.builtInSerializer#stringLength=1000---5,OSCNN
protostuff__protostuff#io.protostuff.benchmarks.StringSerializerBenchmark.builtInSerializer#stringLength=1000---6,OSCNN
protostuff__protostuff#io.protostuff.benchmarks.StringSerializerBenchmark.builtInSerializer#stringLength=1000---7,OSCNN
protostuff__protostuff#io.protostuff.benchmarks.StringSerializerBenchmark.builtInSerializer#stringLength=1000---8,OSCNN
protostuff__protostuff#io.protostuff.benchmarks.StringSerializerBenchmark.builtInSerializer#stringLength=1000---9,OSCNN
protostuff__protostuff#io.protostuff.benchmarks.StringSerializerBenchmark.builtInSerializer#stringLength=100000---0,OSCNN
protostuff__protostuff#io.protostuff.benchmarks.StringSerializerBenchmark.builtInSerializer#stringLength=100000---1,OSCNN
protostuff__protostuff#io.protostuff.benchmarks.StringSerializerBenchmark.builtInSerializer#stringLength=100000---2,OSCNN
protostuff__protostuff#io.protostuff.benchmarks.StringSerializerBenchmark.builtInSerializer#stringLength=100000---3,OSCNN
protostuff__protostuff#io.protostuff.benchmarks.StringSerializerBenchmark.builtInSerializer#stringLength=100000---4,OSCNN
protostuff__protostuff#io.protostuff.benchmarks.StringSerializerBenchmark.builtInSerializer#stringLength=100000---5,OSCNN
protostuff__protostuff#io.protostuff.benchmarks.StringSerializerBenchmark.builtInSerializer#stringLength=100000---8,OSCNN
protostuff__protostuff#io.protostuff.benchmarks.StringSerializerBenchmark.builtInSerializer#stringLength=100000---9,OSCNN
r2dbc__r2dbc-h2#io.r2dbc.h2.StagedResultSizeBenchmarks.parametrizedR2dbc#resultSize=1---0,OSCNN
r2dbc__r2dbc-h2#io.r2dbc.h2.StagedResultSizeBenchmarks.parametrizedR2dbc#resultSize=1---2,OSCNN
r2dbc__r2dbc-h2#io.r2dbc.h2.StagedResultSizeBenchmarks.parametrizedR2dbc#resultSize=1---3,OSCNN
r2dbc__r2dbc-h2#io.r2dbc.h2.StagedResultSizeBenchmarks.parametrizedR2dbc#resultSize=1---4,OSCNN
r2dbc__r2dbc-h2#io.r2dbc.h2.StagedResultSizeBenchmarks.parametrizedR2dbc#resultSize=1---5,OSCNN
r2dbc__r2dbc-h2#io.r2dbc.h2.StagedResultSizeBenchmarks.parametrizedR2dbc#resultSize=1---6,OSCNN
r2dbc__r2dbc-h2#io.r2dbc.h2.StagedResultSizeBenchmarks.parametrizedR2dbc#resultSize=1---7,OSCNN
r2dbc__r2dbc-h2#io.r2dbc.h2.StagedResultSizeBenchmarks.parametrizedR2dbc#resultSize=1---8,OSCNN
r2dbc__r2dbc-h2#io.r2dbc.h2.StagedResultSizeBenchmarks.parametrizedR2dbc#resultSize=1---9,OSCNN
r2dbc__r2dbc-h2#io.r2dbc.h2.StagedResultSizeBenchmarks.parametrizedR2dbc#resultSize=10---0,OSCNN
r2dbc__r2dbc-h2#io.r2dbc.h2.StagedResultSizeBenchmarks.parametrizedR2dbc#resultSize=10---1,OSCNN
r2dbc__r2dbc-h2#io.r2dbc.h2.StagedResultSizeBenchmarks.parametrizedR2dbc#resultSize=10---2,OSCNN
r2dbc__r2dbc-h2#io.r2dbc.h2.StagedResultSizeBenchmarks.parametrizedR2dbc#resultSize=10---3,OSCNN
r2dbc__r2dbc-h2#io.r2dbc.h2.StagedResultSizeBenchmarks.parametrizedR2dbc#resultSize=10---4,OSCNN
r2dbc__r2dbc-h2#io.r2dbc.h2.StagedResultSizeBenchmarks.parametrizedR2dbc#resultSize=10---5,OSCNN
r2dbc__r2dbc-h2#io.r2dbc.h2.StagedResultSizeBenchmarks.parametrizedR2dbc#resultSize=10---6,OSCNN
r2dbc__r2dbc-h2#io.r2dbc.h2.StagedResultSizeBenchmarks.parametrizedR2dbc#resultSize=10---7,OSCNN
r2dbc__r2dbc-h2#io.r2dbc.h2.StagedResultSizeBenchmarks.parametrizedR2dbc#resultSize=10---8,OSCNN
r2dbc__r2dbc-h2#io.r2dbc.h2.StagedResultSizeBenchmarks.parametrizedR2dbc#resultSize=10---9,OSCNN
r2dbc__r2dbc-h2#io.r2dbc.h2.StagedResultSizeBenchmarks.parametrizedR2dbc#resultSize=100---0,OSCNN
r2dbc__r2dbc-h2#io.r2dbc.h2.StagedResultSizeBenchmarks.parametrizedR2dbc#resultSize=100---1,OSCNN
r2dbc__r2dbc-h2#io.r2dbc.h2.StagedResultSizeBenchmarks.parametrizedR2dbc#resultSize=100---2,OSCNN
r2dbc__r2dbc-h2#io.r2dbc.h2.StagedResultSizeBenchmarks.parametrizedR2dbc#resultSize=100---3,OSCNN
r2dbc__r2dbc-h2#io.r2dbc.h2.StagedResultSizeBenchmarks.parametrizedR2dbc#resultSize=100---4,OSCNN
r2dbc__r2dbc-h2#io.r2dbc.h2.StagedResultSizeBenchmarks.parametrizedR2dbc#resultSize=100---5,OSCNN
r2dbc__r2dbc-h2#io.r2dbc.h2.StagedResultSizeBenchmarks.parametrizedR2dbc#resultSize=100---6,OSCNN
r2dbc__r2dbc-h2#io.r2dbc.h2.StagedResultSizeBenchmarks.parametrizedR2dbc#resultSize=100---7,OSCNN
r2dbc__r2dbc-h2#io.r2dbc.h2.StagedResultSizeBenchmarks.parametrizedR2dbc#resultSize=100---8,OSCNN
r2dbc__r2dbc-h2#io.r2dbc.h2.StagedResultSizeBenchmarks.parametrizedR2dbc#resultSize=100---9,OSCNN
r2dbc__r2dbc-h2#io.r2dbc.h2.StagedResultSizeBenchmarks.parametrizedR2dbc#resultSize=200---0,OSCNN
r2dbc__r2dbc-h2#io.r2dbc.h2.StagedResultSizeBenchmarks.parametrizedR2dbc#resultSize=200---1,OSCNN
r2dbc__r2dbc-h2#io.r2dbc.h2.StagedResultSizeBenchmarks.parametrizedR2dbc#resultSize=200---2,OSCNN
r2dbc__r2dbc-h2#io.r2dbc.h2.StagedResultSizeBenchmarks.parametrizedR2dbc#resultSize=200---3,Rocket
r2dbc__r2dbc-h2#io.r2dbc.h2.StagedResultSizeBenchmarks.parametrizedR2dbc#resultSize=200---4,OSCNN
r2dbc__r2dbc-h2#io.r2dbc.h2.StagedResultSizeBenchmarks.parametrizedR2dbc#resultSize=200---5,OSCNN
r2dbc__r2dbc-h2#io.r2dbc.h2.StagedResultSizeBenchmarks.parametrizedR2dbc#resultSize=200---6,Rocket
r2dbc__r2dbc-h2#io.r2dbc.h2.StagedResultSizeBenchmarks.parametrizedR2dbc#resultSize=200---7,OSCNN
r2dbc__r2dbc-h2#io.r2dbc.h2.StagedResultSizeBenchmarks.parametrizedR2dbc#resultSize=200---8,OSCNN
r2dbc__r2dbc-h2#io.r2dbc.h2.StagedResultSizeBenchmarks.parametrizedR2dbc#resultSize=200---9,OSCNN
r2dbc__r2dbc-h2#io.r2dbc.h2.StagedResultSizeBenchmarks.preparedJdbc#resultSize=1---0,OSCNN
r2dbc__r2dbc-h2#io.r2dbc.h2.StagedResultSizeBenchmarks.preparedJdbc#resultSize=1---1,OSCNN
r2dbc__r2dbc-h2#io.r2dbc.h2.StagedResultSizeBenchmarks.preparedJdbc#resultSize=1---2,OSCNN
r2dbc__r2dbc-h2#io.r2dbc.h2.StagedResultSizeBenchmarks.preparedJdbc#resultSize=1---3,OSCNN
r2dbc__r2dbc-h2#io.r2dbc.h2.StagedResultSizeBenchmarks.preparedJdbc#resultSize=1---4,OSCNN
r2dbc__r2dbc-h2#io.r2dbc.h2.StagedResultSizeBenchmarks.preparedJdbc#resultSize=1---5,OSCNN
r2dbc__r2dbc-h2#io.r2dbc.h2.StagedResultSizeBenchmarks.preparedJdbc#resultSize=1---6,OSCNN
r2dbc__r2dbc-h2#io.r2dbc.h2.StagedResultSizeBenchmarks.preparedJdbc#resultSize=1---7,OSCNN
r2dbc__r2dbc-h2#io.r2dbc.h2.StagedResultSizeBenchmarks.preparedJdbc#resultSize=1---8,OSCNN
r2dbc__r2dbc-h2#io.r2dbc.h2.StagedResultSizeBenchmarks.preparedJdbc#resultSize=1---9,OSCNN
r2dbc__r2dbc-h2#io.r2dbc.h2.StagedResultSizeBenchmarks.preparedJdbc#resultSize=10---0,OSCNN
r2dbc__r2dbc-h2#io.r2dbc.h2.StagedResultSizeBenchmarks.preparedJdbc#resultSize=10---2,Rocket
r2dbc__r2dbc-h2#io.r2dbc.h2.StagedResultSizeBenchmarks.preparedJdbc#resultSize=10---3,OSCNN
r2dbc__r2dbc-h2#io.r2dbc.h2.StagedResultSizeBenchmarks.preparedJdbc#resultSize=10---4,OSCNN
r2dbc__r2dbc-h2#io.r2dbc.h2.StagedResultSizeBenchmarks.preparedJdbc#resultSize=10---5,OSCNN
r2dbc__r2dbc-h2#io.r2dbc.h2.StagedResultSizeBenchmarks.preparedJdbc#resultSize=10---6,OSCNN
r2dbc__r2dbc-h2#io.r2dbc.h2.StagedResultSizeBenchmarks.preparedJdbc#resultSize=10---7,OSCNN
r2dbc__r2dbc-h2#io.r2dbc.h2.StagedResultSizeBenchmarks.preparedJdbc#resultSize=10---8,OSCNN
r2dbc__r2dbc-h2#io.r2dbc.h2.StagedResultSizeBenchmarks.preparedJdbc#resultSize=10---9,OSCNN
r2dbc__r2dbc-h2#io.r2dbc.h2.StagedResultSizeBenchmarks.preparedJdbc#resultSize=100---0,OSCNN
r2dbc__r2dbc-h2#io.r2dbc.h2.StagedResultSizeBenchmarks.preparedJdbc#resultSize=100---1,OSCNN
r2dbc__r2dbc-h2#io.r2dbc.h2.StagedResultSizeBenchmarks.preparedJdbc#resultSize=100---2,OSCNN
r2dbc__r2dbc-h2#io.r2dbc.h2.StagedResultSizeBenchmarks.preparedJdbc#resultSize=100---3,OSCNN
r2dbc__r2dbc-h2#io.r2dbc.h2.StagedResultSizeBenchmarks.preparedJdbc#resultSize=100---4,OSCNN
r2dbc__r2dbc-h2#io.r2dbc.h2.StagedResultSizeBenchmarks.preparedJdbc#resultSize=100---5,OSCNN
r2dbc__r2dbc-h2#io.r2dbc.h2.StagedResultSizeBenchmarks.preparedJdbc#resultSize=100---6,OSCNN
r2dbc__r2dbc-h2#io.r2dbc.h2.StagedResultSizeBenchmarks.preparedJdbc#resultSize=100---7,OSCNN
r2dbc__r2dbc-h2#io.r2dbc.h2.StagedResultSizeBenchmarks.preparedJdbc#resultSize=100---8,OSCNN
r2dbc__r2dbc-h2#io.r2dbc.h2.StagedResultSizeBenchmarks.preparedJdbc#resultSize=100---9,OSCNN
r2dbc__r2dbc-h2#io.r2dbc.h2.StagedResultSizeBenchmarks.preparedJdbc#resultSize=200---0,OSCNN
r2dbc__r2dbc-h2#io.r2dbc.h2.StagedResultSizeBenchmarks.preparedJdbc#resultSize=200---1,OSCNN
r2dbc__r2dbc-h2#io.r2dbc.h2.StagedResultSizeBenchmarks.preparedJdbc#resultSize=200---2,OSCNN
r2dbc__r2dbc-h2#io.r2dbc.h2.StagedResultSizeBenchmarks.preparedJdbc#resultSize=200---3,OSCNN
r2dbc__r2dbc-h2#io.r2dbc.h2.StagedResultSizeBenchmarks.preparedJdbc#resultSize=200---4,OSCNN
r2dbc__r2dbc-h2#io.r2dbc.h2.StagedResultSizeBenchmarks.preparedJdbc#resultSize=200---5,OSCNN
r2dbc__r2dbc-h2#io.r2dbc.h2.StagedResultSizeBenchmarks.preparedJdbc#resultSize=200---6,OSCNN
r2dbc__r2dbc-h2#io.r2dbc.h2.StagedResultSizeBenchmarks.preparedJdbc#resultSize=200---7,OSCNN
r2dbc__r2dbc-h2#io.r2dbc.h2.StagedResultSizeBenchmarks.preparedJdbc#resultSize=200---8,OSCNN
r2dbc__r2dbc-h2#io.r2dbc.h2.StagedResultSizeBenchmarks.preparedJdbc#resultSize=200---9,OSCNN
r2dbc__r2dbc-h2#io.r2dbc.h2.StagedResultSizeBenchmarks.simpleJdbc#resultSize=1---0,OSCNN
r2dbc__r2dbc-h2#io.r2dbc.h2.StagedResultSizeBenchmarks.simpleJdbc#resultSize=1---1,OSCNN
r2dbc__r2dbc-h2#io.r2dbc.h2.StagedResultSizeBenchmarks.simpleJdbc#resultSize=1---2,OSCNN
r2dbc__r2dbc-h2#io.r2dbc.h2.StagedResultSizeBenchmarks.simpleJdbc#resultSize=1---3,OSCNN
r2dbc__r2dbc-h2#io.r2dbc.h2.StagedResultSizeBenchmarks.simpleJdbc#resultSize=1---4,OSCNN
r2dbc__r2dbc-h2#io.r2dbc.h2.StagedResultSizeBenchmarks.simpleJdbc#resultSize=1---5,OSCNN
r2dbc__r2dbc-h2#io.r2dbc.h2.StagedResultSizeBenchmarks.simpleJdbc#resultSize=1---7,OSCNN
r2dbc__r2dbc-h2#io.r2dbc.h2.StagedResultSizeBenchmarks.simpleJdbc#resultSize=1---8,OSCNN
r2dbc__r2dbc-h2#io.r2dbc.h2.StagedResultSizeBenchmarks.simpleJdbc#resultSize=1---9,OSCNN
r2dbc__r2dbc-h2#io.r2dbc.h2.StagedResultSizeBenchmarks.simpleJdbc#resultSize=10---0,OSCNN
r2dbc__r2dbc-h2#io.r2dbc.h2.StagedResultSizeBenchmarks.simpleJdbc#resultSize=10---2,OSCNN
r2dbc__r2dbc-h2#io.r2dbc.h2.StagedResultSizeBenchmarks.simpleJdbc#resultSize=10---3,OSCNN
r2dbc__r2dbc-h2#io.r2dbc.h2.StagedResultSizeBenchmarks.simpleJdbc#resultSize=10---4,OSCNN
r2dbc__r2dbc-h2#io.r2dbc.h2.StagedResultSizeBenchmarks.simpleJdbc#resultSize=10---5,OSCNN
r2dbc__r2dbc-h2#io.r2dbc.h2.StagedResultSizeBenchmarks.simpleJdbc#resultSize=10---6,OSCNN
r2dbc__r2dbc-h2#io.r2dbc.h2.StagedResultSizeBenchmarks.simpleJdbc#resultSize=10---7,OSCNN
r2dbc__r2dbc-h2#io.r2dbc.h2.StagedResultSizeBenchmarks.simpleJdbc#resultSize=10---8,OSCNN
r2dbc__r2dbc-h2#io.r2dbc.h2.StagedResultSizeBenchmarks.simpleJdbc#resultSize=10---9,OSCNN
r2dbc__r2dbc-h2#io.r2dbc.h2.StagedResultSizeBenchmarks.simpleJdbc#resultSize=100---0,Rocket
r2dbc__r2dbc-h2#io.r2dbc.h2.StagedResultSizeBenchmarks.simpleJdbc#resultSize=100---1,OSCNN
r2dbc__r2dbc-h2#io.r2dbc.h2.StagedResultSizeBenchmarks.simpleJdbc#resultSize=100---2,OSCNN
r2dbc__r2dbc-h2#io.r2dbc.h2.StagedResultSizeBenchmarks.simpleJdbc#resultSize=100---3,OSCNN
r2dbc__r2dbc-h2#io.r2dbc.h2.StagedResultSizeBenchmarks.simpleJdbc#resultSize=100---4,OSCNN
r2dbc__r2dbc-h2#io.r2dbc.h2.StagedResultSizeBenchmarks.simpleJdbc#resultSize=100---5,OSCNN
r2dbc__r2dbc-h2#io.r2dbc.h2.StagedResultSizeBenchmarks.simpleJdbc#resultSize=100---6,OSCNN
r2dbc__r2dbc-h2#io.r2dbc.h2.StagedResultSizeBenchmarks.simpleJdbc#resultSize=100---7,Rocket
r2dbc__r2dbc-h2#io.r2dbc.h2.StagedResultSizeBenchmarks.simpleJdbc#resultSize=100---8,OSCNN
r2dbc__r2dbc-h2#io.r2dbc.h2.StagedResultSizeBenchmarks.simpleJdbc#resultSize=100---9,OSCNN
r2dbc__r2dbc-h2#io.r2dbc.h2.StagedResultSizeBenchmarks.simpleJdbc#resultSize=200---0,OSCNN
r2dbc__r2dbc-h2#io.r2dbc.h2.StagedResultSizeBenchmarks.simpleJdbc#resultSize=200---1,OSCNN
r2dbc__r2dbc-h2#io.r2dbc.h2.StagedResultSizeBenchmarks.simpleJdbc#resultSize=200---2,OSCNN
r2dbc__r2dbc-h2#io.r2dbc.h2.StagedResultSizeBenchmarks.simpleJdbc#resultSize=200---3,OSCNN
r2dbc__r2dbc-h2#io.r2dbc.h2.StagedResultSizeBenchmarks.simpleJdbc#resultSize=200---4,OSCNN
r2dbc__r2dbc-h2#io.r2dbc.h2.StagedResultSizeBenchmarks.simpleJdbc#resultSize=200---5,OSCNN
r2dbc__r2dbc-h2#io.r2dbc.h2.StagedResultSizeBenchmarks.simpleJdbc#resultSize=200---6,OSCNN
r2dbc__r2dbc-h2#io.r2dbc.h2.StagedResultSizeBenchmarks.simpleJdbc#resultSize=200---7,OSCNN
r2dbc__r2dbc-h2#io.r2dbc.h2.StagedResultSizeBenchmarks.simpleJdbc#resultSize=200---8,OSCNN
r2dbc__r2dbc-h2#io.r2dbc.h2.StagedResultSizeBenchmarks.simpleJdbc#resultSize=200---9,OSCNN
r2dbc__r2dbc-h2#io.r2dbc.h2.StagedResultSizeBenchmarks.simpleR2dbc#resultSize=1---0,OSCNN
r2dbc__r2dbc-h2#io.r2dbc.h2.StagedResultSizeBenchmarks.simpleR2dbc#resultSize=1---1,OSCNN
r2dbc__r2dbc-h2#io.r2dbc.h2.StagedResultSizeBenchmarks.simpleR2dbc#resultSize=1---2,OSCNN
r2dbc__r2dbc-h2#io.r2dbc.h2.StagedResultSizeBenchmarks.simpleR2dbc#resultSize=1---3,OSCNN
r2dbc__r2dbc-h2#io.r2dbc.h2.StagedResultSizeBenchmarks.simpleR2dbc#resultSize=1---4,OSCNN
r2dbc__r2dbc-h2#io.r2dbc.h2.StagedResultSizeBenchmarks.simpleR2dbc#resultSize=1---5,OSCNN
r2dbc__r2dbc-h2#io.r2dbc.h2.StagedResultSizeBenchmarks.simpleR2dbc#resultSize=1---6,OSCNN
r2dbc__r2dbc-h2#io.r2dbc.h2.StagedResultSizeBenchmarks.simpleR2dbc#resultSize=1---7,OSCNN
r2dbc__r2dbc-h2#io.r2dbc.h2.StagedResultSizeBenchmarks.simpleR2dbc#resultSize=1---8,OSCNN
r2dbc__r2dbc-h2#io.r2dbc.h2.StagedResultSizeBenchmarks.simpleR2dbc#resultSize=1---9,OSCNN
r2dbc__r2dbc-h2#io.r2dbc.h2.StagedResultSizeBenchmarks.simpleR2dbc#resultSize=10---0,OSCNN
r2dbc__r2dbc-h2#io.r2dbc.h2.StagedResultSizeBenchmarks.simpleR2dbc#resultSize=10---1,OSCNN
r2dbc__r2dbc-h2#io.r2dbc.h2.StagedResultSizeBenchmarks.simpleR2dbc#resultSize=10---2,OSCNN
r2dbc__r2dbc-h2#io.r2dbc.h2.StagedResultSizeBenchmarks.simpleR2dbc#resultSize=10---3,OSCNN
r2dbc__r2dbc-h2#io.r2dbc.h2.StagedResultSizeBenchmarks.simpleR2dbc#resultSize=10---4,OSCNN
r2dbc__r2dbc-h2#io.r2dbc.h2.StagedResultSizeBenchmarks.simpleR2dbc#resultSize=10---5,OSCNN
r2dbc__r2dbc-h2#io.r2dbc.h2.StagedResultSizeBenchmarks.simpleR2dbc#resultSize=10---6,OSCNN
r2dbc__r2dbc-h2#io.r2dbc.h2.StagedResultSizeBenchmarks.simpleR2dbc#resultSize=10---7,OSCNN
r2dbc__r2dbc-h2#io.r2dbc.h2.StagedResultSizeBenchmarks.simpleR2dbc#resultSize=10---8,OSCNN
r2dbc__r2dbc-h2#io.r2dbc.h2.StagedResultSizeBenchmarks.simpleR2dbc#resultSize=10---9,OSCNN
r2dbc__r2dbc-h2#io.r2dbc.h2.StagedResultSizeBenchmarks.simpleR2dbc#resultSize=100---0,OSCNN
r2dbc__r2dbc-h2#io.r2dbc.h2.StagedResultSizeBenchmarks.simpleR2dbc#resultSize=100---1,OSCNN
r2dbc__r2dbc-h2#io.r2dbc.h2.StagedResultSizeBenchmarks.simpleR2dbc#resultSize=100---2,OSCNN
r2dbc__r2dbc-h2#io.r2dbc.h2.StagedResultSizeBenchmarks.simpleR2dbc#resultSize=100---3,OSCNN
r2dbc__r2dbc-h2#io.r2dbc.h2.StagedResultSizeBenchmarks.simpleR2dbc#resultSize=100---4,OSCNN
r2dbc__r2dbc-h2#io.r2dbc.h2.StagedResultSizeBenchmarks.simpleR2dbc#resultSize=100---5,OSCNN
r2dbc__r2dbc-h2#io.r2dbc.h2.StagedResultSizeBenchmarks.simpleR2dbc#resultSize=100---6,OSCNN
r2dbc__r2dbc-h2#io.r2dbc.h2.StagedResultSizeBenchmarks.simpleR2dbc#resultSize=100---7,OSCNN
r2dbc__r2dbc-h2#io.r2dbc.h2.StagedResultSizeBenchmarks.simpleR2dbc#resultSize=100---8,OSCNN
r2dbc__r2dbc-h2#io.r2dbc.h2.StagedResultSizeBenchmarks.simpleR2dbc#resultSize=100---9,OSCNN
r2dbc__r2dbc-h2#io.r2dbc.h2.StagedResultSizeBenchmarks.simpleR2dbc#resultSize=200---0,OSCNN
r2dbc__r2dbc-h2#io.r2dbc.h2.StagedResultSizeBenchmarks.simpleR2dbc#resultSize=200---1,OSCNN
r2dbc__r2dbc-h2#io.r2dbc.h2.StagedResultSizeBenchmarks.simpleR2dbc#resultSize=200---2,OSCNN
r2dbc__r2dbc-h2#io.r2dbc.h2.StagedResultSizeBenchmarks.simpleR2dbc#resultSize=200---3,OSCNN
r2dbc__r2dbc-h2#io.r2dbc.h2.StagedResultSizeBenchmarks.simpleR2dbc#resultSize=200---4,OSCNN
r2dbc__r2dbc-h2#io.r2dbc.h2.StagedResultSizeBenchmarks.simpleR2dbc#resultSize=200---5,OSCNN
r2dbc__r2dbc-h2#io.r2dbc.h2.StagedResultSizeBenchmarks.simpleR2dbc#resultSize=200---6,OSCNN
r2dbc__r2dbc-h2#io.r2dbc.h2.StagedResultSizeBenchmarks.simpleR2dbc#resultSize=200---7,OSCNN
r2dbc__r2dbc-h2#io.r2dbc.h2.StagedResultSizeBenchmarks.simpleR2dbc#resultSize=200---8,OSCNN
r2dbc__r2dbc-h2#io.r2dbc.h2.StagedResultSizeBenchmarks.simpleR2dbc#resultSize=200---9,OSCNN
r2dbc__r2dbc-h2#io.r2dbc.h2.StatementBenchmarks.parametrizedJdbc#---0,OSCNN
r2dbc__r2dbc-h2#io.r2dbc.h2.StatementBenchmarks.parametrizedJdbc#---1,OSCNN
r2dbc__r2dbc-h2#io.r2dbc.h2.StatementBenchmarks.parametrizedJdbc#---2,OSCNN
r2dbc__r2dbc-h2#io.r2dbc.h2.StatementBenchmarks.parametrizedJdbc#---3,OSCNN
r2dbc__r2dbc-h2#io.r2dbc.h2.StatementBenchmarks.parametrizedJdbc#---4,OSCNN
r2dbc__r2dbc-h2#io.r2dbc.h2.StatementBenchmarks.parametrizedJdbc#---6,OSCNN
r2dbc__r2dbc-h2#io.r2dbc.h2.StatementBenchmarks.parametrizedJdbc#---7,OSCNN
r2dbc__r2dbc-h2#io.r2dbc.h2.StatementBenchmarks.parametrizedJdbc#---8,OSCNN
r2dbc__r2dbc-h2#io.r2dbc.h2.StatementBenchmarks.parametrizedJdbc#---9,OSCNN
r2dbc__r2dbc-h2#io.r2dbc.h2.StatementBenchmarks.parametrizedR2dbc#---0,OSCNN
r2dbc__r2dbc-h2#io.r2dbc.h2.StatementBenchmarks.parametrizedR2dbc#---1,OSCNN
r2dbc__r2dbc-h2#io.r2dbc.h2.StatementBenchmarks.parametrizedR2dbc#---2,OSCNN
r2dbc__r2dbc-h2#io.r2dbc.h2.StatementBenchmarks.parametrizedR2dbc#---3,OSCNN
r2dbc__r2dbc-h2#io.r2dbc.h2.StatementBenchmarks.parametrizedR2dbc#---4,OSCNN
r2dbc__r2dbc-h2#io.r2dbc.h2.StatementBenchmarks.parametrizedR2dbc#---5,OSCNN
r2dbc__r2dbc-h2#io.r2dbc.h2.StatementBenchmarks.parametrizedR2dbc#---6,OSCNN
r2dbc__r2dbc-h2#io.r2dbc.h2.StatementBenchmarks.parametrizedR2dbc#---7,OSCNN
r2dbc__r2dbc-h2#io.r2dbc.h2.StatementBenchmarks.parametrizedR2dbc#---8,OSCNN
r2dbc__r2dbc-h2#io.r2dbc.h2.StatementBenchmarks.parametrizedR2dbc#---9,OSCNN
r2dbc__r2dbc-h2#io.r2dbc.h2.StatementBenchmarks.simpleJdbc#---0,OSCNN
r2dbc__r2dbc-h2#io.r2dbc.h2.StatementBenchmarks.simpleJdbc#---1,OSCNN
r2dbc__r2dbc-h2#io.r2dbc.h2.StatementBenchmarks.simpleJdbc#---2,OSCNN
r2dbc__r2dbc-h2#io.r2dbc.h2.StatementBenchmarks.simpleJdbc#---4,OSCNN
r2dbc__r2dbc-h2#io.r2dbc.h2.StatementBenchmarks.simpleJdbc#---5,OSCNN
r2dbc__r2dbc-h2#io.r2dbc.h2.StatementBenchmarks.simpleJdbc#---6,OSCNN
r2dbc__r2dbc-h2#io.r2dbc.h2.StatementBenchmarks.simpleJdbc#---7,OSCNN
r2dbc__r2dbc-h2#io.r2dbc.h2.StatementBenchmarks.simpleJdbc#---9,OSCNN
r2dbc__r2dbc-h2#io.r2dbc.h2.StatementBenchmarks.simpleR2dbc#---0,OSCNN
r2dbc__r2dbc-h2#io.r2dbc.h2.StatementBenchmarks.simpleR2dbc#---1,OSCNN
r2dbc__r2dbc-h2#io.r2dbc.h2.StatementBenchmarks.simpleR2dbc#---2,OSCNN
r2dbc__r2dbc-h2#io.r2dbc.h2.StatementBenchmarks.simpleR2dbc#---3,OSCNN
r2dbc__r2dbc-h2#io.r2dbc.h2.StatementBenchmarks.simpleR2dbc#---4,OSCNN
r2dbc__r2dbc-h2#io.r2dbc.h2.StatementBenchmarks.simpleR2dbc#---5,OSCNN
r2dbc__r2dbc-h2#io.r2dbc.h2.StatementBenchmarks.simpleR2dbc#---6,OSCNN
r2dbc__r2dbc-h2#io.r2dbc.h2.StatementBenchmarks.simpleR2dbc#---7,OSCNN
r2dbc__r2dbc-h2#io.r2dbc.h2.StatementBenchmarks.simpleR2dbc#---8,OSCNN
r2dbc__r2dbc-h2#io.r2dbc.h2.StatementBenchmarks.simpleR2dbc#---9,OSCNN
raphw__byte-buddy#net.bytebuddy.benchmark.ClassByExtensionBenchmark.benchmarkByteBuddySpecialized#---0,OSCNN
raphw__byte-buddy#net.bytebuddy.benchmark.ClassByExtensionBenchmark.benchmarkByteBuddySpecialized#---1,OSCNN
raphw__byte-buddy#net.bytebuddy.benchmark.ClassByExtensionBenchmark.benchmarkByteBuddySpecialized#---2,OSCNN
raphw__byte-buddy#net.bytebuddy.benchmark.ClassByExtensionBenchmark.benchmarkByteBuddySpecialized#---3,OSCNN
raphw__byte-buddy#net.bytebuddy.benchmark.ClassByExtensionBenchmark.benchmarkByteBuddySpecialized#---4,OSCNN
raphw__byte-buddy#net.bytebuddy.benchmark.ClassByExtensionBenchmark.benchmarkByteBuddySpecialized#---5,OSCNN
raphw__byte-buddy#net.bytebuddy.benchmark.ClassByExtensionBenchmark.benchmarkByteBuddySpecialized#---6,OSCNN
raphw__byte-buddy#net.bytebuddy.benchmark.ClassByExtensionBenchmark.benchmarkByteBuddySpecialized#---7,OSCNN
raphw__byte-buddy#net.bytebuddy.benchmark.ClassByExtensionBenchmark.benchmarkByteBuddySpecialized#---8,OSCNN
raphw__byte-buddy#net.bytebuddy.benchmark.ClassByExtensionBenchmark.benchmarkByteBuddySpecialized#---9,OSCNN
raphw__byte-buddy#net.bytebuddy.benchmark.ClassByExtensionBenchmark.benchmarkByteBuddyWithAccessor#---0,OSCNN
raphw__byte-buddy#net.bytebuddy.benchmark.ClassByExtensionBenchmark.benchmarkByteBuddyWithAccessor#---1,OSCNN
raphw__byte-buddy#net.bytebuddy.benchmark.ClassByExtensionBenchmark.benchmarkByteBuddyWithAccessor#---2,OSCNN
raphw__byte-buddy#net.bytebuddy.benchmark.ClassByExtensionBenchmark.benchmarkByteBuddyWithAccessor#---3,OSCNN
raphw__byte-buddy#net.bytebuddy.benchmark.ClassByExtensionBenchmark.benchmarkByteBuddyWithAccessor#---4,OSCNN
raphw__byte-buddy#net.bytebuddy.benchmark.ClassByExtensionBenchmark.benchmarkByteBuddyWithAccessor#---5,OSCNN
raphw__byte-buddy#net.bytebuddy.benchmark.ClassByExtensionBenchmark.benchmarkByteBuddyWithAccessor#---6,OSCNN
raphw__byte-buddy#net.bytebuddy.benchmark.ClassByExtensionBenchmark.benchmarkByteBuddyWithAccessor#---7,OSCNN
raphw__byte-buddy#net.bytebuddy.benchmark.ClassByExtensionBenchmark.benchmarkByteBuddyWithAccessor#---8,OSCNN
raphw__byte-buddy#net.bytebuddy.benchmark.ClassByExtensionBenchmark.benchmarkByteBuddyWithAccessor#---9,OSCNN
raphw__byte-buddy#net.bytebuddy.benchmark.ClassByExtensionBenchmark.benchmarkByteBuddyWithAccessorAndReusedDelegatorWithTypePool#---0,OSCNN
raphw__byte-buddy#net.bytebuddy.benchmark.ClassByExtensionBenchmark.benchmarkByteBuddyWithAccessorAndReusedDelegatorWithTypePool#---1,OSCNN
raphw__byte-buddy#net.bytebuddy.benchmark.ClassByExtensionBenchmark.benchmarkByteBuddyWithAccessorAndReusedDelegatorWithTypePool#---2,OSCNN
raphw__byte-buddy#net.bytebuddy.benchmark.ClassByExtensionBenchmark.benchmarkByteBuddyWithAccessorAndReusedDelegatorWithTypePool#---3,OSCNN
raphw__byte-buddy#net.bytebuddy.benchmark.ClassByExtensionBenchmark.benchmarkByteBuddyWithAccessorAndReusedDelegatorWithTypePool#---4,OSCNN
raphw__byte-buddy#net.bytebuddy.benchmark.ClassByExtensionBenchmark.benchmarkByteBuddyWithAccessorAndReusedDelegatorWithTypePool#---5,OSCNN
raphw__byte-buddy#net.bytebuddy.benchmark.ClassByExtensionBenchmark.benchmarkByteBuddyWithAccessorAndReusedDelegatorWithTypePool#---6,OSCNN
raphw__byte-buddy#net.bytebuddy.benchmark.ClassByExtensionBenchmark.benchmarkByteBuddyWithAccessorAndReusedDelegatorWithTypePool#---7,OSCNN
raphw__byte-buddy#net.bytebuddy.benchmark.ClassByExtensionBenchmark.benchmarkByteBuddyWithAccessorAndReusedDelegatorWithTypePool#---8,OSCNN
raphw__byte-buddy#net.bytebuddy.benchmark.ClassByExtensionBenchmark.benchmarkByteBuddyWithAccessorAndReusedDelegatorWithTypePool#---9,OSCNN
raphw__byte-buddy#net.bytebuddy.benchmark.ClassByExtensionBenchmark.benchmarkByteBuddyWithPrefix#---0,OSCNN
raphw__byte-buddy#net.bytebuddy.benchmark.ClassByExtensionBenchmark.benchmarkByteBuddyWithPrefix#---1,OSCNN
raphw__byte-buddy#net.bytebuddy.benchmark.ClassByExtensionBenchmark.benchmarkByteBuddyWithPrefix#---2,OSCNN
raphw__byte-buddy#net.bytebuddy.benchmark.ClassByExtensionBenchmark.benchmarkByteBuddyWithPrefix#---3,OSCNN
raphw__byte-buddy#net.bytebuddy.benchmark.ClassByExtensionBenchmark.benchmarkByteBuddyWithPrefix#---4,OSCNN
raphw__byte-buddy#net.bytebuddy.benchmark.ClassByExtensionBenchmark.benchmarkByteBuddyWithPrefix#---5,OSCNN
raphw__byte-buddy#net.bytebuddy.benchmark.ClassByExtensionBenchmark.benchmarkByteBuddyWithPrefix#---6,OSCNN
raphw__byte-buddy#net.bytebuddy.benchmark.ClassByExtensionBenchmark.benchmarkByteBuddyWithPrefix#---7,OSCNN
raphw__byte-buddy#net.bytebuddy.benchmark.ClassByExtensionBenchmark.benchmarkByteBuddyWithPrefix#---8,OSCNN
raphw__byte-buddy#net.bytebuddy.benchmark.ClassByExtensionBenchmark.benchmarkByteBuddyWithPrefix#---9,OSCNN
raphw__byte-buddy#net.bytebuddy.benchmark.ClassByExtensionBenchmark.benchmarkByteBuddyWithPrefixAndReusedDelegatorWithTypePool#---0,OSCNN
raphw__byte-buddy#net.bytebuddy.benchmark.ClassByExtensionBenchmark.benchmarkByteBuddyWithPrefixAndReusedDelegatorWithTypePool#---1,OSCNN
raphw__byte-buddy#net.bytebuddy.benchmark.ClassByExtensionBenchmark.benchmarkByteBuddyWithPrefixAndReusedDelegatorWithTypePool#---2,OSCNN
raphw__byte-buddy#net.bytebuddy.benchmark.ClassByExtensionBenchmark.benchmarkByteBuddyWithPrefixAndReusedDelegatorWithTypePool#---3,OSCNN
raphw__byte-buddy#net.bytebuddy.benchmark.ClassByExtensionBenchmark.benchmarkByteBuddyWithPrefixAndReusedDelegatorWithTypePool#---4,OSCNN
raphw__byte-buddy#net.bytebuddy.benchmark.ClassByExtensionBenchmark.benchmarkByteBuddyWithPrefixAndReusedDelegatorWithTypePool#---5,OSCNN
raphw__byte-buddy#net.bytebuddy.benchmark.ClassByExtensionBenchmark.benchmarkByteBuddyWithPrefixAndReusedDelegatorWithTypePool#---6,OSCNN
raphw__byte-buddy#net.bytebuddy.benchmark.ClassByExtensionBenchmark.benchmarkByteBuddyWithPrefixAndReusedDelegatorWithTypePool#---7,OSCNN
raphw__byte-buddy#net.bytebuddy.benchmark.ClassByExtensionBenchmark.benchmarkByteBuddyWithPrefixAndReusedDelegatorWithTypePool#---8,OSCNN
raphw__byte-buddy#net.bytebuddy.benchmark.ClassByExtensionBenchmark.benchmarkByteBuddyWithPrefixAndReusedDelegatorWithTypePool#---9,OSCNN
raphw__byte-buddy#net.bytebuddy.benchmark.ClassByExtensionBenchmark.benchmarkByteBuddyWithProxy#---0,OSCNN
raphw__byte-buddy#net.bytebuddy.benchmark.ClassByExtensionBenchmark.benchmarkByteBuddyWithProxy#---1,OSCNN
raphw__byte-buddy#net.bytebuddy.benchmark.ClassByExtensionBenchmark.benchmarkByteBuddyWithProxy#---2,OSCNN
raphw__byte-buddy#net.bytebuddy.benchmark.ClassByExtensionBenchmark.benchmarkByteBuddyWithProxy#---3,OSCNN
raphw__byte-buddy#net.bytebuddy.benchmark.ClassByExtensionBenchmark.benchmarkByteBuddyWithProxy#---4,OSCNN
raphw__byte-buddy#net.bytebuddy.benchmark.ClassByExtensionBenchmark.benchmarkByteBuddyWithProxy#---5,OSCNN
raphw__byte-buddy#net.bytebuddy.benchmark.ClassByExtensionBenchmark.benchmarkByteBuddyWithProxy#---6,OSCNN
raphw__byte-buddy#net.bytebuddy.benchmark.ClassByExtensionBenchmark.benchmarkByteBuddyWithProxy#---7,OSCNN
raphw__byte-buddy#net.bytebuddy.benchmark.ClassByExtensionBenchmark.benchmarkByteBuddyWithProxy#---8,OSCNN
raphw__byte-buddy#net.bytebuddy.benchmark.ClassByExtensionBenchmark.benchmarkByteBuddyWithProxyAndReusedDelegator#---0,OSCNN
raphw__byte-buddy#net.bytebuddy.benchmark.ClassByExtensionBenchmark.benchmarkByteBuddyWithProxyAndReusedDelegator#---1,OSCNN
raphw__byte-buddy#net.bytebuddy.benchmark.ClassByExtensionBenchmark.benchmarkByteBuddyWithProxyAndReusedDelegator#---2,OSCNN
raphw__byte-buddy#net.bytebuddy.benchmark.ClassByExtensionBenchmark.benchmarkByteBuddyWithProxyAndReusedDelegator#---3,OSCNN
raphw__byte-buddy#net.bytebuddy.benchmark.ClassByExtensionBenchmark.benchmarkByteBuddyWithProxyAndReusedDelegator#---4,OSCNN
raphw__byte-buddy#net.bytebuddy.benchmark.ClassByExtensionBenchmark.benchmarkByteBuddyWithProxyAndReusedDelegator#---5,OSCNN
raphw__byte-buddy#net.bytebuddy.benchmark.ClassByExtensionBenchmark.benchmarkByteBuddyWithProxyAndReusedDelegator#---6,OSCNN
raphw__byte-buddy#net.bytebuddy.benchmark.ClassByExtensionBenchmark.benchmarkByteBuddyWithProxyAndReusedDelegator#---7,OSCNN
raphw__byte-buddy#net.bytebuddy.benchmark.ClassByExtensionBenchmark.benchmarkByteBuddyWithProxyAndReusedDelegator#---8,OSCNN
raphw__byte-buddy#net.bytebuddy.benchmark.ClassByExtensionBenchmark.benchmarkByteBuddyWithProxyAndReusedDelegator#---9,OSCNN
raphw__byte-buddy#net.bytebuddy.benchmark.ClassByExtensionBenchmark.benchmarkByteBuddyWithProxyAndReusedDelegatorWithTypePool#---0,OSCNN
raphw__byte-buddy#net.bytebuddy.benchmark.ClassByExtensionBenchmark.benchmarkByteBuddyWithProxyAndReusedDelegatorWithTypePool#---1,OSCNN
raphw__byte-buddy#net.bytebuddy.benchmark.ClassByExtensionBenchmark.benchmarkByteBuddyWithProxyAndReusedDelegatorWithTypePool#---2,OSCNN
raphw__byte-buddy#net.bytebuddy.benchmark.ClassByExtensionBenchmark.benchmarkByteBuddyWithProxyAndReusedDelegatorWithTypePool#---3,OSCNN
raphw__byte-buddy#net.bytebuddy.benchmark.ClassByExtensionBenchmark.benchmarkByteBuddyWithProxyAndReusedDelegatorWithTypePool#---4,OSCNN
raphw__byte-buddy#net.bytebuddy.benchmark.ClassByExtensionBenchmark.benchmarkByteBuddyWithProxyAndReusedDelegatorWithTypePool#---5,OSCNN
raphw__byte-buddy#net.bytebuddy.benchmark.ClassByExtensionBenchmark.benchmarkByteBuddyWithProxyAndReusedDelegatorWithTypePool#---6,OSCNN
raphw__byte-buddy#net.bytebuddy.benchmark.ClassByExtensionBenchmark.benchmarkByteBuddyWithProxyAndReusedDelegatorWithTypePool#---7,OSCNN
raphw__byte-buddy#net.bytebuddy.benchmark.ClassByExtensionBenchmark.benchmarkByteBuddyWithProxyAndReusedDelegatorWithTypePool#---8,OSCNN
raphw__byte-buddy#net.bytebuddy.benchmark.ClassByExtensionBenchmark.benchmarkByteBuddyWithProxyAndReusedDelegatorWithTypePool#---9,OSCNN
raphw__byte-buddy#net.bytebuddy.benchmark.ClassByExtensionBenchmark.benchmarkByteBuddyWithProxyWithTypePool#---0,OSCNN
raphw__byte-buddy#net.bytebuddy.benchmark.ClassByExtensionBenchmark.benchmarkByteBuddyWithProxyWithTypePool#---1,OSCNN
raphw__byte-buddy#net.bytebuddy.benchmark.ClassByExtensionBenchmark.benchmarkByteBuddyWithProxyWithTypePool#---2,OSCNN
raphw__byte-buddy#net.bytebuddy.benchmark.ClassByExtensionBenchmark.benchmarkByteBuddyWithProxyWithTypePool#---3,OSCNN
raphw__byte-buddy#net.bytebuddy.benchmark.ClassByExtensionBenchmark.benchmarkByteBuddyWithProxyWithTypePool#---4,OSCNN
raphw__byte-buddy#net.bytebuddy.benchmark.ClassByExtensionBenchmark.benchmarkByteBuddyWithProxyWithTypePool#---5,OSCNN
raphw__byte-buddy#net.bytebuddy.benchmark.ClassByExtensionBenchmark.benchmarkByteBuddyWithProxyWithTypePool#---6,OSCNN
raphw__byte-buddy#net.bytebuddy.benchmark.ClassByExtensionBenchmark.benchmarkByteBuddyWithProxyWithTypePool#---7,OSCNN
raphw__byte-buddy#net.bytebuddy.benchmark.ClassByExtensionBenchmark.benchmarkByteBuddyWithProxyWithTypePool#---8,OSCNN
raphw__byte-buddy#net.bytebuddy.benchmark.ClassByExtensionBenchmark.benchmarkByteBuddyWithProxyWithTypePool#---9,OSCNN
raphw__byte-buddy#net.bytebuddy.benchmark.ClassByExtensionBenchmark.benchmarkCglib#---0,OSCNN
raphw__byte-buddy#net.bytebuddy.benchmark.ClassByExtensionBenchmark.benchmarkCglib#---1,OSCNN
raphw__byte-buddy#net.bytebuddy.benchmark.ClassByExtensionBenchmark.benchmarkCglib#---2,OSCNN
raphw__byte-buddy#net.bytebuddy.benchmark.ClassByExtensionBenchmark.benchmarkCglib#---3,OSCNN
raphw__byte-buddy#net.bytebuddy.benchmark.ClassByExtensionBenchmark.benchmarkCglib#---4,OSCNN
raphw__byte-buddy#net.bytebuddy.benchmark.ClassByExtensionBenchmark.benchmarkCglib#---5,OSCNN
raphw__byte-buddy#net.bytebuddy.benchmark.ClassByExtensionBenchmark.benchmarkCglib#---6,OSCNN
raphw__byte-buddy#net.bytebuddy.benchmark.ClassByExtensionBenchmark.benchmarkCglib#---7,OSCNN
raphw__byte-buddy#net.bytebuddy.benchmark.ClassByExtensionBenchmark.benchmarkCglib#---8,OSCNN
raphw__byte-buddy#net.bytebuddy.benchmark.ClassByExtensionBenchmark.benchmarkCglib#---9,OSCNN
raphw__byte-buddy#net.bytebuddy.benchmark.ClassByImplementationBenchmark.baseline#---0,Rocket
raphw__byte-buddy#net.bytebuddy.benchmark.ClassByImplementationBenchmark.baseline#---1,Rocket
raphw__byte-buddy#net.bytebuddy.benchmark.ClassByImplementationBenchmark.baseline#---2,Rocket
raphw__byte-buddy#net.bytebuddy.benchmark.ClassByImplementationBenchmark.baseline#---3,Rocket
raphw__byte-buddy#net.bytebuddy.benchmark.ClassByImplementationBenchmark.baseline#---4,Rocket
raphw__byte-buddy#net.bytebuddy.benchmark.ClassByImplementationBenchmark.baseline#---5,OSCNN
raphw__byte-buddy#net.bytebuddy.benchmark.ClassByImplementationBenchmark.baseline#---6,Rocket
raphw__byte-buddy#net.bytebuddy.benchmark.ClassByImplementationBenchmark.baseline#---7,Rocket
raphw__byte-buddy#net.bytebuddy.benchmark.ClassByImplementationBenchmark.baseline#---8,FCN
raphw__byte-buddy#net.bytebuddy.benchmark.ClassByImplementationBenchmark.baseline#---9,Rocket
raphw__byte-buddy#net.bytebuddy.benchmark.ClassByImplementationBenchmark.benchmarkCglib#---0,OSCNN
raphw__byte-buddy#net.bytebuddy.benchmark.ClassByImplementationBenchmark.benchmarkCglib#---2,OSCNN
raphw__byte-buddy#net.bytebuddy.benchmark.ClassByImplementationBenchmark.benchmarkCglib#---3,OSCNN
raphw__byte-buddy#net.bytebuddy.benchmark.ClassByImplementationBenchmark.benchmarkCglib#---4,OSCNN
raphw__byte-buddy#net.bytebuddy.benchmark.ClassByImplementationBenchmark.benchmarkCglib#---5,OSCNN
raphw__byte-buddy#net.bytebuddy.benchmark.ClassByImplementationBenchmark.benchmarkCglib#---6,OSCNN
raphw__byte-buddy#net.bytebuddy.benchmark.ClassByImplementationBenchmark.benchmarkCglib#---7,OSCNN
raphw__byte-buddy#net.bytebuddy.benchmark.ClassByImplementationBenchmark.benchmarkCglib#---8,OSCNN
raphw__byte-buddy#net.bytebuddy.benchmark.ClassByImplementationBenchmark.benchmarkCglib#---9,OSCNN
raphw__byte-buddy#net.bytebuddy.benchmark.ClassByImplementationBenchmark.benchmarkJdkProxy#---0,Rocket
raphw__byte-buddy#net.bytebuddy.benchmark.ClassByImplementationBenchmark.benchmarkJdkProxy#---1,Rocket
raphw__byte-buddy#net.bytebuddy.benchmark.ClassByImplementationBenchmark.benchmarkJdkProxy#---2,Rocket
raphw__byte-buddy#net.bytebuddy.benchmark.ClassByImplementationBenchmark.benchmarkJdkProxy#---3,Rocket
raphw__byte-buddy#net.bytebuddy.benchmark.ClassByImplementationBenchmark.benchmarkJdkProxy#---4,Rocket
raphw__byte-buddy#net.bytebuddy.benchmark.ClassByImplementationBenchmark.benchmarkJdkProxy#---5,Rocket
raphw__byte-buddy#net.bytebuddy.benchmark.ClassByImplementationBenchmark.benchmarkJdkProxy#---6,Rocket
raphw__byte-buddy#net.bytebuddy.benchmark.ClassByImplementationBenchmark.benchmarkJdkProxy#---7,Rocket
raphw__byte-buddy#net.bytebuddy.benchmark.ClassByImplementationBenchmark.benchmarkJdkProxy#---9,Rocket
raphw__byte-buddy#net.bytebuddy.benchmark.StubInvocationBenchmark.baseline#---0,Rocket
raphw__byte-buddy#net.bytebuddy.benchmark.StubInvocationBenchmark.baseline#---1,FCN
raphw__byte-buddy#net.bytebuddy.benchmark.StubInvocationBenchmark.baseline#---2,FCN
raphw__byte-buddy#net.bytebuddy.benchmark.StubInvocationBenchmark.baseline#---3,Rocket
raphw__byte-buddy#net.bytebuddy.benchmark.StubInvocationBenchmark.baseline#---4,FCN
raphw__byte-buddy#net.bytebuddy.benchmark.StubInvocationBenchmark.baseline#---5,Rocket
raphw__byte-buddy#net.bytebuddy.benchmark.StubInvocationBenchmark.baseline#---6,Rocket
raphw__byte-buddy#net.bytebuddy.benchmark.StubInvocationBenchmark.baseline#---7,FCN
raphw__byte-buddy#net.bytebuddy.benchmark.StubInvocationBenchmark.baseline#---8,Rocket
raphw__byte-buddy#net.bytebuddy.benchmark.StubInvocationBenchmark.baseline#---9,FCN
raphw__byte-buddy#net.bytebuddy.benchmark.SuperClassInvocationBenchmark.baseline#---1,FCN
raphw__byte-buddy#net.bytebuddy.benchmark.SuperClassInvocationBenchmark.baseline#---2,FCN
raphw__byte-buddy#net.bytebuddy.benchmark.SuperClassInvocationBenchmark.baseline#---3,FCN
raphw__byte-buddy#net.bytebuddy.benchmark.SuperClassInvocationBenchmark.baseline#---4,FCN
raphw__byte-buddy#net.bytebuddy.benchmark.SuperClassInvocationBenchmark.baseline#---5,OSCNN
raphw__byte-buddy#net.bytebuddy.benchmark.SuperClassInvocationBenchmark.baseline#---6,FCN
raphw__byte-buddy#net.bytebuddy.benchmark.SuperClassInvocationBenchmark.baseline#---8,FCN
raphw__byte-buddy#net.bytebuddy.benchmark.SuperClassInvocationBenchmark.baseline#---9,Rocket
raphw__byte-buddy#net.bytebuddy.benchmark.SuperClassInvocationBenchmark.benchmarkByteBuddySpecialized#---0,FCN
raphw__byte-buddy#net.bytebuddy.benchmark.SuperClassInvocationBenchmark.benchmarkByteBuddySpecialized#---1,FCN
raphw__byte-buddy#net.bytebuddy.benchmark.SuperClassInvocationBenchmark.benchmarkByteBuddySpecialized#---2,Rocket
raphw__byte-buddy#net.bytebuddy.benchmark.SuperClassInvocationBenchmark.benchmarkByteBuddySpecialized#---3,FCN
raphw__byte-buddy#net.bytebuddy.benchmark.SuperClassInvocationBenchmark.benchmarkByteBuddySpecialized#---4,FCN
raphw__byte-buddy#net.bytebuddy.benchmark.SuperClassInvocationBenchmark.benchmarkByteBuddySpecialized#---6,FCN
raphw__byte-buddy#net.bytebuddy.benchmark.SuperClassInvocationBenchmark.benchmarkByteBuddySpecialized#---8,FCN
raphw__byte-buddy#net.bytebuddy.benchmark.SuperClassInvocationBenchmark.benchmarkByteBuddySpecialized#---9,FCN
raphw__byte-buddy#net.bytebuddy.benchmark.SuperClassInvocationBenchmark.benchmarkByteBuddyWithProxy#---0,FCN
raphw__byte-buddy#net.bytebuddy.benchmark.SuperClassInvocationBenchmark.benchmarkByteBuddyWithProxy#---1,Rocket
raphw__byte-buddy#net.bytebuddy.benchmark.SuperClassInvocationBenchmark.benchmarkByteBuddyWithProxy#---2,FCN
raphw__byte-buddy#net.bytebuddy.benchmark.SuperClassInvocationBenchmark.benchmarkByteBuddyWithProxy#---3,FCN
raphw__byte-buddy#net.bytebuddy.benchmark.SuperClassInvocationBenchmark.benchmarkByteBuddyWithProxy#---4,FCN
raphw__byte-buddy#net.bytebuddy.benchmark.SuperClassInvocationBenchmark.benchmarkByteBuddyWithProxy#---5,FCN
raphw__byte-buddy#net.bytebuddy.benchmark.SuperClassInvocationBenchmark.benchmarkByteBuddyWithProxy#---6,Rocket
raphw__byte-buddy#net.bytebuddy.benchmark.SuperClassInvocationBenchmark.benchmarkByteBuddyWithProxy#---7,FCN
raphw__byte-buddy#net.bytebuddy.benchmark.SuperClassInvocationBenchmark.benchmarkByteBuddyWithProxy#---8,Rocket
raphw__byte-buddy#net.bytebuddy.benchmark.SuperClassInvocationBenchmark.benchmarkByteBuddyWithProxy#---9,FCN
raphw__byte-buddy#net.bytebuddy.benchmark.TrivialClassCreationBenchmark.benchmarkCglib#---0,Rocket
raphw__byte-buddy#net.bytebuddy.benchmark.TrivialClassCreationBenchmark.benchmarkCglib#---1,FCN
raphw__byte-buddy#net.bytebuddy.benchmark.TrivialClassCreationBenchmark.benchmarkCglib#---2,FCN
raphw__byte-buddy#net.bytebuddy.benchmark.TrivialClassCreationBenchmark.benchmarkCglib#---5,Rocket
raphw__byte-buddy#net.bytebuddy.benchmark.TrivialClassCreationBenchmark.benchmarkCglib#---7,Rocket
raphw__byte-buddy#net.bytebuddy.benchmark.TrivialClassCreationBenchmark.benchmarkCglib#---9,Rocket
raphw__byte-buddy#net.bytebuddy.benchmark.TrivialClassCreationBenchmark.benchmarkJavassist#---1,FCN
raphw__byte-buddy#net.bytebuddy.benchmark.TrivialClassCreationBenchmark.benchmarkJavassist#---2,OSCNN
raphw__byte-buddy#net.bytebuddy.benchmark.TrivialClassCreationBenchmark.benchmarkJavassist#---4,FCN
raphw__byte-buddy#net.bytebuddy.benchmark.TrivialClassCreationBenchmark.benchmarkJavassist#---5,Rocket
raphw__byte-buddy#net.bytebuddy.benchmark.TrivialClassCreationBenchmark.benchmarkJavassist#---6,Rocket
raphw__byte-buddy#net.bytebuddy.benchmark.TrivialClassCreationBenchmark.benchmarkJavassist#---7,FCN
raphw__byte-buddy#net.bytebuddy.benchmark.TrivialClassCreationBenchmark.benchmarkJavassist#---8,OSCNN
raphw__byte-buddy#net.bytebuddy.benchmark.TrivialClassCreationBenchmark.benchmarkJavassist#---9,OSCNN
raphw__byte-buddy#net.bytebuddy.benchmark.TrivialClassCreationBenchmark.benchmarkJdkProxy#---1,OSCNN
raphw__byte-buddy#net.bytebuddy.benchmark.TrivialClassCreationBenchmark.benchmarkJdkProxy#---2,Rocket
raphw__byte-buddy#net.bytebuddy.benchmark.TrivialClassCreationBenchmark.benchmarkJdkProxy#---4,OSCNN
raphw__byte-buddy#net.bytebuddy.benchmark.TrivialClassCreationBenchmark.benchmarkJdkProxy#---5,OSCNN
raphw__byte-buddy#net.bytebuddy.benchmark.TrivialClassCreationBenchmark.benchmarkJdkProxy#---6,OSCNN
raphw__byte-buddy#net.bytebuddy.benchmark.TrivialClassCreationBenchmark.benchmarkJdkProxy#---7,Rocket
raphw__byte-buddy#net.bytebuddy.benchmark.TrivialClassCreationBenchmark.benchmarkJdkProxy#---8,OSCNN
raphw__byte-buddy#net.bytebuddy.benchmark.TrivialClassCreationBenchmark.benchmarkJdkProxy#---9,OSCNN
yellowstonegames__SquidLib#squidpony.performance.CoordPackerBenchmark.doPack#---0,OSCNN
yellowstonegames__SquidLib#squidpony.performance.CoordPackerBenchmark.doPack#---1,OSCNN
yellowstonegames__SquidLib#squidpony.performance.CoordPackerBenchmark.doPack#---2,OSCNN
yellowstonegames__SquidLib#squidpony.performance.CoordPackerBenchmark.doPack#---3,OSCNN
yellowstonegames__SquidLib#squidpony.performance.CoordPackerBenchmark.doPack#---4,OSCNN
yellowstonegames__SquidLib#squidpony.performance.CoordPackerBenchmark.doPack#---5,OSCNN
yellowstonegames__SquidLib#squidpony.performance.CoordPackerBenchmark.doPack#---6,OSCNN
yellowstonegames__SquidLib#squidpony.performance.CoordPackerBenchmark.doPack#---7,OSCNN
yellowstonegames__SquidLib#squidpony.performance.CoordPackerBenchmark.doPack#---8,OSCNN
yellowstonegames__SquidLib#squidpony.performance.CoordPackerBenchmark.doPack#---9,OSCNN
yellowstonegames__SquidLib#squidpony.performance.DataStructureBenchmark.insertIntegerLinkedHashMap#NEED_TO_ENLARGE=0&SIZE=65536---0,OSCNN
yellowstonegames__SquidLib#squidpony.performance.DataStructureBenchmark.insertIntegerLinkedHashMap#NEED_TO_ENLARGE=0&SIZE=65536---1,OSCNN
yellowstonegames__SquidLib#squidpony.performance.DataStructureBenchmark.insertIntegerLinkedHashMap#NEED_TO_ENLARGE=0&SIZE=65536---2,OSCNN
yellowstonegames__SquidLib#squidpony.performance.DataStructureBenchmark.insertIntegerLinkedHashMap#NEED_TO_ENLARGE=0&SIZE=65536---3,OSCNN
yellowstonegames__SquidLib#squidpony.performance.DataStructureBenchmark.insertIntegerLinkedHashMap#NEED_TO_ENLARGE=0&SIZE=65536---5,OSCNN
yellowstonegames__SquidLib#squidpony.performance.DataStructureBenchmark.insertIntegerLinkedHashMap#NEED_TO_ENLARGE=0&SIZE=65536---6,OSCNN
yellowstonegames__SquidLib#squidpony.performance.DataStructureBenchmark.insertIntegerLinkedHashMap#NEED_TO_ENLARGE=0&SIZE=65536---7,OSCNN
yellowstonegames__SquidLib#squidpony.performance.DataStructureBenchmark.insertIntegerLinkedHashMap#NEED_TO_ENLARGE=0&SIZE=65536---8,OSCNN
yellowstonegames__SquidLib#squidpony.performance.DataStructureBenchmark.insertIntegerLinkedHashMap2#NEED_TO_ENLARGE=1&SIZE=65536---0,OSCNN
yellowstonegames__SquidLib#squidpony.performance.DataStructureBenchmark.insertIntegerLinkedHashMap2#NEED_TO_ENLARGE=1&SIZE=65536---1,OSCNN
yellowstonegames__SquidLib#squidpony.performance.DataStructureBenchmark.insertIntegerLinkedHashMap2#NEED_TO_ENLARGE=1&SIZE=65536---2,OSCNN
yellowstonegames__SquidLib#squidpony.performance.DataStructureBenchmark.insertIntegerLinkedHashMap2#NEED_TO_ENLARGE=1&SIZE=65536---3,OSCNN
yellowstonegames__SquidLib#squidpony.performance.DataStructureBenchmark.insertIntegerLinkedHashMap2#NEED_TO_ENLARGE=1&SIZE=65536---4,Rocket
yellowstonegames__SquidLib#squidpony.performance.DataStructureBenchmark.insertIntegerLinkedHashMap2#NEED_TO_ENLARGE=1&SIZE=65536---5,OSCNN
yellowstonegames__SquidLib#squidpony.performance.DataStructureBenchmark.insertIntegerLinkedHashMap2#NEED_TO_ENLARGE=1&SIZE=65536---6,OSCNN
yellowstonegames__SquidLib#squidpony.performance.DataStructureBenchmark.insertIntegerLinkedHashMap2#NEED_TO_ENLARGE=1&SIZE=65536---7,FCN
yellowstonegames__SquidLib#squidpony.performance.DataStructureBenchmark.insertIntegerLinkedHashMap2#NEED_TO_ENLARGE=1&SIZE=65536---8,OSCNN
yellowstonegames__SquidLib#squidpony.performance.DataStructureBenchmark.insertIntegerLinkedHashMap2#NEED_TO_ENLARGE=1&SIZE=65536---9,OSCNN
yellowstonegames__SquidLib#squidpony.performance.DataStructureBenchmark.insertIntegerLinkedHashMap2#NEED_TO_ENLARGE=2&SIZE=65536---0,OSCNN
yellowstonegames__SquidLib#squidpony.performance.DataStructureBenchmark.insertIntegerLinkedHashMap2#NEED_TO_ENLARGE=2&SIZE=65536---1,OSCNN
yellowstonegames__SquidLib#squidpony.performance.DataStructureBenchmark.insertIntegerLinkedHashMap2#NEED_TO_ENLARGE=2&SIZE=65536---3,OSCNN
yellowstonegames__SquidLib#squidpony.performance.DataStructureBenchmark.insertIntegerLinkedHashMap2#NEED_TO_ENLARGE=2&SIZE=65536---4,OSCNN
yellowstonegames__SquidLib#squidpony.performance.DataStructureBenchmark.insertIntegerLinkedHashMap2#NEED_TO_ENLARGE=2&SIZE=65536---6,OSCNN
yellowstonegames__SquidLib#squidpony.performance.DataStructureBenchmark.insertIntegerLinkedHashMap2#NEED_TO_ENLARGE=2&SIZE=65536---7,OSCNN
yellowstonegames__SquidLib#squidpony.performance.DataStructureBenchmark.insertIntegerSquidDefaultOS2#NEED_TO_ENLARGE=2&SIZE=65536---0,OSCNN
yellowstonegames__SquidLib#squidpony.performance.DataStructureBenchmark.insertIntegerSquidDefaultOS2#NEED_TO_ENLARGE=2&SIZE=65536---1,OSCNN
yellowstonegames__SquidLib#squidpony.performance.DataStructureBenchmark.insertIntegerSquidDefaultOS2#NEED_TO_ENLARGE=2&SIZE=65536---3,OSCNN
yellowstonegames__SquidLib#squidpony.performance.DataStructureBenchmark.insertIntegerSquidDefaultOS2#NEED_TO_ENLARGE=2&SIZE=65536---4,OSCNN
yellowstonegames__SquidLib#squidpony.performance.DataStructureBenchmark.insertIntegerSquidDefaultOS2#NEED_TO_ENLARGE=2&SIZE=65536---5,Rocket
yellowstonegames__SquidLib#squidpony.performance.DataStructureBenchmark.insertIntegerSquidDefaultOS2#NEED_TO_ENLARGE=2&SIZE=65536---6,OSCNN
yellowstonegames__SquidLib#squidpony.performance.DataStructureBenchmark.insertIntegerSquidDefaultOS2#NEED_TO_ENLARGE=2&SIZE=65536---7,OSCNN
yellowstonegames__SquidLib#squidpony.performance.DataStructureBenchmark.insertIntegerSquidDefaultOS2#NEED_TO_ENLARGE=2&SIZE=65536---8,OSCNN
yellowstonegames__SquidLib#squidpony.performance.DataStructureBenchmark.insertIntegerSquidDefaultOS3#NEED_TO_ENLARGE=0&SIZE=65536---0,OSCNN
yellowstonegames__SquidLib#squidpony.performance.DataStructureBenchmark.insertIntegerSquidDefaultOS3#NEED_TO_ENLARGE=0&SIZE=65536---1,OSCNN
yellowstonegames__SquidLib#squidpony.performance.DataStructureBenchmark.insertIntegerSquidDefaultOS3#NEED_TO_ENLARGE=0&SIZE=65536---3,OSCNN
yellowstonegames__SquidLib#squidpony.performance.DataStructureBenchmark.insertIntegerSquidDefaultOS3#NEED_TO_ENLARGE=0&SIZE=65536---4,OSCNN
yellowstonegames__SquidLib#squidpony.performance.DataStructureBenchmark.insertIntegerSquidDefaultOS3#NEED_TO_ENLARGE=0&SIZE=65536---5,OSCNN
yellowstonegames__SquidLib#squidpony.performance.DataStructureBenchmark.insertIntegerSquidDefaultOS3#NEED_TO_ENLARGE=0&SIZE=65536---7,OSCNN
yellowstonegames__SquidLib#squidpony.performance.DataStructureBenchmark.insertIntegerSquidDefaultOS3#NEED_TO_ENLARGE=0&SIZE=65536---8,OSCNN
yellowstonegames__SquidLib#squidpony.performance.DataStructureBenchmark.insertIntegerSquidDefaultOS3#NEED_TO_ENLARGE=0&SIZE=65536---9,OSCNN
yellowstonegames__SquidLib#squidpony.performance.DataStructureBenchmark.insertIntegerSquidMildOM2#NEED_TO_ENLARGE=0&SIZE=65536---0,OSCNN
yellowstonegames__SquidLib#squidpony.performance.DataStructureBenchmark.insertIntegerSquidMildOM2#NEED_TO_ENLARGE=0&SIZE=65536---1,OSCNN
yellowstonegames__SquidLib#squidpony.performance.DataStructureBenchmark.insertIntegerSquidMildOM2#NEED_TO_ENLARGE=0&SIZE=65536---2,OSCNN
yellowstonegames__SquidLib#squidpony.performance.DataStructureBenchmark.insertIntegerSquidMildOM2#NEED_TO_ENLARGE=0&SIZE=65536---5,OSCNN
yellowstonegames__SquidLib#squidpony.performance.DataStructureBenchmark.insertIntegerSquidMildOM2#NEED_TO_ENLARGE=0&SIZE=65536---6,OSCNN
yellowstonegames__SquidLib#squidpony.performance.DataStructureBenchmark.insertIntegerSquidMildOM2#NEED_TO_ENLARGE=0&SIZE=65536---7,OSCNN
yellowstonegames__SquidLib#squidpony.performance.DataStructureBenchmark.insertIntegerSquidMildOM2#NEED_TO_ENLARGE=0&SIZE=65536---9,OSCNN
yellowstonegames__SquidLib#squidpony.performance.DataStructureBenchmark.insertIntegerSquidMildOM2#NEED_TO_ENLARGE=2&SIZE=65536---0,OSCNN
yellowstonegames__SquidLib#squidpony.performance.DataStructureBenchmark.insertIntegerSquidMildOM2#NEED_TO_ENLARGE=2&SIZE=65536---1,OSCNN
yellowstonegames__SquidLib#squidpony.performance.DataStructureBenchmark.insertIntegerSquidMildOM2#NEED_TO_ENLARGE=2&SIZE=65536---2,OSCNN
yellowstonegames__SquidLib#squidpony.performance.DataStructureBenchmark.insertIntegerSquidMildOM2#NEED_TO_ENLARGE=2&SIZE=65536---3,OSCNN
yellowstonegames__SquidLib#squidpony.performance.DataStructureBenchmark.insertIntegerSquidMildOM2#NEED_TO_ENLARGE=2&SIZE=65536---4,OSCNN
yellowstonegames__SquidLib#squidpony.performance.DataStructureBenchmark.insertIntegerSquidMildOM2#NEED_TO_ENLARGE=2&SIZE=65536---7,OSCNN
yellowstonegames__SquidLib#squidpony.performance.DataStructureBenchmark.insertIntegerSquidMildOM2#NEED_TO_ENLARGE=2&SIZE=65536---8,OSCNN
yellowstonegames__SquidLib#squidpony.performance.DataStructureBenchmark.insertIntegerSquidMildOM2#NEED_TO_ENLARGE=2&SIZE=65536---9,OSCNN
yellowstonegames__SquidLib#squidpony.performance.DataStructureBenchmark.insertIntegerSquidOS#NEED_TO_ENLARGE=1&SIZE=65536---0,FCN
yellowstonegames__SquidLib#squidpony.performance.DataStructureBenchmark.insertIntegerSquidOS#NEED_TO_ENLARGE=1&SIZE=65536---1,OSCNN
yellowstonegames__SquidLib#squidpony.performance.DataStructureBenchmark.insertIntegerSquidOS#NEED_TO_ENLARGE=1&SIZE=65536---2,OSCNN
yellowstonegames__SquidLib#squidpony.performance.DataStructureBenchmark.insertIntegerSquidOS#NEED_TO_ENLARGE=1&SIZE=65536---3,FCN
yellowstonegames__SquidLib#squidpony.performance.DataStructureBenchmark.insertIntegerSquidOS#NEED_TO_ENLARGE=1&SIZE=65536---4,OSCNN
yellowstonegames__SquidLib#squidpony.performance.DataStructureBenchmark.insertIntegerSquidOS#NEED_TO_ENLARGE=1&SIZE=65536---6,OSCNN
yellowstonegames__SquidLib#squidpony.performance.DataStructureBenchmark.insertIntegerSquidOS#NEED_TO_ENLARGE=1&SIZE=65536---7,FCN
yellowstonegames__SquidLib#squidpony.performance.DataStructureBenchmark.insertIntegerSquidOS#NEED_TO_ENLARGE=1&SIZE=65536---8,OSCNN
yellowstonegames__SquidLib#squidpony.performance.DataStructureBenchmark.insertIntegerSquidOS#NEED_TO_ENLARGE=1&SIZE=65536---9,OSCNN
yellowstonegames__SquidLib#squidpony.performance.DataStructureBenchmark.insertStringGdxOM2#NEED_TO_ENLARGE=2&SIZE=65536---0,Rocket
yellowstonegames__SquidLib#squidpony.performance.DataStructureBenchmark.insertStringGdxOM2#NEED_TO_ENLARGE=2&SIZE=65536---1,OSCNN
yellowstonegames__SquidLib#squidpony.performance.DataStructureBenchmark.insertStringGdxOM2#NEED_TO_ENLARGE=2&SIZE=65536---2,OSCNN
yellowstonegames__SquidLib#squidpony.performance.DataStructureBenchmark.insertStringGdxOM2#NEED_TO_ENLARGE=2&SIZE=65536---3,FCN
yellowstonegames__SquidLib#squidpony.performance.DataStructureBenchmark.insertStringGdxOM2#NEED_TO_ENLARGE=2&SIZE=65536---4,FCN
yellowstonegames__SquidLib#squidpony.performance.DataStructureBenchmark.insertStringGdxOM2#NEED_TO_ENLARGE=2&SIZE=65536---5,OSCNN
yellowstonegames__SquidLib#squidpony.performance.DataStructureBenchmark.insertStringGdxOM2#NEED_TO_ENLARGE=2&SIZE=65536---9,OSCNN
yellowstonegames__SquidLib#squidpony.performance.DataStructureBenchmark.insertStringLinkedHashMap#NEED_TO_ENLARGE=0&SIZE=65536---0,OSCNN
yellowstonegames__SquidLib#squidpony.performance.DataStructureBenchmark.insertStringLinkedHashMap#NEED_TO_ENLARGE=0&SIZE=65536---1,FCN
yellowstonegames__SquidLib#squidpony.performance.DataStructureBenchmark.insertStringLinkedHashMap#NEED_TO_ENLARGE=0&SIZE=65536---2,FCN
yellowstonegames__SquidLib#squidpony.performance.DataStructureBenchmark.insertStringLinkedHashMap#NEED_TO_ENLARGE=0&SIZE=65536---3,FCN
yellowstonegames__SquidLib#squidpony.performance.DataStructureBenchmark.insertStringLinkedHashMap#NEED_TO_ENLARGE=0&SIZE=65536---4,Rocket
yellowstonegames__SquidLib#squidpony.performance.DataStructureBenchmark.insertStringLinkedHashMap#NEED_TO_ENLARGE=0&SIZE=65536---5,FCN
yellowstonegames__SquidLib#squidpony.performance.DataStructureBenchmark.insertStringLinkedHashMap#NEED_TO_ENLARGE=0&SIZE=65536---7,OSCNN
yellowstonegames__SquidLib#squidpony.performance.DataStructureBenchmark.insertStringLinkedHashMap#NEED_TO_ENLARGE=0&SIZE=65536---8,OSCNN
yellowstonegames__SquidLib#squidpony.performance.DataStructureBenchmark.insertStringLinkedHashMap#NEED_TO_ENLARGE=0&SIZE=65536---9,Rocket
yellowstonegames__SquidLib#squidpony.performance.DataStructureBenchmark.insertStringLinkedHashMap#NEED_TO_ENLARGE=1&SIZE=65536---0,FCN
yellowstonegames__SquidLib#squidpony.performance.DataStructureBenchmark.insertStringLinkedHashMap#NEED_TO_ENLARGE=1&SIZE=65536---1,FCN
yellowstonegames__SquidLib#squidpony.performance.DataStructureBenchmark.insertStringLinkedHashMap#NEED_TO_ENLARGE=1&SIZE=65536---3,OSCNN
yellowstonegames__SquidLib#squidpony.performance.DataStructureBenchmark.insertStringLinkedHashMap#NEED_TO_ENLARGE=1&SIZE=65536---4,OSCNN
yellowstonegames__SquidLib#squidpony.performance.DataStructureBenchmark.insertStringLinkedHashMap#NEED_TO_ENLARGE=1&SIZE=65536---5,OSCNN
yellowstonegames__SquidLib#squidpony.performance.DataStructureBenchmark.insertStringLinkedHashMap#NEED_TO_ENLARGE=1&SIZE=65536---7,Rocket
yellowstonegames__SquidLib#squidpony.performance.DataStructureBenchmark.insertStringLinkedHashMap#NEED_TO_ENLARGE=1&SIZE=65536---8,Rocket
yellowstonegames__SquidLib#squidpony.performance.DataStructureBenchmark.insertStringLinkedHashMap#NEED_TO_ENLARGE=1&SIZE=65536---9,Rocket
yellowstonegames__SquidLib#squidpony.performance.DataStructureBenchmark.insertStringLinkedHashMap2#NEED_TO_ENLARGE=2&SIZE=65536---1,OSCNN
yellowstonegames__SquidLib#squidpony.performance.DataStructureBenchmark.insertStringLinkedHashMap2#NEED_TO_ENLARGE=2&SIZE=65536---2,OSCNN
yellowstonegames__SquidLib#squidpony.performance.DataStructureBenchmark.insertStringLinkedHashMap2#NEED_TO_ENLARGE=2&SIZE=65536---3,OSCNN
yellowstonegames__SquidLib#squidpony.performance.DataStructureBenchmark.insertStringLinkedHashMap2#NEED_TO_ENLARGE=2&SIZE=65536---4,FCN
yellowstonegames__SquidLib#squidpony.performance.DataStructureBenchmark.insertStringLinkedHashMap2#NEED_TO_ENLARGE=2&SIZE=65536---5,OSCNN
yellowstonegames__SquidLib#squidpony.performance.DataStructureBenchmark.insertStringLinkedHashMap2#NEED_TO_ENLARGE=2&SIZE=65536---6,OSCNN
yellowstonegames__SquidLib#squidpony.performance.DataStructureBenchmark.insertStringLinkedHashMap2#NEED_TO_ENLARGE=2&SIZE=65536---7,OSCNN
yellowstonegames__SquidLib#squidpony.performance.DataStructureBenchmark.insertStringLinkedHashMap2#NEED_TO_ENLARGE=2&SIZE=65536---9,OSCNN
yellowstonegames__SquidLib#squidpony.performance.DataStructureBenchmark.insertStringSquidMildOM2#NEED_TO_ENLARGE=2&SIZE=65536---0,OSCNN
yellowstonegames__SquidLib#squidpony.performance.DataStructureBenchmark.insertStringSquidMildOM2#NEED_TO_ENLARGE=2&SIZE=65536---3,Rocket
yellowstonegames__SquidLib#squidpony.performance.DataStructureBenchmark.insertStringSquidMildOM2#NEED_TO_ENLARGE=2&SIZE=65536---4,OSCNN
yellowstonegames__SquidLib#squidpony.performance.DataStructureBenchmark.insertStringSquidMildOM2#NEED_TO_ENLARGE=2&SIZE=65536---5,OSCNN
yellowstonegames__SquidLib#squidpony.performance.DataStructureBenchmark.insertStringSquidMildOM2#NEED_TO_ENLARGE=2&SIZE=65536---6,OSCNN
yellowstonegames__SquidLib#squidpony.performance.DataStructureBenchmark.insertStringSquidMildOM2#NEED_TO_ENLARGE=2&SIZE=65536---7,FCN
yellowstonegames__SquidLib#squidpony.performance.DataStructureBenchmark.insertStringSquidMildOM2#NEED_TO_ENLARGE=2&SIZE=65536---8,OSCNN
yellowstonegames__SquidLib#squidpony.performance.DataStructureBenchmark.insertStringSquidMildOM2#NEED_TO_ENLARGE=2&SIZE=65536---9,OSCNN
yellowstonegames__SquidLib#squidpony.performance.DataStructureBenchmark.insertStringSquidMildOS3#NEED_TO_ENLARGE=1&SIZE=65536---0,OSCNN
yellowstonegames__SquidLib#squidpony.performance.DataStructureBenchmark.insertStringSquidMildOS3#NEED_TO_ENLARGE=1&SIZE=65536---1,OSCNN
yellowstonegames__SquidLib#squidpony.performance.DataStructureBenchmark.insertStringSquidMildOS3#NEED_TO_ENLARGE=1&SIZE=65536---3,OSCNN
yellowstonegames__SquidLib#squidpony.performance.DataStructureBenchmark.insertStringSquidMildOS3#NEED_TO_ENLARGE=1&SIZE=65536---4,OSCNN
yellowstonegames__SquidLib#squidpony.performance.DataStructureBenchmark.insertStringSquidMildOS3#NEED_TO_ENLARGE=1&SIZE=65536---5,OSCNN
yellowstonegames__SquidLib#squidpony.performance.DataStructureBenchmark.insertStringSquidMildOS3#NEED_TO_ENLARGE=1&SIZE=65536---6,OSCNN
yellowstonegames__SquidLib#squidpony.performance.DataStructureBenchmark.insertStringSquidMildOS3#NEED_TO_ENLARGE=1&SIZE=65536---7,OSCNN
yellowstonegames__SquidLib#squidpony.performance.DataStructureBenchmark.insertStringSquidMildOS3#NEED_TO_ENLARGE=1&SIZE=65536---8,FCN
yellowstonegames__SquidLib#squidpony.performance.DataStructureBenchmark.insertStringSquidMildOS3#NEED_TO_ENLARGE=1&SIZE=65536---9,OSCNN
yellowstonegames__SquidLib#squidpony.performance.HashBenchmark.BenchmarkState.measureHastyPointHash2D#---0,Rocket
yellowstonegames__SquidLib#squidpony.performance.HashBenchmark.BenchmarkState.measureHastyPointHash2D#---1,Rocket
yellowstonegames__SquidLib#squidpony.performance.HashBenchmark.BenchmarkState.measureHastyPointHash2D#---2,Rocket
yellowstonegames__SquidLib#squidpony.performance.HashBenchmark.BenchmarkState.measureHastyPointHash2D#---3,Rocket
yellowstonegames__SquidLib#squidpony.performance.HashBenchmark.BenchmarkState.measureHastyPointHash2D#---4,Rocket
yellowstonegames__SquidLib#squidpony.performance.HashBenchmark.BenchmarkState.measureHastyPointHash2D#---5,Rocket
yellowstonegames__SquidLib#squidpony.performance.HashBenchmark.BenchmarkState.measureHastyPointHash2D#---6,Rocket
yellowstonegames__SquidLib#squidpony.performance.HashBenchmark.BenchmarkState.measureHastyPointHash2D#---7,Rocket
yellowstonegames__SquidLib#squidpony.performance.HashBenchmark.BenchmarkState.measureHastyPointHash2D#---8,Rocket
yellowstonegames__SquidLib#squidpony.performance.HashBenchmark.BenchmarkState.measureHastyPointHash2D#---9,Rocket
yellowstonegames__SquidLib#squidpony.performance.HashBenchmark.BenchmarkState.measurePointHash6D#---0,Rocket
yellowstonegames__SquidLib#squidpony.performance.HashBenchmark.BenchmarkState.measurePointHash6D#---1,Rocket
yellowstonegames__SquidLib#squidpony.performance.HashBenchmark.BenchmarkState.measurePointHash6D#---2,Rocket
yellowstonegames__SquidLib#squidpony.performance.HashBenchmark.BenchmarkState.measurePointHash6D#---3,Rocket
yellowstonegames__SquidLib#squidpony.performance.HashBenchmark.BenchmarkState.measurePointHash6D#---4,Rocket
yellowstonegames__SquidLib#squidpony.performance.HashBenchmark.BenchmarkState.measurePointHash6D#---5,Rocket
yellowstonegames__SquidLib#squidpony.performance.HashBenchmark.BenchmarkState.measurePointHash6D#---6,Rocket
yellowstonegames__SquidLib#squidpony.performance.HashBenchmark.BenchmarkState.measurePointHash6D#---7,OSCNN
yellowstonegames__SquidLib#squidpony.performance.HashBenchmark.BenchmarkState.measurePointHash6D#---8,Rocket
yellowstonegames__SquidLib#squidpony.performance.HashBenchmark.BenchmarkState.measurePointHash6D#---9,Rocket
yellowstonegames__SquidLib#squidpony.performance.MathBenchmark.measureMathAtan2#---0,Rocket
yellowstonegames__SquidLib#squidpony.performance.MathBenchmark.measureMathAtan2#---1,Rocket
yellowstonegames__SquidLib#squidpony.performance.MathBenchmark.measureMathAtan2#---2,Rocket
yellowstonegames__SquidLib#squidpony.performance.MathBenchmark.measureMathAtan2#---3,Rocket
yellowstonegames__SquidLib#squidpony.performance.MathBenchmark.measureMathAtan2#---4,Rocket
yellowstonegames__SquidLib#squidpony.performance.MathBenchmark.measureMathAtan2#---5,Rocket
yellowstonegames__SquidLib#squidpony.performance.MathBenchmark.measureMathAtan2#---6,Rocket
yellowstonegames__SquidLib#squidpony.performance.MathBenchmark.measureMathAtan2#---7,Rocket
yellowstonegames__SquidLib#squidpony.performance.MathBenchmark.measureMathAtan2#---8,Rocket
yellowstonegames__SquidLib#squidpony.performance.MathBenchmark.measureMathAtan2#---9,Rocket
yellowstonegames__SquidLib#squidpony.performance.RNGBenchmark.measureXoRoR#---0,Rocket
yellowstonegames__SquidLib#squidpony.performance.RNGBenchmark.measureXoRoR#---1,OSCNN
yellowstonegames__SquidLib#squidpony.performance.RNGBenchmark.measureXoRoR#---2,Rocket
yellowstonegames__SquidLib#squidpony.performance.RNGBenchmark.measureXoRoR#---3,Rocket
yellowstonegames__SquidLib#squidpony.performance.RNGBenchmark.measureXoRoR#---4,Rocket
yellowstonegames__SquidLib#squidpony.performance.RNGBenchmark.measureXoRoR#---6,Rocket
yellowstonegames__SquidLib#squidpony.performance.RNGBenchmark.measureXoRoR#---7,Rocket
yellowstonegames__SquidLib#squidpony.performance.RNGBenchmark.measureXoRoR#---8,Rocket
yellowstonegames__SquidLib#squidpony.performance.RNGBenchmark.measureXoRoR#---9,OSCNN
yellowstonegames__SquidLib#squidpony.performance.WorldBenchmark.measureFast#---0,Rocket
yellowstonegames__SquidLib#squidpony.performance.WorldBenchmark.measureFast#---1,Rocket
yellowstonegames__SquidLib#squidpony.performance.WorldBenchmark.measureFast#---2,Rocket
yellowstonegames__SquidLib#squidpony.performance.WorldBenchmark.measureFast#---3,Rocket
yellowstonegames__SquidLib#squidpony.performance.WorldBenchmark.measureFast#---4,Rocket
yellowstonegames__SquidLib#squidpony.performance.WorldBenchmark.measureFast#---5,Rocket
yellowstonegames__SquidLib#squidpony.performance.WorldBenchmark.measureFast#---6,Rocket
yellowstonegames__SquidLib#squidpony.performance.WorldBenchmark.measureFast#---7,Rocket
yellowstonegames__SquidLib#squidpony.performance.WorldBenchmark.measureFast#---8,Rocket
yellowstonegames__SquidLib#squidpony.performance.WorldBenchmark.measureFast#---9,Rocket
zalando__logbook#org.zalando.logbook.HeaderBenchmark.autoconfigurationRequest#---0,OSCNN
zalando__logbook#org.zalando.logbook.HeaderBenchmark.autoconfigurationRequest#---2,OSCNN
zalando__logbook#org.zalando.logbook.HeaderBenchmark.autoconfigurationRequest#---3,OSCNN
zalando__logbook#org.zalando.logbook.HeaderBenchmark.autoconfigurationRequest#---4,OSCNN
zalando__logbook#org.zalando.logbook.HeaderBenchmark.autoconfigurationRequest#---5,OSCNN
zalando__logbook#org.zalando.logbook.HeaderBenchmark.autoconfigurationRequest#---9,OSCNN
zalando__logbook#org.zalando.logbook.HeaderBenchmark.autoconfigurationResponse#---0,OSCNN
zalando__logbook#org.zalando.logbook.HeaderBenchmark.autoconfigurationResponse#---1,OSCNN
zalando__logbook#org.zalando.logbook.HeaderBenchmark.autoconfigurationResponse#---3,OSCNN
zalando__logbook#org.zalando.logbook.HeaderBenchmark.autoconfigurationResponse#---4,OSCNN
zalando__logbook#org.zalando.logbook.HeaderBenchmark.autoconfigurationResponse#---5,OSCNN
zalando__logbook#org.zalando.logbook.HeaderBenchmark.autoconfigurationResponse#---6,OSCNN
zalando__logbook#org.zalando.logbook.HeaderBenchmark.autoconfigurationResponse#---7,OSCNN
zalando__logbook#org.zalando.logbook.HeaderBenchmark.autoconfigurationResponse#---8,OSCNN
zalando__logbook#org.zalando.logbook.HeaderBenchmark.autoconfigurationResponse#---9,OSCNN
zalando__logbook#org.zalando.logbook.HeaderBenchmark.replace1xRequest#---0,OSCNN
zalando__logbook#org.zalando.logbook.HeaderBenchmark.replace1xRequest#---1,OSCNN
zalando__logbook#org.zalando.logbook.HeaderBenchmark.replace1xRequest#---2,OSCNN
zalando__logbook#org.zalando.logbook.HeaderBenchmark.replace1xRequest#---3,OSCNN
zalando__logbook#org.zalando.logbook.HeaderBenchmark.replace1xRequest#---4,OSCNN
zalando__logbook#org.zalando.logbook.HeaderBenchmark.replace1xRequest#---5,OSCNN
zalando__logbook#org.zalando.logbook.HeaderBenchmark.replace1xRequest#---6,OSCNN
zalando__logbook#org.zalando.logbook.HeaderBenchmark.replace1xRequest#---8,OSCNN
zalando__logbook#org.zalando.logbook.HeaderBenchmark.replace1xRequest#---9,OSCNN
zalando__logbook#org.zalando.logbook.HeaderBenchmark.replace1xResponse#---0,OSCNN
zalando__logbook#org.zalando.logbook.HeaderBenchmark.replace1xResponse#---1,OSCNN
zalando__logbook#org.zalando.logbook.HeaderBenchmark.replace1xResponse#---2,OSCNN
zalando__logbook#org.zalando.logbook.HeaderBenchmark.replace1xResponse#---3,OSCNN
zalando__logbook#org.zalando.logbook.HeaderBenchmark.replace1xResponse#---4,OSCNN
zalando__logbook#org.zalando.logbook.HeaderBenchmark.replace1xResponse#---5,OSCNN
zalando__logbook#org.zalando.logbook.HeaderBenchmark.replace1xResponse#---6,OSCNN
zalando__logbook#org.zalando.logbook.HeaderBenchmark.replace1xResponse#---9,OSCNN
zalando__logbook#org.zalando.logbook.HeaderBenchmark.replace2xRequest#---0,OSCNN
zalando__logbook#org.zalando.logbook.HeaderBenchmark.replace2xRequest#---1,OSCNN
zalando__logbook#org.zalando.logbook.HeaderBenchmark.replace2xRequest#---2,OSCNN
zalando__logbook#org.zalando.logbook.HeaderBenchmark.replace2xRequest#---4,OSCNN
zalando__logbook#org.zalando.logbook.HeaderBenchmark.replace2xRequest#---5,OSCNN
zalando__logbook#org.zalando.logbook.HeaderBenchmark.replace2xRequest#---6,OSCNN
zalando__logbook#org.zalando.logbook.HeaderBenchmark.replace2xRequest#---7,OSCNN
zalando__logbook#org.zalando.logbook.HeaderBenchmark.replace2xRequest#---8,OSCNN
zalando__logbook#org.zalando.logbook.HeaderBenchmark.replace2xRequest#---9,OSCNN
zalando__logbook#org.zalando.logbook.HeaderBenchmark.replace2xResponse#---0,OSCNN
zalando__logbook#org.zalando.logbook.HeaderBenchmark.replace2xResponse#---1,OSCNN
zalando__logbook#org.zalando.logbook.HeaderBenchmark.replace2xResponse#---2,OSCNN
zalando__logbook#org.zalando.logbook.HeaderBenchmark.replace2xResponse#---3,OSCNN
zalando__logbook#org.zalando.logbook.HeaderBenchmark.replace2xResponse#---4,OSCNN
zalando__logbook#org.zalando.logbook.HeaderBenchmark.replace2xResponse#---5,OSCNN
zalando__logbook#org.zalando.logbook.HeaderBenchmark.replace2xResponse#---6,OSCNN
zalando__logbook#org.zalando.logbook.HeaderBenchmark.replace2xResponse#---7,OSCNN
zalando__logbook#org.zalando.logbook.HeaderBenchmark.replace2xResponse#---8,OSCNN
zalando__logbook#org.zalando.logbook.HeaderBenchmark.replace2xResponse#---9,OSCNN
zalando__logbook#org.zalando.logbook.HeaderBenchmark.replace2xResponseShopify#---0,Rocket
zalando__logbook#org.zalando.logbook.HeaderBenchmark.replace2xResponseShopify#---1,OSCNN
zalando__logbook#org.zalando.logbook.HeaderBenchmark.replace2xResponseShopify#---2,OSCNN
zalando__logbook#org.zalando.logbook.HeaderBenchmark.replace2xResponseShopify#---3,OSCNN
zalando__logbook#org.zalando.logbook.HeaderBenchmark.replace2xResponseShopify#---4,OSCNN
zalando__logbook#org.zalando.logbook.HeaderBenchmark.replace2xResponseShopify#---5,OSCNN
zalando__logbook#org.zalando.logbook.HeaderBenchmark.replace2xResponseShopify#---6,OSCNN
zalando__logbook#org.zalando.logbook.HeaderBenchmark.replace2xResponseShopify#---7,OSCNN
zalando__logbook#org.zalando.logbook.HeaderBenchmark.replace2xResponseShopify#---8,OSCNN
zalando__logbook#org.zalando.logbook.HeaderBenchmark.replace2xResponseShopify#---9,OSCNN
zalando__logbook#org.zalando.logbook.HttpLogFormatterBenchmark.defaultRequest#---0,OSCNN
zalando__logbook#org.zalando.logbook.HttpLogFormatterBenchmark.defaultRequest#---1,OSCNN
zalando__logbook#org.zalando.logbook.HttpLogFormatterBenchmark.defaultRequest#---2,OSCNN
zalando__logbook#org.zalando.logbook.HttpLogFormatterBenchmark.defaultRequest#---3,OSCNN
zalando__logbook#org.zalando.logbook.HttpLogFormatterBenchmark.defaultRequest#---4,OSCNN
zalando__logbook#org.zalando.logbook.HttpLogFormatterBenchmark.defaultRequest#---5,OSCNN
zalando__logbook#org.zalando.logbook.HttpLogFormatterBenchmark.defaultRequest#---6,OSCNN
zalando__logbook#org.zalando.logbook.HttpLogFormatterBenchmark.defaultRequest#---7,OSCNN
zalando__logbook#org.zalando.logbook.HttpLogFormatterBenchmark.defaultRequest#---8,OSCNN
zalando__logbook#org.zalando.logbook.HttpLogFormatterBenchmark.defaultRequest#---9,OSCNN
zalando__logbook#org.zalando.logbook.HttpLogFormatterBenchmark.defaultResponse#---0,OSCNN
zalando__logbook#org.zalando.logbook.HttpLogFormatterBenchmark.defaultResponse#---1,OSCNN
zalando__logbook#org.zalando.logbook.HttpLogFormatterBenchmark.defaultResponse#---2,OSCNN
zalando__logbook#org.zalando.logbook.HttpLogFormatterBenchmark.defaultResponse#---3,OSCNN
zalando__logbook#org.zalando.logbook.HttpLogFormatterBenchmark.defaultResponse#---4,OSCNN
zalando__logbook#org.zalando.logbook.HttpLogFormatterBenchmark.defaultResponse#---5,OSCNN
zalando__logbook#org.zalando.logbook.HttpLogFormatterBenchmark.defaultResponse#---6,OSCNN
zalando__logbook#org.zalando.logbook.HttpLogFormatterBenchmark.defaultResponse#---7,OSCNN
zalando__logbook#org.zalando.logbook.HttpLogFormatterBenchmark.defaultResponse#---8,OSCNN
zalando__logbook#org.zalando.logbook.HttpLogFormatterBenchmark.defaultResponse#---9,OSCNN
zalando__logbook#org.zalando.logbook.HttpLogFormatterBenchmark.fastJsonRequest#---0,OSCNN
zalando__logbook#org.zalando.logbook.HttpLogFormatterBenchmark.fastJsonRequest#---1,OSCNN
zalando__logbook#org.zalando.logbook.HttpLogFormatterBenchmark.fastJsonRequest#---2,OSCNN
zalando__logbook#org.zalando.logbook.HttpLogFormatterBenchmark.fastJsonRequest#---3,OSCNN
zalando__logbook#org.zalando.logbook.HttpLogFormatterBenchmark.fastJsonRequest#---4,OSCNN
zalando__logbook#org.zalando.logbook.HttpLogFormatterBenchmark.fastJsonRequest#---5,OSCNN
zalando__logbook#org.zalando.logbook.HttpLogFormatterBenchmark.fastJsonRequest#---6,OSCNN
zalando__logbook#org.zalando.logbook.HttpLogFormatterBenchmark.fastJsonRequest#---7,OSCNN
zalando__logbook#org.zalando.logbook.HttpLogFormatterBenchmark.fastJsonRequest#---8,OSCNN
zalando__logbook#org.zalando.logbook.HttpLogFormatterBenchmark.fastJsonRequest#---9,OSCNN
zalando__logbook#org.zalando.logbook.HttpLogFormatterBenchmark.fastJsonResponse#---0,OSCNN
zalando__logbook#org.zalando.logbook.HttpLogFormatterBenchmark.fastJsonResponse#---1,OSCNN
zalando__logbook#org.zalando.logbook.HttpLogFormatterBenchmark.fastJsonResponse#---2,OSCNN
zalando__logbook#org.zalando.logbook.HttpLogFormatterBenchmark.fastJsonResponse#---3,OSCNN
zalando__logbook#org.zalando.logbook.HttpLogFormatterBenchmark.fastJsonResponse#---4,OSCNN
zalando__logbook#org.zalando.logbook.HttpLogFormatterBenchmark.fastJsonResponse#---5,OSCNN
zalando__logbook#org.zalando.logbook.HttpLogFormatterBenchmark.fastJsonResponse#---6,OSCNN
zalando__logbook#org.zalando.logbook.HttpLogFormatterBenchmark.fastJsonResponse#---7,OSCNN
zalando__logbook#org.zalando.logbook.HttpLogFormatterBenchmark.fastJsonResponse#---8,OSCNN
zalando__logbook#org.zalando.logbook.HttpLogFormatterBenchmark.fastJsonResponse#---9,OSCNN
zalando__logbook#org.zalando.logbook.HttpLogFormatterBenchmark.jsonRequest#---0,OSCNN
zalando__logbook#org.zalando.logbook.HttpLogFormatterBenchmark.jsonRequest#---1,OSCNN
zalando__logbook#org.zalando.logbook.HttpLogFormatterBenchmark.jsonRequest#---2,OSCNN
zalando__logbook#org.zalando.logbook.HttpLogFormatterBenchmark.jsonRequest#---3,OSCNN
zalando__logbook#org.zalando.logbook.HttpLogFormatterBenchmark.jsonRequest#---4,OSCNN
zalando__logbook#org.zalando.logbook.HttpLogFormatterBenchmark.jsonRequest#---5,OSCNN
zalando__logbook#org.zalando.logbook.HttpLogFormatterBenchmark.jsonRequest#---6,OSCNN
zalando__logbook#org.zalando.logbook.HttpLogFormatterBenchmark.jsonRequest#---7,OSCNN
zalando__logbook#org.zalando.logbook.HttpLogFormatterBenchmark.jsonRequest#---8,OSCNN
zalando__logbook#org.zalando.logbook.HttpLogFormatterBenchmark.jsonRequest#---9,OSCNN
zalando__logbook#org.zalando.logbook.HttpLogFormatterBenchmark.jsonResponse#---0,OSCNN
zalando__logbook#org.zalando.logbook.HttpLogFormatterBenchmark.jsonResponse#---1,OSCNN
zalando__logbook#org.zalando.logbook.HttpLogFormatterBenchmark.jsonResponse#---2,OSCNN
zalando__logbook#org.zalando.logbook.HttpLogFormatterBenchmark.jsonResponse#---3,OSCNN
zalando__logbook#org.zalando.logbook.HttpLogFormatterBenchmark.jsonResponse#---4,OSCNN
zalando__logbook#org.zalando.logbook.HttpLogFormatterBenchmark.jsonResponse#---5,OSCNN
zalando__logbook#org.zalando.logbook.HttpLogFormatterBenchmark.jsonResponse#---6,OSCNN
zalando__logbook#org.zalando.logbook.HttpLogFormatterBenchmark.jsonResponse#---7,OSCNN
zalando__logbook#org.zalando.logbook.HttpLogFormatterBenchmark.jsonResponse#---8,OSCNN
zalando__logbook#org.zalando.logbook.HttpLogFormatterBenchmark.jsonResponse#---9,OSCNN
zalando__logbook#org.zalando.logbook.LogbookBenchmark.json#---0,OSCNN
zalando__logbook#org.zalando.logbook.LogbookBenchmark.json#---1,OSCNN
zalando__logbook#org.zalando.logbook.LogbookBenchmark.json#---2,OSCNN
zalando__logbook#org.zalando.logbook.LogbookBenchmark.json#---3,OSCNN
zalando__logbook#org.zalando.logbook.LogbookBenchmark.json#---4,OSCNN
zalando__logbook#org.zalando.logbook.LogbookBenchmark.json#---5,OSCNN
zalando__logbook#org.zalando.logbook.LogbookBenchmark.json#---6,OSCNN
zalando__logbook#org.zalando.logbook.LogbookBenchmark.json#---7,OSCNN
zalando__logbook#org.zalando.logbook.LogbookBenchmark.json#---8,OSCNN
zalando__logbook#org.zalando.logbook.LogbookBenchmark.json#---9,OSCNN
zalando__logbook#org.zalando.logbook.LogbookBenchmark.noop#---2,OSCNN
zalando__logbook#org.zalando.logbook.LogbookBenchmark.noop#---4,OSCNN
zalando__logbook#org.zalando.logbook.LogbookBenchmark.noop#---5,Rocket
zalando__logbook#org.zalando.logbook.LogbookBenchmark.noop#---6,OSCNN
zalando__logbook#org.zalando.logbook.LogbookBenchmark.noop#---7,OSCNN
zalando__logbook#org.zalando.logbook.LogbookBenchmark.noop#---9,Rocket
zalando__logbook#org.zalando.logbook.LogbookBenchmark.plain#---0,OSCNN
zalando__logbook#org.zalando.logbook.LogbookBenchmark.plain#---1,OSCNN
zalando__logbook#org.zalando.logbook.LogbookBenchmark.plain#---2,OSCNN
zalando__logbook#org.zalando.logbook.LogbookBenchmark.plain#---3,OSCNN
zalando__logbook#org.zalando.logbook.LogbookBenchmark.plain#---4,OSCNN
zalando__logbook#org.zalando.logbook.LogbookBenchmark.plain#---6,OSCNN
zalando__logbook#org.zalando.logbook.LogbookBenchmark.plain#---7,OSCNN
zalando__logbook#org.zalando.logbook.LogbookBenchmark.plain#---8,OSCNN
zalando__logbook#org.zalando.logbook.LogbookBenchmark.plain#---9,OSCNN
zalando__logbook#org.zalando.logbook.json.JsonMediaTypeBenchmark.contentType1#---0,Rocket
zalando__logbook#org.zalando.logbook.json.JsonMediaTypeBenchmark.contentType1#---1,Rocket
zalando__logbook#org.zalando.logbook.json.JsonMediaTypeBenchmark.contentType1#---2,Rocket
zalando__logbook#org.zalando.logbook.json.JsonMediaTypeBenchmark.contentType1#---3,Rocket
zalando__logbook#org.zalando.logbook.json.JsonMediaTypeBenchmark.contentType1#---4,Rocket
zalando__logbook#org.zalando.logbook.json.JsonMediaTypeBenchmark.contentType1#---5,Rocket
zalando__logbook#org.zalando.logbook.json.JsonMediaTypeBenchmark.contentType1#---6,Rocket
zalando__logbook#org.zalando.logbook.json.JsonMediaTypeBenchmark.contentType1#---7,Rocket
zalando__logbook#org.zalando.logbook.json.JsonMediaTypeBenchmark.contentType1#---8,Rocket
zalando__logbook#org.zalando.logbook.json.JsonMediaTypeBenchmark.contentType1#---9,Rocket
zalando__logbook#org.zalando.logbook.json.JsonMediaTypeBenchmark.contentType2#---0,Rocket
zalando__logbook#org.zalando.logbook.json.JsonMediaTypeBenchmark.contentType2#---1,Rocket
zalando__logbook#org.zalando.logbook.json.JsonMediaTypeBenchmark.contentType2#---2,Rocket
zalando__logbook#org.zalando.logbook.json.JsonMediaTypeBenchmark.contentType2#---3,Rocket
zalando__logbook#org.zalando.logbook.json.JsonMediaTypeBenchmark.contentType2#---4,Rocket
zalando__logbook#org.zalando.logbook.json.JsonMediaTypeBenchmark.contentType2#---5,Rocket
zalando__logbook#org.zalando.logbook.json.JsonMediaTypeBenchmark.contentType2#---6,Rocket
zalando__logbook#org.zalando.logbook.json.JsonMediaTypeBenchmark.contentType2#---7,Rocket
zalando__logbook#org.zalando.logbook.json.JsonMediaTypeBenchmark.contentType2#---8,Rocket
zalando__logbook#org.zalando.logbook.json.JsonMediaTypeBenchmark.contentType2#---9,Rocket
zalando__logbook#org.zalando.logbook.json.JsonMediaTypeBenchmark.contentType3#---0,Rocket
zalando__logbook#org.zalando.logbook.json.JsonMediaTypeBenchmark.contentType3#---1,Rocket
zalando__logbook#org.zalando.logbook.json.JsonMediaTypeBenchmark.contentType3#---2,Rocket
zalando__logbook#org.zalando.logbook.json.JsonMediaTypeBenchmark.contentType3#---4,Rocket
zalando__logbook#org.zalando.logbook.json.JsonMediaTypeBenchmark.contentType3#---5,Rocket
zalando__logbook#org.zalando.logbook.json.JsonMediaTypeBenchmark.contentType3#---7,Rocket
zalando__logbook#org.zalando.logbook.json.JsonMediaTypeBenchmark.contentType3#---8,Rocket
zalando__logbook#org.zalando.logbook.json.JsonMediaTypeBenchmark.contentType3#---9,Rocket
zalando__logbook#org.zalando.logbook.json.JsonMediaTypeBenchmark.contentType4#---0,Rocket
zalando__logbook#org.zalando.logbook.json.JsonMediaTypeBenchmark.contentType4#---1,Rocket
zalando__logbook#org.zalando.logbook.json.JsonMediaTypeBenchmark.contentType4#---2,Rocket
zalando__logbook#org.zalando.logbook.json.JsonMediaTypeBenchmark.contentType4#---3,Rocket
zalando__logbook#org.zalando.logbook.json.JsonMediaTypeBenchmark.contentType4#---4,Rocket
zalando__logbook#org.zalando.logbook.json.JsonMediaTypeBenchmark.contentType4#---5,Rocket
zalando__logbook#org.zalando.logbook.json.JsonMediaTypeBenchmark.contentType4#---6,Rocket
zalando__logbook#org.zalando.logbook.json.JsonMediaTypeBenchmark.contentType4#---7,Rocket
zalando__logbook#org.zalando.logbook.json.JsonMediaTypeBenchmark.contentType4#---8,Rocket
